repeat,fold,inchikey,Molecule_Name,plain,ecfp4_narrow__rf,ecfp4_narrow__xgboost,ecfp4_narrow__lightgbm,mordred_pca__rf,mordred_pca__xgboost,mordred_pca__lightgbm,single,aid,deadzone,mae_only,y_true,conf_low,conf_high
0,0,ACOCBYLGXYWEIH-UHFFFAOYSA-N,OCNT-2310884,5.138117,4.65180677615,4.4688196,4.019184635373939,4.611590217050002,4.5835233,4.855326198778488,5.178653,3.7835937,5.5022397,5.729569,5.150444082,5.003286,5.27019775
0,0,ADCLRPXGARJRNH-UHFFFAOYSA-N,OCNT-2308460,5.335426,5.585264484600002,5.580469,5.073051203430876,5.4475241379199995,5.5903797,5.473974736903345,5.410999,5.077558,5.327612,5.5289335,5.041184842,4.7316005,5.31157325
0,0,AECHNCUKRVJPMR-UHFFFAOYSA-N,OCNT-2317954,6.789433,5.405363015899999,5.2363153,5.348911960337121,5.665559653750003,6.4310613,6.044576287899852,5.878619,6.881717,6.191724,6.261206,7.359232032,7.2673395,7.45216075
0,0,AHQNKQQOLTVRAI-UHFFFAOYSA-N,OCNT-2315133,4.601865,5.26010097575,5.41751,5.687400211318425,4.706368544910001,4.3556323,4.533309862019668,4.688186,3.5623984,4.655326,4.6608186,4.210613742,3.7704455,5.0201005
0,0,AKKOBRZLXBWVCY-UHFFFAOYSA-N,OCNT-2310962,4.94346,5.643377986859997,5.56275,5.435688419805905,5.46266872484,5.3230314,5.367322596887928,5.4917607,5.30501,4.9671326,5.334706,5.41027239,5.30851825,5.502325
0,0,AQDKRQSEIDTHDQ-UHFFFAOYSA-N,OCNT-2314436,3.609676,4.238261145299999,4.4461813,4.085469661377288,3.79776185212,3.722123,3.420374249326825,3.3456664,3.304658,3.75799,4.1935997,2.05886211,1.05881075,3.4272975
0,0,AQJAPFHFJNHFNT-UHFFFAOYSA-N,OCNT-2317118,3.810161,4.793609277860001,4.5104203,4.581895357837372,4.525041291150001,4.222599,4.310602176587604,3.9151192,3.0781133,4.006212,4.3967743,2.600185648,1.1012245,3.7259755
0,0,ARBBCNULKSAECM-UHFFFAOYSA-N,OCNT-2316738,5.761973,5.356942626859999,5.1644096,5.696402591513239,5.328005900939997,5.4908643,5.462706558107674,5.1457148,5.8250117,5.100827,5.441822,6.006747835,5.9155935,6.09851
0,0,AREAGOCNFVOBCP-UHFFFAOYSA-N,OCNT-2315816,3.8109493,3.94178138411,4.2852745,3.9460219359076056,4.133686271740001,3.3727877,3.6159972807791982,4.1027184,3.6517787,3.9367726,3.961627,2.06571136,1.0544365,3.20357925
0,0,ATVIQSIFQPGBBE-UHFFFAOYSA-N,OCNT-2316803,6.1219854,5.2731679913899985,5.5365024,5.473145765312182,5.14911864155,4.2138033,5.979629789042144,5.7267632,5.7937813,5.560388,5.838578,5.81043134,5.72334225,5.8984905
0,0,AUZSUYFMOUDHNG-UHFFFAOYSA-N,OCNT-2317767,4.5152597,4.688770087970002,4.610619,4.103521295853004,4.293938147190002,4.233646,4.555386128413209,4.6128893,4.0120664,4.666732,4.9939966,1.936751075,1.0396015,3.1366835
0,0,AXFCZZNOYLQGPP-UHFFFAOYSA-N,OCNT-2315241,5.4471245,5.647340869950001,5.6876216,5.891720746706135,5.352756191619999,5.3733377,5.750888883643517,5.6015716,4.9281683,5.330024,5.7808867,5.493386043,5.3573105,5.6271215
0,0,AYMXSLBJADKSFF-UHFFFAOYSA-N,OCNT-2313023,5.157413,4.860055600239999,5.115216,4.71873654742576,4.592001705620002,4.3086343,4.639655775634733,5.04646,5.566591,4.9526453,5.1666365,5.52585036,5.4417075,5.60060475
0,0,BAJQRLZAPXASRD-UHFFFAOYSA-N,OCNT-2328838,6.399967,5.338916022109998,5.385857,5.3705154523208245,5.367545922409999,6.0995145,5.793732377675659,5.8948674,5.597615,6.116873,5.9964085,5.082651027,4.936574,5.215751
0,0,BFEUJJDBPNVUAZ-UHFFFAOYSA-N,OCNT-2314405,5.1064982,5.030636246729999,5.2157006,4.9543319502154555,5.12235811655,5.307189,5.058003818674066,5.082565,5.7259154,4.989552,5.052928,5.130239262,4.99718375,5.24674675
0,0,BFNGDQTXXVPZKU-UHFFFAOYSA-N,OCNT-2308908,4.7086368,4.9012569184900014,4.875049,4.91615691522176,4.966929169060002,5.3223557,4.689822286271605,5.1993675,4.5438976,4.937007,4.891849,4.97390783,4.79596925,5.1146645
0,0,BHUFDPNGRHXYJZ-UHFFFAOYSA-N,OCNT-2313032,5.7721376,5.40648820678,5.3694544,5.518726222294565,5.44911146084,6.0502524,5.863893719616427,5.8157673,5.7746754,5.6970754,5.881417,5.241748822,5.08682775,5.37551725
0,0,BIPBPUWYTFKMHW-UHFFFAOYSA-N,OCNT-2310411,3.7339482,4.803187250959999,4.648687,4.467053753265591,4.85648243799,4.972183,4.494777670761915,4.6717057,3.8987627,4.1153946,4.623213,3.003373938,1.23378575,3.90548575
0,0,BIYSBPUAKVDGAZ-UHFFFAOYSA-N,OCNT-2313365,4.73946,5.203235036059998,5.206791,5.7060758450422,5.289764185910001,5.0548553,4.830518931695646,5.1507854,5.038096,4.8939962,5.095378,5.89035038,5.8024675,5.975782
0,0,BLBRBSCHFXIGIW-UHFFFAOYSA-N,OCNT-2312771,4.0899715,4.474303445330003,4.0201263,4.135236946170924,4.606834229619998,4.4402347,4.433063635506359,3.8802001,4.086913,4.5817304,4.4657736,3.819372165,3.06608075,4.183648
0,0,BNVYMBNZHADONN-UHFFFAOYSA-N,OCNT-2308632,5.424408,5.294023665769999,4.9105854,5.118802754268788,4.99985822449,5.8627257,5.400032616848252,5.6620216,5.931309,5.5219483,5.6824074,4.876318503,4.69238525,5.05044675
0,0,BNYASPDIDIDBIM-UHFFFAOYSA-N,OCNT-2312044,6.14662,4.992337028830001,5.2727036,5.137050156362328,4.966857800930001,5.0835824,5.3008392146943315,5.2761807,5.4197025,5.311649,5.9282365,5.6930762,5.52077,5.8079105
0,0,BOKFPFKRMCNNQS-UHFFFAOYSA-N,OCNT-2316543,5.3092995,5.453708418300002,5.1885815,5.199196106627954,4.918142822199999,4.8601947,5.145871498924213,5.4391427,5.2700186,5.347302,5.267994,6.178681818,6.08273675,6.28196975
0,0,BRWOHQLXDDQIIN-UHFFFAOYSA-N,OCNT-2309265,4.217383,5.08225639785,4.360305,4.528106655726903,4.97993540515,4.137968,4.897468049928343,4.1143255,4.132199,4.4471974,4.9023914,4.013291025,3.57920475,4.5866455
0,0,BSRYNWRABISVBH-UHFFFAOYSA-N,OCNT-2318328,5.9105325,5.315547801689999,5.4910207,5.614015408299951,5.104857753170002,5.069917,4.978280852035821,5.74368,5.2015367,5.590543,5.5701194,5.527722373,5.37459075,5.6647435
0,0,BTFMCMVEUCGQDX-UHFFFAOYSA-N,OCNT-0022269,4.9650474,4.651546548280001,4.3370504,4.670700981612614,4.364311825189998,4.5172815,4.382952775797245,4.520718,4.7063656,5.086536,4.8759036,4.861767925,4.7202285,4.974073
0,0,BTIVUGONCMEKNX-UHFFFAOYSA-N,OCNT-2312592,4.789842,4.7725865381,5.330622,4.827149030570401,5.07617785914,5.128848,5.25074899572831,5.356874,4.9624896,4.9404683,5.3164444,4.889644845,4.72966725,5.04798325
0,0,BVZPBARCGQEFOO-UHFFFAOYSA-N,OCNT-2315174,4.627711,4.897558748210002,5.0098867,4.811526059583165,5.124885539310001,5.9528375,5.056800644526815,4.9227576,5.1766505,5.0354047,5.052231,4.517059267,4.31614375,4.8114245
0,0,CBEFARRBDATNTE-UHFFFAOYSA-N,OCNT-2311794,5.0313263,5.10830409107,5.277481,4.875424771769929,5.41681277855,5.087148,5.255121467526355,5.4810324,4.5743055,5.049588,5.2669234,3.733763167,3.15424075,4.1995055
0,0,CCWKWZDOARHVPW-UHFFFAOYSA-N,OCNT-2316365,3.8574004,4.45571544733,4.1571274,3.742389389192068,4.251309127099998,4.824486,4.208778704387349,4.0185885,3.754736,4.2182827,4.422057,2.395762792,1.09340625,3.6935025
0,0,CDADLVPZLCSKOB-UHFFFAOYSA-N,OCNT-2313037,5.783799,5.636454669090001,5.5085297,5.537301912602753,5.046334382,5.3388586,5.061230475937703,5.6245804,5.9300585,5.5182743,5.574059,5.38997086,5.25729875,5.49774325
0,0,CFUFBCRJXAPUJE-UHFFFAOYSA-N,OCNT-2308965,3.7313046,3.843139040069998,3.1696043,3.7597197306416064,4.34951994403,3.7346482,3.943653309154605,4.0147123,2.330954,3.8326235,4.2308064,2.21598687,1.06602575,3.25181425
0,0,CMRWALMKNZNEAF-UGSOOPFHSA-N,OCNT-2313985,5.106063,3.96548453319,3.817544,3.768446284468765,4.605373316560001,4.1163297,4.4126833821916005,4.5308666,4.789828,4.862104,5.201164,5.394589782,5.271187,5.516782
0,0,CMVAFCQFUBGPOW-UHFFFAOYSA-N,OCNT-2313486,6.4111443,5.395095762550003,5.6592093,5.805770588148277,5.266451650890002,5.007368,5.714637237230176,5.7638927,6.4693556,5.760119,5.990336,6.643057535,6.5693575,6.7164735
0,0,COGRYNSHDIJCGF-UHFFFAOYSA-N,OCNT-2315870,3.6491776,5.07954895582,4.9718013,4.687397121577838,4.598849405079999,4.9080887,4.441244077955919,4.319528,2.229931,3.8652387,4.128191,2.2748737,1.07044875,3.61916175
0,0,COKSCQRRUSAFAO-VIFPVBQESA-N,OCNT-2312364,6.1801567,5.398584558120002,5.2339616,5.53352682369213,4.96889805802,5.152054,5.313211186680058,6.12426,5.915258,5.8648434,5.825398,5.226715253,5.00902775,5.4339655
0,0,CONRZOMJFHPQDZ-UHFFFAOYSA-N,OCNT-2308597,5.526838,4.715993943089998,5.01252,4.8381515988500885,5.075274581860001,5.2256794,5.402830823378309,5.6268873,6.132809,5.8118205,5.886737,5.081854505,4.94446475,5.2122125
0,0,CPCWNLRNPXRRHG-UHFFFAOYSA-N,OCNT-2309866,6.0371165,5.251793944050002,4.812782,5.250972924799748,5.165190374140001,5.208803,5.202102033794429,5.2351494,5.7333083,5.718478,5.584827,5.370652495,5.2435685,5.4751915
0,0,CPQMCVQRXMBQOJ-KOMQPUFPSA-N,OCNT-2314532,5.2200165,5.11375378346,5.4251556,5.601892734324394,4.99691442284,5.2029595,5.137006849357785,5.0917335,4.9247203,5.3565044,5.309968,4.816643603,4.562479,5.14505475
0,0,CTSCRLQWGPGKHZ-UHFFFAOYSA-N,OCNT-2310764,4.083927,4.444824239960001,4.7009363,4.471640490697389,4.884506406220002,5.329975,4.724424538106031,3.859981,4.0713754,4.1343536,4.435875,4.384629138,4.14472225,4.6996215
0,0,DAOAPMJKVUJXID-UHFFFAOYSA-N,OCNT-2311133,4.5965343,5.0110945001200005,5.4551196,4.984917325768747,4.984666359499999,5.646614,5.169483730524462,4.8841944,5.6601305,5.1674466,5.0970144,5.152543565,5.00986925,5.266401
0,0,DFMJHQYUJLHBAJ-UHFFFAOYSA-N,OCNT-2313361,4.5094347,5.067032737770001,4.8550143,4.7228513342743845,4.79000028045,4.304444,5.262424340606798,5.3331013,4.751351,4.9752755,5.146665,5.117560838,4.9422965,5.294745
0,0,DHIYDXIHBDUGDX-UHFFFAOYSA-N,OCNT-2317998,4.7511616,4.8584802093800015,4.3399515,4.68928207294386,5.3816881515600015,5.176433,4.963318527702812,4.945007,5.064448,5.035569,5.0692763,4.997961265,4.813762,5.191783
0,0,DHKHRLZTFOSRLN-UHFFFAOYSA-N,OCNT-2317612,5.3269305,4.778912443539999,4.875124,4.387158911788207,4.990274619029999,5.232924,4.76229027630027,5.224103,5.267137,5.321153,5.2382083,5.272180182,5.165747,5.36806525
0,0,DJMHLIDBQJJDOT-UHFFFAOYSA-N,OCNT-2315338,4.4080944,4.66300827347,4.3693385,4.8520696659841,4.811732469950001,5.0329323,4.3810134701922,4.721557,3.976821,4.7801657,5.045353,5.521184462,5.39888275,5.62892325
0,0,DKRSDRSGLBAHTR-UHFFFAOYSA-N,OCNT-2310345,4.8508606,4.79813698844,4.3867464,4.074706962823337,4.095137052639999,3.4489834,3.828937888375739,4.5857344,4.605857,4.7517858,4.939945,5.482208025,5.36107325,5.5865335
0,0,DLBNHSJMOTWUAU-UHFFFAOYSA-N,OCNT-2316358,3.1693025,4.98393758859,4.4819303,4.858712545797505,4.620258971619999,5.2239146,4.37775718850848,4.004327,3.876626,4.2526364,4.1966615,2.032000437,1.06243825,3.16765875
0,0,DOAQIMHBTYEUKO-UHFFFAOYSA-N,OCNT-2317504,3.4729555,4.348544521210001,3.823291,3.6764524859798584,4.28931622763,3.7126527,3.799472325101165,3.180684,3.2638695,3.7452433,4.0071063,2.827367675,1.127795,3.9357825
0,0,DSVJMDQCVNLLFH-UHFFFAOYSA-N,OCNT-2311252,4.703066,4.664032221909999,5.0746756,4.722353648760283,4.502401028609998,4.321718,4.454486362802672,4.3833933,4.2152324,4.5589156,5.0421867,3.750006455,3.19708175,4.1737995
0,0,DTKNSZIBMSDKHW-UHFFFAOYSA-N,OCNT-2310606,5.6673455,5.24255995792,5.290888,5.267394956325306,5.359584012570001,5.0776224,5.066529072374575,5.3684263,5.925698,5.418681,5.4513006,5.64305967,5.54416925,5.73885225
0,0,DVMAGBMCBPEMHG-UHFFFAOYSA-N,OCNT-2308468,4.756239,5.167077847470001,5.258909,5.171083454963341,4.775906920049999,4.0506353,4.690051008143595,5.0242186,4.6280413,4.479454,4.9707932,3.43026558,2.380159,4.0198215
0,0,DYSLBUOTINOYOC-UHFFFAOYSA-N,OCNT-2310317,4.4210844,4.8842106366600015,4.695705,4.369231703059519,4.71982449159,4.8567386,4.670325917117781,4.776261,5.871038,4.797452,5.0543838,4.376919622,4.1824875,4.69673375
0,0,DZLQAAUQKDGKMH-UHFFFAOYSA-N,OCNT-2312211,5.766139,5.423146386940002,5.508127,5.827432551340804,4.996559239130002,5.182538,5.068242894294913,6.1815515,6.1502156,5.793036,5.982014,4.52243452,4.2937795,4.85642075
0,0,DZNPQDPYYZENCJ-UHFFFAOYSA-N,OCNT-2309901,5.7820835,5.404256449520003,5.3929524,5.303552357934681,5.413233955260001,4.7448316,4.964699662327213,5.4636836,5.88349,5.374121,5.4880013,5.512484602,5.404119,5.610254
0,0,FBOYAGBRKKNXKS-UHFFFAOYSA-N,OCNT-2316388,5.9389186,5.34557234915,5.3788767,5.426918510022118,4.713879637979999,5.4281545,5.257666177055642,5.242093,6.0399866,5.268556,5.6089034,5.12796983,4.9788085,5.2632125
0,0,FBOZXECLQNJBKD-ZDUSSCGKSA-N,OCNT-0200796,3.1103506,4.384713856620001,3.2881615,4.148650703587176,4.1367701205300005,3.5779338,3.8835831218664625,4.4634624,2.1805053,3.6937532,3.8940938,2.132871568,1.05391675,3.24998725
0,0,FCCLPWSWOKEMKO-UHFFFAOYSA-N,OCNT-2310507,2.8665328,4.347642194390003,3.2442875,3.457027658207791,4.375272577340002,3.9456716,3.999761263518671,3.8203535,2.7379425,3.6080775,3.8990464,3.86336045,3.404823,4.3261725
0,0,FDSRNEIFNNTKBW-UHFFFAOYSA-N,OCNT-2311159,4.6825185,3.9141473151600015,2.8741825,3.7632491049156824,4.478959392259998,4.1672745,4.507957237667368,4.6650834,4.779919,4.477669,5.159917,3.81494932,3.312918,4.40294325
0,0,FEGBIJFBCXKVFZ-LSDHHAIUSA-N,OCNT-2309038,4.2501264,4.485671992700001,4.776479,3.989532128532396,4.65023746296,4.324429,4.722009556892835,4.3383226,3.0545278,4.202433,4.902269,3.131129773,1.271777,4.0219715
0,0,FEROKVSYPLWBAJ-UHFFFAOYSA-N,OCNT-2315153,3.8898036,4.289101235540001,4.495718,4.015040248378655,4.414137802130001,4.1153455,4.124051013987718,3.5757856,3.269661,3.566113,4.3168716,2.744313135,1.11959125,3.8746855
0,0,FGDFAEAOTKYXNH-UHFFFAOYSA-N,OCNT-2309758,5.5715313,5.025030217430002,5.442258,5.22747456364063,5.361036180250002,5.0637646,5.1604641825894175,5.394968,5.633617,5.423955,5.4452662,5.412610013,5.3261795,5.50155
0,0,FGUQAYRHKXYOTM-UHFFFAOYSA-N,OCNT-2309846,6.018843,5.7171834953900005,5.878296,5.547657525667586,4.829663662350001,4.1934986,4.5714692818037435,5.117996,5.729139,5.483088,5.4886036,5.503999183,5.36935925,5.62534125
0,0,FHXLUKSIGDILGD-UHFFFAOYSA-N,OCNT-2317986,4.541318,4.816708165800003,5.1876936,5.108632439074084,4.56066321311,3.7830665,4.492709926403738,4.6207824,4.457076,4.673581,4.723433,5.04027082,4.83988575,5.2431435
0,0,FHXQJRRZXMUVDC-UHFFFAOYSA-N,OCNT-2312174,4.226259,5.444217500890001,6.0108204,5.443211063071171,5.16520785962,5.355929,5.06203252117904,5.2016354,5.299102,4.928773,5.1728916,5.44967587,5.299003,5.57764075
0,0,FINXLSLQWDTUQT-AYWPPYMVSA-N,OCNT-2315819,4.8264203,5.226460528209999,5.0663104,5.227049384086013,4.59969291216,4.3137503,4.313652010045578,4.858269,3.7477672,4.926095,5.0703735,3.366381088,1.542117,4.1223525
0,0,FJUHYDGFHVCIQR-UHFFFAOYSA-N,OCNT-2308588,4.847484,4.858408621890002,4.9657984,4.255143699616934,4.856869258689998,5.225129,5.025659645409536,4.617256,4.7119937,4.943743,5.091853,5.273967155,5.13678425,5.38810225
0,0,FKCMJHRAXBGEFJ-UHFFFAOYSA-N,OCNT-2315753,5.451542,4.99176408085,4.6898127,5.238207436018663,5.53126092412,5.8887424,5.361645151284991,5.8598013,5.3714895,5.5428963,5.4434013,5.060590572,4.88719925,5.22859
0,0,FMIDPHAHVCLBIS-UHFFFAOYSA-N,OCNT-2311689,4.1448126,5.324067955270001,4.609425,4.556642452099492,4.721168961959999,4.8118873,4.769516038488118,5.2262464,4.867269,4.8514867,4.929766,5.401922305,5.28722925,5.503352
0,0,FPCIRTBEAUCPDP-UHFFFAOYSA-N,OCNT-2316872,5.208696,4.918749072930002,5.1946373,4.746428892849653,4.566489853890002,4.0988946,4.172921648082573,5.4386644,4.93703,5.323138,5.363897,5.656823848,5.55527375,5.758472
0,0,FPZDMQCYMFEBKJ-UHFFFAOYSA-N,OCNT-2312659,4.6354527,4.814218947490001,4.423922,5.2353353287936635,4.542932216600002,4.650609,4.959039259686464,4.8097525,4.961181,4.7945843,5.107743,5.015109437,4.87268575,5.11733125
0,0,FQNJZDBFAVDMES-UHFFFAOYSA-N,OCNT-2311807,4.9855175,5.170952650810001,5.3315845,5.004161382998232,4.644484979810001,5.3152566,5.101950670043247,5.2562203,5.052255,4.9464684,5.3780813,4.988526887,4.8141275,5.150638
0,0,FQQWSTJGVMFWSP-UHFFFAOYSA-N,OCNT-2311187,4.634439,5.1672141395699995,5.206811,5.014527006761052,4.562481435879999,4.678326,4.568171469275385,4.8662515,4.9367437,5.059235,4.998904,5.221296835,5.1173885,5.31361075
0,0,FRCQMDKKZZBGTP-UHFFFAOYSA-N,OCNT-2313645,5.9034805,5.040370903720002,5.2852316,5.412871720431295,5.280772352370002,4.8988476,5.189567362600803,5.8682156,5.308779,5.838004,5.991143,5.202375707,5.0006185,5.354382
0,0,FTALBRSUTCGOEG-UHFFFAOYSA-N,OCNT-0493842,6.1496515,5.475828027769999,5.0442047,5.532386935467885,4.585581256899999,4.5152297,5.280424640412815,6.8741813,6.7576976,5.9100842,6.085739,5.50240846,5.3835175,5.60970175
0,0,FVRLQWKIQOWWAO-UHFFFAOYSA-N,OCNT-2308520,5.783762,4.87053424158,4.703067,4.49892486810709,5.022282105140002,5.1631637,5.495347056756227,5.446165,5.9641585,5.589429,5.6050835,5.379134973,5.24217775,5.50013725
0,0,FVWJNTSKIAGKNF-UHFFFAOYSA-N,OCNT-2311453,5.771291,5.4515317668300005,5.2699842,5.383566460157587,5.221814704330003,4.8925805,5.227441335482993,5.719614,5.6317787,5.6832705,5.6190543,5.628743607,5.514906,5.7347625
0,0,FXXYHKSHHGBPFH-UHFFFAOYSA-N,OCNT-2308758,4.212482,5.289250388229999,5.3248963,5.0251326928843305,5.08637091311,5.5720677,5.0398099924885535,5.34445,3.3684916,4.746875,4.8228617,3.942125723,3.5131115,4.55593225
0,0,GCVLLZZKLLGWGD-UHFFFAOYSA-N,OCNT-2311905,4.8886642,5.04390264496,4.960164,4.883021385125848,5.3403927644700016,5.420827,5.624503453268877,5.4228168,4.4896197,5.161669,5.3018,4.631471355,4.362856,5.0099295
0,0,GDKZUNMFXBASGH-UHFFFAOYSA-N,OCNT-2313625,5.9386725,5.76098960477,5.4419513,5.594269275530512,5.410148475920003,5.2756133,5.343421899624224,5.869335,6.1166077,5.709916,5.833677,6.236445705,6.145029,6.33056575
0,0,GENBLLCBSGBWSV-UHFFFAOYSA-N,OCNT-2308860,6.4709277,5.660787801809997,5.9087443,5.863496571346519,4.953261088609997,4.7463517,4.810719579553944,5.951152,5.837716,5.9253473,6.150404,6.142259447,6.04347,6.2389275
0,0,GKYGLOCHFIRIIR-UHFFFAOYSA-N,OCNT-2314683,5.8214936,5.12144800312,4.8050556,5.2209061906969145,5.111452866639999,5.5588436,5.022333007111685,5.663994,6.1923084,5.486531,5.559423,2.710978327,1.1105235,3.82217125
0,0,GLIOUSSCBWBALJ-UHFFFAOYSA-N,OCNT-2318307,5.2251506,5.117063707139999,5.3271613,5.177022485886654,4.87380255747,5.166918,5.126663603266171,5.195817,4.8822384,5.386611,5.2635207,5.411674442,5.3010895,5.5139265
0,0,GMOUZYGFMNTHBO-RDTXWAMCSA-N,OCNT-2308506,4.2472115,4.961425466559999,4.5054293,4.397458875831547,5.468824674919997,5.086361,5.134654064621357,4.498075,5.726186,4.6906185,4.787118,4.867253745,4.700189,5.04335925
0,0,GOWUOEBKQKBVMB-UHFFFAOYSA-N,OCNT-2313538,5.069563,4.47938878897,4.495859,4.215253930208921,5.235984356890002,5.367662,4.895035546707973,5.3605356,5.0229626,4.9439287,5.2649713,3.861599535,3.378173,4.35755375
0,0,GPQIHVFVASWNLH-UHFFFAOYSA-N,OCNT-2309025,5.680876,4.824585868569998,4.640197,5.145123954052367,5.1997652902,4.701403,5.49890461206544,5.410517,4.618124,5.190465,5.668199,3.70103229,3.1622285,4.26212975
0,0,GPZVJCWQYLPCKC-UHFFFAOYSA-N,OCNT-2314617,5.7462516,5.136790627870003,5.400615,5.237898393238265,4.95299997349,5.0501003,4.831441519717723,5.49314,5.773471,5.5498843,5.4485135,4.850214027,4.71537925,5.011748
0,0,GRIDBZHPCALFNO-UHFFFAOYSA-N,OCNT-2317361,4.938599,5.123838782800004,4.8322444,5.285724621642525,4.689031153549998,4.5819693,4.494997402134725,4.461861,4.5097003,5.0583034,5.301074,4.905113985,4.7878715,5.01834525
0,0,GTHFTMXIWHJARY-UHFFFAOYSA-N,OCNT-2314859,5.5849767,5.00612459406,4.859247,4.603470570343171,4.94262558979,5.19247,5.0591940569693135,5.7689533,5.552099,5.602151,5.789547,2.042327302,1.04752525,3.415111
0,0,HCCPDJMGEYCQRE-UHFFFAOYSA-N,OCNT-2308475,6.010664,5.378171425439999,5.4112673,5.49011314653734,5.576357799880001,5.3374596,5.929545499464478,5.574612,5.8463526,5.5857277,5.93134,4.999731902,4.784698,5.233084
0,0,HCLGXJOBTJHKMI-UHFFFAOYSA-N,OCNT-2314323,3.8997836,4.854886582460001,3.980627,4.627560585782085,4.420271067140002,3.9802654,4.714675673126796,4.6208177,4.6917496,4.4975486,4.9573183,2.010933592,1.051175,3.357493
0,0,HDZXPBGQDAEJGU-UHFFFAOYSA-N,OCNT-2314750,3.6197648,4.524670385760001,4.537371,4.202614606133645,4.2679736213599995,4.323949,4.697335434656517,3.4219894,3.2383637,3.6631527,4.1358414,5.44580044,5.30441575,5.569411
0,0,HENYWYASSIFTSN-UHFFFAOYSA-N,OCNT-2311473,5.3936877,5.30192081346,5.0537243,4.665051118235078,5.314138291669999,5.2754455,5.396306430926386,5.3288636,5.006984,5.1727633,5.5863132,6.00149444,5.909379,6.09464425
0,0,HJSAULCESFXRQL-UHFFFAOYSA-N,OCNT-2315277,5.292147,4.980494810560001,4.790977,4.591521056026946,5.213380131499999,5.1641493,5.172654567372602,5.4420285,4.8413115,5.355333,5.417664,2.326819487,1.06673125,3.62925
0,0,HOLMFESKTOTMDZ-UHFFFAOYSA-N,OCNT-2311610,4.2546225,4.7732872982400005,4.584036,4.462677835145929,4.634470783759999,4.087364,4.908968051208612,4.072086,4.859017,4.3081713,4.4603415,3.186430333,1.65568725,3.9557775
0,0,HPVSJVHVZJIGJT-UHFFFAOYSA-N,OCNT-2310298,6.028385,5.64191967483,5.7351704,5.886833664345151,5.257399879139999,5.1805515,5.204787461480782,5.822717,5.9902654,5.955432,6.0377774,6.93558928,6.84333925,7.02372025
0,0,HRZRMMNVHHASMS-UHFFFAOYSA-N,OCNT-2318453,5.2763104,5.460676661370004,5.3796215,5.788834441815461,5.06180074076,5.1416435,4.68583022705222,5.4768643,5.519701,5.1910443,5.446649,5.828513045,5.719919,5.9367025
0,0,HTFHQYPWORPEHA-UHFFFAOYSA-N,OCNT-2316125,5.870184,4.848109308069998,4.902464,4.921372526924268,5.56860901776,5.461427,5.755643436254437,5.395268,5.7049456,5.5551186,5.653668,5.793957287,5.66992,5.9118415
0,0,HUDMLWIUQXOJMV-UHFFFAOYSA-N,OCNT-2311652,5.825017,4.22115494585,4.5010743,4.898150026105045,4.885156325049997,4.660427,4.644718267812354,4.057479,5.6525226,5.4210224,5.789448,4.87538144,4.6577965,5.10737075
0,0,HYZUFGFQMUOIJF-UHFFFAOYSA-N,OCNT-2317220,4.611585,4.269729473539999,4.5453935,4.3675523699898635,5.081304743670002,4.8337064,4.976026835778745,4.8854117,4.61918,4.301153,4.865454,4.328047555,4.07093525,4.678294
0,0,HZHXSHXBAHLQCN-UHFFFAOYSA-N,OCNT-2310144,4.0861526,4.58641170387,4.8932495,4.6782867720313135,4.41195498354,3.8311899,4.347061585351544,4.4955645,4.4445357,4.572343,4.605574,4.896674622,4.76415475,5.0570315
0,0,HZLJTTVIFIBCFG-UHFFFAOYSA-N,OCNT-2313185,5.101325,5.200693268610001,5.306753,5.291982131443991,5.4661403757599984,5.4795237,5.496376945500093,5.5889587,5.784135,5.20786,5.347741,5.539890573,5.42764125,5.64132125
0,0,HZLYLHRUOYWQJU-UHFFFAOYSA-N,OCNT-2312650,5.664316,5.675488925380003,5.5595136,5.972975053971332,4.802146584689998,4.8646216,5.073988577455279,5.171713,6.232933,5.7070146,6.1267357,5.475444322,5.22842225,5.696661
0,0,HZNBGOJIRVQVMT-UHFFFAOYSA-N,OCNT-2310610,5.1788087,4.756876298300002,4.4554935,4.1919499613883096,4.770530901629999,4.350675,4.879443041556367,5.194258,4.813171,4.706496,5.0097256,4.411099625,4.12573975,4.8369445
0,0,IAPQKELLCZVBPB-UHFFFAOYSA-N,OCNT-2316726,4.4813766,4.523698200140001,4.275242,4.621144510111916,4.859190532710001,5.2350016,4.601798934550566,5.340261,4.4418416,4.3079777,4.8853803,3.934375442,3.47482425,4.4035715
0,0,IBRBGFVBBRADCR-UHFFFAOYSA-N,OCNT-2311222,6.052803,5.214154461369999,5.101602,5.008387040852178,5.218620017470003,5.477276,5.178392438212686,5.7071857,5.8582306,5.7482095,6.1218424,4.748646968,4.550009,4.97377725
0,0,IBXSEIJIVWLSDJ-UHFFFAOYSA-N,OCNT-2315605,4.0567517,5.0029805738499995,5.195607,4.662724024113461,4.722102080940001,4.753155,4.755978122574105,4.3448954,3.651136,4.398911,4.6813226,5.812149652,5.6947515,5.925024
0,0,IFQPPSWDRROISD-UHFFFAOYSA-N,OCNT-2314407,4.9180903,4.501251490040002,5.1871204,5.3506892877006464,5.004115188059999,5.0328436,4.896691923367117,4.981794,4.548707,4.9815807,5.322405,4.971656497,4.78588375,5.13282875
0,0,IJKBNCHWSMZDHS-UHFFFAOYSA-N,OCNT-2318429,5.373318,5.277749794860003,4.569454,5.3269163986241335,4.615313657330001,4.797813,4.8600221898859814,5.1828914,5.0750375,5.3049927,5.3142924,5.680396747,5.58971925,5.773944
0,0,INDBQLZJXZLFIT-UHFFFAOYSA-N,OCNT-2328329,5.124953,5.2445274502200006,5.2403584,4.821406412583534,5.037069343870002,4.72537,4.614381698834791,5.3544984,5.603842,5.380538,5.4406276,5.681076177,5.62288975,5.7407215
0,0,IOHJWSPUOJUMQL-UHFFFAOYSA-N,OCNT-2316117,4.5778747,4.742606426680004,4.2868977,4.462367182406117,4.567616581260001,4.8705964,4.869331357918384,4.2464476,4.901489,4.5710793,4.7286396,4.011577273,3.63206825,4.51143825
0,0,IRBOCZQLHSNZNB-UHFFFAOYSA-N,OCNT-2317519,5.783735,5.3928687567399995,5.5390983,5.400357350910805,5.408371955350001,5.286579,5.078981868659897,5.787567,6.2343388,5.6680174,5.9104004,5.208733537,5.032977,5.3626965
0,0,IRELANSYNNWRMV-UHFFFAOYSA-N,OCNT-2311309,4.371971,5.164777339370001,5.3687205,5.206773602606084,4.51543774877,4.234072,4.4324270076232,4.4416637,4.6821527,4.469235,4.36965,3.533498365,2.49455825,4.089546
0,0,ITXBLKBOOLVAGY-UHFFFAOYSA-N,OCNT-2309536,4.8157697,5.17622656309,5.210632,5.085752165519374,4.594749525969999,5.420581,5.047235889052268,4.8545117,3.4494686,4.9226036,5.078556,5.18596381,4.97678925,5.40604325
0,0,IUWJSOWCLUIAFA-UHFFFAOYSA-N,OCNT-2316781,6.4185066,5.593907380320001,5.373036,5.4993134731703215,5.300809589449999,5.143028,5.298055490143645,5.501425,6.5832343,5.830715,5.877427,6.085547658,5.993899,6.17699975
0,0,IVSXKJLOXRBZSW-UHFFFAOYSA-N,OCNT-2316164,3.418336,4.4900150103,4.102248,3.9389105687386694,4.06824574091,3.814221,3.732489790483238,3.9167109,3.3914125,3.6954913,4.082158,2.1908636,1.05545175,3.49446425
0,0,IWYYRRQCEGSTII-UHFFFAOYSA-N,OCNT-2308896,4.127256,5.091525098320002,5.2714186,4.88521178472819,5.466657933450003,6.0076723,5.408524716167907,5.218487,3.2297328,4.0799284,4.4855433,3.340069977,1.48779725,4.06429075
0,0,JAHCDTOPQPDPHN-UHFFFAOYSA-N,OCNT-2315030,4.6693206,5.630752526420002,5.379255,5.84643022067508,4.7722502566500005,4.9116263,5.149083501639235,5.391963,4.989445,4.825633,5.3492856,1.999050187,1.04638875,3.35540025
0,0,JBLWNFFRBGGQRJ-UHFFFAOYSA-N,OCNT-2308571,5.9556103,5.5996312888,5.5824957,5.630887202314462,5.20044094188,5.5990233,5.8351065311352395,5.5760384,5.5714154,5.531259,5.4817905,5.564723962,5.4222075,5.69536475
0,0,JBZFEESAMVTQMT-UHFFFAOYSA-N,OCNT-2309378,4.9317913,5.55533816227,5.4046063,5.282115200812813,4.976617687429998,4.765857,5.490908531778908,5.099493,4.032548,4.923134,5.4407196,4.734020822,4.52590825,4.987882
0,0,JDDRHSYXLOMPDH-UHFFFAOYSA-N,OCNT-2316001,4.8782744,4.853490026260003,5.3254375,5.325731579378208,5.150770071890003,5.4106913,4.973262201435508,5.2003202,4.6837792,4.9427977,5.3117323,5.572693235,5.44809775,5.6866475
0,0,JGORGCVKTVDGCF-IYBDPMFKSA-N,OCNT-2316070,6.3088393,5.4347619179799995,5.313519,5.779656840160244,4.96100930785,5.1071978,5.226771507090579,5.1544228,6.1998434,5.7774997,5.7712226,5.175081858,5.00315575,5.33092
0,0,JKRHRSTTXYTARO-UHFFFAOYSA-N,OCNT-2308693,5.4447703,5.066034955940001,4.7672606,4.59814696220997,5.1538376797600005,5.289152,4.853072005905603,5.722763,6.3387604,5.584083,5.608224,5.764120808,5.68343275,5.84025125
0,0,JOOUCWULASYDLT-UHFFFAOYSA-N,OCNT-2312522,5.0605183,4.875801910680002,4.9737115,4.417512267103358,4.634948784960001,3.1824567,4.242609755283915,4.4364815,5.3077664,5.055931,5.179853,5.183013522,5.0543875,5.322574
0,0,JOVSAVNPGWRRBL-UHFFFAOYSA-N,OCNT-2308857,4.587405,4.99525447241,4.9212103,4.692232204069539,4.100184006410001,4.837566,4.001006379792014,4.5846906,5.4264393,4.530734,4.840391,5.046667327,4.945502,5.12796175
0,0,JPKNAFFCNYNTAM-UHFFFAOYSA-N,OCNT-2316494,4.953379,5.133547310820001,5.3488464,5.136301645450863,4.97994571295,5.036438,4.889463529681366,5.254114,5.129621,5.0818906,5.392912,5.04772748,4.85061175,5.24598075
0,0,JSJSFTYUFLJSPW-UHFFFAOYSA-N,OCNT-2310283,4.261267,4.8298443125200015,4.7837095,5.14060039582089,4.905249347720001,4.7838306,5.189087379400674,4.7488036,3.3012033,4.3670793,4.7915606,3.434480737,2.67163475,4.01040125
0,0,JVSOGURKRNBPMA-UHFFFAOYSA-N,OCNT-2312595,5.2032347,4.724911609280002,4.8174605,4.988399125275712,4.664195495099999,5.4305725,4.953649463148017,4.7613096,5.129149,4.849291,4.9220314,4.861658288,4.73135075,5.0027055
0,0,KLULEELEFHAFLA-UHFFFAOYSA-N,OCNT-2314267,4.9242554,4.542672753089999,4.711828,4.877141617111194,4.76308082956,4.692406,5.10235762622156,4.8867235,5.562031,4.88338,5.2240305,5.478312372,5.383688,5.56983225
0,0,KQTDCJOXKAQMHS-UHFFFAOYSA-N,OCNT-2316290,5.7240734,5.5256191761199975,5.5104585,5.772649479005309,5.394053243469999,5.208572,5.272604875177708,5.5117035,5.980544,5.643192,5.6826525,5.864576545,5.7596595,5.97610725
0,0,KXMATESBGAVCSV-UHFFFAOYSA-N,OCNT-2314567,5.6497574,5.811605409980002,5.9404316,5.936106771116863,5.537268879539998,5.2177067,5.496336158460194,5.602807,5.8067727,5.692659,5.726396,5.245688108,5.05624975,5.395694
0,0,KXQCKBJACHMFEZ-UHFFFAOYSA-N,OCNT-2311032,4.4551535,4.524486985579999,4.8904405,4.693260142058231,5.011739852289999,5.2214556,4.572830504547422,4.1715946,4.456222,4.3755918,4.35906,3.67292722,3.0571735,4.18513975
0,0,KXUZCHWWDWUSLP-UHFFFAOYSA-N,OCNT-2309355,4.8554683,4.362829195300001,4.3059645,4.139918731472323,4.803610440599998,4.861493,4.740376005440612,4.72021,4.66214,4.876781,5.076882,4.03319713,3.6405165,4.40368625
0,0,KYICLBKPBDUCOF-UHFFFAOYSA-N,OCNT-2316966,4.387828,4.889304171610002,4.9804163,4.770010981496066,4.422741895330001,4.2667394,4.650489430004352,4.192143,4.9384065,4.6327343,4.805392,4.798313712,4.61836925,5.00219225
0,0,LNKZWMHWZLHGNP-UHFFFAOYSA-N,OCNT-2315034,5.4379997,5.497624836099999,6.0935,5.395039556995367,4.84198797259,5.263786,5.214183316678882,5.6471686,5.9382153,5.169149,5.731236,6.252203423,6.164725,6.34218325
0,0,LQKJYHIZCLRVAA-UHFFFAOYSA-N,OCNT-2311336,5.77131,4.80420924766,4.6298585,4.70878617295357,5.003573449520001,4.990522,5.38243318103483,5.341257,6.226496,5.6550756,5.8562098,5.615887133,5.4973595,5.72300875
0,0,LQUSNRYERYWFOJ-UHFFFAOYSA-N,OCNT-2311728,5.1536345,4.85258146657,4.7440796,4.943085700122101,4.940918065360001,4.7713294,5.006732024444583,5.2468576,4.9169755,4.7798357,5.236475,5.600461978,5.4687795,5.70778225
0,0,LTODDWBFRYADKR-UHFFFAOYSA-N,OCNT-2316606,5.061596,5.083814360650001,5.1355596,4.997045779595974,4.6473670045099995,4.122144,4.761340368207792,4.707906,4.7533073,4.8374243,5.1044555,5.184045455,4.9940045,5.347282
0,0,LTRJHORZTQFBPV-UHFFFAOYSA-N,OCNT-2315565,5.8569098,5.62782705939,5.602514,5.523178605294239,5.380249608960002,5.362495,5.128488043894677,5.786812,6.034288,5.7520394,5.7329483,5.963513977,5.85939,6.06322
0,0,LUBJRGMKKHWILN-UHFFFAOYSA-N,OCNT-2315387,5.0585494,5.4817230775300025,5.287246,5.271720936822792,5.3333489814099995,5.31797,4.742145298797371,5.352916,5.493212,5.395414,5.269223,6.064568935,5.744821,6.3431965
0,0,LUUKVWARABOWOK-UHFFFAOYSA-N,OCNT-2315245,5.8058844,4.836025792640002,4.658875,4.878731234072203,5.161822820649999,5.3925805,5.300422606985831,5.608456,5.9098096,5.7384334,5.9697948,6.223525422,6.11463975,6.3348205
0,0,LWTKTABHWXYFOZ-UHFFFAOYSA-N,OCNT-2310779,4.8504586,5.026600528030001,4.9899874,5.189018587164352,5.35957168743,5.3224716,5.452658385743024,5.316189,5.2625,5.096135,5.2415624,5.745007975,5.6201565,5.861856
0,0,LYFIKCJKVMVQLU-UHFFFAOYSA-N,OCNT-2312787,4.4875603,4.955927447659998,5.2416444,4.724260846253351,4.83340261776,4.79399,4.322038867928237,5.3170214,4.5784836,5.027459,5.2206755,4.77281201,4.60132975,4.956841
0,0,MCLMRJSNYOWEOE-UHFFFAOYSA-N,OCNT-2311709,4.3671336,4.9716581094900025,4.8327055,4.781922437338127,5.305225350350001,5.3063884,5.2795252478814225,5.1297336,4.8254905,4.9394655,4.826795,5.237559848,5.0844385,5.36884975
0,0,MDPONAVVMIZZRN-UHFFFAOYSA-N,OCNT-2317963,5.1257267,4.9588992235200005,5.0978355,4.9981117584534145,4.827542296390002,4.0457106,5.341890835777276,5.4266453,5.655299,5.329246,5.3690724,5.39319309,5.260219,5.50653375
0,0,MGJNCYUVHHDOCG-UHFFFAOYSA-N,OCNT-2312826,5.5105715,5.07484640944,4.7024927,5.288841985429809,5.2439625860699985,5.3050685,5.410896608089408,5.4072533,5.1402087,5.1688957,5.7219124,5.190381702,5.03885525,5.33709675
0,0,MKZQCDVLIOJVRH-UHFFFAOYSA-N,OCNT-2315194,4.02939,4.950621709819998,5.0714283,5.109334265180046,4.657609078120001,4.1858625,4.812267439307522,4.2065797,4.1852074,4.488134,3.9272573,5.70175191,5.61792775,5.78656175
0,0,MMLZNFQNQIQUTD-UHFFFAOYSA-N,OCNT-2315602,6.1752915,5.522185468779998,5.6635923,5.54585198115501,5.552640144890001,5.547313,5.472642700656214,5.627934,5.9599166,5.8650856,5.8272614,5.089955452,4.8919265,5.26127525
0,0,MNPGBPBPRIRZDE-UHFFFAOYSA-N,OCNT-2318639,4.378854,4.592653702989999,4.875473,4.808450540454071,4.39271637118,4.4468966,4.259301608682084,4.512942,3.8463106,4.5953827,4.849315,4.919269393,4.75614875,5.079001
0,0,MNXQQFJGACBPSP-UHFFFAOYSA-N,OCNT-2308900,5.4986944,4.827859304450001,4.5549827,4.862744312746387,4.650061283569999,4.8455267,5.2308536292212775,5.455308,4.732676,5.140577,5.529618,4.902761188,4.71260925,5.1117005
0,0,MQBUEZDBNBGKQA-UHFFFAOYSA-N,OCNT-2316392,4.911478,4.791772273270002,4.131012,4.553623469967375,5.170967275710001,4.8329196,4.990548956842528,5.2751093,5.0055323,5.2695484,5.331244,5.02477199,4.81040675,5.2358595
0,0,MQCGWNQRZSSMDW-UHFFFAOYSA-N,OCNT-2316397,3.5371118,3.86996989539,3.3943303,3.615249501325836,4.563884668869999,5.3808575,4.817604565563832,3.6998248,4.01653,3.7392902,4.0110106,2.21808428,1.05438725,3.5727275
0,0,MWCPZQWNSSVFNC-UHFFFAOYSA-N,OCNT-2311567,3.9519877,4.345076144800001,4.108268,4.154638875220135,4.65481216261,5.1589103,4.5078312821207955,4.237797,4.1003017,4.256759,4.6536775,5.337748172,5.18201975,5.4703405
0,0,NDYIXONJSDUIQJ-UHFFFAOYSA-N,OCNT-2311745,4.9593697,4.636316163369999,4.710244,4.8639489141695265,4.610197628240001,4.4152274,4.598572788745408,4.374189,3.9086304,4.9824896,4.7589946,5.596332057,5.46664,5.7144315
0,0,NHUSIRABIVGDSH-UHFFFAOYSA-N,OCNT-2317505,5.451446,5.289719650159999,5.7829757,5.934596178291401,5.107945072619999,5.6702194,5.490773704489985,5.42857,5.4317555,5.3289986,5.551598,5.53182385,5.432236,5.63177075
0,0,NHVKUEVIUUHHDF-UHFFFAOYSA-N,OCNT-2312009,5.423769,4.633363343310002,4.673202,4.91958809415812,5.246633157069999,5.1165657,4.951833796358897,5.471964,5.6295524,5.4534574,5.2704887,5.259094682,5.1251555,5.36861275
0,0,NLPVWZDQUHNWNN-UHFFFAOYSA-N,OCNT-2311091,6.078343,5.475419995159999,5.630816,5.609612544012845,5.09926592455,5.68408,5.38231666854172,5.927599,6.178051,5.7943754,5.8122616,5.19945139,5.016559,5.36173025
0,0,NOQOCXKSVCBYIX-UHFFFAOYSA-N,OCNT-2314322,3.2174766,5.07358833783,5.375282,4.8380681015759475,4.620148428410001,4.505209,5.221702814849068,4.409392,4.656419,4.2653294,4.7847714,4.90689459,4.725386,5.06053225
0,0,NQSOSDHCVFLRCZ-UHFFFAOYSA-N,OCNT-2310114,5.08599,5.19094882616,6.0155935,5.289438287142083,5.079256312249999,4.4283595,4.721824445752944,5.4670205,5.5269947,5.4187903,5.420011,6.077491923,5.9811365,6.1682615
0,0,NSGCRWKYWZTZPF-UHFFFAOYSA-N,OCNT-2315139,4.640801,5.201982113870002,5.066734,4.551825972371764,4.19173502507,4.429887,4.278575252341025,5.0224643,4.576696,5.0550814,5.21396,5.262298323,5.1033815,5.39782025
0,0,NXEKYIWIFDTJEQ-UHFFFAOYSA-N,OCNT-2310153,4.881818,4.459142060780001,4.079695,3.8786038130271097,5.08427153254,4.950221,5.1706709964010145,5.360116,4.966956,4.6625404,5.4019747,5.743245413,5.65311325,5.83780075
0,0,OCAPBUJLXMYKEJ-UHFFFAOYSA-N,OCNT-2328447,6.0808115,5.455828307380002,6.13765,6.112845062907778,5.22280140283,5.020284,5.385104804675583,5.897154,5.923991,5.9651966,5.6583652,5.643812715,5.551477,5.7303315
0,0,OCVVVZLHRSJBLY-UHFFFAOYSA-N,OCNT-2311372,3.9047585,4.783603640110002,5.234407,4.8779518357692915,4.635608147879999,4.711505,4.880814642881862,3.762053,3.7358284,3.779363,4.209635,3.944094957,3.541428,4.430471
0,0,OEMTWSPWCQGRKF-UHFFFAOYSA-N,OCNT-2314202,4.9185185,4.382982995250002,4.338529,4.497788295678486,4.581946712380001,4.645287,4.561144304388063,4.2606807,4.8238106,4.827796,5.1216316,4.98344575,4.834692,5.12869975
0,0,OENLQSQVVZGAJS-IIAWOOMASA-N,OCNT-2318590,5.2243114,5.22390106281,5.3619614,5.435308119149871,4.781421445569999,4.7080326,4.3139496381322,5.151714,4.72292,5.41631,5.1336412,5.627750905,5.5237775,5.727211
0,0,OJEODUWXYRVZBW-UHFFFAOYSA-N,OCNT-2317796,5.171327,5.377065817220001,5.546288,5.311549370001465,5.328205224930002,5.3839955,5.1918808785994885,5.3485203,5.355344,5.178366,5.276059,4.087172012,3.73578975,4.487991
0,0,OKFLIVSLDROEJN-UHFFFAOYSA-N,OCNT-2315211,4.325228,4.876895034340003,4.358341,4.7918066002404895,5.494680992310002,5.3869257,5.365711106247755,5.132342,4.049363,4.9966183,4.844001,5.726395405,5.64183625,5.812876
0,0,OKUVLPLUOLCJPT-UHFFFAOYSA-N,OCNT-2318363,5.6872864,5.531546968040003,6.0733933,5.9998307637434465,4.934314243900002,4.8604736,4.994338497341518,5.554827,5.7551446,5.6992445,5.9584103,6.26143248,6.16704475,6.35548
0,0,OLJDXACHTKESBX-UHFFFAOYSA-N,OCNT-2310942,6.04187,5.592709850020003,5.572226,5.099507230674539,5.768105752100002,5.513921,5.534665321449953,5.1988025,5.774346,5.5178375,5.5644646,5.535560795,5.39354875,5.65165075
0,0,OLKFTJZESRFYGM-UHFFFAOYSA-N,OCNT-2311748,5.5069695,5.6081586313699985,5.7710986,5.646445094663785,5.2723416102700025,5.2275853,5.15118841262323,5.67806,5.863382,5.5934925,5.590858,6.231112135,5.94330575,6.4930315
0,0,OLYONISXYQGNEZ-UHFFFAOYSA-N,OCNT-2317300,4.505476,4.853921227580001,5.2762356,4.977105698444823,4.7751024896,4.5653296,4.960438448538814,4.6313696,4.2132864,4.7650523,4.826804,4.63884534,4.46843725,4.850305
0,0,OMJIXWXETCVKHQ-UHFFFAOYSA-N,OCNT-2312831,5.2590494,5.377720004550001,5.678312,5.472640374409947,5.19095728162,5.0076127,4.7823866541407645,5.2013855,6.4694977,5.1394053,5.096786,6.00760839,5.8910395,6.11915625
0,0,OPMKTHYYYIXYPZ-LSDHHAIUSA-N,OCNT-2312559,5.353463,4.918837060089998,4.9927006,4.573254659429676,5.0580843844600025,4.668118,5.3759887615548445,4.9577417,4.8848724,5.04315,5.4156046,4.631074257,4.4426945,4.87178125
0,0,OQNXHUMGKSWJDA-UHFFFAOYSA-N,OCNT-2315618,5.4270916,5.302922593670002,5.2067337,5.484496493376119,5.654533971799999,5.411183,5.847143693229568,5.750958,5.8545103,5.640175,5.7229776,6.425365415,6.3179745,6.5343305
0,0,OUIMHMZUPAOFMZ-UHFFFAOYSA-N,OCNT-2315175,5.0091295,4.896430498589998,4.843212,4.806031136254544,5.063871574589999,5.487029,5.173517709892756,4.9816036,4.44527,5.1431656,5.627557,5.324971995,5.134317,5.47951225
0,0,OVLHSAROUBUOGS-UHFFFAOYSA-N,OCNT-2317813,5.9406176,5.036221677910001,4.1385,4.730002318931449,4.793441249110001,4.483084,4.855959700723724,5.378281,5.4151344,5.484007,5.9982452,4.919132803,4.7211835,5.09851925
0,0,OZIGADMZADBKBS-UHFFFAOYSA-N,OCNT-2310093,4.8517227,5.465869146430001,5.570298,5.273243234333189,4.835240933630001,4.858789,5.408657305937334,5.1847763,5.2179213,4.950927,5.2505774,4.994680215,4.61789725,5.27245625
0,0,OZWKMVRBQXNZKK-UHFFFAOYSA-N,OCNT-0497926,4.187826,5.117152142900005,4.5422482,4.982657581494006,5.324740644320001,5.3998585,5.363287231979357,5.0309854,3.415555,4.1722784,4.504601,5.295571237,5.129696,5.43806325
0,0,PDTMEWBSGOMXMQ-UHFFFAOYSA-N,OCNT-2310785,6.038947,5.507849672090001,5.751729,5.478082086426516,5.581405066170001,5.882409,5.746479214581781,5.877897,5.997265,5.676806,5.8430214,5.972145937,5.885449,6.06039025
0,0,PGALJWIUWGHPQM-UHFFFAOYSA-N,OCNT-2312004,5.341043,5.2516105604000005,5.1946883,5.201967886960124,4.9515310433799975,5.2154927,5.0610137781318905,4.934147,4.722885,4.920869,5.3576546,4.105272955,3.74131825,4.559268
0,0,PHMGMGUOOWDYOQ-UHFFFAOYSA-N,OCNT-2318423,4.871115,4.762373686330002,5.030652,4.998452087747781,5.006731229570001,4.0120487,5.207821363420063,4.1592155,4.7878623,5.0026727,5.6701856,3.927173255,3.4869655,4.44302525
0,0,PLDUPXSUYLZYBN-UHFFFAOYSA-N,OCNT-0022288,5.1519017,4.977184308240001,4.5322065,5.081322377675968,4.63099970971,5.123434,4.630984211955933,4.7553144,5.418536,5.0448465,5.105793,5.388658353,5.287896,5.481964
0,0,PTZLOFTYVKXQRY-CHWSQXEVSA-N,OCNT-2317601,4.288629,4.204846338460003,4.0201564,3.91649473434544,4.415673345529999,5.2035193,4.3284211254771146,4.685636,4.588706,4.3835006,4.824476,5.311281385,5.1601995,5.4529115
0,0,PVJKSRBNYFPBRX-UHFFFAOYSA-N,OCNT-2310890,6.7595043,5.778665606959999,5.406419,5.659208493549983,5.281980198499997,4.670678,5.234524406047449,5.83528,6.515952,6.0765,6.12602,5.584006195,5.46709975,5.69246175
0,0,PWHROYKAGRUWDQ-UHFFFAOYSA-N,OCNT-0497719,5.547038,5.146484897430001,5.4272914,5.151801812268894,5.358647792589998,5.175731,5.1014494877393615,5.5456142,5.363242,5.529989,5.4315386,5.412951787,5.1817775,5.58407675
0,0,PWWVAXIEGOYWEE-UHFFFAOYSA-N,OCNT-0022266,4.923773,5.338614416129999,5.2416444,4.754868152802867,4.974779960689999,5.0338817,4.348830252730115,5.2988176,5.4543123,5.3129735,5.2285953,5.019858453,4.844403,5.19839425
0,0,QABIXCTTWKDGMX-UHFFFAOYSA-N,OCNT-2312712,5.2669473,5.1977676093700005,4.9967275,4.569366429145597,4.593172401610001,5.230574,4.193748029990125,4.815575,5.351817,5.125362,5.2745366,5.275897328,5.179154,5.36290075
0,0,QEYDJXFLJLNZHE-UHFFFAOYSA-N,OCNT-2313367,4.499806,5.119525170920002,5.01826,4.818730667087528,4.850495434310001,5.200522,4.801049363413832,5.1081576,4.685559,4.9184837,5.0671144,4.348778185,4.15338725,4.61631025
0,0,QHJYYLQCJBIXOQ-UHFFFAOYSA-N,OCNT-2316906,5.5674424,5.411176891939997,5.869722,5.308716162179129,5.41755540514,5.339912,5.398632843625167,5.6549845,6.1026773,5.6079803,5.531319,5.822867073,5.711008,5.93710175
0,0,QIHKGMKUENLTSR-UHFFFAOYSA-N,OCNT-2312890,5.852489,5.601016191200001,5.410437,5.751082450724937,4.724072491300001,4.2738833,4.79147666967308,5.268951,6.0282717,6.000816,6.069163,5.018746865,4.822562,5.21490275
0,0,QKIICPDXFBIHFL-UHFFFAOYSA-N,OCNT-2310801,4.43116,4.363282076379999,4.5424604,3.807777934960108,4.569781453629997,4.0272284,5.190277765192079,3.9325795,4.3002725,4.080429,4.4866667,4.5183961,4.33625175,4.7562755
0,0,QLLOUHZUDAXNSL-UHFFFAOYSA-N,OCNT-2312136,5.858726,5.5798877487600045,5.738345,5.9657918940358305,5.062955219249998,5.189283,5.2770489402856455,5.783111,5.833433,5.4830046,5.550847,5.967058107,5.8877255,6.04467075
0,0,QMSJBRPWYZGZAW-UHFFFAOYSA-N,OCNT-2317666,4.5087147,4.849784813510005,5.048062,4.838420284135733,4.630368945599998,4.299511,3.965759541853851,3.9576943,4.1968584,4.7851233,5.2083044,3.945418577,3.506745,4.58506925
0,0,QNTYSVXEXCRUEK-UHFFFAOYSA-N,OCNT-2310878,4.596442,5.4190929723200005,5.0518947,4.973322856734128,4.88917710068,5.4188976,5.20140941450502,5.324373,5.471006,5.254536,5.4903994,5.270082415,5.102644,5.4139605
0,0,QOMURNVBTXTAIV-UHFFFAOYSA-N,OCNT-2310983,3.4183578,3.4665149677899993,3.449362,3.3326051202823432,4.4795879461700014,4.242658,4.662845506356004,3.646257,3.0538468,3.430762,4.278014,4.515012138,4.31683675,4.7748875
0,0,QQISPTBFJAYJMO-UHFFFAOYSA-N,OCNT-2309324,5.266631,4.80341495491,4.861913,4.722840469186116,5.004393768210001,4.689037,4.736711949065169,5.1963573,4.698232,5.132187,5.477587,4.751570948,4.48313675,5.09186
0,0,QQULOXRKJYHTLY-UHFFFAOYSA-N,OCNT-2310581,5.997335,5.256861596309997,5.3054166,5.934830840687726,4.840854193919999,4.810742,5.1409980145832215,5.6276913,6.5395074,5.8605375,6.008378,5.79079,5.696516,5.88539075
0,0,QSCFSMUONJJUJB-UHFFFAOYSA-N,OCNT-2313433,5.3139167,5.040159989440001,5.003857,5.2249629788542995,5.283210428479999,5.3253965,5.149289838562459,5.330984,4.961975,5.1514554,5.11149,5.378651012,5.28137525,5.47179375
0,0,QXPYQRMVAGAKQV-UHFFFAOYSA-N,OCNT-2314706,5.3619494,5.322032375489999,5.4199357,5.232252668517863,5.689359176039999,5.6984634,5.144685117835748,6.067342,5.828294,5.590423,5.534833,6.074837122,5.99966925,6.15259375
0,0,QYHDOFQZWNVICE-UHFFFAOYSA-N,OCNT-2314460,3.7154388,4.181878350450002,4.196858,4.2084129789223566,4.6941354564700015,4.962942,5.1075409742932365,4.5621066,3.4835231,3.6594238,4.047988,2.27034177,1.08051,3.60961325
0,0,QYYRMTOPCBSSFG-UHFFFAOYSA-N,OCNT-2309586,4.1756744,4.157782691820001,4.1856,4.066167488592399,4.79304200232,4.583494,4.99614732074375,4.1811414,4.4584293,4.2632456,4.8660088,2.63697236,1.09698725,3.79981475
0,0,QZAUUTZZYACFFE-UHFFFAOYSA-N,OCNT-2314951,5.9157143,5.425454173710001,5.6280475,5.78102730765584,5.019003718480001,4.3768034,5.318718849938085,5.900417,5.8277516,5.702928,5.5781116,7.948524865,7.85454225,8.0446455
0,0,QZKFAVIPPGQIGR-UHFFFAOYSA-N,OCNT-2310214,6.036202,5.21321575259,5.317374,5.056830125575476,5.560936566000002,5.5003276,5.332733177886032,6.114337,6.33998,5.7285686,6.036649,5.464391818,5.36966,5.55245075
0,0,RCBGZWSXEDEAKT-UHFFFAOYSA-N,OCNT-2313872,4.8687797,4.691231087269999,4.075068,4.963188427437462,5.2726538877200015,5.452891,4.963424904712403,4.979305,5.077092,4.5864806,5.126579,4.071929785,3.6806365,4.65005625
0,0,RCVKRXPEIDHMJB-UHFFFAOYSA-N,OCNT-2318183,4.818671,4.72830626418,4.657065,4.498604863248013,4.682438832680001,5.4255033,4.836442450360916,5.037363,3.4831333,4.280006,4.5759277,3.571617155,2.382439,4.07796225
0,0,REYVFBVYQGYJLO-UHFFFAOYSA-N,OCNT-2315954,4.623854,4.8528614945600035,4.7067456,4.401476382535174,4.8708303937899995,4.7933383,5.109939410413945,4.869173,4.090006,4.501885,4.7465234,4.920125312,4.72008875,5.1174725
0,0,RGCVKNLCSQQDEP-UHFFFAOYSA-N,OCNT-0022119,4.9720383,5.103829800780002,4.9385924,5.14278661528238,4.3494746405399995,4.10787,4.415346322442745,4.5440884,4.713404,4.935816,4.917551,5.40955026,5.2874675,5.5361805
0,0,RGPSYPNIQMCKJL-UHFFFAOYSA-N,OCNT-2312735,5.9567223,5.495297668950002,5.9685574,5.421446446369412,5.051759699929997,4.9644556,5.323656075012367,5.6628923,6.1014404,5.55504,5.606303,5.361970285,5.18815425,5.49072375
0,0,RHPDMWWOYAMIHK-UHFFFAOYSA-N,OCNT-2317730,4.2987075,4.9228948674,4.736418,4.871123022039638,4.741736771770002,5.552495,4.808558656840731,4.881626,4.2359014,4.291949,4.7795925,2.92877059,1.1165985,3.92638
0,0,RJXPZBSDBSSSRE-UHFFFAOYSA-N,OCNT-2314462,5.7715144,5.475540355130001,5.8225436,5.624371101917761,5.386504577150001,5.1038647,5.317440947491094,5.65225,6.4016457,5.5792985,5.4758797,5.02937702,4.843191,5.216357
0,0,RNJALEGEKJSKHV-UHFFFAOYSA-N,OCNT-2310900,5.1910186,5.001376926330003,5.324344,5.379095138865128,4.868899560559999,4.30508,4.7572257941405205,4.2232957,4.852355,4.8824234,5.118205,4.336831935,4.11569075,4.647276
0,0,RSUDJUKPYSQPJM-UHFFFAOYSA-N,OCNT-2309661,6.0421534,5.411839537870003,5.6461906,5.916174886028085,5.5097253152700025,5.3705454,5.326582348029657,5.8606424,6.1285977,5.708342,5.8281093,5.190142685,5.031594,5.31105975
0,0,RUFRDTMUMLXNCI-UHFFFAOYSA-N,OCNT-2312704,4.923088,4.79093615203,4.725191,4.264888228196126,5.073800349470003,5.794895,5.73545079401436,5.1772847,4.001618,4.9062023,5.1264443,5.746111453,5.6216685,5.86070125
0,0,RUOKEQAAGRXIBM-GFCCVEGCSA-N,OCNT-2328726,5.3134,4.951103150690003,4.543235,4.710492409458684,5.10909486928,4.684822,5.456912171750192,5.7038016,5.287762,5.315841,5.760635,5.322439375,5.1586165,5.4610935
0,0,RUYUAWJUWJWZBJ-UHFFFAOYSA-N,OCNT-2313161,5.111801,5.21753920902,5.2421436,5.235657159319858,4.75665401116,4.7384357,4.600019679428906,5.22366,5.44349,4.8582687,5.2770333,4.940097645,4.76449875,5.10889025
0,0,RYQOILLJDKPETL-UHFFFAOYSA-N,OCNT-2328519,4.015931,4.977461995640005,4.5075817,4.783700579321181,4.855134790500002,4.277847,4.99978244509777,4.4234176,5.296129,4.2244043,4.4306397,5.093239353,4.89655775,5.26050125
0,0,SCENQOKIKYBZGN-UHFFFAOYSA-N,OCNT-2314482,5.1403694,5.342534065280002,4.9095235,5.517622788155268,5.247632008290001,5.041206,5.327662396690488,5.5264406,5.9025593,5.247086,5.458194,5.075178525,4.90339475,5.231537
0,0,SDIDXGLXZHVECY-UHFFFAOYSA-N,OCNT-2310888,5.292448,5.1352198821299995,5.1223106,5.25543639278758,5.036793753820001,5.594103,4.962356893622991,5.356911,4.804262,5.5095663,5.7138424,5.09731991,4.945859,5.22296525
0,0,SEADNZVFHOZWAD-UHFFFAOYSA-N,OCNT-2318657,5.224252,4.766019064699998,4.791558,4.935496040394108,5.107160761730001,5.090302,5.311613180300147,5.058895,5.294459,5.2434707,5.593973,4.864228155,4.717181,5.025103
0,0,SIPWPCZRIOWTLN-UHFFFAOYSA-N,OCNT-2310997,2.9783826,3.857940029419999,3.4445326,3.664742244803358,4.154923992559999,4.109278,3.822562578876108,3.702013,3.25985,4.0115786,4.113232,3.778208625,3.336603,4.43371225
0,0,SIWDIJRUWBSGJB-UONOGXRCSA-N,OCNT-2312801,5.717969,5.1250812346400005,4.6196885,5.411487378971795,4.613729056549999,4.631725,4.679385939934121,5.250822,5.6905212,5.274268,5.4692388,5.01491435,4.8554145,5.15508225
0,0,SIYLLGKDQZGJHK-UHFFFAOYSA-N,OCNT-2328791,3.9667625,4.584235210130001,5.1228824,4.545919254933918,4.108587032939997,3.794561,4.463743252573246,4.471284,3.8721542,4.9238667,4.9078817,4.550166535,4.4562,4.6718135
0,0,SLVCIRWUTNDVDY-UHFFFAOYSA-N,OCNT-2308768,5.752146,4.8455912450500005,4.3879156,4.382891429213259,5.217578534900001,5.0137796,5.112055689874529,5.434012,4.78199,5.2630734,5.711758,5.177702333,5.008119,5.300481
0,0,SOERAKJOJAFGAK-SNVBAGLBSA-N,OCNT-2316922,4.584263,4.8335240727,4.790389,4.687099638262578,4.733901630420002,5.2080135,4.946111777442999,5.0154314,5.0643625,4.9191537,5.1010633,5.083360365,4.8493825,5.32316675
0,0,SOPSTNOHBNLMBW-UHFFFAOYSA-N,OCNT-2309323,4.424056,3.878429274000002,3.813699,3.958755697962652,4.478712503430001,4.9964457,4.421670672747,3.8214293,3.500915,3.8572488,4.9537826,3.809379935,2.741703,4.23898975
0,0,SPHVEWZRWTZJGL-UHFFFAOYSA-N,OCNT-2309500,4.1365733,4.22373655512,3.248977,4.053573448890107,4.691270633830001,4.296404,4.53540340113935,4.3651767,3.8301525,4.2047935,4.4867373,3.363730327,2.27937425,4.00661
0,0,SRJUQDSPYDJJMF-UHFFFAOYSA-N,OCNT-2310685,3.8735688,5.10962902371,5.0512657,4.475207641093848,4.6804970078800014,4.6789026,3.921380558696793,3.9794202,3.5999823,4.393862,4.6695113,4.741125927,4.5658825,4.95286575
0,0,STVYLEUNMSOYBO-UHFFFAOYSA-N,OCNT-2316848,5.905612,5.380549475399999,5.5967693,5.367990544322273,5.460234148710002,5.393279,5.787708648280427,5.5475044,6.117091,5.587312,5.78849,5.276943913,5.12226225,5.41236725
0,0,STXKQWKWKKEVLS-UHFFFAOYSA-N,OCNT-2318330,5.0764227,5.135491975440002,5.236549,5.373886766756392,4.8725535108,4.912009,4.674480008959886,5.423304,5.2341247,5.265542,5.3410873,5.506707478,5.399362,5.6082375
0,0,TULLPNOZEUPQFX-UHFFFAOYSA-N,OCNT-2316189,4.8631406,4.724962929,4.6048107,4.638698771174677,5.011673618440002,5.3428397,4.985312970079327,5.0220985,4.472706,5.231753,5.342479,5.466720575,5.317236,5.6001605
0,0,TZHCGVRZHACKPM-UHFFFAOYSA-N,OCNT-2308866,6.3033404,4.559954072420001,5.121151,4.597803655194449,4.940657337690003,5.79822,5.692624514166183,5.2576504,6.364359,5.490086,5.876014,4.71698677,4.5006475,4.993365
0,0,UCDSFAPQQRUDTJ-UHFFFAOYSA-N,OCNT-2313368,6.173766,5.976579530130001,5.616203,5.757453629343836,5.444225424280003,5.2525687,5.5486443369369525,5.83596,6.021946,5.6389775,5.9399137,5.305833905,5.132369,5.4548015
0,0,UHKMGEDTTFFMSI-UHFFFAOYSA-N,OCNT-2314135,4.783172,5.410181031499999,5.693792,5.0434497480449165,5.2073438865799995,4.838476,4.908248669934462,5.139358,5.962933,5.0878744,5.014818,4.879882067,4.64686475,5.14853175
0,0,UPACZLZVVYCCPQ-UHFFFAOYSA-N,OCNT-2310880,4.890246,5.045557502280002,5.234674,4.69596985726055,5.011392591900002,5.2461867,4.83264219965211,5.189374,4.979386,4.9789224,4.8604717,4.837814748,4.67442525,5.02922
0,0,URZCPZIXXWCLIY-UHFFFAOYSA-N,OCNT-2312495,5.534776,5.626954175779999,5.4961143,5.300780415013351,5.448690935539999,5.6028495,5.4497514123403095,5.533562,5.34963,5.4213414,5.4985023,4.5556559,4.36162825,4.82298325
0,0,USSDJCJWNVCANP-LLVKDONJSA-N,OCNT-2311055,4.609515,4.0632111872799985,4.1025953,4.232555897448678,4.596517878680002,3.9709334,4.354973320401535,4.323688,4.194776,4.4984746,4.739931,4.180272677,3.85768475,4.560246
0,0,UTOXMBBBSYRSIE-UHFFFAOYSA-N,OCNT-2311754,5.576213,5.733316929929999,5.7180204,5.829619887011859,4.6540467893900015,4.733132,4.344717872475057,5.5584836,5.806533,5.939823,5.8914294,5.37004222,5.21061875,5.518964
0,0,UWGSRPLGVVOCMK-UHFFFAOYSA-N,OCNT-2309950,5.912956,5.06264401532,5.4187164,5.549810876281053,4.8992758645900025,5.441875,5.096928180250652,5.496156,5.221409,5.382096,5.583162,5.480999648,5.372205,5.5872185
0,0,UWSWAMWLQLOZGQ-NHYWBVRUSA-N,OCNT-2314140,4.74263,4.04619786812,4.4684134,3.8518219025606713,4.914329379060002,5.110354,4.939974319189978,4.7250233,4.191039,4.65345,4.9512963,4.3257124,4.017745,4.79933025
0,0,UXPCXNWXWKQOER-UHFFFAOYSA-N,OCNT-2310262,4.7532115,4.60837042839,5.167898,4.58555656468963,5.06152093699,5.171843,5.010689388598202,4.4780064,4.060449,4.6088085,4.8793545,5.504600788,5.41274275,5.612002
0,0,UYUUAFPDPUVZAK-UHFFFAOYSA-N,OCNT-2315456,4.596305,5.028130493610001,5.1735744,5.1688419851972895,4.87928223127,5.2508717,5.091460547048724,5.3423305,5.5670567,4.825381,5.373552,1.971150622,1.052412,3.17316825
0,0,VCEHBIKBENMLHQ-UHFFFAOYSA-N,OCNT-2312404,3.9294946,5.173035964070002,4.798233,4.788461672855545,5.002910134129998,4.8948717,4.847195665797435,4.989718,3.726044,4.745994,4.916458,5.179183587,5.018705,5.3023035
0,0,VDVCOXFUTIBICX-SJORKVTESA-N,OCNT-2316811,4.4860587,5.0088791621999995,4.934839,4.885503358471853,4.482358194990001,4.7599816,4.6809950615039675,4.5962434,5.034715,4.421107,4.39753,4.652445265,4.43205275,4.935281
0,0,VHGYXUIYGAALPO-UHFFFAOYSA-N,OCNT-2318306,5.45347,5.449619440009999,6.066334,5.394416447525055,5.59968022973,4.498051,4.752180103114877,5.434952,6.5391207,5.427202,5.4688406,5.960365405,5.844399,6.07365025
0,0,VJHDBUJUYUPJJI-UHFFFAOYSA-N,OCNT-2315126,4.427032,5.14751571685,5.052914,5.134266132395123,5.4071876856,5.549289,5.611272857524819,5.4961095,4.6880417,5.0792446,5.3324103,6.327038425,6.24280625,6.409444
0,0,VTCDUPMGNVGRBQ-UHFFFAOYSA-N,OCNT-2311706,4.8861246,5.104070244850002,4.8415356,4.76930220058676,5.35529317184,5.0165644,4.894632375376396,5.2631207,5.330724,5.3265533,5.2894096,4.82104853,4.668413,4.9981825
0,0,VTEFNVUORQIXJU-UHFFFAOYSA-N,OCNT-2310598,4.6944175,4.954085385350001,4.7741356,4.6652276642638695,5.237689830659998,5.3072395,4.739534524643833,4.613347,4.392887,4.815555,5.031183,4.697340525,4.4526265,4.99437275
0,0,VTXQAUDKIYUBRI-UHFFFAOYSA-N,OCNT-2310018,5.3900466,5.346629418930002,5.1162763,5.150470966397231,4.9044576837300005,5.7125416,5.607994014036226,5.5894904,5.0976686,5.4485025,5.7148666,5.32895928,5.218908,5.42058075
0,0,VXLPXEUDXOBHBR-UHFFFAOYSA-N,OCNT-2318141,3.330924,3.6942300208500023,2.886637,3.5659881605062567,4.95336923743,4.367697,4.6849702218596665,4.7848315,3.9306798,4.35719,4.734821,5.184162373,4.9692545,5.37678825
0,0,VZECTGAGCXACIK-UHFFFAOYSA-N,OCNT-2316908,5.441825,5.2150311788099994,5.740271,5.295188344587844,4.938236949070002,5.242832,5.337594698804976,5.1703568,6.1636004,5.382225,5.4993916,5.685375158,5.58208675,5.78469075
0,0,WAZMOIHQXCAEEA-UHFFFAOYSA-N,OCNT-2314329,5.3665977,4.943122924410001,4.7059517,4.614511225758446,4.660574836479999,5.3624625,5.777395661653929,5.6347675,5.5356026,5.3142047,5.544359,5.298937333,5.1018585,5.435942
0,0,WBCFEEVPPONADX-UHFFFAOYSA-N,OCNT-2314795,6.0644574,5.74123062946,5.7626004,6.105165089354018,5.13438587453,5.378452,5.957403376899424,5.5380683,6.583249,5.8373394,5.865515,6.73828981,6.65718975,6.8232045
0,0,WEEGQGAXYCRQAE-UHFFFAOYSA-N,OCNT-2316408,4.0713396,4.938765217250001,4.971493,5.058465322213653,4.311778929570002,4.1958976,4.6586699290993225,4.6888914,3.4510715,4.89091,4.8830786,4.953476455,4.74475925,5.18940875
0,0,WEGDKVGLZWGWSI-UHFFFAOYSA-N,OCNT-2314499,5.5657387,4.60264497645,3.9170165,4.31957470139686,4.72623168049,4.7208,4.4139938879845175,4.9222293,5.4641476,5.4752836,5.5202837,5.231568163,5.13560875,5.3227205
0,0,WFFVJHDLDVRRLG-UHFFFAOYSA-N,OCNT-2315652,6.2186537,5.431601141529998,5.8572063,6.212636448072572,5.354611267280002,5.3201356,5.434182517619694,5.899323,6.346644,5.920245,6.175252,6.038040677,5.93912,6.1340625
0,0,WIKYUJGCLQQFNW-UHFFFAOYSA-N,OCNT-0022268,4.333285,4.92359214944,5.0533986,4.713843929922223,4.85816006148,5.207943,5.114242111947972,4.640149,4.8086295,4.962604,4.747705,5.477508187,5.407097,5.550604
0,0,WJSGRZXGMIBXIR-UHFFFAOYSA-N,OCNT-2316303,5.1514597,5.262086300949999,5.379127,5.369489722342379,5.37853588968,5.003999,5.33977864860596,5.5783935,5.2224836,5.231491,5.314439,5.642760345,5.5330695,5.75670875
0,0,WOTKHFGJCBUMBM-UHFFFAOYSA-N,OCNT-2310365,5.568134,5.21268804402,4.6106725,4.858666106837185,4.531483004960001,4.4128942,5.178205708682316,5.436769,5.529653,4.927974,5.5287337,5.195463408,5.029128,5.33110075
0,0,WYCQHUTYOYFHBC-UHFFFAOYSA-N,OCNT-2309065,4.866975,5.089242484890003,5.2946486,5.050768790671937,4.988327476500003,4.885821,4.523611582930058,5.335536,5.6440487,5.1940346,5.1338177,5.617261335,5.52892125,5.70386775
0,0,WYRQUHYUCVJXLF-UHFFFAOYSA-N,OCNT-2314929,4.6125736,5.084587838489999,4.59092,4.449396665801837,4.76436421019,4.988862,4.785841270135989,4.8208685,4.777454,5.005309,5.350496,3.45006206,2.38795325,4.03795
0,0,XDAIBRCDDXSVIX-UHFFFAOYSA-N,OCNT-2316641,4.0618563,4.334670163270001,3.3989918,3.505476296864629,4.71834827242,5.9000444,5.62744738034272,4.655135,3.7721124,4.3113437,4.869244,2.062854185,1.0516025,3.22367975
0,0,XDVDNBRVUSUIJC-UHFFFAOYSA-N,OCNT-2310175,5.527946,5.089293884330003,5.5386257,5.522882960835271,4.659978534659999,5.1999307,4.589451719423705,4.667566,5.346912,5.332846,5.379466,4.999786098,4.787108,5.157265
0,0,XDYLETNFYYCZIL-UHFFFAOYSA-N,OCNT-2310518,4.8998137,4.91108633497,5.281738,5.245780455252169,4.344384514559999,4.477353,3.9290489275068103,4.4696956,5.592214,4.847025,5.067794,4.956533548,4.7762195,5.1351345
0,0,XGYAFYBIRHLQJD-UHFFFAOYSA-N,OCNT-2315849,5.3642945,5.136600294830001,4.931802,5.101651656581865,5.261980966219999,4.8999996,4.967078960188659,5.499804,5.139945,5.42245,5.356659,5.453021312,5.361827,5.53793
0,0,XILVEPYQJIOVNB-UHFFFAOYSA-N,OCNT-0494105,6.2186937,5.6086520834800035,5.322253,5.663367138403796,5.234655828460001,5.2624097,5.122016781140105,5.7838683,6.5216446,5.9192653,6.074045,5.820105097,5.719744,5.9212295
0,0,XIZQQSGHQFLWIM-UHFFFAOYSA-N,OCNT-2313003,6.322588,5.009646969700001,5.3300843,5.268113218051833,5.314933944599999,5.0717196,5.228847156755816,4.9638023,6.1515846,5.516484,5.9788804,4.480402615,4.2485335,4.80830975
0,0,XKCNZKKZCLFYSV-UHFFFAOYSA-N,OCNT-2311975,5.682591,5.407898211700001,5.388443,5.524123340039241,5.53566493392,4.9682913,5.65548682960379,5.6529984,5.710762,5.6968293,5.6861773,5.7417475,5.67334175,5.80961525
0,0,XLZQKDNFGFOCIC-UHFFFAOYSA-N,OCNT-2309836,5.6886635,5.13221280521,5.0114274,5.163323337001688,4.379030282930001,4.0945745,3.987519312496109,5.110109,5.632945,5.5210543,5.3988695,4.912275887,4.66713625,5.192122
0,0,XRGZOHMGCBNGDO-UHFFFAOYSA-N,OCNT-2310682,5.7780437,4.953428601960003,5.2973757,5.092018747464826,4.8344480821400015,4.434913,4.939121407804625,5.3457255,5.690174,5.786918,5.4002004,5.41471833,5.26665775,5.53441075
0,0,XSCGXQMFQXDFCW-UHFFFAOYSA-N,OCNT-0022254,5.5195503,5.04345864613,4.6391826,4.567903227709013,5.166894611060001,3.9255915,5.255089626780038,5.7436795,5.2421236,5.7359424,5.584558,5.40609378,5.31427575,5.50120225
0,0,XTHYOHCNADPCDX-UHFFFAOYSA-N,OCNT-2311676,6.3248305,5.610949181480001,5.3271604,5.495318697462645,5.51146993468,5.5079813,5.2211825985721285,5.638055,6.179285,5.890871,5.9828997,5.715026997,5.56559725,5.85699625
0,0,XTNMZHDMZGRSBV-UHFFFAOYSA-N,OCNT-2310605,6.347323,5.28481426253,5.173697,5.495376073656964,5.41366735462,5.2788725,5.373414833000617,5.7504845,6.5848255,6.012518,6.12648,5.76041133,5.637013,5.8757395
0,0,XVCFYPXRSADGLR-UHFFFAOYSA-N,OCNT-2310447,6.202237,5.379658124620001,5.140641,5.544454817292819,5.573578542360001,5.1617694,5.530479887494264,5.718168,6.7218466,6.0813704,6.1796184,5.569518247,5.443747,5.68203775
0,0,YBMMVWJJHJIUIW-ZIAGYGMSSA-N,OCNT-2315363,4.5493655,5.107761158969997,4.85697,4.911828632705612,4.892384713650002,5.267802,4.756843834848218,5.036147,4.4047728,4.868303,4.9887147,3.80990544,3.3277645,4.34469875
0,0,YJEOFBYOQKLGBO-UHFFFAOYSA-N,OCNT-2316031,4.3284874,4.362352205629999,4.645803,4.099382628852764,4.901688301150002,4.81733,5.089255046824118,4.7662325,4.884258,4.4740853,4.8738713,3.791733778,3.1162585,4.2195465
0,0,YJMCNLSBEDMRSC-UHFFFAOYSA-N,OCNT-2313657,4.7516365,4.814369404830001,4.7622924,5.1755057226009225,4.651658255760001,5.296521,5.190907104597709,4.9646425,3.760637,5.3438134,5.582987,5.36122096,5.16987825,5.500745
0,0,YKAIMSBMSJLSGC-YTPLPTRZSA-N,OCNT-2318659,4.7282047,5.25862503768,5.0066953,5.148204790084718,4.783498041920001,4.832151,4.532218735979805,5.00788,3.5066576,5.0007944,5.1985726,4.71938977,4.512231,4.97760025
0,0,YLDIWYXLKDAXQH-UHFFFAOYSA-N,OCNT-2318312,5.572977,5.556781602489999,5.2345424,5.510940591482283,5.0645007063500005,5.604872,5.3879030950792846,5.581268,5.68342,5.5488696,5.7673125,5.183959863,5.00429725,5.34183925
0,0,YMMCUIRZEYIPCT-UHFFFAOYSA-N,OCNT-2313644,4.3070583,4.247484763780005,3.952252,3.994040215267997,4.71310142916,4.751791,4.87590801844019,4.540386,4.7655926,4.5653086,4.930898,5.472312683,5.3093955,5.65413625
0,0,YPJWXDAJVYLBMX-UHFFFAOYSA-N,OCNT-2312161,4.5227084,4.3800960915600005,4.83168,4.90606421122284,4.73027934288,4.2067885,4.252802321039815,3.9272819,4.535418,4.6219225,4.607384,5.06015934,4.90644525,5.23929975
0,0,YWHGLLLODCPXHJ-UHFFFAOYSA-N,OCNT-2315826,5.9103093,5.124819617029999,5.2123947,5.191121924096917,5.424509663650001,5.232218,5.325962819663526,5.5035915,5.498932,5.4014487,5.4950523,4.900587587,4.6864005,5.09975075
0,0,YXEZVWSMQQMHDY-UHFFFAOYSA-N,OCNT-2314663,4.511331,5.15992162195,5.322483,5.29208525911699,4.889452142939999,4.070064,4.479657565418004,4.9185815,4.918839,4.996857,5.027811,5.018145305,4.84848825,5.21424575
0,0,ZAFLASWCWZQRCU-UHFFFAOYSA-N,OCNT-2312749,4.9473023,5.148181313720003,5.332548,5.183814188244576,4.990031622950003,4.9807773,4.76782278520044,4.867934,5.5668535,5.1685276,5.205136,5.683443213,5.56124975,5.78490475
0,0,ZEJFPISQRZKEQM-UHFFFAOYSA-N,OCNT-2308971,4.2465353,4.6057734339200005,4.952044,4.534944780691911,4.538429763810002,4.1006293,4.465622701989308,4.5849085,4.7209096,4.452178,4.6220264,5.017242875,4.74436725,5.30830125
0,0,ZEPYVNPXMMPJQB-UHFFFAOYSA-N,OCNT-2311582,4.3245525,4.625074628580001,4.449958,3.5408937985686415,4.94636295106,4.5589395,4.533732833283847,4.2508044,3.9814823,3.9565015,4.7485785,4.553127107,4.359116,4.835252
0,0,ZEUITGRIYCTCEM-KRWDZBQOSA-N,OCNT-2328864,5.6124496,5.4983537921100005,5.472997,5.549836420700752,5.41012904372,6.0047956,5.720358518342968,5.7100306,5.463564,5.722046,5.6070633,5.436967443,5.34864825,5.52017575
0,0,ZEWQUBUPAILYHI-UHFFFAOYSA-N,OCNT-0022246,4.545741,4.67325487748,4.788342,4.615706923843094,4.691663998639998,4.8718424,4.757207396048501,4.859188,5.482807,5.0756946,4.9244943,5.40455451,5.2970825,5.51208
0,0,ZFXKUGZDRRZDIF-UHFFFAOYSA-N,OCNT-2316883,5.5191326,5.1377654148700005,4.896471,5.065157795972466,4.93922376364,4.7353187,4.845833196310364,4.9325724,5.8693795,5.2014728,5.2592187,4.957356735,4.78570375,5.08531675
0,0,ZGYOGTJSHWIDCM-UHFFFAOYSA-N,OCNT-2312106,5.1458755,5.31691400092,5.141123,4.7289996805495775,5.457106714439999,5.7172103,5.222982061372102,5.432341,4.4898286,5.1543684,5.527958,3.43923395,2.05650075,4.04554675
0,0,ZHDQSWFXBSTNRS-UHFFFAOYSA-N,OCNT-2314120,5.707855,5.150894735369998,5.480717,5.3437671534172235,5.519856778949998,5.0401125,5.190826460558138,5.707127,6.359222,5.5592,5.620598,5.45362818,5.3541975,5.546415
0,0,ZIGNJPLWUJFGKO-UHFFFAOYSA-N,OCNT-2312921,6.554494,5.570303654549999,5.671972,6.023500753625198,5.013695686550001,5.409847,5.248404032384934,5.541331,6.597817,5.810918,5.824489,6.430027715,6.34226775,6.52042575
0,0,ZNVAMOPQLIAHRK-UHFFFAOYSA-N,OCNT-2317360,4.2442355,4.971441677800001,5.730831,5.373637791664164,5.393885076190003,5.8125086,5.710218779356762,4.5611267,3.9045558,4.7058043,4.467966,5.994423402,5.90120875,6.09031925
0,0,ZNZJGCOJFHWZII-UHFFFAOYSA-N,OCNT-2310979,5.4244723,5.416282683400001,5.6755586,5.654630603157289,5.254516742909999,4.751104,5.368720958589477,5.5420747,5.0508766,5.4325733,5.421973,4.711638955,4.524571,4.929595
0,0,ZPEIMTDSQAKGNT-UHFFFAOYSA-N,OCNT-0022294,5.309285,5.175174308850001,4.668059,4.57706943680096,5.013733664250002,4.8490453,4.879271324125076,5.5834846,4.3282294,5.6010056,5.3728385,5.038514985,4.8975745,5.156047
0,0,ZQHDRBXURDBHNF-UHFFFAOYSA-N,OCNT-2312244,5.1516314,5.072404195190001,4.4742613,4.6984200749752105,5.104104649929999,5.3837447,4.807653682226813,5.4965878,5.1460752,5.2109685,5.418658,4.46487709,4.19655475,4.8720095
0,0,ZXVJQGOJHBPTOQ-UHFFFAOYSA-N,OCNT-2316589,4.810244,4.448671334540004,4.1144876,4.358634255297974,5.05529940815,4.892623,5.200963024454851,5.1627884,5.302117,4.9696484,4.997071,5.282838313,5.09792625,5.43611125
0,0,ZYGIEWYSBUXBOA-UHFFFAOYSA-N,OCNT-2317285,5.1154447,4.870053778100002,5.1388445,4.6147202609169495,4.817614983730002,4.977508,4.88781769009024,4.538222,5.8990297,5.0851536,5.3185296,5.70202841,5.5717515,5.8340885
0,0,ZZFSIEKTPZLRNW-UHFFFAOYSA-N,OCNT-2312741,5.514917,5.244277618229998,5.277031,5.247037989782628,5.345743662560002,5.301207,5.663349034564458,5.4926634,4.921603,5.285309,5.432299,4.85582982,4.703504,5.021406
0,1,ADNYRZXSYMJZJC-UHFFFAOYSA-N,OCNT-2312222,5.0263977,5.047260514630001,5.115097,5.216621704113028,5.479729710319998,5.285498,5.267150911556084,5.1117525,4.7696548,4.9658856,4.6917095,3.668926313,3.108256,4.16415475
0,1,AFUVPNDCVKAFMM-UHFFFAOYSA-N,OCNT-2310288,5.5851374,5.620501131340003,5.5967364,5.4517977413194245,5.756809202240001,5.561252,5.52335105550792,5.616371,5.464431,5.6027203,5.8140626,5.570652172,5.44352225,5.68766575
0,1,AGOYKHUKFFLSAC-UHFFFAOYSA-N,OCNT-2316769,4.217413,4.477562281389999,4.949109,4.874801701665706,4.50824075433,5.0810595,4.422375134505223,3.7969732,4.5377665,4.3483768,4.308909,3.886159193,3.40144025,4.32677575
0,1,AIOAUDKSZPZHDV-UHFFFAOYSA-N,OCNT-2310202,5.508149,5.5228765431,5.37994,5.2928886451750685,5.311002482929999,5.65537,5.393822036538244,5.5279274,5.855918,5.52457,5.455512,6.267360323,6.14288825,6.38791
0,1,AMGUHAQZHHPZGU-UHFFFAOYSA-N,OCNT-2313300,6.360029,5.496960043739997,5.30058,5.211804266782076,5.426280255189999,5.2590322,5.360388618666727,5.64008,6.160259,5.670766,6.2162304,6.463543148,6.38224975,6.5469105
0,1,ANRTUOAFXNQUJO-UHFFFAOYSA-N,OCNT-2316516,5.4654675,5.30934772548,5.388419,5.269381755793034,5.351209291520002,5.429453,5.477609882339213,5.4118237,5.7825065,5.4727883,5.429856,5.109112632,4.9189585,5.27813125
0,1,ANZVCZAGMVDWPV-UHFFFAOYSA-N,OCNT-2316772,5.154095,5.350500796110002,5.3075795,5.336883506455097,4.583979557210003,4.8045187,5.297223970575018,5.3302045,5.062769,5.236058,5.0916247,3.803560577,3.23254,4.3487465
0,1,APCKBGSTXTVQIO-UHFFFAOYSA-N,OCNT-2308958,4.6933303,4.5452050990399995,4.949109,4.796924096177006,4.7339714949300005,5.0049515,4.6145763425582995,4.438031,4.893602,4.8916063,4.943405,5.08100234,4.92447975,5.22175075
0,1,ASFKKFRSMGBFRO-UHFFFAOYSA-N,OCNT-0498030,5.097788,5.55192489953,5.5967364,5.00533820773008,4.698586348110002,4.498382,4.844136096185561,5.046387,5.228946,5.3204865,5.343175,5.100591315,4.88077725,5.2876495
0,1,AUGRFJVNNHVTMY-UHFFFAOYSA-N,OCNT-2310932,5.033327,4.832241198500001,5.0528874,4.894770515514211,4.382010490389998,5.37942,4.889209471168272,5.1344934,5.1576357,5.2073355,5.295772,6.030363112,5.90572325,6.16081475
0,1,AVUNNPCYKCMBQE-UHFFFAOYSA-N,OCNT-2312299,5.594231,5.517528728350003,5.2076755,5.242718512712077,5.04953702477,5.095993,5.125189537965309,5.3065076,5.9415474,5.511353,5.660542,5.178202748,5.0401545,5.291864
0,1,BDBMLMBYCXNVMC-UHFFFAOYSA-O,OCNT-2328510,4.1141267,4.718818086359999,5.0201187,4.794774412288023,4.05055660936,4.234634,4.642720737348413,3.5763235,4.773308,4.559845,4.4256067,4.66854407,4.570109,4.777489
0,1,BFVHBFKLFDSHNI-UHFFFAOYSA-N,OCNT-2316119,5.3973994,5.439534323120003,5.4358525,5.400705440710863,4.885993047439999,5.080308,5.063562737083535,5.4434285,5.931572,5.593941,5.452704,5.76913948,5.6865305,5.854704
0,1,BGZMVPUNDGPXIM-UHFFFAOYSA-N,OCNT-2313825,5.3610616,4.695309715319998,4.7069926,4.819290940300978,4.26379434072,4.835183,4.814757010987166,4.5950108,5.0252256,5.1689806,5.4655647,4.357767425,4.136408,4.68531275
0,1,BIVGETPZEPQOBV-LBPRGKRZSA-N,OCNT-2309544,4.3969054,5.2394490548800015,4.9159684,5.005643690374972,5.1343013212400015,4.7704935,4.723335069746666,4.357396,4.9420037,4.921412,4.9665856,5.587521188,5.45089125,5.71268975
0,1,BJDCWCLMFKKGEE-KWWHLYHASA-N,OCNT-2328555,4.0335836,5.049693164610002,5.035431,5.124248105760684,4.376246556699999,4.4035935,4.285733568744596,4.211741,4.2511587,4.614645,4.3888063,5.289767528,5.11122025,5.4671085
0,1,BKSHJYAEWVGUJX-UHFFFAOYSA-N,OCNT-2315667,5.863038,5.54264441573,5.302575,5.375843933641218,5.460117814910002,5.5975513,5.438779933165454,5.474697,5.688416,5.737035,6.0421734,5.465198392,5.30437475,5.60914225
0,1,BLHIRVBNLSHBMK-UHFFFAOYSA-N,OCNT-2313145,4.3112693,4.593545962570001,4.59509,4.692410852511362,4.439143390809999,4.745257,4.61009805467243,4.308483,5.3026943,4.667341,4.3370028,5.27268283,5.061995,5.4369135
0,1,BMTOZRGCZGIIQC-UHFFFAOYSA-N,OCNT-2310084,3.4101791,3.95655377345,4.6894884,4.538180243810868,4.320920973939999,4.59206,4.84223680221011,3.9165912,4.408513,4.2353525,4.117643,3.906673188,3.4591685,4.415319
0,1,BPSZGIAFILZKMB-UHFFFAOYSA-N,OCNT-2315150,5.2401476,5.055030707030002,5.0214696,5.183070814584076,5.199644310370001,5.1495442,5.241450247792008,5.169326,5.5662584,5.44324,5.400279,5.234456892,5.0982585,5.35555175
0,1,BRJQPXHVMBFKHF-UHFFFAOYSA-N,OCNT-2318118,5.45302,5.005887046550002,4.5531664,5.142669874800084,5.6040246601299994,5.213417,5.324430184739101,5.4846168,5.4654155,5.4272733,5.360576,5.000997865,4.77061175,5.18941175
0,1,BVDLGVXDJDIXQS-UHFFFAOYSA-N,OCNT-2313876,5.2880707,5.37324561412,5.2489786,5.216576105317337,4.963166777110001,4.6694064,5.080594517095002,5.282181,5.4660444,5.3098893,5.5429525,7.16801983,7.08276475,7.2567455
0,1,BWZUKEOXSUNTGH-UHFFFAOYSA-N,OCNT-2316635,5.0268064,5.034601925870002,5.0427365,4.958144244962106,4.905399384020002,4.638024,4.754734052485251,5.1748548,5.346446,5.203759,5.1830926,5.005969807,4.81949925,5.208006
0,1,BXAIWANBKAGJGC-UHFFFAOYSA-N,OCNT-2315001,5.143746,5.218769344619999,5.115097,5.121218242817297,5.2193631393399995,5.3301153,5.227990555579126,5.218361,5.4915714,5.167272,5.11384,5.194314412,5.02757675,5.3282365
0,1,BZVHKYBWSDLONO-UHFFFAOYSA-N,OCNT-2313948,5.4207253,5.612135865560001,5.2056804,5.33556215694374,5.41183538835,5.3145976,4.994332932814093,5.5413394,4.9065766,5.416528,5.664465,3.274140225,1.81569325,3.96108625
0,1,CAJHKSBYVXJIBL-UHFFFAOYSA-N,OCNT-2314070,4.6568494,4.206347124570001,4.5971375,4.789549189861572,5.358229237920001,4.9589124,5.011860040378638,5.117873,4.909248,4.8922887,5.1764007,4.781566355,4.62451725,4.9662385
0,1,CBZVZUYDLPWQDO-UHFFFAOYSA-N,OCNT-2314465,3.9121375,4.457199397550002,4.7984624,4.58977625346005,4.66499381085,4.9683757,4.67272872981612,4.166908,4.128957,4.368536,4.5708704,2.118008605,1.06765975,3.239643
0,1,CEZWATQPKVMJIE-UHFFFAOYSA-N,OCNT-2313845,5.5380135,5.208853812360002,5.3075795,5.308120118919046,5.405718069540001,5.3959947,5.25415175747592,4.960886,5.916824,5.566296,5.418783,6.07951315,5.98161,6.1758715
0,1,CGDXAOLEHNMLPG-UHFFFAOYSA-N,OCNT-2315877,5.4317436,5.357022400560002,5.2056804,5.117492072437567,4.94467635774,5.1070905,5.277110266629252,5.41998,5.497407,5.3791485,5.647691,5.79552609,5.6884815,5.90068625
0,1,CJOQFTARAWSADY-UHFFFAOYSA-N,OCNT-2315820,5.0191865,4.774317826270001,5.1710095,4.627035552696133,4.955419636419999,5.240915,4.973080926599857,4.6878147,5.044028,5.379776,5.2013965,4.87105301,4.64906175,5.10480675
0,1,CLOQRBMETQXCIE-UHFFFAOYSA-N,OCNT-2316180,5.479021,4.675152519569998,5.03372,4.89755436331616,5.113126500750001,5.0456076,5.1688586135668,5.258316,5.63321,5.4786158,5.3007746,5.00016572,4.85077675,5.1842715
0,1,CMDKPGRTAQVGFQ-UHFFFAOYSA-N,OCNT-2328604,5.3215394,5.338612591740001,5.1527915,5.054081267878663,4.982330386400001,5.5678144,4.652769113236813,5.333141,5.383173,5.4328785,5.625024,5.504938652,5.41681475,5.595413
0,1,CNWNYMZJQYJSMP-UHFFFAOYSA-N,OCNT-2314408,6.007305,5.699435504719999,5.526102,5.377238035786844,5.363609186540001,5.331136,5.494309523350323,5.7083225,6.181124,6.07705,6.038035,5.046927207,4.8496825,5.211427
0,1,CPCDVMLNSRROIT-UHFFFAOYSA-N,OCNT-2317742,5.2770495,5.1173204943499995,5.0427365,4.827534939916697,5.216689740979999,5.250481,5.341035933821905,4.7954197,5.3915305,5.226761,5.511741,5.55070465,5.4734935,5.6247725
0,1,CPUCIIOGNVOWAI-UHFFFAOYSA-N,OCNT-2315640,4.8004456,5.01081213966,5.03372,4.702089994588565,4.76850004061,4.766386,5.033488711189472,4.6655593,5.263004,4.987412,4.851079,5.14686754,5.03920325,5.23389075
0,1,CRQNIHFWCOORGS-UHFFFAOYSA-N,OCNT-2315351,5.649826,5.079532364829998,5.0427365,5.008378028416763,5.401137434650002,5.2718406,5.2900815087474555,5.833729,5.841847,5.80903,5.705019,5.809583585,5.72163325,5.898691
0,1,CTEHMITXXKEHTJ-UHFFFAOYSA-N,OCNT-2315332,5.919617,5.614262663099996,5.200676,5.321524443182998,5.83451562706,5.6611505,5.391990478523627,5.644827,6.000934,6.0126047,5.9679,6.110307123,6.00260975,6.21823125
0,1,CXEGWPXHHRYGGB-QGZVFWFLSA-N,OCNT-2309204,5.2847877,5.428785507390001,5.0427365,4.957393792504352,5.24764172605,5.0777836,5.100567447248516,5.284637,5.460435,5.1706023,5.213471,4.947380695,4.76302025,5.110067
0,1,CZBQYJBGTDDOAR-UHFFFAOYSA-N,OCNT-2318467,4.221575,4.7010632275500015,4.796695,4.588891570150181,5.254135562200002,5.325214,5.249855852329801,4.7152863,4.9316688,4.9078293,4.7481446,5.795963533,5.694046,5.8870105
0,1,CZLYCQXGUITFRL-UHFFFAOYSA-N,OCNT-2316547,5.8793955,5.121971228339999,5.302575,5.230122071247614,5.452556059610001,5.3519144,5.584303426708122,5.7169905,5.9556684,5.8352237,6.2035303,4.74041087,4.53534775,4.994618
0,1,DAZULYSTDCFGOM-DZGCQCFKSA-N,OCNT-2314468,5.469771,4.98746358339,5.0427365,4.929363477307753,5.109622366350003,5.1422048,5.075925888090513,5.3879576,5.6837945,5.616418,5.4518766,5.948517677,5.852614,6.04099325
0,1,DDCURYRYFVHMIV-HUUCEWRRSA-N,OCNT-2316832,4.8425345,4.5105436908600005,4.370402,4.411283962957017,4.59815773949,4.276043,4.60172154297024,4.9260764,4.7877893,5.0433903,5.2037334,4.469652605,4.1757735,4.91074525
0,1,DFBBOYDEPSYBPJ-UHFFFAOYSA-N,OCNT-2314307,4.9392843,4.934196839430001,4.949109,4.878252220547338,4.6137984678600015,4.307595,4.545659763177221,5.105605,4.9087067,5.060185,4.9724617,5.657668365,5.56262875,5.75155675
0,1,DFXDAVJGERHEEO-UHFFFAOYSA-N,OCNT-2313450,4.5794997,4.879770765650001,5.015193,4.739863008594633,4.830141234959999,4.9841638,4.845661225337474,4.8741455,4.0773835,4.886021,4.975763,4.267403875,4.0119295,4.65255575
0,1,DGCVWBPMLIWDPP-UHFFFAOYSA-N,OCNT-2315716,5.533002,5.0775892241000005,5.115097,5.184942590824899,4.829365284930002,5.305318,5.1619423612078545,5.33689,5.47192,5.576002,5.6656804,5.68151948,5.54366825,5.8094105
0,1,DLJQSCLUZQFLID-UHFFFAOYSA-N,OCNT-2314457,5.639304,5.280714040249998,5.126788,4.9264144911835,5.320019889120001,5.436266,5.045978004602699,5.634509,5.1496105,5.718268,5.757551,3.619158855,2.87002875,4.3347545
0,1,DLRFNZBVVYAGCE-UHFFFAOYSA-N,OCNT-2317386,4.861015,4.576901554840001,4.949109,4.829322494428249,4.955774118940002,5.162462,4.96312192976216,4.7856627,5.2584457,5.058566,5.0515385,4.983901268,4.82881725,5.14842675
0,1,DNRJMNNSKUUPGI-UHFFFAOYSA-N,OCNT-2310835,4.922293,5.210401212529998,5.2076755,5.14121160241155,4.703562174470001,5.2501307,5.0968204948998554,5.0609355,5.2818108,5.473243,5.719383,5.468948873,5.3484185,5.5716515
0,1,DPCDLHZNSWCOIR-UHFFFAOYSA-N,OCNT-2314582,4.9828234,5.264954716350002,5.115097,5.147734172989628,5.088650040290001,5.285498,5.36201649037249,4.71678,5.36048,5.006715,5.233743,5.62132827,5.53905825,5.7012875
0,1,FELGMEQIXOGIFQ-UHFFFAOYSA-N,OCNT-0495277,5.020296,4.406311971009999,4.6148634,5.261085274627703,5.195351546909999,5.270653,5.112022345056293,5.1702976,5.615229,5.054962,5.105031,4.98720785,4.7788455,5.17666625
0,1,FEXGVGFWUVZIGF-UHFFFAOYSA-N,OCNT-2312131,4.4862404,5.056143907839999,5.1619554,5.19719138274515,4.854548943660001,5.1458445,4.818012862366881,4.894235,4.9137754,4.7881665,5.1312733,5.236326228,5.02908575,5.432292
0,1,FIHJKUPKCHIPAT-AHIGJZGOSA-N,OCNT-2328980,3.2354808,4.4273123428500005,4.792186,4.616031316930842,4.116680547950002,4.552605,4.7470234190893095,3.7501297,3.6970425,4.111815,3.403865,4.342669123,4.0114695,4.8629115
0,1,FKLVANXVSRESQJ-NWDGAFQWSA-N,OCNT-2311250,5.544924,4.884989140950002,5.1103067,4.55978428072696,4.6963372802800025,5.0976562,5.134285279908001,5.3882337,5.098643,5.5071,5.4791656,5.118834093,4.933338,5.30186075
0,1,FLYOLZFPQYWAFT-UHFFFAOYSA-N,OCNT-2310674,4.8835025,5.165171970420001,5.1527915,4.962360646923313,5.356095994099999,4.939175,5.094749195861293,4.7154527,5.154094,4.969102,5.060163,4.940760365,4.7410075,5.140617
0,1,FQCDMDCBFOOLSS-UHFFFAOYSA-N,OCNT-2311376,4.443702,5.286774586849998,5.1527915,5.178157778958544,4.9433168175599995,4.7899036,4.89772129041551,4.827706,4.993715,4.857098,5.1499414,6.016780778,5.93765375,6.10424925
0,1,FTMSJBRLUXKYNX-UHFFFAOYSA-N,OCNT-2314360,4.8721776,5.096120423730002,4.652631,5.188597178609746,4.718542606130002,4.3839393,4.623723945769808,4.273757,5.136756,5.086194,5.1255913,4.503792502,4.23580325,4.87647525
0,1,FVLPTKXJYBDXJB-UHFFFAOYSA-N,OCNT-2311653,5.651577,5.694934829830001,5.402479,5.643060066811984,5.410349423610003,5.487938,5.506858993944686,5.6575065,5.415127,5.644312,5.796963,6.11892455,6.0034555,6.22794675
0,1,GCIKBYNGPPOSAR-UHFFFAOYSA-N,OCNT-2308808,4.6876674,4.64448006535,4.6989555,4.911383798240366,4.579921025880001,4.993464,4.921095873520001,5.074329,4.831436,5.0257115,5.1467214,3.846529133,3.423197,4.363946
0,1,GESMFQNJXSICBZ-UHFFFAOYSA-N,OCNT-2313220,5.63192,4.927981842730001,5.0427365,5.095532908652229,4.818178748070001,5.1690154,5.214835342653376,5.3009787,5.269469,5.3685255,5.56,5.116068223,4.9814845,5.24007825
0,1,GHOSNRCGJFBJIB-UHFFFAOYSA-N,OCNT-2328455,5.6301827,4.500023583700002,5.1418176,4.714324284611353,4.437918777719998,4.666226,4.41856407050896,4.708279,5.030403,5.4848633,5.2898,4.718853295,4.632435,4.80113
0,1,GIDUNNUXEHGMES-UHFFFAOYSA-N,OCNT-2315495,3.4934182,4.240405469480002,4.1010585,4.128690816573684,4.390419724239999,4.395162,4.3550020328676435,3.4626088,4.170479,3.942529,3.9588737,5.360857142,5.23612,5.46485875
0,1,GJNQNBRKEARPPF-UHFFFAOYSA-N,OCNT-2313136,4.436725,3.967443545429999,4.2413197,4.744639851265366,4.813998926950002,4.7118673,4.700785685362996,4.0687666,4.6720233,4.2656364,4.5082,3.332604767,1.5523495,4.0475495
0,1,GJZXIYRUQJJTIE-UHFFFAOYSA-N,OCNT-2312083,5.2203345,5.354303542829999,5.115097,5.1397541897348304,5.3156161508799995,5.1495442,5.1946666305878635,5.258421,5.1892724,5.090356,5.0858974,5.353159198,5.17332275,5.49706725
0,1,GLZRKOCNRVFUPI-UHFFFAOYSA-N,OCNT-2312122,5.070076,5.3457148100200005,5.115097,5.274926335085761,5.274673286709999,5.2590322,5.299329977634812,5.1294765,5.565977,5.1158543,5.0628443,4.77798184,4.601778,4.9644845
0,1,GNBBTCYKQSSFLT-UHFFFAOYSA-N,OCNT-2318097,3.8869128,4.444644082610001,4.5368304,4.491231563750927,4.4831627093,4.526021,4.326549993919871,3.649571,4.3624506,4.473211,4.601592,2.786591673,1.136908,3.84945675
0,1,GNVOYDAHBDQAQC-UHFFFAOYSA-N,OCNT-2315448,4.027031,4.248157857310002,4.1010585,4.159996127627626,4.1966812641,4.630214,4.876824639257898,3.9192863,4.3258247,3.8988295,3.6375537,4.469367545,4.154918,4.902527
0,1,GPSBNWGJJJFJOP-UHFFFAOYSA-N,OCNT-2314068,4.227762,4.82926575616,5.1527915,4.983589536446372,5.251183086700001,5.348699,5.121696649373832,4.456418,5.0162373,4.5259614,4.8217945,5.458361225,5.30898,5.5979305
0,1,GPXLMGHLHQJAGZ-JTDSTZFVSA-M,OCNT-2328589,4.476966,3.95174678851,3.7396662,4.560920608803902,4.046214634109999,4.883489,4.7982533663519,4.3637986,4.1282735,4.6549315,4.490801,3.642390255,3.050627,4.201996
0,1,GQZZKRNBYZPRCE-UHFFFAOYSA-N,OCNT-2311669,5.612736,5.427042375910002,5.30058,5.145002760807725,5.081121327159999,5.2486353,5.130627198090529,5.328015,5.536018,5.394969,5.727253,5.786506378,5.659126,5.90862275
0,1,GSTBSEUUXUQNRC-UHFFFAOYSA-N,OCNT-2315091,4.8552165,5.125172618910001,4.980831,5.06269869508328,4.887232549819999,5.170886,4.8261334654903365,4.524047,4.214896,4.776661,4.7897835,3.84919785,3.37274825,4.23280075
0,1,GTGFBWKCCOBBSR-UHFFFAOYSA-N,OCNT-2314662,4.6789074,5.182449925960001,5.5714355,5.165616953315408,5.4710686974,5.42712,5.1487316653821695,4.8770585,5.170837,5.2779813,5.2312903,4.906514393,4.67721975,5.14382
0,1,GUDHSXTUPPEPPK-UHFFFAOYSA-N,OCNT-2316132,4.9864717,4.856267631720001,4.8645463,4.779161136725757,5.608458022199999,5.0584073,5.231633830967364,4.4924617,5.275913,5.008828,5.1769648,4.55876262,4.303881,4.91720925
0,1,GXOILNXGFVPNFI-UHFFFAOYSA-N,OCNT-2313147,3.8248086,4.46519463519,4.556346,4.599080388417462,4.266553225360001,5.3447623,4.378007680590008,3.1297965,4.285353,4.0155883,3.8433,4.21399346,3.9794785,4.54880925
0,1,GYNQRMHTTCULMF-UHFFFAOYSA-N,OCNT-2312308,5.1796684,5.20698848127,5.388419,5.544733331023307,5.268754556570005,5.200947,5.087841773441838,5.0837317,5.5716968,5.1154284,5.4532356,5.894582448,5.79805725,5.99086
0,1,GYQHXTMEPJTGGH-UHFFFAOYSA-N,OCNT-2309780,4.8105087,5.468821251569999,5.178137,5.229853121714467,5.312828313879999,5.152986,5.010254192426822,4.7508516,5.6645656,5.1442294,5.203851,5.42342565,5.3122705,5.51794225
0,1,GYTCLQMPVMJGFA-UHFFFAOYSA-N,OCNT-2314024,4.1419487,4.224252610130002,4.370402,4.112278878801224,4.674345287680001,4.7606964,5.035615808856563,4.183939,4.542872,4.669343,4.312991,3.580218852,2.86660925,4.1500045
0,1,HBWZWUOQIKNJHR-UHFFFAOYSA-N,OCNT-2316669,6.009079,5.368253320579999,5.388419,5.475738937127201,5.741463695550002,5.2977123,5.33295082996135,5.88772,5.808393,5.5268736,5.7487493,5.596873645,5.4178825,5.767717
0,1,HDLIXSKRCXKJND-UHFFFAOYSA-N,OCNT-2310046,5.322916,5.01761195483,5.03372,4.939057427536326,4.7494496027299995,4.510706,4.72499424151642,4.920275,5.631802,5.1690016,5.3756084,4.89550261,4.7069005,5.09397175
0,1,HRGHCIWBUYKSCA-UHFFFAOYSA-N,OCNT-2315226,4.843297,5.116317643610002,5.0427365,5.091243301454174,4.40331732273,4.7666416,4.586587441307081,4.151045,5.0875397,5.124873,5.34597,4.922043265,4.7804455,5.080091
0,1,HSJXGPVCBNTXGE-UHFFFAOYSA-N,OCNT-2318346,4.848588,4.3799910513,4.949109,4.642020042672723,4.303092695560001,4.5346565,4.401124327329122,4.178167,5.1042247,5.343609,4.967851,6.196793625,6.0854665,6.302666
0,1,HTGAXCLQAYTCRX-UHFFFAOYSA-N,OCNT-2311948,5.503007,5.332815785710002,5.278041,5.264843364313558,5.364258370139998,5.4386077,4.938150892262543,5.3423557,6.0005355,5.4883814,5.431625,6.17100461,6.08245875,6.27367
0,1,IHUNBGSDBOWDMA-AQFIFDHZSA-N,OCNT-2328400,4.4569077,5.18160991629,5.2392755,5.187495838357628,4.747074424230001,4.910509,4.772877837332404,4.774051,4.5681095,4.3545437,4.54839,4.81904756,4.68962625,4.9492525
0,1,IIVLHBGHMFXEAK-UHFFFAOYSA-N,OCNT-2311751,5.513499,5.01194282466,4.434465,4.923704878336114,5.414513208829996,4.907944,5.5158419352026495,5.103873,5.328623,5.5566187,5.602906,4.796654733,4.585785,4.9910495
0,1,IJSBTRZTQNHIPE-UHFFFAOYSA-N,OCNT-2309449,5.5205226,5.395958325120003,5.388419,5.515497442850763,4.949929866039998,4.806584,5.181275989024939,5.329078,5.359318,5.1347275,5.7718453,5.212759145,5.03991175,5.3841515
0,1,IKLROGGBSVRPBV-UHFFFAOYSA-N,OCNT-2314977,5.334057,4.907979285119998,4.792186,4.849107322054423,5.4002913347599995,5.0499973,5.042222164998225,5.2305617,5.538027,5.241361,5.4104805,5.870257998,5.7818095,5.963953
0,1,IMSNSGWODHWPIM-UHFFFAOYSA-N,OCNT-2318647,5.305568,5.138629461090002,5.37994,5.382875349366502,5.50080124755,5.312964,5.381857220090852,5.4349966,6.023535,5.4595647,5.546984,4.981743517,4.812777,5.15769125
0,1,IOSPKZIADFJWQW-UHFFFAOYSA-N,OCNT-2316840,3.998557,4.5596053098,4.950517,4.812718027702181,4.919895889420001,5.3557463,4.976079138880032,4.456368,4.461931,4.6475496,4.6866612,2.65809104,1.11251025,3.811474
0,1,IQYRYJXGZUHECE-UHFFFAOYSA-N,OCNT-2314006,5.0450296,5.064048980149998,5.03372,4.742928354914967,5.379856725340001,5.2622223,5.12410711319689,4.9874606,5.587159,5.151384,4.921521,3.464743202,2.6775385,4.0466115
0,1,IUZLYQRADKSHLN-UHFFFAOYSA-N,OCNT-2315514,3.881249,4.339393095200002,4.7984624,4.626676672512967,4.436461175819998,4.4336133,4.557962308132238,3.8257647,4.453093,4.2082014,4.316091,3.719685967,3.17275925,4.22392475
0,1,IXNDBORQXCOCSN-UHFFFAOYSA-N,OCNT-2309596,4.7729793,5.070698448619999,5.115097,5.0728834407733565,4.709644523350001,4.715332,4.635003891149058,4.534805,4.7644715,4.6585813,4.8006277,6.39124083,6.29897,6.484425
0,1,JCXGYPVDNKEZKL-UHFFFAOYSA-N,OCNT-2314654,6.0745773,5.403824098150002,5.30058,5.27414193592967,5.435013081689999,5.4235306,5.501366070999478,5.7697644,6.0110025,5.5726676,5.72462,5.23539196,5.10578325,5.350967
0,1,JIFHBVQNLSIJPG-UHFFFAOYSA-N,OCNT-2308803,4.8027096,5.2680155331900025,5.0427365,5.103991022822643,4.572562389800002,5.2055573,4.982076464496739,4.3040395,5.1120696,4.968375,4.997966,4.948839665,4.7674195,5.1466665
0,1,JJJJVJUOKHUIHD-UHFFFAOYSA-N,OCNT-2311688,4.892173,5.306436902120001,5.30058,5.191163799830911,5.46998228528,5.096176,5.034990356202811,4.841962,5.3037844,4.965565,5.1938295,5.387222525,5.16734025,5.5568215
0,1,JMNYNFDFEMFFTN-UHFFFAOYSA-N,OCNT-2314488,5.1454186,4.79555594014,4.265693,4.331445841538473,5.267474168719999,4.900938,5.333827580878997,4.818723,5.294362,5.182727,5.296053,4.938106148,4.72858825,5.168512
0,1,JMYYWDLLJQSPOB-UHFFFAOYSA-N,OCNT-2316181,5.6418533,5.4006655207800005,5.3075795,5.549607179476816,4.885279299960002,5.2486672,4.905542275012468,5.0466995,5.8462477,5.355311,5.7738953,6.571799018,6.48177425,6.66609425
0,1,JOBIHDLHMORTRY-UHFFFAOYSA-N,OCNT-2313198,4.8318334,4.67949417844,4.792186,4.62298337996491,4.685953391290002,4.399463,4.834084611936122,4.5532017,4.8617005,4.9223967,5.1165037,6.576043718,6.49806,6.656749
0,1,JOCLTLPPILWCOV-UHFFFAOYSA-N,OCNT-2314774,4.9567356,5.068863735610001,5.0427365,4.729549732233582,4.7675469903100005,5.273163,4.703843022364723,5.077866,5.0400405,5.1921263,4.9807663,5.244450755,5.09992975,5.377602
0,1,JQXBWGKXKGRNEM-UHFFFAOYSA-N,OCNT-2317331,4.5694036,5.027787524610001,5.0427365,5.013318988397993,4.55761334846,4.305021,4.964919376813573,4.097754,5.0048637,5.036106,5.0919614,6.399278052,6.3067815,6.49243275
0,1,JSDLMHDVEMVGNS-UHFFFAOYSA-N,OCNT-2311413,4.3855987,5.240274053790002,5.1060805,5.229783692961624,4.8031773344800035,5.0681233,5.156084411236071,4.7005863,4.823334,5.048326,4.833108,5.312041045,5.1574005,5.4423485
0,1,JUGYXNPIHCVGNQ-PJYWTSEFSA-N,OCNT-2308765,4.431298,4.430642298550001,4.1342273,4.325506474723266,4.97263255805,5.036838,4.993478453515887,4.912815,4.5496864,4.7078137,4.501624,3.86872516,3.2889645,4.28655225
0,1,JWNIZPXCAXQRIU-UHFFFAOYSA-N,OCNT-2311873,5.8509436,5.317028239729999,5.388419,5.431348937749537,5.465410630340001,5.1495442,5.285853788483209,5.7607026,5.8604536,5.7200174,5.907068,5.16790961,4.9741955,5.32501675
0,1,JWQAFCDFSGHBQL-UHFFFAOYSA-N,OCNT-2318557,5.331487,5.225562639750001,4.9817657,5.124766148384212,5.1372535159999995,5.3846903,5.223813786273697,4.724351,5.695138,5.2707663,5.0285196,5.390144205,5.26866275,5.49220075
0,1,JWRZRQPWWBREKR-UHFFFAOYSA-N,OCNT-2313618,4.070097,4.928367384999999,5.309046,4.834446729668716,5.152184670579999,5.143622,5.222341217340924,4.751124,4.933297,4.5273285,4.526176,3.245417602,1.51768725,3.9899805
0,1,JXKHXXHGQFDIGY-UHFFFAOYSA-N,OCNT-2314178,5.1990557,5.02027616673,5.1060805,5.250107159531071,5.311557312830001,5.2077074,5.04234429018702,5.074582,4.8312297,5.036039,5.195831,4.91695024,4.810729,5.02788475
0,1,JZGFHLNNHVLECJ-UHFFFAOYSA-N,OCNT-2310260,5.245622,5.193253764280001,5.0214696,4.879324066395502,4.721347500900002,5.220696,4.444299164519565,5.046536,5.3913937,5.196346,5.2794485,5.250553917,5.1581985,5.3324535
0,1,KBIFFZFLJCHRSB-UHFFFAOYSA-N,OCNT-2308529,4.5711446,4.30897516613,4.6989555,5.0692092957399275,4.725559493419999,5.0305037,4.756941352077014,4.1100345,4.6741843,4.780887,5.038676,5.021356355,4.8814065,5.11244725
0,1,KELUFBHDMTWQEL-UHFFFAOYSA-N,OCNT-2308995,5.0638185,5.355411922019996,5.379403,5.428881802661937,5.23121064523,5.3805056,4.967994289395965,5.2162952,5.4164505,5.2340784,5.0968175,5.266856083,5.127467,5.3772085
0,1,KFZXVMNBUMVKLN-UHFFFAOYSA-N,OCNT-2328764,5.5328503,5.616852401450002,5.37994,5.099949711093286,4.686578729980002,4.8331738,4.63414328282542,5.468544,5.5827036,5.498445,5.6885543,5.4731902,5.2918485,5.647609
0,1,KINHQBDMIBLWLO-UHFFFAOYSA-N,OCNT-2315115,4.7619257,5.065169996610001,5.1060805,5.207042759828986,4.8464236015600015,5.170886,5.00377430848926,4.5611525,4.2295136,5.0767765,4.7307773,4.604758073,4.39880475,4.88491
0,1,KKZJGLLVHKMTCM-UHFFFAOYSA-N,OCNT-0493951,3.8294587,3.49913854176,3.9187138,4.398568489883382,4.12719778958,5.256153,4.387016107392895,3.8910794,5.1921535,4.374538,4.070025,5.353338098,5.1009275,5.58642375
0,1,KLXUZEOQTNJRRF-UHFFFAOYSA-N,OCNT-2314875,5.118007,5.395586600549999,5.3075795,5.06763013902809,5.45513150106,5.47775,5.3624106885733,5.31327,5.3618393,5.535468,5.518014,4.88428075,4.685902,5.0985825
0,1,KMZYUSCVDZNVTP-UHFFFAOYSA-N,OCNT-2309138,5.4070687,5.433838857990001,5.3075795,5.231227004652233,5.4011214597100015,5.3735046,5.414563058479732,5.523141,5.5086827,5.2181873,5.3819294,5.58659819,5.496862,5.67991575
0,1,KTRFMBNZWVWXQT-UHFFFAOYSA-N,OCNT-2318111,5.41056,5.529220760470001,5.278041,5.320113702646312,5.481214859660001,5.2640166,5.295224568369031,5.5534034,5.397693,5.2577834,5.289727,6.20336773,6.10718525,6.30032425
0,1,KTXGZAHGTOTYGL-UHFFFAOYSA-N,OCNT-2313684,5.646831,5.844904218649999,5.3075795,5.4561061863273,5.390126442369999,5.417885,5.432085657578033,5.4737988,5.973276,5.5883746,5.7247705,5.303198938,5.08598275,5.462755
0,1,KUZJQXDTEWOIEK-UHFFFAOYSA-N,OCNT-2312554,6.038123,5.318887477230003,5.388419,5.481009702117405,5.2652872120200005,5.1872644,5.343531060071843,5.4439287,6.108087,5.6095095,5.8446894,5.725068442,5.59466725,5.84733
0,1,LAKMZUJEPXHSQY-UHFFFAOYSA-N,OCNT-2309810,4.709882,4.780765903759999,4.949109,4.803672457520487,4.091078036739998,3.8161936,4.259300504514049,3.7426553,4.600826,4.6466784,4.9043083,4.237526648,3.784309,4.99763575
0,1,LEQOABJBJQUSIJ-UHFFFAOYSA-N,OCNT-2310448,4.9014378,5.084822963969999,4.979,4.767137671749102,5.011242478410001,4.6520133,4.5888221976950145,4.7218237,4.7577763,4.8816533,5.2421618,5.011973475,4.8121245,5.185843
0,1,LHCOPLUTYHCPEN-UHFFFAOYSA-N,OCNT-2310242,6.159151,5.548565763800003,5.402479,5.479308572078571,4.999578136,5.0098543,5.223161877470556,5.526231,6.1282415,5.840847,6.0422935,6.372552588,6.1480355,6.55327575
0,1,LJQLDSDTAXHWQQ-UHFFFAOYSA-N,OCNT-2318566,4.9302754,4.928174016539999,5.1361938,5.040262922288188,5.04682182111,4.9374337,4.89040686564793,5.0608897,5.331435,5.112077,5.344134,5.352664358,5.17996925,5.508524
0,1,LMSNKMVPMRZZCB-UHFFFAOYSA-N,OCNT-2308510,4.47498,5.04403036323,5.1527915,5.082558304836394,4.530525610440001,5.062091,5.113583941302313,4.3683677,4.499316,4.578416,4.7113986,3.874486005,3.41318075,4.340715
0,1,LMUJWKIRCRWFKF-UHFFFAOYSA-N,OCNT-2312363,5.609782,5.860529656149998,5.691636,5.177344334946035,5.670373680260002,5.5643873,5.650991883539919,5.6143217,6.027356,5.7758536,5.8164916,5.874935857,5.7836255,5.96169825
0,1,LWVXLFNOBPUVIX-UHFFFAOYSA-N,OCNT-2312288,5.4359655,5.4584817588500005,5.37994,5.43996287512576,5.49364977029,5.5238414,5.354167424527381,5.532321,5.407256,5.3517933,5.351614,4.817996628,4.610838,5.04520275
0,1,LXJKAAXWGFNAFK-UHFFFAOYSA-N,OCNT-2314151,5.128655,5.444801247420002,5.2076755,5.228287231541957,4.61479015205,4.744415,4.868912022716198,4.732708,5.306889,5.2140145,5.352507,4.124147192,3.7714095,4.66205375
0,1,MAYGNRMRBCYUPW-UHFFFAOYSA-N,OCNT-2315212,5.562994,5.596544216360001,5.0498285,5.359520644601766,5.020085138620001,5.0655117,4.41347566403505,5.259391,6.2157125,5.4825864,5.580949,5.799003935,5.71947825,5.88065825
0,1,MBWXNTAXLNYFJB-NKFFZRIASA-N,OCNT-2328553,4.283882,4.82361643102,5.10039,5.044212261007419,3.97284926373,5.1473475,4.161841446423555,3.6948552,4.7757974,4.8096333,5.045637,5.06714608,4.85396375,5.23915625
0,1,MGBLKHQGXZBSOK-IJHRGXPZSA-N,OCNT-2310376,3.8172746,4.013531497469999,3.731405,4.094643596295269,4.051746075700001,5.259505,4.320399235605317,3.3263383,4.1871266,3.9672828,3.100224,2.100920668,1.05602075,3.39617
0,1,MJBFYSJSWHNXSF-UHFFFAOYSA-N,OCNT-2318024,4.17982,4.807006723020001,5.0427365,4.9666805791147794,4.422621125479999,4.7884355,4.270368301659996,3.960472,4.746308,4.463529,4.3841596,4.42591923,4.153679,4.8327245
0,1,MJSHQBKOOKTKQV-LBPRGKRZSA-N,OCNT-2312760,5.2118554,5.022902374989999,5.1060805,5.070306315361405,5.556118735629999,5.1495442,5.11384487115671,5.6016183,5.0858417,5.166321,5.2580295,5.507424165,5.380073,5.61983225
0,1,MKUCLUPMYFFFGY-UHFFFAOYSA-N,OCNT-2309232,4.7449493,4.411322175250002,4.6209526,4.656433456205623,4.58697744012,4.8778543,5.083195715884863,4.277344,5.0896463,4.912222,5.000243,3.662160178,2.945458,4.17273125
0,1,MNKMGNDBLJMEEX-UHFFFAOYSA-N,OCNT-2312720,5.1863003,4.89961585154,5.03372,4.795980193378063,4.5756703579,4.515741,4.819245909358648,4.7782536,5.4219813,5.134373,5.279936,5.300728757,5.205458,5.38708275
0,1,MNPYESDKOVWXSR-UHFFFAOYSA-N,OCNT-2313895,4.7685356,4.764499867099999,5.0427365,4.776701116230313,4.48413774454,4.3279963,4.609877557499439,4.2667603,4.416887,4.838732,4.9133406,5.363035167,5.22641625,5.476608
0,1,MQCGKFMBSSLQAT-UHFFFAOYSA-N,OCNT-2310650,5.7819233,5.175415549880001,5.2399626,5.171395800346572,5.367971923300002,5.1495442,5.156981950959912,5.408676,5.7661567,5.475938,5.8404083,5.152074687,4.954051,5.29500725
0,1,MSJUBWSXQQCCCY-UHFFFAOYSA-N,OCNT-2314801,6.6252117,5.648200405009998,5.402479,5.475448303259462,5.6626003392,5.2967777,5.693659894798438,5.8683963,6.280802,6.137018,6.5352902,5.890563753,5.79049475,5.98767025
0,1,MVNQOYNSBTYFJP-UHFFFAOYSA-N,OCNT-2314210,5.266035,5.327098385500002,5.3075795,5.383919881928258,4.965609427890001,5.1998553,5.195701337044539,5.35679,5.757017,5.411391,5.2757964,5.0010382,4.78018775,5.20274225
0,1,MXOSBTWGOGZZER-AZOXIEDXSA-N,OCNT-2318405,4.8777285,4.728928772140002,5.0427365,4.875229554939048,4.579551615639999,4.6142735,4.690223722078151,5.2040076,4.757261,4.8029532,4.716755,4.664680495,4.4422185,4.92801725
0,1,NABUIGWXEXMHMS-UHFFFAOYSA-N,OCNT-2308600,5.083558,5.2947207460799985,5.2076755,4.974185353826986,4.808508459620001,4.8444753,5.103383702747675,4.9459434,5.6101727,5.1399536,5.20853,5.030569498,4.86822,5.1897335
0,1,NADVEOZBBSLZOC-UHFFFAOYSA-N,OCNT-2310913,5.7730684,5.2398335793300035,5.30058,5.191163799830911,4.795625566830001,4.5292377,5.121394652621105,4.848313,5.3613935,5.3934083,5.6796083,5.84268185,5.7409985,5.94342425
0,1,NCBDIAFDYAWTPW-UHFFFAOYSA-N,OCNT-2309664,5.6310196,5.524260066860002,5.3075795,5.253264689316719,5.317804938080001,5.207092,5.3013334814312945,5.2674985,5.901012,5.694712,5.634222,5.571034195,5.38202275,5.72265075
0,1,NDFPYBQHVQZPMN-UHFFFAOYSA-N,OCNT-2313708,3.3098927,4.123380221809999,4.1342273,4.222158720261903,4.33160308949,4.5830455,4.535087903863533,3.7523637,3.8756404,3.9979324,3.868956,1.976778238,1.03478825,3.3323695
0,1,NECXPRJZRYCKAT-UHFFFAOYSA-N,OCNT-2308649,5.523852,4.736791042490001,5.200676,4.982671193076952,5.01672367665,4.9325404,4.617223314069386,5.2125,5.2391796,5.12911,5.7357774,5.028129372,4.81764425,5.219309
0,1,NEUSVAOJNUQRTM-UHFFFAOYSA-N,OCNT-2328787,4.775163,5.513154433250001,5.37994,5.113519750743453,4.723022897979999,4.692862,5.176051244035741,4.7303376,4.4549384,4.919418,5.4144125,4.77122071,4.6791955,4.866684
0,1,NHKYFFIMWRXZCG-UHFFFAOYSA-N,OCNT-2309491,5.1155157,4.904984906210001,4.739297,4.655336173991469,4.7378339273200005,4.5960426,4.735444274072348,4.8430476,5.6278834,5.2740216,5.432675,5.875974053,5.74470725,6.0044525
0,1,NIKYSSZTCHVNNJ-UHFFFAOYSA-N,OCNT-2310919,5.3682384,5.545905734549997,5.3075795,5.4552651786189745,5.6200842707800005,5.434869,5.620814171980616,5.460345,5.7049704,5.4480815,5.6134534,5.380215127,5.2255035,5.51689425
0,1,NIYULIQCZVFWLR-UHFFFAOYSA-N,OCNT-2313865,5.1835337,4.408771193580003,3.9681983,4.299029826435849,4.60524070486,4.441129,4.304096908364588,3.9083133,5.061841,4.786863,5.121946,4.458827477,4.17273125,4.9445135
0,1,NLXSFVWGDYEQIS-UHFFFAOYSA-N,OCNT-2312504,4.916307,4.695887965180001,5.1057763,4.964449587075769,4.322524699939999,4.4864507,4.412017708820033,4.486959,5.143073,5.166477,5.275739,5.382527868,5.2798265,5.4770035
0,1,NPTOPOGVOJXVQG-UHFFFAOYSA-N,OCNT-2312445,5.129191,4.885757081660002,5.0427365,4.792397848077767,5.089068473880001,4.96374,4.946554485696516,4.7743096,5.2108603,5.1850677,5.1150885,5.093610163,4.957877,5.19833225
0,1,NQPDXQQQCQDHHW-UHFFFAOYSA-N,OCNT-2328958,5.7252326,4.724823384930001,5.3075795,5.4469155813512575,5.661837186410001,5.2981052,5.62481069902789,5.855623,5.8958955,5.638236,5.9296913,5.63758462,5.52023575,5.74548225
0,1,NQPRWZAKZZQRTD-QWHCGFSZSA-N,OCNT-2311058,5.430568,4.8269140769600005,5.029381,4.701720802241016,4.846042511590002,4.7258706,4.946902336006828,5.4291887,5.364368,5.7660427,5.7370954,4.408572057,4.07874375,4.9184255
0,1,NQZHFXMFNWKCGL-UHFFFAOYSA-N,OCNT-2312226,5.685066,5.652495894440003,5.452652,5.517932791334311,4.763518806950001,4.735362,4.891976501338645,5.1102376,4.955175,5.14233,5.2226133,5.786870128,5.70478675,5.871801
0,1,NRHPQGFOHHKTNQ-UHFFFAOYSA-N,OCNT-2314083,4.106263,4.652709700560001,4.6209526,4.648297323200907,4.461511795940002,4.8777285,4.792656701717427,4.0024037,5.1075926,4.5640106,4.3702154,3.683065297,3.1495515,4.198299
0,1,NVIPJYUDRHGQJO-UHFFFAOYSA-N,OCNT-2315331,5.0100307,5.288494563899999,5.3075795,5.248370861345462,5.464333993870001,5.3637857,5.232360554435139,5.2105017,5.3317046,5.112616,4.812,5.693697885,5.503627,5.88284375
0,1,OGQYPPBGSLZBEG-UHFFFAOYSA-N,OCNT-2328970,4.021586,4.92813068307,5.10039,4.941085220167103,3.78238435752,4.567336,4.693586452070355,3.8697934,4.339158,4.3945475,5.0739646,2.344094297,1.05550525,3.719995
0,1,OHKWOMNIMXUDBU-UHFFFAOYSA-N,OCNT-2313694,4.763809,4.4291828342300015,4.370402,4.577424893508548,5.067720872700001,4.7772684,5.085520998590076,4.094056,4.682888,4.893566,4.705259,5.148381035,4.9534245,5.343641
0,1,OHZIROHEARSYFY-UHFFFAOYSA-N,OCNT-2317689,4.6472626,4.588140579190002,4.27013,4.366025263398344,4.731992743420001,4.9417653,5.162595261299317,4.050114,5.174263,5.0347176,5.34171,5.21566131,5.06100525,5.354621
0,1,OKRBQLXCTWVFIO-UHFFFAOYSA-N,OCNT-2309243,5.1423125,4.1472720025,5.128889,4.5005408950057895,4.82299036217,5.2188005,4.7490905080638255,4.5589576,5.4341297,4.273132,4.6692653,5.328740902,5.107286,5.587215
0,1,OPPFQRUPYDGASZ-UHFFFAOYSA-N,OCNT-2310119,5.16348,5.373293073780001,5.3075795,5.173637753326922,5.578071618870001,5.2569265,5.508401514439015,5.312362,5.7025647,5.314512,5.5201335,4.85225406,4.61622125,5.0039235
0,1,OQOVOJADYWLGMQ-UHFFFAOYSA-N,OCNT-2316591,4.3277626,4.181744830539999,4.7984624,4.539386807229073,4.558389798380001,4.8419504,4.641216156643564,4.456913,5.0488033,4.54938,4.393909,5.550957252,5.416853,5.67865675
0,1,OQWDBCXAINMZFS-UHFFFAOYSA-N,OCNT-2311797,5.5962095,5.541123924379999,5.178137,5.279177465837313,5.10795997261,5.531804,4.998129873831758,5.197138,5.5097284,5.8228817,5.8088036,6.030438043,5.9390295,6.12149075
0,1,OSIYLOUHGXESDX-UHFFFAOYSA-N,OCNT-2312897,4.6212816,5.411147142659998,5.3075795,5.344058529684335,4.621976342529999,4.1404943,4.471843387456756,4.533731,5.1356463,4.8620176,5.062747,5.052475848,4.865579,5.2124915
0,1,OTNGFHKZEVTRBS-RTBURBONSA-N,OCNT-2313778,5.253699,5.266745534080001,5.388419,5.436619702739741,4.57612330323,5.0006866,4.053915320770401,4.9190617,4.847874,5.0689077,5.151358,5.030950358,4.83841925,5.20294375
0,1,OVFKQWFQTXBVDX-UHFFFAOYSA-N,OCNT-2315517,5.324774,4.9840378674500005,5.115097,5.15286141244329,5.18725838335,5.2873726,5.110908417036665,4.7623696,5.574138,5.255913,5.3829637,4.98168919,4.80122675,5.2082845
0,1,PFZDDDCXFJSCKQ-UHFFFAOYSA-N,OCNT-2314086,5.0457077,5.462161581329999,5.37994,5.41515093942328,5.5113055285,5.5286026,5.234707752509363,5.3440604,5.9450984,5.122712,5.500843,5.045519055,4.84923375,5.247627
0,1,PHWBOXQYWZNQIN-UHFFFAOYSA-N,OCNT-0496475,5.0589976,5.1336301421,5.1060805,5.042008048432493,5.37902472226,5.089983,5.319940944717816,5.5439467,4.337977,5.162387,5.411771,4.765568825,4.54102825,5.01948175
0,1,PHWUOFXXLTWMIY-UHFFFAOYSA-N,OCNT-2308562,4.9390035,5.176924242090004,4.8729806,4.9130311974284,4.6499641074700016,4.6897674,4.5508390431932,4.920192,5.418952,5.1667566,5.2706313,4.911011337,4.71040675,5.11844
0,1,PIDJDWPBMLIQQG-UHFFFAOYSA-N,OCNT-2309110,5.289949,5.3990686409699995,5.17572,4.8564075282416965,4.810172874249999,5.302144,5.096583823112319,5.097135,5.662983,5.0690475,5.248121,5.114729933,4.933995,5.2244005
0,1,PNIGJPMOIGYDGC-UHFFFAOYSA-N,OCNT-2310566,4.8964844,5.351646543460001,5.17572,5.004053393270143,4.903800834120002,5.367471,4.9068609465386075,5.230811,5.0323057,5.2572827,5.5878177,5.582370968,5.44589975,5.708774
0,1,PNZYMSWQEYPOPA-UHFFFAOYSA-N,OCNT-2314254,4.6599407,5.04090227083,4.949109,5.130422754378167,5.201414422999999,4.8427205,5.07620214384243,4.5413437,5.1646013,5.0480433,4.9589605,4.873584605,4.66857675,5.049036
0,1,POERQIHEEDXADC-UHFFFAOYSA-N,OCNT-2316079,4.0414915,4.31421202187,4.514798,4.512568139187464,4.40090378435,4.9385343,4.3545745518145225,3.719348,4.182962,4.1548223,4.2626314,4.780055948,4.6073285,4.9636
0,1,POWLBZQCDYJROV-UHFFFAOYSA-N,OCNT-2316568,6.6238937,6.10495638671,5.844758,5.450656781003167,5.505829909690002,5.56483,5.5643399915664595,5.6776686,6.057139,5.9078875,6.063002,7.629790315,7.5473635,7.710401
0,1,PYWBMSWXRRLTLW-UHFFFAOYSA-N,OCNT-2308918,5.1827545,5.232469589180002,5.2076755,5.1087509756632485,5.318667777970002,5.4037733,5.589036237784783,4.8105736,5.5518055,5.159943,5.4566197,5.307835752,5.125083,5.43446075
0,1,PZCFPGPPPJQMQI-UHFFFAOYSA-N,OCNT-2312952,5.7231436,5.413653213800002,5.3075795,5.066189333422539,5.044008725660001,4.8133082,5.039810252660581,5.5325556,5.643608,5.5927796,5.7161674,5.27642778,5.18231025,5.366895
0,1,QBMXBWJGVUKDQR-UHFFFAOYSA-N,OCNT-2313923,5.2385607,5.400909042210002,5.3512907,5.450286657384437,5.00337054877,5.14751,4.99396281345676,5.244787,5.255675,5.029264,5.357594,4.824067162,4.650145,5.0092125
0,1,QDZLJEUNTNYVTE-UHFFFAOYSA-N,OCNT-2314741,4.2172055,4.501451166440002,4.792186,4.6699365956281165,4.47420833995,4.746068,4.681273956135222,3.7868285,4.1421895,4.266901,4.1931243,2.40076287,1.07288325,3.644315
0,1,QGYDFVKEHDATCJ-UHFFFAOYSA-N,OCNT-2314032,4.925155,4.91988724444,4.949109,5.09956200328212,5.072171248379999,4.842067,5.082442184261467,4.3818154,5.2131367,4.889301,4.9851446,5.142250608,5.022046,5.2390925
0,1,QHQNTFZKCTTXKG-UHFFFAOYSA-N,OCNT-2317680,3.3799663,4.57230314108,4.265693,4.154270205731015,4.478775991090001,5.230245,4.206257522507846,4.5528445,3.7867842,3.5903182,3.4786363,5.176764892,5.0299315,5.32684575
0,1,QIHYSNAOCJNIRD-UHFFFAOYSA-N,OCNT-2312607,4.953201,4.42355397876,4.27013,4.330373449959702,5.423282752639998,5.0777836,5.114551434533727,4.7075057,5.1529617,5.0612164,5.1688704,4.878171885,4.728522,5.0275935
0,1,QLJSPTQLWJJXDU-UHFFFAOYSA-N,OCNT-2310094,4.884984,4.78785420997,4.856439,4.677934191765633,5.512916026409999,5.337705,5.234353237312325,5.3761597,5.0513353,5.213808,5.282143,4.625363453,4.3915625,4.9263205
0,1,QSAXWMHCRIGKBT-UHFFFAOYSA-N,OCNT-2314136,5.206038,5.241223242850001,5.115097,5.151331569981862,5.13817789666,5.5694656,5.264835764828872,5.1998544,5.3406057,5.501839,5.537011,5.092065247,4.94721,5.2322085
0,1,QVVSKZGCFJDBDW-UHFFFAOYSA-N,OCNT-2311135,5.3140893,5.216838647389999,5.1619554,4.981942550362552,4.9881506814900005,5.190798,5.214292092409406,5.3140244,5.3604236,5.463678,5.5932965,3.527385155,2.54999925,4.1111975
0,1,RAJNREHOKVVGSQ-UHFFFAOYSA-N,OCNT-2312338,4.1183286,3.9898975522000018,3.9060218,4.191195858525292,4.382444543470002,3.9488583,3.891917445326711,3.2705874,4.2434244,4.252474,4.261082,5.139160525,5.0241975,5.2429805
0,1,RAMYBWRNVKSEGW-UHFFFAOYSA-N,OCNT-2316266,3.4384894,4.4889641437800005,4.5387273,4.430310471772018,4.38078552472,4.107567,4.244976882123444,3.6547575,4.0897145,4.0805836,3.8335612,2.59212288,1.11123775,3.8353225
0,1,RDFSDZSZRPSGPR-JTQLQIEISA-N,OCNT-2312387,5.7418704,5.3131101672900005,5.0427365,4.946605147496174,5.281444588190002,5.3684435,5.198496449609356,5.4143195,5.693495,5.7568645,5.767372,5.229927352,5.0666685,5.38179975
0,1,RHDJRPPFURBGLQ-UHFFFAOYSA-N,OCNT-2328420,6.162279,5.411569949180001,5.2991376,5.091491520001,5.106885087600003,4.7225227,5.00159229199453,5.7091985,6.086001,5.730524,5.6617107,6.129806315,6.030439,6.223367
0,1,RJEFLQVTYYVNSJ-UHFFFAOYSA-N,OCNT-2312277,4.5330215,4.6921802992299995,4.7984624,4.756703270769426,4.951641956960002,5.070339,5.035030137302095,4.3695726,4.759145,4.699058,4.7599106,5.379924618,5.26215675,5.478853
0,1,RJHVPYKVGPHSDL-UHFFFAOYSA-N,OCNT-2314625,5.478401,4.743956870720003,4.7984624,4.988051275216707,5.2370871865,5.336104,5.036903750439772,4.8677726,5.8136444,5.7090683,5.51858,5.575078667,5.46645625,5.67984475
0,1,RLGQACBPNDBWTB-UHFFFAOYSA-N,OCNT-2328630,3.7618892,5.3271784703300025,5.37994,5.089482824462999,4.50042188001,4.6906247,5.090866364370905,4.137375,4.235323,4.3652225,4.6534843,4.6823471,4.60149725,4.764871
0,1,RLRTYDNYGVMPHP-GYSYKLTISA-N,OCNT-2311088,5.6997585,5.262333795540001,5.0427365,4.845660090917179,5.425440078480001,4.9984236,5.276838715917076,5.6625834,5.818967,5.67681,5.634178,5.744338573,5.57154025,5.91131125
0,1,RMOQOPSUZCJLMR-UHFFFAOYSA-N,OCNT-2308474,5.874612,5.61657059293,5.2076755,5.207486169418588,5.237575177230001,5.273276,5.430961894322451,5.6217413,5.780061,5.970286,6.196678,6.01210488,5.90614975,6.1220405
0,1,RNTOIGRBODRYSF-UHFFFAOYSA-N,OCNT-2315765,4.545336,4.491649723590003,4.7984624,4.7009793296951425,4.75928100617,4.5929775,4.7831255622307625,4.6081734,5.2361994,5.2118983,4.9868317,5.507745453,5.3963015,5.60921375
0,1,RPSCLEMAMVXMHA-UHFFFAOYSA-N,OCNT-2318680,5.045988,4.9346690330500005,5.0427365,4.853265430404264,4.94162865752,4.7203574,4.842047149007844,4.8942866,5.089083,5.34572,5.5585775,5.309533675,5.1898385,5.412356
0,1,RQGVCACJTCSQTN-UHFFFAOYSA-N,OCNT-2308470,5.3275733,5.414236792140002,5.3075795,5.278073519431618,4.829574440740001,5.145014,4.710073615698424,5.2712812,5.32131,5.3307095,5.259485,5.107489447,4.972475,5.2167005
0,1,RQZMYCXAAQBDIN-UHFFFAOYSA-N,OCNT-2313469,5.570233,4.96062979368,4.949109,5.024121552232202,5.274576639679999,5.2186604,5.32202760622808,5.2676864,5.6426716,5.5518374,5.699449,5.471783767,5.37030075,5.56906125
0,1,RRLNFLKKTZKLGB-UHFFFAOYSA-N,OCNT-2310088,5.2278023,5.182928233990003,5.10039,4.914528367096968,5.061881061520001,4.986592,5.107242302273815,4.7512765,5.120964,5.4238076,5.4665112,5.749697375,5.65747925,5.84186325
0,1,RUAGYLLVGYPLQJ-UHFFFAOYSA-N,OCNT-2315610,4.189151,4.1844210432299995,4.370402,4.539566516150634,5.66865900088,5.7445173,5.620410269328553,4.5024424,4.7048783,5.251429,5.0256643,5.16980186,5.00750775,5.298008
0,1,RVTZNVLWCXLJPL-UHFFFAOYSA-N,OCNT-2314148,4.7211843,4.580671117970002,4.598094,4.330373449959702,4.8526709950399995,4.966085,4.776823504245499,4.6765103,4.714108,4.8135543,4.851228,4.62330209,4.40838925,4.90190375
0,1,RYUHAUCQHUWDOU-UHFFFAOYSA-N,OCNT-2315148,5.7429724,5.42631208826,4.9817657,5.181191512612529,5.341556139369999,4.892002,5.454890697893572,5.5962825,5.8179784,5.573294,5.580673,7.76335634,7.666681,7.858203
0,1,RZZMJJHCRXCKOX-UHFFFAOYSA-N,OCNT-2313054,5.07693,4.678892503430003,4.792186,4.959387506844937,5.1554491679600005,5.544107,5.177610948859969,4.9086723,5.1213923,5.2915287,5.311963,5.488140125,5.337221,5.630585
0,1,SCTHNWLHNCWRED-UHFFFAOYSA-N,OCNT-2313565,4.926629,4.919245331959998,4.792186,4.945708739707962,4.58895289199,5.126853,5.1218707333443225,4.525494,5.7831144,5.0454116,5.0589542,4.798317928,4.63974675,4.98029
0,1,SEBMTIQKRHYNIT-UHFFFAOYSA-N,OCNT-2328870,4.592495,5.127386181739999,4.6931353,5.130970905141175,5.089455270040001,4.791334,4.972693652268361,4.9320493,3.8905964,4.643085,4.591347,2.242559385,1.05884325,3.62512925
0,1,SESFRYSPDFLNCH-UHFFFAOYSA-N,OCNT-2328565,5.838357,5.460284705690002,5.278041,5.014835368117959,5.507518758269999,5.3280754,5.704132341327058,5.7116675,5.459955,5.9301825,5.879572,4.116783042,3.7634505,4.45348075
0,1,SGCPYVGCKOGTOH-UHFFFAOYSA-N,OCNT-2310035,5.469777,5.3815426218099995,5.514246,5.418697361706809,4.89038509504,5.094739,5.034012482183672,5.1894045,5.8268228,5.5655355,5.6589737,5.83376288,5.73598375,5.93136525
0,1,SJDGSALYCQVKOO-SHTZXODSSA-N,OCNT-2310684,3.737216,4.46615383552,4.751989,4.4260900415165585,4.679399296370001,4.528602,4.720935595187622,4.6206026,4.1665115,4.5597944,4.316814,4.902856362,4.691437,5.1296805
0,1,SNAQXHFRULWQCO-UHFFFAOYSA-N,OCNT-2314335,4.3089314,5.0115729803399995,4.687477,4.566305124539097,4.246960116910002,4.045966,4.017123972859212,3.4584465,4.346279,4.3539567,4.720646,4.86428017,4.63389325,5.0523425
0,1,SOJFGIZPXDBJNT-UHFFFAOYSA-N,OCNT-2314226,5.4320073,5.63955962342,5.402479,5.613456071309378,4.5069733166,4.845221,4.446456303933132,4.983055,5.581031,5.4848337,5.413695,7.444914285,7.34896975,7.538026
0,1,SVDYMXAJCOKQLE-UHFFFAOYSA-N,OCNT-2309918,3.3858187,4.39687015187,4.265693,4.0513706976648844,4.573365630159999,5.1151733,4.768745456048946,3.9803896,4.4999223,4.6509943,4.281647,2.801646928,1.17153425,3.9173995
0,1,SXTDMNODKPPWQE-UHFFFAOYSA-N,OCNT-2313234,5.6954365,5.702539652899999,5.402479,5.469440317813319,5.7548843096899995,5.5286026,5.641300193461121,5.7114596,6.2586956,5.832501,5.956252,5.28275539,5.152235,5.3935925
0,1,TUTNRJIYQDWINN-UHFFFAOYSA-N,OCNT-2310433,5.6341147,5.185403984980001,5.388419,5.454561933697169,5.287807435109999,5.352399,5.23226146635118,5.020057,5.8269906,5.1034555,5.187152,5.96082651,5.85425375,6.0691845
0,1,UBNYRXMKIIGMKK-UHFFFAOYSA-N,OCNT-2328702,5.287388,5.303735664369999,5.37994,5.262487626144976,4.920667842629998,5.5678144,4.509921687216063,5.208705,5.5324187,5.7859426,5.718329,5.310094333,5.22720775,5.3905935
0,1,UBQFGIHFQCAKOP-UHFFFAOYSA-N,OCNT-2317340,3.842331,3.76850041957,4.274457,4.235894076481683,4.629989630570001,5.3086886,4.77469950299576,3.6187377,3.9975424,4.248212,3.8088446,2.099288893,1.05825225,3.4932585
0,1,UDCRBVYHXMGVBV-UHFFFAOYSA-N,OCNT-2311707,4.036055,5.10973306605,4.7186575,5.112073213566479,4.476933392020002,4.050059,4.498547827411322,4.435277,5.1647873,4.401948,4.2632027,5.673069532,5.55335175,5.7863855
0,1,UEAQTSBMPDYYBH-UHFFFAOYSA-N,OCNT-2310670,4.767709,4.988078169030001,4.010782,5.002067999271968,5.701264308260001,5.67074,5.54965267756367,5.2745605,4.740394,5.086881,5.181935,5.914179695,5.8110685,6.01139025
0,1,UHULZKUAQVSGMS-UHFFFAOYSA-N,OCNT-2314879,4.5993443,4.95423714434,5.17572,5.070546806118621,5.104638977320002,5.313638,4.912908890682,4.795908,4.9382973,5.4450564,5.1312413,5.227320898,4.3091175,5.82181525
0,1,UWNDLRVKSDTTRP-UHFFFAOYSA-N,OCNT-2315112,5.4441404,5.390003280430001,5.278041,5.334262784613889,5.387099201939999,4.5174766,5.212982573199899,5.4639006,5.5731163,5.264905,5.401414,5.673541682,5.565823,5.78062075
0,1,VAZPOTJURGQWAP-STQMWFEESA-N,OCNT-2311225,5.22705,5.26120935788,5.3101873,5.133344634312362,4.610234741839999,4.715683,4.44298985838117,5.315366,5.0685687,5.162776,5.4735246,5.238585815,5.0394995,5.3953055
0,1,VCEACQBCTFZCNS-UHFFFAOYSA-N,OCNT-2317891,4.694602,5.011003045720001,4.8617797,5.027337513875399,4.973235899670001,5.1733656,4.465908909975725,5.361818,4.821021,4.912974,5.0298615,4.033201865,3.61493,4.59009475
0,1,VDDCFMULUARAJA-UHFFFAOYSA-N,OCNT-2316115,4.993912,5.151721010359999,5.0427365,4.877442003035419,5.169798071689999,5.062616,4.912288849419499,4.880507,5.181628,5.0927935,5.1082706,4.83507146,4.26064825,5.58655475
0,1,VDJLOPPVHCZTLF-UHFFFAOYSA-N,OCNT-2311021,4.1544228,5.180362765200003,5.0427365,5.116127878634316,4.642094312270001,4.4825807,4.9423332787109615,4.5330687,4.571063,4.754766,4.9121966,5.67066984,5.561121,5.7835725
0,1,VEDWULVMPQGUJG-DOTOQJQBSA-N,OCNT-2316971,4.862575,5.353240865260001,5.115097,4.97256916538469,5.37617006435,4.9119844,5.09301264126067,5.389385,5.045197,5.0616918,5.0462937,5.795675678,5.69690975,5.89578375
0,1,VEMYZSVGTYLIIE-UHFFFAOYSA-N,OCNT-2308905,5.313614,5.18007953812,5.0427365,5.024602163046681,5.414781839759999,5.2788234,5.0858927690346425,5.259591,5.5270576,5.2729206,5.286046,4.857112792,4.6806405,5.017722
0,1,VFYQKMRHQYQUKQ-UHFFFAOYSA-N,OCNT-2311338,4.6763034,4.726297779469999,4.8645463,4.8510035431146195,4.721567677650004,5.080215,4.869359249497502,4.8007,4.7342124,4.9825563,4.7574315,3.803538005,3.34563225,4.32810225
0,1,VMQVPAMNFSTCAC-UHFFFAOYSA-N,OCNT-2314207,3.8325098,4.47622865449,4.2521353,4.308906488552235,5.343382277480001,4.9107685,5.323121679242027,4.49499,4.618053,4.5281,4.785478,2.075823873,1.0432465,3.21058325
0,1,VNXDVPIEKLJBAE-UHFFFAOYSA-N,OCNT-2316559,5.4091635,5.29614704212,5.1952896,4.972163026836824,5.218499968890003,5.672296,5.284116804283422,5.3661623,4.8766246,5.154887,5.5628505,5.341833525,5.23803625,5.436346
0,1,VNZASAGBFVEPAI-UHFFFAOYSA-N,OCNT-2310978,5.0382247,5.383189920830001,5.37994,5.261583370831081,5.274594297379999,5.3185916,5.083897363760272,4.81047,5.8461504,5.099727,5.2034225,6.124094282,6.03159525,6.21656075
0,1,VRWZGQHEAVYSMP-UHFFFAOYSA-N,OCNT-2317983,5.7293196,5.515366114029999,5.3075795,5.146194863111809,5.370784599860001,5.6486225,5.790365144419678,5.8902917,5.9116793,5.917804,5.765005,5.537184468,5.46115875,5.61480175
0,1,VSWBSWWIRNCQIJ-HUUCEWRRSA-N,OCNT-2328552,5.225312,5.296738906260001,5.115097,4.937961582419628,5.3458457396100005,5.43907,5.153390330116574,5.2508326,4.838622,5.248014,5.22766,5.644207448,5.55978775,5.725689
0,1,VXYWJYHOQJEMKQ-UHFFFAOYSA-N,OCNT-2310796,5.6231613,5.197971108990001,5.1490746,5.073459033076525,4.963272954900001,4.9523244,4.993472661742152,5.3657045,6.062937,5.555446,5.7399597,6.640890918,6.5620765,6.71921025
0,1,WDVWPZGOCHWSJT-ZETCQYMHSA-N,OCNT-2314321,4.705743,4.68581204307,4.370402,4.45730324868103,4.193963252060001,5.535091,4.878901775947962,4.3940096,5.3647323,4.9899735,4.9011707,4.922546245,4.74416725,5.0904285
0,1,WDXHGUYZWPUCKF-UHFFFAOYSA-N,OCNT-2317753,5.277779,5.627291722960001,5.3075795,5.463990140624776,4.594238877400001,4.6258597,4.86583730957334,4.7347674,5.7025228,5.2820563,5.395245,5.59683955,5.39068175,5.7879455
0,1,WFLMYIUCCYBMSV-UHFFFAOYSA-N,OCNT-2310207,5.553494,5.421588704830002,5.4358525,5.276777442760517,5.0854354621299995,4.70783,5.044738448484066,5.596784,5.912176,5.6285033,5.6030664,5.171987592,5.0299845,5.308365
0,1,WGLOMJBEIXDVFC-UHFFFAOYSA-N,OCNT-2314757,3.6544356,5.10843612359,5.115097,5.102674632252951,5.360447591589999,5.3992615,5.3280790775366516,4.2436385,5.1152077,4.45565,4.4194856,5.951268233,5.8665155,6.03349225
0,1,WNVZWNWYYUTQII-ZDUSSCGKSA-N,OCNT-2311532,6.7143025,5.6826969661800035,5.402479,5.261230731368377,5.330452218580002,5.7125144,5.531014490150995,5.9265933,6.367623,6.2512026,6.521161,7.427857497,7.3255775,7.53513825
0,1,WRLYSWVJPNRQTN-UHFFFAOYSA-N,OCNT-0294781,4.905712,4.947306627170001,4.6801715,4.788911635357985,5.329075456910001,4.972578,5.173476090485993,4.8996577,5.3803663,5.141966,5.166687,5.899677993,5.78074925,6.0205975
0,1,WUZYKBABMWJHDL-UHFFFAOYSA-N,OCNT-2328938,4.969359,5.30973592199,4.9664574,5.222386445075626,4.604635076590001,4.9391065,4.401780643220027,4.8973184,4.602085,4.920527,5.2109647,5.325893385,5.2071245,5.42375575
0,1,WYLGKUHXYCKJRU-UHFFFAOYSA-N,OCNT-2313026,3.954555,3.9322996966800017,4.1342273,4.3102836812408665,4.379740193960001,3.78517,4.121096326448322,3.656609,3.8616152,4.2157564,4.1088986,3.84698157,3.32764,4.25747175
0,1,WYWNLPSNCOQRHL-UHFFFAOYSA-N,OCNT-2311916,4.850701,4.7529854232499975,5.4358525,5.137606677349003,4.489819984650001,4.742703,4.443581790063817,4.8398,5.1265974,4.8684845,5.285871,5.215246547,5.04472675,5.36339325
0,1,XEMCUDAQPISXBU-UHFFFAOYSA-N,OCNT-2315996,4.4762864,3.9747388941100046,4.2737722,4.359525738088925,4.5022229336500015,4.693622,4.4042213117579285,3.6615882,5.3734365,5.0707006,4.9428105,4.43614745,3.87774425,5.2365375
0,1,XGUUIGANFHYZOD-GXSJLCMTSA-N,OCNT-2308871,5.331118,5.298070549760002,5.115097,5.193296186938918,5.263682366679999,5.053053,4.664346415299647,4.9003263,4.944508,5.257205,5.3979425,5.284392625,5.15024725,5.38431725
0,1,XMBDBAFIEQZCRV-UHFFFAOYSA-N,OCNT-2310828,4.844735,5.554539422989998,5.37994,5.486203367684307,5.32715693093,5.362109,5.3085685469128245,5.297536,4.967824,5.2354383,5.3925266,4.457987065,4.15543125,4.8956625
0,1,XQTHQQRIGKWCMM-TTZKSVMKSA-N,OCNT-2308740,4.6074553,4.026949737350001,4.548044,4.448177078561984,4.870483782640001,5.005376,4.677526059250449,5.245624,4.5633597,4.950041,4.686783,5.235968535,5.05392925,5.3980015
0,1,XREKWVNCWBAPHQ-UHFFFAOYSA-N,OCNT-2318236,5.1762986,4.925585992079999,4.289817,5.170200283058772,4.76522115903,4.3762393,5.0099601345404166,5.0798526,5.3799405,5.085973,5.448588,6.25668999,6.1513185,6.3565695
0,1,XXQZZAVTJKDDAX-UHFFFAOYSA-N,OCNT-2314454,5.0577126,4.134378750850001,4.3560576,4.650852629268137,4.953126823450001,4.7717075,5.193068202439885,5.154393,5.182841,5.128004,5.2210135,3.90601283,3.485328,4.49597
0,1,XYBSIQLXXDTGIG-MRVPVSSYSA-N,OCNT-2309597,4.4096556,5.53588497735,4.988329,4.884758785223151,5.2249730484900025,4.871659,5.246350795959617,4.787441,4.816988,4.8150845,5.007728,3.614950857,2.8224475,4.10347025
0,1,YBSFAVKRJPTTHV-UHFFFAOYSA-N,OCNT-2316120,5.1242604,5.162374248069999,5.115097,5.091790191080996,5.12819983588,5.1495442,5.03712932833747,5.1756926,5.350104,5.1947393,4.986922,5.018241137,4.88424075,5.16323575
0,1,YGQRUXKHKRRRPX-UHFFFAOYSA-N,OCNT-2313058,6.155344,5.317314300510003,5.2489786,5.141209822394677,5.009156776549999,4.8834095,4.97259766686241,5.1072288,5.248039,5.4097743,5.849053,4.857063137,4.68525975,5.03416225
0,1,YGZAMANWSHREIT-UHFFFAOYSA-N,OCNT-2309600,3.6071286,4.107836819209998,4.307626,4.407663139464433,4.747012134410002,4.2426147,4.586660031356878,4.2306957,4.4104643,4.263404,4.239837,4.52852544,4.27080925,4.8842165
0,1,YNBUZBXAPIGYTF-UHFFFAOYSA-N,OCNT-2314720,4.235118,5.257465959709999,5.115097,5.154245919228902,5.030059001849999,5.436722,4.720435629798964,4.5630765,5.324364,4.705914,5.0325384,4.989900158,4.773039,5.15615075
0,1,YUBNRZSJAPGEPP-NEPJUHHUSA-N,OCNT-2312071,5.1374497,5.022732179370001,5.0427365,5.003264835503655,5.510844336569999,4.9933043,5.3128231687960445,5.1884437,5.443994,5.3769007,5.245142,5.00255119,4.8367855,5.13905625
0,1,YXLVDUWUDRRGEV-UHFFFAOYSA-N,OCNT-2313785,4.5184984,4.802598772659999,4.949109,4.579710049234982,4.263850730770002,4.9679527,4.314521988939114,4.395545,4.297244,4.3167477,4.844455,4.137496055,3.75581975,4.569057
0,1,ZAJBAXYKTFWDPK-UHFFFAOYSA-N,OCNT-2311935,4.717428,4.644681913260001,4.6209526,4.893681816881307,5.234087260600001,5.1563296,5.150269024209438,5.200273,5.2247577,5.1012964,5.189457,3.07186669,1.3997635,3.89744075
0,1,ZHMAMFYEVUWYHT-UHFFFAOYSA-N,OCNT-2316334,4.782735,5.0622163439699985,5.0427365,5.192605082177538,4.7075901902199995,4.792418,4.653326376775534,4.9417152,5.1396914,5.1836524,4.676902,5.097207995,4.8499355,5.3184005
0,1,ZMADJKCDAFJXQB-UHFFFAOYSA-N,OCNT-2311790,5.24953,4.578594657190001,4.792186,4.736341511236905,4.78724133241,4.2636447,4.638353770414114,4.8525925,5.739753,5.41104,5.4045076,5.863156632,5.7410675,5.9974815
0,1,ZMXPQYBGJYNFMM-UHFFFAOYSA-N,OCNT-2310798,4.5442605,3.711048300150001,3.4178493,4.067971378414051,4.432570885499998,5.0393643,4.437016041050308,3.8809192,4.5869403,4.314148,4.4908533,4.101697635,3.7479125,4.6001025
0,1,ZPUJZAHPZRJNIC-UHFFFAOYSA-N,OCNT-2309093,5.43462,5.22139088739,5.115097,5.289700486734996,5.578456047729998,5.266033,5.382309176133337,5.510242,5.2836623,5.287539,5.122422,5.021856983,4.8676765,5.148082
0,1,ZSOHLKDAXCTETM-MEBBXXQBSA-N,OCNT-2312033,4.3403726,4.342873297450001,4.1342273,4.328569816821292,4.513262080189999,4.674155,4.906648295933085,4.4603877,3.9029698,4.3008943,4.562613,2.86491911,1.12913175,3.8774065
0,1,ZTZAJUSBKHCWHO-UHFFFAOYSA-N,OCNT-2313024,6.216349,5.1756762080700005,5.115018,4.936476332675973,5.005336337600002,5.2486353,5.024312879693361,5.6712832,5.9237456,5.799812,6.065851,5.886177303,5.80513725,5.96679025
0,1,ZUAYBNIRDLJINI-UHFFFAOYSA-N,OCNT-2316400,4.719343,4.858718435109999,4.949109,4.903159201030758,4.564204509449998,4.583932,5.20826492800837,4.396217,5.034733,5.05409,4.8000374,5.986175903,5.898028,6.0721305
0,1,ZVDCGPJYFOYULX-UHFFFAOYSA-N,OCNT-2316083,6.529273,5.517703532860002,5.402479,5.259138584532458,5.399369123729998,4.8973603,5.501612459504962,5.884932,6.169018,5.742946,6.111844,6.76808569,6.67296675,6.86063025
0,1,ZYHCLMXABMVVCB-UHFFFAOYSA-N,OCNT-2318671,6.046247,5.270900192630002,5.200676,5.2365435305193815,5.010440483659999,4.9446163,4.890490477717361,5.217495,5.9775076,5.7776155,6.0334263,6.926975918,6.845939,7.00979675
0,2,AAFSKRHBWOQJCV-CVEARBPZSA-N,OCNT-2309014,4.7553887,4.445943680480002,4.4245095,4.1121317142056375,4.754783379630001,4.851528,4.595768626456029,4.594014,5.1327877,4.615133,4.4100804,4.737715497,4.51206175,5.00210875
0,2,AAPHOXBNRLQGES-UHFFFAOYSA-N,OCNT-2315503,5.4420505,5.196100344879999,5.2186494,5.143214523910176,5.107849629640001,5.008987,4.959871622989441,5.5380473,5.113276,5.3583603,5.4611654,5.117787312,4.906878,5.28717475
0,2,ABUNSDMPQVALBH-UHFFFAOYSA-N,OCNT-2314087,5.050075,4.93982763257,5.109963,5.039592504271681,4.951955342810002,5.0386086,5.190769484559592,5.497039,5.395641,5.3334494,5.1744795,3.397316567,1.9395045,4.0515555
0,2,ADEDIGFEFPYZAG-UHFFFAOYSA-N,OCNT-2309471,4.2356744,5.07667807863,5.049318,5.034408110944347,4.58211026211,4.707541,4.474566071582489,4.338789,3.6514897,4.4722557,4.8992667,4.94583745,4.775738,5.158119
0,2,ADUWAMYJGJMQFP-UHFFFAOYSA-N,OCNT-2310993,4.2683845,4.49200840001,5.155086,4.810467081124337,5.238464478009998,4.8483253,5.129381769041264,4.5321026,4.710115,4.925653,4.5725493,3.816379915,3.21409225,4.20772225
0,2,AHOUBRCZNHFOSL-YOEHRIQHSA-N,OCNT-1911800,5.3947473,5.24231508113,5.173024,5.12535464240895,5.076200524620003,4.865338,4.961177392228266,5.5807433,5.6904135,5.4273987,5.208946,5.14513125,5.00457475,5.263734
0,2,ALYCGUXUHDZSAE-UHFFFAOYSA-N,OCNT-2317231,3.763257,4.02883616009,4.751324,4.614244418995699,4.796456561369998,4.9103274,5.224859970358961,4.2756453,4.176151,4.0264044,4.144431,4.298015033,3.9542685,4.85420275
0,2,AMORLHVVBKZQJY-UHFFFAOYSA-N,OCNT-2313863,4.119882,5.096121458030001,5.135812,5.1364675756041205,4.409842145460002,5.0729628,4.510548187782604,4.348517,4.651163,4.831878,4.8926663,5.09262361,4.87601325,5.26223125
0,2,ASHCCSWFPCMODT-UHFFFAOYSA-N,OCNT-2311674,4.43891,4.780489085779999,5.09427,4.47366560732237,4.3206775112,4.6199565,3.950151922797548,4.546037,4.2063155,4.8186917,4.7366486,5.703638352,5.602949,5.7998745
0,2,ATLZEXPCGWQKDL-UHFFFAOYSA-N,OCNT-2311588,2.925537,3.9435043163399985,3.9709997,4.468616409521549,4.2263179215500015,4.6500907,5.040641989798334,3.178012,3.5353875,3.4391704,3.1997185,3.274629818,1.497635,3.99270875
0,2,AVEJIDBCLRGUQE-UHFFFAOYSA-N,OCNT-2311083,4.387558,5.043966621000001,5.1684303,5.106243081238353,4.83941697708,5.0249634,4.8388313003366505,4.6072445,5.7027664,5.0136585,5.0007915,4.965834915,4.8013605,5.14605125
0,2,AVLOASHADGUSOL-UHFFFAOYSA-N,OCNT-2314381,5.340819,4.98707309028,5.0539117,4.934897057657928,5.297970002800003,5.354784,5.401422959081613,5.1266394,4.554321,5.436513,5.3675637,5.607921522,5.471155,5.7351245
0,2,AVWOIDVOWIXTBD-UHFFFAOYSA-N,OCNT-2311573,5.5704894,4.8348191909599985,5.0037274,4.9018366622203855,5.10573003449,4.907661,5.104842654886568,5.352533,5.765278,5.540295,5.6409082,5.76311979,5.67092725,5.85812275
0,2,AXVQIXKVNSXPGM-UHFFFAOYSA-N,OCNT-2315791,4.2312064,4.8221153951,5.0539117,4.901689553770095,4.402741919510003,4.894026,4.50020267743063,4.1465364,4.868036,4.5423193,4.5242834,3.18947587,1.5311505,3.93705225
0,2,BAVBWDPYCHMZSH-UHFFFAOYSA-N,OCNT-2309511,5.212778,5.55966401104,5.544656,5.4646325676839265,4.691067859740002,4.7072916,4.454340771251468,5.207071,4.966655,5.1673884,5.1855283,6.365419265,6.2389395,6.5003435
0,2,BFTMZHRFZOKECM-UHFFFAOYSA-N,OCNT-2311205,5.1953683,4.727015886090002,4.1220913,4.306024005558384,5.450454396569999,5.0211816,5.191471659897257,5.677725,5.3703446,5.4528823,5.4049406,5.90486086,5.8089865,5.9986905
0,2,BHEAZNHFSNJYDJ-UHFFFAOYSA-N,OCNT-2311547,5.5354214,5.11038288467,4.484722,5.202868123113414,5.2405926768899995,5.0217032,4.947046977656929,5.436598,5.5512905,5.5515194,5.6143465,5.191699465,4.975388,5.35444075
0,2,BJPQOWBRTLGZDQ-UHFFFAOYSA-N,OCNT-2312156,5.100112,4.87026889176,5.147133,4.859871151009476,5.079423067409999,5.425009,5.492046201044289,5.114285,5.102437,5.3450475,5.144371,6.011393107,5.92241375,6.09286575
0,2,BKZIOMFKCGEUHT-UHFFFAOYSA-N,OCNT-2315183,5.4695096,5.152223457150001,5.2549243,5.287233302424165,4.770343342069999,4.2667828,4.919858945593278,5.4718223,5.865577,5.3843565,5.4988465,5.84268611,5.7580195,5.93061925
0,2,BNIKABFHOCEBJQ-UHFFFAOYSA-N,OCNT-2310359,5.173752,4.8722388316100025,4.8305764,4.962460116723194,5.095143964449999,5.0348687,5.161819617239378,5.4014006,5.3774357,5.4543533,5.203047,4.893008052,4.67465325,5.12567925
0,2,BNKYBQJOBDPSSN-KZMQIFKDSA-N,OCNT-2315282,4.879643,5.2585933916800025,5.110823,5.1749950540171366,4.81987954292,5.070359,4.6291730561917,4.762263,5.0200667,5.189951,5.2205057,5.581384543,5.421961,5.73396475
0,2,BPNYIDLJZSGJNS-UHFFFAOYSA-N,OCNT-2314247,4.6941805,4.832406312610002,4.116362,4.719781145081515,4.7784790265999995,4.869103,4.615929912548998,4.533414,4.754481,4.46526,4.0890546,5.411912248,5.2355125,5.5635615
0,2,BQUBFWBDFIHVTK-CYBMUJFWSA-N,OCNT-2315340,5.063095,5.0459272342200014,4.847794,4.870219683526687,4.652204544690003,5.0249634,4.971618697650943,4.8082714,4.759487,4.937562,4.849346,4.016106385,3.630725,4.49723625
0,2,BVAHASJMMFXKPQ-UHFFFAOYSA-N,OCNT-2312089,5.227546,5.074501762630002,4.9674177,4.832388853800251,5.126520908010001,5.345298,5.113675788628771,5.23854,5.558397,5.470261,5.285187,4.98092184,4.79998925,5.15690975
0,2,BWOSCHCTGWRGJD-UHFFFAOYSA-N,OCNT-2313041,3.4387329,3.6975962550900014,4.169844,4.342574779682827,4.470365647660003,5.0729628,4.726839091385515,3.5149732,4.030098,4.1119003,3.6569028,4.14375769,3.8046825,4.668769
0,2,BZLXGFYLRNUUNG-UHFFFAOYSA-N,OCNT-2310716,3.9591255,4.5130973616300025,4.424038,4.635331000530972,5.161659491959999,5.0348687,4.807726561686559,3.6532001,3.8860316,4.548973,4.156771,5.197002985,5.030395,5.33567075
0,2,CALFQHMXANLWPL-UHFFFAOYSA-N,OCNT-2316205,5.12046,4.4780942853,4.670014,4.770128894233472,4.446550676109999,4.854653,4.6657070438146695,4.547016,4.454129,4.7858853,4.7844768,4.820453872,4.65204725,5.00819775
0,2,CBXRZDCFILMYNK-UHFFFAOYSA-N,OCNT-2312047,5.637511,5.568023523750001,5.197317,5.355994940763615,5.181115724160001,4.4037204,5.0815655879735475,5.7089305,5.6616974,5.7262096,5.789696,5.466814633,5.35109775,5.5675305
0,2,CEPJBSAWUZGPOV-UHFFFAOYSA-N,OCNT-2310686,4.2851286,4.7354901274699985,5.0539117,4.938547250678647,4.626759134340002,4.9677625,4.440728588890128,4.161216,4.588826,4.594897,4.4053745,4.579245375,4.38336675,4.842146
0,2,CEWDQEGZUQAZAM-UHFFFAOYSA-N,OCNT-2317604,5.3277225,4.94548159353,5.2368717,5.046556522646806,5.056913924810002,4.604011,4.668458025289316,5.0182066,5.1029477,5.175822,5.43102,5.82531006,5.7020415,5.9349655
0,2,CEWPCADJKNEVJT-UHFFFAOYSA-N,OCNT-2312994,4.6051493,4.768864660129999,5.0037274,4.763727371623444,4.578571537380002,4.7980013,4.753937140630611,4.511248,4.7585225,4.8830805,4.878163,4.578476995,4.3684015,4.873397
0,2,CFVDKQGKTJYIRV-UHFFFAOYSA-N,OCNT-2318439,4.3754287,4.1420538150600015,4.2371173,4.152185588366682,4.59650489796,4.854653,4.623848725930509,4.4026093,4.412834,4.508377,4.339574,5.270841387,5.11185925,5.417702
0,2,CKGWFZQGEQJZIL-UHFFFAOYSA-N,OCNT-2328965,5.4037023,5.295137637800001,5.2549243,5.1238058429295865,4.733925448980002,5.0049767,4.917911236806858,5.0063705,6.1208515,5.298479,5.4057274,5.722820957,5.63739875,5.8138715
0,2,CKULYSVCWINHRD-UHFFFAOYSA-N,OCNT-2309286,4.867608,4.4928414336600015,4.4826627,4.913050553811853,4.48537440806,5.2896104,4.509340080491433,5.1463423,5.3031464,4.8318925,5.1181607,3.87610005,3.398863,4.221879
0,2,CLSZSOXETXFYPQ-UHFFFAOYSA-N,OCNT-2309804,5.2350454,4.665007094610002,4.9138966,4.719913410340502,4.73863092954,4.8877325,4.793100777382532,5.0035996,4.6065307,5.1899505,5.211092,4.593093738,4.264139,5.03676625
0,2,CQJXFFYESDTDLQ-UHFFFAOYSA-N,OCNT-2316475,5.026347,4.8188495208400015,4.2301903,4.6089368130889525,4.83641559757,5.070359,5.153079535947489,4.6051607,5.521261,4.969805,4.823291,5.029493035,4.85736,5.18059325
0,2,CVNMWIJKIQYYRH-UHFFFAOYSA-N,OCNT-2312354,5.6763067,5.41242422301,5.2792172,5.315515140005217,5.112971839490001,5.015077,5.333650994139581,5.5071087,5.37157,5.5111575,5.418496,5.589728818,5.42039125,5.747979
0,2,CYEHLGWORDQXGY-UHFFFAOYSA-N,OCNT-2313689,5.5224557,5.00282085746,5.173024,5.2494512343364805,5.194005090220003,5.4355845,5.487788241000189,5.7585115,5.217349,5.5573163,5.439925,5.99235015,5.8963595,6.08636175
0,2,DBEMDJCSEVHWPT-UHFFFAOYSA-N,OCNT-2313532,5.2655687,4.730973072270001,5.135812,5.3171348381413255,5.64365460517,5.1396184,5.5289356878726155,4.9397907,5.269131,5.4114966,5.3822126,6.87456773,6.794196,6.95733775
0,2,DCHLTHRVRAMZBP-UHFFFAOYSA-N,OCNT-2316515,5.104043,5.044235321650001,5.08653,4.86031817532969,4.824029556310004,4.6819143,4.739894074185669,4.5106044,4.6517754,4.4321604,4.5801086,5.442236985,5.27070175,5.5912145
0,2,DDYGUKULIGNEQA-UHFFFAOYSA-N,OCNT-2308646,4.178468,4.8934014924900024,4.6609526,5.009248319455891,4.815610132500002,4.755602,4.852658015579396,4.3514137,4.701893,4.376225,4.3600445,4.668175377,4.4775175,4.88867125
0,2,DEGIHGBFUSEICZ-UHFFFAOYSA-N,OCNT-2311998,5.4827633,5.4910316866699995,5.196457,5.323722482114459,5.40824365514,5.574346,5.4799164067479875,5.616757,5.343173,5.6641455,5.4261065,6.452779677,6.36594975,6.54343675
0,2,DOJYOJFSOYDGID-UHFFFAOYSA-N,OCNT-2316796,5.827845,4.651485998950002,5.2549243,5.042513838084945,4.917950607890001,4.8127766,4.8261142602966425,5.63066,5.7626133,5.653831,5.5094285,5.459759287,5.34017725,5.56955375
0,2,DVBNAUHKBCFYBB-UHFFFAOYSA-N,OCNT-2312795,3.9589927,4.287091389970001,4.2786756,4.138012434832552,4.695527665930002,4.846302,4.55966055794195,4.5765886,4.123909,4.28307,4.717931,5.074247032,4.9059005,5.22416225
0,2,FACJYNRPNSFHRG-UHFFFAOYSA-N,OCNT-2316274,4.159664,4.214123729440003,4.078292,4.088878382605044,4.789995558900004,5.1106286,5.326051295230365,4.6193237,3.240821,4.0833197,4.0235424,2.17691394,1.05097275,3.52841425
0,2,FFDJCKPJJHYPFO-UHFFFAOYSA-N,OCNT-2316548,5.9143577,5.5288320732,5.2792172,5.164141394293297,5.534585550159999,5.209362,5.398736700353423,5.7579885,5.6862664,5.870739,5.803771,5.30587331,5.1559445,5.42682125
0,2,FFUUTFSVGYKNPU-UHFFFAOYSA-N,OCNT-2315864,4.616084,4.939468636930001,5.147133,5.136528751979418,4.810670849220004,5.039527,5.029463492727217,4.6374373,4.2797627,5.0166154,5.2952275,5.211624103,5.162526,5.26504025
0,2,FHAJACFOFHBTNN-UHFFFAOYSA-N,OCNT-2316229,5.4544706,5.55114610752,5.4395413,5.507845138300531,5.451295955619997,5.1613817,5.1520726118922795,5.753399,5.0839586,5.8285303,5.7586584,5.477150375,5.30274725,5.640479
0,2,FHDBREZHZMZHDK-UHFFFAOYSA-N,OCNT-2313113,4.7236557,5.139444080059998,5.173024,4.9611224067649164,5.09800967913,5.070359,5.1815168087357675,4.8979864,4.663602,5.1042576,4.627675,5.2556167,5.096596,5.406962
0,2,FHPVWGDQJXVTRR-UHFFFAOYSA-N,OCNT-2318135,5.883337,5.758726719299999,4.936904,5.522576865327696,5.175257547740002,4.914499,5.18615165078705,5.8959394,6.048968,5.9308853,5.848158,5.47465301,5.38185425,5.56191225
0,2,FHURGZGGJGEEFF-UHFFFAOYSA-N,OCNT-2312959,5.373952,5.080581649390002,5.0037274,5.05597734697222,4.813588309040001,4.6146894,4.593757399673543,5.424626,5.5153747,5.4600463,5.500957,5.234491722,5.13570725,5.32310025
0,2,FJGRRSPJBAJJCN-UHFFFAOYSA-N,OCNT-2313999,4.6975174,5.045711163030001,5.1684303,5.00701636806813,4.63247664019,5.0438194,4.521933665231925,4.84375,5.4285636,4.9026875,4.9198127,5.25169719,5.1173995,5.36501275
0,2,FKTKOBGQSYLSJM-GJZGRUSLSA-N,OCNT-2312925,4.531227,4.845313338450003,4.9138966,4.726936777623838,4.95871605907,4.958628,5.2459850733671125,4.710358,3.8492079,4.81344,4.444154,5.692550137,5.60094775,5.781781
0,2,FLKYDMSXMXMDMV-UHFFFAOYSA-N,OCNT-2308748,3.8101668,4.595142791169998,4.611205,4.601526818769878,4.31837387085,4.742911,4.328088224659187,3.5101814,4.237355,4.372213,4.015921,4.508949242,4.2942295,4.8146065
0,2,FNAADSQRTFFGRD-UHFFFAOYSA-N,OCNT-2314903,4.5394044,5.035611596940002,4.991381,4.803053495414261,4.836196795960002,4.874643,5.005705154730314,4.558063,5.2549887,4.7201686,4.7211823,1.94001595,1.04495325,3.1215085
0,2,FPBTWBPEUXKRGD-UHFFFAOYSA-N,OCNT-2315086,4.47052,4.543882966820003,4.4245095,4.450980958372754,5.2865414404900015,4.75919,4.828327490829948,4.4450665,4.38548,4.77326,4.619374,4.003649968,3.60392925,4.5847675
0,2,FPLPOQIKBRHTGT-UHFFFAOYSA-N,OCNT-2318243,5.2779183,4.757988428150001,4.867322,4.889824578055416,5.060254130979999,5.0348687,5.065723419787608,5.220657,5.6476803,5.3022957,5.4368253,5.775349813,5.6580795,5.89752625
0,2,FQFAHDMNRAXBFT-UHFFFAOYSA-N,OCNT-2314657,4.756859,4.118578754450002,3.9037251,4.601468273699438,5.237401683189998,5.0671477,5.128420069535454,4.6971903,5.1007085,4.9050756,4.70089,6.829797427,6.74685775,6.91327
0,2,FQIGRACDNIOPES-UHFFFAOYSA-N,OCNT-2316270,4.329052,5.1234975059,4.8948865,4.619456383572204,4.8274098781999975,4.914499,5.283791842337224,4.2889767,4.6963406,4.747789,4.8064055,4.24762128,3.94888325,4.6756285
0,2,FRXIOYNYLCVQGU-UHFFFAOYSA-N,OCNT-2313177,5.828019,5.369906859929997,5.361314,5.56833100346783,5.362101541199999,5.269803,5.212343098774718,5.898166,6.362895,5.7349763,5.904927,5.462130645,5.3287255,5.584243
0,2,FSPJNFGHZZRNHE-UHFFFAOYSA-N,OCNT-2310181,4.536527,4.698048713640002,4.661424,4.70781887656446,4.400845091570002,5.0729628,4.498727245382044,4.2357416,4.811919,4.617891,4.6597495,5.464100948,5.37307075,5.552534
0,2,FUJRKPHFQJPPJN-UHFFFAOYSA-N,OCNT-2310589,4.8115892,4.973642416999997,5.173024,4.897264862965663,4.70607557779,4.4807906,4.594070479416544,4.5487223,5.020736,4.672569,5.0858436,2.216016635,1.0635055,3.5923915
0,2,FUPCGDHQCWFYSS-UHFFFAOYSA-N,OCNT-2311219,5.8936515,5.1798238442299995,5.0895834,5.069811009492332,5.536956306109999,5.1457086,5.259030564080094,5.831394,5.480552,5.8020644,5.979829,5.22138842,5.05958,5.351391
0,2,FVIXHBOZMNOBMY-UHFFFAOYSA-N,OCNT-2315806,5.9016433,5.360172228869999,5.135812,5.12173680006238,5.39432163559,5.0348687,5.097978018803239,5.9037247,5.813155,5.787332,5.7590103,5.286606153,4.99609625,5.50529175
0,2,FWXNAAHVSCCOGH-ZIAGYGMSSA-N,OCNT-2312995,5.3818913,5.13047012517,4.9672513,5.132674188787449,5.339469159440001,4.9103274,5.465780081735073,5.2274566,5.450006,5.247965,5.2240095,4.937863275,4.76014875,5.0634495
0,2,FWXVKHIYRRYNGU-UHFFFAOYSA-N,OCNT-2315237,5.3405657,5.216461252480001,5.135812,5.140836619587657,5.429034154000001,5.2161574,5.46755336438051,5.4711742,5.226751,5.5983925,5.4870167,5.515966385,5.368103,5.624147
0,2,FYJLBFSDAWXPSB-UHFFFAOYSA-N,OCNT-2312740,4.803378,5.1862163008100035,5.109963,5.102050304853364,5.192543003370002,5.2504582,5.0621085472837715,5.0622015,4.9084883,5.1260285,5.086041,4.628198623,4.439257,4.88637025
0,2,GBKPILDGEGGVEI-UHFFFAOYSA-N,OCNT-2313441,5.410573,5.195609005419998,5.173024,5.162443190322736,5.6010869534599985,5.269803,5.182501180619463,5.3417172,5.5544767,5.615024,5.4543123,5.01047352,4.90944725,5.11934975
0,2,GCUVVENUHMDMBL-UHFFFAOYSA-N,OCNT-2312866,4.355335,4.295246596099999,3.9928038,4.592283337213945,5.1779930642900025,4.788803,4.985650502838037,4.9196463,5.5038853,4.6619816,4.707127,5.151084555,4.9845745,5.29704475
0,2,GHXSNVVZVLZOTP-UHFFFAOYSA-N,OCNT-2315858,4.727676,5.1822922500300015,5.135812,5.3570929925469555,5.188652702549998,4.9627995,5.140692632124861,4.86271,5.041836,4.982158,4.9717655,5.161552162,4.990768,5.29288025
0,2,GKCBAIGFKIBETG-UHFFFAOYSA-N,OCNT-2328752,3.679647,5.156407910480002,5.248535,5.123066050149449,4.803731739910001,4.5743546,4.540904600290654,3.609167,4.296732,4.2117786,4.5202217,2.898074815,1.14521075,3.976585
0,2,GKLIDFRFMZSOTO-UHFFFAOYSA-N,OCNT-2313637,4.6978164,5.22368864899,5.0934663,4.984445823932271,5.118199556889999,5.1457086,5.315410685020664,4.595272,5.1913867,5.021945,5.336145,5.305972895,5.1428895,5.46918325
0,2,GNISWTDOTOKUKH-UHFFFAOYSA-N,OCNT-2315752,5.329418,5.200523902780002,5.09427,4.932483277146179,5.009003394009999,5.0348687,4.866128020682926,5.553911,5.31407,5.76469,5.2649903,5.561341582,5.46801675,5.6478075
0,2,GNTSXTHXPJNZFL-UHFFFAOYSA-N,OCNT-2311830,3.6113129,4.038485389350002,3.9329295,4.24367844320496,4.700088174280001,5.0131583,4.898320607235349,4.1998224,3.6707337,4.1011634,3.5673842,3.06206888,1.250663,3.8943605
0,2,GOFUXMWCQVYONM-UHFFFAOYSA-N,OCNT-2318046,4.32361,5.049749250550001,5.0037274,4.851128341276435,4.885578779870002,4.937816,4.94928735162712,4.6214876,4.3496075,4.8614874,5.0109825,3.60472675,2.33129425,4.11758075
0,2,GPUPVYRGIRMSAG-UHFFFAOYSA-N,OCNT-2310396,4.815285,3.9536285873000026,4.447352,4.199699872553214,4.38645426002,4.707541,4.23883642046899,4.64385,4.951166,4.827875,4.6360445,3.641610983,3.02601275,4.19666475
0,2,GQMDVEHOCDKMQP-UHFFFAOYSA-N,OCNT-2310353,5.0079446,4.431936954160002,5.173024,4.89272785794071,4.836254442500001,4.5445056,4.655784035596326,4.912682,3.7175822,4.732045,5.0943418,5.17906553,5.0189815,5.3128125
0,2,GVZBSYAQXVSFEA-UHFFFAOYSA-N,OCNT-2318171,4.3122015,4.734579365369999,5.110823,4.918537197189815,4.5985001886,4.983768,4.705748862111292,4.5934153,4.407724,4.717642,4.337944,5.264790103,5.0759175,5.433402
0,2,GXHPRWRZNWEZTC-UHFFFAOYSA-N,OCNT-2314146,4.176404,4.050746822730002,3.1642065,3.747049953953557,4.007732647059999,5.1563826,4.339217614746183,3.6047215,4.1218066,4.211156,4.122247,2.49024627,1.073644,3.787636
0,2,GXSYWJBSBWKVFG-UHFFFAOYSA-N,OCNT-2316703,5.139179,4.899285742630001,3.681128,4.492373397832152,4.9980827111799995,5.1443806,4.9835775772746445,5.061794,5.672719,5.427571,5.4409733,5.586410905,5.492937,5.681855
0,2,HBIXLLBPTHZDRI-UHFFFAOYSA-N,OCNT-2316121,5.136106,5.10904458528,5.3110075,5.236420708773113,5.37830093811,5.3155603,5.4346223823442,5.1361694,5.703597,5.443725,5.4342337,5.497723967,5.3931135,5.59819125
0,2,HEOCBCNFKCOKBX-SDNWHVSQSA-N,OCNT-2328969,4.9331307,5.172302074260001,5.173024,4.825260002562895,4.69889573664,5.0729628,4.852263616486851,5.464421,5.211991,5.2163687,5.32374,4.288918308,3.98832075,4.772507
0,2,HFJBOFQTRHHVPS-NSCUHMNNSA-N,OCNT-2312041,4.988351,4.659943730260001,4.8948865,4.710002339580337,4.563143693840002,4.967535,4.659711056153633,4.809119,5.4391885,5.1341524,5.033516,5.93837573,5.855872,6.02209675
0,2,HKLMCWDFYPHFRO-UHFFFAOYSA-N,OCNT-2311278,4.2723994,4.57700904106,4.57568,4.67354575244491,4.427899086299999,4.410531,4.186556041526565,4.5264263,3.786775,4.1464634,3.9618144,2.092768808,1.05108675,3.219697
0,2,HMOWRWBMMAKHDZ-UHFFFAOYSA-N,OCNT-2311235,4.8322296,4.675084437759999,5.28982,4.876517449091039,5.306581972700002,5.0348687,4.9403541389374706,4.6039767,4.995709,4.9107685,5.2656713,3.837191628,3.27459025,4.23625125
0,2,HPWBEIBPKVCQNQ-UHFFFAOYSA-N,OCNT-2312233,5.1772876,4.5616400844700005,4.51559,4.428175946237806,5.067859963329999,4.9103274,5.066491914295703,4.9617734,4.8931327,4.888541,4.911845,4.485371895,4.3030935,4.75509825
0,2,HSRKGELPMUYHCC-UHFFFAOYSA-N,OCNT-2314045,4.3773127,4.983889190150002,4.536075,4.50746621745403,4.8494732561000005,4.7796726,4.681144860893344,4.809204,4.3339763,4.7237954,4.71825,5.159640505,4.898894,5.3241855
0,2,HTDLZOBEDKINPU-UHFFFAOYSA-N,OCNT-2316372,4.968447,4.954052033969998,5.147133,4.937864485134085,4.793101491310001,4.8153515,4.847424037496122,5.047088,4.624011,5.201173,5.15317,4.3684706,4.092716,4.77856825
0,2,HVBXEBBUJKBNKF-UHFFFAOYSA-N,OCNT-2314641,4.906789,4.835370340230001,5.0037274,4.684585986919558,5.197068688970001,5.0542817,5.057311496939494,5.1360507,4.630663,5.173089,5.12503,5.189477727,5.0012275,5.3249195
0,2,HYUHVOLQYDHZHQ-UHFFFAOYSA-N,OCNT-2313573,4.270398,4.559200027460003,4.9897184,4.762225055483785,5.115084589990004,4.9383082,4.821701162571962,3.9345217,4.6233926,4.7728033,4.7537827,5.57377753,5.462107,5.6766325
0,2,HZGBJLLJFPERLR-UHFFFAOYSA-N,OCNT-2316975,5.1408715,5.340499634570002,5.3805304,5.309720638488741,4.695000268060001,4.906317,4.5672087729501785,4.9726324,5.4357405,5.0385375,5.2752795,5.13316963,4.93405725,5.293395
0,2,HZJAEDMXWJCPPZ-UHFFFAOYSA-N,OCNT-2309246,4.4327297,4.73089970021,5.147133,4.811043533434477,5.123075783369999,5.1457086,4.98988176052159,4.6766787,4.7844343,4.8029776,4.6187854,4.57543194,4.24114775,5.0436905
0,2,IBLMLYIIJGOTCM-UHFFFAOYSA-N,OCNT-2308723,4.8070917,5.298432464889999,5.0539117,5.152862824660964,5.10432221774,5.0542817,5.019601756836488,4.6089478,5.404364,5.0700073,5.159675,4.741873508,4.56873925,4.93460175
0,2,ICSDQXGOLJHMSK-UHFFFAOYSA-N,OCNT-2312317,4.292828,4.47946691836,4.3347125,4.287811568796031,4.707612627990003,5.066188,4.673314816686621,4.648975,4.758107,4.536524,4.376353,5.050316592,4.8858565,5.201185
0,2,IDDNPFILCTUATL-UHFFFAOYSA-N,OCNT-2308747,4.9303594,5.823812041360002,5.2549243,5.423445287771195,5.3586725075100015,5.081627,5.292570795701001,4.8952537,5.3756413,5.135993,5.358071,4.901963337,4.72406125,5.06818075
0,2,IEBDYAPJNYNOJG-UHFFFAOYSA-N,OCNT-2311508,4.0719852,4.295369414570001,4.3405128,3.923066736694119,4.2250180868500005,4.526054,4.521810380899354,4.4227505,3.9038172,4.4399495,3.92911,6.246614277,6.14388175,6.34482075
0,2,IEEKGKCYWRAJSQ-LBPRGKRZSA-N,OCNT-2310163,4.6080456,4.9297434141,4.4118395,4.581800552994589,4.7429933812,4.8127766,4.810707953742933,4.8453565,4.6521854,4.8651714,4.6798277,5.006135698,4.6177565,5.28551875
0,2,IELFWVPJXBLMTQ-UHFFFAOYSA-N,OCNT-2309805,5.287026,4.680179660839999,4.9152493,4.843770200934153,5.046930179409998,5.1045237,5.131844152515305,4.902208,5.2608232,5.2310224,5.228264,4.939639675,4.759238,5.125282
0,2,IFDGZZUSIYMRQQ-UHFFFAOYSA-N,OCNT-2311370,5.218343,4.941825410410002,4.9226274,5.150903965857374,4.26403553062,4.5951204,4.404825533426144,5.283556,5.404232,5.3825154,4.7666817,5.02688439,4.807038,5.23468125
0,2,IGEAIMCXVSRMND-UHFFFAOYSA-N,OCNT-2315838,4.6552753,4.485297754280003,4.3050942,4.333335085303285,4.237714606799999,4.8770747,4.457812802210477,3.8645573,4.0041065,4.563033,4.7365856,4.047338095,3.6587395,4.326852
0,2,IJNUWPZEBUHKFT-UHFFFAOYSA-N,OCNT-2310303,4.5695276,5.200549746219999,5.09427,4.8638452729960555,4.518239006429999,5.2656016,4.942907718593831,4.6146584,4.678873,4.7070103,5.0003166,3.669168845,2.852335,4.12948075
0,2,IMUWGGOPROYNBY-UHFFFAOYSA-N,OCNT-2316961,4.2864575,4.07661516671,3.8144155,3.9245172114096953,4.378899892700002,5.1973567,4.4433749827948,3.8975177,4.733858,4.4034886,4.131971,3.821367673,3.291438,4.25691775
0,2,INXQKQFVKVEEGI-UHFFFAOYSA-N,OCNT-2314813,5.4792776,5.36812095194,5.135812,5.268736401796483,4.653172726560003,4.6676407,4.842100236542597,5.392201,5.8259344,5.422657,5.3192077,4.75499872,4.558429,5.00548475
0,2,IUWVALYLNVXWKX-UHFFFAOYSA-N,OCNT-2328733,4.9568996,5.221549745940001,5.267545,5.10176062447794,4.697467042560003,4.3029714,4.733653296591452,4.526131,5.1907206,5.0072103,5.192907,5.63483116,5.5415955,5.7269235
0,2,IVVZZDLGAISABT-UHFFFAOYSA-N,OCNT-2310664,4.490746,4.83411816499,4.7335052,4.618409196527246,5.002277653390001,5.2980146,5.153510301427711,4.675347,4.4453797,4.597775,5.0424333,4.98410006,4.74552975,5.1998605
0,2,IYEIFBZHWULNCV-UHFFFAOYSA-N,OCNT-2312641,3.6167984,4.36929498894,4.4245095,4.662940785729373,4.830852767520003,5.2980146,5.176491713133493,4.128619,3.5494637,4.328108,4.1395726,1.953003667,1.0544675,3.14757
0,2,JEGQPUIGZZGZOC-UHFFFAOYSA-N,OCNT-2317189,4.3486795,4.856197875400001,5.0037274,4.9253695810840785,5.023489363200002,5.070359,5.355880712494354,4.772389,4.1335416,4.930868,4.7997184,3.881641023,2.4397135,4.49147525
0,2,JGPMMRGNQUBGND-UHFFFAOYSA-N,OCNT-2328337,4.663991,5.366530542310001,5.2549243,4.961272390985019,4.432207276560003,4.4961963,4.564605328421081,4.0639405,4.83954,4.5843997,4.4942026,5.509644433,5.42974425,5.61196125
0,2,JNAFZITZTMHNDD-UHFFFAOYSA-N,OCNT-2312546,5.9139867,5.1171935924800005,5.196457,5.382567604970583,5.350800830150002,5.0542817,5.056357626493024,5.814712,6.003416,5.7377577,5.6024704,4.94420277,4.75378925,5.10881
0,2,JOPBSAHUSCUUCN-UHFFFAOYSA-N,OCNT-2315261,5.762636,5.597076920390001,5.5437956,5.5645397338526825,5.03862706768,5.1560245,5.117530328490796,5.741228,5.3007436,5.7598963,5.896434,6.300731918,6.21410775,6.38368975
0,2,JPVSNCKCEXNVEF-UHFFFAOYSA-N,OCNT-2316068,5.2690916,5.25648438758,5.2549243,5.314333716362833,5.10573706934,5.1457086,5.157237904985934,4.961552,5.2498984,4.9980235,5.350244,4.889405,4.706477,5.07665725
0,2,JQCPEVJDVLLTJO-UHFFFAOYSA-N,OCNT-2318612,4.68897,4.9518841093,5.0037274,4.920228654415139,4.77690609286,4.6944447,4.606652060957222,4.767648,4.850656,4.9662037,5.1826277,5.101097193,4.919217,5.25859675
0,2,JVDGAKHVFVRQPJ-UHFFFAOYSA-N,OCNT-2316159,4.850564,5.380714274320002,4.989212,4.9852791153623945,4.8381593319,5.1457086,4.957056508848509,4.853721,4.7021956,5.073854,4.865402,5.371748315,5.22745375,5.5058465
0,2,JWHAUXFOSRPERK-UHFFFAOYSA-N,OCNT-0381046,4.980344,4.969982625490001,5.173024,4.91515103434374,4.7943777398900025,4.9174037,4.8419501592503265,4.832981,5.4610653,5.289791,5.1862946,5.753405707,5.65351275,5.8505955
0,2,JXWZKTCUNRLGCD-UHFFFAOYSA-N,OCNT-2315616,4.7878947,5.115203072989998,5.1684623,5.0073872206931815,5.187234309239999,5.0131583,5.1891944317477074,4.3411384,5.260558,5.217921,4.6219296,5.403267787,5.28731525,5.50438
0,2,KBIZODSRDYBQSE-UHFFFAOYSA-N,OCNT-2314500,5.161213,4.912938316259998,4.847794,4.704348978657292,4.728293334539999,4.4037204,5.0534263233972965,5.045118,4.7365613,5.133749,5.064132,5.341003912,5.232166,5.43643275
0,2,KTTAALOCUFXJDU-CQSZACIVSA-N,OCNT-2313586,5.6643915,5.3345637340100005,5.173024,5.0571993882212904,4.870574781380001,4.869103,5.188994055930536,5.7015934,5.136731,5.5272346,5.3845587,4.87605709,4.70736875,5.0401085
0,2,KWIFZAZOFYUVCZ-UHFFFAOYSA-N,OCNT-2311542,3.469774,4.48874974218,4.57568,4.684086532286322,4.355209282030001,5.158628,4.167493616552145,3.5543041,3.1106298,3.774784,3.4643228,2.542144535,1.09209275,3.8358955
0,2,KZIDFUMZLWTNPB-UHFFFAOYSA-N,OCNT-2310751,3.7730546,4.836747968320002,5.2549243,5.064226626750628,5.090925102360001,4.8771873,5.140213921494706,3.8058257,3.8881137,4.2959113,4.982937,3.4110217,2.1072145,4.029117
0,2,LBALHOFHHOXUBB-UHFFFAOYSA-N,OCNT-2314528,5.1327043,5.19323184306,5.0037274,5.1768621388962925,5.336968388010002,5.0348687,4.994631133818958,5.0236225,5.3149433,5.156024,5.3949075,5.037264623,4.82985825,5.193546
0,2,LCJHPXYBKAHYBP-YPMHNXCESA-N,OCNT-2313939,5.4466968,4.591740157730002,5.0017147,4.454099614130481,4.611714489280001,4.9627995,4.791703949867376,5.218252,5.1696625,5.072371,5.100837,2.312545838,1.09469975,3.6149845
0,2,LDZQHKRZLLIRPS-UHFFFAOYSA-N,OCNT-2318305,5.003799,4.37144415417,4.510564,4.669757030238891,4.9546657877500015,4.8666477,4.763074683685166,5.281378,4.8980703,5.1837587,4.574076,5.135640943,4.9852165,5.2601705
0,2,LECYDOCLLDKBAA-UHFFFAOYSA-N,OCNT-2315389,4.611667,5.1943949213900025,4.6149516,4.741140703381061,4.569788966289999,4.518591,4.847689988500895,4.7909336,5.4144855,5.134994,5.3072433,5.990778608,5.8626795,6.11655025
0,2,LGGPCNPPIONCGS-UHFFFAOYSA-N,OCNT-2312600,5.3817625,5.258977149480001,5.278357,5.277930329358069,5.0061873108700015,4.9103274,5.126246740769164,5.438035,5.439946,5.46481,5.420365,5.561736565,5.4632625,5.65505175
0,2,LHANYQYWDMCDJS-UHFFFAOYSA-N,OCNT-2308855,5.255603,5.033513799510002,5.173024,5.215694033621826,4.763863196230002,4.9538617,4.871996820143711,5.034497,4.887957,4.7835183,4.6120944,3.000227785,1.29952025,3.928265
0,2,LJFXZOYYLNSQSQ-UHFFFAOYSA-N,OCNT-2310827,3.8101697,4.55765037365,4.847794,4.637703654091613,4.714602602109999,5.1330233,4.759963170192158,4.135656,4.285808,4.531629,4.4555817,5.020298527,4.845762,5.161014
0,2,LJPCOZWTZKSTAI-UHFFFAOYSA-N,OCNT-2313682,3.7021542,4.241980786550002,4.44902,4.427772647973997,4.892096520070001,4.7796726,4.869775216431451,4.2347517,4.249955,4.6634727,3.8698473,3.771370683,3.265317,4.27283975
0,2,LKDLNDMROZFUSW-UHFFFAOYSA-N,OCNT-2314624,4.848481,5.1836064318799995,5.2549243,5.236135142351283,5.4047096898400016,4.715517,5.086252275926513,4.768154,5.091316,4.5860343,4.8273516,4.974948185,4.77744925,5.15959875
0,2,LOMWMAXJTIJZLC-WMCAAGNKSA-N,OCNT-2317132,5.008388,5.110019699949999,5.196457,5.184658050625554,4.932869088289998,5.0180387,5.171041179675323,4.8968043,5.2901063,5.0147014,5.0079527,5.252039958,5.03683725,5.41132425
0,2,LPKCTGUWFTZGHX-UHFFFAOYSA-N,OCNT-2312493,5.4294596,5.22951563415,5.2549243,5.485595062552047,4.961814340730002,4.869103,5.198407180327692,5.32551,5.328292,5.173954,5.333087,5.516313213,5.42871225,5.60128425
0,2,LPRYCBITNRSRNR-UHFFFAOYSA-N,OCNT-2311094,5.1722217,4.7742094695200015,5.1684303,4.826271356789683,4.99238178642,4.618741,4.9582251888871385,5.2892547,5.370898,5.4732246,5.1966295,4.89111082,4.72031525,5.062163
0,2,LRWJIQBFQXCVOD-UHFFFAOYSA-N,OCNT-2318583,5.0931764,3.87927223667,3.5342774,4.550883734447425,5.08797920885,5.0671477,4.834345003047367,4.9489584,5.4446797,5.187771,5.393828,3.823268413,3.2284415,4.25611875
0,2,LRYQQRCEPXEHIM-UHFFFAOYSA-N,OCNT-2314399,3.9033084,3.97628135085,4.3347125,3.9438239872187344,4.733330597340001,4.914499,4.754790908370185,4.0136027,3.9518785,4.2713304,4.03491,1.97698462,1.0376135,3.3715445
0,2,LSBRUZPACMNGNR-UHFFFAOYSA-N,OCNT-2312429,5.5308466,5.262559635829999,5.197317,5.076543898906455,5.249546770849999,5.0348687,5.3588565240031265,5.245263,5.672068,5.4466147,5.4767175,5.307879368,5.1497345,5.44871775
0,2,LSFMGKPSZGJWRZ-UHFFFAOYSA-N,OCNT-2314028,4.974996,4.738772101550002,4.787504,4.748647337461119,5.083369787620001,5.162703,5.319952552785322,4.6069603,5.01677,4.9533944,5.1461387,5.189623607,5.00323525,5.37517175
0,2,LTKHJAAHPNJLHY-UHFFFAOYSA-N,OCNT-2309801,5.13468,4.8201695021600015,4.8305764,5.009726911522824,5.183982312020001,5.168477,5.351393030263177,5.1900153,5.9344153,5.344487,5.4092517,5.83432212,5.74256775,5.9221945
0,2,LVSFHOYLHXXXOV-UHFFFAOYSA-N,OCNT-2310923,5.0446405,4.84493726144,4.961945,5.12023848353769,5.0903554689499995,5.1742477,5.340822663009972,4.8245983,5.6553726,5.241836,5.164931,5.323121803,5.203787,5.42451275
0,2,LVWKFZKZBVNNLM-UHFFFAOYSA-N,OCNT-2311908,6.477501,5.581786399800002,5.2549243,5.420493909193726,5.069995762710002,5.265863,5.179842456059669,5.7620106,5.5903797,5.7662063,5.690061,5.514505087,5.434539,5.59768875
0,2,LYXHVLLAGHBGEM-UHFFFAOYSA-N,OCNT-2309077,3.749199,5.119132113439999,5.049318,4.924316269286595,4.255801787190001,5.1330233,4.642498914343356,3.9573188,4.441356,4.196832,4.2305064,5.30529893,5.171327,5.41458075
0,2,MGNXSCOULZVGLZ-UHFFFAOYSA-N,OCNT-2314937,5.4985604,5.075042547220001,5.364837,5.272102222213108,5.026449377780002,5.1956177,5.13086784110324,5.4864836,6.1145263,5.501144,5.2979484,5.193755937,5.003672,5.370302
0,2,MHFIAOUOUHXAKN-YPMHNXCESA-N,OCNT-2312085,5.645096,5.087199779450004,5.0539117,5.171818056431091,5.076440754370001,5.178419,5.126831055738513,5.2067957,5.707774,5.690222,5.7430086,6.505120845,6.42238775,6.58652075
0,2,MOZDKDIOPSPTBH-UHFFFAOYSA-N,OCNT-2328962,4.7651057,4.847527826250005,5.2549243,4.927824450631,4.750229162820002,4.846302,4.6980305807643665,4.6354566,5.0299773,5.0563254,5.5537667,5.378086843,5.249309,5.484814
0,2,MPCZYGOSXOARMM-UWEBFBLFSA-N,OCNT-2308638,5.801421,5.534786603840001,5.669992,5.381772349411024,4.994105523799999,4.6676407,4.858256118537365,5.626143,4.9207644,5.7162867,5.628661,5.211921692,5.00382925,5.39736925
0,2,MPDZWCZFJGQWOI-UHFFFAOYSA-N,OCNT-2315236,2.5444555,3.6604082458899994,3.1642065,4.026486498999713,4.049053008050001,3.8846772,4.2536479793650885,2.8929148,3.3868518,3.7206955,3.3586137,4.907665685,4.63997125,5.19309375
0,2,MQSRMNFIJLKRSM-UHFFFAOYSA-N,OCNT-2310178,5.489142,5.549229469820003,5.2262654,5.089684143965673,5.57957728415,5.2661314,5.216394554839231,5.53342,5.6456656,5.751506,5.599737,5.977034813,5.86983925,6.0789
0,2,MRDBPJRTBBNVOK-UHFFFAOYSA-N,OCNT-2309302,5.788507,5.092526209929998,5.173024,5.082588304075332,5.239454935260002,5.1893373,5.417210620255739,5.806686,5.6660194,5.5050426,5.5958657,6.495533205,6.422618,6.5741305
0,2,MWUXHAOXKVPJBX-UHFFFAOYSA-N,OCNT-2309935,5.1082897,4.859449725269999,4.794946,4.761375070410084,4.875251715570003,5.455094,4.9423148297708765,5.088305,5.4621787,5.272517,5.171352,5.532844648,5.43391625,5.62858325
0,2,MXKIROVYBHRNBM-UHFFFAOYSA-N,OCNT-2316436,5.439558,5.338047415720002,5.2549243,5.304239285530736,5.245294665780002,5.066188,4.856893502474553,5.642217,5.010447,5.109975,5.21116,4.09578258,3.70391,4.61645525
0,2,NMMUSFDWIGXTFN-UHFFFAOYSA-N,OCNT-2315113,5.721078,4.736799492810004,5.1210113,4.795988707968091,4.8672510685,5.428086,4.753004049350297,5.5629478,5.3422737,5.5390325,5.36356,5.132104528,5.028389,5.2236135
0,2,NMVBTWDJOZAZKW-UHFFFAOYSA-N,OCNT-2317059,4.800787,4.254699392620002,4.1220913,4.12197937103452,4.458221823210001,5.0148582,4.313679847580062,4.8822584,5.8457503,4.827867,5.0484953,5.074873913,4.6499225,5.312815
0,2,NNYMFTQOHMHWPE-UHFFFAOYSA-N,OCNT-2315093,4.2207155,5.173498606120001,4.847105,5.0065208267267,5.074199418870002,5.3452554,5.100936155313843,4.9538584,5.0643697,4.4119577,4.8960075,5.309402598,5.08457825,5.46988225
0,2,NOZNOJWPUJFYMU-UHFFFAOYSA-N,OCNT-2316693,5.0724406,4.45209548347,4.912747,4.772773578928323,4.838831118490002,4.9174037,4.89340141674009,4.8848405,5.0296173,5.132675,5.0402417,5.440881145,5.30799875,5.550906
0,2,NPZPIMWHOCMQED-UHFFFAOYSA-N,OCNT-2316836,4.19481,4.85585961828,4.5432663,4.639717047216051,5.392112869689999,5.0211816,5.281153781389287,4.58937,5.070186,4.7460546,4.608376,4.935100625,4.737256,5.105707
0,2,NQQGFLRQAYNQKG-UHFFFAOYSA-N,OCNT-2312612,5.316727,4.964834082180001,5.135812,5.162331910482707,5.463325297309998,4.6150784,5.290585951131277,5.2125325,4.975754,5.291124,5.4842844,4.620563847,4.41158,4.87041825
0,2,NSGIOGNBUWVPIZ-UHFFFAOYSA-N,OCNT-2309238,3.6801665,4.490600947809998,4.8521423,5.060922123207412,4.515158315979999,4.7675796,4.75716516079685,3.9256723,3.2773147,4.0368385,3.725587,3.60950645,2.75629675,4.11254375
0,2,NXBAEKZVCZWXNN-UHFFFAOYSA-N,OCNT-2314691,4.6578503,5.062100776000001,4.735651,4.819216619142532,4.65083156906,4.9257545,4.715578601908654,4.424904,5.009199,5.153726,5.2750473,5.09154258,4.890926,5.294733
0,2,OBJGHGIIYVTWIJ-UHFFFAOYSA-N,OCNT-2317984,3.821323,4.533426290019999,5.1919284,4.5927952123157345,4.468850679350002,4.1560607,4.473886956754038,4.1540384,3.5975215,4.1853337,4.619073,3.785064653,3.187364,4.20061575
0,2,OCIXNTJMRJNLDM-UHFFFAOYSA-N,OCNT-2316100,5.4820385,5.142090688900002,5.0934663,5.043333020179225,5.280492055039999,5.070359,5.316681154768662,5.4945474,5.621102,5.6243258,5.5851197,5.43887023,5.295858,5.58295325
0,2,OCPSMTDXYDJWPR-UHFFFAOYSA-N,OCNT-2317025,4.5826354,4.820764907329998,5.002059,4.961903684134798,4.891992302420002,4.896661,4.763902139059797,4.659319,4.9067273,4.855247,4.611018,4.12770464,3.74358525,4.7832135
0,2,ODKREHIVWMLQNO-UHFFFAOYSA-N,OCNT-2309658,4.599581,4.522816877579999,5.109963,4.996859989171423,5.345553954400004,5.0359592,5.057621506272118,4.7510033,5.0553265,5.0073013,5.330452,4.17323028,3.74140025,4.92843125
0,2,ODSCKOHMVPXOCY-UHFFFAOYSA-N,OCNT-2309480,4.706601,4.598578394409999,5.109963,5.214299704901307,5.424253749440002,5.0359592,5.08607750086916,4.4668546,5.062435,4.8915954,5.1073833,3.941705128,3.49129625,4.33738575
0,2,OHGMMNADIQFRMU-UHFFFAOYSA-N,OCNT-2317822,4.137508,4.241550932770001,4.743156,4.81700162583821,4.733818940030003,4.6819143,4.28665246219754,4.2232766,4.158656,4.6114945,4.2348127,4.863501675,4.6210655,5.11102325
0,2,OIZIUJHUYPZUHN-UHFFFAOYSA-N,OCNT-2310316,5.8948793,5.59655403359,5.2549243,5.245853933477251,5.156699943490001,5.1560245,5.058248239558207,5.586823,6.1708374,5.8827944,5.648229,5.877808642,5.78341375,5.9808605
0,2,OLKIKNBFLHPWDB-UHFFFAOYSA-N,OCNT-2310981,3.9784307,4.89058594496,4.296766,5.085065801907725,4.735952480690001,5.1330233,4.874537996565556,5.0350637,4.9103394,4.6397715,5.099271,5.367563265,5.26531725,5.46186125
0,2,OUNVBVZEYBCHRM-UHFFFAOYSA-N,OCNT-2313533,5.791728,5.6934850606700005,5.225322,5.4080945216374205,5.269584459339999,5.1613817,5.100413612366509,5.9252734,5.8703804,5.7352853,5.609538,5.39463625,5.234911,5.53283475
0,2,OVSRILAVJGUBPG-UHFFFAOYSA-N,OCNT-2315888,4.420939,4.5085386938099985,4.0547585,4.62628118605437,4.75175239957,5.2896104,5.009885020305908,4.4340696,4.5016246,4.6156516,4.670979,6.387175635,6.25914575,6.51836125
0,2,OXQOXOPGCWVLSN-UHFFFAOYSA-N,OCNT-2317342,3.755423,3.5825470093900016,4.9543314,4.978822066817676,4.564333514890002,4.518591,4.387309075561481,3.878089,4.742874,4.299524,4.2890596,4.991507765,4.7644015,5.19138675
0,2,OYOZASXGHJLQNN-UHFFFAOYSA-N,OCNT-2312078,5.738185,5.134868970050003,5.0037274,4.944647024668519,4.945700259829999,5.1106286,5.273400293046327,5.908215,5.6227617,5.6035247,5.654693,5.722540748,5.616379,5.82666275
0,2,OZBQCCJUGKHCOL-UHFFFAOYSA-N,OCNT-2318112,5.031584,5.056047250369999,5.0539117,5.148079113002383,4.884082147760002,5.0032864,4.860682488591598,4.9504786,5.1480937,5.060164,5.3635936,6.774244237,6.6791585,6.8654375
0,2,OZKNWIJAQFXAKL-UHFFFAOYSA-N,OCNT-2315138,5.1274643,4.675785839859997,5.173024,4.9583759910440115,5.2393660500899975,4.9277687,5.34599818245948,5.2048564,5.447677,5.251008,5.157121,5.39338793,5.2623575,5.513712
0,2,PCGYMNZMWFXQHG-UHFFFAOYSA-N,OCNT-2310055,4.936448,5.063524247919999,5.2549243,5.192507445916674,5.55654510469,5.2304335,5.682354864196916,5.17973,5.5112348,5.288649,5.310955,5.319163178,5.16243525,5.4531745
0,2,PDCGVJNVWODTOB-UHFFFAOYSA-N,OCNT-2314433,5.276949,5.194126830510002,4.76198,5.138305703563415,5.531245181730002,5.0348687,5.412040669123223,5.455643,5.5939817,5.4526844,5.245436,5.307677755,5.1551675,5.43774075
0,2,PEOQYHHOEUVRKO-UHFFFAOYSA-N,OCNT-2318364,6.1316676,5.600372700270004,5.308379,5.389593599368518,5.197179870300002,5.103465,4.9723413602356965,5.7574773,5.226823,5.8811154,5.8708954,5.577221095,5.44301975,5.701419
0,2,PIKOQLVRUZGZGM-UHFFFAOYSA-N,OCNT-2312418,5.478392,5.19699689077,5.278357,5.433757334525096,5.37644664444,5.0348687,5.147666854813678,5.5753183,6.0138435,5.5850067,5.6236696,6.818886595,6.74356,6.89697725
0,2,PIPKZVMFJISYNX-UHFFFAOYSA-N,OCNT-2312985,5.1313224,5.526372309970001,5.173024,4.898664556225144,4.662381673050001,4.0515604,4.617674983706531,5.216296,5.692261,5.329242,5.3830667,5.281324363,5.12498075,5.421943
0,2,PLJXPASPUUPXHL-UHFFFAOYSA-N,OCNT-2308945,5.0716343,4.95197600716,4.794946,4.993649275031087,4.75185577648,4.549362,5.196804037892181,4.8510127,5.571964,4.7050595,5.0883856,5.431624307,5.2362115,5.57511275
0,2,POVWSOQNXDNFPG-UHFFFAOYSA-N,OCNT-2310758,5.304473,4.715619691500002,4.51559,4.68788977417136,4.769893704700001,5.1560245,5.168208183506504,5.4757266,5.2289863,5.533639,5.3136125,4.905596782,4.753685,5.08911225
0,2,PPXSLCVJCJEMHV-UHFFFAOYSA-N,OCNT-2309532,5.5816193,4.964412332420004,5.170763,5.056156546879847,5.06028654287,5.1457086,5.280064788469295,5.5290794,6.23646,5.714266,5.7306657,5.089029995,4.9388955,5.216525
0,2,PQAMIQVSIIWVLA-UHFFFAOYSA-N,OCNT-2312392,4.1603518,5.185810763769999,4.661424,4.593206801369376,4.867407983979999,5.178419,5.040440454409288,4.087365,4.6017675,4.3719935,4.25368,1.90557896,1.03386975,3.12153525
0,2,PQFHDPWCCVEQQJ-UHFFFAOYSA-N,OCNT-2313141,4.3416758,3.6984812817600026,4.3264008,4.951237832502495,4.556536106890002,4.835194,4.440775423593571,3.930378,4.952487,4.3390894,4.3653817,4.904995085,4.71597625,5.07963
0,2,PSDQGZLAVGATAM-UHFFFAOYSA-N,OCNT-2312932,5.902087,5.508120007850002,5.1937156,5.16049955538947,4.93195085592,4.9627995,5.304160328028782,5.696707,5.722839,5.7312703,5.764916,7.457530822,7.36961475,7.549295
0,2,PSMOSYOPNQRHNZ-UHFFFAOYSA-N,OCNT-2310534,4.62189,5.245409913370002,5.2549243,5.393666885076621,5.326128446169999,5.1396184,5.261892362962142,4.695572,5.3403606,5.2124743,5.2559595,6.196405395,6.102786,6.291371
0,2,QAWUYFWCXHGPBK-UHFFFAOYSA-N,OCNT-2309430,4.3033323,4.75700686972,4.416715,4.8623315994425464,4.2674008313,4.7675796,4.611651359795036,4.220349,4.251375,4.3446007,4.4576592,2.657626473,1.14860425,3.7647785
0,2,QBZCECCUXJLFMB-UHFFFAOYSA-N,OCNT-2312208,5.6597614,5.284061069109999,5.2374067,5.239437506159022,5.429438581299998,5.1613817,5.487112278095954,5.8983808,5.275027,5.801996,5.8483996,4.35866423,4.0743715,4.79185575
0,2,QCXDGKVEMUQEBP-UHFFFAOYSA-N,OCNT-2313258,5.0996127,5.4610327433500006,5.296996,5.439123609287404,5.194515504869998,5.455293,5.116688500635712,5.232812,5.4022355,5.5552197,5.572255,5.924096243,5.8380265,6.01346125
0,2,QEANUYNJYOTEEV-UHFFFAOYSA-N,OCNT-2314861,5.0798497,4.872426688290002,4.6609526,4.719372529755559,4.943202427970001,4.599732,4.941274484582075,5.43488,5.907898,5.369872,5.149787,5.799931155,5.673454,5.91606525
0,2,QELSKZZBTMNZEB-UHFFFAOYSA-N,OCNT-2328961,4.59755,5.08853096615,5.2010984,4.920143133695426,4.6605689131700005,4.789974,4.4034631731221,4.26367,5.038975,4.6879807,5.223525,5.300220215,5.16217,5.42239225
0,2,QEOXVVPEQNNDJI-UHFFFAOYSA-N,OCNT-2308786,5.191726,5.2050272792099985,4.9674177,5.1620268879286275,5.245993177939999,5.151853,4.990538748982801,5.077837,5.224275,5.4705057,5.361763,5.544890505,5.4600935,5.6326515
0,2,QFOHBWFCKVYLES-UHFFFAOYSA-N,OCNT-2328316,4.8548183,5.193877273930002,5.267545,5.014135605963152,4.709925591640002,4.5743546,4.652366799677981,4.3510923,5.03711,4.7873883,5.307485,5.78291153,5.6220275,5.9420435
0,2,QFPYRHOSMPRHMQ-IEBWSBKVSA-N,OCNT-2311803,4.0252147,3.851683423429999,4.295133,4.287425025954286,4.61116211846,4.6644654,4.381727945808073,3.7372918,3.427668,3.9151354,3.8653522,3.85523884,3.32777725,4.2661555
0,2,QFYYABUCQMXEAW-PJYWTSEFSA-N,OCNT-2316247,5.2299256,4.980033217190001,5.13865,5.059837738357293,4.732457701520001,4.7980013,4.976990576871256,5.40467,5.395583,5.5582843,5.653423,4.985597317,4.78020825,5.18127425
0,2,QHHTXVIQZKULHO-UHFFFAOYSA-N,OCNT-2314946,2.2470891,3.98915940235,4.268004,4.395500280663921,4.40865547593,5.0619216,4.6046943036685155,2.6137514,2.9629383,3.5166376,3.3462162,2.04147612,1.05176075,3.185483
0,2,QICVHYIQFRIWFR-UHFFFAOYSA-N,OCNT-2310937,6.3406744,5.4428277748200005,5.451261,5.462633723564717,5.516950391939999,5.0348687,5.2746954217142905,6.5124702,6.2002997,6.2191677,5.939434,5.447608275,5.37239875,5.5256225
0,2,QMPNSZFQZAWABV-UHFFFAOYSA-N,OCNT-2311956,4.4963684,4.880726114310001,5.001899,5.06444140480153,5.055104625059999,4.9277687,4.645709076665161,4.1257763,4.9462247,4.706208,4.59421,4.080652048,3.72129025,4.618171
0,2,QNTHWRNJSZFTQQ-UHFFFAOYSA-N,OCNT-2311387,5.726593,4.980828419190002,5.0037274,4.878019071293692,5.276894573440002,5.1894846,5.276054982980507,5.919219,5.844702,5.6906767,5.591663,5.03445958,4.84659025,5.17683025
0,2,QQTARCVTVSIJRX-UHFFFAOYSA-N,OCNT-2311651,5.376799,4.99073840937,4.5604634,4.720600946328204,5.03379006443,4.843795,5.250542896389519,5.2349844,5.046035,5.542276,5.415363,6.545058893,6.46323375,6.62659375
0,2,QVQOHIBPHPVPPB-UHFFFAOYSA-N,OCNT-2309641,4.9838634,5.104694148479999,5.0539117,4.837455916250537,5.038462516240004,4.504381,5.00232232402068,4.8663726,4.794741,5.315774,5.051807,4.320567018,4.057148,4.6916225
0,2,QXRYBUZYONFBEB-UHFFFAOYSA-N,OCNT-2310141,4.9367266,4.679781053780001,5.01237,4.80735328253216,4.8854607116,4.7368464,4.731913547077784,4.736628,4.808087,4.9789047,4.968561,3.85430554,3.37775625,4.2881645
0,2,QXUKGGCCARXMOA-UHFFFAOYSA-N,OCNT-2308499,5.781455,4.993887017810001,4.8948865,4.887805127301117,4.94084857045,5.6396065,5.208570229471345,6.0428104,6.2885165,6.0383825,5.9587603,7.114525278,7.02943,7.197181
0,2,QYZMJZMDKMMMCM-ZYMOGRSISA-N,OCNT-2309109,5.571792,5.0844204296100015,5.173024,5.13703744875254,4.645968240410002,4.8127766,4.528479444955388,5.5117507,5.615403,5.4807186,5.3465633,4.923873225,4.72829125,5.08126075
0,2,RBTBFTRPCNLSDE-UHFFFAOYSA-N,OCNT-0476578,5.634862,5.375898436290002,5.248535,5.266772672574825,4.979755358499999,5.0447454,5.171746395989903,5.7284236,5.451161,5.741603,5.593301,5.62699618,5.56661825,5.6916005
0,2,RBVFRCIGZGGBTF-UHFFFAOYSA-N,OCNT-2311889,5.048891,5.196185967140002,5.197317,5.243964804560557,5.155139075220001,5.265863,5.071328165061889,5.5039988,5.3878646,5.254618,5.148284,5.406839628,5.2663845,5.52573425
0,2,REFJWTPEDVJJIY-UHFFFAOYSA-N,OCNT-0436875,5.706666,4.940568903830002,5.0061703,4.655921407743105,4.668336456940002,4.159223,4.7993056191472006,5.535438,6.2562346,5.7568455,5.551368,5.249563868,5.15387525,5.3281875
0,2,RGOYPSLBXQDYGL-UHFFFAOYSA-N,OCNT-2312755,4.6579676,5.02056663015,5.0037274,5.116688559828538,4.620128813860001,4.4037204,4.45625585916025,5.1509023,4.593867,5.1866603,5.123862,4.98014009,4.807246,5.144888
0,2,RITCSYSYZUPRHB-UHFFFAOYSA-N,OCNT-2317716,5.0465217,5.237876315330001,5.1016154,5.254419941893763,5.118577331380002,4.8156276,5.008860337742379,5.0123277,5.351888,5.11831,5.2947984,5.47197679,5.391789,5.55320175
0,2,RNOXAHDIXCUOSV-INIZCTEOSA-N,OCNT-2310393,5.0494213,4.902913932549998,4.7501664,4.875687065742726,4.144718198030001,5.0301366,4.559281094774405,4.997977,4.3950634,4.8471923,4.753011,3.75245673,3.23733875,4.2869545
0,2,RPMBYTWWNQIVRU-UHFFFAOYSA-N,OCNT-2317789,5.3629107,4.944739301170001,4.897421,5.14326884231262,4.716304066869998,5.1613817,4.9297783362445555,5.478236,5.2994647,5.4547668,5.4354377,5.546292627,5.35754425,5.7104235
0,2,RSPCESQETIRETP-UHFFFAOYSA-N,OCNT-2310409,4.484834,4.629223262540001,3.9832778,4.911001969409262,4.41570767581,4.949501,4.4705365354370015,4.4294243,4.9855294,4.5996075,4.6696644,5.165969945,5.0121675,5.29462725
0,2,RTWDTWBKBKIPLM-UHFFFAOYSA-N,OCNT-2309879,4.451544,4.919229802930001,5.0539117,5.217156761171651,5.2145857180799995,5.209362,5.350075598933061,4.4139524,4.70424,4.733243,4.9678197,5.027380925,4.854339,5.19596525
0,2,RUXZYHOPVWESOO-MNOVXSKESA-N,OCNT-2318230,5.9914236,5.324814281169999,5.038023,5.226590551793099,5.113143341119998,5.425009,5.277651976162081,6.138711,5.821251,5.812722,5.8097024,5.454511877,5.31307425,5.57897275
0,2,RVMONIUXPWNMOU-UHFFFAOYSA-N,OCNT-2316464,4.419279,5.00224142766,4.9674177,5.007422571331443,4.979482023320001,4.504381,4.681915637668063,4.882258,4.7964187,4.9280763,5.112531,4.97757222,4.77732175,5.1456855
0,2,RXLYLRXSZARXIK-UHFFFAOYSA-N,OCNT-2315106,5.414412,5.122151247590001,5.2549243,5.209783093765622,5.428504196639999,5.2661314,5.45771303976702,5.2604065,6.053865,5.4665446,5.5454187,6.117238633,5.9641575,6.28835575
0,2,SBIAXXQWMAAPEZ-UHFFFAOYSA-N,OCNT-2317433,4.3314652,4.725115219130001,4.8732333,4.690821507709278,4.577727589480001,5.2896104,4.895086661640979,4.8042965,4.4358025,4.7871633,4.700231,5.157446005,4.976945,5.298587
0,2,SDEJVIVIPUCEPS-UHFFFAOYSA-N,OCNT-2317195,4.489867,4.8454940457100015,5.278357,5.487877387227574,5.39764856798,5.1613817,5.223567123592014,4.798124,5.3364115,5.3144946,5.3566813,5.566309087,5.45688575,5.67193075
0,2,SGAGKBYBXBBBFW-UHFFFAOYSA-N,OCNT-2314588,5.2199693,5.345977671239999,5.4395413,5.468779677242693,5.1706613060399995,5.150913,5.409410893962355,5.893117,5.2933145,5.3003726,5.2248,6.58745454,6.461657,6.708365
0,2,SGRUQKVKQPCRHR-UHFFFAOYSA-N,OCNT-2315600,4.4910727,5.4301983624700005,5.2549243,5.04848509353082,4.9220449446500005,5.1106286,4.9388517092330915,5.0040956,4.0382094,4.8418922,4.8496404,4.124337697,3.79071775,4.543578
0,2,SJXWNGABSKWTHJ-UHFFFAOYSA-N,OCNT-2318232,5.0079184,5.378360880800001,5.278357,5.296498394778878,5.378916077420001,5.269803,5.264351906243526,5.2921147,5.4534063,5.4194236,4.9999847,5.143982408,4.99773775,5.27047275
0,2,SMUXAFUMKFMQDV-UHFFFAOYSA-N,OCNT-2308998,5.6877966,5.684949565209999,5.898919,5.756128148763813,5.401510977559997,5.0348687,4.875589466326238,5.5645223,6.011735,5.751402,5.69751,6.262584408,6.17750775,6.34723425
0,2,SOQAWCGRVMSITC-UHFFFAOYSA-N,OCNT-2318633,5.467717,5.4930769466600005,4.991579,5.164097708254243,4.8408392206499995,5.0009546,5.213508927920825,5.5362663,5.7556963,5.6619554,5.574012,5.111750823,4.88882425,5.2932495
0,2,SQNZLQKMVFUELG-UHFFFAOYSA-N,OCNT-2308829,4.6783056,4.664648033329999,4.272042,4.58267195303915,4.709527283010002,4.526054,4.754180854002891,4.632413,4.6305823,4.9966674,4.693084,5.310150098,5.1276615,5.465535
0,2,SRMDCSISGATUPS-ZBFHGGJFSA-N,OCNT-2313571,3.1719031,4.516096045200003,3.9329295,3.921761305956322,4.43361234762,4.672113,4.638874008018788,3.2439797,4.013593,4.0281506,3.122293,4.236307218,3.9649505,4.61957175
0,2,SXGCGPZMAHHOEU-UHFFFAOYSA-N,OCNT-2310344,5.5063133,5.660096843609999,5.2549243,5.417455313844216,4.99204875336,4.822356,5.2136931936318245,5.5119095,5.5926867,5.9028416,5.713607,6.310498873,6.226436,6.39338575
0,2,SZWIAWLUABGOBA-UHFFFAOYSA-N,OCNT-2317870,5.2859716,4.884434886440001,5.0068755,4.881206750585594,5.354009069599998,5.0348687,5.390492613372532,5.25355,5.7342315,5.028664,5.098454,5.205859023,5.0365355,5.34627175
0,2,TUAAGFPRMDBTHV-UHFFFAOYSA-N,OCNT-2313164,5.2314796,4.667959334159997,4.787504,4.762035639863202,4.877678062249999,4.6944447,4.939028503298324,5.144071,5.9435735,5.4691005,5.617633,5.789879495,5.686243,5.8886325
0,2,TURMNVAOZWJXSY-UHFFFAOYSA-N,OCNT-2312316,5.4989567,4.563212716450002,4.847794,4.397230986317792,5.215402843010001,5.0386086,5.026558419790974,5.571555,5.087939,5.4520187,5.4315042,5.32535307,5.16738775,5.4694165
0,2,TVFLKHRRTFZHMJ-UHFFFAOYSA-N,OCNT-2317671,4.689971,4.6310413552800025,4.485875,4.4919956395148315,4.795088775390002,4.2667828,4.989158559306808,4.6069026,5.1120987,4.600605,4.191262,4.942471115,4.70755875,5.134627
0,2,TVVHIDPDFJESIK-UHFFFAOYSA-N,OCNT-2311630,4.0952125,4.179582007160004,4.0533495,4.226344492432225,4.93380445341,5.1560245,5.01317325279,4.1919146,3.7031126,4.3144083,4.099234,2.297180992,1.0637975,3.67196025
0,2,TXNKXQDNBUHNOQ-UHFFFAOYSA-N,OCNT-2316582,5.2254276,4.7937997071900025,4.7228928,4.874388109424447,4.718316708360003,5.109764,4.893554673055968,5.407361,4.7051163,5.2591853,5.1771035,5.060224675,4.878634,5.1829105
0,2,TYRIPLONOSVEED-UHFFFAOYSA-N,OCNT-2312312,4.8326354,5.169781000320001,5.0037274,5.058353712903448,4.820597068900001,4.712767,4.69700435649182,5.1359267,5.5802236,5.1666203,4.8815455,5.232058398,5.06312625,5.36816125
0,2,UDOYRVCSKHMUCD-UHFFFAOYSA-N,OCNT-2310028,4.530959,5.216849188780002,5.001899,5.120715268651637,4.931240801710004,4.824228,5.057164376978472,4.325378,4.48589,4.362991,4.751711,3.170949508,1.277233,3.994733
0,2,UIPHQHVWOXUIQY-UHFFFAOYSA-N,OCNT-2312376,5.0805974,5.133840123820001,5.278357,5.437810476629137,5.250521295640002,5.1288786,5.203257834233592,5.0883265,5.235964,5.192738,5.362474,5.614288072,5.49165525,5.7223325
0,2,ULOBBAQXDYDAIA-UHFFFAOYSA-N,OCNT-2314688,5.006108,4.563449985960003,4.840649,5.032430469871274,4.644033917849999,5.1742477,4.8897655169408125,4.714358,5.4948225,5.022881,5.287761,4.951358575,4.78540925,5.14331775
0,2,ULSVLCNUYFBDCA-UHFFFAOYSA-N,OCNT-2316109,6.056919,5.705999011289999,5.177578,5.599003326649746,5.55465218551,5.2108107,5.374514631039103,6.294855,5.8816276,5.9524574,6.1062183,5.172316588,4.788748,5.4974345
0,2,UPXGGHRKRPLSDF-UHFFFAOYSA-N,OCNT-2317538,4.8543754,4.9033357742799994,5.0037274,4.807119754867093,4.195038122310001,4.869103,4.970163477134698,4.6148887,5.377511,4.996952,4.9428124,4.292626017,3.95900775,4.7819235
0,2,VCDIWEJDASRNMH-UHFFFAOYSA-N,OCNT-2314695,5.9740906,5.592816728900002,5.644045,5.953167407819041,5.227328897310002,5.1560245,5.298668095374139,5.8205724,6.1078434,5.849772,6.0154347,5.186929785,5.0021465,5.34763225
0,2,VCKUSRYTPJJLNI-UHFFFAOYSA-N,OCNT-0022316,4.038549,3.93710779291,4.347081,3.847223917290703,4.337128053810001,4.4715276,4.322468631725382,4.163192,3.2916362,4.2451754,3.6012847,2.131196685,1.05390125,3.25483875
0,2,VDHAWDNDOKGFTD-MRXNPFEDSA-N,OCNT-2328559,5.4942365,5.155540051229998,5.173024,5.222219699953022,4.8122052813400025,4.8505945,4.273566548964198,5.528429,5.886063,5.6291018,5.5983467,4.853442213,4.70741875,4.9970235
0,2,VHOGYURTWQBHIL-UHFFFAOYSA-N,OCNT-0494012,4.9543424,5.562884004520002,5.2549243,5.29749994130182,5.0558306671399995,4.559581,4.839630102234812,5.06938,5.0339775,5.3721576,5.482427,5.802336085,5.6925135,5.91037875
0,2,VNCFAVVBLJJAFO-UHFFFAOYSA-N,OCNT-2310831,4.016417,4.721593361900002,4.4554043,4.782743657146856,4.327252698210002,4.526054,4.238785590460611,4.4211874,4.327987,4.3916893,4.3083744,3.170170773,1.2189225,4.027455
0,2,VRHLCRQRRJHCMR-UHFFFAOYSA-N,OCNT-2317265,5.189866,4.945116495630001,5.0037274,4.767113922032126,4.601201405890001,4.6855807,4.554468165604681,5.2573967,5.4710236,5.0962567,5.1983604,5.521118205,5.4173715,5.62253475
0,2,VRHSIWRFSPQEBM-UHFFFAOYSA-N,OCNT-2309458,4.631801,4.678547391130002,4.9309096,4.856685074865228,5.075284998510003,4.9627995,5.117476775221797,4.9110084,5.23767,4.728681,4.609689,5.260399738,5.0996855,5.4405665
0,2,VRIJJQIANJTUDW-UHFFFAOYSA-N,OCNT-2310840,5.578384,5.134069403130002,4.8129864,4.930824313714842,4.78798603332,5.1742477,5.1302520744957665,5.793409,5.7329607,5.2964134,5.1715126,5.460887015,5.327391,5.57249225
0,2,VSLIUWLPFRVCDL-UHFFFAOYSA-N,OCNT-0498430,4.1843553,5.155750981810002,5.072617,5.034403665682001,5.375673316720001,4.9737477,4.9364344175274635,4.0999722,4.2285075,4.702711,4.6751394,5.76834609,5.4231955,6.07579525
0,2,VTQXUFDARAXXEL-UHFFFAOYSA-N,OCNT-2311552,4.722385,4.8677713050800016,4.8948865,4.532637060098135,5.164722673360002,5.0348687,5.0111154046955235,4.8148603,4.7256565,4.9141893,4.929018,4.663353632,4.412397,4.9548635
0,2,VUODWNPUQSCMQY-AWEZNQCLSA-N,OCNT-2316025,5.2425165,4.940241913939999,5.0539117,5.293937514828569,4.485901323030001,4.8322573,4.357275141842858,5.135119,4.75809,5.327357,5.2155538,5.166115375,5.00052775,5.3012245
0,2,VUPKSBXFZNHHPW-UHFFFAOYSA-N,OCNT-2313833,3.6903358,4.455433425680003,4.3366914,4.035718613388411,4.372903310060002,4.599732,4.462641568610322,3.7611005,3.082688,3.9014382,3.6710608,2.738524978,1.17873675,3.83445925
0,2,VWXNHHNSTRKTRD-YUZWYKEKSA-N,OCNT-2311731,5.0977554,5.280611347160002,5.694285,5.589325813100362,4.621044815269999,5.1330233,4.581743454746731,4.5844445,5.8774476,5.343243,5.640026,4.81363868,4.619334,5.04332325
0,2,WBWNBROSFREOPO-WFASDCNBSA-N,OCNT-2309977,4.8101416,4.9247344912700015,5.0017147,4.690872635630709,4.644196268560002,5.0729628,3.9539929535089606,4.860283,4.667701,5.1134076,4.644017,4.80178124,4.55866875,5.09441175
0,2,WCXGBOSREZEJPV-UHFFFAOYSA-N,OCNT-2312358,4.949032,4.48709385662,4.6222544,4.762928130323712,5.018436928629999,4.598553,4.722845772134302,4.9731755,5.3728867,4.9052753,4.601293,5.39763518,5.24172,5.53145125
0,2,WECBRMODQWSFSC-UHFFFAOYSA-N,OCNT-2310948,3.3694286,3.897609134320001,4.015584,3.939341030726213,4.60137739927,4.9740176,4.946559053926429,3.8295627,3.8532286,3.8966947,3.9762104,5.216991705,4.9832135,5.3900845
0,2,WFGBFNNEVGBDAM-UHFFFAOYSA-N,OCNT-2315005,4.684205,3.472548302229998,4.377126,4.563595618215053,4.340137956339999,4.9465613,4.369708463294952,5.031313,4.763528,4.5737724,4.542408,5.023546825,4.85567775,5.19657375
0,2,WFJIVOKAWHGMBH-UHFFFAOYSA-N,OCNT-2328729,5.4645224,5.78366955718,5.2549243,5.125656609329442,4.752390984410001,5.015762,4.861535682769728,4.986088,6.1779366,5.204037,5.3836727,4.855454522,4.6346005,5.10137025
0,2,WGTVPWWJGGBSDL-UHFFFAOYSA-N,OCNT-2308762,5.112083,5.300561283870003,5.2792172,5.185915838406085,5.193000743050001,5.159388,5.2065133136425255,5.475343,4.753589,5.4709105,5.239457,3.794313387,3.238498,4.277137
0,2,WGYQLXGWKYLPFA-UHFFFAOYSA-N,OCNT-2312906,5.495325,5.138291062389999,5.173024,5.13244134580385,5.22261208219,5.35897,5.059247879762781,5.63348,5.4660225,5.5195894,5.5374045,5.886630562,5.80714675,5.96457075
0,2,WHAVHVFYGLIVRF-UHFFFAOYSA-N,OCNT-2309501,4.284095,4.876031354200001,5.197317,4.954337526665919,4.741149248980002,4.9538617,4.595768574792501,4.2586384,3.8581831,4.3908234,4.76906,5.200461928,5.0287155,5.34524025
0,2,WJPGZQMOLCAKDP-ZANVPECISA-N,OCNT-2313362,4.8693657,4.574141125270002,4.51559,4.387833398718611,4.29448658085,3.8094833,4.341616438626756,4.4266944,4.3646374,5.0563726,4.726944,5.041680803,4.83715275,5.2105475
0,2,WJQRJEHDFYVKSC-UHFFFAOYSA-N,OCNT-2316867,5.612813,5.2785294274300005,5.122011,4.921656199160475,5.406336164989998,5.0348687,5.187561815719957,5.4627705,5.463516,5.742892,5.734713,6.000868557,5.90147175,6.10485075
0,2,WKLFNRWGRUQSCD-UHFFFAOYSA-N,OCNT-2318324,5.378057,4.6307766568,4.7546105,4.562025945008133,5.106119674460001,5.335006,4.991875877127358,4.9640627,5.1798406,5.246128,5.2770824,5.492727475,5.33729575,5.631643
0,2,WNBIMBZYKXPHFP-UHFFFAOYSA-N,OCNT-2313103,3.6391969,4.515203308530004,4.855955,4.507693542724641,4.539832464490001,4.9208593,4.687054659589986,3.7441058,3.5949793,3.918128,3.7305405,4.68350962,4.4684985,4.956299
0,2,WPPNSINALVFTOS-UHFFFAOYSA-N,OCNT-2314804,5.3714485,5.206169460110002,5.09427,5.354468506456703,5.414136539570003,5.1709375,5.5139694563055714,5.3610625,5.4623075,5.381763,5.2686043,5.844491977,5.74154475,5.949471
0,2,WPXLRTCUAVFCFA-UHFFFAOYSA-N,OCNT-2315821,5.4581246,5.138739444969999,5.2549243,5.344804152040958,4.749311141340001,5.070359,4.9450064377554845,5.4804606,5.515096,5.495558,5.5286713,5.278253475,5.19710775,5.35945075
0,2,WROCZHPTMZEAPU-UHFFFAOYSA-N,OCNT-2309518,5.147943,4.744969940040002,5.281667,4.702955072200902,4.901678215539999,5.027533,4.878557223157034,5.2611027,5.56011,4.9974904,4.8289866,4.999545695,4.83336825,5.15588025
0,2,WSPOMRSOLSGNFJ-AUWJEWJLSA-N,OCNT-0497954,5.1764336,5.285343947570002,5.307222,5.311640137894919,5.0956430162999995,4.37365,5.244098704466416,5.2096586,5.299983,5.2475276,5.257653,5.046060555,4.926879,5.15313375
0,2,WYWZRNAHINYAEF-UHFFFAOYSA-N,OCNT-2328974,4.7982783,5.2379047965300005,5.173024,4.909549880167958,4.739470290040001,4.943254,4.93183145741379,4.515754,5.900645,4.975955,5.30277,5.551056015,5.46890725,5.63782525
0,2,WYXZWQBOJBWGRS-UHFFFAOYSA-N,OCNT-2309630,5.054044,5.0637017365800014,5.1210113,5.146855584979025,4.986943067910001,4.1785398,4.808991186758811,4.9774036,4.4980216,5.2234015,5.1213627,4.13112114,3.81830975,4.4653095
0,2,XBHQNSQHLGDTSU-UHFFFAOYSA-N,OCNT-2314208,4.5867724,4.307058503100004,4.741248,4.305905129906414,5.051424592170002,5.1291347,5.2295383033939045,4.20358,4.7052298,4.8527493,4.678332,4.88711199,4.72917175,5.07551175
0,2,XDIJGISKACAZPE-UHFFFAOYSA-N,OCNT-2310449,5.252083,4.677149145470001,5.091636,5.297696511391122,5.168284341600002,5.265863,5.043127118519945,6.036968,5.2735705,5.6921606,5.4074626,6.25329774,6.120507,6.3843355
0,2,XEKMKJZNWPOJIH-UHFFFAOYSA-N,OCNT-2311661,5.1622267,5.215034771249999,5.4161086,5.3534417849461455,4.761194764769999,4.526054,4.454137780240026,5.0681825,5.320515,5.27676,5.44818,5.844798747,5.72407575,5.9665755
0,2,XPOQHMRABVBWPR-ZDUSSCGKSA-N,OCNT-0493927,5.7104316,5.35993965219,5.173024,5.144350279416029,4.841886258420001,4.9627995,5.043342894889371,5.968485,5.685874,5.4630885,5.6343937,4.865116112,4.76793675,4.97192125
0,2,XRRIJYHEWNMUKI-UHFFFAOYSA-N,OCNT-2317961,5.5102,4.933589264650001,5.2073693,4.931869931632108,5.430306555500001,5.1195936,5.476757515937234,5.7876654,5.486704,5.811294,5.774591,6.157135228,6.035287,6.27410525
0,2,XTVIKJOVFIRMPE-HNNXBMFYSA-N,OCNT-2312517,4.327261,5.26811640924,5.1462727,4.958996031503703,4.695604692510002,4.846302,4.715115953518217,4.483675,4.1276617,4.6464524,4.129618,5.095803242,4.95790775,5.2221015
0,2,XUJYEKUGVGQZDR-UHFFFAOYSA-N,OCNT-2309981,4.4081216,4.727725320920003,5.0681615,4.789921789951368,4.633698638150001,5.1106286,4.889537876715792,4.67719,4.685641,4.640603,4.5578694,5.127732293,5.0119835,5.22346075
0,2,XWCLCJYWVJRTHA-UHFFFAOYSA-N,OCNT-2309598,3.7063684,4.914596069680001,4.8948865,4.730093251059543,4.732816729140001,4.4693117,4.905614843991925,4.8751564,4.381575,3.7919025,3.919957,3.686655173,3.15342875,4.22728425
0,2,XWVWPNYWBFIPHF-UHFFFAOYSA-N,OCNT-2312722,4.175041,4.574142121529999,5.0037274,4.789293689527532,4.456737627510001,4.3734717,4.272853113799408,4.37736,4.1767516,4.668491,4.7716637,2.913836933,1.161106,3.8856385
0,2,XYVMOBPTOAXMDI-UHFFFAOYSA-N,OCNT-2318658,5.0067625,5.041078150240001,5.135812,5.235716199532572,5.26719878825,5.269803,5.251188835136849,5.5035763,5.1149907,5.387991,5.3059587,5.256545,5.128587,5.35372225
0,2,XZTFOQBCMPUHSK-UHFFFAOYSA-N,OCNT-2312973,3.850633,4.956417261430002,4.8357024,4.813516585883143,4.860647550620003,4.845094,4.640943113212721,4.397617,4.761625,4.3670692,4.6886525,5.71597021,5.63032125,5.79902075
0,2,YBRVKGSUHFCMRG-UHFFFAOYSA-N,OCNT-2309242,3.5943878,3.705101493619999,3.5820599,3.738085236984423,4.631119110000001,5.122944,4.578997743481235,3.3879833,3.7293458,4.465949,4.247666,4.07457127,3.695931,4.57379175
0,2,YCGWTNODMPQGJL-UHFFFAOYSA-N,OCNT-2312407,5.090862,5.135584261729998,5.520363,5.262576726254421,5.375289576470001,5.0348687,5.209821039041062,4.9758315,4.9182196,5.171589,5.1496906,4.042082048,3.6508885,4.55074525
0,2,YIBRVQNCOSVETL-UHFFFAOYSA-N,OCNT-2311399,5.6919875,5.614203549090003,5.2549243,5.4445859780950325,5.161005788569998,4.9627995,4.837890538330087,5.568826,5.7023783,5.8779907,5.8619013,5.458028618,5.32738875,5.56715075
0,2,YIFDISNBBGKJKI-UHFFFAOYSA-N,OCNT-2316131,5.205777,5.20278668419,4.867191,4.9295483466483345,4.876875363360001,5.3522844,4.0071190745202205,5.451762,5.0132256,5.4175334,5.475385,3.259691473,1.4471295,3.974862
0,2,YIVMQZCQVWWLET-UHFFFAOYSA-N,OCNT-2310795,5.1225038,5.128067615990002,4.8122263,4.908388633360288,4.93861805667,4.958628,4.9835146374029495,4.8956695,5.4807487,5.1629386,5.0699387,6.155750862,6.058512,6.2546705
0,2,YKHUVWHAHXEIJB-UHFFFAOYSA-N,OCNT-2309444,4.3826733,4.29043708621,4.787504,4.736805348173353,4.453985560850001,5.0249634,4.6930361004456,4.455565,4.3439374,4.580952,4.134402,4.188894158,3.8998175,4.58596225
0,2,YLBHRYSMLHYOBI-KBPBESRZSA-N,OCNT-2315633,4.7911777,4.062129564320003,3.9593482,4.141720752538795,4.516505402570002,4.7688828,4.4089922356071485,4.2880344,4.1669145,4.512703,4.156909,5.384656588,5.244143,5.510605
0,2,YLJREFDVOIBQDA-UHFFFAOYSA-N,OCNT-0478585,4.879098,5.254591122950003,5.1684303,5.147925937060384,5.154750779939999,4.9737477,5.2759629620930415,4.530753,5.6326647,5.1800466,5.134786,5.595434417,5.4400775,5.73690125
0,2,YLTHQMNZJFHTGP-OCCSQVGLSA-N,OCNT-2316881,5.282032,5.0161096365999995,5.173024,5.114596681459133,4.914443804210001,5.070359,4.938444822248186,5.5687532,5.43021,5.144077,5.2140894,4.214956133,3.8663265,4.763707
0,2,YMUVXJZNSRNYFL-UHFFFAOYSA-N,OCNT-2309635,5.2741685,5.241010074420003,5.164213,5.099329229956963,5.44151375394,5.1613817,5.472709669101375,5.5060396,4.755292,5.6528034,5.537516,5.309551372,5.150656,5.4351405
0,2,YQHXRQUOFRLUFK-UHFFFAOYSA-N,OCNT-2313643,4.4262724,4.336429197950002,4.5341215,4.37340051293111,5.060628760080001,5.007963,4.827358789185188,4.6112013,3.9493134,4.728394,4.1226754,3.734271975,3.24730625,4.34415225
0,2,YQKLTNOXGTYSOG-UHFFFAOYSA-N,OCNT-2315045,3.8957982,4.596896512400002,4.8332787,5.02968563186086,4.568348547639999,4.2546706,4.575251024061763,3.6310039,3.7776127,4.190446,4.4446344,5.39669672,5.1967965,5.59788125
0,2,YRTLYQAIURDYMT-UHFFFAOYSA-N,OCNT-2309787,5.78471,4.91877180876,5.2549243,5.365796379948709,5.128857707750002,4.914499,5.072047646681703,5.686483,6.113186,5.676462,5.4514327,4.93336408,4.66338275,5.21988275
0,2,YTHQORBRSQJECM-UHFFFAOYSA-N,OCNT-2317097,5.4860735,5.377928730749999,5.278357,5.3207756758468046,5.4296158760100015,5.182953,5.264681260234321,5.359053,5.3950033,5.639402,5.47155,5.1434787,4.96116925,5.3002145
0,2,YTQYAPSVFJQMCE-UHFFFAOYSA-N,OCNT-2310115,4.9080977,5.535608934910001,5.2549243,5.093731191949693,4.739078864989999,4.976621,4.446125379637313,4.4261274,5.2033134,5.137535,5.0121875,4.944019035,4.76002675,5.11469125
0,2,YUSOQWDLAGAIHW-UHFFFAOYSA-N,OCNT-2310036,6.214521,5.499689513809999,5.278357,5.2021984190528885,5.6596113927800005,5.4005175,5.087300419400645,6.398367,5.8993115,5.8740234,5.8022966,5.809098493,5.69878975,5.922263
0,2,YVLRYYJNSUZEGJ-UHFFFAOYSA-N,OCNT-2316721,4.31426,4.154649750519999,4.611205,4.562250237122774,4.416248371020001,4.533352,4.29087916427929,4.5546894,4.520405,4.5077424,4.2953343,4.464030875,4.27200525,4.740462
0,2,YWPHCCPCQOJSGZ-UHFFFAOYSA-N,OCNT-0493904,4.1266727,4.751862230660004,4.363053,4.848637073326654,5.040692392810002,4.599732,4.577612592137795,4.5068097,4.5496325,4.839391,4.6389155,6.40645018,6.27740425,6.53405425
0,2,YXBIHWFOVVALKB-UHFFFAOYSA-N,OCNT-2309495,4.871801,5.1609840809400005,5.135812,5.184621358100815,5.071249679899999,5.0249634,4.859628281113521,4.95967,4.477903,4.7787175,5.080062,4.300952497,3.990637,4.78283925
0,2,YZDDODJEXHDWEE-UHFFFAOYSA-N,OCNT-2310008,5.47548,5.333406095450001,5.1684303,5.148123893428042,4.87753426095,4.9740176,5.092146032312983,5.502398,4.9553847,5.4157095,5.4111547,5.28092029,5.0875165,5.42224725
0,2,YZQWTLZRWDTEFR-UHFFFAOYSA-N,OCNT-2314768,4.880048,5.32435847862,5.620612,5.423739105207456,4.872173047430003,5.2690034,5.220620888444507,4.97729,5.091165,5.2857842,5.316819,5.070780313,4.86918,5.254674
0,2,ZBLDFRSUJJPWTO-UHFFFAOYSA-N,OCNT-2309695,5.547003,5.0495442530500005,5.135812,4.822788811651543,4.920982658860002,5.354784,5.08465787468648,5.5069313,4.927739,5.462251,5.400806,4.387167883,4.1942155,4.6867035
0,2,ZDZLABUIOYHHDH-UHFFFAOYSA-N,OCNT-2315214,3.8117166,4.709586304950002,4.692391,4.4398750002816545,4.981779821260001,5.1560245,4.827772245558849,4.2361927,3.1685781,4.5728626,4.2268333,3.804000157,3.19650175,4.2592095
0,2,ZERZLZZXKXXCBL-UHFFFAOYSA-N,OCNT-2318376,5.2545066,5.508234949470002,5.226479,5.333886712577232,4.922072504290003,5.282447,5.047741510302697,5.465972,5.6223574,5.6349277,5.6910267,5.18644016,5.00179475,5.36865475
0,2,ZGKKTJUHLOHJDN-UHFFFAOYSA-N,OCNT-2311801,5.9862266,5.9724785370100015,5.8939943,5.723353793723849,5.659642000820001,5.354784,5.323532655177058,5.6589556,5.369955,5.9426956,5.994273,5.916388262,5.82245725,6.00611625
0,2,ZIZLYISNLNUGDD-UHFFFAOYSA-N,OCNT-2313221,5.239573,5.16239778801,5.278357,5.27832406879727,5.545794797760001,5.1046124,5.1431853110105425,5.459716,5.890524,5.4186044,5.5924964,5.029824152,4.863267,5.170402
0,2,ZKOIMMUZXCGXIF-UHFFFAOYSA-N,OCNT-2309623,4.583728,4.329315363460002,4.1220913,4.155210225962782,4.493472448550001,4.7786427,4.512444761241275,4.611919,4.7357354,4.8898067,4.7032967,3.774960395,3.23177225,4.2405265
0,2,ZUSNMOKJMOPBJW-UHFFFAOYSA-N,OCNT-2312373,5.63815,5.264088309500003,4.4826627,5.004542853860694,5.153808016880001,5.2504582,5.229511301575319,5.577186,5.527224,5.572109,5.4517965,4.91363722,4.70961775,5.06925025
0,2,ZWRLXEBVMZHHPI-UHFFFAOYSA-N,OCNT-2310699,5.655195,5.642331001909998,5.816949,5.691217683778893,5.278098951049999,4.5774007,5.131035075846853,5.7958126,5.710123,5.7250996,5.760303,5.026189213,4.84425975,5.1610655
0,2,ZZQHSJYTAWRDDH-UHFFFAOYSA-N,OCNT-2309995,4.1842985,3.47073018235,3.7276332,4.2076247506750235,4.01126079251,4.7001266,4.487401948146693,4.348125,4.58768,4.210703,4.200833,3.955306943,3.472446,4.286817
0,3,AIDXPYZJTIDUSC-UHFFFAOYSA-N,OCNT-2311602,4.747882,5.19190681164,5.3036723,5.3006266621528635,4.949424653639999,5.271506,4.8508191575302115,4.6938887,4.538191,4.8138084,4.747435,3.668555707,3.14165625,4.1889845
0,3,AKGNFUOCHVNYDC-UHFFFAOYSA-N,OCNT-2313888,3.8988793,4.055760975610002,4.4497066,4.5098084925929705,4.59644497281,5.1112585,4.895660238548472,3.8863173,4.3578563,4.395024,3.7467756,5.344484643,5.16662775,5.50265125
0,3,AMWPMSHAYVPOHP-UHFFFAOYSA-N,OCNT-2313799,5.306615,5.377872625900003,5.113276,5.1101879761572295,5.197378231629999,5.097588,5.641197921251099,5.065454,5.45582,5.358948,5.385815,5.82772761,5.7263405,5.93594125
0,3,AOWBBTKHKUABIR-UHFFFAOYSA-N,OCNT-2314004,5.054927,3.8936554544600015,4.3986683,4.409330924162992,4.6887323084600006,4.8006973,4.877181518643573,4.963591,4.826712,4.874902,5.224681,4.995842308,4.867607,5.132895
0,3,APFMKWOPIHERJL-UHFFFAOYSA-N,OCNT-2315230,5.550778,5.638513392210001,5.372588,5.353751441306479,4.735620524570001,4.895621,4.649179903413287,5.2401614,4.807672,5.6031666,5.7399025,6.134430408,6.023669,6.24658175
0,3,AUWZLAUAWCSWCW-UHFFFAOYSA-N,OCNT-2315903,4.3631926,4.486448923179999,4.7746115,4.495874394798493,4.904159406160002,5.016123,4.756217152402266,4.737834,5.1508617,4.7075744,4.847939,4.593450417,4.30812025,4.98991025
0,3,AUYYCJSJGJYCDS-LBPRGKRZSA-N,OCNT-2328638,5.4558134,5.04652842171,5.056165,4.969283012387844,4.515064911460002,5.3859563,4.82993657741973,6.3146772,5.0732985,6.081473,5.786251,4.236983705,3.94085925,4.68260325
0,3,BAAKPPZAHCJHAC-UHFFFAOYSA-N,OCNT-2318352,5.9132333,5.203613470810001,4.684572,4.866831613835439,5.460205921229999,5.1637807,5.648784469763774,5.5668697,5.828643,5.8478837,5.8395905,5.494513645,5.412937,5.57955175
0,3,BGTVWPCPJFXQHA-UHFFFAOYSA-N,OCNT-2312210,5.1772075,5.30324685536,4.7827106,5.199157122045325,4.970568526899999,5.037271,4.789872813383613,4.9071007,5.0684686,5.032122,5.229732,5.59920017,5.4771485,5.70908625
0,3,BKGANTPWEMJJDM-UHFFFAOYSA-N,OCNT-2312342,5.4448385,5.463312034130001,5.213993,5.290496365903048,5.480955303679999,5.2966638,4.848724546165594,5.4721384,5.0776467,5.6326027,5.54917,5.584115377,5.469705,5.694302
0,3,BVCKJGVIXOMZBW-UHFFFAOYSA-N,OCNT-2317192,3.7185173,4.510704515149999,4.5762196,4.676983039561563,4.61198049048,4.895621,4.44662307721735,3.9691496,4.205259,4.1872325,4.0399766,3.38951854,2.36340725,4.01675
0,3,BVPRAXPGVAOBHM-UHFFFAOYSA-N,OCNT-2312969,5.903626,5.317870808169997,4.9945354,5.295452452585873,5.451866816149999,5.279661,5.293448807558561,5.6375165,5.6489325,5.960514,5.8805957,5.576840012,5.459109,5.69599125
0,3,BXCHGIKOQTXVJL-SFHVURJKSA-N,OCNT-2314649,5.1198587,4.618472488429999,5.0610533,4.908056566346151,4.765905453950001,5.037271,4.386255031928569,4.724553,5.216917,5.327262,5.260087,4.909640955,4.6811045,5.18503175
0,3,BYAVFGPTBAFTNM-UHFFFAOYSA-N,OCNT-2310816,4.3283753,4.917050417910001,5.145998,5.042648292578568,4.5407396253400005,4.5783777,4.425093897023088,4.642855,4.425027,4.4251566,4.6413975,3.778090123,3.15280675,4.18585125
0,3,CAVHMRSMXQUFPI-UHFFFAOYSA-N,OCNT-2311901,5.398798,5.421006614330002,5.213993,5.3855597888285365,4.904326136849999,4.2283263,4.934124658379323,5.1326146,5.312755,5.4896107,5.63672,7.610285327,7.50850625,7.70113925
0,3,CBDZWNYRFMBERE-UHFFFAOYSA-N,OCNT-2310986,4.8147445,5.522666066240001,4.9852633,4.973151296438874,4.988739603689998,4.8656025,4.580890819902415,4.777529,5.102723,5.0246944,5.101772,6.182241923,6.08786875,6.28309575
0,3,CBVIJJPRPQPHDM-UHFFFAOYSA-N,OCNT-2316854,5.746963,5.542505353270002,5.127526,5.263936068589183,5.05673063889,5.1112585,5.302580683578434,5.4378047,5.4433765,5.900357,5.935095,4.015711493,3.6126175,4.3844435
0,3,CDQDNPHFGYWSOR-UHFFFAOYSA-N,OCNT-2311331,4.7774005,4.953046795670004,4.6717963,4.743450028077664,5.19423388085,5.1487956,5.512052070638122,4.9489164,4.8766885,5.0936794,5.0046577,4.51486617,4.3167955,4.80004825
0,3,CEYRGLDKUBETCE-UHFFFAOYSA-N,OCNT-2314568,5.8568025,5.220343545170002,5.213993,5.322741898929074,5.317642836129997,5.279661,5.602769651839206,5.5317335,5.7297535,5.8418097,5.8942194,5.068768728,4.96052525,5.1773115
0,3,CFGZXKWGGSEENY-UHFFFAOYSA-N,OCNT-2309070,5.3622108,4.832438960169999,4.71762,4.889991331618982,4.775189341739997,4.946431,5.040020010111778,5.210263,5.0352054,5.658407,5.7546854,5.78048507,5.66842975,5.8910935
0,3,CIBMHMYNONJSKA-UHFFFAOYSA-N,OCNT-2318002,5.1218987,5.128490863219998,4.97937,5.046413250924844,5.141079038830002,5.061837,5.042218154513451,5.003673,5.031602,5.135843,5.1341486,5.308471928,5.21717625,5.389643
0,3,CIFMMEDLNIKOGG-UHFFFAOYSA-N,OCNT-2315627,5.157372,4.9195928674700005,4.97937,4.966012598952049,4.880372643720001,5.0146008,4.711001890666728,4.7694373,5.066089,4.8667736,5.0572104,2.201957522,1.079212,3.546472
0,3,CPACSLZRDZGWSJ-UHFFFAOYSA-N,OCNT-2308519,5.4533243,5.321392471940003,5.370879,5.504568553125908,5.4551530984,5.1258764,5.507480396304304,5.0136356,5.102682,5.2147865,5.4670935,5.529981917,5.4466995,5.61631525
0,3,CRRWDCQIGUFMTL-UHFFFAOYSA-N,OCNT-2314310,5.363638,4.252086771590001,4.5127506,4.5907165102191,4.4615267474400016,5.0146008,4.672659477968018,5.336899,4.9985714,5.5173445,5.86507,4.770727645,4.0398855,5.48322925
0,3,CTUPNTLXQZNNQW-UHFFFAOYSA-N,OCNT-2309897,4.5998306,4.970699970510001,5.127526,5.018568154523838,5.0941194122799995,4.922197,4.785642718693998,4.831466,4.6693835,4.9497805,4.983221,3.631932888,3.00118925,4.1125205
0,3,CWINMFYUFBNRRM-UHFFFAOYSA-N,OCNT-2318281,5.6978693,5.505334998399998,5.501213,5.376650947461499,5.426735722230001,5.1637807,5.309919303415409,5.2266417,5.61714,5.487086,5.5644383,5.575110592,5.48991725,5.65836075
0,3,CZCHIEJNWPNBDE-UHFFFAOYSA-N,OCNT-2328931,6.2486353,5.262463860069997,4.6879487,4.956814852916362,4.7607372544899995,5.561788,5.369529808989896,5.929171,5.504091,6.265671,6.4432335,4.867967003,4.7584735,4.97171675
0,3,CZSAMRIBHKTNAZ-UHFFFAOYSA-N,OCNT-2315731,3.7633824,3.9066278193600006,4.2332153,4.126170178609931,4.471787372780001,5.016123,4.364929589354649,3.8652682,3.7402039,3.8970885,3.8585863,2.70612089,1.121809,3.85444675
0,3,DAAQXYINTYQCAU-UHFFFAOYSA-N,OCNT-2312987,5.159366,5.418961382510002,5.2912464,5.237518368075297,4.87978217582,5.0698533,4.9332732295341835,4.7831955,4.7684836,5.058228,5.0000815,4.294096595,4.01674875,4.724339
0,3,DBGKWFVWUQZGRD-UHFFFAOYSA-N,OCNT-2316687,5.3252864,5.180636735310002,5.113276,5.137823523797342,5.214061394020002,5.097588,5.074615984299539,5.178469,5.3016376,5.524524,5.444443,7.048461123,6.97316725,7.12517525
0,3,DEJNTPSVVNYGMA-YMSDKTMASA-N,OCNT-2315257,4.7954683,4.813526390870003,5.0674524,4.688905347967336,4.714103406050002,4.1698256,4.4707001858644615,4.6913905,4.953724,4.9158816,4.4971743,4.251860225,3.961606,4.68437175
0,3,DFJVLCBFBNOPTO-UHFFFAOYSA-N,OCNT-2315759,5.2118983,4.895946160220002,4.97937,4.959754262695699,5.07205732613,4.922197,5.181551985427173,5.2355146,5.0290446,5.3598104,5.540529,5.848593743,5.74286225,5.95129525
0,3,DHNZZMXDGCZABY-UHFFFAOYSA-N,OCNT-2313567,4.2056127,4.616988294439999,4.7013016,4.704231247038382,5.097865482580001,5.097588,4.596216374390347,4.911842,4.66051,4.72738,4.44879,6.993996538,6.907625,7.082275
0,3,DRXAZLUTUQIDMF-UHFFFAOYSA-N,OCNT-2312285,5.4065247,4.73214228811,5.113276,5.03367977113277,5.2585736507800025,5.1637807,5.547868047865316,5.421807,5.0829043,5.194553,5.2149405,5.377034587,5.196637,5.53113
0,3,DSLZMQBZYLSBTB-UHFFFAOYSA-N,OCNT-2317208,4.191784,4.474919351630001,4.9443974,4.74713660125471,4.50155910352,5.1112585,4.5887353710883865,4.443938,4.189424,4.4116697,4.433838,4.205599885,3.95832875,4.4725065
0,3,DTRJYZPQRWDBRE-UHFFFAOYSA-N,OCNT-2312191,4.904119,4.741736749989998,4.97937,4.820495826389788,4.533501182460001,4.895621,4.757275709767956,4.6498303,4.2286544,4.88411,5.18456,3.07924099,1.379555,3.90652025
0,3,DYUYVURCSOVEDN-UHFFFAOYSA-N,OCNT-2311071,3.424831,4.32835561635,4.524038,4.457223841375354,4.48873547417,5.0146008,4.431543278490617,3.7059155,3.7972605,3.7131467,3.8798594,2.120016,1.0596825,3.21901475
0,3,FCZRDTNMLJZJKM-UHFFFAOYSA-N,OCNT-2316304,4.5285153,4.794242984800004,4.579475,4.465420060759063,4.925478285809996,5.0146008,4.8161262187407425,4.558727,4.6179395,4.8247595,4.961699,3.258146745,1.62139275,3.98681775
0,3,FDQLURLBRFGFSN-UHFFFAOYSA-N,OCNT-2317821,4.7919545,5.03468512074,5.127526,4.926824930151991,4.54662923671,4.8615713,4.603529991748285,4.6129537,4.864768,4.7192426,5.3070717,3.44922921,2.39236175,4.04526125
0,3,FJHBVJOVLFPMQE-QFIPXVFZSA-N,OCNT-0493792,4.709294,4.106457817330001,4.242247,4.763671578880146,4.6616528085699995,4.80061,4.494848109711813,4.339709,4.828474,4.9864483,5.166091,2.198138092,1.05974625,3.24699525
0,3,FKGZTTKABGMFKO-UHFFFAOYSA-N,OCNT-2315259,5.775911,5.525953694800002,5.213993,5.326081694982395,5.46324226313,5.2565613,5.465018050710236,5.461234,5.5904264,5.5633144,5.6801014,5.13422659,5.01004275,5.22592125
0,3,FKXADKCFWZZCLK-UHFFFAOYSA-N,OCNT-2309502,5.405072,5.041413325030003,4.97937,5.1194709611914435,5.491381140629999,5.1258764,5.804570912319724,5.1103806,5.3548465,5.442423,5.5515976,5.15856721,5.028146,5.2581715
0,3,FPRANIGYQRKCBH-UHFFFAOYSA-N,OCNT-2314615,5.2299843,5.42233360045,5.080087,5.189893542440707,5.375493009599999,5.2966638,5.641842288244143,4.9884777,5.0944176,5.287636,5.359072,5.145038037,5.044738,5.24219725
0,3,FPWDWCNZCTXVIS-UHFFFAOYSA-N,OCNT-2314373,5.7901134,5.3425728517500035,5.163789,5.311781998336393,5.177159801560001,5.1487956,5.756763264851497,5.5923357,5.6045504,5.76825,5.747693,6.519893535,6.4262835,6.6174045
0,3,FRJHGODPRBMHPF-UHFFFAOYSA-N,OCNT-2308605,4.612741,4.573743727610003,4.518829,4.675088789725762,4.78186194475,5.1487956,4.635770504605177,4.7737656,4.266075,4.705938,4.7848663,4.189079855,3.87630025,4.624801
0,3,FVFLRSYMSIUFPX-UHFFFAOYSA-N,OCNT-2311808,4.533049,4.660251373119998,5.113276,4.698429197214738,4.5734377537699995,4.2591925,4.454087591232841,4.343815,5.0301642,4.5639763,4.9938827,5.225217865,5.16800925,5.28649125
0,3,FWUMBFJSJPPEQP-UHFFFAOYSA-N,OCNT-2318348,4.7544355,4.61524093222,4.647274,4.440971246377365,4.747845537789999,5.1487956,4.7460608591842135,4.8496337,4.6176906,4.747747,4.6760564,5.336485005,5.17779275,5.46049575
0,3,FXKCHSYNXXKFEX-UHFFFAOYSA-N,OCNT-2311148,5.094731,5.408532622579998,5.3036723,5.318193708382091,5.094494300820001,5.459742,5.503817212822952,4.7102923,4.703725,5.036964,4.8715816,4.59512341,4.39045925,4.87458725
0,3,FYIOQDMRMALGLF-UHFFFAOYSA-N,OCNT-2310546,4.795574,4.440807153120001,4.4497066,4.507142606929925,4.80128157661,5.1684036,4.8666107042882025,4.231598,4.825222,4.645721,5.0150576,4.88734002,4.64239075,5.10586775
0,3,FZWZFBPQVLYBIU-UHFFFAOYSA-N,OCNT-2317579,5.451153,5.7861365644600005,5.675691,5.489743897440265,5.11877440631,4.895621,5.131322462789791,5.1425347,5.582413,5.5271215,5.325969,6.312730238,6.22255175,6.3994425
0,3,GAKRGWAPRJAYRP-UHFFFAOYSA-N,OCNT-2317441,4.771051,5.135576433629999,4.818478,5.056340016587865,4.728513766260001,4.7586117,4.84488902329156,4.728812,4.9990377,4.6609373,4.9397388,4.77191227,4.6111635,4.94981325
0,3,GBMQYCYKGKXERN-UHFFFAOYSA-N,OCNT-2308859,6.1199656,5.38637158741,5.113276,5.14659671032216,4.9268717047,4.535122,4.680521405652843,5.5316706,5.6867747,5.8223915,5.8924484,5.676891138,5.57568125,5.761828
0,3,GCNJHYVEVFPMBC-UHFFFAOYSA-N,OCNT-2312278,5.3326635,5.168121176819999,4.97937,4.933236336224466,5.162579725030002,5.203883,5.265038787602173,5.061863,5.2368135,5.2936907,5.3995023,5.263770092,5.01684575,5.42353025
0,3,GEJVZRUGXRBCTB-UHFFFAOYSA-N,OCNT-2314481,5.46018,5.62481947411,5.187772,5.5429741278521005,5.126842723719999,5.234231,5.1216162400120115,5.3216205,5.440443,5.433906,5.3694787,4.971627888,4.75476675,5.1831115
0,3,GFEPSUUSADSVOE-UHFFFAOYSA-N,OCNT-2310451,5.3440876,4.90563791117,5.127526,5.298188888212029,4.831443036670001,5.1112585,5.254712600306892,4.963931,5.0662813,5.315885,5.501665,5.790230268,5.68838925,5.8901475
0,3,GFMXIBGNFZXSSH-AWEZNQCLSA-N,OCNT-2317673,5.318928,5.12682919398,4.97937,5.026753135498214,5.185193630519998,5.1637807,5.001884186900659,5.225062,5.430083,5.1317925,5.2969356,4.7768957,4.564995,5.02174325
0,3,GGBBLNXTXLEKSN-UHFFFAOYSA-N,OCNT-2310551,3.9423037,4.696700640430002,4.97937,4.960359514820845,4.735474827090002,4.895621,4.233721443598938,4.4204645,4.5117292,4.4379625,4.5878477,4.043277885,3.5669645,4.81209875
0,3,GGZDIENQTDGRBU-UHFFFAOYSA-N,OCNT-2316254,5.2918997,5.178853188870001,5.117495,5.090619850122205,4.702249644350002,5.1487956,5.23665842842211,4.6049895,4.6223226,5.324005,5.2712116,5.40192366,5.26812375,5.5249805
0,3,GHBJCJPSHWBOJK-UHFFFAOYSA-N,OCNT-2315543,5.2952566,5.21433468404,4.97937,4.981648711780266,5.326321654700003,5.203883,4.998150529243888,5.3414288,5.3920035,5.437087,5.521056,5.40621425,5.26561525,5.521277
0,3,GLFWAGLXPAJCLJ-UHFFFAOYSA-N,OCNT-2311971,5.734457,6.22963031563,5.3356657,5.428534358379894,5.484703465680001,5.1637807,5.430491346026127,5.3554583,5.668499,5.5024166,5.4757295,5.56245139,5.450119,5.66249775
0,3,GMIKJTNOLKWHIN-UHFFFAOYSA-N,OCNT-2310380,5.629961,4.933688637859998,4.97937,5.091081340121506,5.270520277619999,5.203883,5.473749878777169,5.302581,5.62739,5.3555865,5.23516,5.203664612,5.04565125,5.320574
0,3,GNFJDSSWFMORPO-VXGBXAGGSA-N,OCNT-2308546,5.415349,5.541074822659998,5.033783,5.292252142595719,5.410836069170001,5.097588,5.034311793043811,5.171341,5.539219,5.348785,5.580267,5.416281745,5.24573525,5.59554775
0,3,GOCFFTJIMSJTIK-UHFFFAOYSA-N,OCNT-2314050,5.2600117,5.436943152029999,5.3036723,5.456182265928161,5.17496141255,5.097588,5.074867481162293,5.2645683,5.654615,5.4185305,5.5782046,4.89527568,4.7478665,5.05385425
0,3,GOKKUMQJBRQCEW-DYVFJYSZSA-N,OCNT-2314369,4.697495,4.93619698455,4.7746115,4.676380964492586,5.2860503049500025,4.974449,4.948775249698017,4.825551,4.554689,4.821841,4.582777,5.32552638,5.0991075,5.5371505
0,3,GSZWDSMTOYIIMS-UHFFFAOYSA-N,OCNT-2311839,4.9917455,4.33634491342,4.97937,4.628095132938218,4.88360031515,4.80061,4.836977747059082,4.700183,4.8862653,5.2497997,5.1869373,6.190354858,6.09856575,6.28019725
0,3,GVBCUNXEFPNCSV-UHFFFAOYSA-N,OCNT-2312337,5.391391,5.383624316499997,5.2350893,5.383693737245804,4.62269058848,5.1487956,5.2504697690938835,5.192447,5.4302826,5.461088,5.374396,5.22074284,5.0706955,5.3529305
0,3,GWBBYACWVZJDHF-UHFFFAOYSA-N,OCNT-2317346,5.631866,5.726066107130002,6.022169,5.640739909715119,4.579157993320001,3.8328016,4.171283508022208,5.360645,5.545785,5.269672,5.557214,5.270342785,5.14670975,5.374812
0,3,GXQJFCYAODGNDD-UHFFFAOYSA-N,OCNT-2310514,5.9014444,5.54809445863,5.2888875,5.369532609387328,4.68426742374,4.88459,4.529327815331334,5.617962,6.0306983,5.485434,5.7117715,5.17198792,4.991633,5.31826525
0,3,GZOSMCIZMLWJML-VJLLXTKPSA-N,OCNT-0498125,5.108866,5.505676022289999,5.501213,5.354808242079146,3.892609072579997,4.6797214,3.907884138723788,4.9642115,4.254172,5.133448,5.074483,5.464861375,5.32261625,5.59796675
0,3,HGMVMOMRKMPRSR-VHSXEESVSA-N,OCNT-2311017,4.6137595,5.065150577480002,4.902137,4.973138912023777,4.664561252900002,5.1487956,5.2177339455543095,4.6480994,4.462908,5.0698195,5.017946,5.157979098,4.9924455,5.288639
0,3,HOGYNIIRLIDANI-UHFFFAOYSA-N,OCNT-2310098,4.697193,4.6363470107500016,5.0168543,4.838651284362071,5.24200214723,4.85831,5.1834317713073235,4.7764916,5.231414,5.0667334,4.6906424,5.246580845,5.10009675,5.3633005
0,3,HQIXODCYFGBKNG-UHFFFAOYSA-N,OCNT-2308626,4.0263433,4.12014030282,4.247399,4.514407564093574,4.5696174467900015,4.588131,4.564021799679164,4.2346807,4.226314,4.2499733,3.9197416,2.508812232,1.10286875,3.70303225
0,3,HTGKQRBTDIZKDR-UHFFFAOYSA-N,OCNT-2318257,5.3771276,4.733010555270001,4.97937,4.980604879835257,4.930591237329998,5.0146008,5.539374292926398,5.1012306,4.6181774,5.038302,5.4454727,5.716133747,5.62012975,5.8141135
0,3,HULCLFNHTBZONY-UHFFFAOYSA-N,OCNT-2315746,4.7742467,5.31173444925,5.1945467,5.1665558315008075,5.14517035829,5.1487956,5.459182910361628,4.637306,4.3527384,5.1985025,5.509935,4.989326347,4.78298725,5.17184125
0,3,HUZQULPZWZSFBK-UHFFFAOYSA-N,OCNT-2314674,5.355755,5.2720130358,5.2291245,5.007275339322223,5.10307432235,5.203883,5.325004777080302,4.9413557,4.858537,5.5467715,5.43973,5.114508545,4.92966525,5.283402
0,3,HXTZWUVDAMAHMH-UHFFFAOYSA-N,OCNT-2317316,4.144677,5.18151004194,5.2912464,5.171525903192663,4.881957578150001,5.016123,5.051636503101828,4.6268272,4.6549773,4.559038,4.415798,5.01088562,4.80341775,5.211561
0,3,IAAZBECRDFSGAC-UHFFFAOYSA-N,OCNT-2311644,5.362048,5.281437512770003,5.213993,5.0286109676879605,5.36289724043,5.097588,5.319748170214062,5.4034877,5.365745,5.311229,5.2005534,5.241190032,5.05998975,5.39102325
0,3,IAOARJMKEVETCS-UHFFFAOYSA-N,OCNT-2314968,4.9243693,4.759981151170001,4.97937,4.731909878512517,4.601799980589999,5.0147634,4.912594843953305,4.664423,4.60901,4.8281546,5.2314377,3.79530019,3.27873375,4.247472
0,3,IFIUGHBINSMGRJ-UHFFFAOYSA-N,OCNT-2308989,5.2699995,5.365388813640001,5.080087,5.207602605685898,5.39076909564,5.1637807,5.4940188365532405,5.352168,4.9197807,5.3110795,5.5688767,5.155951453,5.01312225,5.27134025
0,3,IHKQTIHFTGRELM-UHFFFAOYSA-N,OCNT-2314897,5.0723825,5.039658050980002,5.047396,4.841245199518793,5.0452628276799985,5.1487956,5.399095951274258,5.231227,4.7446,5.408133,5.4919667,4.984620122,4.79931725,5.12088075
0,3,IKBKZGMPCYNSLU-UHFFFAOYSA-N,OCNT-2328704,5.306377,5.322508443840002,5.1681695,4.99159857418828,4.651643954429999,4.426732,4.721330497143477,5.0063243,5.3802924,5.078671,5.2636876,5.385529017,5.29414675,5.480192
0,3,IOBKGDZZBKRYCG-UHFFFAOYSA-N,OCNT-2315064,3.9805179,4.282795640930001,4.382442,5.044128387388741,4.651278906390003,4.7329297,4.516600014798983,3.6940372,4.2605915,3.9635353,4.026678,3.243709095,1.39234775,3.99179625
0,3,IRUBKGMUVRXDDT-UHFFFAOYSA-N,OCNT-2315092,5.2556534,5.182334309440002,5.0938296,4.883811252375772,5.2615338868800015,5.203883,5.333855032173695,5.1979246,5.1566296,5.51341,5.6924276,5.579016197,5.4541475,5.696706
0,3,ISTVQRMBDXXFIL-UHFFFAOYSA-N,OCNT-2315394,5.7964983,5.424431187680001,5.1665893,5.328237265439036,5.232419516999999,5.097588,5.1744782124879,5.2653155,5.327514,5.441428,5.332657,5.046104843,4.84083975,5.21197175
0,3,IUFDECBMQJLOOR-UHFFFAOYSA-N,OCNT-2318099,5.506904,4.944653048960001,5.1287932,5.126027150262155,5.200904386310001,4.974449,4.974420101349678,5.162396,5.393174,5.3517275,5.358172,5.275323868,5.14992925,5.379221
0,3,IWGOKMFJOUAZQS-UHFFFAOYSA-N,OCNT-2309752,5.408456,4.253947123460002,4.5127506,4.409330924162992,4.6243407909700025,5.3703804,4.87212059387185,5.2295823,5.1999946,5.1197124,5.4423666,4.53786015,3.9402555,5.30930775
0,3,IYIKLHRQXLHMJQ-UHFFFAOYSA-N,OCNT-2328496,5.7322073,4.62412287576,4.6879487,4.956814852916362,4.181842083930002,5.0967827,5.074292029133567,5.797507,4.9222445,5.631997,5.7493277,3.997762027,3.52266325,4.55751375
0,3,IYYWZXVCRDDQCI-UHFFFAOYSA-N,OCNT-2313989,4.584039,4.5089937964899995,4.7136316,4.888725184516239,5.20947001837,5.097588,5.164234671966413,4.8797717,4.8825183,4.96167,5.2487206,4.977921315,4.785245,5.18935925
0,3,IZAGNTPWJNSIBV-UHFFFAOYSA-N,OCNT-2316700,4.2636395,4.869254755660001,4.7013016,4.666918098971136,4.8576167744,4.588131,4.494083278754006,4.199994,4.052415,4.9820523,4.7266345,1.981587095,1.04615,3.17115625
0,3,JCBXMWZFTVXMIJ-HOTGVXAUSA-N,OCNT-2313726,5.001367,4.78129854029,4.699829,4.671249340917456,5.04769689,5.016123,5.204220500486606,4.8962483,4.9780097,4.9368305,4.8198476,4.493009942,4.23298725,4.87909025
0,3,JCRWIUYNTZFETH-UHFFFAOYSA-N,OCNT-2310083,4.052278,5.021496786570001,4.9199276,5.019007599617225,4.643678622310001,5.0479016,4.774300361183329,4.462146,4.448837,4.028119,3.948888,5.383637797,5.24671975,5.50266225
0,3,JDRYIRLVOYCPNW-UHFFFAOYSA-N,OCNT-2314534,5.6607537,4.915131912150001,5.113276,5.184740282351467,5.086453856380001,5.097588,5.011465212045781,5.0107284,5.6153593,5.3400936,5.3941,5.282190228,5.08325125,5.47253075
0,3,JHNSUBHCHVVGQI-UHFFFAOYSA-N,OCNT-2308554,4.597591,4.845129682910001,4.524038,4.540736421888048,4.663042595140001,5.0371127,5.084479418381635,4.401534,4.668779,4.6611805,4.9489303,3.235258265,1.60911525,3.9932845
0,3,JIIKEJGWMPEPPB-UHFFFAOYSA-N,OCNT-2310235,5.189281,5.162165626629998,5.228243,5.000271809856273,4.961472700620002,5.1487956,4.803708736082507,5.051042,5.2646327,5.380948,5.6105504,4.303932018,4.06191375,4.64831275
0,3,JISPBDOUMQZWLT-UHFFFAOYSA-N,OCNT-2312988,4.698461,4.9714147765500005,5.0938296,4.975392888776099,4.720768888419999,4.895621,4.83515442543491,4.3849382,4.337879,4.528166,4.5675154,3.502485458,2.55137175,4.05645725
0,3,JMXRCYKGNHZSPJ-UHFFFAOYSA-N,OCNT-2317761,5.5993366,5.026327990710002,4.9414244,4.761207090213071,5.238964459049999,4.789961,5.119284487200118,5.5275135,5.791902,5.9601955,6.015728,5.91937032,5.81805,6.01809475
0,3,JOKFLBUKTHIUOP-UHFFFAOYSA-N,OCNT-2310463,5.0867367,5.735804425640003,5.3753676,5.25940452772074,5.49755125426,5.1637807,5.556498285241545,5.337553,5.5545464,5.577237,5.2186155,5.91640629,5.82407325,6.01039375
0,3,JPSILQZHLDXHAY-UHFFFAOYSA-N,OCNT-2313851,5.088354,4.857469820309999,4.7746115,4.849009042383928,5.09477090405,5.0146008,4.889795840678555,5.013949,4.569045,5.0789223,5.1995587,3.29024339,1.74225,4.010045
0,3,JQGRCFSKLLFIPC-UHFFFAOYSA-N,OCNT-2308847,3.9507189,4.671144564310001,4.247399,4.463932426325416,4.591246982810001,4.6016273,4.705249193372975,4.4852815,3.9141846,4.244857,4.459515,3.98482508,3.57708475,4.523651
0,3,JQZAFNAQPXWADF-UHFFFAOYSA-N,OCNT-2317276,5.448059,4.8664129641499985,5.113276,5.00030678287566,4.59936746729,4.5469484,4.700062269086511,5.1482234,5.273178,5.386868,5.716537,5.50736365,5.27944975,5.646382
0,3,JSJHAJURFVUFKI-UHFFFAOYSA-N,OCNT-2313886,4.880541,4.995342814739998,4.97937,4.945638121460414,5.2720399775999995,5.037271,4.838377984676756,4.679856,4.8447604,4.857598,5.196011,4.82344904,4.62677275,5.0382535
0,3,JTTJXGVCRPXGGE-UHFFFAOYSA-N,OCNT-2312021,5.5146556,4.806475871310002,5.0938296,5.014984886344876,5.17919537422,5.1487956,5.701562787471401,4.9221816,4.6266227,5.374077,5.641388,5.180322875,4.97970875,5.3276955
0,3,JUUXTYPOBMENFW-UHFFFAOYSA-N,OCNT-2309040,5.736751,4.9786002853200015,5.056165,5.122114512377528,5.348949216429998,5.061837,5.293665342308841,5.395285,5.9071283,5.574185,5.8220687,5.328568543,5.116306,5.455435
0,3,JUZQLSXEWXJSQX-UHFFFAOYSA-N,OCNT-2314536,6.23608,5.431856861440004,5.1665893,5.403398712887156,5.483262264200002,5.1903687,5.617144445471669,5.6007733,5.7975025,6.114029,6.1272993,5.513695345,5.40975,5.61276775
0,3,JYNPDVCZRJWTPX-UHFFFAOYSA-N,OCNT-2314061,5.581925,5.46652497324,5.2047644,5.155761797358131,4.689615015019999,5.1903687,5.234388825816186,5.0779486,5.1042957,5.460199,5.301043,2.29687258,1.0574715,3.63900625
0,3,JZGNANXWSVAKRU-UHFFFAOYSA-N,OCNT-2309526,4.093334,4.8626496986699985,4.5762196,4.733995791322993,4.787684722959998,4.7329297,4.73500701264801,4.084403,3.9902103,4.169437,4.6794662,2.645436473,1.13565375,3.79054575
0,3,JZKURPYQVDAOOL-UHFFFAOYSA-N,OCNT-2309809,5.3445864,4.988152910270003,4.97937,4.898878192148433,4.988108231830001,5.0845985,4.974287937085926,5.0600195,5.261713,5.346563,5.316291,4.815146673,4.445708,5.153794
0,3,KAGOYPMUEJNEHR-UHFFFAOYSA-N,OCNT-2309991,5.328194,4.590721152879999,4.8108425,4.742626665957772,5.0443943870700005,5.1487956,5.089349989171633,5.5237536,5.1642013,5.280952,5.209063,5.17612895,4.9977285,5.3514625
0,3,KEFQOUBNQGJMHL-UHFFFAOYSA-N,OCNT-2314771,5.5805483,5.48363088891,4.941942,5.012534325393213,5.351522721819999,5.345854,5.195488063276471,5.454451,5.974166,5.597088,5.5785775,7.405144345,7.33256125,7.47909125
0,3,KLBQZWRITKRQQV-UHFFFAOYSA-N,OCNT-0022141,5.285933,5.1515192819300015,4.97937,4.929160261256671,4.903159956490002,4.826661,5.746538897283646,5.4808736,4.934272,5.2352815,5.0865006,4.99798696,4.8811085,5.1165775
0,3,KMSWWUSZWDRAFV-UHFFFAOYSA-N,OCNT-2309850,5.364968,4.466441437840001,4.9906483,5.010618596142949,5.098889378699999,5.279661,5.294127577816009,5.107669,5.635126,5.1607985,5.380001,5.042702487,4.802517,5.22197325
0,3,KOULUEUAIZCSHA-UHFFFAOYSA-N,OCNT-2314692,3.8057103,4.596672245520001,4.9199276,4.500173493912204,4.749665807290001,4.295106,3.6026070271687027,3.9669938,3.8500173,4.262259,4.2129583,4.02754536,3.61321575,4.456268
0,3,KSBUCCHQYZBHTG-MWLCHTKSSA-N,OCNT-2311212,4.569721,4.940671567260001,5.113276,5.14707810446146,4.564864900290002,4.5472345,4.748500943212092,4.5262766,5.081819,4.976817,5.0558743,5.108823635,4.967796,5.24202775
0,3,KYHFZEMDHMRWCK-IAGOWNOFSA-N,OCNT-2308925,4.6479483,4.723994861570001,4.8732133,4.924545824873822,5.06152574596,5.0146008,5.454702829210693,4.8934793,4.477152,4.7994504,5.0794687,5.585823915,5.50701075,5.66837025
0,3,LAUGLWXKYQTNRM-UHFFFAOYSA-N,OCNT-2310791,5.0097003,4.586683334880004,4.392658,4.375281943198204,4.7392860949000015,4.895621,4.550924293699312,4.7030716,4.736601,5.427758,4.91137,6.06209163,5.97544975,6.15340375
0,3,LBCJOUUDNYKSSR-KRWDZBQOSA-N,OCNT-2315056,5.3479986,4.690673698850002,4.829938,4.627346734034718,5.08020182924,4.922197,4.431114376282156,4.6252146,5.177455,5.2749352,5.2589335,4.832905623,4.67346575,5.03816775
0,3,LEWHCBDKCHBNAH-UHFFFAOYSA-N,OCNT-2316564,5.422085,4.986682669360002,4.9199276,4.85782494138792,5.19568047069,5.097588,4.434114767239232,5.036706,5.4989305,5.3001566,5.5362754,5.343676625,5.15559525,5.557769
0,3,LFYAZSYJXZDHFQ-UHFFFAOYSA-N,OCNT-2316441,5.177741,4.88206099974,4.841225,4.690310659982853,5.08953954303,5.2062325,5.027867350483981,4.9960136,5.247349,4.9459467,5.2717624,4.611475032,4.488817,4.76614425
0,3,LHONXHPIOQMVRB-UHFFFAOYSA-N,OCNT-2314884,4.772763,5.071127893140003,5.056165,4.774880835293595,5.202762455270002,5.203883,4.98153378134149,5.0355253,5.060505,5.18227,5.0323215,6.840346737,6.72470475,6.9653075
0,3,LHTZKKBQVHDQAX-UHFFFAOYSA-N,OCNT-2311086,4.747635,4.546079733070001,4.500759,4.782079620961502,4.617920031070002,5.0146008,4.408279513215708,4.7478433,5.399868,4.8999763,5.0532985,5.13098404,4.982878,5.2490225
0,3,LOQUXCMMBHJLQU-UHFFFAOYSA-N,OCNT-2315701,5.2069645,5.290659746470002,4.624755,4.825764581774967,4.432198726130002,4.8897033,5.050657139004306,5.0002975,5.2090383,5.2395835,5.5475006,5.736394738,5.6766455,5.79156525
0,3,LPKNBEGSMBPPJL-UHFFFAOYSA-N,OCNT-2317002,4.8725605,4.553358075690001,4.9709296,4.671851210857027,4.663959520410001,5.1112585,4.954107142989802,4.9236684,4.5832157,5.1850395,5.208761,4.403244358,4.147321,4.77147675
0,3,LRAHSUQSFTWJQM-UHFFFAOYSA-N,OCNT-2310368,5.460854,5.334141931570003,5.213993,5.2483850368709986,5.35224103226,5.2966638,5.272812235784832,5.2678833,5.490003,5.564271,5.6291037,7.069229052,6.983649,7.15433675
0,3,LSRTWYOTIFENKS-UHFFFAOYSA-N,OCNT-2313910,4.9290833,5.25874164416,5.113276,5.1794963239499,4.840528361710001,4.721498,4.873432270164,5.048016,4.8008556,5.1508718,4.9615855,4.459490872,4.1860425,4.857761
0,3,LVTYXZHQXYXEJO-INIZCTEOSA-N,OCNT-2316954,4.419692,4.6809443896500005,5.0927453,4.657053361798258,4.671007383070004,4.895621,4.486579752799652,4.5603623,4.3807144,4.562446,4.589121,3.559998485,2.61373575,4.1123215
0,3,MFQUCJFOGBKLIU-UHFFFAOYSA-N,OCNT-2313912,4.9612193,5.189856962219999,5.0938296,4.969243376033734,5.12903784895,5.097588,4.971444835281196,4.998503,4.865717,5.0239325,5.290142,4.951305708,4.78200775,5.11110725
0,3,MJHPVHZCXBAKEZ-UHFFFAOYSA-N,OCNT-2312697,4.4933844,4.585909098450001,4.579475,4.76759947450392,5.0651857513200005,5.1637807,4.729341390356131,4.798355,4.2045765,4.4442434,4.9584455,4.78109563,4.58452525,4.977582
0,3,MKHWAPOBJQZJEY-UHFFFAOYSA-N,OCNT-2315445,5.788086,5.240036257569999,5.127526,4.94883480116527,5.6324704938100005,5.1258764,5.1891905402276555,5.5231366,5.791827,5.7958913,5.701251,5.93539921,5.84880325,6.02213425
0,3,MKQBWARPRLEMRM-UHFFFAOYSA-N,OCNT-2313808,4.4026356,4.6661383555399985,4.6966724,4.8521436129633635,4.4039710032200015,4.635573,4.728873794884227,5.0116224,4.502839,4.4513464,4.8865805,4.187514473,3.8735595,4.5992575
0,3,MLIDDXHEZKBXRM-UHFFFAOYSA-N,OCNT-2312011,5.608336,4.965846178930001,5.1305227,4.92790261068476,5.236503618669999,5.097588,5.296748799051815,5.4318547,5.0923934,5.3516164,5.4486365,6.085568015,5.97612725,6.191413
0,3,MLWJNKOKQZCQFM-UHFFFAOYSA-N,OCNT-2309042,5.340217,4.835412723259999,4.639206,4.785723266432613,4.798587499300001,4.8615713,5.086647630060858,5.0296526,4.514324,4.979017,5.1056376,4.096998445,3.7352795,4.63813575
0,3,MMSHALYOJMLWFN-UHFFFAOYSA-N,OCNT-2312485,4.1960797,4.5252909511400015,5.056165,5.038353531059867,4.847812573529997,4.7690883,4.8072216763831515,4.612873,4.683942,4.4936056,4.5238256,5.168842752,5.0245185,5.29288175
0,3,MOSOFALFTKWGNN-UHFFFAOYSA-N,OCNT-2317457,5.1914835,5.237984825150002,4.97937,5.053420372659307,5.107011609610001,5.2487464,5.292551648820202,4.922953,4.7110353,5.0080237,5.368068,5.231524927,5.0672285,5.36796275
0,3,MQBNKWAHRJKITI-UHFFFAOYSA-N,OCNT-2314886,5.017994,4.73573338404,4.8198376,4.9671115100886745,5.227191057120002,5.097588,5.286196888058085,5.0884466,4.988136,5.0044265,5.2167068,5.09296862,4.86232375,5.3031925
0,3,MVVQOOQOXKXXNX-UHFFFAOYSA-N,OCNT-2315186,5.2744083,5.087424414950003,4.97937,4.823299150371016,5.0058323770000035,5.1487956,4.696690912707572,4.8701077,4.976522,5.113017,5.096823,5.661162435,5.51540525,5.7846555
0,3,MXKDWVMKCZFVKO-UHFFFAOYSA-N,OCNT-2308774,5.3429527,5.216740753410001,5.1681695,5.072823869835842,4.963232849319999,4.9371805,4.9774657359132854,4.954951,5.134579,5.050921,5.37359,5.206897602,5.060053,5.34915425
0,3,MYNPLOLLAZKXJX-UHFFFAOYSA-N,OCNT-2310944,4.41373,4.755974238630002,4.76269,4.974529350372464,4.96962370032,5.1686215,5.048451544229763,5.023871,4.967122,4.6571455,4.479274,3.258222873,1.53183875,3.99455125
0,3,NCTLRULTXWYPMC-UHFFFAOYSA-N,OCNT-2317717,4.6568313,4.92336650471,5.0273485,4.7944916778080096,5.35460618726,5.1637807,5.494791687582169,4.936443,5.027565,5.185703,4.798406,6.574364715,6.48812875,6.65686025
0,3,NDUSXQDVIMTNBB-LBPRGKRZSA-N,OCNT-2317275,5.574416,4.58854760519,4.97937,5.07649916056042,5.359043988730001,5.1637807,5.554895878749816,5.4302526,5.387558,5.2953563,5.461205,5.650434745,5.56909875,5.740479
0,3,NEGKAPWDJURIMH-UHFFFAOYSA-N,OCNT-2314062,5.3511686,5.01478475723,5.213993,4.873739272181956,4.852543972620001,4.922197,4.678833799718374,5.2919054,5.4039326,5.461708,5.58847,5.480242963,5.404154,5.5624965
0,3,NJERGYGFXSOKSW-UHFFFAOYSA-N,OCNT-2311985,5.5228376,5.534607882670001,4.955757,5.0659150625323655,5.469678477230001,5.097588,5.002763009642597,5.4091535,5.544107,5.7045126,5.7231665,5.344866588,5.1705955,5.504773
0,3,NNTMZAGJQBDZRO-UHFFFAOYSA-N,OCNT-0283087,5.3902736,4.695815353990001,4.670323,4.649126123891817,5.193547742589999,5.097588,5.0560567590480225,4.918969,5.7154555,5.2533526,5.613983,5.844020868,5.7230345,5.9633505
0,3,NSRZZYJURUMVCD-UHFFFAOYSA-N,OCNT-2311279,5.0372906,5.285955875430001,5.213993,5.1442256081896245,4.7583272613,4.8994684,4.8805309072772705,4.9366727,5.0716696,5.1951933,5.4092746,4.621964258,4.41104,4.9033155
0,3,NTQGLVXAIXWVHU-UHFFFAOYSA-N,OCNT-2314807,5.715391,5.379980927830001,5.213993,5.277878476624793,5.01381720019,5.1487956,5.6122370879094285,5.6600337,5.5991488,5.599953,5.6650343,5.24065141,5.051678,5.40612175
0,3,NWFXJYZVFTZVNK-UHFFFAOYSA-N,OCNT-2318577,5.4399533,5.240425961789999,5.1681695,5.006986436998095,4.84298469157,4.7329297,5.0089390278087365,5.1837635,5.5137625,5.3682885,5.631679,5.100747877,4.918087,5.26472275
0,3,NYPQWFIWQBGCSN-UHFFFAOYSA-N,OCNT-2313771,5.0504465,4.994546398460002,4.97937,4.982490136940832,4.9302031949900025,5.1487956,5.60578813703667,5.0362983,4.7098308,4.9651127,5.4028153,4.3306791,4.0364,4.77337275
0,3,OCTGYJIORZIWOI-UHFFFAOYSA-N,OCNT-2315468,5.9581776,5.843033067879998,5.4387894,5.445888692043527,4.943324546780001,5.189622,4.809628737136955,5.563198,5.8443594,5.67699,5.759922,5.262218208,5.1192675,5.3867015
0,3,OGHNVEJMJSYVRP-UHFFFAOYSA-N,OCNT-2328546,5.8585005,4.863321876430003,5.056165,4.935267624513623,4.7066107960100005,4.99042,4.628897097401085,5.38253,5.79107,5.5585685,5.8139462,5.133739167,5.0235385,5.227482
0,3,OGVLLYXHLIYWNR-UHFFFAOYSA-N,OCNT-2315965,4.5431623,4.188587467140001,4.4270444,4.623571674337822,4.6649574815599975,4.506896,4.785110754224012,4.4947305,3.8884182,4.5825105,4.781255,3.95208176,3.561566,4.48945625
0,3,OJSIVYVRAASXGQ-OAHLLOKOSA-N,OCNT-2311870,5.643772,4.938015060000001,5.113276,4.823883148629464,4.777025612960001,4.804218,4.62851183617897,5.010107,5.2769117,5.3544927,5.3384213,5.19707166,4.9997585,5.34434325
0,3,OKBJEKUWPWBPLC-UHFFFAOYSA-N,OCNT-2312414,5.529687,5.329702162320001,5.213993,5.223605632459849,5.662910751820001,4.98228,5.515688124607745,5.572933,5.3526516,5.196151,5.341188,4.968917783,4.7617285,5.16433375
0,3,OLIZBWIGOGMGBA-UHFFFAOYSA-N,OCNT-2312730,3.8611856,4.231055456790003,4.247399,4.341254488482895,4.618126368540001,4.6016273,4.5698132055382015,4.59357,4.8059,4.504301,4.485344,5.161441532,4.9880465,5.31998625
0,3,OPUUOMNWXYQDMA-UHFFFAOYSA-N,OCNT-2312606,4.7228475,4.57364567996,4.859985,4.4584078882841265,4.94675534999,5.037271,5.126460055114447,4.3480377,4.4629583,4.585744,4.8479896,4.509429705,4.34678,4.73349725
0,3,OQOYJJXISGSEFD-UHFFFAOYSA-N,OCNT-2312189,4.8853555,4.617577260829998,4.8732133,4.865972949968809,5.05330720062,5.201419,4.705381466070122,4.8388705,5.200165,4.894422,5.245912,5.050189797,4.92263175,5.19459675
0,3,OSHMXVGKRHQANF-LBPRGKRZSA-N,OCNT-2311487,5.6357203,5.101757470459998,4.97937,4.993973332374278,5.229632534609999,5.1487956,5.301753814139239,5.2110515,5.1645675,5.340514,5.5018163,5.910242587,5.82055425,5.9996955
0,3,OTBXOEAOVRKTNQ-UHFFFAOYSA-N,OCNT-2328401,5.511274,5.062564950360002,5.047396,4.957330856975155,5.382965408119999,4.85831,5.070062967506515,5.2941794,5.410351,5.352924,5.430053,4.847908695,4.6234795,5.091967
0,3,OUBMGJOQLXMSNT-UHFFFAOYSA-N,OCNT-2328950,5.161589,5.483294325160001,5.213993,4.919910850212599,5.245815942590001,5.279661,5.39915037340051,5.3707952,5.471671,5.443233,5.565641,4.640730533,4.5231395,4.78086425
0,3,OWDWRNXWWTYROW-UHFFFAOYSA-N,OCNT-2312027,4.415446,4.5386514055500005,4.2622876,4.217399089831536,4.77069100731,5.189622,4.761404278788919,4.640319,4.5004616,4.2054358,4.554711,4.273069245,3.9650225,4.75035025
0,3,PALLJXRWIIGYCG-UHFFFAOYSA-N,OCNT-2314705,4.8379445,4.6836095132499995,4.7746115,4.792947447387753,4.678733633930001,4.6016273,4.96265935722284,4.4283156,5.0623126,4.733671,5.227778,5.432151835,5.28971575,5.547014
0,3,PBCFLGPIPDSRGV-UHFFFAOYSA-N,OCNT-2309794,4.638264,4.914812482109998,4.684572,5.009334099330656,5.1375957631,5.1487956,5.108938547640244,4.543623,4.5269833,4.7698574,5.1308064,5.402288363,5.27143775,5.523443
0,3,PEWNDETWSSTSKC-UHFFFAOYSA-N,OCNT-2313831,4.772649,4.599482878140001,5.025876,4.654610406421718,5.13778385667,5.097588,4.481976649725136,4.6920576,4.88541,5.0568438,5.5297885,4.441024328,4.10993325,4.95567225
0,3,POPXPEOGVMVBKD-UHFFFAOYSA-N,OCNT-2311913,5.800995,4.919589204950001,5.056165,4.968086090081281,5.2350952924900005,5.1487956,5.348155395203108,5.3935847,5.603715,5.6063156,5.799125,5.423836712,5.30748575,5.5273905
0,3,PPVQWVLWUBDSJV-UHFFFAOYSA-N,OCNT-2318269,5.147232,5.258174557370001,5.127526,5.150161720845981,5.147188965320001,5.097588,5.074422367568255,4.9324446,5.4353824,4.8860316,5.4076495,5.08601735,4.64866475,5.39795375
0,3,PQLGQQRMNIRBRY-UHFFFAOYSA-N,OCNT-2312355,5.378446,5.305488701149998,5.1945467,5.035866247120834,5.423197852680001,5.097588,5.086587178371078,5.231288,5.491387,5.510762,5.2817583,4.90567122,4.7437565,5.09945425
0,3,PQPGOORJZHZVIF-UHFFFAOYSA-N,OCNT-2312303,5.1581945,5.004400726410003,4.97937,4.968593929044975,4.850481554640001,5.0698533,4.913155547632563,5.1834774,4.97681,5.2220583,5.228189,4.62372146,4.302269,4.9881815
0,3,PUAWDLMNXLVBTB-UHFFFAOYSA-N,OCNT-2313685,5.0840335,4.923046242800001,4.97937,5.01329920054697,4.258300999880001,4.4740696,4.20006047380352,4.9419136,4.6704893,4.827874,5.263065,4.04451513,3.65251825,4.3823
0,3,PUKFDGJDVJPEOB-UHFFFAOYSA-N,OCNT-2314103,5.5719013,5.422751745840002,5.056165,4.933005168021975,5.396859464069999,5.061837,5.645205525509277,5.4374323,5.6076703,5.4244647,5.5817046,5.737406968,5.65318725,5.821298
0,3,PVLYROGYOCQWRM-UHFFFAOYSA-N,OCNT-2308553,4.9037375,5.000040376599999,4.684572,5.05501853993224,4.701118465340003,4.895621,4.954961670488191,4.5188527,4.31775,4.9035444,4.936706,5.15728653,5.04877525,5.247212
0,3,PXPKYKXGURFWCP-RBUKOAKNSA-N,OCNT-2312333,5.1332254,5.114097287070002,4.97937,5.115828383103485,5.44271149615,5.279661,5.612184405918279,4.776892,4.655577,4.952015,4.6218977,5.51412108,5.387988,5.6267855
0,3,PYIWSJVAJVCDJD-UHFFFAOYSA-N,OCNT-2309448,5.659566,5.74246895398,5.501213,5.470328852673434,5.004644996350002,4.6706023,4.880508278005271,5.367449,5.4092207,5.3394413,5.2564044,5.825900875,5.72293525,5.92187175
0,3,PZBMCIRQTJSXEM-UHFFFAOYSA-N,OCNT-2309599,5.1839066,4.8305103476900015,4.0778904,4.372082427078876,4.80392844565,5.2907805,4.772120053508082,4.8202963,5.0699296,5.26046,5.796188,5.153638547,4.9495605,5.37137275
0,3,QAZOAAIWQSZDGT-UHFFFAOYSA-N,OCNT-2318651,5.2025228,4.654036133200001,4.97937,4.855350263104904,4.485997329269999,5.446527,4.7820020518828334,4.6495132,5.064482,4.8282557,5.353302,3.561449123,2.3604745,4.150688
0,3,QDMSJHDEIZETOH-UHFFFAOYSA-N,OCNT-2309659,5.614997,5.10546895017,5.0087852,5.266528757977713,5.383428040880001,5.345854,5.33871465266211,5.4523015,6.0273886,5.9267044,5.7888784,6.538059178,6.430423,6.651831
0,3,QEGXZVYYVBUXIG-UHFFFAOYSA-N,OCNT-2311855,5.5960016,5.167891118590002,5.213993,5.119358409246642,4.647330636080002,4.529623,4.666129385718914,4.956112,5.0416746,5.388719,5.587744,5.221924237,5.0325765,5.35815225
0,3,QHZBFBPFQWLGHR-UHFFFAOYSA-N,OCNT-2314217,5.5487685,5.082888614420002,5.080087,5.2846690357643595,5.698111165659998,4.8659544,5.754899889522286,5.5100627,5.497696,5.7297873,5.570198,4.883194592,4.68460775,5.12229775
0,3,QTAPQRDOUOSYMS-UHFFFAOYSA-N,OCNT-2314905,4.414433,4.727033906949999,5.127526,5.026758174487676,4.650579816840002,4.7329297,4.777392882876981,4.6639857,4.4580007,4.661133,5.159638,4.814014597,4.62742175,5.02245225
0,3,QTPXTUGCJUMGDQ-UHFFFAOYSA-N,OCNT-2310186,5.1419005,4.88409312467,4.8732133,4.965340498556944,4.272977898540002,4.261409,4.726959007012605,5.0301504,5.137042,5.087228,5.1397986,5.385603342,5.27231825,5.49112175
0,3,QVVPHOWUOLZHAY-UHFFFAOYSA-N,OCNT-2309929,5.6383934,5.2931952635099995,5.080087,4.948760413654669,5.397854168380002,5.279661,5.715952354708291,5.4029922,5.6952415,5.564088,5.628208,5.621801438,5.53281775,5.711411
0,3,QWRGZZMJFDQUSJ-UHFFFAOYSA-N,OCNT-2310201,4.976958,5.299852446239998,5.080087,4.952596044755011,4.826395023980001,4.895621,5.099820400097585,4.805347,4.9105735,5.076404,5.1968737,2.82204377,1.16269175,3.8568105
0,3,QWZDDQDPRVIWED-UHFFFAOYSA-N,OCNT-2309665,6.197544,5.8003941623,5.4920354,5.521115172941388,5.489693467260001,5.1903687,5.390332389440209,5.5205226,5.974035,5.884878,5.8779774,5.392889668,5.284828,5.49828875
0,3,QZAYGJVTTNCVMB-UHFFFAOYSA-N,OCNT-0021943,5.6970024,5.15063038595,4.7844653,4.944055532466501,5.251045312959998,5.097588,5.397865199094463,5.311974,4.973185,5.3228173,5.3719563,5.053625558,4.9507345,5.14111975
0,3,RDYYEQXKMUGSDS-UHFFFAOYSA-N,OCNT-2308899,5.381963,4.970154524910002,4.8606296,5.012010157413041,5.271780281450001,5.1487956,5.655332256719822,5.328204,5.6430163,5.472453,5.5165796,6.44116655,6.355414,6.53171575
0,3,RECBLOHVWNTXCV-UHFFFAOYSA-N,OCNT-2310338,4.2086706,4.40888159683,4.247399,4.214394502241396,4.438332728759999,4.1698256,4.408041398401705,3.8944879,3.9195974,4.3138056,4.4326854,3.445593937,2.5960015,4.01840425
0,3,RFBSFICICWAJJP-UHFFFAOYSA-N,OCNT-2318031,4.3120384,3.818602130380002,3.926982,4.246303536360346,4.572830563270002,4.4279537,4.295038697962322,4.130532,4.153886,4.2818046,4.5113997,2.299080243,1.07447525,3.65251825
0,3,RIEDMHPQFMNWBU-UHFFFAOYSA-N,OCNT-2315454,3.8850956,4.3873828241199995,3.9368358,4.384384107537312,4.603122419039999,5.0645366,4.632644148113265,4.19591,4.1444545,4.0009937,3.561876,5.075340083,4.881089,5.23342425
0,3,RIIRUDJUXUOQHO-UHFFFAOYSA-N,OCNT-2309277,5.926891,5.60517524817,5.213993,5.350331974769124,5.166045338610001,5.12803,5.906499234782047,5.608138,6.0012097,5.670581,5.596773,6.30727257,6.2317785,6.38142125
0,3,RITAVMQDGBJQJZ-UHFFFAOYSA-N,OCNT-2328601,5.7553983,5.295199245640003,5.213993,5.29147896232927,5.167405208180002,4.922197,4.974051187703332,5.5554566,5.3784385,5.5452414,5.5284925,5.749883995,5.631432,5.85966275
0,3,ROQPQFXWBJCFRO-UHFFFAOYSA-N,OCNT-2311155,5.4588714,5.27519957704,4.97937,5.080015348814208,4.96328495647,5.0698533,4.885502808089858,5.487524,5.3375406,5.548313,5.44709,4.924306595,4.72222,5.14770425
0,3,RPUPJYABVMMEOG-UHFFFAOYSA-N,OCNT-2317577,4.875262,4.0589672071899985,4.704796,4.386948142866563,4.8323161948800015,4.895621,4.758518185043222,4.564196,4.8458996,4.806035,4.979384,6.171167073,6.0614375,6.2762925
0,3,RSIOEWHOJVUUFH-SKDZVZGDSA-N,OCNT-2315859,5.0500526,4.816220147379999,5.127526,5.165150158096186,4.649951865459999,4.588131,4.923861409722715,4.848959,4.982404,5.130341,5.4253654,5.48680374,5.378178,5.590684
0,3,RVHUFXYUBLORMD-SKDRFNHKSA-N,OCNT-2316783,5.294604,5.430599932720003,5.3036723,5.118728769873785,5.638130614799998,5.279661,5.099973497143038,5.4306273,5.777781,5.54161,5.4322753,7.491871585,7.4044675,7.58089275
0,3,RXWSOBRRXFTSLA-UHFFFAOYSA-N,OCNT-2309655,3.8427691,4.56681377896,3.9883819,4.856002330307356,4.5127917154,4.825603,3.841811373465717,4.257058,3.900034,4.2348375,4.067999,2.492578865,1.1185145,3.77799
0,3,RYPJUMIOOIDIQY-UHFFFAOYSA-N,OCNT-2314410,5.8315783,5.2610065134300035,5.056165,4.900714081740344,4.91232931363,4.3354445,5.025298949673702,5.5535946,5.773351,5.851869,5.821161,6.97618021,6.89044925,7.05895175
0,3,SDFDUAQZYLINDJ-UHFFFAOYSA-N,OCNT-2310706,5.252983,5.006776958920001,5.0938296,4.933359087290594,4.515479689550002,4.895621,4.478431841719408,4.906577,5.3985915,5.1707063,5.364113,5.77169407,5.6967865,5.85038175
0,3,SFHLFNWOCGHDOA-UHFFFAOYSA-N,OCNT-2318103,4.4459486,4.991420421780001,5.145998,5.07366231314817,4.679030720950001,4.9371805,4.480841970662738,4.633514,4.8432546,4.855391,4.598368,6.007066763,5.88041125,6.13242675
0,3,SIHYQFFHCDJFTH-UHFFFAOYSA-N,OCNT-2311111,5.610323,5.370376114270003,5.113276,5.280035875660901,5.296662637870002,5.097588,5.41063305276359,5.403637,5.32157,5.3831396,5.5216866,4.937395183,4.71643275,5.109686
0,3,SNCVEOXAGGEZHI-UHFFFAOYSA-N,OCNT-2308483,5.7620506,5.695980391139998,5.42107,5.510529714203698,5.18357474343,5.203883,5.188541138396501,5.5081453,5.9265385,5.7162275,5.563804,5.34602963,5.2027785,5.461605
0,3,SPFTVLLFVMGJJE-UHFFFAOYSA-N,OCNT-2309503,5.7963376,5.38426434332,4.9724293,5.428786528857241,4.99901053103,5.016123,5.2668343629782,5.121928,5.4348946,5.596697,5.749135,5.269682055,5.07875625,5.42611025
0,3,SPIUTQOUKAMGCX-UHFFFAOYSA-N,OCNT-2328663,5.287749,5.025550744569998,4.97937,4.85217462458556,4.779451637960001,5.0371127,4.914752960676402,4.9178987,5.063015,4.9772964,5.2177215,5.071095182,4.92003025,5.21305675
0,3,SRRCIKPDRUJIPG-UHFFFAOYSA-N,OCNT-2312144,4.4591503,4.166469300099999,4.5762196,4.5387931879044086,4.26440024684,4.419097,4.260022573947135,4.2303076,4.098611,4.28189,4.2438164,3.01734311,1.2147505,3.92068825
0,3,SRSBGXOXMZZOHE-UHFFFAOYSA-N,OCNT-2311907,5.6506376,5.1805690883,5.117495,5.123062815471226,5.769295222749998,5.5286217,5.602634912048357,5.4848356,5.4636016,5.539943,5.4820156,4.985611022,4.78874875,5.16296
0,3,SSTBQYZOJAYQSM-UHFFFAOYSA-N,OCNT-2318628,4.257954,5.098850419639997,4.97937,4.761452928312591,4.011951474490002,4.1698256,3.9431896739506462,4.170197,4.2955837,4.322906,4.473309,3.903030512,3.45840375,4.4009945
0,3,SUCKANYAWOWYFK-UHFFFAOYSA-N,OCNT-2312420,4.741018,5.177367976250004,5.056165,4.902295013637628,5.0105165315999995,5.0698533,5.023445515708639,5.0779133,5.247595,5.0411906,5.18107,5.757593662,5.628079,5.882591
0,3,SURJULAVWQTUDT-UHFFFAOYSA-N,OCNT-2314023,5.0155115,4.814900845090001,4.841225,4.773086483179284,5.290005074780001,5.097588,5.118098876352196,4.90424,5.275618,4.618925,5.1518583,4.92848564,4.6847745,5.0484325
0,3,SXDCQGPXENGXSP-UHFFFAOYSA-N,OCNT-2308854,6.433177,5.772067541170002,5.324026,5.3787890557934315,5.583276184260001,5.097588,5.880002443824255,5.712136,6.2279596,5.8545547,6.0504055,5.307070495,5.1411185,5.459531
0,3,SYXTXXKDVIEGLV-UHFFFAOYSA-N,OCNT-2310458,5.282325,5.06509211289,5.213993,5.053293512072854,5.061378326670001,5.1487956,4.970704386316095,5.4285064,5.6405654,5.3069034,5.2851663,5.415105497,5.29188,5.52425225
0,3,TWLZOWYTDJYARI-UHFFFAOYSA-N,OCNT-2318185,3.9473774,3.658720765390001,3.926982,4.180354279806785,4.142601724890002,4.526941,3.7318951156652536,3.784249,4.631775,4.242496,4.552665,5.050444355,4.86693975,5.23307825
0,3,TZKKMLHKYBWIQU-UHFFFAOYSA-N,OCNT-2313060,4.7417035,4.508447956059999,4.655362,4.964793240607229,4.789169026730002,4.6016273,4.4808593383326025,4.8121843,5.129988,4.7156157,4.6835136,4.808401395,4.63878675,5.0046065
0,3,UAIHEGUYIALJPU-UHFFFAOYSA-N,OCNT-2311815,4.7728543,5.253037408169998,5.113276,4.729248165469484,4.905071997409999,5.1442685,5.630692073739481,4.8699393,4.7693877,4.668798,4.624776,4.80665934,4.57039,5.07569475
0,3,UAVCJCBNMRVBKI-UHFFFAOYSA-N,OCNT-2311554,5.434454,5.050330360340001,4.941942,5.025386878391531,5.19451943605,5.3859563,5.048742012001298,5.179141,5.317444,5.3234305,5.6482654,4.629156713,4.3869395,4.9457885
0,3,UGYXDNUHLIGDFX-HZMBPMFUSA-N,OCNT-2313669,4.903137,4.537488656910002,4.247399,4.3993980735053055,4.854632302889997,4.468292,4.831906651074147,4.7606487,4.6395392,4.938084,4.6732225,4.312523853,4.0255395,4.72943175
0,3,UHSCQJNPWIVPJV-UHFFFAOYSA-N,OCNT-2316044,3.6198099,4.104041254920001,4.247399,4.344342186624853,4.387874212250002,4.895621,3.4717967350329286,3.4747314,3.2329376,3.9422336,3.5248294,3.042917802,1.27982475,3.93402775
0,3,UISBDOVUEJVHOM-UHFFFAOYSA-N,OCNT-2309684,4.900763,4.896991643910002,4.97937,5.09203194982909,4.7513220889099985,4.895621,4.728855891256745,4.9392037,4.4596195,5.030817,4.790634,3.929221478,3.512783,4.35472325
0,3,UNPQSWQHGFDJGF-UHFFFAOYSA-N,OCNT-2315978,5.9916506,5.864115954160001,5.675691,5.690010199968499,5.527302870610002,5.097588,5.332781162608093,5.526746,5.927566,5.9253683,5.7687135,3.227332695,1.49438275,3.98583325
0,3,UNRZRJRVVBVATF-UHFFFAOYSA-N,OCNT-2314273,4.4726925,4.826243773380001,4.987248,4.700010422377975,4.849926429060003,5.201419,4.990214077670573,4.8527613,4.913686,5.044682,5.1886334,5.572826473,5.476115,5.6680105
0,3,UQLMYDHDHBCGQO-UHFFFAOYSA-N,OCNT-2311179,5.6801467,5.337545774709998,5.080087,5.181797802340168,5.384924877449997,5.203883,5.408774602435384,5.290431,5.679179,5.7927723,5.570297,6.361276157,6.27359475,6.44889125
0,3,UXUSWHDYXLIZIY-UHFFFAOYSA-N,OCNT-2313963,5.049205,5.159919589789999,5.056165,4.9133324385297135,4.5166239916299995,4.7329297,4.6795864931957984,5.018412,4.861941,5.1578765,5.391217,2.320936362,1.0729855,3.64662075
0,3,UZNUUAMSRUJWQX-UHFFFAOYSA-N,OCNT-2312594,5.003042,5.345880244530001,5.127526,5.239970625571171,5.022412710740002,4.922197,4.8213230331445915,4.732753,5.094891,5.215159,5.465968,5.717458035,5.6417475,5.79225275
0,3,VDNLFJGJEQUWRB-UHFFFAOYSA-N,OCNT-2328824,5.8539405,4.994180171199998,4.6879487,5.0717524412742865,4.017694231189999,5.0395856,4.775557019195632,6.2278194,5.2321134,6.290917,6.1005316,5.378572777,5.32389975,5.44273975
0,3,VEOLTILWHRWFDA-UHFFFAOYSA-N,OCNT-2313602,3.6157157,3.9084700100600016,4.4497066,4.5443458389721485,4.26592085783,5.0698533,4.094103135554789,3.6432018,3.9579687,4.2894754,3.5632405,2.768636125,1.14171975,3.80467225
0,3,VHIULUXMPVVLQW-UHFFFAOYSA-N,OCNT-2312382,5.2158227,4.997084559020001,4.6717963,4.840096150881709,5.11419897351,4.789961,4.867838040905172,5.089454,5.1509156,5.3088336,5.3360014,6.882938605,6.8082575,6.96093425
0,3,VHVDSVFDMWNWAU-RKQQLJTISA-N,OCNT-2312293,4.722024,4.908977856900002,5.0674524,5.175843123867232,5.36909031285,5.345854,5.752133208457,4.9689603,4.823787,5.200729,5.3113847,5.696156368,5.612589,5.7803855
0,3,VHVGLSGEIFKTCG-UHFFFAOYSA-N,OCNT-2314266,4.8433857,5.089850216150001,4.9199276,4.772282715041271,5.006941989869999,5.097588,4.715292609831944,4.865876,4.825472,5.033813,5.1880755,4.976558362,4.82979,5.1165415
0,3,VIKCJJDTCVKRPK-UHFFFAOYSA-N,OCNT-2314257,5.260797,4.87928485344,5.113276,5.132650177969244,5.225289552989999,5.1487956,4.838557425883488,5.3643904,5.297279,5.071385,5.0869474,4.433970477,4.1978315,4.7713325
0,3,VJOLPRXCRRLZKY-UHFFFAOYSA-N,OCNT-2309576,4.799405,5.195132621629998,5.3036723,5.285878514607077,5.068350658630001,5.097588,5.173894415165451,4.531724,4.5814304,4.636552,4.412688,4.411497823,4.19016925,4.741262
0,3,VJVGJIVCJVERKD-UHFFFAOYSA-N,OCNT-2317458,5.4620447,5.578923643610002,4.981607,5.142783574244442,5.255902213450002,5.097588,4.7103232707583125,5.2220044,5.41105,5.2697463,5.356653,5.589169127,5.4541615,5.708851
0,3,VKKZQUBBITUCLX-UHFFFAOYSA-N,OCNT-2310423,5.0340166,4.74724327029,4.97937,4.974674138864611,4.815704011430002,5.016123,4.879404287148769,4.750817,5.018892,4.6796255,5.1527214,3.659686757,3.06325,4.27551875
0,3,VKSJXCSFVDMTMF-UHFFFAOYSA-N,OCNT-2310174,5.4945745,5.18769193055,5.127526,5.21201994163782,5.218142759180001,5.0845985,5.338993095102689,5.3175483,5.4055204,5.3932953,5.534744,5.016708087,4.81568675,5.1670495
0,3,VLNPWBBHSZOKSV-UHFFFAOYSA-N,OCNT-2312058,5.580239,5.518634050670001,5.213993,5.319193757346047,5.424138047219998,5.203883,5.4102526037274155,5.381589,5.46515,5.417818,5.430812,5.72226015,5.6491695,5.79579025
0,3,VLPIATFUUWWMKC-UHFFFAOYSA-N,OCNT-2328583,5.7530947,5.0537372739099995,5.2291245,5.004492801074015,4.7727644949300005,4.8994684,4.316388008253426,5.208353,5.1087236,5.261297,5.6453953,5.823946382,5.70998425,5.9379025
0,3,VMXKQIBOTHZOBO-UHFFFAOYSA-N,OCNT-2318270,4.8320675,5.7247526625599985,5.3036723,5.29983555223418,4.78201127588,4.6985736,4.725340764212181,4.8626585,5.3258595,5.0579705,5.158549,6.080035933,5.989696,6.16871875
0,3,VPUGWHCGFRLACZ-UHFFFAOYSA-N,OCNT-2312496,5.3492737,4.970612630249999,4.939185,4.754640612106186,5.323697097449999,5.1637807,5.481532574457841,5.29569,5.2613287,5.2046494,5.2954903,4.902117292,4.72962775,5.098319
0,3,VTTXKWNUEYBJHG-UHFFFAOYSA-N,OCNT-2311783,5.618678,5.545586703839998,5.228243,5.1905542863829774,5.179996710360001,5.097588,5.534896510656011,5.142908,5.2156076,5.640705,5.8558273,5.76846985,5.680404,5.8510315
0,3,VUBPFQVWEULGBN-UHFFFAOYSA-N,OCNT-2314197,5.9450097,5.27798012008,4.975089,5.222600208104614,5.221998985670002,5.097588,5.2582368092784995,5.6321673,5.564691,6.149813,5.8805904,5.76322843,5.68153725,5.84924275
0,3,VUWGJWBCZMKTRL-UHFFFAOYSA-N,OCNT-2308508,5.2675014,4.884334181170001,5.080087,4.954521808546815,4.540582320900003,4.2591925,4.664144205596458,5.3560753,5.3686733,5.660072,5.7468023,5.176037263,4.93811425,5.3100305
0,3,VZQKPWAYHAGELX-UHFFFAOYSA-N,OCNT-2310728,4.2354727,4.776475202760002,4.594966,4.585332791683537,4.65473722019,4.655624,5.167321138317605,3.9116788,4.492006,4.6072803,4.546277,4.832677073,4.69152575,4.97718225
0,3,WJOWUCLGRHYEOJ-UHFFFAOYSA-N,OCNT-2317936,3.516716,4.6735073172999995,4.4270444,4.543323845847857,4.771192261000002,4.922197,4.62262972622295,3.9156692,4.1865644,4.1510434,3.9964316,4.981026952,4.78904825,5.18455175
0,3,WQPXKISOMALLDG-UHFFFAOYSA-N,OCNT-2309967,4.8091555,5.242420611100001,5.1681695,5.053941327228676,4.772530146140001,4.6797214,4.70444985590989,5.164267,4.891631,5.0697093,5.242423,5.199803552,4.9788795,5.402313
0,3,WUWJAAKBDMWBPG-UHFFFAOYSA-N,OCNT-2309612,5.031255,4.932370633050001,5.163789,5.130844249300836,4.841721174650003,5.016123,4.984000802178058,4.7409067,4.0569563,5.3281236,5.2705965,5.372954847,5.2529995,5.47571575
0,3,WXPNDRBBWZMPQG-UHFFFAOYSA-N,OCNT-0022130,4.4529305,4.752679316330001,5.047396,4.901008206765246,5.11928783339,4.974449,5.593033327341412,4.9156637,5.1296296,4.569794,5.1352763,1.932731887,1.04207375,3.17378075
0,3,XBMYLHUDSFUXCM-UHFFFAOYSA-N,OCNT-2312101,4.2385955,4.279393807960003,4.1546373,4.4135023973094,4.7327686878,5.1487956,4.053261955749103,4.5699964,3.9900632,4.7558503,4.457666,3.550346043,2.82068575,4.0784385
0,3,XFSGSMMSLFZPTO-UHFFFAOYSA-N,OCNT-2312096,4.957052,4.67750517179,5.0938296,4.863730669418635,4.459029353270001,5.446527,4.469846999507551,4.8882585,5.3735065,4.9480376,5.2904587,4.736752475,4.5545425,4.95573475
0,3,XFSIKJKODJKJMF-UHFFFAOYSA-N,OCNT-2315694,6.111142,5.40785394136,5.387278,5.313733082987096,5.17015910624,5.097588,5.228694648921311,5.3431754,5.869912,5.457362,5.6244936,5.126655018,4.9259505,5.2543345
0,3,XGQFKAWKVLIBAF-UHFFFAOYSA-N,OCNT-2316037,4.7684317,4.861494398610002,4.825563,4.640720340962741,4.718805175040002,4.8615713,4.7629902129676,4.9460444,4.3221865,4.7118745,5.0393233,2.115609893,1.05020325,3.23842475
0,3,XHIPTQDGABJQTL-UHFFFAOYSA-N,OCNT-2310436,5.560464,5.53111842523,5.488787,5.605264508034553,4.9838922398499985,5.1487956,5.57822786391907,5.512805,5.740109,5.579653,5.4835343,5.72623009,5.6164905,5.82984325
0,3,XIQVNETUBQGFHX-UHFFFAOYSA-N,OCNT-0495216,4.4661937,5.1656792390299975,5.113276,4.944409090357983,4.083989729759998,4.895621,4.551407539758333,4.4365964,4.6104755,4.4916067,4.7688794,5.301143663,5.17029275,5.40610675
0,3,XKAJLUQIWOREOM-UHFFFAOYSA-N,OCNT-2315584,6.033888,5.19701643088,5.501213,5.277434695642723,4.927898917400003,4.895621,5.088876964025668,4.9743714,5.1602154,5.4191895,5.594976,5.044979403,4.86892675,5.2078555
0,3,XKEKRICPWIRNLR-UHFFFAOYSA-N,OCNT-2316709,4.5081906,4.487876918480002,4.4497066,4.58514962272425,4.520472116330001,4.9907565,5.0891413828235565,4.617276,4.2845373,4.702677,4.6027837,5.829985645,5.70522475,5.9582135
0,3,XKOYXYRROUYVSA-UHFFFAOYSA-N,OCNT-2309734,3.732741,4.369175193720002,4.247399,4.470827068349842,4.71238361288,4.3559856,4.847988282069046,4.3461237,4.3975945,4.7776785,4.751827,5.255905082,5.1034195,5.376052
0,3,XMGORMGYUQDAAL-UHFFFAOYSA-N,OCNT-2316976,5.808824,5.210215613670003,5.056165,4.737169595394655,5.403446240160001,5.1637807,5.185311868563489,5.5285683,5.92537,6.109996,6.0527153,6.396199915,6.315624,6.475521
0,3,XPIXQQFKIMODLQ-UHFFFAOYSA-N,OCNT-2314248,5.6350994,5.512111797589999,5.228243,5.233449219610762,4.89484686857,5.1112585,4.8884105265811675,5.264715,5.4280105,5.730769,5.825603,5.615187175,5.4547955,5.7830715
0,3,XRYPVMNOHMBCKQ-UHFFFAOYSA-N,OCNT-2311313,4.629188,4.698848880610003,4.6717963,4.6376612346579815,4.514825187480002,4.879113,4.324310105054188,4.3656745,4.332737,4.870849,4.624834,5.23788083,5.0656685,5.37550175
0,3,XSIUDLUMBUINMS-BMIGLBTASA-N,OCNT-2315412,4.4548416,4.5854311584500005,4.267091,4.243482271131399,4.719492692379999,5.0500684,4.887213299673396,4.6871347,4.0295963,4.734716,4.323419,3.777630627,3.3214565,4.261969
0,3,XUIIKFGFIJCVMT-LBPRGKRZSA-M,OCNT-2328892,6.1639905,4.904497349739999,5.056165,4.969283012387844,4.183694295830001,4.4125724,4.336275885472599,6.4402184,4.87592,6.3677826,6.195456,4.774593187,4.6843485,4.8756735
0,3,XVEOZZDPTYFUNW-UHFFFAOYSA-N,OCNT-2312847,5.4789333,5.057986876170002,5.145998,5.129389816561372,4.753462376120002,5.1112585,5.102743315106068,4.69458,5.321827,5.0554495,4.8659267,5.38314478,5.28171675,5.4800435
0,3,XWXYUMMDTVBTOU-UHFFFAOYSA-N,OCNT-2328827,5.2683754,5.155562317690001,5.026817,4.779112480126498,4.58312938804,4.946431,5.358060619835557,4.6967797,4.577318,5.27995,4.888283,5.103808697,4.90876575,5.28727525
0,3,XYBUTVQAVQGLQI-UHFFFAOYSA-N,OCNT-2314608,4.149646,4.112943381520001,4.247399,4.126946871139157,4.6753945156300025,4.8994684,4.245085890879866,4.463218,4.569334,4.4191403,4.227567,4.514747225,4.16627875,5.00482725
0,3,XYNXSIRCMZZLAV-UHFFFAOYSA-N,OCNT-2310182,4.811577,4.964939231040001,5.0938296,5.116449234345796,5.245629162950001,5.097588,4.992893710740387,4.9522614,4.7317986,5.2713537,5.632867,4.66787877,4.531103,4.82878925
0,3,YCKQLOFLKFDRSW-UHFFFAOYSA-N,OCNT-2316507,5.2423735,5.003439391899997,4.97937,5.011878061519432,4.842096954100001,4.6016273,4.70622692830968,4.8035536,4.4859114,5.1008887,5.504592,3.828016938,3.27106575,4.25768675
0,3,YEEZWCHGZNKEEK-UHFFFAOYSA-N,OCNT-0494164,5.158229,4.604610727809998,4.524038,4.530590634852935,4.488483346530001,4.2829294,4.438324317361641,4.4876,4.527522,4.980556,5.296575,4.601161295,4.52936925,4.68661075
0,3,YFMCBAIBXKSIAP-UHFFFAOYSA-N,OCNT-2309431,5.2411475,5.33913600336,4.97937,5.103754499928713,4.557229340540001,4.2591925,4.5729287835864625,5.1659384,4.978186,5.49293,5.4778175,2.222225958,1.07159275,3.247804
0,3,YFRGVJKAIFHJOM-UHFFFAOYSA-N,OCNT-2309765,5.9249883,5.053709317380001,4.818478,5.073764115400523,5.3650524753100015,5.097588,5.445899908388252,5.6215463,5.979745,5.7863216,5.9053106,6.303200555,6.22949725,6.37759375
0,3,YIBXSPOOLBWSFH-UHFFFAOYSA-N,OCNT-2312140,5.9170294,5.068595712930002,4.97937,5.2206951196657325,5.250681380169999,4.807564,5.193996100845874,5.616156,5.4198895,5.578353,5.7605095,5.13349855,4.97867975,5.2688995
0,3,YINKADFCKUPJHC-UHFFFAOYSA-N,OCNT-2311121,6.024168,5.549315655809998,5.1897373,5.261348340128777,5.333987364830001,5.279661,5.499342919034345,5.444477,5.6074386,5.980466,5.815952,4.94613967,4.72075375,5.15577975
0,3,YLVWRHXAIJGXAY-UHFFFAOYSA-N,OCNT-2313122,5.88121,5.7966776832799995,5.184608,5.448411778043779,4.424802196200003,4.342697,4.651084394941477,5.4713383,5.480424,5.748983,5.77402,6.820619263,6.73601575,6.90963025
0,3,YOAAWJYXHLOKQP-UHFFFAOYSA-N,OCNT-2311629,5.3905573,5.392581836120002,5.1945467,5.260362586254011,5.354124748240004,5.203883,5.464171297956,5.410582,5.3133874,5.728618,5.7040396,5.91036869,5.60307825,6.17823725
0,3,YQQDONWJASNYLB-UHFFFAOYSA-N,OCNT-2308465,5.5016346,5.157766788100002,4.7429943,4.9671115100886745,5.3088936690900015,5.1637807,5.339031849088122,5.4213085,5.89242,5.6147366,5.648175,5.402595805,5.270519,5.52025025
0,3,YRYRQKCRFQZBJZ-UHFFFAOYSA-N,OCNT-2308952,5.5279193,4.957070259019999,5.113276,5.046801874738539,5.3187539834900015,4.7012687,5.297390918839064,5.451873,5.4746885,5.1558657,5.0164337,5.513475127,5.4182835,5.59744075
0,3,YSUJLOTUTGXMLQ-UHFFFAOYSA-N,OCNT-2309111,4.4643283,4.961541802109998,4.9199276,4.722376215151514,4.898532610110001,5.1684036,4.800350588255653,4.741069,4.9209433,4.7661147,4.6009083,3.896427225,3.446077,4.3044215
0,3,YTAKQHOGKBKZCK-UHFFFAOYSA-M,OCNT-2309736,4.706431,5.043562282660001,5.113276,5.059925881945356,4.452196639300002,4.8656025,4.417273036042268,4.4964147,4.350748,4.8258204,4.949289,5.024121013,4.88474725,5.1521525
0,3,YWFZSGTWXKPCSQ-UHFFFAOYSA-N,OCNT-2318540,4.8953347,5.12226702766,5.0115895,5.120910482973635,4.929390485090003,5.1487956,5.265294884486154,4.9589977,4.941814,5.2365108,5.5571957,2.08595201,1.05655925,3.232583
0,3,YWHCPENBTKYQMF-UHFFFAOYSA-N,OCNT-2316345,5.4137845,5.241949970650001,4.453199,4.657923863270339,5.4155748336,5.097588,5.311707470902253,5.185807,5.4821744,5.214382,5.716116,5.3855554,5.21654975,5.5377635
0,3,YWWRVIGZMFEUSK-UHFFFAOYSA-N,OCNT-2310994,5.0675006,5.20932045067,5.056165,4.890014155929816,5.24171867924,4.789961,5.748537719335891,5.103152,5.2791996,4.9554076,5.2043557,4.889479397,4.7088805,5.08189
0,3,ZJVULRBHOWBNCB-UHFFFAOYSA-N,OCNT-2309292,3.918088,4.93139413107,4.97937,4.986844472260595,4.185619887779999,4.4738946,3.945500671700088,3.9264214,4.1435986,4.242725,4.271179,4.535458238,4.31629525,4.83024875
0,3,ZLNSOSPUFUUSJT-UHFFFAOYSA-N,OCNT-2310110,3.240492,3.8408648642600007,3.7473364,4.104026010108029,4.33431529163,4.3384438,4.250335512698158,4.093399,3.605586,4.121913,4.226015,3.754456368,3.23498925,4.23309
0,3,ZPKWTJRTSZDMKT-UHFFFAOYSA-N,OCNT-2316573,5.330782,5.252448412920002,5.113276,5.116363067713882,5.327537639229998,5.0233126,5.514722668828094,5.2895746,4.976356,4.9675875,5.0561137,3.911657492,3.43829425,4.34842875
0,3,ZSZXTJMURYXMSU-UHFFFAOYSA-N,OCNT-2317350,5.270974,5.109398138069999,5.127526,5.076356099699781,4.95718875555,5.1487956,5.186240928759667,5.2863975,5.5758753,5.581337,5.774813,5.000559035,4.8383825,5.15800325
0,3,ZUXABONWMNSFBN-UHFFFAOYSA-N,OCNT-0022129,4.603874,4.849893074320001,4.6935678,4.564735112362964,5.130151810330001,4.974449,5.300665533063356,4.9766145,5.2466536,4.820604,5.1613975,3.86440727,3.398772,4.4576375
0,3,ZVNAFCBCTZCQCO-UHFFFAOYSA-N,OCNT-2308961,4.7043815,4.929143038839999,5.163789,5.0544627094458265,5.577905980949998,5.1637807,5.428405204009406,4.9976983,4.7436275,4.618303,4.686285,5.253674242,5.09250825,5.392683
0,3,ZXXMWZBQFMKETN-UHFFFAOYSA-N,OCNT-2312103,5.0504303,4.745106872130001,4.436898,4.717308317295682,5.31641886246,5.0807443,4.957016561920107,5.1978555,5.0432973,4.641059,5.249312,3.432893792,2.5330485,4.03106325
0,4,ABVGSGYZENIXJG-UHFFFAOYSA-N,OCNT-2310736,5.3991933,5.152032504670001,5.360227,5.144624561338316,4.498590321189998,4.9593587,4.646527460726019,4.770891,5.7082996,5.32936,5.16032,5.9101339,5.807981,6.0199665
0,4,ADCRROSQMSVSQW-UHFFFAOYSA-N,OCNT-2317688,5.807558,5.4244949901299995,5.426675,5.421966930628089,5.73550291933,5.219402,5.529334829461582,5.5866227,5.8181252,5.5946393,5.49369,5.067960225,4.88258225,5.24936325
0,4,AGJMLSFEVNTSJB-UHFFFAOYSA-N,OCNT-2311427,5.3005147,4.462075614430003,5.2771277,5.155515817826025,5.08457577683,4.8102345,5.247304857613531,5.275025,5.1952705,5.364952,5.459155,5.085894413,4.88565475,5.26485
0,4,AMOYXGDFGWGGLF-UHFFFAOYSA-N,OCNT-2312604,5.1276712,5.24370044529,5.236188,4.939294010815922,4.374148679980001,4.4151564,4.208841588642578,4.9588976,5.454461,5.0854454,5.2381287,5.749749935,5.658147,5.84535225
0,4,ANOMTFSENDHDFG-FQEVSTJZSA-N,OCNT-2311967,5.9665394,5.997540692070004,5.569773,5.475854048801349,5.611151942660002,5.2669578,5.230800684467603,5.602906,5.436488,5.4011974,5.4943624,5.476187582,5.34495675,5.5853665
0,4,AOUPYPZTBWHPFA-LLVKDONJSA-N,OCNT-2311123,5.7105527,5.389021217090002,5.2771277,5.423173459061779,5.20259466173,5.144237,5.347960204146067,5.606927,5.5709968,5.504506,5.4016695,5.943869013,5.83725025,6.044898
0,4,APURBVBIOACKLC-UHFFFAOYSA-N,OCNT-2318451,3.4462123,3.752387038920002,4.2837224,3.899783105603067,4.234449300680001,4.2816243,4.384111066639405,3.5160723,3.35254,3.610392,3.7682571,3.558287917,2.8377365,4.049187
0,4,AQHHHDLHHXJYJD-UHFFFAOYSA-N,OCNT-0018684,5.368558,5.260282559390003,4.7568417,5.233757573371764,5.2445508083100005,4.814894,4.946494851295856,5.2546883,5.59799,5.354419,5.317122,5.783014945,5.68250125,5.880482
0,4,ASHZCZJGKOMSDX-UHFFFAOYSA-N,OCNT-2311779,4.5055656,4.782067836380001,5.2829404,4.966421355938283,4.334862488920001,4.8102345,4.818140774069038,4.34807,5.178025,4.561233,4.985123,5.166467642,4.984927,5.345751
0,4,BBAORQBKGLSIMR-UHFFFAOYSA-N,OCNT-2315367,5.280199,5.393839393279998,5.3789425,5.225791947405708,5.152131376130001,5.1988716,5.233357823441621,5.454058,5.299335,5.251762,5.236297,4.69477369,4.42702875,5.01924025
0,4,BBEPUEHUDFJMBA-UHFFFAOYSA-N,OCNT-2314446,3.7850218,3.6617214201800024,3.6546793,3.9614370269215486,4.217254465199999,4.338419,4.4913885406265885,3.3167584,3.944303,4.093127,4.271159,3.850819357,3.44063525,4.38537525
0,4,BCHJMMPAAPFYBO-UHFFFAOYSA-N,OCNT-2312417,5.0801754,5.327462686449999,5.2052093,5.117035203976232,4.4953426629200015,4.3780546,4.997385023309623,5.188745,5.5365043,5.346086,5.030742,5.649098728,5.56904625,5.72544575
0,4,BCNJVOKAJSJOAF-UHFFFAOYSA-N,OCNT-2308975,3.757351,4.007183486060003,4.2583113,4.36434491020867,4.386851228540001,4.62119,4.01307164540608,3.7112288,3.513616,3.9415007,4.487875,2.532522198,1.058419,3.821102
0,4,BDYAYVLTLRIZAN-DOMZBBRYSA-N,OCNT-2313477,3.8924804,4.060943293,4.4691377,4.075651100645619,4.5715434497,5.0547833,4.693463815635582,4.2257586,4.5867195,4.397734,4.5316706,4.96220564,4.779067,5.12565675
0,4,BFWFEEMSXVXPOE-UHFFFAOYSA-N,OCNT-2318216,5.664375,5.221504392680001,5.05869,5.106175174143028,4.90058907947,4.717227,4.863268350814478,5.391309,5.8054013,5.480163,5.694197,5.420178495,5.1846175,5.62891875
0,4,BKMSQAJQQBZOME-UHFFFAOYSA-N,OCNT-2312817,4.4893913,4.782798234050002,4.798883,4.700064750230061,4.635884861750001,5.0754457,4.678598121770334,4.8795433,5.0777283,4.302999,4.3205347,5.219426888,5.06026625,5.37217275
0,4,BLHWMBAQHCSKAB-UHFFFAOYSA-N,OCNT-2318000,5.048242,5.431313004800001,5.2771277,5.214071386316592,4.913739168250001,4.9446673,5.140821525936535,4.9665537,4.9572964,5.4629116,5.48175,5.081386173,4.85035625,5.2382835
0,4,BMCXMTGFFJFTPX-UHFFFAOYSA-N,OCNT-2311030,4.2823544,4.3351439417599975,4.5642896,4.701226482844707,4.95046122008,5.1136627,4.4739718177852685,4.3955736,3.6843152,4.3630753,4.428251,5.26911858,5.1179075,5.41354175
0,4,BPCOBMCJNXSZEU-UHFFFAOYSA-N,OCNT-2315039,5.5617447,5.00400409111,5.0967216,4.925749849154694,5.17481034078,5.0680904,5.053288789622965,5.401458,5.4970613,5.2589254,5.107921,5.81602332,5.71960725,5.913777
0,4,BRLQLLYRNCGYQA-UHFFFAOYSA-N,OCNT-2317597,4.800547,4.875509082549998,4.8404284,4.776787904444066,4.455076980520002,4.7506137,4.496622878740083,4.632564,4.9002886,4.9947076,5.077084,3.797528263,3.26524025,4.2670715
0,4,BSJXRLCVGOHZJM-UHFFFAOYSA-N,OCNT-2314812,5.531986,5.241300281540001,5.298966,5.336357295513725,5.38603205393,5.144237,4.9863442388012436,5.5300913,5.024315,5.3975463,5.11338,5.780750562,5.68059,5.883413
0,4,BUVFEHNROMUBNS-UHFFFAOYSA-N,OCNT-2315036,3.7174988,3.976021320160003,3.9300582,4.2539351460450385,4.22806050667,3.8684993,4.165642669714348,3.617094,3.4414341,3.9842908,3.7305384,6.30273673,6.22805275,6.38089225
0,4,BVIXWBQCJPACFU-UHFFFAOYSA-N,OCNT-2315717,5.2939715,5.341933674930001,5.326549,4.948272844133716,4.7548397544500025,4.8453317,4.874193829439725,5.023838,5.0736184,5.110229,5.1507845,4.71772916,4.61384875,4.83904575
0,4,BWWQNTFNKYNBID-UHFFFAOYSA-N,OCNT-2309179,5.6401663,5.809498422569998,5.9124527,5.846843287474574,4.948988350079999,5.0131607,5.1165503703339485,5.2235527,5.836027,5.2860646,5.5024004,5.41586177,5.28660775,5.52169675
0,4,BYAMCPKNCANMIS-UHFFFAOYSA-N,OCNT-2311287,4.8175116,5.003142166980001,4.30016,4.705215958857607,4.998385543109999,5.389201,4.977692743646371,4.9920554,5.2115145,4.945847,4.7989,5.302354252,5.1715335,5.41102275
0,4,BZNCPWPEWCQLQO-UHFFFAOYSA-N,OCNT-2311136,5.336211,5.21032272628,5.2052093,4.950734741472525,4.883546195109997,5.022194,4.824327055734308,4.9741244,5.311079,5.2091413,5.2875996,5.130911812,4.98250575,5.2561575
0,4,CCXULBUUIBWSSY-UHFFFAOYSA-N,OCNT-2318351,4.800163,4.796670391739998,4.4739494,5.024461979684909,5.162970618290002,5.0818844,5.118895856050739,4.833898,4.883932,4.6799455,4.2469916,4.835530262,4.61818975,5.0709015
0,4,CFMBNIUINYDYCI-UHFFFAOYSA-N,OCNT-2309399,4.1342263,4.518956100599998,4.0972443,4.353377524624123,4.40513614681,4.773185,4.186038098921257,3.5587294,4.1156034,3.8315992,4.0073676,2.632390405,1.14198775,3.76608275
0,4,CJEBHGVZWZPWSG-UHFFFAOYSA-N,OCNT-2309004,5.2353215,5.23223117201,5.336749,5.428074086693834,4.688173373830001,4.9900174,4.6690200122161905,4.92305,5.5214553,5.2843733,5.64309,4.85597139,4.6519145,5.08054425
0,4,CPOPRSAGMUGGIW-UHFFFAOYSA-N,OCNT-2311403,4.758737,5.104175101609999,5.075576,5.031874639266371,5.1423262760599995,5.144237,5.03290136582524,4.8134646,4.934223,5.037876,4.8835726,6.383690562,6.29918525,6.47078425
0,4,CUHVIMMYOGQXCV-NSHDSACASA-N,OCNT-2328617,5.772706,5.392136857069997,5.2771277,5.3333736305862285,4.907747277240002,4.9354715,5.265383358894131,5.6070685,6.1386566,5.9861097,5.8080025,5.522360535,5.34325125,5.70179575
0,4,CVXBEEMKQHEXEN-UHFFFAOYSA-N,OCNT-2328784,5.422413,5.57934697778,4.8987713,5.095171413148007,5.0059638161499995,5.1704893,5.056555310768747,5.436608,5.4080415,5.505495,5.4559145,5.49263816,5.3493175,5.6293555
0,4,CYYZQVGRZABDLV-UHFFFAOYSA-N,OCNT-2314263,6.492776,5.303164342850002,5.4607244,5.653991024073691,5.512199470309998,5.1425858,5.384239795244406,6.0546904,5.979755,5.87329,5.8413925,5.682462058,5.5637025,5.7932355
0,4,DCBIPDXNVYUXEE-UHFFFAOYSA-N,OCNT-2310488,5.135441,5.216671611400003,5.236188,4.99229788752575,5.007329809639999,5.412581,5.4403025296221434,5.137222,4.970897,5.2380223,5.2058015,7.520682635,7.4068485,7.63654325
0,4,DDYQMQHUOWCBKE-UHFFFAOYSA-N,OCNT-2316676,5.7578707,5.781659725909999,5.443932,5.6267418023079685,5.22532815175,5.144237,5.449250041860902,5.3210025,5.948513,5.5694833,5.566636,7.782581445,7.7012585,7.8650705
0,4,DIYLEQWUQDMBDH-UHFFFAOYSA-N,OCNT-2311592,5.649565,5.267341488650001,5.1300297,5.130666506502465,5.482781835090001,5.1425858,5.507136998294916,5.466385,5.569737,5.5380335,5.320558,5.68807669,5.55766575,5.8093045
0,4,DLIWZFLURZGWCN-AZUAARDMSA-N,OCNT-2308594,5.3951817,5.550887340890001,5.4290566,5.53695277542865,4.587340051789999,4.960775,5.027483144629807,4.7258263,4.984826,5.2006316,5.2518387,5.990223753,5.89051975,6.0889055
0,4,DOQJOKBIOMCLJC-UHFFFAOYSA-N,OCNT-2318340,6.1418023,5.558787574959998,5.9124527,5.961344792970273,5.344371007210001,5.316724,5.252547341968642,5.686322,6.1997237,5.912199,5.9053793,4.880023233,4.63490675,5.127074
0,4,DPCRFIMDLMABSP-UHFFFAOYSA-N,OCNT-2310988,5.681764,5.710260671749998,5.501255,5.631297468122916,5.360080620749999,5.156398,5.071635702593737,5.3843427,6.084884,5.5550823,5.3967204,5.26948247,5.115299,5.3995325
0,4,DQZPSTCWXMFFLR-UHFFFAOYSA-N,OCNT-2313906,3.8066013,4.4738555650200045,4.9519763,4.845940021831679,4.420417276730002,4.7127495,4.230970922467914,3.6397448,3.4491973,3.4465451,3.440975,2.116247137,1.0541595,3.23494525
0,4,DRPDPFQNTVPDKP-UHFFFAOYSA-N,OCNT-2312154,4.9872828,4.976340148409999,5.1515255,4.864121095768738,4.630180786460002,4.8688097,5.1656280061346616,4.773346,5.852571,5.104519,5.363805,4.447046708,4.0692155,5.05607275
0,4,DUADTXCVWFPPIL-UHFFFAOYSA-N,OCNT-2312961,5.206388,4.772096749010001,4.9630384,4.901162844041262,4.92566224247,4.4081507,4.424745548471158,4.7976985,5.2258167,4.988127,4.892299,4.967871133,4.790594,5.13428
0,4,DXGLGDHPHMLXJC-UHFFFAOYSA-N,OCNT-2328317,5.7011204,5.361463558080001,4.8883834,5.0812771405620705,5.32849336088,5.1425858,5.432885526784554,5.4862547,5.935939,5.670889,5.607985,5.214993472,5.080957,5.33354125
0,4,DXYZQPFEVYKJRQ-UHFFFAOYSA-N,OCNT-2318512,4.763532,4.947973928389999,5.011436,4.607177095708142,4.03025181678,4.136604,3.96604306514115,4.4696255,4.3939366,4.6432853,4.7884746,4.8245779,4.651808,4.99784225
0,4,DXZFYTFQGFMLCK-UHFFFAOYSA-N,OCNT-2315156,4.239587,4.907595444929999,5.071689,4.895961639003576,4.698835103989999,4.2572575,4.2677293051869185,4.2510448,4.8287373,4.3462296,4.492526,5.792689712,5.6672255,5.914555
0,4,FAIPFRSDTGEWBZ-UHFFFAOYSA-N,OCNT-2314306,5.1622853,5.117222711,5.153606,5.118370215094788,4.8358487969400015,5.1704893,5.195284691841416,5.036511,5.159459,5.0667815,5.302178,5.410053963,5.25082525,5.54232125
0,4,FCJGAYGSJLTNQU-UHFFFAOYSA-N,OCNT-2310825,4.8327727,4.77280212854,4.53767,4.675772906225368,5.1782920612100005,5.1704893,5.246316268587307,4.893751,4.469333,4.7463307,4.7392035,4.53820148,4.258527,4.961812
0,4,FCVXGURMAPSXMN-UHFFFAOYSA-N,OCNT-2312113,5.321394,4.9504553973000025,4.904319,4.704606895649102,5.176427738369998,4.969355,5.317458538521806,5.1499557,4.629601,5.183622,5.336198,5.065387835,4.94065525,5.1852915
0,4,FFCKEKQOXALYPI-UHFFFAOYSA-N,OCNT-2314941,4.990415,5.349435011510002,5.2013226,5.273014448865081,4.21489540946,4.9593587,4.6296803317281325,4.626928,5.2012587,5.0223026,4.845782,5.014127535,4.85544875,5.180575
0,4,FJJGWWWOOWJCMW-UHFFFAOYSA-N,OCNT-2313641,4.848126,4.6042189551,4.555239,4.941198693755078,4.55827597635,4.612248,4.7607215234290114,4.6225905,5.2366304,4.8709955,4.8338175,6.3495178,6.23205125,6.4636895
0,4,FJLBFSROUSIWMA-UHFFFAOYSA-N,OCNT-2328854,5.6286545,5.322676162910001,5.175912,5.221981949046027,4.825145563519999,4.724132,5.241007231788681,5.449794,5.117483,5.770526,5.883391,3.893977505,3.476059,4.49633975
0,4,FKSCUJKHJVNOBE-UHFFFAOYSA-N,OCNT-2308903,5.362476,5.090969953300002,5.2644005,5.209671942836391,4.927552254030002,4.969355,5.096637769913309,5.380685,5.4542685,5.515652,5.365527,5.943690125,5.83902075,6.04750325
0,4,FNNRNBHDBIXRDM-UHFFFAOYSA-N,OCNT-2313105,4.873883,4.652145420569999,4.8404284,4.851573982355839,5.134219864050003,5.522193,5.3828140533412485,4.394941,4.8203855,4.475504,4.3082466,4.86686844,4.7125785,5.049418
0,4,FVPAAWBIVRGLIW-UHFFFAOYSA-N,OCNT-2309039,4.0280848,4.343164061430003,3.9300582,4.450777968354909,4.4683972033899995,4.7506137,4.608595387997287,4.0553155,4.260636,4.3277607,4.2177687,3.434587342,2.33674175,4.077581
0,4,GAAAACRGNMPWJY-UHFFFAOYSA-N,OCNT-2309811,5.241007,5.187508397129999,5.298966,5.054700104309847,4.78988414007,5.0718474,5.072970449303294,5.2761593,6.10962,5.2987857,5.203589,5.5868905,5.48321875,5.684334
0,4,GBUSLTPPAQKFHD-UHFFFAOYSA-N,OCNT-2309376,5.9511437,5.604326750800002,5.5204315,5.534498980530234,5.574523886950003,4.849195,5.6852507091110285,5.806655,6.018635,5.7364874,5.582839,4.346900945,4.09208775,4.69280425
0,4,GEYZZYHKDCQEGW-UHFFFAOYSA-N,OCNT-2314998,3.5712247,3.32874881225,3.6862683,3.7636492719574663,4.328629274120001,4.3755774,4.191188319622061,4.182189,3.4454975,3.9096153,4.0772715,1.920213635,1.030459,3.13034675
0,4,GFMDVFVOJOPHQC-UHFFFAOYSA-N,OCNT-2316319,4.2472477,4.469069453920001,3.9967453,4.272323069508856,4.507486899610002,4.399308,4.653042845733513,4.7022524,4.173974,4.082854,4.243477,4.83589907,4.597328,5.11769875
0,4,GJLFZZVHBYMJBF-UHFFFAOYSA-N,OCNT-2309390,6.0133934,5.351920422230002,5.236188,5.047555044588138,5.092560611920002,5.522193,5.214965031657141,5.8694763,6.1561103,5.7651715,5.7508698,5.35283503,5.243355,5.44653275
0,4,GNJNQIPPAHUGPD-UHFFFAOYSA-N,OCNT-2310256,5.561928,5.54798824032,5.4055953,5.0277329966607525,5.134239666270002,5.0201654,5.220563720121517,5.348299,5.1747413,5.4155416,5.357901,5.63280378,5.54529825,5.725372
0,4,GPTXWRGISTZRIO-UHFFFAOYSA-N,OCNT-2328416,6.070369,5.506805109479999,5.358973,5.380972590258746,5.1338229706500025,5.219402,4.974449643958797,5.921985,6.0461574,5.912657,5.8170033,5.951552982,5.870102,6.0394815
0,4,GUZVPUBRPOUFHH-UHFFFAOYSA-N,OCNT-2315886,4.795162,4.82391700342,4.555239,4.754058239905244,4.526004456210002,4.3374887,4.728087208948761,4.358375,4.972814,4.773191,4.938532,4.138903642,3.79511,4.702586
0,4,GWDOIAFYMZHEGB-UHFFFAOYSA-N,OCNT-2316664,4.7809186,4.615803972300001,4.5695734,4.653105242825153,4.753786822459999,4.4419537,4.910375328373864,4.7532473,5.110663,5.261904,5.265154,6.23792502,6.11414075,6.356671
0,4,HFIUQGDUSJSDIM-UHFFFAOYSA-N,OCNT-2318531,5.109827,5.19646127099,5.1614804,5.14225373261372,5.093107297760001,5.022194,5.153637146404069,5.118493,5.264938,4.9549456,5.1511865,5.708708545,5.5924395,5.823582
0,4,HILLPHQRAJGUKV-UHFFFAOYSA-N,OCNT-2314234,3.0860572,3.719722124510001,3.705976,3.742440329176079,4.429293276530005,4.791937,4.18648560486024,3.4895234,3.077812,3.3736649,2.9903555,4.939029643,4.7339535,5.169774
0,4,HJWNBMPWZUYAMW-UHFFFAOYSA-N,OCNT-2315280,4.650297,4.37435717723,4.074644,4.381050088578082,4.676292725970001,4.612248,4.33791385602349,4.560152,4.9824586,4.835817,4.9834085,4.192617702,3.8984635,4.53182925
0,4,HLNLBEFKHHCAMV-UHFFFAOYSA-N,OCNT-2328360,5.049075,5.290187151900002,5.3708844,5.312596581578361,4.8249941332100015,4.814894,4.8605208866850065,5.4628415,3.6885214,4.679321,4.248192,1.988384528,1.0368375,3.35622325
0,4,HNNQRKVHGGLWAB-UHFFFAOYSA-N,OCNT-2311559,5.864482,5.462407373949999,5.143634,5.293597763090793,5.121055141820002,5.1902914,4.908385837098612,5.457901,5.2064934,5.6591406,5.43414,5.563636198,5.49328775,5.63438275
0,4,HRBHCRJOSKLRMT-UHFFFAOYSA-N,OCNT-2318316,5.4087267,5.353744934780002,5.236188,5.276124038681874,5.093383938219998,5.0131607,5.052197707017508,5.111209,5.565639,5.286888,5.1794543,5.339870455,5.15769,5.516944
0,4,HVPGCKQRNRGMTN-UHFFFAOYSA-N,OCNT-2310967,5.3003836,4.737717254290001,4.807922,4.84054811798789,5.116159560180002,5.19285,5.399041394573025,5.206765,5.617863,5.3996477,5.5612626,4.90679488,4.72675925,5.1192215
0,4,HWINTXPCEKXGPY-UHFFFAOYSA-N,OCNT-2315016,4.696109,4.975412408400001,4.624605,4.725595213737439,4.905767547889999,4.451724,5.085123659522628,5.102412,4.8598824,5.1461554,5.022412,6.212632232,6.1260955,6.2985285
0,4,HYIMSNHJOBLJNT-UHFFFAOYSA-N,OCNT-0498014,4.442278,4.50628345598,4.572554,4.5701460678900006,4.088752486200001,4.4691315,4.214540289132739,4.3630567,4.7631927,4.62788,4.5427003,6.994413592,6.90084,7.09082275
0,4,HZJWQJHQWQCMTO-UHFFFAOYSA-N,OCNT-2315296,5.5350356,5.298913080610001,5.143634,5.150279214827661,4.8363352758,4.4903693,4.882839132032611,5.3043847,5.292081,5.4553547,5.4203987,6.090674255,5.99829925,6.1821715
0,4,IAUITTZWSOAVCK-UHFFFAOYSA-N,OCNT-2316204,5.2838955,4.645501003779999,4.706908,4.95941738658577,4.468946848150001,5.099986,4.959872665898916,5.0175176,5.0949235,5.1528606,5.489602,5.071397317,4.89592,5.2207025
0,4,ICKRQBWOWOXQPE-UHFFFAOYSA-N,OCNT-2312145,5.3823833,5.46988739744,5.8057027,5.713355160723202,4.794217527890001,5.0754457,4.872990844400241,5.2559247,5.30084,5.3786154,5.1188583,4.01257303,3.59578525,4.4059205
0,4,ICQPYVZPTBHWKX-UHFFFAOYSA-N,OCNT-2309593,5.4516387,5.248750623929999,5.236188,5.143656157582678,5.167399776080001,4.8049927,4.899868269322465,5.5069275,5.1003723,5.157123,5.083027,4.807199705,4.6416775,4.970964
0,4,IDEYJIBZURGBOJ-UHFFFAOYSA-N,OCNT-2308837,5.9361057,6.052041549539999,6.184293,6.059242587432374,4.90259042333,4.8453317,5.091719536098366,5.547533,6.108919,5.6532874,5.674145,5.4050786,5.2588665,5.54661125
0,4,IDTRRSQXKMQLJW-UHFFFAOYSA-N,OCNT-2310158,4.060227,4.560306859110001,3.837042,4.522155367961541,4.43579963882,4.88076,4.782203385075767,3.5445452,4.400317,4.245002,4.2241144,4.463285895,4.21164225,4.8068855
0,4,IFNGIJKNTWRPTP-UHFFFAOYSA-N,OCNT-2309602,4.6302466,5.1912211696399995,5.011436,4.771509700956444,4.497396857290001,5.0221033,4.66192496993499,4.7844524,4.6397424,4.804885,4.994122,4.777768225,4.58949875,4.9902985
0,4,IIGPKLVZMJDWCL-PXAZEXFGSA-N,OCNT-2314699,5.686674,5.29490104432,5.298966,5.278421694429452,4.957079263349999,4.8339753,5.1679539241884465,5.3045354,5.37046,5.4753065,5.681646,5.018384795,4.78942425,5.19971025
0,4,ILXVZKLXZOEKTC-UHFFFAOYSA-N,OCNT-2316099,3.898985,3.7054866757100022,3.901899,3.789228055210737,4.267718879500002,3.9732218,4.162285136133842,3.812358,4.0816107,4.131617,4.274603,4.72899016,4.44062525,5.040725
0,4,IMVPFMRRWDYSRZ-UHFFFAOYSA-N,OCNT-2315646,5.462259,5.299525299650002,5.302311,5.36967208277925,5.216096122130001,5.144237,5.340822368423108,5.25801,5.932922,5.5124598,5.5356426,7.341335027,7.2381775,7.44301025
0,4,INDWLASWAKDZEB-UHFFFAOYSA-N,OCNT-2316585,4.0661016,3.868425588330001,4.3320546,4.172674652090704,4.380254825680001,4.612248,4.212296432064831,4.0734825,4.2079296,3.9487681,4.1841526,2.775252913,1.128613,3.85432175
0,4,IPAJNZRDKHKVHD-KBXCAEBGSA-N,OCNT-2315008,5.518342,5.284072310160001,5.075576,5.252444268682109,4.786737492969999,4.891273,4.898094595133701,5.1268024,5.0024505,5.1012936,5.3304815,4.313483523,4.06743675,4.649451
0,4,IQFYPMWUTQTIEV-UHFFFAOYSA-N,OCNT-2310045,4.8015447,5.228536846120002,4.830649,5.158013486042922,4.756039444869998,5.1124964,4.887883263901406,4.8925157,4.081442,5.209968,5.0742893,3.9816744,3.59168825,4.55478025
0,4,IQPUAVGREWPGSG-UHFFFAOYSA-N,OCNT-2318098,5.6467705,5.25191400207,5.4607244,5.282888579985412,4.3840215028700005,4.4847364,4.71485385823348,5.4261203,5.0130258,5.541713,5.4577537,5.857997395,5.7609655,5.9507445
0,4,IVNIMDZBVHNVOZ-UHFFFAOYSA-N,OCNT-2314639,5.3718743,5.36322561999,5.216067,5.288426189830384,5.01539472818,4.8325887,4.883735953955548,5.213183,5.083359,5.3753004,5.283394,5.54379485,5.46443,5.6237645
0,4,IVWQVUXCCLQHJG-UHFFFAOYSA-N,OCNT-2310324,5.3887887,5.416345803240002,5.298966,5.40854567108063,5.4925884511300005,5.427691,5.4895007632024955,5.1889505,5.6913342,5.501444,5.4698286,5.3115665,5.23831625,5.3861625
0,4,IXIWLXFULLNPDO-UHFFFAOYSA-N,OCNT-2311574,4.839762,5.074046018190004,4.9885926,4.813554065861099,4.99995962199,5.2514277,5.215137410287174,4.7869678,4.589755,4.8013864,5.060818,4.795568815,4.294924,5.1695415
0,4,IZJRISIINLJVBU-UHFFFAOYSA-N,OCNT-0497946,5.0644345,5.458888408069997,5.1611814,5.192569537388138,5.157057772779999,5.0344214,5.50153273856747,5.131708,5.371722,5.4133873,5.6509333,4.946983765,4.73270475,5.14926575
0,4,IZQGJBSGWYWETN-UHFFFAOYSA-N,OCNT-2318668,5.721165,5.239029213100001,5.358973,5.388162917460695,4.94751989854,4.814894,5.043866380211155,5.318292,5.578432,5.3553495,5.5173435,5.730354147,5.6054085,5.85285375
0,4,JATPYNNKEHXXJE-GFCCVEGCSA-N,OCNT-2312529,5.5728674,5.16847886471,5.075576,5.145925702941228,5.079627912800001,5.1943426,4.7472586834143025,5.3787584,5.682786,5.3625035,5.5360365,5.037538018,4.8829355,5.160864
0,4,JBUYSVCDKUEWGF-UHFFFAOYSA-N,OCNT-2314301,4.68324,4.7348767181500016,4.858959,4.37802326377177,4.787086877490002,5.1122165,4.772918952040628,4.744623,5.1358685,4.575146,4.5895596,3.736200485,3.179735,4.4157815
0,4,JBYHKBDJPAJRIB-UHFFFAOYSA-N,OCNT-2312074,5.1167984,5.043843946079999,5.143634,5.035082902184326,4.67587568437,4.4903693,4.783162194940783,5.0669436,5.3527207,5.0529814,5.13781,6.414860137,6.333787,6.49827375
0,4,JICCVDIDAFNKEU-UHFFFAOYSA-N,OCNT-2313913,5.5369396,4.7819379809,4.3464622,4.84969390727534,5.29962389109,5.1425858,5.282884985956926,5.421397,5.3757563,5.2473927,5.0275006,4.69094824,4.44877825,4.96381425
0,4,JKZVPHGLLHOJCU-UHFFFAOYSA-N,OCNT-2316877,5.1349845,5.266370731079998,5.198279,5.0773828377256915,4.80205677982,5.0711603,5.087233426561473,5.079383,4.762067,5.143826,4.9514112,3.913808465,3.49149225,4.54212175
0,4,JLGKQTAYUIMGRK-UHFFFAOYSA-N,OCNT-2328666,6.7533555,5.8018003196500025,5.071842,5.7876714149725705,5.09768650597,5.3515444,5.258637595484006,6.1126924,6.7022257,6.3486056,6.0082307,5.246598397,5.10529475,5.36652175
0,4,JNDMSQNZXYTQFB-UHFFFAOYSA-N,OCNT-2308924,5.156922,5.311566395380002,5.2052093,5.433180880658615,4.862555443750001,4.969355,4.935415425568476,5.0902905,5.756972,5.4128447,5.268618,5.339429423,5.1820535,5.4679645
0,4,JNKGLLRFVIVVLH-UHFFFAOYSA-N,OCNT-2317901,4.9413414,5.013066049910001,4.9830217,5.0118466025241135,4.61578251148,4.901748,4.47862778409603,4.5647078,4.6667237,4.9235344,4.6919847,4.767536028,4.58477425,4.97665125
0,4,JNUPUTJOTQNJHS-UHFFFAOYSA-N,OCNT-2310953,5.2303877,5.00313100416,5.075576,5.1576559624203915,4.947638910409996,5.0680904,4.725412193854194,4.879644,5.1695743,5.361946,5.2900357,4.204215843,3.90944125,4.62933625
0,4,JOYGWYISRWPUIM-UHFFFAOYSA-N,OCNT-2309940,5.750207,5.36941973787,5.3708844,5.437942358167719,5.315687958580001,4.7599735,5.2974796431266675,5.557903,6.0097256,5.56701,5.383277,6.960038212,6.880699,7.0398015
0,4,JPPCYARQPPFARN-AWEZNQCLSA-N,OCNT-2308867,5.4402018,5.2078221010900005,5.2052093,5.296263950398611,5.107690711930002,4.7129307,4.927313442838106,5.1854672,4.866511,5.2949824,5.298665,2.183939,1.071362,3.24519775
0,4,JTVNALMSDWLPLH-UHFFFAOYSA-N,OCNT-2311003,5.1762133,4.946684367490002,4.191502,5.003893922860214,5.35048648275,5.144237,5.362422674293456,5.5082355,4.6431675,4.917635,4.7637286,3.827603117,3.3533555,4.3552795
0,4,JUMJDUFSGJOBNY-UHFFFAOYSA-N,OCNT-2316215,5.5393214,5.062176862110001,5.444046,5.137657941911633,4.759448083380003,4.399176,3.746183044461095,5.128751,5.7824993,5.309018,5.6298976,5.272406787,5.185647,5.35710475
0,4,JVVLSCNLUICXDH-UHFFFAOYSA-N,OCNT-2318394,5.2545767,4.89423982678,5.2101736,5.205849521236337,5.096247442019998,5.144237,4.695165659731618,5.247704,5.4464555,5.501179,5.3024335,5.539309995,5.40880575,5.65817825
0,4,JZKCGQFNKIROBD-UHFFFAOYSA-N,OCNT-2308682,5.2776732,4.640607590970001,5.1243834,4.608016756628342,5.2357216879800035,5.0237913,5.492787123650181,5.428097,5.687187,5.2597704,5.369588,6.125472485,6.00954975,6.243253
0,4,KAQRDYBEHRCINW-UHFFFAOYSA-N,OCNT-2308476,4.4145594,4.95480433684,4.6848726,4.6918214861203635,4.539369939950004,4.62119,4.676585478309381,3.9849122,4.436138,4.520862,4.836875,4.386259468,4.13971175,4.7220675
0,4,KCLWZSBXZRBBSN-UHFFFAOYSA-N,OCNT-2310968,4.5526104,4.399900960150002,4.5078673,4.7315083614091265,4.272858955719999,4.773185,4.830464892955394,4.4004145,4.5727158,4.5180955,4.4241095,4.326796585,4.06594325,4.7217105
0,4,KGAOPTNPBILCQP-UHFFFAOYSA-N,OCNT-2310161,6.0174465,5.671462207730001,5.6669664,5.62074652001633,5.73160104931,5.2669578,5.396632674732108,5.803038,5.9924307,5.5207605,5.5095,5.715288297,5.62646225,5.80296525
0,4,KGDBHTFHMFKVGM-UHFFFAOYSA-N,OCNT-2316654,5.4156337,5.214606211670001,5.157339,5.181054641131142,4.648958408500002,4.4660025,4.483056846645344,5.1946564,5.9028735,5.5916004,5.4507017,6.102473162,6.00966525,6.19600325
0,4,KIKPMPBGGCAAPM-UHFFFAOYSA-N,OCNT-2313403,5.327263,5.451136094039999,5.3571763,5.526306968576163,4.922536271759999,4.507066,4.57619015240295,5.0882277,5.429074,5.1248956,5.128692,3.874877502,3.388001,4.2891965
0,4,KKGXMRNXJMSNQL-UHFFFAOYSA-N,OCNT-2309931,5.700586,5.5699493680700005,5.263797,5.0930387610387164,4.632647427480001,5.0852594,5.225313778218237,5.245485,5.375598,5.705385,5.674057,4.631574237,4.42657725,4.89450125
0,4,KKUAFDGZQZBAAV-UHFFFAOYSA-N,OCNT-2310258,5.593412,5.6998382526199975,5.4571986,5.230304121969488,5.04863444586,5.425777,5.418126252667702,5.559462,5.864205,5.6861987,5.514242,5.216356323,5.0263445,5.37072525
0,4,KQTXYDRDXSUVEF-UHFFFAOYSA-N,OCNT-2309396,4.102723,4.85725506677,4.904173,4.831230654701671,4.044220964419999,4.7506137,3.960391047273808,4.068647,3.8861604,3.7861147,4.25914,1.90962809,1.03617525,3.11936025
0,4,KUKLJYHYHRVBNX-UHFFFAOYSA-N,OCNT-2311204,4.6564026,4.957921112680001,4.913545,4.5991434145490135,5.14237280897,5.144237,5.285483086738685,4.1878357,4.6266418,4.631116,4.852293,4.705323017,4.5411085,4.90118225
0,4,KYLIZBIRMBGUOP-UHFFFAOYSA-N,OCNT-2328946,6.728243,5.134696922990003,5.2771277,5.4860403335270025,5.307870359020002,5.8276367,5.437380192526756,6.1451416,6.136835,6.120735,5.7797565,5.782165655,5.70400425,5.86594
0,4,KYWIQEYVDXUQTE-UHFFFAOYSA-N,OCNT-2311264,4.964406,5.151142967920001,5.143634,5.20196841132747,4.870271795590001,4.8700867,4.8931806580607216,5.1295757,4.273322,4.628196,4.700392,3.243945388,1.621415,3.98947975
0,4,LCBSQLYFAYPDEP-UHFFFAOYSA-N,OCNT-2309468,4.7451367,5.41725593675,5.2255244,4.920709878774583,4.552789819539999,4.8841457,4.43297753924839,4.700205,4.770272,4.771827,4.95651,3.588619277,2.914977,4.14970875
0,4,LGYSCTIZOHPFJD-UHFFFAOYSA-N,OCNT-2310481,5.1155825,5.15471746967,5.7204146,5.258747295202778,4.53825298003,4.8841457,4.436892753251582,4.8705187,5.4878798,4.9662967,4.79188,4.89869086,4.71166675,5.099514
0,4,LQLLHNXDSQWNGR-UHFFFAOYSA-N,OCNT-2315994,6.1474695,5.588351887930002,5.738817,5.375372063791985,5.477769779620001,5.156398,5.413932319932493,5.7153077,6.3751354,6.0403256,5.9826317,5.74547179,5.646065,5.84754475
0,4,LRHLCTNZAXRLDS-UHFFFAOYSA-N,OCNT-2309619,4.681768,5.290441859730001,5.2013226,5.015099196922039,4.39866158989,4.7684703,4.429280939157448,4.6545353,5.4480033,4.691766,4.615391,5.14139961,4.866296,5.33401625
0,4,LTXRCYPELJYQOB-UHFFFAOYSA-N,OCNT-2309443,4.588804,5.06767261741,4.9125285,4.741861975963345,4.494116341300002,4.6986485,4.270967227187318,3.9101224,4.34047,4.8882275,5.146418,4.876238563,4.63372125,5.05114425
0,4,LXUKMGDUYGKFNZ-UHFFFAOYSA-N,OCNT-2315532,5.6604605,5.6975253086999995,5.5901103,5.460603916382352,4.663300508380001,4.919294,4.9521957090340685,5.621831,5.3014593,5.58528,5.473745,6.175550927,6.06756775,6.273687
0,4,MJBADUAGPNZJKC-UHFFFAOYSA-N,OCNT-2317999,3.8998637,4.496820241009999,3.9100437,4.170015701037001,4.037942239189999,4.81606,4.030442715042942,3.5312538,3.7565088,3.7929358,3.6266327,2.47526404,1.098603,3.7122085
0,4,MJVAVZPDRWSRRC-UHFFFAOYSA-N,OCNT-2328794,4.915022,5.41994677121,4.8044453,5.0864904103505255,4.43622514373,4.9354715,5.354371173538437,5.164604,5.8041916,5.068764,4.923333,4.241668605,3.814983,5.0119925
0,4,MKXKFYHWDHIYRV-UHFFFAOYSA-N,OCNT-1755349,4.5932794,5.30119184728,5.2771277,5.240852514530151,4.471864987409997,5.130734,4.722053154487272,4.741879,5.383825,4.85829,5.152246,5.91949229,5.83127725,6.00924025
0,4,MNCYFKHFXZGDCK-UHFFFAOYSA-N,OCNT-2318356,5.14485,5.009933171700002,4.6642094,4.899961806615043,4.539445571290002,4.5792174,4.6019858029522736,4.5351253,4.993252,4.873775,5.1083083,3.962629875,3.5090465,4.400651
0,4,MOEUPKRWJULLIY-UHFFFAOYSA-N,OCNT-2316476,5.4860005,5.127678971920001,5.1443033,5.262053156542813,5.483751383089999,5.034929,5.228080258192422,5.300656,6.0702667,5.4613543,5.4328113,5.687171865,5.543598,5.82495025
0,4,MVJHLUDLKQPIKW-UHFFFAOYSA-N,OCNT-2314003,6.0326104,5.20232102042,5.1611814,5.1873535567334885,5.275457768660001,5.209466,5.032087266210949,5.7069697,6.328404,6.0302377,5.9589744,6.796123202,6.6568915,6.93849775
0,4,MZCSBMOLDFPPDR-UHFFFAOYSA-N,OCNT-2318008,5.2928643,5.078539731309999,5.2052093,5.082645968153455,4.978378867970001,5.0224624,4.997167936042814,5.1449704,5.5685043,4.917837,5.010808,3.96540895,3.530583,4.396681
0,4,MZFRIUHVVSLKNK-UHFFFAOYSA-N,OCNT-2315263,5.5003643,4.772784320549999,5.054047,5.338017492247575,5.351032577340001,5.144237,5.045083767062284,5.4084663,5.502927,5.0859647,5.3509912,4.34719136,4.07993525,4.70573825
0,4,NANLFGLVROKLFB-UHFFFAOYSA-N,OCNT-2310327,5.365477,4.531724036770001,5.05869,5.024802786304918,4.417956152210001,5.2739887,4.871413092515633,4.9392085,5.3962836,5.382726,5.344782,4.921241793,4.747306,5.08488875
0,4,NAOJMNUZHUNOKN-UHFFFAOYSA-N,OCNT-2311892,5.8290277,5.25439853622,5.075576,5.266465539474851,5.600413921320001,5.326823,5.463243867549343,5.674182,5.365348,5.366862,5.3600864,5.253644683,5.097059,5.38251725
0,4,NGTSBRMBKVYBED-UHFFFAOYSA-N,OCNT-2317171,5.3065143,5.353508531890001,5.157339,4.9294027592156855,4.6955231177600005,5.042334,5.120274761483313,5.139024,4.532778,4.855941,4.7516327,4.644571005,4.370595,4.97074575
0,4,NHFQFWFPAUMJGJ-UHFFFAOYSA-N,OCNT-2314305,5.322293,5.194584592300001,5.295079,5.163379531451141,5.150596231089999,5.144237,5.042599856068919,5.370666,4.7720013,5.185534,4.9046307,5.072082613,4.852054,5.257903
0,4,NHYLLYGTERGNBE-QWRGUYRKSA-N,OCNT-2318448,5.413686,5.038175964520003,5.2052093,5.202649830412455,4.865756460800002,4.8102345,4.938650075044853,5.447327,5.9513683,5.5570874,5.665977,5.958262605,5.85261,6.064628
0,4,NKHFHTCTOGEFMC-UHFFFAOYSA-N,OCNT-2309757,5.0731087,5.142532476179998,4.797243,5.0757864047569035,4.934805830990001,5.1124964,4.904225260819343,5.146315,4.9637675,5.112377,5.1791697,5.224100145,5.06679775,5.363896
0,4,NKOPTHMKGIKTFB-UHFFFAOYSA-N,OCNT-2309634,4.848357,4.800101276929997,4.710795,4.740117387107331,4.808322794260002,5.0680904,4.662851802074206,4.33201,5.2242346,5.017273,5.017616,5.619969043,5.5183805,5.713324
0,4,NSBQHSGIUPTPOI-UHFFFAOYSA-N,OCNT-2311897,5.425554,5.694200135660003,5.702685,5.830679849203119,4.733204853940002,4.530819,4.744698144593304,5.0384045,5.802318,5.428424,5.505256,5.315708543,5.23521,5.3959305
0,4,NTNKUGFNNVBGRM-VQIMIIECSA-N,OCNT-2311203,4.161773,3.981130448670001,4.0594435,4.048058966033509,4.037468400690002,4.783644,4.758361937020761,4.1227355,3.9883158,4.2520933,4.6756797,1.979960085,1.04054475,3.20420325
0,4,NVAGELYZKFZNII-UHFFFAOYSA-N,OCNT-2316534,4.726759,5.119177758090002,5.2644005,4.938236350083124,5.291110494809999,5.0560884,5.170269739218809,5.135407,5.345426,4.801932,4.847368,5.045373722,4.8657095,5.19357125
0,4,NVWRCKWSACBUON-UHFFFAOYSA-N,OCNT-2315130,5.4250703,4.556273033410004,4.0783544,4.4874108830624895,4.670178691380001,4.8774157,4.902280859840351,5.0662265,5.7105174,5.3364635,5.483632,6.304488135,6.17028125,6.4414235
0,4,NWPWJRDPPQHNKN-MEDUHNTESA-N,OCNT-2308707,5.4805455,4.178735556500002,4.938753,4.712138203922471,4.908549293630002,5.2253613,5.1073317965836,5.2536936,4.6018877,5.1920323,5.441147,2.098388835,1.0554595,3.245185
0,4,NXFYQARCVGKCRR-UHFFFAOYSA-N,OCNT-2310956,4.505801,4.672171499200002,4.830786,4.742262101801986,5.163610058769999,5.022194,4.938516503722083,4.567119,5.201899,4.5393887,4.40498,4.399326245,4.07094275,4.89729075
0,4,NYKSPKFMDXNRMC-UHFFFAOYSA-N,OCNT-2311166,5.1868615,4.497450376320001,4.6993,4.359656498967204,5.311715420720001,4.6941385,5.316176813514582,5.3499904,4.730662,4.897342,4.923218,4.466695553,4.24395675,4.78458275
0,4,OAESDRNQJDPPPY-UHFFFAOYSA-N,OCNT-2310022,5.1600947,5.34727573501,5.2052093,5.190986744051708,4.681428210139999,4.8422484,4.744322287344445,4.674951,5.2190127,4.990423,5.106564,5.471223128,4.9968685,5.801272
0,4,OGFBEKYAGBYENM-UHFFFAOYSA-N,OCNT-2309883,5.0258985,4.670261946080003,4.8365417,4.755597598164639,4.897851514599998,5.144237,5.167787763620242,4.9675913,5.337783,5.3033957,5.1179295,5.031979407,4.87173725,5.1653895
0,4,OLQUOCUROMYKSW-UHFFFAOYSA-N,OCNT-2312951,5.3023877,5.429284071240001,4.8882375,4.959865444193725,4.80452121358,4.715811,4.773269152586273,5.0917773,5.1937666,5.0726275,5.20289,5.164665077,5.03315625,5.27774825
0,4,OMHAOJDUYGXDSF-UHFFFAOYSA-N,OCNT-2315875,5.5297446,4.928495830669998,5.143634,4.807421218845273,4.959539811669997,5.236311,4.84158170408455,5.5905576,5.4498177,5.3416867,5.1711736,5.938020847,5.8506525,6.02685675
0,4,OOGUISVCCPNPKO-UHFFFAOYSA-N,OCNT-2314551,4.3340473,3.987757199530001,3.79868,4.406898947087537,4.385030573860002,5.044787,4.711247147584047,4.339857,4.7411947,4.1588893,4.6211457,5.4540855,5.33082125,5.56797225
0,4,OORSXFVBXLFCHO-UHFFFAOYSA-N,OCNT-2313789,5.671826,5.200451603209999,5.151244,5.257624063757429,5.282668346020001,5.2325444,5.30881637471918,5.4473963,5.6776476,5.177535,5.4575357,5.929767522,5.85876875,5.99619025
0,4,OTSKWPLKWNHXNG-UHFFFAOYSA-N,OCNT-2317832,4.16129,4.432983833569998,4.481666,4.225314048375125,4.090621862280003,5.0680904,4.820505465816217,3.716467,4.533963,4.2537465,4.473243,4.680251915,4.5005375,4.903005
0,4,PHMDDIHADNUCSF-HZPDHXFCSA-N,OCNT-2315992,4.7370787,4.561768507919999,4.5102997,4.697070111326717,4.806640858440002,4.960775,4.906992321804889,4.792057,4.5795803,4.9719954,5.0467997,2.638156985,1.10088225,3.8101585
0,4,PIXRXWGQJSQWHO-UHFFFAOYSA-N,OCNT-2316326,4.960508,5.15713839238,5.1027355,5.054203157594854,4.455979123850001,5.139933,4.847367129006451,4.6528254,5.005426,5.2595515,5.2149234,6.036504125,5.95604525,6.1203665
0,4,PJTUXNCFVJUKOI-UHFFFAOYSA-N,OCNT-2310526,3.3950162,3.8733499424200017,3.705976,3.826431269673932,4.579640444890001,4.4903693,4.626889262839111,3.424973,3.983181,3.2519403,3.8433652,4.21134372,3.952211,4.53044325
0,4,POBMXNGLHYMXJX-UHFFFAOYSA-N,OCNT-2315815,5.759854,5.59029501624,5.569773,5.438089651620572,5.430966357059998,4.9892554,5.629936883123654,5.578639,5.791894,5.7300954,5.581313,5.949862162,5.84295525,6.05939225
0,4,PPLFVYMZLYWYGR-UHFFFAOYSA-N,OCNT-2313460,5.5390058,5.17445044235,5.2771277,5.157115088418942,5.103908592050001,4.866606,5.197759899326447,5.6303473,5.393126,5.297288,5.0729227,5.59723241,5.47348825,5.72027375
0,4,QBYDWUJJEQGRNB-KZUDCZAMSA-N,OCNT-2317783,5.178639,4.77864428457,4.5102997,4.79517566033845,5.173559562589999,5.09503,4.974186846016192,5.0041814,5.2868724,4.859443,5.105155,5.659574443,5.54055725,5.7874255
0,4,QCDFBFJGMNKBDO-UHFFFAOYSA-N,OCNT-2328789,6.1986494,5.419602029639999,5.50852,5.355983753539664,4.653496686760002,5.3539524,5.202153754168431,6.1645985,6.047434,6.0287113,5.7160707,6.62409317,6.53890975,6.707766
0,4,QNQSCXODGQCIFA-UHFFFAOYSA-N,OCNT-2318585,5.838155,5.27415905769,5.2771277,5.194727665593298,5.03338102826,5.219402,5.182654718372428,5.7182417,6.028271,5.6582065,5.3595743,5.56130717,5.47979925,5.6461105
0,4,QTNWAPPUIVRJJA-UHFFFAOYSA-N,OCNT-2313224,4.902768,5.2499748732,4.805756,5.232257576310507,4.828339005660001,4.9012694,4.9026320477285195,5.086187,5.5401893,4.8516994,5.0929513,5.641844395,5.52374525,5.74853375
0,4,QVLONCRSZCBUNW-UHFFFAOYSA-N,OCNT-2311340,4.150258,4.188829200199999,3.853548,4.012284852182783,3.9235316560199993,4.935086,4.368389828310783,3.8268611,3.4737363,3.8340569,4.0516376,3.133907592,1.27241325,3.9812995
0,4,QXHHHPZILQDDPS-UHFFFAOYSA-N,OCNT-2328488,6.90895,5.879133508480005,5.6138296,5.9726628580720105,5.418613102940001,5.2801003,5.571195612370552,6.226201,6.7819343,6.447689,6.0847273,5.737422975,5.66171,5.813775
0,4,QXKHYNVANLEOEG-UHFFFAOYSA-N,OCNT-0483505,5.1707187,5.258421583230002,5.3789425,5.314256641901158,4.829145277179997,5.0704985,5.3878786536399295,5.4785275,5.7389812,5.2543473,5.5253935,6.692482703,6.60832,6.78367025
0,4,QYFXAYDDKNNFAP-UHFFFAOYSA-N,OCNT-2314461,4.771717,4.786797147299997,4.675087,4.521752180547775,4.592679560040002,5.0224624,4.966498554297516,4.74929,4.417328,4.6919217,4.948248,3.335483357,1.5084605,4.02498175
0,4,QZYHSGIUISZPJP-UHFFFAOYSA-N,OCNT-2316009,5.168515,4.93105729868,5.0639815,5.1398570129150425,5.136281465279999,5.0224624,5.013352192794674,4.9095693,5.0332084,5.073839,4.803875,5.295798028,5.190333,5.381211
0,4,RCUPFXKTPISMDD-UHFFFAOYSA-N,OCNT-2313366,4.990572,4.68989596163,4.9970083,5.031071215527794,5.266132084639999,5.0704985,5.4697468049717815,5.043008,5.350748,5.1981516,5.0495944,5.423312147,5.32770075,5.51164275
0,4,RFABKPISPKENOC-UHFFFAOYSA-N,OCNT-2317281,5.319746,5.067289820069999,5.014042,5.11195625121202,4.558968552160001,4.9980984,4.675987604446449,5.003293,5.692702,4.9483733,5.142199,5.295166005,5.09267575,5.44291
0,4,RJMHLGGYHZCNAH-UHFFFAOYSA-N,OCNT-2316612,5.376794,4.889987964899998,4.9125285,4.788490703301595,4.717992988739999,5.0224624,5.250576026689693,5.043701,4.9479084,5.382249,5.356724,4.938836255,4.76887975,5.08483825
0,4,RJVRSUUZAWJBFO-UHFFFAOYSA-N,OCNT-2308635,4.877888,4.2623253804,4.720478,4.723636337792269,4.845247516430001,4.935086,5.021421309380384,4.8164477,5.4001665,4.7726803,5.04238,5.796193795,5.65829775,5.93163125
0,4,RMUCZJUITONUFY-UHFFFAOYSA-N,OCNT-2328890,5.3757157,4.433734204940002,4.7946124,5.030904369618652,4.929224641340001,4.9980984,5.070288167498493,5.562388,4.7639103,5.35212,5.0450106,5.037293535,4.8525835,5.219532
0,4,RVAPFNVAEPBNAD-UHFFFAOYSA-N,OCNT-2312476,5.98059,5.250845807729999,5.3708844,5.4393262553969475,5.43262203364,5.1943426,5.609509644697548,5.81054,5.820508,5.6645765,5.518831,5.646948558,5.55938975,5.73636975
0,4,RVQWHLPCLPJWRR-UHFFFAOYSA-N,OCNT-2315326,5.76505,5.223287844820004,5.2771277,5.213732252759467,4.995264620430001,5.2514277,5.162178539882128,5.2522526,6.0483565,5.50098,5.5746145,5.691970162,5.5888755,5.7945
0,4,RWKORWAMCYMUGF-UHFFFAOYSA-N,OCNT-2309854,5.1195064,4.8821163507500005,4.5068984,4.806207485374658,4.90447922507,5.325633,4.683581019031136,4.9720182,4.802788,4.9610734,4.8423324,4.007750837,3.577536,4.29101125
0,4,RXVUZHPPZZQGHY-UHFFFAOYSA-N,OCNT-2312352,5.6576824,5.545394386470003,5.02022,5.3512945745635445,5.074016841749998,5.0224624,5.360356033208301,5.3445215,6.0148067,5.484107,5.5478134,5.39070074,5.2707975,5.49787725
0,4,RZTAMFZIAATZDJ-UHFFFAOYSA-N,OCNT-0497994,5.3533854,5.1412913331200025,5.219302,5.104532642104013,4.46085673913,4.5545597,4.858973697384545,4.9310865,5.277426,5.1415935,5.449352,1.96732382,1.0400915,3.174449
0,4,SADXXGGPSUJOJL-UHFFFAOYSA-N,OCNT-2312197,4.5436716,4.301276986720003,4.0707216,4.415400453528741,4.5863359565499975,4.9653196,5.200330632952428,5.0458307,4.9572306,4.7235494,4.957632,5.109189215,4.922453,5.29690575
0,4,SCISKZABYYDABD-UHFFFAOYSA-N,OCNT-2314896,4.76085,4.76794161428,4.7725534,4.673861421106509,4.5149054909699995,4.8690724,4.829548548536701,4.435329,4.8088503,4.488038,4.1004496,5.191857085,5.01224775,5.38121375
0,4,SGKBXHPHSYQSKW-UHFFFAOYSA-N,OCNT-2318165,5.0095396,4.991006707640004,5.298966,5.30903263257039,5.302642240730002,5.219402,4.75630969338071,4.9593406,5.333619,5.0652466,4.927866,4.647417068,4.404922,4.95011125
0,4,SHNPLRZOYVZLCR-UHFFFAOYSA-N,OCNT-2312525,5.753423,5.481334625119996,5.2823944,5.23989521264769,4.986512440369999,5.144237,5.1553347685129465,5.5325274,5.848566,5.475294,5.528386,4.87473432,4.690806,5.08420175
0,4,SHWUGCPLDZAJAU-UHFFFAOYSA-N,OCNT-2308929,6.0381026,5.625216951780001,5.3571763,5.552318437682985,5.05613916775,4.9046245,5.286535411037443,5.619539,5.642927,5.560676,5.289806,5.10768271,4.983036,5.217726
0,4,SKFYFHCOOFAZHE-UHFFFAOYSA-N,OCNT-2313250,5.72248,5.686127165210003,5.515783,5.380431573690151,5.085227904889999,5.078834,5.014348183317909,5.0915413,5.425345,5.5796924,5.5336323,5.614650313,5.49446675,5.73867475
0,4,SLHPOKMDXGIIDD-UHFFFAOYSA-N,OCNT-2311984,5.1793165,4.917669618830001,5.3326797,4.633727393446099,4.829422962169999,4.983346,4.970599350817587,5.097234,4.4807076,4.9084897,5.3800445,5.39711074,5.27321675,5.49914225
0,4,SMMRFJYFYSKXSJ-UHFFFAOYSA-N,OCNT-2311686,5.0612082,4.69387936095,4.975223,4.5052028977310155,4.72845091634,4.5700274,4.558302928693388,4.4272723,5.2498283,4.988679,4.8127413,3.811814995,3.2906425,4.22289425
0,4,SQHFQMIXPHWDAZ-UHFFFAOYSA-N,OCNT-2317454,4.8028746,4.3549864222900005,4.423593,4.555079891763104,5.295081942800002,5.325633,5.495075502317322,4.9997067,4.8949146,4.741805,5.1847973,4.986775615,4.7428945,5.18574625
0,4,SRCYGSBGUHRNBC-CZUORRHYSA-N,OCNT-2313098,4.917269,4.707297970590002,4.2360168,4.8229739120689565,4.816783875120004,4.969355,4.734217989887762,4.8282084,4.2072506,4.9020877,4.9648128,3.662254772,2.94184775,4.11963475
0,4,STDFBBSZPPVDEA-UHFFFAOYSA-N,OCNT-2310081,5.1720815,5.23067132764,5.236188,5.265546808995129,4.66697047044,4.504999,4.432760391826721,4.9445295,4.9715967,5.1218505,5.317436,6.060211415,5.94318,6.17309
0,4,STDLBSAMZRPIQK-UHFFFAOYSA-N,OCNT-2316595,5.0919824,5.148954248769999,5.2471175,5.379705367165164,4.715364184739998,4.612248,4.476535047235216,4.6044793,5.663813,5.2248516,5.140701,5.039070115,4.904775,5.1840585
0,4,SUJQFQJPAWTXTL-UHFFFAOYSA-N,OCNT-2313829,4.1632967,4.692406524229998,4.1140037,4.159506913265385,4.75287964132,5.1122165,4.589452185102775,3.809225,4.3940763,3.9910169,4.5012417,2.85838406,1.21005325,3.85511325
0,4,TVILSDDBFTWFKQ-UHFFFAOYSA-N,OCNT-2316913,5.131573,5.002551181139999,4.634314,5.033949456734601,4.796437010330001,5.522193,5.403787013411143,4.8238425,5.632324,5.346315,5.261839,6.69641439,6.5974295,6.79381575
0,4,TWIRHCAHDDBYNY-UHFFFAOYSA-N,OCNT-2318549,5.734443,5.186736167010001,5.236188,5.0698743767532015,4.974876470810002,5.3543634,5.222900630886642,5.5909185,5.7083344,5.8072333,5.564425,6.633153952,6.53062975,6.734771
0,4,TWXBJRFIIXRDRJ-UHFFFAOYSA-N,OCNT-2315862,5.035839,5.205081170030004,5.2052093,5.199333434719826,4.807634003929999,4.8339753,5.10561380013874,4.6322527,5.2117143,5.339688,5.1420035,5.70396762,5.61651775,5.79218325
0,4,TXHULZCABKAZOB-UHFFFAOYSA-N,OCNT-2316255,3.9871073,4.1510797320299995,4.7287498,4.510899562643546,4.558750312629999,4.5038986,4.632557754581892,4.0144405,4.212357,4.1572127,3.7742152,3.676461167,2.8834395,4.14455875
0,4,TZFWDZFKRBELIQ-UHFFFAOYSA-N,OCNT-0498126,5.5522475,5.069861508580003,4.8753777,5.07149729019684,4.379758700279999,4.5531855,4.743511698971428,5.8307567,5.1266046,5.4685674,5.5211935,5.587237593,5.44495475,5.72110625
0,4,UEFZCHIJYQFTCX-UHFFFAOYSA-N,OCNT-2311357,5.325554,5.178231854070001,5.143634,5.127490367089677,5.09905901414,5.1965833,4.863274202268149,5.081968,5.936615,5.151597,5.4406595,5.833084357,5.7327775,5.93208225
0,4,UFZXKFNSSITYNQ-UHFFFAOYSA-N,OCNT-2311206,5.052613,4.54753566762,4.975223,4.207523992829741,4.851296475050002,4.394313,4.491033354130827,4.194432,5.1719265,4.832025,4.843915,4.552173525,4.31921025,4.885216
0,4,ULZMMJCEUCGMST-UHFFFAOYSA-N,OCNT-2312610,5.9031296,5.53341002606,5.443932,5.332947464665294,5.22847363552,5.202748,5.329019909602629,5.3185225,5.433663,5.4718623,5.3400984,5.845306095,5.74101325,5.9451485
0,4,UMOYDVHDHUFZNQ-UHFFFAOYSA-N,OCNT-2313994,4.433704,4.718620161360002,5.024892,4.8366761560703795,4.8841525977400035,5.1207967,4.774205980165223,4.435831,4.8272324,4.3156924,4.5857177,5.165077923,5.026047,5.292886
0,4,UOEUTDCAVNXVAV-UHFFFAOYSA-N,OCNT-2314777,5.463884,5.176965848499998,5.173286,5.270352895937216,4.987197051979998,5.144237,4.974201530144052,5.327953,5.97595,5.6518726,5.485342,6.328517175,6.222693,6.4324855
0,4,UPDBFFLJUGUEJC-UHFFFAOYSA-N,OCNT-2313117,5.477084,4.9564496797299995,5.1611814,5.378123275457474,5.292722648490001,5.1467867,5.342423849666806,5.4085364,5.5592985,5.5900154,5.5619335,5.647003413,5.52135125,5.76903325
0,4,UQTGTRXTMUCGSR-UHFFFAOYSA-N,OCNT-2314831,3.8096557,3.96487920114,3.855532,4.400363471096832,4.367329198630002,4.1660924,4.4504958604822,3.735384,3.7809587,4.2625475,3.930789,3.563352015,2.934904,4.09914875
0,4,URDLEVJEFQHTIJ-UHFFFAOYSA-N,OCNT-2314966,4.5993905,4.87815823084,4.7018657,5.112032261042939,4.663443955859998,4.451724,4.9083808292628825,4.751068,4.5467396,4.8688006,4.7733984,3.411878885,2.15026825,4.00309225
0,4,USKDSEPSXFSQII-UHFFFAOYSA-N,OCNT-2312480,4.1167765,4.747844120539999,4.5535173,4.453587379872885,4.372304890969999,4.4669957,4.581524894606391,3.7617211,4.824285,4.3326874,4.1167965,4.557807162,4.3726705,4.8104405
0,4,UUGQEDCVVLEROS-UHFFFAOYSA-N,OCNT-2318468,4.85562,4.871803423379999,4.902102,4.615103424833471,4.626937303560001,4.5827594,4.316376040474422,4.8210855,4.5932713,4.968898,5.0996923,5.12917157,4.9271295,5.3138095
0,4,UVSGZYBPFLKLFY-UHFFFAOYSA-N,OCNT-2317966,4.8389125,5.009115198760002,4.904173,4.8096184828531845,4.7313621794400005,4.963333,5.058131213900005,4.8949976,4.8014717,4.8284864,5.054599,4.999697112,4.80113075,5.19338025
0,4,UXZFQZANDVDGMM-UHFFFAOYSA-N,OCNT-2328673,6.048254,5.136239338439999,5.293181,4.783174516215184,4.740414392120001,5.295772,5.262564054858009,6.1233864,6.283405,5.722349,5.4076576,7.189312418,7.09876425,7.2795925
0,4,UZHDJKQNKUZILN-UHFFFAOYSA-N,OCNT-2310905,4.3601065,3.928183087809999,4.1913834,4.4049640353896,4.813805341599998,4.766102,4.531771524641251,4.255345,4.44831,4.2851214,4.2427707,5.428192405,5.292449,5.55739325
0,4,VDXDSSNLLKXVIZ-UHFFFAOYSA-N,OCNT-2311493,4.0657673,3.95671169884,3.9100437,4.209649830130871,4.376789788980003,4.778001,4.359656330094171,3.7214885,3.988777,4.302247,4.0635314,4.534677523,4.278383,4.98264975
0,4,VGGFTXSHZAOJPX-UHFFFAOYSA-N,OCNT-2314160,4.6743174,4.9232263532500005,5.212797,4.803523508444987,4.584338335820001,4.48893,4.486588086628179,4.3548484,4.5841312,4.7683825,4.6149454,4.898082708,4.68701625,5.07983075
0,4,VIFGVQZFHRGOSS-UHFFFAOYSA-N,OCNT-2313008,4.4655385,4.63044661026,4.987215,4.656384120700089,4.484708672490001,5.0250206,5.122402405860299,4.216507,5.1962314,4.553577,4.6225348,4.788514433,4.63876825,4.9591405
0,4,VKPBJYKSYHYDMB-UHFFFAOYSA-N,OCNT-2318089,5.7744865,5.426603064540002,5.2771277,5.376052605773331,5.022567369789999,5.1278715,5.361435660072109,5.436995,5.794786,5.616619,5.764666,6.189261195,6.10293175,6.27804
0,4,VKQFCGNPDRICFG-UHFFFAOYSA-N,OCNT-0498090,4.4361186,4.882505063819999,5.082573,4.878455495174883,4.2033549521600015,4.963333,4.566495800625654,4.1384745,4.951201,4.593348,4.6955814,6.540418253,6.432415,6.647213
0,4,VKUDADNKGDMBGO-UHFFFAOYSA-N,OCNT-2312066,4.565881,4.28351508274,4.3766065,4.158948661577736,4.318982661689999,4.8841457,4.25393426847735,4.4238443,4.239944,4.870941,4.9518065,5.471353987,5.29718775,5.6121755
0,4,VMMAOGVIBOQCRR-UHFFFAOYSA-N,OCNT-2314574,3.871222,3.9386460467800015,3.752313,4.273730157426966,4.296663358640001,4.751403,4.350938146338072,3.837532,3.8909223,3.6931052,4.1508455,2.4750014,1.0474595,3.783307
0,4,VPPGWCWDOYSEGZ-UHFFFAOYSA-N,OCNT-2315636,5.6887684,5.117776673440001,5.2052093,5.21203200848641,5.019400795090002,5.1122165,4.923166734133834,5.2551775,5.7460995,5.4306116,5.2870607,5.478182625,5.40159,5.55965625
0,4,VRFQISMUCTWNIV-UHFFFAOYSA-N,OCNT-2318569,5.775314,5.32114314515,5.720352,5.3080508213876,4.873653072100001,5.1344666,4.791360919676047,5.5203214,5.956499,5.8934135,5.6972666,5.456108513,5.29155675,5.5993615
0,4,VYKYJWRYICVBEY-UHFFFAOYSA-N,OCNT-2316683,4.2744765,4.745533947330002,4.438984,4.790759911962126,4.5894269454100005,4.475999,4.814437454453081,4.0156455,4.6310563,4.49701,4.4061027,3.862122165,3.3623225,4.42182275
0,4,WDFKMLRRRCGAKS-UHFFFAOYSA-N,OCNT-0495682,6.172328,5.5017564449800025,5.358973,5.397132555774961,5.338358586040003,5.1456633,5.577490778704512,6.1277137,5.685623,6.2268906,5.9073977,5.616129457,5.50979875,5.714821
0,4,WDZVGELJXXEGPV-UHFFFAOYSA-N,OCNT-2328395,5.978203,5.160545060770001,5.2644005,5.021946720717569,4.992520103040002,4.9980984,5.104494849836396,5.9522038,4.84718,5.2581487,5.2045913,4.925579965,4.71907425,5.1708415
0,4,WFOQWXUHYHWBNS-UHFFFAOYSA-N,OCNT-2317875,3.8781118,4.241160879270001,4.3320546,4.167914027638067,4.29384705004,4.6709437,4.030791705350455,3.6421309,4.0985746,3.9489832,4.01113,4.61034801,4.44465375,4.8236805
0,4,WFVSDBTXMRGQAP-UHFFFAOYSA-N,OCNT-2315349,5.676775,5.648364595229997,5.4571986,5.3365457138344,5.29780073033,4.9944587,5.02011270789977,5.4886003,5.3040485,5.159598,5.079508,4.609769017,4.3560425,4.96112975
0,4,WHTVZRBIWZFKQO-UHFFFAOYSA-N,OCNT-0495303,5.1983542,5.351184514940001,5.3118563,5.36981504019208,4.989204153520001,4.9446673,5.198514649636508,5.2082496,4.1633816,5.000465,5.055299,2.099860792,1.05781625,3.472813
0,4,WIOGBWBKPRSVRX-UHFFFAOYSA-N,OCNT-2312971,5.3707585,5.25788158298,5.151244,5.15593720542191,4.827879187750002,4.969355,4.534597574654735,5.0351615,5.8971686,5.067112,5.3309774,5.10658165,4.90138875,5.285288
0,4,WJCNZQLZVWNLKY-UHFFFAOYSA-N,OCNT-0476778,5.8639264,5.211802278880001,5.3708844,5.30748610851188,5.273307580119999,4.6691585,5.1972509839981615,5.861951,5.9707427,5.9183445,5.709498,5.85949227,5.7704795,5.950124
0,4,WNJZMKTVARMZJN-UHFFFAOYSA-N,OCNT-2315844,5.421209,5.26019111068,5.075576,5.160290829994912,5.03209225308,4.9834785,5.005708812916288,5.1433735,5.3588357,5.115206,5.3160825,4.903293165,4.70640325,5.105052
0,4,WOGQCARQKBERFP-UHFFFAOYSA-N,OCNT-2309126,4.871049,4.342631474790002,3.9300582,4.4158696894027445,4.6987474132900005,5.0355873,4.712139802122357,4.338873,4.2157283,4.273079,4.476876,3.40651477,2.30536875,4.02072825
0,4,WTTZSARDULEWAA-KRWDZBQOSA-N,OCNT-2318553,5.4466496,5.094410704090002,5.151244,5.223234835317462,5.24103620083,5.2669578,4.824842201120674,5.273018,5.3729224,5.267431,5.3679643,5.117279883,4.94021425,5.248907
0,4,WUAZOSQKECLJFW-UHFFFAOYSA-N,OCNT-2312714,4.53351,4.83439178414,4.8404284,4.787372548903629,4.6742016058,5.0125885,4.689354626684865,4.071368,4.315765,4.779849,4.660418,3.699680345,3.0503155,4.193767
0,4,WXHNIZSHBMNFPP-UHFFFAOYSA-N,OCNT-2315252,5.7838964,5.837972142679999,5.520928,5.486722516550974,4.8914138651700005,5.136093,4.733699967505837,5.213292,5.638707,5.705,5.5154557,7.13108756,7.0407755,7.22257275
0,4,XBWYDJLBZXBPSD-UHFFFAOYSA-N,OCNT-2317345,5.5480704,5.103881112970002,5.503248,5.288274545613975,4.6990026280000015,4.797959,4.885824713848092,5.217611,6.130563,5.4265876,5.4149404,6.411296205,6.32317225,6.50043075
0,4,XEDRHVSLJMQZHC-UHFFFAOYSA-N,OCNT-2314739,5.0256577,4.7637290195499995,4.9970083,5.022416769596788,4.976816914860002,5.1616735,5.124328603815251,4.9703436,4.3510003,4.71846,4.7782373,2.695982695,1.14261875,3.83495525
0,4,XHOKDUNWTNZYPV-VIFPVBQESA-N,OCNT-2313623,4.2992644,4.507118205140002,4.107972,4.201979368303674,4.409173024930001,4.9900174,4.282958982576254,4.3930097,4.616122,4.783072,4.8263745,5.465486595,5.31633,5.59178325
0,4,XLOYQLAMNLMXCE-UHFFFAOYSA-N,OCNT-2328886,5.2698736,4.701766154440002,4.7946124,5.147480270707582,5.2278323159100015,5.2176256,5.318980932499889,5.328616,4.46739,5.279242,5.2187853,3.451809985,2.2733755,4.068072
0,4,XMFXTXKSWIDMER-UHFFFAOYSA-N,OCNT-2328759,5.8938003,5.58214714223,5.4504,5.4400349019316945,5.032420385020003,5.307872,5.2224142910832345,5.910333,5.0217943,5.8547106,5.680884,4.34430153,3.950383,5.01322075
0,4,XMRWHOPYDYFQQH-UHFFFAOYSA-N,OCNT-2312217,5.2028728,4.9384506543,4.7725534,4.685483706310409,4.397213362850001,4.892689,4.684623038177665,5.0015926,5.4750776,5.077476,4.9665155,5.21873838,5.0727705,5.36242125
0,4,XNMUUYXWCVFULU-UHFFFAOYSA-N,OCNT-2308870,4.5059376,4.7472983305600005,4.555239,4.357250516816126,4.28256783068,4.758474,4.2703501606869425,4.463119,4.7937927,4.476778,4.7484913,4.175317817,3.84048125,4.66511
0,4,XODQSZYCINXFPG-UHFFFAOYSA-N,OCNT-2316774,4.9942694,5.37167087737,5.075576,5.1208213843871055,4.358093832460002,5.0194497,4.148693335006063,4.648358,4.682231,5.0553026,5.0213094,3.759990563,3.276673,4.2420125
0,4,XPOLSBCYDGSEIZ-UHFFFAOYSA-N,OCNT-2318634,5.200893,5.25040866541,5.568094,5.2908449715293235,4.854399127330002,5.188875,4.699342991576631,4.997187,5.530438,5.319134,5.2871284,5.297514047,5.10992325,5.4702155
0,4,XTZRHLYNKPNFJU-UHFFFAOYSA-N,OCNT-2314402,5.307602,5.82761473113,5.5240865,5.3276535569843295,5.273419321770002,5.1425858,5.144745379377722,5.249196,5.8959103,5.2782087,5.2571673,6.34625435,6.236407,6.45757575
0,4,XUZMQMKTIDVPDB-UHFFFAOYSA-N,OCNT-2315512,5.0660405,4.731446976039999,4.8404284,4.960215916491674,5.123752236859999,5.144237,4.981991697366159,4.8374147,5.370494,5.2701044,5.1630664,7.018157643,6.92564675,7.11334025
0,4,XYLISCWHQABNBV-UHFFFAOYSA-N,OCNT-2309158,4.644481,5.115649817840002,5.1441483,4.925398961559309,5.251442113180003,5.1467867,4.64941870343305,4.5936375,4.8781033,4.403991,4.7491965,4.362328292,4.1285485,4.7223695
0,4,YAHHSHNEDFLSFO-UHFFFAOYSA-N,OCNT-2311061,5.535068,5.181169777440002,5.2771277,5.21161021111789,5.547205839650001,5.2669578,5.464495728845222,5.516923,5.474213,5.3712726,5.375591,5.888317802,5.72490975,6.05835775
0,4,YAHVIAWMRXVLAP-UHFFFAOYSA-N,OCNT-2315910,5.038516,4.750032320640001,5.4816294,5.434020906089486,4.859984060920001,4.991926,5.011834451658472,5.019181,4.864489,4.9963074,5.202003,5.18777888,5.0198325,5.33328025
0,4,YAXNCYJLFNFFDI-UHFFFAOYSA-N,OCNT-2314237,4.9187384,5.085746513410002,5.0639815,5.252178249419862,5.109604366100001,5.2801003,5.068049381017663,4.9404216,4.7599154,4.6294146,5.2040434,4.928972322,4.74323325,5.10747375
0,4,YDUMGNGGWDIRDZ-IERDGZPVSA-N,OCNT-2318411,4.2457447,4.06453905931,4.567209,4.3320322050654525,4.292373885360001,4.2816243,4.762689672946347,3.9021137,3.7825532,4.4004364,4.0763974,5.020332697,4.6879495,5.24736025
0,4,YENIUINOCHUVDI-UHFFFAOYSA-N,OCNT-2313749,5.636797,5.21286646209,5.0967216,4.986607506114791,5.236482431990001,4.7392364,5.481620093979508,5.2999787,5.4760756,5.371698,5.475395,4.65559707,4.55437925,4.7775815
0,4,YFWYLSQWPNJHAE-UHFFFAOYSA-N,OCNT-2310250,5.455511,5.068654404899998,5.143634,5.222588906883201,4.901628978060001,5.1120987,5.01586945261769,5.3344245,5.894685,5.5623617,5.3251762,6.15710088,6.067354,6.24594525
0,4,YHTUZAYNHYDMMU-UHFFFAOYSA-N,OCNT-2313698,4.7003055,4.72454984634,5.075576,5.075777680956012,4.737077770430002,4.81606,4.513785788418208,4.686416,4.773631,5.097091,4.5574083,4.696802475,4.4374055,5.02768025
0,4,YKDFCZJETFAAAV-UHFFFAOYSA-N,OCNT-2318685,5.3479123,5.461334356470002,5.2771277,5.270913142114472,4.81604363642,5.0310426,5.122609494279451,5.104487,5.468615,5.3294163,5.383655,5.491837323,5.341087,5.63178525
0,4,YLTPAJXOVJXXRY-UHFFFAOYSA-N,OCNT-2308619,4.52293,4.08003601543,4.5304775,4.513581792310874,5.03238651059,4.953789,4.966909059826494,4.962583,4.852142,4.731513,4.9960556,3.255417185,1.48470725,4.067002
0,4,YMMIAKHPBKEYBZ-UHFFFAOYSA-N,OCNT-2311562,4.031727,4.251614545780001,4.5102997,4.278249459277788,4.390340319370003,4.4388094,4.265306408601913,4.3675857,3.8422565,3.9967866,4.331345,2.858646907,1.25927075,3.8722255
0,4,YQVMJODBOIMZNF-UHFFFAOYSA-N,OCNT-2316696,5.430013,5.510860301240001,5.3775134,5.5991848343588675,5.2255336253100015,5.2096314,5.041226916541132,5.174941,5.5537367,5.1051884,4.9874067,4.99652576,4.77173675,5.165334
0,4,YRRHXQBCLVLMPM-UHFFFAOYSA-N,OCNT-2313241,5.9957943,5.911201092159997,6.063011,5.835494327842321,5.472441902580001,5.3994384,5.739054571896691,5.6851726,6.4167585,6.101115,5.796321,6.417337205,6.30101925,6.53877275
0,4,YSSKRKGSPNCGTM-UHFFFAOYSA-N,OCNT-2314259,5.782488,5.288891735059999,5.2013226,5.238260222491582,5.3350307277899995,5.1943426,5.547500693448727,5.339489,5.0781674,5.3607225,5.38008,4.806075,4.6665225,4.95817025
0,4,YYSDCSCFHCRZAY-UHFFFAOYSA-N,OCNT-2317807,5.444211,5.10681550931,5.075576,4.975469781732212,5.194242798329999,5.219402,4.875872432763803,5.228496,5.5444508,5.20562,5.4322615,5.148213045,4.942428,5.30524075
0,4,ZCDIGCDKQZKDJM-UHFFFAOYSA-N,OCNT-2316636,6.05081,5.62655246059,5.6102715,5.728531385864994,5.103815552840001,5.1180215,5.346275557009498,5.800449,5.7872696,6.057819,5.884611,6.496477975,6.405856,6.58613425
0,4,ZCEYLWXXNMDZEQ-UHFFFAOYSA-N,OCNT-2309871,4.8469276,5.369019845779999,5.2910113,5.529529395738643,4.734244326949998,4.612248,4.716518143009093,4.695227,4.6991215,4.86391,4.3642025,5.852009543,5.6898695,5.991091
0,4,ZCQGIHFEEOMIKD-UHFFFAOYSA-N,OCNT-2316705,5.60193,5.00651186766,4.9830217,5.001011464099189,4.941255967129999,4.700159,4.77320652642796,5.082623,5.495722,5.359428,5.4102836,5.743457875,5.6455385,5.84675275
0,4,ZCWNGZGUCNIROI-UHFFFAOYSA-N,OCNT-2312104,5.741701,5.251945511100001,5.317723,4.993160802841361,4.863222419039999,4.8049927,4.650989275559769,5.018958,5.020917,5.176416,5.2252536,4.470504628,4.19483675,4.9063565
0,4,ZETLBFHKRJQWQU-UHFFFAOYSA-N,OCNT-2316329,4.117128,4.745064464469999,4.710795,4.661014313663424,4.39475784817,4.5661745,4.546699537014611,3.4455624,4.732236,3.676278,4.33789,4.668983018,4.4357475,4.968198
0,4,ZGEMMWJWKPEQMQ-UHFFFAOYSA-N,OCNT-2315052,5.713772,5.46513183866,5.394969,5.495162629988235,5.14264836004,5.022194,5.431953692739231,5.585205,5.6745553,5.709772,5.451145,5.769169795,5.63931125,5.8781885
0,4,ZJVFLBOZORBYFE-UHFFFAOYSA-N,OCNT-2328889,4.6648893,5.250317682440001,5.2771277,5.305649473954584,4.7088999885100025,4.8548446,5.261467920802712,5.0409317,5.3117237,4.93899,4.946439,5.236904717,5.0806015,5.38647
0,4,ZKKFKHAXIDJBRO-UHFFFAOYSA-N,OCNT-2309782,4.9423094,4.2904128165500035,4.0337768,4.57153008173243,4.819010008380002,4.620573,4.921207351918909,4.7381926,4.334484,5.016476,4.8920937,4.459346655,4.20397925,4.8397115
0,4,ZQFYYXLJVMCABY-UHFFFAOYSA-N,OCNT-2318133,4.8920503,4.321665191169999,4.3769197,4.344352940640868,4.32685902203,4.98193,4.551164100757218,4.388655,5.3164783,5.2490697,5.1950426,4.39448162,4.116826,4.79224925
0,4,ZSRIHZUWEGOQNF-UHFFFAOYSA-N,OCNT-2310853,4.765824,4.814018184169998,4.983128,4.6764126158237085,4.447290181079998,4.7463546,4.460748389475464,4.44968,4.6395245,4.766531,4.750384,6.620301305,6.51126925,6.7367805
0,4,ZVSJITCJAVGKLB-UHFFFAOYSA-N,OCNT-2318347,5.029184,4.507074792140001,4.5958967,4.772515263657367,4.48760736276,4.9551315,4.709808747642333,4.929839,4.521233,4.745545,5.038444,4.814454977,4.55548875,5.051727
0,4,ZVTQUKGFXAZXSS-UHFFFAOYSA-N,OCNT-2312209,5.2010813,5.3187356975,5.0639815,4.940504240048987,5.018355332230001,5.0310426,4.975406048832895,5.0988083,5.34874,5.298072,5.1240973,5.280704205,5.15067675,5.39027225
0,4,ZWALUEYCFIRARI-UHFFFAOYSA-N,OCNT-2313402,4.698294,5.03430354216,5.2052093,5.163787096141201,4.4548791779100005,4.8558006,4.555630651049461,4.4697003,4.517475,4.703084,4.301117,4.951977945,4.76356675,5.11874225
0,4,ZWHJALIOCAVQTQ-UHFFFAOYSA-N,OCNT-2312434,4.225289,3.551891667340001,3.952587,3.5825562526529415,4.447069193310001,4.9177165,4.197401932905921,4.389518,3.4977772,4.268315,4.408498,5.34806219,5.22462525,5.4555435
0,4,ZWOVGQYLIWWRCA-UHFFFAOYSA-N,OCNT-2313183,5.532421,5.293069469860003,5.2771277,5.270413545725606,5.379655411340002,5.022194,5.249895559448768,5.364218,5.675512,5.3914347,5.128827,5.686359722,5.59121925,5.77516225
0,4,ZXMZDILXNDWOQN-UHFFFAOYSA-N,OCNT-2314356,5.3202705,5.1928906801800006,5.295079,5.378647285527528,5.0210916573699995,5.144237,4.567525112359674,5.1054935,5.406372,5.100787,5.110936,5.025191425,4.8247595,5.19113075
1,0,ABVGSGYZENIXJG-UHFFFAOYSA-N,OCNT-2310736,5.34238,5.350699592160001,4.9139094,4.749627992924522,4.75962543398,5.1705394,5.352548854448108,4.7282815,5.6618075,5.539408,5.4687037,5.9101339,5.807981,6.0199665
1,0,ADCRROSQMSVSQW-UHFFFAOYSA-N,OCNT-2317688,5.74928,5.60815657505,5.426798,6.225409841043856,5.691710876640001,5.8436923,5.452867142373722,5.5778904,5.513451,5.722064,5.480727,5.067960225,4.88258225,5.24936325
1,0,AGJMLSFEVNTSJB-UHFFFAOYSA-N,OCNT-2311427,5.3277473,5.061462188490003,5.1796374,5.379246187843416,5.122524906710002,5.4000583,5.233018836673129,5.4577165,4.6556606,5.400735,5.4975324,5.085894413,4.88565475,5.26485
1,0,AMGUHAQZHHPZGU-UHFFFAOYSA-N,OCNT-2313300,5.841468,5.537760867659999,5.379573,5.546462965437172,5.529932715350002,5.0971,5.204115132285978,5.472262,6.029237,5.9418077,6.17391,6.463543148,6.38224975,6.5469105
1,0,AMORLHVVBKZQJY-UHFFFAOYSA-N,OCNT-2313863,4.592245,4.81162868496,4.3495064,4.139857348511743,4.5193959450199985,4.793792,4.3497444249252135,4.6229215,4.2037416,4.6164093,4.1458263,5.09262361,4.87601325,5.26223125
1,0,AMWPMSHAYVPOHP-UHFFFAOYSA-N,OCNT-2313799,5.215425,5.2150012097900005,5.1940722,5.470941255116427,5.39353954975,5.1639557,5.67109180485198,5.169569,5.42781,5.2822766,4.888488,5.82772761,5.7263405,5.93594125
1,0,ANRTUOAFXNQUJO-UHFFFAOYSA-N,OCNT-2316516,5.6662602,5.434787709619999,5.351932,5.605042431375613,5.371843246689999,5.4424677,5.375387932069758,5.7422566,5.9256287,5.581345,5.503703,5.109112632,4.9189585,5.27813125
1,0,AVEJIDBCLRGUQE-UHFFFAOYSA-N,OCNT-2311083,5.083709,4.754923677520002,4.9352627,4.760958869741334,4.650370301060001,4.9707017,4.748579382965107,4.599201,4.870057,5.0196786,4.913389,4.965834915,4.8013605,5.14605125
1,0,AVUNNPCYKCMBQE-UHFFFAOYSA-N,OCNT-2312299,5.6058826,5.336108363530002,5.089532,5.338783698374295,5.191259650120002,5.2878456,5.304473385877632,5.36012,5.3460937,5.5180864,5.375986,5.178202748,5.0401545,5.291864
1,0,AVWOIDVOWIXTBD-UHFFFAOYSA-N,OCNT-2311573,5.2578955,4.413777614299997,4.9450336,4.891976483018147,5.0206933756900005,4.5889792,4.998927630912224,5.534081,5.0638905,5.392305,5.296667,5.76311979,5.67092725,5.85812275
1,0,AXFCZZNOYLQGPP-UHFFFAOYSA-N,OCNT-2315241,4.9009504,5.4832211818799985,5.1796374,5.6396934682696305,4.464659909140002,4.8213286,4.914952188684065,5.088128,4.9854283,5.0883512,5.24879,5.493386043,5.3573105,5.6271215
1,0,AYMXSLBJADKSFF-UHFFFAOYSA-N,OCNT-2313023,5.120682,4.935044046900001,5.0344963,4.648193470612825,4.4396538540799995,4.698118,4.20678755277525,4.6825795,5.196021,5.0507836,4.8122487,5.52585036,5.4417075,5.60060475
1,0,BAAKPPZAHCJHAC-UHFFFAOYSA-N,OCNT-2318352,5.85245,5.025996978760001,5.019021,4.94327268720922,5.396944447000002,4.9639807,5.741460409298693,5.802558,5.89472,5.8311067,5.8615913,5.494513645,5.412937,5.57955175
1,0,BAJQRLZAPXASRD-UHFFFAOYSA-N,OCNT-2328838,6.093309,5.495842444160002,5.1796374,5.42397664674892,4.685909699710002,4.744981,4.862147436533387,5.7299724,5.736527,6.061673,6.039059,5.082651027,4.936574,5.215751
1,0,BFTMZHRFZOKECM-UHFFFAOYSA-N,OCNT-2311205,5.4251328,4.590891384710002,4.5942607,4.010046805924296,5.280776816029999,5.1334834,5.019349813440534,5.2651925,5.427801,5.4590397,5.351596,5.90486086,5.8089865,5.9986905
1,0,BIYSBPUAKVDGAZ-UHFFFAOYSA-N,OCNT-2313365,5.03587,5.3872716467099995,5.1796374,5.2389387180827045,5.172207620859998,4.9852114,4.826902335065364,5.027648,5.451432,5.132366,4.7032294,5.89035038,5.8024675,5.975782
1,0,BLHIRVBNLSHBMK-UHFFFAOYSA-N,OCNT-2313145,4.6396093,4.700712368230001,4.5617914,4.659432508204721,4.5467416787,4.252734,4.892064570114568,4.525613,4.858611,4.7687273,4.628976,5.27268283,5.061995,5.4369135
1,0,BLHWMBAQHCSKAB-UHFFFAOYSA-N,OCNT-2318000,5.295518,5.41697507373,5.1796374,5.442837446899954,5.01330163248,5.3046823,4.893468609759707,4.8910537,5.0793247,5.204702,5.377968,5.081386173,4.85035625,5.2382835
1,0,BNVYMBNZHADONN-UHFFFAOYSA-N,OCNT-2308632,5.594563,5.443257627969998,5.019021,4.902836185440783,5.044223790649999,5.3497133,5.408977421546728,5.508735,5.168469,5.533877,5.632839,4.876318503,4.69238525,5.05044675
1,0,BNYASPDIDIDBIM-UHFFFAOYSA-N,OCNT-2312044,5.3424673,5.20320800662,4.9450336,5.36121691687316,4.72884745341,5.021875,4.8069191683510395,5.0808725,4.743578,4.933761,5.3646727,5.6930762,5.52077,5.8079105
1,0,BRJQPXHVMBFKHF-UHFFFAOYSA-N,OCNT-2318118,5.398532,5.419321017550001,5.019021,5.386194047771656,5.255898873200001,5.7165704,5.716782109873748,5.4664307,5.170992,5.426209,5.365491,5.000997865,4.77061175,5.18941175
1,0,BRLQLLYRNCGYQA-UHFFFAOYSA-N,OCNT-2317597,5.3395433,5.082372144089998,4.9450336,4.8909486306649095,4.5333428393399995,4.446094,4.575780725420729,4.7681684,4.3368793,4.9312615,4.910829,3.797528263,3.26524025,4.2670715
1,0,BVDLGVXDJDIXQS-UHFFFAOYSA-N,OCNT-2313876,5.584909,5.465595858240001,5.539405,5.431318059638006,5.011456833410001,5.349341,5.099166570253175,5.2252192,5.7225943,5.4296145,5.6894903,7.16801983,7.08276475,7.2567455
1,0,BVPRAXPGVAOBHM-UHFFFAOYSA-N,OCNT-2312969,5.657344,5.520599752500002,5.2728386,5.315632304615268,5.6046535647899995,5.4610248,5.369910497503168,5.771052,5.6427774,5.739485,5.5502753,5.576840012,5.459109,5.69599125
1,0,BWWQNTFNKYNBID-UHFFFAOYSA-N,OCNT-2309179,5.444758,5.793659517690002,5.379573,5.6554364837655395,4.99697967382,4.8787913,5.520254538388474,5.167977,5.544242,5.498409,5.854975,5.41586177,5.28660775,5.52169675
1,0,BYAVFGPTBAFTNM-UHFFFAOYSA-N,OCNT-2310816,4.4044538,5.002792342890001,4.9905014,5.072290041008309,4.3927103389900015,3.736574,4.155784949876935,4.9192214,4.100683,4.4952097,4.6326385,3.778090123,3.15280675,4.18585125
1,0,CALFQHMXANLWPL-UHFFFAOYSA-N,OCNT-2316205,4.765469,4.618276532660004,4.4656167,4.8137624973709405,4.37993299932,4.409359,4.510264513940217,4.3062387,4.173129,4.5683284,4.224799,4.820453872,4.65204725,5.00819775
1,0,CBDZWNYRFMBERE-UHFFFAOYSA-N,OCNT-2310986,4.586012,5.11156291344,4.7097783,4.815047035928988,4.69945872271,5.0054336,5.015879114677815,4.7991066,4.6414046,4.757241,4.797635,6.182241923,6.08786875,6.28309575
1,0,CCXULBUUIBWSSY-UHFFFAOYSA-N,OCNT-2318351,4.4407897,4.306236791750001,4.9450336,4.827671858382461,4.88368423488,4.9674606,5.256830495127135,4.9333196,4.591275,4.845323,4.306629,4.835530262,4.61818975,5.0709015
1,0,CDADLVPZLCSKOB-UHFFFAOYSA-N,OCNT-2313037,5.733093,5.4936993572400015,5.1796374,5.895359626413202,4.68649158048,5.0132604,4.601774250862537,5.287141,5.7186503,5.634321,5.371174,5.38997086,5.25729875,5.49774325
1,0,CFGZXKWGGSEENY-UHFFFAOYSA-N,OCNT-2309070,6.2636547,5.1868941785,4.745381,5.063433960073276,4.743180272960001,5.6166124,4.794078598560939,5.3908334,5.9471235,5.654545,5.9306464,5.78048507,5.66842975,5.8910935
1,0,CFMBNIUINYDYCI-UHFFFAOYSA-N,OCNT-2309399,3.8787165,4.46089734091,4.8490777,4.2260535458042146,4.492804373419999,4.349913,4.397401487992038,4.1423635,3.759963,4.2744417,3.8664885,2.632390405,1.14198775,3.76608275
1,0,CGDXAOLEHNMLPG-UHFFFAOYSA-N,OCNT-2315877,5.3692703,5.415849522740001,5.1796374,5.137360904431848,4.6950093488,5.002617,5.221756626708659,5.409452,5.5569606,5.4991436,5.392878,5.79552609,5.6884815,5.90068625
1,0,CKGWFZQGEQJZIL-UHFFFAOYSA-N,OCNT-2328965,5.522315,5.492359011549999,5.1796374,5.252394485378251,4.86863969612,4.004916,4.88544840181171,5.247454,5.587717,5.431917,5.228398,5.722820957,5.63739875,5.8138715
1,0,CQJXFFYESDTDLQ-UHFFFAOYSA-N,OCNT-2316475,4.7687697,4.945530061680002,4.5247674,5.336848043513183,4.6033304926800005,5.1863604,5.107310038344378,4.4342437,4.502899,4.6894045,4.511866,5.029493035,4.85736,5.18059325
1,0,CRRWDCQIGUFMTL-UHFFFAOYSA-N,OCNT-2314310,5.383933,4.53977434273,4.1487374,4.333285476704646,4.795553785280001,5.0613565,5.132056186086493,5.087126,4.7701817,5.4603643,5.20724,4.770727645,4.0398855,5.48322925
1,0,CYYZQVGRZABDLV-UHFFFAOYSA-N,OCNT-2314263,5.858691,5.360612712080001,5.2728386,5.309184386920893,5.623106119030004,5.757835,5.644901163090959,5.9649944,5.7779694,5.8010297,5.7343626,5.682462058,5.5637025,5.7932355
1,0,DBGKWFVWUQZGRD-UHFFFAOYSA-N,OCNT-2316687,5.313074,5.2518688860600005,5.019021,5.185126867531215,5.426625077409999,5.688114,5.443954909396493,5.2315383,5.692126,5.4470105,5.1112256,7.048461123,6.97316725,7.12517525
1,0,DEGIHGBFUSEICZ-UHFFFAOYSA-N,OCNT-2311998,5.574544,5.172342969409999,5.1796374,5.236315901718699,5.3374074788299986,4.532948,5.515708663596254,5.4365244,5.4952984,5.663357,5.1950703,6.452779677,6.36594975,6.54343675
1,0,DHIYDXIHBDUGDX-UHFFFAOYSA-N,OCNT-2317998,4.6045628,4.76588206935,4.843259,4.595609193673456,5.062619431310001,4.8805003,4.906075034870389,4.9041247,4.874288,5.118059,4.591531,4.997961265,4.813762,5.191783
1,0,DIYLEQWUQDMBDH-UHFFFAOYSA-N,OCNT-2311592,5.373748,4.92113551062,4.970533,5.285059129181066,5.373103749869999,5.0971,5.064193679900671,5.445767,5.5252867,5.515075,5.30593,5.68807669,5.55766575,5.8093045
1,0,DKRSDRSGLBAHTR-UHFFFAOYSA-N,OCNT-2310345,4.7178216,4.89378737546,4.846371,4.782986092698733,4.401229475800001,4.8861356,3.8961049494614937,4.4919777,4.4524937,4.8776064,4.6629586,5.482208025,5.36107325,5.5865335
1,0,DLIWZFLURZGWCN-AZUAARDMSA-N,OCNT-2308594,4.9199834,5.459371790620002,5.021859,5.515831052452207,4.78528204114,4.5910587,4.91243339865101,5.0836067,5.1122613,5.1900735,4.818808,5.990223753,5.89051975,6.0889055
1,0,DNRJMNNSKUUPGI-UHFFFAOYSA-N,OCNT-2310835,5.171278,5.152415135479998,5.089532,5.300121852861022,4.281641894750003,5.3999233,5.282446323738361,5.2496223,5.033485,5.2403994,5.219516,5.468948873,5.3484185,5.5716515
1,0,DOQJOKBIOMCLJC-UHFFFAOYSA-N,OCNT-2318340,5.9052725,5.765444934770001,5.379573,5.947874379823246,5.513213483170001,5.613342,5.5779179488966815,5.4736342,5.928321,5.8928185,6.134382,4.880023233,4.63490675,5.127074
1,0,DPCRFIMDLMABSP-UHFFFAOYSA-N,OCNT-2310988,5.4497914,5.788420577630002,5.379573,5.568501376041528,5.4434137984700035,4.897454,5.580701052808256,5.236553,5.4506173,5.762247,5.542874,5.26948247,5.115299,5.3995325
1,0,DZLQAAUQKDGKMH-UHFFFAOYSA-N,OCNT-2312211,5.969268,5.373569041830002,5.1013775,5.630633431235896,4.975966965080003,5.0210114,5.44368436601949,5.747983,5.9398203,5.654084,5.7031007,4.52243452,4.2937795,4.85642075
1,0,FBOYAGBRKKNXKS-UHFFFAOYSA-N,OCNT-2316388,5.8598986,5.523815544210002,5.379573,5.657949325893042,5.03003000012,4.7510185,4.950493497468493,5.1223006,5.9670405,5.8201013,5.761353,5.12796983,4.9788085,5.2632125
1,0,FCZRDTNMLJZJKM-UHFFFAOYSA-N,OCNT-2316304,4.430959,4.9623678083700025,5.059516,4.360656618228311,4.842408357940001,5.0485992,4.728618873130008,4.604031,4.6071672,4.348895,3.8579726,3.258146745,1.62139275,3.98681775
1,0,FDSRNEIFNNTKBW-UHFFFAOYSA-N,OCNT-2311159,4.984715,4.29078861839,3.8887553,4.5717805825019475,4.449450815860001,4.996949,4.175531977208459,4.6104493,4.3744087,5.00778,4.7036796,3.81494932,3.312918,4.40294325
1,0,FEXGVGFWUVZIGF-UHFFFAOYSA-N,OCNT-2312131,5.363545,5.088096450060002,5.092987,5.0395504761420185,4.991099531609999,4.9440184,5.042623269559572,5.3170857,5.0666213,5.0246806,5.176617,5.236326228,5.02908575,5.432292
1,0,FFDJCKPJJHYPFO-UHFFFAOYSA-N,OCNT-2316548,5.853015,5.459784279849997,5.1796374,5.670756600013811,5.50439981543,5.45557,5.819573213334304,5.847764,5.6471715,5.768034,5.6977754,5.30587331,5.1559445,5.42682125
1,0,FFUUTFSVGYKNPU-UHFFFAOYSA-N,OCNT-2315864,5.0142193,5.107829084079998,4.9450336,4.8590851069858765,4.639011559850002,4.54343,4.679558677055524,5.112502,4.697436,5.1781325,5.367587,5.211624103,5.162526,5.26504025
1,0,FHURGZGGJGEEFF-UHFFFAOYSA-N,OCNT-2312959,5.394017,5.188067051259999,5.0382347,5.076446994416356,4.844201617890001,4.7828264,4.861046212808075,5.418144,5.2632003,5.2922397,5.3894825,5.234491722,5.13570725,5.32310025
1,0,FJGRRSPJBAJJCN-UHFFFAOYSA-N,OCNT-2313999,5.3210373,5.089383000290001,5.019021,5.33071610952507,4.539831416410001,5.270925,4.604958991006552,4.819308,4.9980307,5.171821,5.0350394,5.25169719,5.1173995,5.36501275
1,0,FKLVANXVSRESQJ-NWDGAFQWSA-N,OCNT-2311250,5.6676083,4.825704184789999,4.8157387,4.98708049180729,4.54868447474,4.790247,4.898624478539159,5.145341,4.466549,5.3503065,5.095371,5.118834093,4.933338,5.30186075
1,0,FLKYDMSXMXMDMV-UHFFFAOYSA-N,OCNT-2308748,3.8450918,4.679440272589997,4.9450336,4.603359248613963,4.322001007019999,4.29105,4.272609430436908,4.071173,3.5807555,4.613185,4.2319613,4.508949242,4.2942295,4.8146065
1,0,FNAADSQRTFFGRD-UHFFFAOYSA-N,OCNT-2314903,4.2100368,4.625271753600001,4.75317,4.865071142509987,4.8600570677000015,5.4236245,4.803852131102362,4.747264,4.6813846,5.064198,4.800862,1.94001595,1.04495325,3.1215085
1,0,FPLPOQIKBRHTGT-UHFFFAOYSA-N,OCNT-2318243,5.4785194,4.896181095830003,4.9905014,4.452199866719514,4.623620979060001,5.2121964,4.703889042398766,5.1652536,5.1650376,5.38372,5.2820215,5.775349813,5.6580795,5.89752625
1,0,FRJHGODPRBMHPF-UHFFFAOYSA-N,OCNT-2308605,4.149226,4.665705122559999,4.6091375,4.325199733110947,4.55635185073,4.3327293,4.460080944301901,4.5417476,4.0494075,4.614961,3.8704367,4.189079855,3.87630025,4.624801
1,0,FVPAAWBIVRGLIW-UHFFFAOYSA-N,OCNT-2309039,4.969094,4.885151809589999,4.211052,4.076015004108217,4.47263862038,4.780901,4.010996180673003,4.4637094,4.4669056,4.492218,4.2697434,3.434587342,2.33674175,4.077581
1,0,FWXVKHIYRRYNGU-UHFFFAOYSA-N,OCNT-2315237,5.5232453,5.052929416320003,4.75317,5.1406278123549205,5.095842425609999,5.4400797,5.1283628346492725,5.506114,5.5174212,5.631619,5.3651805,5.515966385,5.368103,5.624147
1,0,FYIOQDMRMALGLF-UHFFFAOYSA-N,OCNT-2310546,4.509798,4.745840349899998,4.211052,4.716290950188259,4.408316857850001,4.6008873,4.0259269786221985,4.5418115,4.4327683,4.7220716,4.493813,4.88734002,4.64239075,5.10586775
1,0,GBUSLTPPAQKFHD-UHFFFAOYSA-N,OCNT-2309376,6.008648,5.763208431120001,5.426798,6.03211110466838,5.58796189612,5.765512,5.459174129532643,5.753477,5.9512405,5.9439406,5.737568,4.346900945,4.09208775,4.69280425
1,0,GEYZZYHKDCQEGW-UHFFFAOYSA-N,OCNT-2314998,3.81608,3.7058235004199993,3.3502254,3.483230457807126,4.455366121449999,4.2718205,4.107812541356041,4.139001,3.389728,4.136576,4.015802,1.920213635,1.030459,3.13034675
1,0,GGZDIENQTDGRBU-UHFFFAOYSA-N,OCNT-2316254,5.249122,5.155398578759999,5.019021,4.953205263820215,4.748832161599999,5.0673823,5.054096952825012,4.437483,4.4093213,4.991703,4.9326935,5.40192366,5.26812375,5.5249805
1,0,GHBJCJPSHWBOJK-UHFFFAOYSA-N,OCNT-2315543,5.2253695,5.111267144070003,4.9450336,5.222827547415736,5.392597629729998,5.269701,5.245097775230082,5.3594103,4.736985,5.4273524,5.0815434,5.40621425,5.26561525,5.521277
1,0,GHOSNRCGJFBJIB-UHFFFAOYSA-N,OCNT-2328455,5.4654813,4.49541989226,4.601056,4.536347467083951,4.46197405329,4.327077,3.9309100591099826,4.9443135,4.777356,5.342062,5.2514563,4.718853295,4.632435,4.80113
1,0,GKCBAIGFKIBETG-UHFFFAOYSA-N,OCNT-2328752,4.469774,5.251996468590001,5.144217,4.772244048255033,4.779006358930002,4.974978,4.866843297585684,4.7698274,4.315773,4.6796513,4.6545506,2.898074815,1.14521075,3.976585
1,0,GKLIDFRFMZSOTO-UHFFFAOYSA-N,OCNT-2313637,4.8552923,5.223822824429999,5.152625,5.134044910523751,5.304794521810001,4.92694,5.061896476259176,5.0122576,5.3965993,5.0548778,4.747069,5.305972895,5.1428895,5.46918325
1,0,GKYGLOCHFIRIIR-UHFFFAOYSA-N,OCNT-2314683,5.6631784,5.34070006976,5.019021,5.155044041206055,5.01052128321,5.2286096,4.877026131920251,5.5256863,5.3405204,5.483923,5.430657,2.710978327,1.1105235,3.82217125
1,0,GLIOUSSCBWBALJ-UHFFFAOYSA-N,OCNT-2318307,5.3565187,5.023164690959999,4.6942573,4.6477883007558525,4.662973083090001,5.3993073,5.374235977206463,5.359223,5.0394936,5.162164,5.3982606,5.411674442,5.3010895,5.5139265
1,0,GNVOYDAHBDQAQC-UHFFFAOYSA-N,OCNT-2315448,4.1027026,4.285195857490001,4.211052,3.957231752684269,4.21823305855,3.195574,3.678427824518916,4.115253,3.979503,4.23515,3.741076,4.469367545,4.154918,4.902527
1,0,GOFUXMWCQVYONM-UHFFFAOYSA-N,OCNT-2318046,4.419759,5.145252145050002,4.9450336,5.227404630520319,4.993386372110001,3.7695048,4.765288452247069,4.814375,3.5452294,4.8483214,4.7996984,3.60472675,2.33129425,4.11758075
1,0,GOWUOEBKQKBVMB-UHFFFAOYSA-N,OCNT-2313538,5.032415,4.42333987397,4.6503344,4.412842365739019,5.366688352330001,5.260053,5.218715686788171,4.8600016,5.403562,5.299414,4.7397356,3.861599535,3.378173,4.35755375
1,0,GPTXWRGISTZRIO-UHFFFAOYSA-N,OCNT-2328416,6.2929025,5.5833704297299995,5.2728386,5.630024519708035,5.090195490080001,4.860485,5.314587185500354,5.754444,5.772713,5.8312793,5.9547834,5.951552982,5.870102,6.0394815
1,0,GSZWDSMTOYIIMS-UHFFFAOYSA-N,OCNT-2311839,5.395504,4.832009267080001,5.111716,5.045605815843018,4.775486088160001,5.22077,4.8819660655782195,5.166827,5.2674055,5.046818,5.0878983,6.190354858,6.09856575,6.28019725
1,0,GVBCUNXEFPNCSV-UHFFFAOYSA-N,OCNT-2312337,5.630834,5.9306235580900015,5.314609,5.8871586740363995,4.9395939987999995,4.6212397,4.876431398705931,5.2344856,5.836712,5.5447764,5.539766,5.22074284,5.0706955,5.3529305
1,0,GWBBYACWVZJDHF-UHFFFAOYSA-N,OCNT-2317346,5.5375247,5.186116229350001,5.152625,5.855565507325509,4.6714393580100015,4.8290796,4.689369276538406,5.3194485,5.6447487,5.493698,5.741215,5.270342785,5.14670975,5.374812
1,0,GXHPRWRZNWEZTC-UHFFFAOYSA-N,OCNT-2314146,3.7529213,3.8409129,3.7549791,3.578235386083082,4.19537467827,4.5421042,4.464830586705275,3.4507008,3.0883214,3.7451189,3.2748775,2.49024627,1.073644,3.787636
1,0,HILLPHQRAJGUKV-UHFFFAOYSA-N,OCNT-2314234,2.6855485,3.84582984176,4.5942607,3.731277053132247,4.062307057320001,3.7429419,3.7206980314896896,3.8566108,3.3492765,3.6648147,2.8603003,4.939029643,4.7339535,5.169774
1,0,HRBHCRJOSKLRMT-UHFFFAOYSA-N,OCNT-2318316,5.1715603,5.340789499310002,5.1796374,5.35179859836972,5.129732380139997,5.4422555,5.284567458148625,5.0893955,5.4666615,5.3120346,4.998394,5.339870455,5.15769,5.516944
1,0,HRGHCIWBUYKSCA-UHFFFAOYSA-N,OCNT-2315226,5.23792,5.272198705580001,5.019021,5.099399695232252,4.42655426017,4.968477,4.331521343954968,4.6622806,5.0033865,5.2045064,5.351354,4.922043265,4.7804455,5.080091
1,0,HRZRMMNVHHASMS-UHFFFAOYSA-N,OCNT-2318453,5.1124163,5.316806372320002,5.2728386,5.438361685131997,5.033878635940002,5.1710806,4.9506797802305185,5.1025767,5.588621,5.2279086,5.2916794,5.828513045,5.719919,5.9367025
1,0,HTDLZOBEDKINPU-UHFFFAOYSA-N,OCNT-2316372,4.87382,5.140228501739999,4.9450336,4.799521641396973,4.603110241240001,4.9683356,4.581274782568283,4.8034506,4.7085657,5.0153565,5.014944,4.3684706,4.092716,4.77856825
1,0,HUDMLWIUQXOJMV-UHFFFAOYSA-N,OCNT-2311652,5.2676635,4.367571732140003,4.603607,4.522189648197249,4.6001535576,4.3476524,4.7578618688541106,4.636948,4.9697027,5.337711,5.2204604,4.87538144,4.6577965,5.10737075
1,0,HWINTXPCEKXGPY-UHFFFAOYSA-N,OCNT-2315016,4.5802903,4.801651710649999,4.9954424,4.930250679551004,4.609912973920004,5.629473,4.845473554769732,4.9850216,4.747365,4.790844,4.760742,6.212632232,6.1260955,6.2985285
1,0,HZGBJLLJFPERLR-UHFFFAOYSA-N,OCNT-2316975,5.211701,5.662704855860002,5.2911997,5.3935466757357755,4.686342148290001,4.1001415,4.498801961288377,4.875475,5.493798,5.17198,4.9277687,5.13316963,4.93405725,5.293395
1,0,HZJWQJHQWQCMTO-UHFFFAOYSA-N,OCNT-2315296,5.5848336,5.298358870609999,5.1796374,5.338491134524465,5.00249881407,5.287948,5.228827425843175,5.2811995,5.2654657,5.4672728,5.429261,6.090674255,5.99829925,6.1821715
1,0,HZLYLHRUOYWQJU-UHFFFAOYSA-N,OCNT-2312650,5.560783,5.871382884020002,5.539405,6.106458634570591,4.786511316980002,4.706431,4.871888028775854,5.1364098,5.2859507,5.4185925,5.560579,5.475444322,5.22842225,5.696661
1,0,IAOARJMKEVETCS-UHFFFAOYSA-N,OCNT-2314968,5.0042224,4.894558818529999,5.2848887,5.165911082607432,4.6339573866100014,4.3280673,4.815046427238694,4.666143,4.086844,5.06504,4.3999815,3.79530019,3.27873375,4.247472
1,0,IAPQKELLCZVBPB-UHFFFAOYSA-N,OCNT-2316726,4.218122,4.100375601509998,4.9381166,4.53806911175036,4.63682100089,4.8724184,4.789308815712524,4.923652,3.7935638,4.0344677,4.3708496,3.934375442,3.47482425,4.4035715
1,0,IBRBGFVBBRADCR-UHFFFAOYSA-N,OCNT-2311222,5.4908857,5.26976034153,4.9450336,5.259792745677791,5.044543255150001,5.207115,5.103211609416143,5.09725,5.349942,5.4253345,5.568476,4.748646968,4.550009,4.97377725
1,0,IFDGZZUSIYMRQQ-UHFFFAOYSA-N,OCNT-2311370,4.479119,5.251987550010001,4.891097,4.437281791237398,4.2041110689700005,3.9933662,3.7783107428109695,4.452104,4.128625,4.7675896,4.307889,5.02688439,4.807038,5.23468125
1,0,IGEAIMCXVSRMND-UHFFFAOYSA-N,OCNT-2315838,4.2347336,4.261890635910002,4.5942607,4.458307762963019,4.107769889940003,3.505516,3.800245941509544,3.817359,3.949091,4.247714,3.816361,4.047338095,3.6587395,4.326852
1,0,IIVLHBGHMFXEAK-UHFFFAOYSA-N,OCNT-2311751,5.655509,5.1899435485100005,5.1148114,5.52915879666894,5.526533841370001,5.133917,5.100623416714038,5.4782844,5.3470683,5.556486,5.5092745,4.796654733,4.585785,4.9910495
1,0,IJKBNCHWSMZDHS-UHFFFAOYSA-N,OCNT-2318429,5.2065845,5.167326298449999,5.019021,5.1110802893753,4.66823947586,4.9175415,5.089760209939714,4.9643526,4.7607765,5.3070035,5.2267346,5.680396747,5.58971925,5.773944
1,0,IKBKZGMPCYNSLU-UHFFFAOYSA-N,OCNT-2328704,4.96361,5.2487277071300005,5.089532,5.663571088513932,4.92563897639,5.012055,5.38780331299872,5.0999703,5.300067,5.2117276,5.0425696,5.385529017,5.29414675,5.480192
1,0,IQFYPMWUTQTIEV-UHFFFAOYSA-N,OCNT-2310045,4.780394,5.29394680554,5.1796374,5.17057458231054,4.73626459924,5.261092,4.796366237737868,4.819138,4.287113,5.0145206,4.9110785,3.9816744,3.59168825,4.55478025
1,0,IUWVALYLNVXWKX-UHFFFAOYSA-N,OCNT-2328733,5.359846,5.480340431940001,5.0499454,4.989071399837954,4.762562427910002,5.524265,5.2947660168121695,5.152388,5.306029,5.363921,5.6977587,5.63483116,5.5415955,5.7269235
1,0,IVVZZDLGAISABT-UHFFFAOYSA-N,OCNT-2310664,5.0747957,4.776839264540002,4.9381166,5.211197172587835,4.791930980769999,4.771991,5.130441739513826,5.1884985,5.057229,5.0292883,5.075829,4.98410006,4.74552975,5.1998605
1,0,IYYWZXVCRDDQCI-UHFFFAOYSA-N,OCNT-2313989,5.012669,4.738335944569998,4.5942607,4.918000695004673,5.252978914959999,5.526419,5.204496601067617,5.160731,5.008878,5.125154,4.902806,4.977921315,4.785245,5.18935925
1,0,JCRWIUYNTZFETH-UHFFFAOYSA-N,OCNT-2310083,4.597598,5.189147544460004,5.111716,5.098438298301706,4.611457572890001,5.2400393,5.186014746046188,4.6772237,4.286699,4.857724,4.7445464,5.383637797,5.24671975,5.50266225
1,0,JCXGYPVDNKEZKL-UHFFFAOYSA-N,OCNT-2314654,6.109339,5.6652272948599975,5.379573,5.887019918171785,5.620546014249997,5.34209,5.470442647890167,5.7297487,6.375454,5.9981174,6.098548,5.23539196,5.10578325,5.350967
1,0,JEGQPUIGZZGZOC-UHFFFAOYSA-N,OCNT-2317189,4.3353877,5.1548890382599994,4.9450336,5.048914960463248,5.0913919708,4.887864,5.12424788161575,4.7582574,3.9734344,4.597461,4.931014,3.881641023,2.4397135,4.49147525
1,0,JKRHRSTTXYTARO-UHFFFAOYSA-N,OCNT-2308693,5.777397,5.268155082269998,5.112222,5.100382168869092,5.276087173090002,5.2861633,5.425323907009307,5.6065083,5.505775,5.6237936,5.831641,5.764120808,5.68343275,5.84025125
1,0,JLGKQTAYUIMGRK-UHFFFAOYSA-N,OCNT-2328666,6.4184318,5.64390061909,5.1663723,5.547046817152013,5.228291935119999,5.0746193,5.290567758828928,6.0582895,6.368254,6.295624,6.1571207,5.246598397,5.10529475,5.36652175
1,0,JNDMSQNZXYTQFB-UHFFFAOYSA-N,OCNT-2308924,5.7060614,4.9938454959000005,5.019021,5.31423220992214,4.819095151580002,5.266635,4.845419185986257,4.883535,5.117463,5.34471,5.603937,5.339429423,5.1820535,5.4679645
1,0,JUGYXNPIHCVGNQ-PJYWTSEFSA-N,OCNT-2308765,4.7079206,4.326091410250003,4.80875,4.415918621886892,5.28674339019,5.026086,4.802058178247203,5.012847,4.1812224,4.793326,4.3479533,3.86872516,3.2889645,4.28655225
1,0,JUZQLSXEWXJSQX-UHFFFAOYSA-N,OCNT-2314536,6.0675225,5.37229303997,5.379573,5.571297604345612,5.404196327160003,5.387021,5.3577374068543495,5.599053,5.930707,5.9479947,5.721569,5.513695345,5.40975,5.61276775
1,0,JWHAUXFOSRPERK-UHFFFAOYSA-N,OCNT-0381046,4.8649616,5.249215316039999,5.1796374,4.816406290535278,4.80375517052,4.818055,5.208390938555126,5.147747,5.088598,5.192258,4.713975,5.753405707,5.65351275,5.8505955
1,0,JWNIZPXCAXQRIU-UHFFFAOYSA-N,OCNT-2311873,5.8205113,5.335390478500001,5.351932,5.436777176113772,5.601892822699999,5.8620157,5.509524309639606,5.680741,5.4263444,5.7162094,5.7555227,5.16790961,4.9741955,5.32501675
1,0,JWRZRQPWWBREKR-UHFFFAOYSA-N,OCNT-2313618,4.0493073,4.918904305260001,4.8157387,4.9043964460178255,5.2856683552699995,5.4121304,5.059019934420914,4.991891,5.0542784,4.9080153,4.9376245,3.245417602,1.51768725,3.9899805
1,0,JYNPDVCZRJWTPX-UHFFFAOYSA-N,OCNT-2314061,5.3083844,5.495763477390001,5.5670457,5.530227157316551,5.020933827930003,5.5285125,4.835486816562932,5.0517025,5.1226125,5.4542446,5.7305717,2.29687258,1.0574715,3.63900625
1,0,KGAOPTNPBILCQP-UHFFFAOYSA-N,OCNT-2310161,5.528513,5.598729716909999,5.379573,5.863549851921045,5.619009518569999,5.2211437,5.366541172703584,5.7275047,5.490284,5.719181,5.753687,5.715288297,5.62646225,5.80296525
1,0,KLULEELEFHAFLA-UHFFFAOYSA-N,OCNT-2314267,4.657268,4.703985817000002,4.9450336,4.768831453922979,4.76611740822,5.0659375,4.623091501695897,4.882574,5.076694,5.069431,4.8333526,5.478312372,5.383688,5.56983225
1,0,KQTDCJOXKAQMHS-UHFFFAOYSA-N,OCNT-2316290,5.6451826,5.46586043852,5.261994,5.672775150266552,5.33635594671,5.269701,5.535443190292428,5.507965,5.8796635,5.6797314,5.4521303,5.864576545,5.7596595,5.97610725
1,0,KQTXYDRDXSUVEF-UHFFFAOYSA-N,OCNT-2309396,4.240214,4.957401995000001,5.111716,4.500318459919428,4.1649345833700036,4.5396113,3.7623594716453015,4.1759605,4.44131,4.5252957,4.144229,1.90962809,1.03617525,3.11936025
1,0,KXMATESBGAVCSV-UHFFFAOYSA-N,OCNT-2314567,5.773048,5.568437686749999,5.3366923,5.967856676036581,5.497792056809999,5.299791,5.460853818299623,5.51998,5.748477,5.6049933,5.501229,5.245688108,5.05624975,5.395694
1,0,KXQCKBJACHMFEZ-UHFFFAOYSA-N,OCNT-2311032,4.1947813,4.7840137362299995,4.6795907,4.786733534957626,4.9560279546100015,4.3992105,4.484903352547797,4.695249,4.486844,4.702522,4.666481,3.67292722,3.0571735,4.18513975
1,0,LGYSCTIZOHPFJD-UHFFFAOYSA-N,OCNT-2310481,4.960405,5.428061312870001,5.379573,5.463323345713951,4.46226186141,4.0615425,4.582395727963047,4.7919006,5.3735714,5.072474,5.2202673,4.89869086,4.71166675,5.099514
1,0,LJFXZOYYLNSQSQ-UHFFFAOYSA-N,OCNT-2310827,4.362012,4.641309361130001,4.6713934,4.542116088114591,4.649000465950002,4.7209296,4.670827507485955,4.6143084,3.8193762,4.469531,4.4406395,5.020298527,4.845762,5.161014
1,0,LMUJWKIRCRWFKF-UHFFFAOYSA-N,OCNT-2312363,5.638377,5.979027879619999,5.5670457,5.794987250622486,5.556812304230004,4.909217,4.914915329698352,5.600083,5.780168,5.7176237,5.5309534,5.874935857,5.7836255,5.96169825
1,0,LPRYCBITNRSRNR-UHFFFAOYSA-N,OCNT-2311094,5.432753,4.786618002500001,5.019021,4.981903166104133,5.224485187099999,4.9686766,5.364607585785995,5.4888854,5.0922804,5.43822,5.362289,4.89111082,4.72031525,5.062163
1,0,LQLLHNXDSQWNGR-UHFFFAOYSA-N,OCNT-2315994,6.153924,5.582916570420001,5.379573,5.771472421879463,5.623090635610001,5.3903217,5.377426457653568,5.571988,5.8775663,6.1323156,6.184081,5.74547179,5.646065,5.84754475
1,0,LSRTWYOTIFENKS-UHFFFAOYSA-N,OCNT-2313910,5.1354127,5.319494141949999,5.111716,5.144733920227058,4.72099705502,4.115533,4.945416266335884,4.9781723,4.771936,4.8371153,4.8982444,4.459490872,4.1860425,4.857761
1,0,LTODDWBFRYADKR-UHFFFAOYSA-N,OCNT-2316606,4.749226,5.292479268110001,5.111716,4.878099551152344,4.87076808309,4.515707,4.891213822204407,4.557429,3.9414544,4.867498,4.230864,5.184045455,4.9940045,5.347282
1,0,LTXRCYPELJYQOB-UHFFFAOYSA-N,OCNT-2309443,4.1310277,4.877013666620001,4.482944,4.1820143148967235,4.88684187385,4.3379307,4.7418260491639455,4.024614,4.3128314,4.7793827,4.244007,4.876238563,4.63372125,5.05114425
1,0,LUBJRGMKKHWILN-UHFFFAOYSA-N,OCNT-2315387,5.1064577,5.2175779847,5.1796374,5.054392978282359,5.266353311129999,5.175773,5.265463848235543,5.3001027,5.1771064,4.9360304,4.708693,6.064568935,5.744821,6.3431965
1,0,LVTYXZHQXYXEJO-INIZCTEOSA-N,OCNT-2316954,4.891814,4.408361460080001,4.746291,3.982562336402371,4.769629726230001,4.3983536,4.833239175606519,4.842544,4.3944798,4.683278,4.467863,3.559998485,2.61373575,4.1123215
1,0,LYFIKCJKVMVQLU-UHFFFAOYSA-N,OCNT-2312787,5.0465264,5.148078447040002,5.1796374,5.437272403348827,4.862452168770003,4.8646913,4.96070039882936,5.4656696,5.0941796,5.080719,4.996598,4.77281201,4.60132975,4.956841
1,0,LYXHVLLAGHBGEM-UHFFFAOYSA-N,OCNT-2309077,4.4708495,5.043050379310004,5.019021,4.395842796099545,4.588680229059999,4.9629188,4.38975753684214,4.4041405,4.4045467,4.523409,4.4798827,5.30529893,5.171327,5.41458075
1,0,MGBLKHQGXZBSOK-IJHRGXPZSA-N,OCNT-2310376,3.4741178,4.387106977730002,3.9393144,4.12457344198943,3.783945254850002,3.882979,3.375312019457831,3.652755,2.9663696,4.109586,3.5250082,2.100920668,1.05602075,3.39617
1,0,MGJNCYUVHHDOCG-UHFFFAOYSA-N,OCNT-2312826,5.686309,4.941698262379999,4.9450336,4.909487454347334,5.260165944419999,5.0687647,5.32164999150352,5.4549136,4.867696,5.307707,5.4930916,5.190381702,5.03885525,5.33709675
1,0,MJHPVHZCXBAKEZ-UHFFFAOYSA-N,OCNT-2312697,4.477945,4.481828745490002,5.054602,4.19127103592382,5.341437574920002,5.5368433,5.367093125114709,4.9378295,3.6291313,4.4981265,4.2722,4.78109563,4.58452525,4.977582
1,0,MOZDKDIOPSPTBH-UHFFFAOYSA-N,OCNT-2328962,5.1760297,4.849035226260004,5.1796374,4.867228881454885,5.278774168160001,5.33397,4.902895587457242,5.393246,5.313784,5.501317,5.4162545,5.378086843,5.249309,5.484814
1,0,NDYIXONJSDUIQJ-UHFFFAOYSA-N,OCNT-2311745,5.063116,5.1105848707499995,4.9450336,4.948141979120653,4.646082637590002,4.971359,4.499821454522685,5.1420746,4.443455,5.0055027,5.0118413,5.596332057,5.46664,5.7144315
1,0,NMVBTWDJOZAZKW-UHFFFAOYSA-N,OCNT-2317059,4.8439417,4.575853791920001,4.211052,4.345825917251153,4.53985000851,4.5974345,4.646134308038325,4.634674,5.4116096,4.850478,4.7691817,5.074873913,4.6499225,5.312815
1,0,NOZNOJWPUJFYMU-UHFFFAOYSA-N,OCNT-2316693,5.5384603,4.384002626929999,4.723575,4.688058212946402,4.76257870706,4.5740824,4.797416101008235,5.1250925,5.263464,5.3294773,5.55474,5.440881145,5.30799875,5.550906
1,0,NQPDXQQQCQDHHW-UHFFFAOYSA-N,OCNT-2328958,6.0425186,5.0689291383300015,5.2728386,5.550129008629223,5.474625600060001,5.8156037,5.691690317414856,5.9602323,5.577881,5.7927513,5.990145,5.63758462,5.52023575,5.74548225
1,0,NQPRWZAKZZQRTD-QWHCGFSZSA-N,OCNT-2311058,5.7190557,5.000854028710002,4.8157387,5.025421454915957,4.798392305579998,5.4232206,4.986410571659125,5.233878,4.710613,5.752097,5.940144,4.408572057,4.07874375,4.9184255
1,0,NSGCRWKYWZTZPF-UHFFFAOYSA-N,OCNT-2315139,4.2718377,5.315145435969999,5.1796374,4.660817207722619,4.649660451549998,4.6423326,4.222205344637662,4.784769,4.6207833,4.508723,4.395158,5.262298323,5.1033815,5.39782025
1,0,NSGIOGNBUWVPIZ-UHFFFAOYSA-N,OCNT-2309238,3.9718037,4.7348939136000014,4.8157387,4.368992711385243,4.58253317602,4.3920536,4.170096090385087,4.1307664,3.593639,4.3752484,4.104533,3.60950645,2.75629675,4.11254375
1,0,NXBAEKZVCZWXNN-UHFFFAOYSA-N,OCNT-2314691,4.6974673,4.840446406520001,4.2233534,4.600834715842431,4.569595638160003,4.5812945,4.495178545726364,4.717896,4.845894,5.2426133,4.957519,5.09154258,4.890926,5.294733
1,0,NYKSPKFMDXNRMC-UHFFFAOYSA-N,OCNT-2311166,5.0855827,4.48214931352,4.624955,4.734683095625847,5.301017840559999,5.56894,5.438444001106145,5.348277,4.6906924,5.051767,5.0633664,4.466695553,4.24395675,4.78458275
1,0,OCPSMTDXYDJWPR-UHFFFAOYSA-N,OCNT-2317025,4.430694,5.054909231419999,4.9450336,4.590740993776654,4.66149912259,4.4281282,4.911726435863606,4.578181,4.2817583,4.5654373,4.5373898,4.12770464,3.74358525,4.7832135
1,0,OEMTWSPWCQGRKF-UHFFFAOYSA-N,OCNT-2314202,4.7157593,4.31526476279,4.482944,4.599817575797038,4.503443238360003,4.6564736,4.112375454768387,4.6246243,4.7241974,4.889862,4.7534943,4.98344575,4.834692,5.12869975
1,0,OGFBEKYAGBYENM-UHFFFAOYSA-N,OCNT-2309883,5.295479,5.23146190098,4.758724,4.9022887817523815,5.040339318450001,4.855594,5.189746061144629,5.293407,5.0450773,5.2231746,5.127548,5.031979407,4.87173725,5.1653895
1,0,OGHNVEJMJSYVRP-UHFFFAOYSA-N,OCNT-2328546,5.312974,4.884682435630002,4.941295,4.98607675901051,5.0018821176499975,5.2704945,5.152991494395321,5.3840694,5.5882177,5.561827,5.016238,5.133739167,5.0235385,5.227482
1,0,OHGMMNADIQFRMU-UHFFFAOYSA-N,OCNT-2317822,4.2888637,4.373463222860001,4.4755716,4.318865273439953,4.61859414022,4.0474205,4.790169989507731,4.3205447,4.0113573,4.521432,4.28186,4.863501675,4.6210655,5.11102325
1,0,OLIZBWIGOGMGBA-UHFFFAOYSA-N,OCNT-2312730,4.3808107,4.124936172220001,4.4755716,4.040866240944917,4.488774243620003,4.3342533,5.034896810447274,4.5971255,4.5188456,4.7471266,4.03528,5.161441532,4.9880465,5.31998625
1,0,OQNXHUMGKSWJDA-UHFFFAOYSA-N,OCNT-2315618,5.669336,5.07084799831,5.2728386,5.2284132422602605,5.549197574360003,5.333362,5.45467194803283,5.5935664,5.9494195,5.8633757,5.6337914,6.425365415,6.3179745,6.5343305
1,0,OXQOXOPGCWVLSN-UHFFFAOYSA-N,OCNT-2317342,3.7405982,4.04309436891,3.738178,4.811029810373974,4.590110381660001,5.259254,4.434784547774246,4.2102795,4.162076,4.282449,4.171511,4.991507765,4.7644015,5.19138675
1,0,OZBQCCJUGKHCOL-UHFFFAOYSA-N,OCNT-2318112,5.3305717,5.006566436690002,5.111716,5.354302582267703,5.193197993770002,5.0848103,5.2535008374610195,5.4919043,5.4377804,5.3980064,4.9484997,6.774244237,6.6791585,6.8654375
1,0,PBCFLGPIPDSRGV-UHFFFAOYSA-N,OCNT-2309794,5.0497594,4.866396833249999,5.019021,5.140832539976406,5.126211914490001,4.861608,5.297601119379149,5.0438137,4.6847215,5.0146604,5.1400957,5.402288363,5.27143775,5.523443
1,0,PCGYMNZMWFXQHG-UHFFFAOYSA-N,OCNT-2310055,5.2553725,5.136211332429998,5.111716,5.629913196858952,5.339849645550001,5.1328034,5.278845612084981,5.105631,5.6561956,5.196602,5.018832,5.319163178,5.16243525,5.4531745
1,0,PFZDDDCXFJSCKQ-UHFFFAOYSA-N,OCNT-2314086,5.2608867,5.136895160230003,5.2728386,5.074356867518403,5.364548365430002,5.2666836,5.286928830339042,5.3250732,5.6545615,5.4063225,5.326145,5.045519055,4.84923375,5.247627
1,0,PIPKZVMFJISYNX-UHFFFAOYSA-N,OCNT-2312985,5.481002,5.403492613040003,5.2728386,5.487943554520758,4.630733666570002,4.972312,5.141756668962889,5.5414615,5.369957,5.47656,5.4039283,5.281324363,5.12498075,5.421943
1,0,PIXRXWGQJSQWHO-UHFFFAOYSA-N,OCNT-2316326,5.221099,5.150409099869998,5.0382347,4.882682252418213,4.402860824709999,5.062677,4.571827255441172,4.733835,4.725453,5.049217,4.7897205,6.036504125,5.95604525,6.1203665
1,0,PJTUXNCFVJUKOI-UHFFFAOYSA-N,OCNT-2310526,3.1542392,4.073608145100001,4.4755716,4.290240563879999,4.471339163730002,3.6982343,3.659317287551081,3.8581543,2.8733416,3.8356142,3.3439999,4.21134372,3.952211,4.53044325
1,0,PNIGJPMOIGYDGC-UHFFFAOYSA-N,OCNT-2310566,5.4320407,5.240999655269999,5.2728386,5.577399249591137,4.800003562660002,4.8796425,5.074204164346238,5.500748,4.912882,5.2972293,5.170559,5.582370968,5.44589975,5.708774
1,0,PSDQGZLAVGATAM-UHFFFAOYSA-N,OCNT-2312932,5.099751,5.1668738597400035,4.822552,5.709434820158272,4.84771286242,5.2688723,4.754483725774099,5.0999217,5.6981673,5.506598,5.7867208,7.457530822,7.36961475,7.549295
1,0,PSMOSYOPNQRHNZ-UHFFFAOYSA-N,OCNT-2310534,5.559567,5.215579385909999,5.1796374,5.270838390155501,5.545772824509998,5.5550466,5.445567703760996,5.2678347,5.4199595,5.5316596,5.290095,6.196405395,6.102786,6.291371
1,0,PUKFDGJDVJPEOB-UHFFFAOYSA-N,OCNT-2314103,5.5282993,5.20449812588,5.089532,5.273568032112605,5.620395165459996,5.5912967,5.492674883169862,5.513945,6.0221844,5.734291,5.3792663,5.737406968,5.65318725,5.821298
1,0,PWHROYKAGRUWDQ-UHFFFAOYSA-N,OCNT-0497719,5.405607,5.119265076830001,5.1796374,4.8384907269762065,5.519071176490002,5.269701,5.210947064032406,5.497289,5.356566,5.5057573,5.1630087,5.412951787,5.1817775,5.58407675
1,0,PYWBMSWXRRLTLW-UHFFFAOYSA-N,OCNT-2308918,5.237164,5.197315725760002,4.5957794,5.019593717838314,5.276739649379998,5.1299148,4.88893122074774,5.0086427,5.6660924,5.2469635,5.033763,5.307835752,5.125083,5.43446075
1,0,QAZOAAIWQSZDGT-UHFFFAOYSA-N,OCNT-2318651,5.2276373,4.699693602769997,5.0377283,5.094556475286557,4.80147668925,4.7544923,4.52474419375899,4.7722654,4.911983,4.985587,5.0209064,3.561449123,2.3604745,4.150688
1,0,QBMXBWJGVUKDQR-UHFFFAOYSA-N,OCNT-2313923,5.1410084,5.27797673346,5.1796374,5.196578404328958,4.833356991890001,5.1603956,5.152692849620758,5.1626205,5.263799,5.2549734,4.885041,4.824067162,4.650145,5.0092125
1,0,QCDFBFJGMNKBDO-UHFFFAOYSA-N,OCNT-2328789,6.2888365,5.49711668905,5.2728386,5.646642470370168,4.56976285376,5.1046014,4.922950977556075,5.9555454,5.9510856,5.898069,6.061545,6.62409317,6.53890975,6.707766
1,0,QDMSJHDEIZETOH-UHFFFAOYSA-N,OCNT-2309659,5.8760395,5.28221590941,5.2728386,5.322658662016834,5.524571697850002,5.1982903,5.596705795204333,5.8370967,6.211487,5.7867217,5.7186813,6.538059178,6.430423,6.651831
1,0,QELSKZZBTMNZEB-UHFFFAOYSA-N,OCNT-2328961,5.0790973,5.164293804490001,5.0499454,4.9189160423093155,4.3926342624700006,5.064675,4.681046711078275,5.169759,4.929455,5.10369,5.190985,5.300220215,5.16217,5.42239225
1,0,QEOXVVPEQNNDJI-UHFFFAOYSA-N,OCNT-2308786,5.2404613,5.11871143933,5.111716,5.2384841240901805,5.391086244930001,5.518141,5.560334334881876,5.369428,4.7774396,5.37348,5.267676,5.544890505,5.4600935,5.6326515
1,0,QFOHBWFCKVYLES-UHFFFAOYSA-N,OCNT-2328316,5.1924047,5.207692506480003,5.0499454,4.989071399837954,4.366385695990002,5.136416,4.921477595414944,5.144238,5.3518777,5.242905,5.438248,5.78291153,5.6220275,5.9420435
1,0,QFPYRHOSMPRHMQ-IEBWSBKVSA-N,OCNT-2311803,3.9447594,3.8511246304700024,4.211052,3.5297139520207454,4.412212665880003,4.6182847,4.700135462880653,4.176692,3.132781,4.16976,3.8699288,3.85523884,3.32777725,4.2661555
1,0,QHJYYLQCJBIXOQ-UHFFFAOYSA-N,OCNT-2316906,5.7817664,5.467143406640002,5.2728386,5.736808638514891,5.322443018410001,5.3420887,5.288296139638823,5.5730686,6.09474,5.6356297,5.575733,5.822867073,5.711008,5.93710175
1,0,QHZBFBPFQWLGHR-UHFFFAOYSA-N,OCNT-2314217,5.666959,4.979796976619999,5.1796374,5.342240544950186,5.199906263050002,5.5348563,5.548086032881736,5.597535,5.0730577,5.72204,5.737071,4.883194592,4.68460775,5.12229775
1,0,QKIICPDXFBIHFL-UHFFFAOYSA-N,OCNT-2310801,4.594067,4.6510180263,4.160493,4.120084801061477,4.8226408604,5.1349235,4.392800339168308,4.235388,5.0236144,4.521345,4.226349,4.5183961,4.33625175,4.7562755
1,0,QXHHHPZILQDDPS-UHFFFAOYSA-N,OCNT-2328488,6.3365254,5.706381477810001,5.379573,5.903539809886202,5.673104522029998,5.790378,5.611760541361332,6.114354,6.553764,6.3601,6.495579,5.737422975,5.66171,5.813775
1,0,REYVFBVYQGYJLO-UHFFFAOYSA-N,OCNT-2315954,4.8094563,5.162712151170001,4.9905014,4.645062428022036,4.705336381080001,5.3074617,5.196013312328246,5.008396,4.283672,4.783185,4.8657794,4.920125312,4.72008875,5.1174725
1,0,RGOYPSLBXQDYGL-UHFFFAOYSA-N,OCNT-2312755,5.213314,5.074720191,4.9450336,4.873418174003619,4.466895089230001,4.1469636,4.136559062688971,4.798233,3.9944577,4.94318,4.965438,4.98014009,4.807246,5.144888
1,0,RIEDMHPQFMNWBU-UHFFFAOYSA-N,OCNT-2315454,4.319651,4.451737655490001,4.9729266,3.569790293233227,4.348805175950002,4.2910743,5.188934196458001,4.405321,3.9876034,4.317266,4.070368,5.075340083,4.881089,5.23342425
1,0,RIIRUDJUXUOQHO-UHFFFAOYSA-N,OCNT-2309277,5.706665,5.452144370399997,5.2728386,5.6658551519338705,5.550464650149999,5.611555,5.432029414894211,5.5943413,5.8608217,5.6479425,5.4464893,6.30727257,6.2317785,6.38142125
1,0,RJMHLGGYHZCNAH-UHFFFAOYSA-N,OCNT-2316612,5.573337,5.189969905780001,4.9450336,4.8484665176697925,5.1108917113300025,5.1834164,5.244293987498925,5.3472786,5.350463,5.474982,5.4935,4.938836255,4.76887975,5.08483825
1,0,RPUPJYABVMMEOG-UHFFFAOYSA-N,OCNT-2317577,4.5803213,4.317882729140001,4.211052,4.010882064942028,4.547998201690001,4.2459064,4.496315147522637,4.666496,4.6902285,5.172944,4.841552,6.171167073,6.0614375,6.2762925
1,0,RSIOEWHOJVUUFH-SKDZVZGDSA-N,OCNT-2315859,5.1175632,4.723339623450001,5.0382347,5.305994629552122,4.425744714760001,5.2924047,4.980759824009256,4.827804,4.711317,5.221256,5.174304,5.48680374,5.378178,5.590684
1,0,RUXZYHOPVWESOO-MNOVXSKESA-N,OCNT-2318230,5.5335827,5.311899183590001,5.033543,5.351697168277281,5.47623100902,5.430061,5.5985204287661166,5.6898313,5.0439305,5.4639697,5.5615706,5.454511877,5.31307425,5.57897275
1,0,RXWSOBRRXFTSLA-UHFFFAOYSA-N,OCNT-2309655,4.0407667,4.5378537827,4.322523,4.759538006048612,4.550095285570002,4.4591126,4.291417153304782,4.3044724,3.7918906,4.323576,4.080731,2.492578865,1.1185145,3.77799
1,0,SCISKZABYYDABD-UHFFFAOYSA-N,OCNT-2314896,4.1635523,4.804335950340001,4.9352627,4.029667613053176,4.443531215980001,4.9549766,4.391810937653771,4.6414614,4.4571114,4.682446,4.455781,5.191857085,5.01224775,5.38121375
1,0,SEBMTIQKRHYNIT-UHFFFAOYSA-N,OCNT-2328870,4.7437215,5.066624780829999,4.9450336,5.141649080405913,5.11379206894,4.993318,4.839492018346982,5.2861958,3.0625114,4.986798,4.8033967,2.242559385,1.05884325,3.62512925
1,0,SGCPYVGCKOGTOH-UHFFFAOYSA-N,OCNT-2310035,5.3445573,5.227468072759999,5.152625,5.4297312624697485,4.984966129480001,5.1980085,4.799370572701749,5.097,5.961808,5.540125,5.341139,5.83376288,5.73598375,5.93136525
1,0,SHWUGCPLDZAJAU-UHFFFAOYSA-N,OCNT-2308929,5.446376,5.621170604100002,5.351932,5.706123022311072,5.08562281068,4.8245554,5.324591611394955,5.6375594,5.1243806,5.6030145,5.8180494,5.10768271,4.983036,5.217726
1,0,SIPWPCZRIOWTLN-UHFFFAOYSA-N,OCNT-2310997,3.3729985,4.220754761690001,4.353542,3.5734330388200957,4.525726694669999,4.7585716,4.315855503073062,4.1511135,3.529927,4.223991,3.427894,3.778208625,3.336603,4.43371225
1,0,SMMRFJYFYSKXSJ-UHFFFAOYSA-N,OCNT-2311686,4.726483,4.930748739390001,4.6503344,4.731810187761292,4.6306991573600005,4.78921,4.600734694352961,4.684296,4.607689,5.2867837,4.963007,3.811814995,3.2906425,4.22289425
1,0,SNCVEOXAGGEZHI-UHFFFAOYSA-N,OCNT-2308483,5.735502,5.613114786569998,5.379573,5.737069415415629,5.176703886659999,5.5522237,5.556861934465009,5.67687,5.8872056,5.8707314,5.707697,5.34602963,5.2027785,5.461605
1,0,SOERAKJOJAFGAK-SNVBAGLBSA-N,OCNT-2316922,4.973961,5.153633386810001,5.120085,4.917283626475782,4.7997324066800005,4.7130065,4.568826704867933,4.9063396,5.143155,5.19065,4.715473,5.083360365,4.8493825,5.32316675
1,0,SQHFQMIXPHWDAZ-UHFFFAOYSA-N,OCNT-2317454,4.538221,4.328151730510001,5.2185364,4.174189353268941,5.297053560289999,4.7735443,5.318293932336635,4.7460403,4.472395,4.6666102,4.578931,4.986775615,4.7428945,5.18574625
1,0,SRRCIKPDRUJIPG-UHFFFAOYSA-N,OCNT-2312144,4.3218665,4.151107359719998,4.560286,4.03921595644018,4.041632702279999,3.4807715,4.278263287784837,4.4039917,3.773775,4.1602745,4.403591,3.01734311,1.2147505,3.92068825
1,0,SVDYMXAJCOKQLE-UHFFFAOYSA-N,OCNT-2309918,3.6554852,4.36828997194,4.211052,4.399698364847746,4.383132358050001,4.4063845,4.108460642720804,4.1463265,3.8957977,4.4033823,4.0436463,2.801646928,1.17153425,3.9173995
1,0,SZWIAWLUABGOBA-UHFFFAOYSA-N,OCNT-2317870,5.1768413,4.8067708371,5.02739,5.057963638779577,5.309730976550002,5.48073,5.485340896377654,4.9726405,5.3699913,5.116985,5.0636463,5.205859023,5.0365355,5.34627175
1,0,TYRIPLONOSVEED-UHFFFAOYSA-N,OCNT-2312312,4.6547933,5.15405766682,5.0382347,5.1868106193909975,5.151263671520001,5.4848714,5.07466252675049,5.2428145,4.8752537,5.0309277,4.921849,5.232058398,5.06312625,5.36816125
1,0,UAVCJCBNMRVBKI-UHFFFAOYSA-N,OCNT-2311554,5.2800756,4.938732725600001,5.1796374,5.265489258180691,5.340005988119999,5.2365317,5.0648323347644055,5.130515,5.375373,5.306834,5.2411737,4.629156713,4.3869395,4.9457885
1,0,UFZXKFNSSITYNQ-UHFFFAOYSA-N,OCNT-2311206,4.396552,4.5951896343900005,4.211052,4.5705703878114585,4.87164699388,4.2201896,5.147966288597433,4.491525,4.7190967,5.0315857,4.707183,4.552173525,4.31921025,4.885216
1,0,UGYXDNUHLIGDFX-HZMBPMFUSA-N,OCNT-2313669,5.085869,4.368532275920002,4.723575,4.213227249612127,4.620540226380001,4.76861,4.806912692344647,4.9390526,4.6828628,5.077061,5.030198,4.312523853,4.0255395,4.72943175
1,0,UHSCQJNPWIVPJV-UHFFFAOYSA-N,OCNT-2316044,3.4355316,4.027148839219999,4.4755716,3.9240757182892274,3.78514900155,4.0026145,3.7325332489197143,3.7364607,2.7791476,3.8375273,3.3811035,3.042917802,1.27982475,3.93402775
1,0,UNPQSWQHGFDJGF-UHFFFAOYSA-N,OCNT-2315978,5.7998266,5.720821026769999,5.379573,5.7304369319783826,5.254442942479998,5.0912404,5.236028750755129,5.692689,5.645316,5.897277,6.1076355,3.227332695,1.49438275,3.98583325
1,0,UOEUTDCAVNXVAV-UHFFFAOYSA-N,OCNT-2314777,5.503246,5.282865147670001,5.152625,5.188759675173717,5.1680048758399995,5.066828,5.551913147707128,5.515749,5.6498275,5.591732,5.3908796,6.328517175,6.222693,6.4324855
1,0,UQTGTRXTMUCGSR-UHFFFAOYSA-N,OCNT-2314831,4.456682,3.772305934740002,3.557775,3.4394981074543605,4.404608288560002,4.179505,4.14038180010832,4.2966795,3.8822255,4.38022,3.951174,3.563352015,2.934904,4.09914875
1,0,URZCPZIXXWCLIY-UHFFFAOYSA-N,OCNT-2312495,5.575036,5.402359112860001,5.1796374,5.717958461465179,5.4840008370900035,5.3323417,5.285264435837863,5.346308,5.7778587,5.528102,5.229438,4.5556559,4.36162825,4.82298325
1,0,UXZFQZANDVDGMM-UHFFFAOYSA-N,OCNT-2328673,6.170619,4.9408587751400015,5.0314007,4.9240937550638,4.166571797910002,4.815957,5.014609356459782,5.926904,6.090257,5.7275643,5.7871165,7.189312418,7.09876425,7.2795925
1,0,VHOGYURTWQBHIL-UHFFFAOYSA-N,OCNT-0494012,5.3087826,5.403187235630002,5.1796374,5.199433460261753,4.866726421679999,4.716469,5.092868219530087,5.2268977,5.0500083,5.5442247,5.3807273,5.802336085,5.6925135,5.91037875
1,0,VIKCJJDTCVKRPK-UHFFFAOYSA-N,OCNT-2314257,4.919415,4.983254840609999,5.019021,4.900960313932081,4.589339395949999,4.798078,4.875999950877079,5.1246243,5.134388,4.7825484,4.827493,4.433970477,4.1978315,4.7713325
1,0,VKUDADNKGDMBGO-UHFFFAOYSA-N,OCNT-2312066,4.275378,4.5546410776499995,4.1415586,4.276693113530492,4.29801309196,4.246028,4.026375388075213,4.3099346,4.466727,4.892591,4.3950057,5.471353987,5.29718775,5.6121755
1,0,VLNPWBBHSZOKSV-UHFFFAOYSA-N,OCNT-2312058,5.2900763,5.393732363050001,5.1796374,5.237820179204378,5.342226115099999,5.4022107,4.915786150517482,5.339853,5.3732934,5.535814,5.2306604,5.72226015,5.6491695,5.79579025
1,0,VMXKQIBOTHZOBO-UHFFFAOYSA-N,OCNT-2318270,5.355313,5.68177360403,5.379573,5.463235719541711,4.976363076020001,4.782185,4.714396946086583,5.3176794,5.2891173,5.5192127,5.377678,6.080035933,5.989696,6.16871875
1,0,VRFQISMUCTWNIV-UHFFFAOYSA-N,OCNT-2318569,5.678602,5.420582037809997,5.351932,5.518842401955066,5.074207870000003,4.565422,5.182511091620724,5.6922827,5.5755267,5.853796,6.0387726,5.456108513,5.29155675,5.5993615
1,0,VRHLCRQRRJHCMR-UHFFFAOYSA-N,OCNT-2317265,5.0759263,4.905689495790001,4.9450336,4.57043370316282,4.507236076510003,4.4073763,4.230381779994756,4.886951,5.527299,5.187773,4.9979563,5.521118205,5.4173715,5.62253475
1,0,VRHSIWRFSPQEBM-UHFFFAOYSA-N,OCNT-2309458,4.7941,5.177384865639998,5.0377283,5.272496114520547,4.791204436879999,3.785727,4.496388454039072,4.8132544,4.249257,4.7284184,4.795422,5.260399738,5.0996855,5.4405665
1,0,VTCDUPMGNVGRBQ-UHFFFAOYSA-N,OCNT-2311706,4.6477437,4.947932302460002,5.033543,4.966177091811805,5.32360274406,5.0361114,5.254175552382896,5.2056117,5.2160044,4.9540052,5.202525,4.82104853,4.668413,4.9981825
1,0,WDFKMLRRRCGAKS-UHFFFAOYSA-N,OCNT-0495682,6.439003,5.57877252058,5.2728386,5.702480464788676,5.571945306009997,5.012004,5.826627839667504,5.9318104,5.8103,5.988515,6.1948376,5.616129457,5.50979875,5.714821
1,0,WDVWPZGOCHWSJT-ZETCQYMHSA-N,OCNT-2314321,4.3760414,4.496597939900002,4.331782,4.050778385245,4.435097482830001,5.4040384,4.65308431128178,4.7986865,4.896937,5.0943503,4.376756,4.922546245,4.74416725,5.0904285
1,0,WDXHGUYZWPUCKF-UHFFFAOYSA-N,OCNT-2317753,5.6079926,5.39283273668,5.1796374,5.672583080048534,4.544148935459998,4.8758802,4.814653667154681,5.112543,5.7594047,5.308895,5.16249,5.59683955,5.39068175,5.7879455
1,0,WDZVGELJXXEGPV-UHFFFAOYSA-N,OCNT-2328395,5.016053,5.046794854670001,5.0156813,5.134952288263882,4.04537507787,5.052542,5.305247338390618,5.697116,4.651133,5.587668,5.643746,4.925579965,4.71907425,5.1708415
1,0,WECBRMODQWSFSC-UHFFFAOYSA-N,OCNT-2310948,3.9079604,3.6349556990100007,3.3502254,3.3490113652527027,4.321287626310001,4.951699,4.624053404958379,4.4797916,4.1996436,4.3251257,4.2606125,5.216991705,4.9832135,5.3900845
1,0,WEGDKVGLZWGWSI-UHFFFAOYSA-N,OCNT-2314499,5.724288,4.801858087020002,4.770273,4.247356846445579,4.842284313780002,4.615081,4.775415916466155,5.071945,5.6305056,5.3684635,5.2723083,5.231568163,5.13560875,5.3227205
1,0,WFFVJHDLDVRRLG-UHFFFAOYSA-N,OCNT-2315652,6.0685296,5.798691522149999,5.5670457,6.3013168023843305,5.387483032350002,5.500306,5.353759212217713,5.640195,6.345919,5.9793444,5.7912602,6.038040677,5.93912,6.1340625
1,0,WFGBFNNEVGBDAM-UHFFFAOYSA-N,OCNT-2315005,4.4339137,4.100293518189999,4.5606694,4.303541701586363,4.038617009629999,4.076531,4.242133190583099,4.541634,3.5226512,4.310609,4.3633914,5.023546825,4.85567775,5.19657375
1,0,WFJIVOKAWHGMBH-UHFFFAOYSA-N,OCNT-2328729,5.418349,5.578786123630001,5.1796374,5.464828001155821,4.852677753110001,4.5109468,5.196406315483658,5.188554,5.6549406,5.3609505,5.1232915,4.855454522,4.6346005,5.10137025
1,0,WHTVZRBIWZFKQO-UHFFFAOYSA-N,OCNT-0495303,4.9728703,5.209505218289999,5.2728386,5.282101977884838,4.69437088515,4.784678,5.177122792165466,5.2986984,4.442304,5.0518527,5.011243,2.099860792,1.05781625,3.472813
1,0,WJOWUCLGRHYEOJ-UHFFFAOYSA-N,OCNT-2317936,4.3505836,4.228716338940001,4.8587804,4.402820850028872,4.959181798200001,5.103079,4.763122694494288,4.460844,4.5116334,4.4267926,4.2616057,4.981026952,4.78904825,5.18455175
1,0,WNVZWNWYYUTQII-ZDUSSCGKSA-N,OCNT-2311532,6.4526563,5.748116441439999,5.5670457,6.045826923815221,5.51064696515,5.5098124,5.901675572777665,5.8437443,6.546648,6.3927574,6.427261,7.427857497,7.3255775,7.53513825
1,0,WOGQCARQKBERFP-UHFFFAOYSA-N,OCNT-2309126,4.036093,4.570378604070002,4.4755716,3.856862776854818,4.473172827640002,4.538494,4.563694512987147,4.393614,3.115779,4.36903,4.449383,3.40651477,2.30536875,4.02072825
1,0,WUZYKBABMWJHDL-UHFFFAOYSA-N,OCNT-2328938,5.0617676,5.287427873540002,5.152625,5.080343113273629,4.495539193210002,5.0494175,4.7955534610955475,5.3587146,4.5074115,5.09062,4.9633884,5.325893385,5.2071245,5.42375575
1,0,WYCQHUTYOYFHBC-UHFFFAOYSA-N,OCNT-2309065,5.326957,5.16715259486,5.1796374,5.428996448842669,4.961802068630001,4.9329257,4.605212295184903,5.353832,5.357387,5.401266,5.145662,5.617261335,5.52892125,5.70386775
1,0,XBWYDJLBZXBPSD-UHFFFAOYSA-N,OCNT-2317345,5.355216,5.107935119060001,4.554908,5.267036140006833,4.917855355140001,5.4288783,5.305328860293624,5.053405,5.777176,5.619978,5.721327,6.411296205,6.32317225,6.50043075
1,0,XFSGSMMSLFZPTO-UHFFFAOYSA-N,OCNT-2312096,5.300815,4.592443877230002,4.9450336,4.837395805234976,4.8013730729600015,4.572938,4.468694176030699,5.2825484,5.245427,5.2107863,5.2720423,4.736752475,4.5545425,4.95573475
1,0,XFSIKJKODJKJMF-UHFFFAOYSA-N,OCNT-2315694,5.4110413,5.37455805139,5.1333,5.35714216000742,5.3244112268200015,4.9305663,5.046532474707568,5.196466,5.7559495,5.658481,5.6904325,5.126655018,4.9259505,5.2543345
1,0,XGQFKAWKVLIBAF-UHFFFAOYSA-N,OCNT-2316037,4.2953634,4.604336607840002,4.898063,4.682891707126855,4.50167642983,5.397479,4.757919971034854,4.955351,4.0222573,4.7625685,4.5465894,2.115609893,1.05020325,3.23842475
1,0,XMFXTXKSWIDMER-UHFFFAOYSA-N,OCNT-2328759,5.99611,5.645394868140001,5.2728386,5.738018581657857,5.193059626749999,5.655606,5.392908467439575,5.7703266,5.091959,5.886553,5.9086113,4.34430153,3.950383,5.01322075
1,0,XPOLSBCYDGSEIZ-UHFFFAOYSA-N,OCNT-2318634,5.142614,5.48371371443,5.379573,5.137845928799183,4.7047652812599985,5.1182437,4.698925809481195,5.086438,5.4457297,5.626695,5.882764,5.297514047,5.10992325,5.4702155
1,0,XQTHQQRIGKWCMM-TTZKSVMKSA-N,OCNT-2308740,4.901355,4.066029803979999,3.557775,3.719167313446471,5.39572342732,5.0560575,4.920416220540927,5.4664774,4.2918315,5.015882,4.7638764,5.235968535,5.05392925,5.3980015
1,0,XREKWVNCWBAPHQ-UHFFFAOYSA-N,OCNT-2318236,5.3475423,5.226849947139999,5.019021,5.293200373366191,4.723445442189998,5.4822116,4.861483730126879,5.2097125,4.926078,5.354458,5.2419243,6.25668999,6.1513185,6.3565695
1,0,XUJYEKUGVGQZDR-UHFFFAOYSA-N,OCNT-2309981,4.913278,4.693007075910001,4.8157387,4.516749606444108,4.830577721450003,4.599779,5.041342032347562,4.826391,4.416817,4.8024554,4.885401,5.127732293,5.0119835,5.22346075
1,0,XUZMQMKTIDVPDB-UHFFFAOYSA-N,OCNT-2315512,4.9555483,5.0777526787700005,4.6795907,5.035290783569166,5.438885679310002,5.0110464,4.7872951694445005,5.0959606,5.118967,5.1096272,5.074571,7.018157643,6.92564675,7.11334025
1,0,XVEOZZDPTYFUNW-UHFFFAOYSA-N,OCNT-2312847,4.975164,5.151596121700003,4.9905014,5.008885685465579,4.788317695150002,4.623173,5.0153057903716,4.664302,5.107239,5.238889,4.567336,5.38314478,5.28171675,5.4800435
1,0,XYLISCWHQABNBV-UHFFFAOYSA-N,OCNT-2309158,4.9537106,4.922972183690003,4.843259,4.725849455910585,5.14405948998,5.152909,4.736073180348458,4.541152,4.9177184,4.956052,4.609134,4.362328292,4.1285485,4.7223695
1,0,XYNXSIRCMZZLAV-UHFFFAOYSA-N,OCNT-2310182,5.038096,4.446035706680004,4.9450336,5.1912815508716275,5.286895650409998,5.392628,5.065964779848067,4.8896265,4.6678963,5.036313,5.105727,4.66787877,4.531103,4.82878925
1,0,YBRVKGSUHFCMRG-UHFFFAOYSA-N,OCNT-2309242,4.1605372,3.8453208869600015,4.2046795,3.823011300526958,4.729430263740002,3.7162437,4.042520332388997,3.7463167,3.2562966,3.896623,3.8930573,4.07457127,3.695931,4.57379175
1,0,YDUMGNGGWDIRDZ-IERDGZPVSA-N,OCNT-2318411,3.9237194,4.206758882640003,4.713619,4.075088117616089,4.372925251740001,4.801793,4.43811302052357,4.3041897,3.438447,4.4072204,4.134223,5.020332697,4.6879495,5.24736025
1,0,YGQRUXKHKRRRPX-UHFFFAOYSA-N,OCNT-2313058,5.2698593,5.499383306350001,5.351932,5.5469180475081075,5.06278383947,4.5180883,5.32560032873453,5.138843,5.2148113,5.472122,5.864452,4.857063137,4.68525975,5.03416225
1,0,YGZAMANWSHREIT-UHFFFAOYSA-N,OCNT-2309600,4.0981874,4.08772340516,4.4897366,3.783013506820899,4.931699068530001,5.2372932,4.831139784477071,4.635001,3.8611195,4.4162507,4.306202,4.52852544,4.27080925,4.8842165
1,0,YHTUZAYNHYDMMU-UHFFFAOYSA-N,OCNT-2313698,5.025099,5.018476573349999,4.878715,4.818356960849001,4.657294945589999,4.675242,4.573711943365609,4.777429,4.0005627,4.8737326,4.966559,4.696802475,4.4374055,5.02768025
1,0,YIBXSPOOLBWSFH-UHFFFAOYSA-N,OCNT-2312140,5.747077,5.215659949030002,5.111716,5.378988804561931,5.26156410322,5.1084447,5.252455586682512,5.6331058,5.812112,5.5972924,5.560547,5.13349855,4.97867975,5.2688995
1,0,YINKADFCKUPJHC-UHFFFAOYSA-N,OCNT-2311121,5.7358747,5.58734148128,5.5670457,5.613729444696174,5.360932288150001,5.0971,5.395440372450328,5.503222,5.4582233,5.8173566,5.9035954,4.94613967,4.72075375,5.15577975
1,0,YJMCNLSBEDMRSC-UHFFFAOYSA-N,OCNT-2313657,4.411767,4.587590751859998,5.2185364,4.4883505985547725,4.5145735945600025,4.68073,4.634651864090108,4.69026,4.353121,5.0857162,4.680696,5.36122096,5.16987825,5.500745
1,0,YKHUVWHAHXEIJB-UHFFFAOYSA-N,OCNT-2309444,4.773691,4.758488829080002,4.9450336,4.805241373369351,4.674436143910003,4.6502485,4.345821971394672,4.674596,3.3807511,4.516107,4.3554535,4.188894158,3.8998175,4.58596225
1,0,YLBHRYSMLHYOBI-KBPBESRZSA-N,OCNT-2315633,4.3153887,3.8849879862499983,3.3502254,3.66455001178832,4.3202913828200025,4.136713,4.216095267333343,4.453646,3.59134,4.5825496,4.3845425,5.384656588,5.244143,5.510605
1,0,YLDIWYXLKDAXQH-UHFFFAOYSA-N,OCNT-2318312,5.415931,5.465879683140002,5.1796374,5.545236229017118,5.095274136300003,4.7006607,5.006626154971942,5.2378306,5.315779,5.4065876,5.4482675,5.183959863,5.00429725,5.34183925
1,0,YNBUZBXAPIGYTF-UHFFFAOYSA-N,OCNT-2314720,4.7740064,5.20378711178,5.019021,5.1248528048590725,4.689378842660001,5.067148,5.093193336386155,5.163881,5.210987,4.921055,4.908444,4.989900158,4.773039,5.15615075
1,0,YQHXRQUOFRLUFK-UHFFFAOYSA-N,OCNT-2313643,4.337889,4.60101350408,4.211052,4.130028685319851,4.824173733920002,5.1342554,4.28162204533875,4.5685754,3.9061158,4.5111585,4.2860994,3.734271975,3.24730625,4.34415225
1,0,YRYRQKCRFQZBJZ-UHFFFAOYSA-N,OCNT-2308952,5.2265477,5.0058708639799985,5.1013775,5.205909382771304,5.262253782730002,4.7085447,5.376337427183528,5.461375,5.190844,5.1306763,5.0146055,5.513475127,5.4182835,5.59744075
1,0,YVLRYYJNSUZEGJ-UHFFFAOYSA-N,OCNT-2316721,4.6146994,4.422251596800002,4.379269,4.64189573586611,4.43726059978,4.786824,4.262373115568313,4.6733236,4.200251,4.596027,4.3375263,4.464030875,4.27200525,4.740462
1,0,YWPHCCPCQOJSGZ-UHFFFAOYSA-N,OCNT-0493904,4.5108113,5.043262072040002,4.8157387,5.036798050803474,4.672681811420002,4.892778,5.317941867729909,5.277924,4.2230034,5.054772,5.1240606,6.40645018,6.27740425,6.53405425
1,0,YXLVDUWUDRRGEV-UHFFFAOYSA-N,OCNT-2313785,4.7280483,4.58754096412,5.0377283,4.4719991464070725,4.44284191117,3.7977138,4.061183782764744,4.5410028,4.089953,4.5853486,4.292937,4.137496055,3.75581975,4.569057
1,0,YZQWTLZRWDTEFR-UHFFFAOYSA-N,OCNT-2314768,5.052897,5.409190417500002,5.418809,5.482584239039669,4.745092034340003,4.9689755,5.17984984070718,5.2764387,5.2500744,5.2971725,4.940036,5.070780313,4.86918,5.254674
1,0,ZBLDFRSUJJPWTO-UHFFFAOYSA-N,OCNT-2309695,5.395757,4.87274692632,5.0314007,5.043973571647563,4.65275567892,5.252835,4.46901808543756,5.050255,5.117263,5.457574,5.191144,4.387167883,4.1942155,4.6867035
1,0,ZCDIGCDKQZKDJM-UHFFFAOYSA-N,OCNT-2316636,6.213976,5.57876656222,5.2728386,5.704309900551401,5.158296900400001,5.2541738,5.275719512737543,5.7127566,6.1917396,5.916955,5.8864903,6.496477975,6.405856,6.58613425
1,0,ZEUITGRIYCTCEM-KRWDZBQOSA-N,OCNT-2328864,5.7941785,5.449369674990002,5.1796374,5.657205784925758,5.431746631129999,5.516117,5.089777361142462,5.6876965,5.2988877,5.8531322,5.5488877,5.436967443,5.34864825,5.52017575
1,0,ZGEMMWJWKPEQMQ-UHFFFAOYSA-N,OCNT-2315052,5.4102993,5.568373606089999,5.379573,5.561280862315466,5.291105566870002,5.401119,5.639821536817145,5.565326,4.9595346,5.567779,5.75156,5.769169795,5.63931125,5.8781885
1,0,ZKOIMMUZXCGXIF-UHFFFAOYSA-N,OCNT-2309623,4.5378256,4.37022103367,4.211052,3.984163737772149,4.65609390614,4.4127073,4.592469640272667,4.9615426,4.421878,4.8052473,4.768231,3.774960395,3.23177225,4.2405265
1,0,ZPKWTJRTSZDMKT-UHFFFAOYSA-N,OCNT-2316573,5.1587567,5.161266128700001,4.97141,5.116424305029324,4.9360991479,4.7701755,5.178689851695664,5.3333225,4.8844023,5.2238007,5.0817094,3.911657492,3.43829425,4.34842875
1,0,ZQFYYXLJVMCABY-UHFFFAOYSA-N,OCNT-2318133,4.7229986,4.488886480949999,4.5442305,4.662849201396203,4.445690788690002,4.929049,4.236507523863587,4.553911,4.944173,5.2255244,5.419708,4.39448162,4.116826,4.79224925
1,0,ZSZXTJMURYXMSU-UHFFFAOYSA-N,OCNT-2317350,5.341757,5.060762586489997,5.0382347,5.0685131225629565,5.0022110943100015,5.068055,5.113298402941257,5.333602,5.5252233,5.4260826,5.354747,5.000559035,4.8383825,5.15800325
1,0,ZUSNMOKJMOPBJW-UHFFFAOYSA-N,OCNT-2312373,5.329212,5.24981749193,5.092987,5.123136544043948,5.0554307087,5.155104,5.48680837850104,5.494512,5.4707294,5.323689,5.2811275,4.91363722,4.70961775,5.06925025
1,0,ZVDCGPJYFOYULX-UHFFFAOYSA-N,OCNT-2316083,6.518781,5.65976792325,5.379573,5.802789350273517,5.41294170861,5.303494,5.742002801844454,5.839523,6.5128016,6.185007,6.2638836,6.76808569,6.67296675,6.86063025
1,0,ZWOVGQYLIWWRCA-UHFFFAOYSA-N,OCNT-2313183,5.170593,5.520172015860003,5.1796374,5.668911073381956,5.555608971680001,5.573251,5.542126129332761,5.4270477,5.5070977,5.4268403,5.179532,5.686359722,5.59121925,5.77516225
1,0,ZYGIEWYSBUXBOA-UHFFFAOYSA-N,OCNT-2317285,5.06891,4.793630942050002,4.8792667,4.77554116840614,4.684523214960002,4.574565,5.001868740404551,4.9155426,5.582278,5.292336,4.976173,5.70202841,5.5717515,5.8340885
1,0,ZZFSIEKTPZLRNW-UHFFFAOYSA-N,OCNT-2312741,5.356418,5.18304108122,5.019021,5.291123632358596,5.3432352839099995,5.1137347,5.403620631586055,5.4961896,5.113439,5.3289742,5.276421,4.85582982,4.703504,5.021406
1,1,ABUNSDMPQVALBH-UHFFFAOYSA-N,OCNT-2314087,4.769487,4.888656052130002,5.2800922,4.968879655774812,5.070362910279999,5.148695,4.867918580067288,4.8265395,4.4532857,5.072164,5.184264,3.397316567,1.9395045,4.0515555
1,1,ACOCBYLGXYWEIH-UHFFFAOYSA-N,OCNT-2310884,4.933947,4.911298965830003,4.949677,4.438802090332563,4.947623136389999,5.096785,4.459290929101639,4.8703775,4.298934,5.3325987,5.316046,5.150444082,5.003286,5.27019775
1,1,AHOUBRCZNHFOSL-YOEHRIQHSA-N,OCNT-1911800,5.409939,5.1716089742600015,5.2784615,5.545835452014652,5.014123869100001,5.0992985,5.1696579213346485,5.1152573,5.140936,5.1646457,5.3064976,5.14513125,5.00457475,5.263734
1,1,AIDXPYZJTIDUSC-UHFFFAOYSA-N,OCNT-2311602,4.8444066,4.359615792630002,3.3866572,4.054445440453595,4.93972648456,5.071219,4.67955224453473,4.34058,4.492049,4.748274,5.1069164,3.668555707,3.14165625,4.1889845
1,1,AOUPYPZTBWHPFA-LLVKDONJSA-N,OCNT-2311123,5.7461863,5.589593034670002,5.033211,5.537828053260184,5.4804027038699985,5.311185,5.521364710710722,5.6059146,5.6195464,5.634817,5.6835523,5.943869013,5.83725025,6.044898
1,1,APFMKWOPIHERJL-UHFFFAOYSA-N,OCNT-2315230,4.725076,5.629486995210001,5.4735203,5.760218967990106,4.91897263223,4.8551803,4.819361682624325,4.85184,4.612071,4.9822454,5.176813,6.134430408,6.023669,6.24658175
1,1,ARBBCNULKSAECM-UHFFFAOYSA-N,OCNT-2316738,5.2933297,5.4443576059400005,5.286404,5.511575158496613,5.259332778469999,5.336066,5.2266424888890475,4.8058558,5.5407195,5.280402,5.2071037,6.006747835,5.9155935,6.09851
1,1,ASFKKFRSMGBFRO-UHFFFAOYSA-N,OCNT-0498030,5.339893,5.550334354699999,5.2809167,5.282356946880227,5.1609592951100005,5.430736,4.994273356090902,4.962091,5.184749,5.0856977,5.4558396,5.100591315,4.88077725,5.2876495
1,1,AUZSUYFMOUDHNG-UHFFFAOYSA-N,OCNT-2317767,4.6842523,4.8916156632100005,4.125912,4.17569409304885,4.461972455950001,4.964223,4.367683926352158,4.402855,4.071486,4.6977763,4.886686,1.936751075,1.0396015,3.1366835
1,1,BBEPUEHUDFJMBA-UHFFFAOYSA-N,OCNT-2314446,2.9738243,3.63423954137,3.6664135,3.702844567495166,4.13166683692,4.127866,4.17251476386462,3.3441231,3.7980113,3.6838021,3.4166136,3.850819357,3.44063525,4.38537525
1,1,BDBMLMBYCXNVMC-UHFFFAOYSA-O,OCNT-2328510,4.2645187,4.850227261280001,4.6135383,4.436192886828203,3.895737451920001,4.551525,3.944378291456198,3.7798915,4.4324155,4.842063,4.6411953,4.66854407,4.570109,4.777489
1,1,BDYAYVLTLRIZAN-DOMZBBRYSA-N,OCNT-2313477,4.241522,4.127749280710001,3.6637723,3.868077753716339,4.729417711820002,4.7560706,4.854346127095549,4.6296964,3.6700535,4.5998616,4.6372924,4.96220564,4.779067,5.12565675
1,1,BFVHBFKLFDSHNI-UHFFFAOYSA-N,OCNT-2316119,5.424076,5.1884707532200025,5.467759,4.863364465252109,5.19410034453,5.0688725,5.458208234094415,5.3309197,5.511259,5.3542366,5.373238,5.76913948,5.6865305,5.854704
1,1,BGZMVPUNDGPXIM-UHFFFAOYSA-N,OCNT-2313825,5.048017,4.72099063182,4.537133,4.702839030013629,4.476887915390001,5.0427504,4.465492276633167,4.434084,4.6993237,4.987708,5.311588,4.357767425,4.136408,4.68531275
1,1,BHEAZNHFSNJYDJ-UHFFFAOYSA-N,OCNT-2311547,5.487143,5.16376049043,5.278499,5.057999857578875,5.516998658569999,5.2771373,4.900515104891838,5.288482,5.1542225,5.4045043,5.4382057,5.191699465,4.975388,5.35444075
1,1,BHUFDPNGRHXYJZ-UHFFFAOYSA-N,OCNT-2313032,5.6288023,5.282109436780001,5.298745,5.4996327716379705,5.57108290905,5.158851,5.400445576308247,5.495163,5.1650443,5.778713,5.7453995,5.241748822,5.08682775,5.37551725
1,1,BJDCWCLMFKKGEE-KWWHLYHASA-N,OCNT-2328555,4.1991205,4.8819097003900005,4.7225213,4.691154122022436,4.228042950510001,4.4966326,4.715669952697637,4.399404,3.7757869,4.5059414,4.212638,5.289767528,5.11122025,5.4671085
1,1,BLBRBSCHFXIGIW-UHFFFAOYSA-N,OCNT-2312771,4.1539507,4.293384582849998,4.4297247,4.045027565691576,4.476014767640002,4.7068415,4.108376409968886,3.8991575,3.7850335,3.8318157,4.408841,3.819372165,3.06608075,4.183648
1,1,BPCOBMCJNXSZEU-UHFFFAOYSA-N,OCNT-2315039,5.392377,5.076227304150002,4.90222,5.093683757833229,5.28585982149,4.9018965,4.997053669064901,5.244887,5.390376,5.3413076,5.3682146,5.81602332,5.71960725,5.913777
1,1,BSJXRLCVGOHZJM-UHFFFAOYSA-N,OCNT-2314812,5.218227,5.155113526279999,5.1977243,5.242453612584371,5.1807004277700015,5.450512,4.927213086841495,5.295878,5.1467695,5.2734413,5.2807884,5.780750562,5.68059,5.883413
1,1,BSRYNWRABISVBH-UHFFFAOYSA-N,OCNT-2318328,5.9151707,5.494698036450005,5.6135464,5.16160832324446,5.207617175380001,5.2264934,5.075890326766674,5.4916086,5.199517,5.832741,5.922249,5.527722373,5.37459075,5.6647435
1,1,BWOSCHCTGWRGJD-UHFFFAOYSA-N,OCNT-2313041,3.8980918,4.182780484010002,4.418111,4.1204252686787886,4.462403927040001,5.015747,4.59810806874538,3.775045,3.1990824,3.914654,4.054076,4.14375769,3.8046825,4.668769
1,1,BXAIWANBKAGJGC-UHFFFAOYSA-N,OCNT-2315001,5.258412,5.14024533389,5.040965,5.202705544903985,5.242599030850001,5.3944793,5.3513942781226005,5.037072,5.492214,5.1673408,5.2974586,5.194314412,5.02757675,5.3282365
1,1,BXCHGIKOQTXVJL-SFHVURJKSA-N,OCNT-2314649,5.1910005,4.795398575280001,5.0625567,5.116259191211498,4.6211341816700005,5.0019884,4.666603255464514,4.7344584,5.193611,5.3229094,5.438451,4.909640955,4.6811045,5.18503175
1,1,BZNCPWPEWCQLQO-UHFFFAOYSA-N,OCNT-2311136,5.5599737,5.153676302379999,5.116023,5.082897848801225,4.869558478639998,4.9226336,4.5997726879543634,4.7909355,5.3733077,5.3356476,5.507656,5.130911812,4.98250575,5.2561575
1,1,CAVHMRSMXQUFPI-UHFFFAOYSA-N,OCNT-2311901,5.5774817,5.35817835597,5.340531,5.184288625289806,5.084916349080001,4.553837,5.254108258170752,5.3885612,5.5107856,5.855609,5.768711,7.610285327,7.50850625,7.70113925
1,1,CBVIJJPRPQPHDM-UHFFFAOYSA-N,OCNT-2316854,5.5529714,5.514520077060001,5.1814704,5.07247566725224,5.153397491460002,4.9985104,5.4260900084183215,5.2717547,4.912144,5.312026,5.381276,4.015711493,3.6126175,4.3844435
1,1,CCWKWZDOARHVPW-UHFFFAOYSA-N,OCNT-2316365,3.4465837,4.503951713409999,4.5247245,4.316841683534241,4.566837136639999,4.8281207,4.19652197905567,4.085987,3.553094,4.1143236,3.6317267,2.395762792,1.09340625,3.6935025
1,1,CIBMHMYNONJSKA-UHFFFAOYSA-N,OCNT-2318002,5.2668347,5.2168684341,5.1821575,4.851919716669181,5.033015548750001,5.3261423,4.843416811672916,5.014634,4.851702,5.0392733,5.1280766,5.308471928,5.21717625,5.389643
1,1,CKULYSVCWINHRD-UHFFFAOYSA-N,OCNT-2309286,5.2868986,4.647505252709998,4.062635,4.647652914157927,4.09291118648,4.623904,4.081653195086696,5.0266123,4.7709146,5.161517,5.1934166,3.87610005,3.398863,4.221879
1,1,CLSZSOXETXFYPQ-UHFFFAOYSA-N,OCNT-2309804,4.9479623,4.954075921079999,4.552824,4.651380612001682,5.079234791410001,5.1584287,4.8529326906952175,4.9485326,4.8656363,5.1919646,5.349267,4.593093738,4.264139,5.03676625
1,1,CMRWALMKNZNEAF-UGSOOPFHSA-N,OCNT-2313985,4.8148937,3.895195358700001,3.7418518,4.141334787794474,4.285623942580001,4.9173903,4.325860375558322,4.203883,4.2507167,4.943877,4.66599,5.394589782,5.271187,5.516782
1,1,CMVAFCQFUBGPOW-UHFFFAOYSA-N,OCNT-2313486,6.0970745,5.464920410530002,6.374591,5.676498624834273,5.052464969700001,4.919838,4.892279257916701,5.526506,5.9729214,5.8618283,5.7253385,6.643057535,6.5693575,6.7164735
1,1,COKSCQRRUSAFAO-VIFPVBQESA-N,OCNT-2312364,5.926573,5.22986906736,5.281666,5.362398717548862,5.065010311190003,5.1828847,5.609558863946578,5.6531773,5.5115967,5.707639,5.548446,5.226715253,5.00902775,5.4339655
1,1,CPQMCVQRXMBQOJ-KOMQPUFPSA-N,OCNT-2314532,5.196481,5.510493812010003,5.4011617,5.501749910421976,4.85392241452,5.038291,5.07064329915215,4.7976284,4.985455,5.212574,5.2264934,4.816643603,4.562479,5.14505475
1,1,CTSCRLQWGPGKHZ-UHFFFAOYSA-N,OCNT-2310764,4.425269,4.44264745269,4.2000475,4.18367559708629,4.5695549928000005,4.669659,4.466234041073053,4.00236,4.0952063,4.4158206,4.487181,4.384629138,4.14472225,4.6996215
1,1,CWINMFYUFBNRRM-UHFFFAOYSA-N,OCNT-2318281,5.6326733,5.527373737870001,5.302741,5.180862030143433,5.328913962860001,5.446546,4.866674645859002,5.2250714,5.3954926,5.5167227,5.6331625,5.575110592,5.48991725,5.65836075
1,1,CXEGWPXHHRYGGB-QGZVFWFLSA-N,OCNT-2309204,5.6760244,5.212803136740003,5.3581214,5.5676140033743335,5.2008889725,5.0235667,5.300983136001679,5.4434958,5.0413923,5.3686304,5.3430986,4.947380695,4.76302025,5.110067
1,1,CZBQYJBGTDDOAR-UHFFFAOYSA-N,OCNT-2318467,4.7724733,4.649085576130001,4.4926996,4.571621588489176,5.185646725720001,5.1342287,5.153457580344978,4.8090043,4.6920743,4.7634296,4.886726,5.795963533,5.694046,5.8870105
1,1,CZSAMRIBHKTNAZ-UHFFFAOYSA-N,OCNT-2315731,3.644339,4.17966298706,4.555508,4.496910253665791,4.63125498605,4.5037074,4.614857145714407,3.9631095,3.5768127,3.7737746,3.7307782,2.70612089,1.121809,3.85444675
1,1,DAZULYSTDCFGOM-DZGCQCFKSA-N,OCNT-2314468,5.417933,5.166391695570001,4.8348846,5.154621504759202,4.94032844603,5.20948,4.8987041740792705,5.2125793,5.143068,5.2665534,5.3124633,5.948517677,5.852614,6.04099325
1,1,DFBBOYDEPSYBPJ-UHFFFAOYSA-N,OCNT-2314307,5.262235,5.025776111510002,4.82884,4.7562479232909425,4.933222228570002,4.6985526,4.696605648183578,4.8763924,4.8814516,5.376699,5.228038,5.657668365,5.56262875,5.75155675
1,1,DHKHRLZTFOSRLN-UHFFFAOYSA-N,OCNT-2317612,5.244288,4.938873110560001,5.0333366,4.788306877342619,4.94816091081,4.803937,5.009545144003447,4.9606137,4.713413,5.2265525,5.345637,5.272180182,5.165747,5.36806525
1,1,DLBNHSJMOTWUAU-UHFFFAOYSA-N,OCNT-2316358,3.5096745,4.86902870899,4.638451,4.740263656842045,4.605432804,5.4204855,4.607647288386133,4.1847105,3.533892,3.8654451,4.0561566,2.032000437,1.06243825,3.16765875
1,1,DPCDLHZNSWCOIR-UHFFFAOYSA-N,OCNT-2314582,5.0612144,5.292411549450001,5.2740855,5.501672997133922,5.190529807320002,5.1020575,5.2062856726975655,4.9243956,4.7126617,5.186804,5.205925,5.62132827,5.53905825,5.7012875
1,1,DRXAZLUTUQIDMF-UHFFFAOYSA-N,OCNT-2312285,5.5124774,5.112313562079999,5.0323653,5.323877142067337,5.518020450580001,5.4594507,5.538947639003198,5.4537644,4.4228816,5.4691787,5.2344084,5.377034587,5.196637,5.53113
1,1,DSVJMDQCVNLLFH-UHFFFAOYSA-N,OCNT-2311252,4.8646207,4.345758536670002,4.401072,4.682363777479919,4.7222465635500015,4.9654965,4.754492203052384,4.5916224,4.828711,4.6352,4.766113,3.750006455,3.19708175,4.1737995
1,1,DVMAGBMCBPEMHG-UHFFFAOYSA-N,OCNT-2308468,4.1952,5.160861491079999,5.4280496,4.685504674640817,4.979684750400001,4.907396,5.05887770466056,4.493561,4.2254157,4.6324015,4.441604,3.43026558,2.380159,4.0198215
1,1,DXZFYTFQGFMLCK-UHFFFAOYSA-N,OCNT-2315156,4.5923653,5.223402858810001,4.891968,5.034641174028962,4.8142151906200015,4.0465307,4.628435714941682,4.675361,4.5555506,4.8031325,4.5933604,5.792689712,5.6672255,5.914555
1,1,DYUYVURCSOVEDN-UHFFFAOYSA-N,OCNT-2311071,3.174612,4.195177900530002,3.1748836,3.686612928170315,4.657085098370001,4.5918612,4.115147630836222,3.471324,3.6160192,3.6693354,4.3829365,2.120016,1.0596825,3.21901475
1,1,FGUQAYRHKXYOTM-UHFFFAOYSA-N,OCNT-2309846,5.8699985,5.536082748849999,5.785662,5.566627092064162,4.9697593584199975,4.8071213,4.789468338523241,4.8304515,5.169024,5.7555604,5.6097155,5.503999183,5.36935925,5.62534125
1,1,FHDBREZHZMZHDK-UHFFFAOYSA-N,OCNT-2313113,4.893544,5.306793381120001,5.067398,5.145513764942318,5.082921165280002,5.581328,4.418033019707875,4.711022,4.3080997,4.9779634,4.9154563,5.2556167,5.096596,5.406962
1,1,FHXQJRRZXMUVDC-UHFFFAOYSA-N,OCNT-2312174,5.084829,5.502385082739998,5.616731,5.604852760684615,5.1327526160899986,4.6854205,5.180643316061923,4.9113307,5.604748,4.958039,5.4543066,5.44967587,5.299003,5.57764075
1,1,FIHJKUPKCHIPAT-AHIGJZGOSA-N,OCNT-2328980,3.2735586,4.450400301640001,4.3000035,4.798662017284433,4.211024766440001,4.0946383,4.410011302111219,3.9441066,3.343506,3.7494626,3.446333,4.342669123,4.0114695,4.8629115
1,1,FINXLSLQWDTUQT-AYWPPYMVSA-N,OCNT-2315819,4.3274956,5.034080452779999,5.112085,4.962167602046939,4.412998274180002,4.811265,4.405513479546875,4.3378077,3.9815087,4.7754755,4.681523,3.366381088,1.542117,4.1223525
1,1,FJJGWWWOOWJCMW-UHFFFAOYSA-N,OCNT-2313641,4.902011,4.841459262760001,4.501195,4.77552059497136,4.78174598931,4.832379,4.8561195626741815,4.778902,4.760524,5.0182104,5.0947986,6.3495178,6.23205125,6.4636895
1,1,FKGZTTKABGMFKO-UHFFFAOYSA-N,OCNT-2315259,5.6391463,5.437148870030001,5.403145,5.761241939637342,5.3812454629400035,5.311185,5.483386773470387,5.450394,5.223529,5.527668,5.6334047,5.13422659,5.01004275,5.22592125
1,1,FPCIRTBEAUCPDP-UHFFFAOYSA-N,OCNT-2316872,5.311973,5.438282552720002,5.238355,4.894567606000843,5.1694214816,5.0145764,4.280338878827812,4.9732523,5.108726,5.2739277,5.220199,5.656823848,5.55527375,5.758472
1,1,FQNJZDBFAVDMES-UHFFFAOYSA-N,OCNT-2311807,4.983239,5.1850383183299975,5.6220727,4.824179750593637,5.027231540840001,5.0795097,5.279678728674304,4.848049,4.828901,5.0776625,5.030233,4.988526887,4.8141275,5.150638
1,1,FQQWSTJGVMFWSP-UHFFFAOYSA-N,OCNT-2311187,4.863443,5.203732999580001,5.2662306,4.938066790715051,4.752138969750002,4.956041,4.734152841660784,4.917655,4.8956842,5.158819,5.117445,5.221296835,5.1173885,5.31361075
1,1,FRCQMDKKZZBGTP-UHFFFAOYSA-N,OCNT-2313645,5.7994137,5.218615097200002,5.323949,5.291331704984904,5.10271990548,5.118166,5.402430155967668,5.1659174,5.3675094,5.715732,5.522235,5.202375707,5.0006185,5.354382
1,1,FUPCGDHQCWFYSS-UHFFFAOYSA-N,OCNT-2311219,5.9214544,5.30766950744,5.9409404,5.345870640731733,5.575148152539999,5.522301,5.7005834303431175,5.4810123,5.6446104,5.946725,5.883229,5.22138842,5.05958,5.351391
1,1,FVFLRSYMSIUFPX-UHFFFAOYSA-N,OCNT-2311808,4.554965,5.2068545773600015,4.8267555,4.127627249602694,4.5397808162899995,5.124256,4.19942962669857,4.4659805,4.4907165,4.9377494,5.2019463,5.225217865,5.16800925,5.28649125
1,1,FWUMBFJSJPPEQP-UHFFFAOYSA-N,OCNT-2318348,4.92756,4.610991858029999,5.1284432,4.948391724919459,5.013482926969999,5.207136,4.74316001078297,4.598612,4.3223934,4.798334,5.0486813,5.336485005,5.17779275,5.46049575
1,1,FYJLBFSDAWXPSB-UHFFFAOYSA-N,OCNT-2312740,4.7360854,5.149011701329999,5.237084,5.00590472767673,5.338786198120002,5.2771373,5.1897120431296315,5.1901045,4.6858373,4.9926233,5.1388493,4.628198623,4.439257,4.88637025
1,1,GAAAACRGNMPWJY-UHFFFAOYSA-N,OCNT-2309811,5.8327003,4.838870450970003,5.1797767,5.332588965538197,5.002035340910001,5.2011876,4.700002866317693,5.227797,5.297916,5.483141,5.1439834,5.5868905,5.48321875,5.684334
1,1,GAKRGWAPRJAYRP-UHFFFAOYSA-N,OCNT-2317441,5.2708774,5.2049318271799985,5.2059402,4.949618761708662,4.728329250340001,4.982123,4.8763349248978685,4.757226,4.881078,5.1786413,5.296908,4.77191227,4.6111635,4.94981325
1,1,GBKPILDGEGGVEI-UHFFFAOYSA-N,OCNT-2313441,5.4800243,5.24331742435,5.378145,5.375589943946098,5.140906705349997,5.2980757,5.36665437336901,5.220305,5.8330994,5.2562585,5.3544607,5.01047352,4.90944725,5.11934975
1,1,GCUVVENUHMDMBL-UHFFFAOYSA-N,OCNT-2312866,4.7793493,4.513636014140001,4.457611,4.080532563135771,5.015568279829999,4.8368497,4.904676175090515,5.1028743,4.760666,4.7735662,4.8937335,5.151084555,4.9845745,5.29704475
1,1,GENBLLCBSGBWSV-UHFFFAOYSA-N,OCNT-2308860,6.0716343,5.63028020057,5.3312407,5.403475101329633,5.126996817920001,4.5236354,4.957489390348298,5.375251,5.8036976,5.7983284,5.6898265,6.142259447,6.04347,6.2389275
1,1,GFMXIBGNFZXSSH-AWEZNQCLSA-N,OCNT-2317673,5.3889117,4.94063556923,5.230526,5.157883811437292,5.326695704129999,5.188116,4.901042164576536,5.2515798,5.174887,5.1649237,5.2793827,4.7768957,4.564995,5.02174325
1,1,GIDUNNUXEHGMES-UHFFFAOYSA-N,OCNT-2315495,3.342832,4.52578564117,4.460814,3.981766986282515,4.47547529015,5.082911,4.267816341316397,3.688983,3.7518659,3.834248,3.7491107,5.360857142,5.23612,5.46485875
1,1,GNTSXTHXPJNZFL-UHFFFAOYSA-N,OCNT-2311830,4.1341653,4.506867070970002,4.4803543,4.394151553098243,4.796266207079999,5.048761,4.728681412263774,4.6609244,3.2909806,4.256872,4.169268,3.06206888,1.250663,3.8943605
1,1,GTHFTMXIWHJARY-UHFFFAOYSA-N,OCNT-2314859,5.4925413,5.139783605820001,4.949132,5.0631700832986635,4.917413939589999,4.9112988,5.006512006496825,5.427466,5.562034,5.5935616,5.630625,2.042327302,1.04752525,3.415111
1,1,GXOILNXGFVPNFI-UHFFFAOYSA-N,OCNT-2313147,3.6655927,4.52014402223,4.72219,4.188595024426086,4.54822056699,4.4773674,4.472737293368483,3.317033,4.0672054,4.184257,3.8066182,4.21399346,3.9794785,4.54880925
1,1,GXQJFCYAODGNDD-UHFFFAOYSA-N,OCNT-2310514,5.7433915,5.37742937383,5.6372595,5.981295780279634,4.825794153330001,4.840135,4.552585011359198,5.174015,5.82341,5.6364136,5.3472996,5.17198792,4.991633,5.31826525
1,1,HCLGXJOBTJHKMI-UHFFFAOYSA-N,OCNT-2314323,4.0064087,4.502104018989999,3.4001455,4.302057422511368,4.230930212870003,4.6293964,4.213261245546665,3.8898916,4.4282656,3.864672,4.4989233,2.010933592,1.051175,3.357493
1,1,HDLIXSKRCXKJND-UHFFFAOYSA-N,OCNT-2310046,5.5713506,4.9151338217500005,4.8908267,4.72537083590974,4.846756541260001,5.1032343,5.074623049725363,5.047074,5.4532657,5.246278,5.2929306,4.89550261,4.7069005,5.09397175
1,1,HDZXPBGQDAEJGU-UHFFFAOYSA-N,OCNT-2314750,3.427394,4.1102563016000015,3.943133,3.843102653238908,4.421825889570001,4.4392934,4.847601819765934,3.6350856,3.1410394,3.8434014,3.4086187,5.44580044,5.30441575,5.569411
1,1,HENYWYASSIFTSN-UHFFFAOYSA-N,OCNT-2311473,5.703599,5.3399156854099985,5.469624,4.703255354652249,5.25677970808,5.2211046,5.035541243284971,5.069117,5.116878,5.3265786,5.431633,6.00149444,5.909379,6.09464425
1,1,HJSAULCESFXRQL-UHFFFAOYSA-N,OCNT-2315277,5.5475545,5.041872173510002,4.9620214,5.189763954283928,5.108218472460001,5.395238,4.973259922494711,5.061597,4.9758806,5.4375687,5.483271,2.326819487,1.06673125,3.62925
1,1,HMOWRWBMMAKHDZ-UHFFFAOYSA-N,OCNT-2311235,5.112606,4.483017681090002,4.55276,4.372370596509221,5.2206115940899975,5.0795994,5.365602318075753,4.9194965,4.630473,4.8930807,5.0461416,3.837191628,3.27459025,4.23625125
1,1,HPVSJVHVZJIGJT-UHFFFAOYSA-N,OCNT-2310298,6.3036413,5.922976824920003,5.6622467,5.616479836263238,5.29903785405,5.3221765,5.2015205338007675,5.5145807,5.9085927,5.885977,6.0341735,6.93558928,6.84333925,7.02372025
1,1,HPWBEIBPKVCQNQ-UHFFFAOYSA-N,OCNT-2312233,5.124074,4.679336966460002,4.5181484,4.670402520473189,5.061523637919997,5.381137,5.684069245166005,4.6331043,4.6190014,4.8765874,4.999819,4.485371895,4.3030935,4.75509825
1,1,HQIXODCYFGBKNG-UHFFFAOYSA-N,OCNT-2308626,4.212185,4.2006201901199995,4.3997145,4.359490908356235,4.71070952377,4.751505,5.006028699555845,4.381481,3.8037376,4.3576565,4.209814,2.508812232,1.10286875,3.70303225
1,1,HSJXGPVCBNTXGE-UHFFFAOYSA-N,OCNT-2318346,5.4576983,4.834430462500002,4.7106624,4.067290581651598,4.5642532955399995,5.0288157,3.982248190121372,4.7893324,5.2291365,5.443488,5.716664,6.196793625,6.0854665,6.302666
1,1,IAUITTZWSOAVCK-UHFFFAOYSA-N,OCNT-2316204,5.1985865,4.7649721212000005,5.0258174,4.656501751518907,4.594584304480001,4.8482866,4.924117301812608,5.020122,4.685441,4.9711976,5.098059,5.071397317,4.89592,5.2207025
1,1,ICKRQBWOWOXQPE-UHFFFAOYSA-N,OCNT-2312145,5.4806623,5.65868034189,5.755135,5.699968566832626,4.83432761393,4.944859,5.043899352188535,5.3358574,5.294112,5.4700475,5.41842,4.01257303,3.59578525,4.4059205
1,1,IDTRRSQXKMQLJW-UHFFFAOYSA-N,OCNT-2310158,4.187301,4.41579252572,4.6792917,4.6089069223455885,4.36591942844,4.1568637,4.939514526352428,4.24791,3.6524491,4.232638,4.113138,4.463285895,4.21164225,4.8068855
1,1,IELFWVPJXBLMTQ-UHFFFAOYSA-N,OCNT-2309805,5.4628696,4.7519446079600005,5.076799,4.7831587803227835,4.83044953849,4.4505877,5.261538278810244,4.8788605,5.3375916,5.301642,5.6286793,4.939639675,4.759238,5.125282
1,1,IIGPKLVZMJDWCL-PXAZEXFGSA-N,OCNT-2314699,5.611429,5.2731676102300025,5.20311,5.256886298364469,4.6812300581600015,5.161917,5.508347030328162,5.250202,5.257564,5.8119817,5.626561,5.018384795,4.78942425,5.19971025
1,1,INDWLASWAKDZEB-UHFFFAOYSA-N,OCNT-2316585,4.477908,4.218398007239999,3.8024352,4.109287121813868,4.635342267099999,4.6645823,4.276539260907303,4.3916426,4.1525073,4.5010014,4.6383557,2.775252913,1.128613,3.85432175
1,1,IPAJNZRDKHKVHD-KBXCAEBGSA-N,OCNT-2315008,5.4353805,5.43198936358,5.2144713,5.124214142920267,4.6384788103900005,4.798596,4.862599466530369,5.007114,4.7760267,5.4126396,5.601384,4.313483523,4.06743675,4.649451
1,1,IQPUAVGREWPGSG-UHFFFAOYSA-N,OCNT-2318098,5.840399,5.197977517700001,5.3048067,5.267691086831636,4.787922042820001,5.035217,5.3308861916483075,5.199398,5.054802,5.789643,5.738269,5.857997395,5.7609655,5.9507445
1,1,ISTVQRMBDXXFIL-UHFFFAOYSA-N,OCNT-2315394,5.572594,4.4607342385200015,3.8030517,4.315259503189726,4.945597679789999,4.819577,4.459125539811279,4.603341,5.458867,5.154866,5.320635,5.046104843,4.84083975,5.21197175
1,1,IVWQVUXCCLQHJG-UHFFFAOYSA-N,OCNT-2310324,5.531098,5.188626699930001,5.383563,5.212256400141455,5.3774707788,5.158851,5.545762762944172,5.0155077,5.551878,5.460345,5.5469155,5.3115665,5.23831625,5.3861625
1,1,IXNDBORQXCOCSN-UHFFFAOYSA-N,OCNT-2309596,4.8450108,5.09569459964,4.8468213,4.966240137396439,5.07553071216,4.7173514,4.380666837951279,4.1871457,4.354169,4.5763364,4.3126884,6.39124083,6.29897,6.484425
1,1,JBYHKBDJPAJRIB-UHFFFAOYSA-N,OCNT-2312074,5.282225,5.18190319836,5.123315,4.702706932225983,4.6547067363300005,4.1503353,4.227553016142321,4.9830475,5.0742097,5.2993183,5.3415647,6.414860137,6.333787,6.49827375
1,1,JGPMMRGNQUBGND-UHFFFAOYSA-N,OCNT-2328337,4.717343,5.13112055085,5.25816,5.361248545222612,4.752345229440003,4.8557916,4.586734111230677,4.164784,5.4236627,4.5851517,4.3366613,5.509644433,5.42974425,5.61196125
1,1,JHNSUBHCHVVGQI-UHFFFAOYSA-N,OCNT-2308554,4.7505774,4.753614586449999,4.392166,4.688601304761312,4.58801076646,5.2215343,4.949252127959942,4.233385,4.709423,4.529994,5.0368514,3.235258265,1.60911525,3.9932845
1,1,JNAFZITZTMHNDD-UHFFFAOYSA-N,OCNT-2312546,5.7078595,5.453324968590002,4.989723,5.326539027143674,5.23126726058,4.9410663,5.473981896998203,5.058296,5.673993,5.6100273,5.538637,4.94420277,4.75378925,5.10881
1,1,JNKGLLRFVIVVLH-UHFFFAOYSA-N,OCNT-2317901,5.0489635,5.1774597288700015,5.1769266,5.2383577616678965,4.72783757211,4.3747597,4.5067124805975505,4.5643854,4.908464,4.879579,4.9646335,4.767536028,4.58477425,4.97665125
1,1,JNUPUTJOTQNJHS-UHFFFAOYSA-N,OCNT-2310953,5.1728063,5.10286284257,5.1582694,5.432308961869109,5.065580923479998,4.6468277,5.4896648184556485,4.8963017,4.6776104,5.2600017,5.3926997,4.204215843,3.90944125,4.62933625
1,1,JOBIHDLHMORTRY-UHFFFAOYSA-N,OCNT-2313198,4.798034,5.029702583680001,5.007784,4.58286307332337,4.96573154653,4.903898,4.804313265053352,4.723503,4.6064672,5.1337485,5.0614815,6.576043718,6.49806,6.656749
1,1,JOOUCWULASYDLT-UHFFFAOYSA-N,OCNT-2312522,5.3397994,4.692939021920002,4.7170835,4.747236602128647,4.49562824508,4.251697,4.613663118479567,4.835852,4.7830453,5.1344934,5.0999594,5.183013522,5.0543875,5.322574
1,1,JOVSAVNPGWRRBL-UHFFFAOYSA-N,OCNT-2308857,4.69792,5.00968285264,4.916396,4.222031612857274,4.38938111184,4.9704466,3.710931116816837,4.061959,4.5031896,4.7386312,4.8687515,5.046667327,4.945502,5.12796175
1,1,JOYGWYISRWPUIM-UHFFFAOYSA-N,OCNT-2309940,5.7245145,5.38159079023,5.3363595,5.667316087546059,5.281085582500001,5.302163,5.104674072106785,5.4909015,5.869707,5.4829826,5.5248117,6.960038212,6.880699,7.0398015
1,1,JPPCYARQPPFARN-AWEZNQCLSA-N,OCNT-2308867,5.349536,5.32366675209,5.185713,5.211192677627588,5.158153196980001,4.892218,5.3104506519494175,5.064405,4.793881,5.203432,5.35325,2.183939,1.071362,3.24519775
1,1,JPSILQZHLDXHAY-UHFFFAOYSA-N,OCNT-2313851,5.254566,5.11765295021,4.871178,5.0634277143146145,5.101005140439999,5.664796,4.937665470869762,5.126621,4.585014,5.2083454,5.1985993,3.29024339,1.74225,4.010045
1,1,JSJSFTYUFLJSPW-UHFFFAOYSA-N,OCNT-2310283,4.2881217,4.891467525180002,4.2917366,4.6006827085646105,5.07581721842,5.181648,4.710536876890686,4.6529107,3.5385017,4.3562994,4.5887794,3.434480737,2.67163475,4.01040125
1,1,JXWZKTCUNRLGCD-UHFFFAOYSA-N,OCNT-2315616,5.4084163,5.4189458985,4.9962687,5.3015658977550055,4.855185840280001,5.2477784,5.496432245587804,4.451499,4.151512,5.2019467,5.3419485,5.403267787,5.28731525,5.50438
1,1,JZGFHLNNHVLECJ-UHFFFAOYSA-N,OCNT-2310260,5.684374,5.03968302673,5.1667457,5.029534106086427,5.027855602000002,4.9344287,4.619334720642579,4.8694572,4.9718704,5.4279394,5.496594,5.250553917,5.1581985,5.3324535
1,1,JZKCGQFNKIROBD-UHFFFAOYSA-N,OCNT-2308682,5.4552445,5.23746168474,5.481015,5.413511981522768,5.02472240901,5.4304476,4.825618846622394,5.2813053,5.4117904,5.367153,5.5321336,6.125472485,6.00954975,6.243253
1,1,JZKURPYQVDAOOL-UHFFFAOYSA-N,OCNT-2309809,5.479948,4.848266068819999,5.361673,5.347788149494119,4.990646677140001,5.395238,5.313826531666325,4.8264914,5.169509,5.448398,5.363465,4.815146673,4.445708,5.153794
1,1,KLBQZWRITKRQQV-UHFFFAOYSA-N,OCNT-0022141,5.116345,5.027062924130002,5.161542,5.087520447307601,5.102054722890002,5.0876546,4.85191154384583,5.058394,4.7914553,5.123883,5.1653585,4.99798696,4.8811085,5.1165775
1,1,KOULUEUAIZCSHA-UHFFFAOYSA-N,OCNT-2314692,3.9044065,4.501296700109999,4.706143,4.337797638784706,4.622790572000002,4.9173903,4.104095955227767,3.9095798,3.5864806,3.9559207,4.006463,4.02754536,3.61321575,4.456268
1,1,KYLIZBIRMBGUOP-UHFFFAOYSA-N,OCNT-2328946,6.384151,5.174491124220002,5.429963,5.611587402250257,5.21951077354,4.8656545,5.647406064068558,5.957353,6.4694552,6.4065633,6.557836,5.782165655,5.70400425,5.86594
1,1,KYWIQEYVDXUQTE-UHFFFAOYSA-N,OCNT-2311264,5.3437862,5.278381880519999,5.08273,5.336546264751061,5.2604636744899995,4.9410663,5.093680560426987,4.886487,4.30371,5.281221,5.4431953,3.243945388,1.621415,3.98947975
1,1,KZIDFUMZLWTNPB-UHFFFAOYSA-N,OCNT-2310751,3.9780598,5.23292029995,5.0754757,4.878053069449091,5.067277830199999,4.5686145,4.839243624609447,4.5366716,4.036342,4.7090874,4.729408,3.4110217,2.1072145,4.029117
1,1,LAKMZUJEPXHSQY-UHFFFAOYSA-N,OCNT-2309810,4.887346,5.063371570689999,4.6939254,4.4775851207618,4.03370754487,4.1705074,3.464034848627898,3.7929316,4.2207904,4.791874,4.721102,4.237526648,3.784309,4.99763575
1,1,LBCJOUUDNYKSSR-KRWDZBQOSA-N,OCNT-2315056,5.385563,4.556257813310003,4.4842987,4.440497074643744,4.961892454969999,5.309747,4.786772224730628,4.405762,5.1785064,5.309403,5.336962,4.832905623,4.67346575,5.03816775
1,1,LEWHCBDKCHBNAH-UHFFFAOYSA-N,OCNT-2316564,5.328991,5.236727847380001,5.26794,5.15832461194727,5.308101292989997,5.2771373,5.14256664665691,5.188381,5.4082065,5.2926855,5.535103,5.343676625,5.15559525,5.557769
1,1,LFYAZSYJXZDHFQ-UHFFFAOYSA-N,OCNT-2316441,5.712715,4.786632635019996,4.597867,4.892175435238075,5.203369678639999,5.0557847,5.12575510543525,4.9166293,5.1552744,5.449799,5.4749074,4.611475032,4.488817,4.76614425
1,1,LHANYQYWDMCDJS-UHFFFAOYSA-N,OCNT-2308855,4.7563863,5.195516459100003,5.231839,5.082037936087469,4.57562606334,4.476506,4.31347944183417,4.912959,4.601793,4.6959753,4.836871,3.000227785,1.29952025,3.928265
1,1,LNKZWMHWZLHGNP-UHFFFAOYSA-N,OCNT-2315034,5.2953086,5.575510841500002,5.5066824,5.399445238726784,4.651389128079999,4.6396976,5.20116143652621,5.1412044,5.2293005,5.2940817,5.112239,6.252203423,6.164725,6.34218325
1,1,LRAHSUQSFTWJQM-UHFFFAOYSA-N,OCNT-2310368,5.574201,5.381996386880003,5.380606,5.578050199554652,5.445783709360001,5.3221765,5.267805036895448,5.357309,5.013619,5.742026,5.752995,7.069229052,6.983649,7.15433675
1,1,LRHLCTNZAXRLDS-UHFFFAOYSA-N,OCNT-2309619,4.557157,5.15055621378,5.007784,4.7474368285165065,4.572246746820001,4.5527105,4.660900081272024,4.6127186,5.121308,4.645237,4.532672,5.14139961,4.866296,5.33401625
1,1,LVWKFZKZBVNNLM-UHFFFAOYSA-N,OCNT-2311908,5.9749765,5.491797016530003,5.3730264,5.518415119281741,5.08354303627,4.749668,5.514235966206392,5.430057,5.8020344,5.7029567,5.6247683,5.514505087,5.434539,5.59768875
1,1,MCLMRJSNYOWEOE-UHFFFAOYSA-N,OCNT-2311709,4.361595,5.215055988260001,5.2489905,5.145931204834653,5.309487900619998,5.2211046,5.381800559700667,4.6839514,4.9569926,4.762444,4.7144966,5.237559848,5.0844385,5.36884975
1,1,MKQBWARPRLEMRM-UHFFFAOYSA-N,OCNT-2313808,4.649444,4.542139403509999,4.460814,4.302378963502487,4.74339667875,4.869234,4.560693883101237,4.3932886,4.026205,4.709117,4.8715687,4.187514473,3.8735595,4.5992575
1,1,MLWJNKOKQZCQFM-UHFFFAOYSA-N,OCNT-2309042,4.866477,4.706299504420001,4.7953033,4.630616124465132,4.664836563990001,4.94186,4.794529842746044,5.249092,4.525623,5.124324,4.958888,4.096998445,3.7352795,4.63813575
1,1,MMSHALYOJMLWFN-UHFFFAOYSA-N,OCNT-2312485,4.813327,4.8336793148,4.914913,4.615172771117214,4.91809072799,4.5279083,5.140887145271584,4.771878,4.333984,5.0828433,5.1027546,5.168842752,5.0245185,5.29288175
1,1,MNPGBPBPRIRZDE-UHFFFAOYSA-N,OCNT-2318639,4.458002,4.747408440340001,4.9546165,4.9524776941908515,4.230419722089999,4.512572,4.359740241807582,4.26928,4.681723,4.434709,4.488519,4.919269393,4.75614875,5.079001
1,1,MNXQQFJGACBPSP-UHFFFAOYSA-N,OCNT-2308900,5.376022,4.75875783387,4.8655515,4.933797106227621,4.665858130130001,5.320879,4.9543386430051815,5.0090175,4.730318,4.799505,4.9441886,4.902761188,4.71260925,5.1117005
1,1,MOSOFALFTKWGNN-UHFFFAOYSA-N,OCNT-2317457,4.981335,5.261331559040002,5.1088786,5.139807689315199,4.992322154209998,5.1658177,4.877982388888546,4.7833924,4.7880406,4.9358845,5.034501,5.231524927,5.0672285,5.36796275
1,1,MQBUEZDBNBGKQA-UHFFFAOYSA-N,OCNT-2316392,5.2671423,4.541813743960003,4.822794,4.10915292818244,5.314859425750002,5.464257,5.071269784846099,4.8521523,5.4592075,5.3437366,5.3302717,5.02477199,4.81040675,5.2358595
1,1,MQCGKFMBSSLQAT-UHFFFAOYSA-N,OCNT-2310650,5.7857103,5.20750794855,5.4343786,5.441321521447025,5.508541544970001,5.188116,5.356033483797782,5.0913086,5.4232273,5.528474,5.691995,5.152074687,4.954051,5.29500725
1,1,MQCGWNQRZSSMDW-UHFFFAOYSA-N,OCNT-2316397,3.1366005,4.110223518890002,3.7479098,3.892286852371991,4.632440154480002,4.765492,4.636588622045041,3.6337857,3.436211,3.611842,3.5468318,2.21808428,1.05438725,3.5727275
1,1,MXKDWVMKCZFVKO-UHFFFAOYSA-N,OCNT-2308774,5.574125,5.260147461710002,5.340531,5.514695678803715,4.9448868191700015,4.7354016,5.00514132869985,5.0452595,5.219893,5.494793,5.541969,5.206897602,5.060053,5.34915425
1,1,MZCSBMOLDFPPDR-UHFFFAOYSA-N,OCNT-2318008,5.0202155,5.154930350250001,4.9962687,4.580957680978282,5.1319180529800015,5.1419077,4.80173375774005,5.0072484,5.0173078,4.994594,5.12747,3.96540895,3.530583,4.396681
1,1,MZFRIUHVVSLKNK-UHFFFAOYSA-N,OCNT-2315263,5.277415,5.207022544980001,5.239391,5.147393913676643,5.33828002668,5.1364183,5.345906284486662,5.211603,4.94223,5.2303357,5.471543,4.34719136,4.07993525,4.70573825
1,1,NABUIGWXEXMHMS-UHFFFAOYSA-N,OCNT-2308600,5.65515,5.2606433623400015,5.2873807,5.423272394484952,4.9329172146000015,5.2349644,5.210656269488716,4.93617,5.3796,5.2953496,5.489559,5.030569498,4.86822,5.1897335
1,1,NCTLRULTXWYPMC-UHFFFAOYSA-N,OCNT-2317717,4.795943,4.882237301139999,4.974511,4.563926698498899,5.449045317779999,5.2353983,5.682147247479738,4.9866557,4.24046,5.1678715,5.161016,6.574364715,6.48812875,6.65686025
1,1,NDFPYBQHVQZPMN-UHFFFAOYSA-N,OCNT-2313708,3.0942378,4.214480737850001,4.739249,3.656756497534913,4.2339707351200015,4.4153347,3.862547979068909,3.9625173,3.2784956,3.5560975,3.8697252,1.976778238,1.03478825,3.3323695
1,1,NDUSXQDVIMTNBB-LBPRGKRZSA-N,OCNT-2317275,5.42139,4.84714521361,4.8979726,4.935559321441604,5.380585142819999,5.4594507,5.429911665078763,5.3931665,4.8712163,5.425168,5.4660645,5.650434745,5.56909875,5.740479
1,1,NHFQFWFPAUMJGJ-UHFFFAOYSA-N,OCNT-2314305,4.7067194,5.14968862515,5.054315,5.066053282321005,5.12655047557,5.450512,5.127997006486064,5.1246986,4.224,4.8540974,5.0091376,5.072082613,4.852054,5.257903
1,1,NLPVWZDQUHNWNN-UHFFFAOYSA-N,OCNT-2311091,5.8948283,5.5542072315399995,5.2609553,5.501952401009446,5.25917150668,5.242659,5.860362922894997,5.7352247,5.7749825,5.9530187,5.89918,5.19945139,5.016559,5.36173025
1,1,NMMUSFDWIGXTFN-UHFFFAOYSA-N,OCNT-2315113,5.3866076,4.8958519121099995,4.7905474,4.897598567258139,4.655585019980001,4.0359573,5.028849903966845,4.9133506,4.9552507,5.4912896,5.442091,5.132104528,5.028389,5.2236135
1,1,NQQGFLRQAYNQKG-UHFFFAOYSA-N,OCNT-2312612,5.1834126,5.000504158279998,5.2687283,5.174805346641013,5.277533791709998,5.2159867,5.516841276325171,5.176405,4.744652,5.488769,5.4912634,4.620563847,4.41158,4.87041825
1,1,NSBQHSGIUPTPOI-UHFFFAOYSA-N,OCNT-2311897,5.5218477,5.69483933119,6.0179906,5.9961601560037225,4.946392963170002,5.1010737,4.5820306250884615,4.9177413,5.2793694,5.256958,5.5536666,5.315708543,5.23521,5.3959305
1,1,NSRZZYJURUMVCD-UHFFFAOYSA-N,OCNT-2311279,5.0925646,5.318208650980003,5.2220516,5.084184458694292,4.884179927630002,4.7546234,5.019832488986811,4.8415403,4.246034,5.1948667,5.2462664,4.621964258,4.41104,4.9033155
1,1,NTQGLVXAIXWVHU-UHFFFAOYSA-N,OCNT-2314807,5.8151965,5.18576021717,5.4139957,5.663203241448828,5.280287088110003,5.3531957,5.841634585471032,5.7864614,5.001434,5.845481,5.619898,5.24065141,5.051678,5.40612175
1,1,NVAGELYZKFZNII-UHFFFAOYSA-N,OCNT-2316534,4.659722,5.085707968569998,4.8242607,4.762262519395012,5.3002652240299994,4.972394,5.34207632683249,5.040548,5.2249618,4.79707,5.0480204,5.045373722,4.8657095,5.19357125
1,1,NWPWJRDPPQHNKN-MEDUHNTESA-N,OCNT-2308707,5.30635,4.55670968415,4.8560896,4.182311368165442,4.37316835281,5.14457,5.197003656659476,5.0732946,4.181055,5.4323606,5.4744167,2.098388835,1.0554595,3.245185
1,1,OBJGHGIIYVTWIJ-UHFFFAOYSA-N,OCNT-2317984,4.218565,4.416370370689999,4.3808017,4.497920223452013,4.240240156930001,3.9606261,4.330392712294084,3.798567,4.1978803,4.3915005,4.083631,3.785064653,3.187364,4.20061575
1,1,OCAPBUJLXMYKEJ-UHFFFAOYSA-N,OCNT-2328447,6.4205885,5.670998268770002,5.6019206,5.87179180283549,5.188264165570001,5.1469736,5.298287889758773,5.8444195,5.882266,6.033712,6.1006002,5.643812715,5.551477,5.7303315
1,1,OCIXNTJMRJNLDM-UHFFFAOYSA-N,OCNT-2316100,5.566725,5.144375486030002,5.758705,5.124802745799921,5.02897968961,5.0289135,4.828861162356629,4.7628293,5.2933497,5.447682,5.362175,5.43887023,5.295858,5.58295325
1,1,OCTGYJIORZIWOI-UHFFFAOYSA-N,OCNT-2315468,6.114806,5.270053425830001,5.6902385,5.621507154475415,5.144437958839998,4.6899004,4.491292331287733,5.2208805,5.823629,5.8003983,5.568722,5.262218208,5.1192675,5.3867015
1,1,OHZIROHEARSYFY-UHFFFAOYSA-N,OCNT-2317689,4.720537,4.428887929219999,4.913639,4.082872088628302,4.675946913840001,4.8071213,4.783337727038069,4.1774993,4.6012006,4.8362417,4.8674173,5.21566131,5.06100525,5.354621
1,1,OIZIUJHUYPZUHN-UHFFFAOYSA-N,OCNT-2310316,5.829995,5.328620702780003,5.2638373,5.411992983994397,5.170682047779999,4.7613363,4.929419675472052,5.508952,5.4309554,5.9022274,5.8021383,5.877808642,5.78341375,5.9808605
1,1,OKBJEKUWPWBPLC-UHFFFAOYSA-N,OCNT-2312414,5.4889855,5.336641011630002,5.4561462,5.5853471848474365,5.307123971549999,5.6344066,5.670902239990117,5.670528,5.024517,5.774211,5.772024,4.968917783,4.7617285,5.16433375
1,1,OKFLIVSLDROEJN-UHFFFAOYSA-N,OCNT-2315211,4.6769595,4.658825542610001,4.8070235,4.887972397788196,5.30793030749,5.426181,5.2812116237654205,4.799127,4.6017222,4.77717,5.141683,5.726395405,5.64183625,5.812876
1,1,OLJDXACHTKESBX-UHFFFAOYSA-N,OCNT-2310942,5.7084107,5.379908484490001,5.258325,5.432774419442029,5.406317123800001,5.450512,5.692983828111713,5.0737686,5.3268957,5.3479605,5.279173,5.535560795,5.39354875,5.65165075
1,1,OLYONISXYQGNEZ-UHFFFAOYSA-N,OCNT-2317300,4.6098747,5.02405644387,4.9962687,5.279532473345559,4.79281460113,5.148695,4.316861379310585,4.286791,4.565253,4.607418,5.133385,4.63884534,4.46843725,4.850305
1,1,OPUUOMNWXYQDMA-UHFFFAOYSA-N,OCNT-2312606,4.442836,4.573242811720002,3.8144794,4.044756719334101,5.225650881190001,5.0810714,4.8962170694653215,4.0161285,4.20135,4.380868,5.0756435,4.509429705,4.34678,4.73349725
1,1,OSHMXVGKRHQANF-LBPRGKRZSA-N,OCNT-2311487,5.355859,5.324010991729995,5.2874627,5.121040649829572,5.02839201604,4.955878,5.343880560705545,5.2546444,5.045604,5.39269,5.3072734,5.910242587,5.82055425,5.9996955
1,1,OTNGFHKZEVTRBS-RTBURBONSA-N,OCNT-2313778,5.5415435,5.671957317450002,5.030576,5.70472442205417,4.664455157350002,4.68255,4.659449574575578,5.0023026,5.229872,5.4876885,5.409323,5.030950358,4.83841925,5.20294375
1,1,OUIMHMZUPAOFMZ-UHFFFAOYSA-N,OCNT-2315175,4.839418,4.856375159579999,5.0359874,4.807658033751969,5.003680809559999,4.702673,5.23545330725912,4.8266487,4.3818097,4.793564,4.7114067,5.324971995,5.134317,5.47951225
1,1,OVFKQWFQTXBVDX-UHFFFAOYSA-N,OCNT-2315517,5.450763,5.14210734919,5.0620465,5.0134697720642345,5.19227355623,5.2771373,5.473216764110014,4.731794,5.582013,5.2663817,5.4917774,4.98168919,4.80122675,5.2082845
1,1,OVSRILAVJGUBPG-UHFFFAOYSA-N,OCNT-2315888,4.781041,4.607530194439999,4.3682795,4.69052648092817,4.721110295810002,5.005795,4.585607737522765,4.9064565,3.849142,4.5719895,4.961214,6.387175635,6.25914575,6.51836125
1,1,OYOZASXGHJLQNN-UHFFFAOYSA-N,OCNT-2312078,5.87389,4.92482646921,5.0029798,4.856067547551944,5.2025531666900005,5.1069417,5.676853707489157,5.287168,5.687957,5.638361,5.4981303,5.722540748,5.616379,5.82666275
1,1,PDTMEWBSGOMXMQ-UHFFFAOYSA-N,OCNT-2310785,5.84826,5.67201375984,5.340531,5.652533471299652,5.496509170910001,5.4348288,5.665056634695534,5.5530376,5.6912045,5.87223,5.7778077,5.972145937,5.885449,6.06039025
1,1,PEWNDETWSSTSKC-UHFFFAOYSA-N,OCNT-2313831,4.882378,4.480762809999999,4.571819,4.827392671834545,5.3565207415,5.583872,4.490301684745726,4.7411337,4.908122,4.8855166,5.1531005,4.441024328,4.10993325,4.95567225
1,1,POVWSOQNXDNFPG-UHFFFAOYSA-N,OCNT-2310758,5.344886,4.764353270680001,4.695371,4.924642795607647,4.764132970160002,5.246339,4.699123532042138,4.7724385,4.644276,5.0336494,5.156691,4.905596782,4.753685,5.08911225
1,1,PPLFVYMZLYWYGR-UHFFFAOYSA-N,OCNT-2313460,5.153129,5.415171380950002,5.198546,5.381460445707748,5.159022497250001,4.8550997,5.514660091905178,5.4341826,5.1509852,5.175821,5.239115,5.59723241,5.47348825,5.72027375
1,1,PQFHDPWCCVEQQJ-UHFFFAOYSA-N,OCNT-2313141,4.2516813,4.521016116490001,4.6813464,4.483917539370306,4.564593903320003,4.6344438,4.489410637057908,4.0290504,4.592906,4.36221,4.5855117,4.904995085,4.71597625,5.07963
1,1,PTZLOFTYVKXQRY-CHWSQXEVSA-N,OCNT-2317601,4.3371563,4.609080144089999,4.5028076,3.794443634168932,4.6772423020400025,4.519719,4.461575914660223,4.551244,3.8060744,4.1908097,4.17231,5.311281385,5.1601995,5.4529115
1,1,PUAWDLMNXLVBTB-UHFFFAOYSA-N,OCNT-2313685,4.917774,4.968402479320001,5.2081327,4.775090320576804,4.607619804080001,4.9770412,5.033513115462664,4.6316032,4.9759164,5.0264454,5.2016945,4.04451513,3.65251825,4.3823
1,1,PZBMCIRQTJSXEM-UHFFFAOYSA-N,OCNT-2309599,5.5166454,4.822251251819999,5.057534,4.703724990413551,4.9979742838900005,5.0557847,4.88009612305661,4.9661217,5.4189,5.4442534,5.422746,5.153638547,4.9495605,5.37137275
1,1,QBZCECCUXJLFMB-UHFFFAOYSA-N,OCNT-2312208,5.398551,5.409861858170001,5.2463984,5.218340898265504,5.5082441079099995,5.311185,5.413516519675357,5.6409802,5.3012395,5.6776075,5.5815964,4.35866423,4.0743715,4.79185575
1,1,QICVHYIQFRIWFR-UHFFFAOYSA-N,OCNT-2310937,6.017928,5.811003232999997,5.3312407,5.703075840416713,5.41857336139,5.311185,5.499359772069404,5.586357,5.3992424,6.1286793,5.800041,5.447608275,5.37239875,5.5256225
1,1,QNQSCXODGQCIFA-UHFFFAOYSA-N,OCNT-2318585,5.7834196,5.241205259530001,5.4946885,5.671586344926135,5.224661380500001,5.2771373,5.11582935307338,5.59101,5.66767,5.5351243,5.5847206,5.56130717,5.47979925,5.6461105
1,1,QNTHWRNJSZFTQQ-UHFFFAOYSA-N,OCNT-2311387,5.7574015,5.3788160687200035,5.4383254,5.4027122141122605,5.3686358857400025,5.106865,5.246988008713077,5.343378,5.4975348,5.342597,5.339022,5.03445958,4.84659025,5.17683025
1,1,QNTYSVXEXCRUEK-UHFFFAOYSA-N,OCNT-2310878,5.109744,5.441855085239999,5.3348436,5.028412054052558,5.091278097800002,4.912826,5.290577875389432,4.8360677,4.898244,5.088056,5.3665156,5.270082415,5.102644,5.4139605
1,1,QOMURNVBTXTAIV-UHFFFAOYSA-N,OCNT-2310983,3.7260754,3.8177980537900025,3.7496846,3.9187675927649663,4.29144705734,5.08619,4.440803738989986,3.7329803,3.9147534,3.6326377,3.4506853,4.515012138,4.31683675,4.7748875
1,1,QQTARCVTVSIJRX-UHFFFAOYSA-N,OCNT-2311651,5.338448,4.898657397099999,5.063877,4.9499345379440145,5.21972107717,4.593177,5.279615810776576,5.603001,4.717775,5.538359,5.3911285,6.545058893,6.46323375,6.62659375
1,1,QVLONCRSZCBUNW-UHFFFAOYSA-N,OCNT-2311340,4.252009,4.2977102372700005,4.555313,4.378596772635781,3.9779992925100007,4.3129926,4.041346508792273,4.0804033,4.189222,4.239728,4.1115894,3.133907592,1.27241325,3.9812995
1,1,QVVSKZGCFJDBDW-UHFFFAOYSA-N,OCNT-2311135,5.5394483,4.990767741270002,4.792626,4.907230100944689,5.275719374920002,5.320182,5.268224586566395,5.475965,4.638703,5.4204483,5.2677794,3.527385155,2.54999925,4.1111975
1,1,QYHDOFQZWNVICE-UHFFFAOYSA-N,OCNT-2314460,3.7076147,3.8780723789100016,4.0300717,4.078349519074626,4.417722255009998,4.946585,4.268468257066338,3.8570514,3.5662065,3.868096,3.370801,2.27034177,1.08051,3.60961325
1,1,QZKFAVIPPGQIGR-UHFFFAOYSA-N,OCNT-2310214,5.922868,4.959826340049999,4.8846054,5.151044680764233,5.3729252564,5.021577,5.328930129952516,5.7742324,5.890009,5.848802,5.869631,5.464391818,5.36966,5.55245075
1,1,RCBGZWSXEDEAKT-UHFFFAOYSA-N,OCNT-2313872,4.4966555,4.538714440249998,4.9302955,4.9459898971656395,5.07028322671,5.311185,5.265227140511839,4.519875,4.7552104,4.5842957,4.5502605,4.071929785,3.6806365,4.65005625
1,1,RDFSDZSZRPSGPR-JTQLQIEISA-N,OCNT-2312387,5.7140822,5.22992784413,5.1900535,5.3878553045815085,5.30323804301,5.397699,4.961970138306434,5.374286,5.468037,5.6039715,5.646184,5.229927352,5.0666685,5.38179975
1,1,RECBLOHVWNTXCV-UHFFFAOYSA-N,OCNT-2310338,3.9832385,4.1500726870700015,3.5065408,3.627866541068516,4.16091621486,4.2652416,4.453505488744515,3.4616134,3.7840598,4.0742908,4.286927,3.445593937,2.5960015,4.01840425
1,1,RFBSFICICWAJJP-UHFFFAOYSA-N,OCNT-2318031,4.038191,4.3925412919500015,3.9397342,3.7922075754484017,4.31918657829,5.015747,4.593667817349339,4.1000643,3.4441006,4.336841,4.354618,2.299080243,1.07447525,3.65251825
1,1,RJEFLQVTYYVNSJ-UHFFFAOYSA-N,OCNT-2312277,4.735537,4.9422866374500005,4.6353717,4.3474988865157655,5.21814902811,5.0810714,5.077635867641911,4.421749,4.213651,4.6853004,4.793651,5.379924618,5.26215675,5.478853
1,1,RLRTYDNYGVMPHP-GYSYKLTISA-N,OCNT-2311088,5.7826834,5.371276625050001,5.383563,5.5952747063785635,5.450509535479999,5.3306913,5.656182441392345,5.632068,5.5697813,5.7680535,5.9183555,5.744338573,5.57154025,5.91131125
1,1,RUFRDTMUMLXNCI-UHFFFAOYSA-N,OCNT-2312704,4.9621897,4.820418160420001,4.831335,4.745267847628945,5.038391542809999,4.9157696,5.163829968767741,4.9172497,3.985671,4.996162,4.3136277,5.746111453,5.6216685,5.86070125
1,1,RXVUZHPPZZQGHY-UHFFFAOYSA-N,OCNT-2312352,5.450883,5.316699517790003,5.285818,4.795217575111613,5.00104315267,5.1741223,5.192081517725639,5.118254,5.474505,5.3750815,5.5642977,5.39070074,5.2707975,5.49787725
1,1,SCTHNWLHNCWRED-UHFFFAOYSA-N,OCNT-2313565,5.0675926,5.173794360039999,5.2740855,5.254187364873632,4.694191727130001,5.1544127,4.328581862466064,4.534089,5.2927213,5.121588,5.152361,4.798317928,4.63974675,4.98029
1,1,SFHLFNWOCGHDOA-UHFFFAOYSA-N,OCNT-2318103,4.95609,4.902501228320003,4.8484335,4.843718849865937,4.512271697429998,4.70136,4.358245411949267,4.6120205,4.4315214,4.518328,4.7621074,6.007066763,5.88041125,6.13242675
1,1,SJDGSALYCQVKOO-SHTZXODSSA-N,OCNT-2310684,4.987258,4.62895116268,4.815027,4.737623422808721,4.619634746760001,4.313455,4.683130993589147,4.711144,3.8395982,5.074286,4.85696,4.902856362,4.691437,5.1296805
1,1,SOPSTNOHBNLMBW-UHFFFAOYSA-N,OCNT-2309323,4.0129547,4.26474639395,3.9926605,4.178489704892506,4.4400460100700005,4.9169827,4.596601574145508,3.6265168,3.7426171,4.0430846,3.9227624,3.809379935,2.741703,4.23898975
1,1,SPIUTQOUKAMGCX-UHFFFAOYSA-N,OCNT-2328663,5.138843,4.9513380173299995,5.1362834,4.6295761610258666,4.557942648070004,4.8880506,4.653545330281575,4.59537,5.302625,4.623161,5.1811557,5.071095182,4.92003025,5.21305675
1,1,SQNZLQKMVFUELG-UHFFFAOYSA-N,OCNT-2308829,4.473108,4.985386817340001,5.158339,4.748168142527413,4.80643232357,4.654567,4.410938674453978,4.096269,4.5271974,4.782743,4.7302957,5.310150098,5.1276615,5.465535
1,1,STDFBBSZPPVDEA-UHFFFAOYSA-N,OCNT-2310081,5.031463,5.261482037140005,5.213697,5.073244113474527,4.974189981830001,4.996498,5.389327740828355,4.947398,4.78506,5.356532,5.24712,6.060211415,5.94318,6.17309
1,1,SUCKANYAWOWYFK-UHFFFAOYSA-N,OCNT-2312420,5.1344,5.152176539319999,5.1600747,5.177967846893812,5.03947971048,5.2349644,5.142125975349204,5.034908,4.761588,5.203587,5.1554003,5.757593662,5.628079,5.882591
1,1,SYXTXXKDVIEGLV-UHFFFAOYSA-N,OCNT-2310458,5.4077573,5.331953937590002,5.2452035,5.450753498186208,5.050876481760001,5.2025704,5.210213722534421,5.1904488,5.5229983,5.2078686,5.4779835,5.415105497,5.29188,5.52425225
1,1,TULLPNOZEUPQFX-UHFFFAOYSA-N,OCNT-2316189,4.9869304,4.875613798020001,4.9617677,4.708400640069976,5.230128329040003,5.113961,5.134624597990132,5.175124,4.455406,5.1699443,5.3677907,5.466720575,5.317236,5.6001605
1,1,TZHCGVRZHACKPM-UHFFFAOYSA-N,OCNT-2308866,5.744435,4.615952702070001,5.1340027,4.757556617333125,5.164432125929999,4.675987,5.452145568946186,4.878803,5.4593563,5.229055,5.4088717,4.71698677,4.5006475,4.993365
1,1,TZKKMLHKYBWIQU-UHFFFAOYSA-N,OCNT-2313060,4.520005,4.4466312624599995,4.698341,4.9813543353081435,4.905582594370002,4.840135,4.696296645063189,4.618293,4.580936,4.8926897,4.648206,4.808401395,4.63878675,5.0046065
1,1,UDCRBVYHXMGVBV-UHFFFAOYSA-N,OCNT-2311707,4.6861863,5.106150156249999,5.3973117,5.285839771789533,4.471490545950002,4.1694813,4.7264487377776,4.5111036,4.9776583,4.749612,4.9224453,5.673069532,5.55335175,5.7863855
1,1,UISBDOVUEJVHOM-UHFFFAOYSA-N,OCNT-2309684,4.952201,4.900986597320002,4.9064183,4.763529318231225,4.8559073153000005,5.1032343,4.8310237541528185,4.6593447,4.4665537,4.8617616,4.9020643,3.929221478,3.512783,4.35472325
1,1,ULSVLCNUYFBDCA-UHFFFAOYSA-N,OCNT-2316109,6.221241,5.531580644360002,5.6749625,5.721150490637484,5.554288380739999,5.311185,5.261940715775935,5.770772,5.949891,6.2813206,6.0785694,5.172316588,4.788748,5.4974345
1,1,ULZMMJCEUCGMST-UHFFFAOYSA-N,OCNT-2312610,5.881605,5.075405310320001,5.21628,5.362333803468504,5.3138894215600025,5.3475423,5.293851066184127,5.185045,5.6875706,5.7176795,5.8519597,5.845306095,5.74101325,5.9451485
1,1,UWSWAMWLQLOZGQ-NHYWBVRUSA-N,OCNT-2314140,4.6938453,4.100555933650001,3.801997,4.13985866815414,4.6901428895400015,4.6143317,4.836924255710759,4.6809726,3.4905262,4.644805,4.5535254,4.3257124,4.017745,4.79933025
1,1,UYUUAFPDPUVZAK-UHFFFAOYSA-N,OCNT-2315456,4.839808,5.134627081470001,4.770847,4.744585804795356,4.844839275940002,4.702673,5.317701027560602,4.6160054,4.8182325,5.0664854,4.8030496,1.971150622,1.052412,3.17316825
1,1,VDVCOXFUTIBICX-SJORKVTESA-N,OCNT-2316811,4.87539,4.810855174900002,4.831633,4.578144778344495,4.312102909340001,4.7354016,4.721584905505314,4.4529376,4.643509,4.6144376,4.5767155,4.652445265,4.43205275,4.935281
1,1,VGGFTXSHZAOJPX-UHFFFAOYSA-N,OCNT-2314160,4.5167627,5.075352344460001,5.2494664,5.2100749501578205,4.686080741310002,4.1938787,4.600226206274907,4.4854894,4.371638,4.6719656,4.813801,4.898082708,4.68701625,5.07983075
1,1,VKKZQUBBITUCLX-UHFFFAOYSA-N,OCNT-2310423,4.654958,4.37881232456,4.7571235,4.7516765853502205,4.73111609745,4.9939446,4.838203220969318,4.5154,4.8092923,4.670628,4.821599,3.659686757,3.06325,4.27551875
1,1,VKSJXCSFVDMTMF-UHFFFAOYSA-N,OCNT-2310174,5.6563406,5.0701270594600025,5.258726,5.25061784265037,5.002734276430002,4.899194,5.204495431740894,5.1807613,5.4071345,5.3755355,5.5872054,5.016708087,4.81568675,5.1670495
1,1,VLPIATFUUWWMKC-UHFFFAOYSA-N,OCNT-2328583,5.2264576,5.045749286570001,5.1670957,5.33828736132466,5.028178379700001,5.0138702,4.8342663471108684,4.9596663,4.880638,5.030068,5.27557,5.823946382,5.70998425,5.9379025
1,1,VMMAOGVIBOQCRR-UHFFFAOYSA-N,OCNT-2314574,3.72357,4.18915267704,3.6846697,3.894162872693514,4.3679634703599985,4.6293964,4.225050643551831,3.916317,3.9656978,4.013452,3.9043365,2.4750014,1.0474595,3.783307
1,1,VPPGWCWDOYSEGZ-UHFFFAOYSA-N,OCNT-2315636,5.64061,5.1842905550600005,5.323949,5.157185038326115,4.99661098943,5.1032343,5.121084853772326,5.245032,5.4563785,5.3517346,5.421587,5.478182625,5.40159,5.55965625
1,1,VPUGWHCGFRLACZ-UHFFFAOYSA-N,OCNT-2312496,5.384329,4.7679098538400035,4.766051,4.224729312613491,5.5186573681899995,5.2211046,5.564281859624535,5.0499954,5.402158,5.4207225,5.4819145,4.902117292,4.72962775,5.098319
1,1,VUBPFQVWEULGBN-UHFFFAOYSA-N,OCNT-2314197,6.2786036,5.009578080220001,5.291836,5.3087882787559275,5.231815120070003,5.2771373,5.473755866112095,5.8193355,6.0335917,5.985281,5.822281,5.76322843,5.68153725,5.84924275
1,1,VXYWJYHOQJEMKQ-UHFFFAOYSA-N,OCNT-2310796,5.9462023,5.228024562329998,5.5841,5.7893801518731305,5.23701667295,5.176435,5.215297501139726,5.2319427,5.8901715,5.6624727,5.724466,6.640890918,6.5620765,6.71921025
1,1,VYKYJWRYICVBEY-UHFFFAOYSA-N,OCNT-2316683,4.510396,4.46916058546,4.6792917,4.723375666717161,4.828809578800002,4.6143317,5.096632200970548,4.358869,4.272963,4.233161,4.385975,3.862122165,3.3623225,4.42182275
1,1,WBWNBROSFREOPO-WFASDCNBSA-N,OCNT-2309977,4.6518784,4.9173946215300015,5.0313687,4.655287537181899,4.270494680510001,4.9173903,4.25255060262035,4.7219753,4.2414207,4.987742,5.0314417,4.80178124,4.55866875,5.09441175
1,1,WEEGQGAXYCRQAE-UHFFFAOYSA-N,OCNT-2316408,4.8898277,4.948813698300001,5.0046434,4.996016973988054,4.512268865729999,4.737941,4.89178061239295,4.4034977,4.1767125,4.869238,5.262828,4.953476455,4.74475925,5.18940875
1,1,WJPGZQMOLCAKDP-ZANVPECISA-N,OCNT-2313362,5.0138574,4.90531952902,4.7391734,4.722496667240246,4.4264226042800034,4.512448,4.523494410066075,4.599574,4.296925,5.1245627,5.102397,5.041680803,4.83715275,5.2105475
1,1,WPPNSINALVFTOS-UHFFFAOYSA-N,OCNT-2314804,4.978685,5.341259598539998,5.3312407,5.151246759753054,5.445766934069997,5.429425,5.45425802729374,5.2935867,4.970464,5.2735167,5.2673798,5.844491977,5.74154475,5.949471
1,1,WYXZWQBOJBWGRS-UHFFFAOYSA-N,OCNT-2309630,5.32474,4.7268493549700015,4.780805,4.681668356528432,5.209699831070001,5.414873,5.331194875225627,4.979328,4.6936145,5.526113,5.494975,4.13112114,3.81830975,4.4653095
1,1,XEDRHVSLJMQZHC-UHFFFAOYSA-N,OCNT-2314739,4.6732044,4.629774869139999,4.9585185,4.972868743927566,5.10840109122,4.93074,5.481555015490648,4.864957,4.069,4.528857,4.637322,2.695982695,1.14261875,3.83495525
1,1,XHOKDUNWTNZYPV-VIFPVBQESA-N,OCNT-2313623,4.6675196,4.30033394589,4.322862,4.016186247856967,4.77141270039,5.063498,4.652738375795483,4.5939965,4.051487,4.80105,4.6544514,5.465486595,5.31633,5.59178325
1,1,XIZQQSGHQFLWIM-UHFFFAOYSA-N,OCNT-2313003,5.6666827,5.27333453585,5.0082974,5.068256472896933,4.9972346949599995,5.1592684,5.3856806742855,4.917617,4.945479,5.7205305,5.3781652,4.480402615,4.2485335,4.80830975
1,1,XKAJLUQIWOREOM-UHFFFAOYSA-N,OCNT-2315584,5.1849165,4.155208890110001,3.3524268,4.1572776529970845,5.2553989894200015,4.759778,5.114275715671678,4.2681465,5.327537,5.2160263,5.2638245,5.044979403,4.86892675,5.2078555
1,1,XKCNZKKZCLFYSV-UHFFFAOYSA-N,OCNT-2311975,6.0390325,5.53088042816,5.5510197,5.475892269151253,5.46511877715,5.1255813,5.671113924922005,5.4434896,5.9992843,5.7170343,5.8938475,5.7417475,5.67334175,5.80961525
1,1,XKEKRICPWIRNLR-UHFFFAOYSA-N,OCNT-2316709,4.7882495,4.82780552199,4.4659896,4.34046777561499,4.715940698859999,4.765123,4.633190926943872,4.3482018,4.1006055,4.7637186,4.831363,5.829985645,5.70522475,5.9582135
1,1,XPOQHMRABVBWPR-ZDUSSCGKSA-N,OCNT-0493927,5.7486835,5.190099223560002,5.339377,5.549096231096805,4.745255605440001,4.995083,4.9599495696300355,5.622912,5.568504,5.773729,5.79503,4.865116112,4.76793675,4.97192125
1,1,XTHYOHCNADPCDX-UHFFFAOYSA-N,OCNT-2311676,6.2224092,5.8193590771100006,5.5749454,5.728466035103287,5.6040598468399985,5.2771373,5.797079294150274,5.3916116,5.660026,6.010378,5.8911138,5.715026997,5.56559725,5.85699625
1,1,XXQZZAVTJKDDAX-UHFFFAOYSA-N,OCNT-2314454,5.488267,4.454801198710002,3.6917672,4.524141216548913,4.975999706770003,4.6498995,5.207280750189332,5.027148,4.855416,5.351487,5.3940234,3.90601283,3.485328,4.49597
1,1,XYVMOBPTOAXMDI-UHFFFAOYSA-N,OCNT-2318658,5.569929,5.340787143640001,5.2139544,5.552793654061434,5.437202898509997,5.4594507,5.570143962673726,5.556099,5.3522363,5.509508,5.5880632,5.256545,5.128587,5.35372225
1,1,XZTFOQBCMPUHSK-UHFFFAOYSA-N,OCNT-2312973,4.036337,5.257554880449996,5.238368,4.6054961382631046,4.8418118341700005,5.1073675,4.8974438342348705,4.7233443,4.0135365,4.3932643,4.7825966,5.71597021,5.63032125,5.79902075
1,1,YAHVIAWMRXVLAP-UHFFFAOYSA-N,OCNT-2315910,5.360096,4.727457342410003,5.166347,5.013782929570407,4.892849429750001,4.9899526,4.823171253187329,5.022168,4.8757157,5.0684824,5.176118,5.18777888,5.0198325,5.33328025
1,1,YBMMVWJJHJIUIW-ZIAGYGMSSA-N,OCNT-2315363,4.7953806,5.037166016820003,4.7801704,5.173350401291642,5.034019350530001,4.9985104,4.630201138133516,4.7348704,4.0908704,4.6316147,4.6585374,3.80990544,3.3277645,4.34469875
1,1,YCKQLOFLKFDRSW-UHFFFAOYSA-N,OCNT-2316507,5.240012,5.162674569769999,5.098655,5.002563374301823,4.725809763390001,4.823995,4.3998589690111425,4.5493345,4.538303,5.108879,5.288491,3.828016938,3.27106575,4.25768675
1,1,YENIUINOCHUVDI-UHFFFAOYSA-N,OCNT-2313749,5.69047,5.196695438360001,5.208863,5.4304361602569085,5.39106103503,5.1874266,5.434123760923593,5.0978284,5.6176567,5.5688114,5.646265,4.65559707,4.55437925,4.7775815
1,1,YIBRVQNCOSVETL-UHFFFAOYSA-N,OCNT-2311399,5.7241316,5.362939164180001,5.2809167,5.1664314842732235,4.767865790660002,4.3038683,4.150032220745526,5.339451,5.6461105,5.728272,5.8454056,5.458028618,5.32738875,5.56715075
1,1,YIFDISNBBGKJKI-UHFFFAOYSA-N,OCNT-2316131,4.90466,5.13744927109,5.098655,5.131120042221406,4.338406877060002,5.0003753,4.565786690035224,4.87061,4.788201,5.2285404,5.2727575,3.259691473,1.4471295,3.974862
1,1,YIVMQZCQVWWLET-UHFFFAOYSA-N,OCNT-2310795,5.3322735,4.71764685903,4.6938434,4.7265123126964745,5.204424661459998,5.1910787,5.263469997962596,4.792479,5.0089226,5.411723,5.21883,6.155750862,6.058512,6.2546705
1,1,YKAIMSBMSJLSGC-YTPLPTRZSA-N,OCNT-2318659,4.447863,5.022911332839999,5.040965,4.755036205941477,4.655731542669999,4.908661,4.731120772317359,4.593065,4.070342,4.887177,4.675979,4.71938977,4.512231,4.97760025
1,1,YLTPAJXOVJXXRY-UHFFFAOYSA-N,OCNT-2308619,4.1033545,4.1502581091799975,4.6398168,4.077978500398779,5.23120459584,5.430736,4.819285110785661,4.722913,4.468741,4.787848,4.740305,3.255417185,1.48470725,4.067002
1,1,YMMIAKHPBKEYBZ-UHFFFAOYSA-N,OCNT-2311562,4.16025,4.502178286540002,4.5859747,4.114568495506364,4.55672336388,4.6697454,4.139541494940401,4.2542677,3.6585371,4.1859627,4.2579455,2.858646907,1.25927075,3.8722255
1,1,YMUVXJZNSRNYFL-UHFFFAOYSA-N,OCNT-2309635,5.3986344,5.260539690070001,5.8460717,5.5745389834300845,5.200008521269999,5.140384,4.962077392168662,4.670668,4.9182954,5.325308,5.1004148,5.309551372,5.150656,5.4351405
1,1,YQQDONWJASNYLB-UHFFFAOYSA-N,OCNT-2308465,5.4760947,5.05917674083,4.8931074,5.253586704032751,5.333578231170001,5.4348288,5.434422211931571,5.604366,5.7946153,5.4760685,5.5662494,5.402595805,5.270519,5.52025025
1,1,YQVMJODBOIMZNF-UHFFFAOYSA-N,OCNT-2316696,5.450889,5.628109157710001,5.9249434,5.8792425618346975,5.34080096291,5.395238,5.365871684435211,5.154731,5.154978,5.117005,5.174834,4.99652576,4.77173675,5.165334
1,1,YRTLYQAIURDYMT-UHFFFAOYSA-N,OCNT-2309787,5.7309275,5.043902454390002,5.0165215,4.984194185426467,5.338910987680001,5.191446,5.339516224464374,5.673866,5.803736,5.541136,5.399547,4.93336408,4.66338275,5.21988275
1,1,YWWRVIGZMFEUSK-UHFFFAOYSA-N,OCNT-2310994,5.0868835,5.1877180728900045,5.199294,5.602824126644438,5.24816826597,5.179877,5.238291866500452,5.160559,4.843582,5.140972,5.378647,4.889479397,4.7088805,5.08189
1,1,ZCWNGZGUCNIROI-UHFFFAOYSA-N,OCNT-2312104,5.7301044,5.109735015220001,5.2654305,5.177475587965241,5.221643677159999,5.219134,4.919522041488753,4.943969,5.2296743,5.6825337,5.6772256,4.470504628,4.19483675,4.9063565
1,1,ZERZLZZXKXXCBL-UHFFFAOYSA-N,OCNT-2318376,5.411297,5.37268497313,5.0942416,5.481743568290969,4.724875059260001,4.701492,4.767255228906245,5.215185,5.0020304,5.555022,5.5331597,5.18644016,5.00179475,5.36865475
1,1,ZGYOGTJSHWIDCM-UHFFFAOYSA-N,OCNT-2312106,5.5935497,5.4469192924900005,5.469624,4.989004382692334,5.27186179821,5.1423874,4.948070805487764,5.133307,4.724895,5.092552,5.319247,3.43923395,2.05650075,4.04554675
1,1,ZMXPQYBGJYNFMM-UHFFFAOYSA-N,OCNT-2310798,4.791401,4.098626190459999,3.3398883,3.836488111575614,4.77302265999,5.0383315,5.016849887458286,4.29515,4.250799,4.58594,4.831,4.101697635,3.7479125,4.6001025
1,1,ZQHDRBXURDBHNF-UHFFFAOYSA-N,OCNT-2312244,5.2098455,5.285577910560002,5.3249536,5.250019418893987,5.223071913030001,5.077266,5.199787183943235,5.4298816,4.7907495,5.157574,5.352883,4.46487709,4.19655475,4.8720095
1,1,ZVNAFCBCTZCQCO-UHFFFAOYSA-N,OCNT-2308961,5.0820975,4.827636440799999,5.0502353,4.833612992102451,5.000917080599997,5.0779123,5.0813361617279025,5.0036793,4.0541058,4.820611,4.940473,5.253674242,5.09250825,5.392683
1,1,ZVSJITCJAVGKLB-UHFFFAOYSA-N,OCNT-2318347,4.848946,4.43061306161,4.723279,4.448730566118477,4.904108687710002,4.8880506,4.888241312013309,4.716821,3.7549329,4.8237457,5.0623927,4.814454977,4.55548875,5.051727
1,1,ZXVJQGOJHBPTOQ-UHFFFAOYSA-N,OCNT-2316589,5.549644,3.8945808184599993,3.7945042,3.4254300624596765,5.03529622875,4.9241896,5.03710863601936,4.414524,4.8245087,5.0898347,4.993378,5.282838313,5.09792625,5.43611125
1,2,ADUWAMYJGJMQFP-UHFFFAOYSA-N,OCNT-2310993,4.677474,4.205495896029999,4.419456,4.559574713055526,4.931315564020002,4.8175797,4.478219445607312,4.855518,4.881474,4.987425,4.573923,3.816379915,3.21409225,4.20772225
1,2,AECHNCUKRVJPMR-UHFFFAOYSA-N,OCNT-2317954,5.9189444,5.2740315209099995,5.0466514,5.471808870533035,5.528197245540001,5.198993,5.063143705524348,6.407143,5.894806,6.2344117,6.4216413,7.359232032,7.2673395,7.45216075
1,2,AIOAUDKSZPZHDV-UHFFFAOYSA-N,OCNT-2310202,5.399005,5.554312565310002,5.2365737,5.086311033072492,5.425001618949998,5.082129,5.612657790026885,5.517026,5.312399,5.651442,5.494408,6.267360323,6.14288825,6.38791
1,2,AQHHHDLHHXJYJD-UHFFFAOYSA-N,OCNT-0018684,5.2962036,5.363760431149999,5.2123356,5.19012337451445,5.047761083240001,4.349485,5.1403333420077315,5.6133957,4.8118725,5.3496094,5.486091,5.783014945,5.68250125,5.880482
1,2,AREAGOCNFVOBCP-UHFFFAOYSA-N,OCNT-2315816,3.8675253,4.337615668510001,4.5079846,4.312624279468288,4.267128042500002,4.407832,4.105813769550941,3.5970476,3.8607323,3.9145424,3.736126,2.06571136,1.0544365,3.20357925
1,2,ASHZCZJGKOMSDX-UHFFFAOYSA-N,OCNT-2311779,4.88032,4.723479088710002,4.8716044,5.140898794149414,4.13145031768,5.0340543,4.946516177618278,5.0319476,5.1925287,5.337971,5.70667,5.166467642,4.984927,5.345751
1,2,ATLZEXPCGWQKDL-UHFFFAOYSA-N,OCNT-2311588,3.3490705,4.05396244815,4.4046035,3.6994530904586713,4.769591430140001,5.136259,4.809863976264683,3.565483,3.8216157,3.5022173,2.7411873,3.274629818,1.497635,3.99270875
1,2,AUWZLAUAWCSWCW-UHFFFAOYSA-N,OCNT-2315903,4.4684305,4.225858478740001,4.3199177,4.40797624071913,4.962187846790001,4.754863,4.767397625750815,4.8949804,4.772884,4.5891094,4.5357313,4.593450417,4.30812025,4.98991025
1,2,AUYYCJSJGJYCDS-LBPRGKRZSA-N,OCNT-2328638,4.5528703,4.940951369470001,5.110057,4.66302969316692,4.670884399110001,5.0743427,4.898481012789655,4.7817354,4.4554176,5.2463617,4.57159,4.236983705,3.94085925,4.68260325
1,2,BBAORQBKGLSIMR-UHFFFAOYSA-N,OCNT-2315367,5.237192,5.28973697554,5.4047074,4.677081072477322,4.912524920389998,5.0340543,5.238212086924048,5.908631,5.2331805,5.266925,5.2308702,4.69477369,4.42702875,5.01924025
1,2,BFEUJJDBPNVUAZ-UHFFFAOYSA-N,OCNT-2314405,4.8743773,5.09045118366,5.1488743,4.7152973004050125,5.3415429109199986,4.9715886,5.033115832237681,5.245155,4.766991,5.0888515,5.083523,5.130239262,4.99718375,5.24674675
1,2,BKSHJYAEWVGUJX-UHFFFAOYSA-N,OCNT-2315667,5.616194,5.8809942042299985,5.9054027,6.198125638426194,5.5643224255099994,5.198993,5.348428240290928,5.638232,5.406933,6.0224514,6.24417,5.465198392,5.30437475,5.60914225
1,2,BNIKABFHOCEBJQ-UHFFFAOYSA-N,OCNT-2310359,5.0329595,4.906604722610001,4.877336,5.384520495392732,5.118451677620001,5.082129,4.959353250281701,5.25464,5.062316,4.973922,5.1027584,4.893008052,4.67465325,5.12567925
1,2,BPNYIDLJZSGJNS-UHFFFAOYSA-N,OCNT-2314247,4.2966065,4.815733260630001,4.920681,4.547335516823661,4.799053860140001,4.7746134,4.656207001719572,4.366794,4.550923,4.3893423,4.499226,5.411912248,5.2355125,5.5635615
1,2,BPSZGIAFILZKMB-UHFFFAOYSA-N,OCNT-2315150,5.263889,5.26377821142,5.171093,5.609800878388962,5.249948795899999,5.0743427,5.087103650049617,5.343773,5.2154593,5.4839473,5.403772,5.234456892,5.0982585,5.35555175
1,2,BYAMCPKNCANMIS-UHFFFAOYSA-N,OCNT-2311287,5.0763316,4.955953683780002,4.634331,4.916372308533555,5.183979623240003,4.992282,5.350260260486736,5.049154,5.0168266,5.137343,4.9595947,5.302354252,5.1715335,5.41102275
1,2,CAJHKSBYVXJIBL-UHFFFAOYSA-N,OCNT-2314070,4.93226,4.534046610710003,4.5000687,4.1986033309805,5.202127117260002,4.9715886,4.877796351235108,4.7704706,4.972939,5.1139884,4.9120193,4.781566355,4.62451725,4.9662385
1,2,CDQDNPHFGYWSOR-UHFFFAOYSA-N,OCNT-2311331,5.1406903,4.913077931430001,4.6663036,4.865064004011607,4.932755390809998,5.0340543,5.039085371471105,5.188588,4.800359,5.066266,5.3724604,4.51486617,4.3167955,4.80004825
1,2,CFUFBCRJXAPUJE-UHFFFAOYSA-N,OCNT-2308965,3.2359145,3.683682091320002,4.161111,3.1895050657623067,4.435950181310002,4.311528,4.4447938694829645,3.306539,3.4342518,3.791739,3.4988976,2.21598687,1.06602575,3.25181425
1,2,CFVDKQGKTJYIRV-UHFFFAOYSA-N,OCNT-2318439,4.3642063,3.9318747802899976,4.852834,4.318643880430265,4.523079324159999,4.6814466,4.758780039694889,4.8197994,4.6799765,4.431935,4.5378594,5.270841387,5.11185925,5.417702
1,2,COGRYNSHDIJCGF-UHFFFAOYSA-N,OCNT-2315870,3.7021184,4.986788076740001,5.098198,5.241955930269792,4.6420181319500005,4.349485,4.46905670546418,3.5476806,3.5710888,3.826589,3.8380904,2.2748737,1.07044875,3.61916175
1,2,CONRZOMJFHPQDZ-UHFFFAOYSA-N,OCNT-2308597,5.249076,4.610229349710001,4.4573555,4.635726448525339,4.71638316831,5.0309014,4.809952094604141,5.3890004,5.428424,5.5565643,5.4635115,5.081854505,4.94446475,5.2122125
1,2,CPCDVMLNSRROIT-UHFFFAOYSA-N,OCNT-2317742,4.7982903,5.054947768560001,5.120944,5.146060388439483,5.029773917390002,4.8175797,4.730792232699597,4.57097,4.9675946,4.8965807,4.5598516,5.55070465,5.4734935,5.6247725
1,2,CPCWNLRNPXRRHG-UHFFFAOYSA-N,OCNT-2309866,5.7186165,5.255624757260002,5.268211,5.531489172317243,4.977359132830002,5.0309014,4.9032444391665715,5.8139033,5.3318634,5.948939,5.973629,5.370652495,5.2435685,5.4751915
1,2,CPUCIIOGNVOWAI-UHFFFAOYSA-N,OCNT-2315640,4.8252177,5.2495068516900005,4.8787045,4.866631197681279,4.84397206475,4.3943353,4.593682369208233,4.6366673,4.689623,5.153719,4.947342,5.14686754,5.03920325,5.23389075
1,2,CRQNIHFWCOORGS-UHFFFAOYSA-N,OCNT-2315351,5.7543097,5.0287557609499975,5.1308646,5.199690198238957,5.413632204010002,5.0340543,5.591982662551345,6.006889,5.683616,5.8574495,5.877845,5.809583585,5.72163325,5.898691
1,2,CVXBEEMKQHEXEN-UHFFFAOYSA-N,OCNT-2328784,5.539704,5.34994539949,5.2123356,5.001421472226078,5.06885214859,4.9476027,5.014132708717394,5.6089883,5.2000465,5.5921535,5.626285,5.49263816,5.3493175,5.6293555
1,2,CYEHLGWORDQXGY-UHFFFAOYSA-N,OCNT-2313689,5.1076,5.05358285912,5.120944,4.882310162826871,5.142015103940001,5.0743427,5.015802143713064,5.532646,4.942069,5.331595,5.3907123,5.99235015,5.8963595,6.08636175
1,2,DCHLTHRVRAMZBP-UHFFFAOYSA-N,OCNT-2316515,4.04234,5.24834615395,4.497535,4.945245233510496,5.0592255147000005,4.8793254,4.921357916967611,4.644218,4.521246,4.4221997,4.5174656,5.442236985,5.27070175,5.5912145
1,2,DFJVLCBFBNOPTO-UHFFFAOYSA-N,OCNT-2315759,5.1853666,4.946943411399997,5.0050435,4.78020851233435,5.08028334019,4.3943353,5.119187101106095,5.165802,5.09489,5.572212,5.306076,5.848593743,5.74286225,5.95129525
1,2,DJMHLIDBQJJDOT-UHFFFAOYSA-N,OCNT-2315338,4.3242884,4.452905900239999,4.422565,4.052250243161234,4.7301582171100005,4.3943353,4.428207710327462,4.716759,4.4604464,4.9653363,5.113224,5.521184462,5.39888275,5.62892325
1,2,DRPDPFQNTVPDKP-UHFFFAOYSA-N,OCNT-2312154,4.954175,5.248864780929999,4.9625845,4.595942813449428,4.7667288368700005,4.9715886,4.315121585947296,4.79454,5.2840233,5.261988,5.2053885,4.447046708,4.0692155,5.05607275
1,2,DTRJYZPQRWDBRE-UHFFFAOYSA-N,OCNT-2312191,4.6005106,4.7130604954300015,4.921013,4.614817690001039,4.715024027290002,4.754863,4.693583136843494,5.1117067,4.4333887,4.7820063,5.0251236,3.07924099,1.379555,3.90652025
1,2,DXGLGDHPHMLXJC-UHFFFAOYSA-N,OCNT-2328317,5.6415634,5.220368593850001,5.422066,5.187154573392632,5.318351345159999,5.198993,4.918145784323595,5.445195,5.4933186,5.578249,5.6271014,5.214993472,5.080957,5.33354125
1,2,DXYZQPFEVYKJRQ-UHFFFAOYSA-N,OCNT-2318512,4.6156297,4.7803582483000016,5.056235,4.9746730636983,4.445468521880001,4.934604,4.253447179788167,4.2314725,4.4677515,4.904328,4.771838,4.8245779,4.651808,4.99784225
1,2,FACJYNRPNSFHRG-UHFFFAOYSA-N,OCNT-2316274,4.0196943,4.162974053430002,4.5860476,4.157817704835562,4.852256906869999,5.014855,5.06003357670207,4.5565796,4.342784,4.229038,4.0322165,2.17691394,1.05097275,3.52841425
1,2,FCCLPWSWOKEMKO-UHFFFAOYSA-N,OCNT-2310507,3.6423945,4.453138561110002,4.5860476,4.298867995309974,4.55117470741,4.8793254,4.511047376039309,4.137699,3.7402685,3.8921561,4.1451488,3.86336045,3.404823,4.3261725
1,2,FCJGAYGSJLTNQU-UHFFFAOYSA-N,OCNT-2310825,4.697841,4.456698521150002,4.3553,4.566821158334674,5.029922703199999,5.082129,5.297819521983658,4.9586234,4.661617,4.9515657,4.6975865,4.53820148,4.258527,4.961812
1,2,FEGBIJFBCXKVFZ-LSDHHAIUSA-N,OCNT-2309038,4.549928,4.542579753340004,4.4046035,4.681822083824017,4.515924739660003,4.311528,4.3294871302015565,4.757354,4.12651,4.581235,4.403213,3.131129773,1.271777,4.0219715
1,2,FELGMEQIXOGIFQ-UHFFFAOYSA-N,OCNT-0495277,4.9405003,4.650836564019999,4.551089,5.0387457212754105,5.162580002109998,4.476044,4.996873566707072,5.3374534,5.1837964,5.220069,5.021052,4.98720785,4.7788455,5.17666625
1,2,FKCMJHRAXBGEFJ-UHFFFAOYSA-N,OCNT-2315753,5.428222,5.243124648959999,5.0885563,5.230390997474764,5.62329769398,5.082129,5.510603780528235,5.686846,5.446414,5.7117376,5.738019,5.060590572,4.88719925,5.22859
1,2,FLYOLZFPQYWAFT-UHFFFAOYSA-N,OCNT-2310674,4.699615,4.853253824019999,4.819297,4.598975233378216,5.019364167320001,4.9476027,4.925512690420672,4.980503,5.0312653,4.6977577,5.010214,4.940760365,4.7410075,5.140617
1,2,FQIGRACDNIOPES-UHFFFAOYSA-N,OCNT-2316270,4.582782,4.838786915169999,4.866131,4.899470339084638,4.786381274740002,5.0300922,5.469498647917669,4.659018,4.673024,4.9596157,4.7816105,4.24762128,3.94888325,4.6756285
1,2,FVLPTKXJYBDXJB-UHFFFAOYSA-N,OCNT-2311653,5.2915697,5.532115564660001,5.3909926,5.790755296723293,5.127369547980002,5.0743427,5.404431268027836,5.7641516,5.048913,5.645265,5.538946,6.11892455,6.0034555,6.22794675
1,2,FVRLQWKIQOWWAO-UHFFFAOYSA-N,OCNT-2308520,5.178715,4.462423940480001,4.5691853,4.685206555681722,5.136268383970003,5.0743427,4.777594149267526,5.425409,5.5107827,5.6488886,5.5836525,5.379134973,5.24217775,5.50013725
1,2,FVWJNTSKIAGKNF-UHFFFAOYSA-N,OCNT-2311453,5.6274095,5.200889376100001,5.2365737,5.555256470638113,5.362375971879999,4.671442,5.24121933957568,5.442206,5.292571,5.562553,5.614005,5.628743607,5.514906,5.7347625
1,2,FXXYHKSHHGBPFH-UHFFFAOYSA-N,OCNT-2308758,4.923241,5.3621689825,5.2365737,5.123554099177245,5.07031084204,5.1972613,4.928418634496008,4.7322636,4.7934465,4.9551425,5.2085757,3.942125723,3.5131115,4.55593225
1,2,FZWZFBPQVLYBIU-UHFFFAOYSA-N,OCNT-2317579,5.2541795,5.411241362999997,4.8331275,5.388607936699082,5.089364312650002,4.7746134,5.044892101342786,5.5262976,5.2602606,5.3548346,5.3229,6.312730238,6.22255175,6.3994425
1,2,GCIKBYNGPPOSAR-UHFFFAOYSA-N,OCNT-2308808,5.172751,4.96231061376,4.66353,4.6334558230174006,4.401251272170002,5.0340543,4.856035846802693,5.6864777,5.0280623,5.282131,5.3927956,3.846529133,3.423197,4.363946
1,2,GESMFQNJXSICBZ-UHFFFAOYSA-N,OCNT-2313220,5.45131,4.88973248876,5.00603,5.026182975610131,5.23066569747,4.9715886,5.105321142843122,5.7334194,5.033697,5.5645723,5.6365447,5.116068223,4.9814845,5.24007825
1,2,GJLFZZVHBYMJBF-UHFFFAOYSA-N,OCNT-2309390,5.798414,5.595786017619999,5.2365737,5.307222677758183,5.134285707060001,5.0340543,5.515156033722336,5.8839674,5.6990027,5.8033013,6.009926,5.35283503,5.243355,5.44653275
1,2,GJNQNBRKEARPPF-UHFFFAOYSA-N,OCNT-2313136,4.73787,4.8149488408700005,5.116875,5.326811172986932,5.036411186910003,4.9768147,4.893662461684269,5.025588,4.4207253,4.637583,4.810924,3.332604767,1.5523495,4.0475495
1,2,GNJNQIPPAHUGPD-UHFFFAOYSA-N,OCNT-2310256,5.2801895,5.147688473859998,5.201937,5.211661795417276,5.064720321340001,4.9715886,5.137650212956935,5.6399107,5.174711,5.313712,5.418702,5.63280378,5.54529825,5.725372
1,2,GOCFFTJIMSJTIK-UHFFFAOYSA-N,OCNT-2314050,5.3296733,5.360494871960001,5.3145576,5.534486973061216,5.270811284850002,4.9476027,5.46498868798915,5.457523,5.4157,5.455969,5.3626776,4.89527568,4.7478665,5.05385425
1,2,GPQIHVFVASWNLH-UHFFFAOYSA-N,OCNT-2309025,5.122679,4.554118770679999,5.0050435,4.454668325417895,5.066223130859999,4.9715886,5.081508345859974,5.35339,5.0606833,5.127254,5.2033095,3.70103229,3.1622285,4.26212975
1,2,GPUPVYRGIRMSAG-UHFFFAOYSA-N,OCNT-2310396,4.4478707,3.963373212000003,3.9341195,3.8132846345071703,4.525300964320001,4.6508904,4.7301727173315795,4.435277,4.6548867,4.912362,4.8273177,3.641610983,3.02601275,4.19666475
1,2,GQMDVEHOCDKMQP-UHFFFAOYSA-N,OCNT-2310353,4.8468776,3.963773877140001,3.8967235,4.20192782322619,4.434400881199998,5.0340543,4.564519948823505,4.299812,4.261828,5.1625366,4.921534,5.17906553,5.0189815,5.3128125
1,2,GRIDBZHPCALFNO-UHFFFAOYSA-N,OCNT-2317361,4.6952996,5.111810654969999,5.0786357,5.01338775298152,4.645815528620001,4.754863,4.828346705041167,4.342322,4.259345,4.890488,4.943729,4.905113985,4.7878715,5.01834525
1,2,GSTBSEUUXUQNRC-UHFFFAOYSA-N,OCNT-2315091,4.56307,5.19214034358,5.0891857,5.338267146840806,4.852841331000001,4.8793254,4.828403664359356,4.6310244,4.827314,4.7293506,4.8877487,3.84919785,3.37274825,4.23280075
1,2,GUZVPUBRPOUFHH-UHFFFAOYSA-N,OCNT-2315886,4.7837725,4.84383087058,4.803744,4.571765722778623,4.695842405750002,4.912387,4.08630088749745,4.831004,4.764671,4.8597283,4.9337687,4.138903642,3.79511,4.702586
1,2,GVZBSYAQXVSFEA-UHFFFAOYSA-N,OCNT-2318171,4.1254373,4.629607786600003,4.9228888,4.327432390457615,4.47867664337,4.9715886,4.5481554777797895,4.773498,4.3335056,4.4331107,4.298387,5.264790103,5.0759175,5.433402
1,2,GWDOIAFYMZHEGB-UHFFFAOYSA-N,OCNT-2316664,4.9772143,4.738580019460001,4.4884224,4.421296216740175,4.931911317019999,4.9715886,4.9652370862689885,5.303434,5.032905,5.1001325,5.4992175,6.23792502,6.11414075,6.356671
1,2,GXSYWJBSBWKVFG-UHFFFAOYSA-N,OCNT-2316703,5.021782,4.70026440204,4.9088397,4.832797289859616,4.904998158350001,5.1972613,4.924221407315989,5.376359,5.374846,5.460927,5.2485743,5.586410905,5.492937,5.681855
1,2,HFIUQGDUSJSDIM-UHFFFAOYSA-N,OCNT-2318531,4.7147875,5.027732714230001,5.120944,5.057036328791718,4.86545249215,5.082129,4.5164720996564975,4.839312,5.171893,5.087492,5.1178184,5.708708545,5.5924395,5.823582
1,2,HFJBOFQTRHHVPS-NSCUHMNNSA-N,OCNT-2312041,4.8136287,4.483967809060001,4.4918876,4.1661716525128245,4.665337856130002,4.754863,4.489825177060934,5.1369457,5.344068,5.1006403,5.1482987,5.93837573,5.855872,6.02209675
1,2,HGMVMOMRKMPRSR-VHSXEESVSA-N,OCNT-2311017,4.4054956,4.955790463850002,4.6890497,4.988013601984579,5.05653413824,5.0340543,5.161371462065656,4.973161,4.536603,5.1299834,5.2553926,5.157979098,4.9924455,5.288639
1,2,HJWNBMPWZUYAMW-UHFFFAOYSA-N,OCNT-2315280,4.5520973,4.8001588603000025,4.7204204,4.2886871014210115,4.78165769945,4.6508904,4.582412589370814,4.867702,4.8206773,4.721301,4.494257,4.192617702,3.8984635,4.53182925
1,2,HUZQULPZWZSFBK-UHFFFAOYSA-N,OCNT-2314674,5.0479198,5.316406853200001,5.21414,5.509425807288512,4.832142057859999,5.198993,5.274039315023732,4.84694,5.16442,5.475078,5.4509754,5.114508545,4.92966525,5.283402
1,2,HYIMSNHJOBLJNT-UHFFFAOYSA-N,OCNT-0498014,4.94063,5.01513277143,4.935635,4.548249137875296,4.309542267320002,4.7962832,4.140853237961215,4.70302,5.089928,4.7817435,5.05043,6.994413592,6.90084,7.09082275
1,2,HZHXSHXBAHLQCN-UHFFFAOYSA-N,OCNT-2310144,4.7055545,4.76454793598,4.8126836,4.312315549159737,4.346671077090002,4.6508904,4.622865763386286,4.399209,4.112035,4.824766,4.911193,4.896674622,4.76415475,5.0570315
1,2,IBXSEIJIVWLSDJ-UHFFFAOYSA-N,OCNT-2315605,4.621951,4.866937157559998,4.921013,4.944884757863719,4.70042595065,4.912387,4.406323334511036,4.7321343,4.501287,4.690842,4.6187296,5.812149652,5.6947515,5.925024
1,2,ICQPYVZPTBHWKX-UHFFFAOYSA-N,OCNT-2309593,5.102464,5.374041508489999,5.2365737,5.351784998646454,5.104757210780001,4.9715886,4.970149474334436,5.460054,5.1220555,5.024317,5.1356926,4.807199705,4.6416775,4.970964
1,2,ICSDQXGOLJHMSK-UHFFFAOYSA-N,OCNT-2312317,4.1734867,4.3162773748699985,4.58912,4.318309474825621,4.669010010180002,5.082129,4.3267540566395075,4.755678,4.324833,4.5146227,4.3572044,5.050316592,4.8858565,5.201185
1,2,IDEYJIBZURGBOJ-UHFFFAOYSA-N,OCNT-2308837,5.5022264,4.962580374229998,4.485435,6.089538033807704,4.9430355543100015,4.912387,4.6467702255349845,5.4449267,5.3249173,5.669734,5.92698,5.4050786,5.2588665,5.54661125
1,2,IFNGIJKNTWRPTP-UHFFFAOYSA-N,OCNT-2309602,4.901429,4.745083702190001,5.056235,4.717488243609234,4.82015737313,5.0340543,4.965946567369377,4.5115337,4.8167505,5.0194845,5.2319584,4.777768225,4.58949875,4.9902985
1,2,IMVPFMRRWDYSRZ-UHFFFAOYSA-N,OCNT-2315646,5.2354307,5.474212956330002,4.937955,5.784425954829,5.377244601280001,4.9476027,5.290303799281077,5.676647,5.31107,5.4680495,5.5145082,7.341335027,7.2381775,7.44301025
1,2,INDBQLZJXZLFIT-UHFFFAOYSA-N,OCNT-2328329,5.199272,4.959213668229999,5.2138276,4.772960136372966,4.982295017599999,5.014855,5.047232980972454,5.0920835,5.003879,5.332148,5.2355485,5.681076177,5.62288975,5.7407215
1,2,IOHJWSPUOJUMQL-UHFFFAOYSA-N,OCNT-2316117,3.9707103,4.784218211059999,4.874168,4.483966700578374,4.822423950479999,4.8793254,4.830031241200766,5.1581526,4.358238,4.7878523,4.6674676,4.011577273,3.63206825,4.51143825
1,2,IQYRYJXGZUHECE-UHFFFAOYSA-N,OCNT-2314006,5.003301,5.254881403520003,5.0786357,5.182749370457763,5.21926525781,4.9476027,5.6389480293608525,5.1011577,4.7421904,5.409526,5.1637173,3.464743202,2.6775385,4.0466115
1,2,IRBOCZQLHSNZNB-UHFFFAOYSA-N,OCNT-2317519,5.442875,5.39542815002,5.310103,5.633128412543007,5.313210401340002,4.9476027,4.7588450196266985,5.7109647,5.6898847,5.8390865,5.819912,5.208733537,5.032977,5.3626965
1,2,IRUBKGMUVRXDDT-UHFFFAOYSA-N,OCNT-2315092,5.3224077,5.116631742760001,4.8787045,4.546152502787174,5.11252747388,4.9476027,4.907157137362887,5.4806547,5.071926,5.294123,5.4357686,5.579016197,5.4541475,5.696706
1,2,ITXBLKBOOLVAGY-UHFFFAOYSA-N,OCNT-2309536,4.6993623,4.969932772989999,5.120944,5.0030086797280555,4.65564762678,5.0340543,4.935709038076937,4.587702,4.573571,5.0326157,4.877785,5.18596381,4.97678925,5.40604325
1,2,IUWJSOWCLUIAFA-UHFFFAOYSA-N,OCNT-2316781,5.696625,5.386278646330002,5.5018983,5.895260893779421,5.124759168759999,5.198993,5.227132814686071,6.221881,5.7005816,5.9884048,6.103797,6.085547658,5.993899,6.17699975
1,2,IUZLYQRADKSHLN-UHFFFAOYSA-N,OCNT-2315514,4.277768,4.290910383569999,4.803744,4.29601614173333,4.081566725980001,4.311528,4.068237687063514,3.3963065,3.8865628,4.5258875,3.9708858,3.719685967,3.17275925,4.22392475
1,2,IWYYRRQCEGSTII-UHFFFAOYSA-N,OCNT-2308896,3.6908298,5.360575546929998,5.361625,4.92761668471615,5.307062075320001,4.476044,5.094672678491134,3.995464,3.8355403,3.9936213,3.841554,3.340069977,1.48779725,4.06429075
1,2,IYEIFBZHWULNCV-UHFFFAOYSA-N,OCNT-2312641,4.1250286,4.152309605900001,4.3199177,3.839782954347664,4.648026669770002,4.3943353,4.389272193161639,4.511772,4.0076876,4.591711,4.456302,1.953003667,1.0544675,3.14757
1,2,JATPYNNKEHXXJE-GFCCVEGCSA-N,OCNT-2312529,5.043099,5.051463495160001,5.1308646,4.877033138573055,4.982934417840001,5.198993,5.048766518585878,5.1049995,4.884882,5.340006,5.2076383,5.037538018,4.8829355,5.160864
1,2,JBZFEESAMVTQMT-UHFFFAOYSA-N,OCNT-2309378,4.656558,5.576347273009999,5.3682466,5.522301020779186,5.078152875320001,5.0340543,5.541180236361614,4.838088,4.414893,5.0538664,5.2900662,4.734020822,4.52590825,4.987882
1,2,JGORGCVKTVDGCF-IYBDPMFKSA-N,OCNT-2316070,5.3770776,5.195923436140001,5.0272913,5.790521604675719,4.925143768730004,4.8793254,5.151669909186294,5.831917,5.203505,5.685567,5.7832828,5.175081858,5.00315575,5.33092
1,2,JICCVDIDAFNKEU-UHFFFAOYSA-N,OCNT-2313913,5.5078764,4.751571225079998,4.8872566,4.901141324582754,5.394270893470001,5.0743427,5.396307241725797,5.444908,5.416585,5.305189,5.646014,4.69094824,4.44877825,4.96381425
1,2,JIIKEJGWMPEPPB-UHFFFAOYSA-N,OCNT-2310235,5.243428,5.282875743370002,5.329031,5.491921621374319,4.928367545840002,5.0340543,5.246327396041361,5.3381424,5.243111,5.623082,5.6012664,4.303932018,4.06191375,4.64831275
1,2,JISPBDOUMQZWLT-UHFFFAOYSA-N,OCNT-2312988,4.3596325,5.2651393242600015,4.877336,4.7536035455507815,4.69771390458,4.7746134,4.612883558684888,4.39657,4.2886324,4.2612777,4.3008127,3.502485458,2.55137175,4.05645725
1,2,JJJJVJUOKHUIHD-UHFFFAOYSA-N,OCNT-2311688,5.008487,5.568139121480001,5.310103,5.124692349311684,5.441917826390003,5.082129,5.353932527628673,5.0416126,5.218533,5.455102,5.36826,5.387222525,5.16734025,5.5568215
1,2,JMNYNFDFEMFFTN-UHFFFAOYSA-N,OCNT-2314488,5.049521,4.419961750030001,4.8572893,4.635213760147099,5.156208967949998,4.476044,5.369254947748822,4.9174814,5.1327806,5.37857,5.2916327,4.938106148,4.72858825,5.168512
1,2,JOCLTLPPILWCOV-UHFFFAOYSA-N,OCNT-2314774,5.022014,4.963772230150001,4.921013,4.971722681265067,5.043904629609999,5.0340543,5.108912669744407,4.9468527,4.792281,5.278069,5.393345,5.244450755,5.09992975,5.377602
1,2,JQXBWGKXKGRNEM-UHFFFAOYSA-N,OCNT-2317331,4.5542927,4.881245989130001,4.995337,5.059456413868662,4.88902856438,5.0340543,5.373869394684515,4.7987413,4.6299744,4.9130225,4.7269425,6.399278052,6.3067815,6.49243275
1,2,JTTJXGVCRPXGGE-UHFFFAOYSA-N,OCNT-2312021,5.171671,4.881126740310002,5.120944,4.802126537201834,4.9655962362100015,5.0340543,5.018714842265354,5.6042714,4.683736,5.0867643,5.257152,5.180322875,4.97970875,5.3276955
1,2,JTVNALMSDWLPLH-UHFFFAOYSA-N,OCNT-2311003,4.975072,4.8708483442000015,4.8275003,4.800889997271123,5.4098525525899985,4.9476027,5.028178215767922,4.947819,4.65561,4.976815,5.2936883,3.827603117,3.3533555,4.3552795
1,2,JUMJDUFSGJOBNY-UHFFFAOYSA-N,OCNT-2316215,5.4730473,5.040841970089999,5.208703,5.089734752314266,4.582656957360002,5.0340543,4.838290035126202,5.67959,5.130367,5.526163,5.628155,5.272406787,5.185647,5.35710475
1,2,KAGOYPMUEJNEHR-UHFFFAOYSA-N,OCNT-2309991,5.547175,4.98612676129,4.1442146,5.034158072451248,5.1126221247900006,5.0340543,4.603190766247059,5.8160963,5.1977987,5.5661955,5.2364187,5.17612895,4.9977285,5.3514625
1,2,KAQRDYBEHRCINW-UHFFFAOYSA-N,OCNT-2308476,4.472994,4.841525807150001,5.106325,4.723898582831588,4.673186808069999,4.912387,4.558801291255841,4.779078,4.3204165,4.452194,4.5732408,4.386259468,4.13971175,4.7220675
1,2,KCLWZSBXZRBBSN-UHFFFAOYSA-N,OCNT-2310968,4.5629854,4.140626431419999,4.556325,4.817487802024097,4.24996652187,4.6814466,4.42039694421618,4.75533,4.4811506,4.6166,4.7901077,4.326796585,4.06594325,4.7217105
1,2,KEFQOUBNQGJMHL-UHFFFAOYSA-N,OCNT-2314771,5.5246563,5.4207841101300005,5.2138276,5.215061750316115,5.542457441199999,5.0743427,5.607387040549136,5.52887,5.5301847,5.6870437,5.619192,7.405144345,7.33256125,7.47909125
1,2,KIKPMPBGGCAAPM-UHFFFAOYSA-N,OCNT-2313403,4.981005,5.327319624460002,5.143381,5.3870360122834615,4.817682759480004,4.354034,4.939683360184762,5.1741314,4.837623,4.9764714,4.9013,3.874877502,3.388001,4.2891965
1,2,KINHQBDMIBLWLO-UHFFFAOYSA-N,OCNT-2315115,4.644415,4.926016085730003,5.0786357,5.352102862774573,4.981206397940003,4.7746134,4.915017903887452,4.25424,5.004789,4.9419074,4.7707214,4.604758073,4.39880475,4.88491
1,2,KKGXMRNXJMSNQL-UHFFFAOYSA-N,OCNT-2309931,5.386414,5.439350245160001,5.481699,5.208118621692982,4.678668283200002,4.65588,4.60408671612353,5.5325303,5.3598294,5.7595863,5.832054,4.631574237,4.42657725,4.89450125
1,2,KKUAFDGZQZBAAV-UHFFFAOYSA-N,OCNT-2310258,5.4301395,5.350746199760001,5.310103,5.283572634569228,5.1408831947900016,4.9715886,5.035443973576179,5.804794,5.496273,5.5855937,5.616491,5.216356323,5.0263445,5.37072525
1,2,KKZJGLLVHKMTCM-UHFFFAOYSA-N,OCNT-0493951,4.493793,3.698214509450001,4.360125,3.680080743360193,4.377948009400001,5.0903225,4.529135935953916,4.224681,4.998605,4.5634327,4.599207,5.353338098,5.1009275,5.58642375
1,2,KLXUZEOQTNJRRF-UHFFFAOYSA-N,OCNT-2314875,5.2538958,5.696647641469999,5.2365737,5.3344726129618945,5.000174796440001,5.198993,5.506355344786356,5.326643,5.064941,5.548926,5.3554573,4.88428075,4.685902,5.0985825
1,2,KSBUCCHQYZBHTG-MWLCHTKSSA-N,OCNT-2311212,4.785644,4.726521107249997,5.2413316,5.45471397760274,4.470501061180001,4.781085,4.5554842133661975,4.929375,4.640628,5.042576,4.798235,5.108823635,4.967796,5.24202775
1,2,KUKLJYHYHRVBNX-UHFFFAOYSA-N,OCNT-2311204,4.984637,4.475631523669999,3.7899601,4.136903989650741,4.9476332111999985,4.9476027,5.129576049601146,4.6973,4.873335,4.927986,5.0051093,4.705323017,4.5411085,4.90118225
1,2,KWIFZAZOFYUVCZ-UHFFFAOYSA-N,OCNT-2311542,3.5771303,4.36028485278,4.516112,4.446746792819671,4.643779660320002,4.912387,4.573063085796517,3.3559637,3.704957,4.034279,3.6919312,2.542144535,1.09209275,3.8358955
1,2,KYICLBKPBDUCOF-UHFFFAOYSA-N,OCNT-2316966,4.042256,4.855013759979998,4.645179,4.589657596379895,4.8128290958600015,5.014855,4.484474095585154,4.9949727,4.4805813,4.944216,5.000092,4.798313712,4.61836925,5.00219225
1,2,LDZQHKRZLLIRPS-UHFFFAOYSA-N,OCNT-2318305,4.8065953,4.646476271020003,5.0633864,4.525629949910263,4.777468335720001,4.9715886,4.712401002047283,5.183986,4.6686716,5.1391435,5.035451,5.135640943,4.9852165,5.2601705
1,2,LECYDOCLLDKBAA-UHFFFAOYSA-N,OCNT-2315389,5.0337205,4.860787204340001,4.8716044,4.671559751214389,4.905132606030001,5.075745,4.772597279871006,4.884228,4.9927125,5.1247196,5.2727,5.990778608,5.8626795,6.11655025
1,2,LHTZKKBQVHDQAX-UHFFFAOYSA-N,OCNT-2311086,4.6958265,4.279607126509999,4.293444,4.185089940938071,4.48769278575,4.6814466,3.937028412707836,4.58358,4.830906,5.038068,4.8802524,5.13098404,4.982878,5.2490225
1,2,LJQLDSDTAXHWQQ-UHFFFAOYSA-N,OCNT-2318566,5.358474,5.0157248781699995,5.0127783,5.548860743285898,5.209040779049999,5.0340543,5.348902123973854,5.7429495,5.4692664,5.4447036,5.483058,5.352664358,5.17996925,5.508524
1,2,LOMWMAXJTIJZLC-WMCAAGNKSA-N,OCNT-2317132,4.896708,5.103508746019998,5.120944,5.437491105085075,4.926837937389999,5.0743427,4.822329582729552,5.208873,5.1806307,5.291147,5.0200815,5.252039958,5.03683725,5.41132425
1,2,LPKNBEGSMBPPJL-UHFFFAOYSA-N,OCNT-2317002,5.341834,4.973670626339999,5.1562386,4.834609419142172,5.11067385999,5.0340543,5.1524444226191575,5.2084837,4.924674,5.466333,5.19083,4.403244358,4.147321,4.77147675
1,2,LQKJYHIZCLRVAA-UHFFFAOYSA-N,OCNT-2311336,5.312428,4.423932725550001,4.556325,4.662927483946134,5.0623591707800015,4.9476027,4.995925098396931,5.447662,5.5058894,5.7695813,5.7781653,5.615887133,5.4973595,5.72300875
1,2,LRWJIQBFQXCVOD-UHFFFAOYSA-N,OCNT-2318583,4.958511,4.36647137433,4.5307307,4.690693507119751,5.150683604850001,5.1972613,5.519020950503667,4.7907605,4.968543,5.316879,5.488682,3.823268413,3.2284415,4.25611875
1,2,LTKHJAAHPNJLHY-UHFFFAOYSA-N,OCNT-2309801,5.2072124,5.1579038531500006,4.9697933,5.575872910491132,5.161332483509999,5.0743427,4.7131835171198,5.4810066,5.477508,5.651303,5.701751,5.83432212,5.74256775,5.9221945
1,2,LTRJHORZTQFBPV-UHFFFAOYSA-N,OCNT-2315565,5.680252,5.53248159528,5.2365737,5.793679093912979,5.44232741132,5.198993,5.169847486942264,5.719749,5.6365023,5.7734175,5.784305,5.963513977,5.85939,6.06322
1,2,LUUKVWARABOWOK-UHFFFAOYSA-N,OCNT-2315245,5.4620514,4.485918107999999,4.9604726,4.924220226786015,4.976531019359999,4.345264,4.681022022737935,5.8214507,5.5881495,5.861462,6.0417643,6.223525422,6.11463975,6.3348205
1,2,LXUKMGDUYGKFNZ-UHFFFAOYSA-N,OCNT-2315532,5.3351727,5.436765879750002,5.3682466,5.7735512033235485,4.664227494290002,4.979268,4.994313644424886,5.2993116,5.4505925,5.7673855,5.855901,6.175550927,6.06756775,6.273687
1,2,MAYGNRMRBCYUPW-UHFFFAOYSA-N,OCNT-2315212,5.3114333,5.116761845890004,4.9560356,5.336886391740734,4.895488002510001,4.9715886,4.629387797307717,5.593835,5.550551,5.486754,5.478154,5.799003935,5.71947825,5.88065825
1,2,MDPONAVVMIZZRN-UHFFFAOYSA-N,OCNT-2317963,5.1379895,5.239333925510002,4.818679,4.76770178519464,4.5616671695100015,4.912072,4.963306261318022,5.424244,5.1407213,5.450255,5.3897634,5.39319309,5.260219,5.50653375
1,2,MJBFYSJSWHNXSF-UHFFFAOYSA-N,OCNT-2318024,4.288061,4.837646890269999,5.047352,4.499978644454703,4.5466697500999995,4.912387,4.123639536495479,4.226626,4.444535,4.500509,4.477603,4.42591923,4.153679,4.8327245
1,2,MKXKFYHWDHIYRV-UHFFFAOYSA-N,OCNT-1755349,4.8510084,5.38834237235,5.1416545,4.871687106370682,4.26268717924,5.0340543,4.365407294209705,4.880777,5.2766776,4.922908,4.9602427,5.91949229,5.83127725,6.00924025
1,2,MMLZNFQNQIQUTD-UHFFFAOYSA-N,OCNT-2315602,5.6309233,5.3893070961300005,4.9497676,4.813255743760682,5.393500279100002,5.082129,5.103557234501812,6.0865917,5.5601993,5.6264725,5.6437936,5.089955452,4.8919265,5.26127525
1,2,MNCYFKHFXZGDCK-UHFFFAOYSA-N,OCNT-2318356,4.5602818,5.070337446480002,4.649202,4.997718614438726,4.649904312760001,4.912387,4.675683892375433,4.834279,4.9488363,5.075426,5.0600276,3.962629875,3.5090465,4.400651
1,2,MOEUPKRWJULLIY-UHFFFAOYSA-N,OCNT-2316476,5.356658,5.169022657330001,5.0920057,5.455269917654906,5.451168461250002,5.082129,5.506529827706324,5.4141784,5.6682916,5.4648137,5.503266,5.687171865,5.543598,5.82495025
1,2,MSJUBWSXQQCCCY-UHFFFAOYSA-N,OCNT-2314801,6.2868996,5.492885209529999,5.491323,5.486540476225432,5.520106490590003,5.198993,5.599227019003977,6.2667017,6.029757,6.272066,6.421658,5.890563753,5.79049475,5.98767025
1,2,MVVQOOQOXKXXNX-UHFFFAOYSA-N,OCNT-2315186,5.0248227,4.76826905931,4.3545403,4.678055463670202,5.168576910979998,5.0340543,4.900708078623705,5.036684,5.2934113,5.206821,5.1429353,5.661162435,5.51540525,5.7846555
1,2,MXKIROVYBHRNBM-UHFFFAOYSA-N,OCNT-2316436,5.1032333,5.186080224960001,4.9497676,5.1920796155169855,5.082572967690001,5.082129,4.9303912910356535,4.8570204,5.035607,5.18566,5.031386,4.09578258,3.70391,4.61645525
1,2,MXOSBTWGOGZZER-AZOXIEDXSA-N,OCNT-2318405,4.461147,4.766932203379999,5.120944,4.613684659450494,4.690577611229998,4.912387,4.486700199167295,4.7765646,4.3407025,4.979017,4.718568,4.664680495,4.4422185,4.92801725
1,2,NANLFGLVROKLFB-UHFFFAOYSA-N,OCNT-2310327,4.901426,4.80301596432,5.0984874,5.25932611150163,4.598020743720001,4.9715886,4.865646907523746,5.3823977,4.923824,5.0308814,5.2696443,4.921241793,4.747306,5.08488875
1,2,NCBDIAFDYAWTPW-UHFFFAOYSA-N,OCNT-2309664,5.6409364,5.646506672190002,5.2365737,5.429269123909338,5.40924666376,5.198993,5.358918430271215,5.5779257,5.573511,5.787574,5.825101,5.571034195,5.38202275,5.72265075
1,2,NEGKAPWDJURIMH-UHFFFAOYSA-N,OCNT-2314062,5.427209,5.33748424126,5.128408,5.4458773365539725,4.833406541570002,4.9715886,5.303257235879568,5.447689,5.174511,5.5952525,5.7113047,5.480242963,5.404154,5.5624965
1,2,NEUSVAOJNUQRTM-UHFFFAOYSA-N,OCNT-2328787,4.2972775,4.982661093890003,5.2365737,4.9916796615665,4.61307479665,4.7746134,5.044013342696279,4.3357573,4.2123823,4.6600304,4.576299,4.77122071,4.6791955,4.866684
1,2,NHUSIRABIVGDSH-UHFFFAOYSA-N,OCNT-2317505,5.512727,5.480593163549998,5.3909926,5.614270062100662,4.960613178999999,4.794137,5.191228930661829,5.704336,5.350978,5.8690414,5.8977137,5.53182385,5.432236,5.63177075
1,2,NIKYSSZTCHVNNJ-UHFFFAOYSA-N,OCNT-2310919,5.636654,5.425319723869998,5.329031,5.370843642897362,5.489037127009999,5.0743427,5.814051128505107,5.7217503,5.5843954,5.915806,5.669066,5.380215127,5.2255035,5.51689425
1,2,NOQOCXKSVCBYIX-UHFFFAOYSA-N,OCNT-2314322,3.9770188,4.86704573619,4.921013,4.880133166630688,4.400299190540002,4.912387,4.7292315372882925,3.9656408,4.5674934,4.5674458,4.265442,4.90689459,4.725386,5.06053225
1,2,NPTOPOGVOJXVQG-UHFFFAOYSA-N,OCNT-2312445,5.293134,4.846612271030001,4.921013,5.201514373828255,4.979965588710001,4.8175797,4.662585901997187,4.976453,5.179491,5.296583,5.3377247,5.093610163,4.957877,5.19833225
1,2,NTNKUGFNNVBGRM-VQIMIIECSA-N,OCNT-2311203,4.0470586,4.154294029360001,4.3595543,3.925657396494523,4.3613454227799995,4.934604,4.799403724145794,3.8250644,4.2521725,4.167693,4.281417,1.979960085,1.04054475,3.20420325
1,2,NVIPJYUDRHGQJO-UHFFFAOYSA-N,OCNT-2315331,4.979994,5.365162316950002,5.1644006,5.01602742573987,5.271106893340003,4.9476027,5.03360415141695,5.400538,5.5274963,5.0801125,4.9168396,5.693697885,5.503627,5.88284375
1,2,NXEKYIWIFDTJEQ-UHFFFAOYSA-N,OCNT-2310153,4.580788,4.227464500480001,4.293444,3.823681797292229,4.917798386080002,5.0340543,5.071823060408397,4.675256,4.80486,4.928745,4.855836,5.743245413,5.65311325,5.83780075
1,2,OHKWOMNIMXUDBU-UHFFFAOYSA-N,OCNT-2313694,4.6889024,4.186593290989998,4.3822265,4.244187877124797,5.16807292781,4.9476027,4.632026520488802,4.6580024,4.7486887,4.8329153,4.415455,5.148381035,4.9534245,5.343641
1,2,OJEODUWXYRVZBW-UHFFFAOYSA-N,OCNT-2317796,5.168309,5.366932952630001,5.2138276,5.366265041463522,5.05152833859,5.0743427,5.130039727726877,5.292321,5.260202,5.213132,5.2526383,4.087172012,3.73578975,4.487991
1,2,OKRBQLXCTWVFIO-UHFFFAOYSA-N,OCNT-2309243,4.76652,4.38321314696,3.778794,4.209957217470179,4.687271566990001,4.912387,4.845916285677387,4.4607067,4.822946,4.8471594,5.189108,5.328740902,5.107286,5.587215
1,2,OMJIXWXETCVKHQ-UHFFFAOYSA-N,OCNT-2312831,5.1074157,5.37760750651,5.310103,5.77099524515863,5.2880347866,5.198993,5.015110441560576,5.329353,5.623827,5.564855,5.6279016,6.00760839,5.8910395,6.11915625
1,2,OPMKTHYYYIXYPZ-LSDHHAIUSA-N,OCNT-2312559,5.031918,4.618587075760001,4.627129,4.478490979046143,5.13144779483,4.8175797,5.031627722120648,5.190034,4.8408237,5.0842443,5.2701187,4.631074257,4.4426945,4.87178125
1,2,OQWDBCXAINMZFS-UHFFFAOYSA-N,OCNT-2311797,5.753374,5.365813771460001,5.2138276,5.1071546018666165,5.23531081587,5.0340543,5.180092579139044,5.895,5.4525676,5.8963695,6.044903,6.030438043,5.9390295,6.12149075
1,2,OSIYLOUHGXESDX-UHFFFAOYSA-N,OCNT-2312897,4.3478117,5.247656001330001,5.2365737,4.734572369741634,4.075011325810004,5.0340543,4.917640424586923,4.704249,4.6080217,4.8925195,4.689305,5.052475848,4.865579,5.2124915
1,2,OTBXOEAOVRKTNQ-UHFFFAOYSA-N,OCNT-2328401,5.3415065,4.809241684170001,5.18371,5.05147823967435,5.158200561569999,5.082129,5.301376435617761,5.2952323,5.2238016,5.5540423,5.3387203,4.847908695,4.6234795,5.091967
1,2,OVLHSAROUBUOGS-UHFFFAOYSA-N,OCNT-2317813,5.19442,4.750143501069999,5.0970225,4.906065052252325,4.645328575580002,5.0340543,5.095687489347957,5.2806506,5.0507655,5.1902347,5.1094956,4.919132803,4.7211835,5.09851925
1,2,OZIGADMZADBKBS-UHFFFAOYSA-N,OCNT-2310093,5.011536,5.346855148249998,5.2365737,5.31672905479941,4.923140454789999,4.9715886,5.09066901323817,5.0640626,5.0235224,5.0352397,4.8990827,4.994680215,4.61789725,5.27245625
1,2,PDCGVJNVWODTOB-UHFFFAOYSA-N,OCNT-2314433,5.197755,5.031296659190001,5.120944,5.451803373875922,5.1350749432499985,5.082129,5.534591433835578,5.3365417,5.1679454,5.3457046,5.267192,5.307677755,5.1551675,5.43774075
1,2,PHWBOXQYWZNQIN-UHFFFAOYSA-N,OCNT-0496475,5.329668,5.1895062550599995,5.171093,5.387298878874123,4.947672773399998,5.0743427,5.209812263137965,5.48667,4.52751,5.378018,5.4311657,4.765568825,4.54102825,5.01948175
1,2,PIDJDWPBMLIQQG-UHFFFAOYSA-N,OCNT-2309110,5.0847864,4.962420152160003,5.2365737,4.895885894306037,4.870919299250002,5.082129,4.877810655050178,5.1471,5.439629,5.2376485,5.075089,5.114729933,4.933995,5.2244005
1,2,PIKOQLVRUZGZGM-UHFFFAOYSA-N,OCNT-2312418,5.3992343,5.31834391668,5.120944,5.694808817592533,5.3645775568600005,5.0743427,5.195224218445477,5.511278,5.639167,5.5560365,5.658709,6.818886595,6.74356,6.89697725
1,2,PNZYMSWQEYPOPA-UHFFFAOYSA-N,OCNT-2314254,4.9891114,5.009821459039999,5.106325,5.168556792104342,5.2150787217299985,5.0743427,4.858749138231143,4.9677315,4.867716,5.3190336,5.3909082,4.873584605,4.66857675,5.049036
1,2,POBMXNGLHYMXJX-UHFFFAOYSA-N,OCNT-2315815,5.586344,5.373479256320001,5.310103,5.585370092464763,5.485995661799999,4.9476027,5.322142367168411,5.888821,5.8073606,5.716259,5.7537704,5.949862162,5.84295525,6.05939225
1,2,POERQIHEEDXADC-UHFFFAOYSA-N,OCNT-2316079,4.1382523,4.392783340210001,4.4808793,4.219750380405946,4.47028498928,4.6508904,4.965896531098284,3.4795475,4.1059337,4.2073936,4.1593084,4.780055948,4.6073285,4.9636
1,2,POPXPEOGVMVBKD-UHFFFAOYSA-N,OCNT-2311913,5.892482,5.157434927970001,4.898267,5.07114427616551,5.383025891579999,5.0340543,4.829173493960285,5.9317985,5.721511,5.9811664,6.0129824,5.423836712,5.30748575,5.5273905
1,2,POWLBZQCDYJROV-UHFFFAOYSA-N,OCNT-2316568,5.824066,5.988014273500005,5.5018983,5.805023594786953,5.378064911740001,4.9476027,5.234387328824636,6.411848,5.7868233,6.0530634,5.997167,7.629790315,7.5473635,7.710401
1,2,PQAMIQVSIIWVLA-UHFFFAOYSA-N,OCNT-2312392,4.3902555,5.0207384970000035,4.5307307,4.969701630015997,4.943604846840001,4.4921293,4.7847641872113895,4.399066,4.836486,4.596901,4.60506,1.90557896,1.03386975,3.12153525
1,2,PVJKSRBNYFPBRX-UHFFFAOYSA-N,OCNT-2310890,6.000533,5.969095034629998,5.3909926,5.838300709773843,5.0076015727500005,5.198993,5.499788017504315,6.351798,5.878887,6.3215265,6.453827,5.584006195,5.46709975,5.69246175
1,2,PVLYROGYOCQWRM-UHFFFAOYSA-N,OCNT-2308553,4.738422,5.098783614739998,4.6634517,5.1048659875684,4.567118227120002,4.912387,4.933157825469429,4.502369,4.572398,4.9037495,4.8914967,5.15728653,5.04877525,5.247212
1,2,QABIXCTTWKDGMX-UHFFFAOYSA-N,OCNT-2312712,5.032381,5.290699938080003,5.2365737,5.282512900727863,4.651986838080003,5.0340543,4.834949224516216,5.2866282,5.099357,5.111987,5.210161,5.275897328,5.179154,5.36290075
1,2,QEANUYNJYOTEEV-UHFFFAOYSA-N,OCNT-2314861,5.3569665,4.99663112443,4.761874,4.896751913216228,4.84972944126,4.8793254,4.822803819162558,5.854249,5.5217113,5.1490645,5.0538926,5.799931155,5.673454,5.91606525
1,2,QEGXZVYYVBUXIG-UHFFFAOYSA-N,OCNT-2311855,5.4275045,5.325032027700001,5.2365737,5.438456472748904,4.6121049974599995,5.0340543,4.58446379507425,5.6676335,4.9777846,5.4993515,5.5569763,5.221924237,5.0325765,5.35815225
1,2,QFYYABUCQMXEAW-PJYWTSEFSA-N,OCNT-2316247,5.1549087,4.508640209050001,4.3199177,4.470585556596347,4.926719356340002,4.311528,4.494344187865203,5.2006245,5.179157,5.547269,5.380401,4.985597317,4.78020825,5.18127425
1,2,QHQNTFZKCTTXKG-UHFFFAOYSA-N,OCNT-2317680,3.9204211,4.523179053520002,4.786763,4.331140949378662,4.698426323750003,5.0340543,4.856969559475457,3.9012132,3.8648276,4.0149865,3.840478,5.176764892,5.0299315,5.32684575
1,2,QIHKGMKUENLTSR-UHFFFAOYSA-N,OCNT-2312890,5.3090672,5.34002129047,5.2123356,5.025228229295469,4.63742933196,5.014855,4.723713698132147,5.567949,5.380315,5.681602,5.905377,5.018746865,4.822562,5.21490275
1,2,QMPNSZFQZAWABV-UHFFFAOYSA-N,OCNT-2311956,4.4697933,4.956807553200002,5.0246058,4.988290935356222,4.805642997559999,4.8175797,4.6334580867708475,4.5219245,4.969369,4.775989,4.69919,4.080652048,3.72129025,4.618171
1,2,QMSJBRPWYZGZAW-UHFFFAOYSA-N,OCNT-2317666,4.321572,4.722514986010003,4.161111,4.299350001647488,4.4651265104,5.014855,4.5964313293824555,4.00199,3.94702,4.421196,4.683528,3.945418577,3.506745,4.58506925
1,2,QQULOXRKJYHTLY-UHFFFAOYSA-N,OCNT-2310581,6.0329103,5.390469139059999,5.3909926,6.193505132832139,4.983221278550002,4.794137,4.889777624945045,5.9537535,5.924503,6.156716,6.28895,5.79079,5.696516,5.88539075
1,2,QSCFSMUONJJUJB-UHFFFAOYSA-N,OCNT-2313433,5.087501,5.08117246826,4.979714,5.21829229897989,5.136395484089998,5.082129,5.184243256511349,5.131952,5.310036,5.2270603,5.295143,5.378651012,5.28137525,5.47179375
1,2,QTAPQRDOUOSYMS-UHFFFAOYSA-N,OCNT-2314905,4.705393,5.182955267609999,5.171093,4.754306821145266,4.669373571910001,4.912387,4.630497206193544,4.9826303,4.100487,4.6363983,4.5073586,4.814014597,4.62742175,5.02245225
1,2,QTNWAPPUIVRJJA-UHFFFAOYSA-N,OCNT-2313224,4.7486506,4.802443026610002,5.0920057,5.0568492686883655,4.845838455990004,4.407832,4.871235212433131,4.8486247,5.4500375,4.9547176,4.963734,5.641844395,5.52374525,5.74853375
1,2,QTPXTUGCJUMGDQ-UHFFFAOYSA-N,OCNT-2310186,5.226514,4.821313519490001,4.6207557,5.157638712848107,4.357676366020001,5.075745,5.1696523917129555,5.203876,5.017285,5.365718,4.966263,5.385603342,5.27231825,5.49112175
1,2,QVQOHIBPHPVPPB-UHFFFAOYSA-N,OCNT-2309641,5.0639358,5.1267921001399985,5.175934,4.982755201444366,4.825916041870003,4.9715886,4.8268519679969035,4.885291,4.836343,5.3408127,5.2235894,4.320567018,4.057148,4.6916225
1,2,QWRGZZMJFDQUSJ-UHFFFAOYSA-N,OCNT-2310201,4.846868,5.41126563262,5.2365737,5.280805440782723,4.794366007660001,4.912387,5.209070970302797,4.674827,4.951304,4.933816,4.9810033,2.82204377,1.16269175,3.8568105
1,2,QXUKGGCCARXMOA-UHFFFAOYSA-N,OCNT-2308499,5.4138203,4.9948111034,5.12571,4.865319088176959,5.0104096672,5.0300922,5.248313464633127,5.715783,5.4014616,6.04211,6.100337,7.114525278,7.02943,7.197181
1,2,QYZMJZMDKMMMCM-ZYMOGRSISA-N,OCNT-2309109,5.3056183,5.216207510080002,5.2134013,5.2119785038991395,4.829339524220002,4.912387,4.694157075568194,5.428555,4.922978,5.5441427,5.4917126,4.923873225,4.72829125,5.08126075
1,2,QZAUUTZZYACFFE-UHFFFAOYSA-N,OCNT-2314951,5.5983787,5.087190829949997,5.3909926,5.594716131260952,5.0820310062,5.0340543,5.249779276409582,5.7737174,5.5533733,5.8555994,5.6914353,7.948524865,7.85454225,8.0446455
1,2,QZAYGJVTTNCVMB-UHFFFAOYSA-N,OCNT-0021943,5.6156774,4.81291315239,4.9821925,4.979393267359847,5.161250505680001,5.082129,5.082547873593261,5.5773673,4.8784723,5.651625,5.6064744,5.053625558,4.9507345,5.14111975
1,2,RAJNREHOKVVGSQ-UHFFFAOYSA-N,OCNT-2312338,3.9326735,3.7703644501300007,4.285364,3.757455560748745,4.58750783999,4.6508904,4.216398902342533,3.9075336,3.9578865,3.9100142,3.8812752,5.139160525,5.0241975,5.2429805
1,2,RBTBFTRPCNLSDE-UHFFFAOYSA-N,OCNT-0476578,5.531168,5.4124622771399995,5.21414,5.242071109628954,5.062183868339999,4.992282,5.193696474007003,6.2859383,5.143708,5.7063174,5.764898,5.62699618,5.56661825,5.6916005
1,2,RDYYEQXKMUGSDS-UHFFFAOYSA-N,OCNT-2308899,5.397604,5.144632653280001,5.2365737,5.202957139244237,5.198020852739998,5.0340543,5.471079580795637,5.2388153,5.4057465,5.5325303,5.46181,6.44116655,6.355414,6.53171575
1,2,RHDJRPPFURBGLQ-UHFFFAOYSA-N,OCNT-2328420,5.6529493,5.328778788059999,4.9299765,5.228404659835524,5.096110464370002,5.198993,5.003528562454616,5.596689,5.7219286,5.8674893,5.9844384,6.129806315,6.030439,6.223367
1,2,RHPDMWWOYAMIHK-UHFFFAOYSA-N,OCNT-2317730,4.2718883,4.72949726741,4.9020095,4.659673596520141,4.7732870854500025,4.407832,4.633076129603191,4.591386,4.4762807,4.402336,4.217127,2.92877059,1.1165985,3.92638
1,2,RITAVMQDGBJQJZ-UHFFFAOYSA-N,OCNT-2328601,5.744423,5.706186267050002,5.2365737,5.708229665071252,5.056050391170001,4.9715886,5.284024756122748,5.8919153,5.3594475,5.8845954,5.7729335,5.749883995,5.631432,5.85966275
1,2,RJHVPYKVGPHSDL-UHFFFAOYSA-N,OCNT-2314625,5.393635,4.887444787100001,4.734818,4.654780539378659,5.266445111389999,5.082129,5.230088965629003,5.538284,5.3462524,5.7822657,5.6897364,5.575078667,5.46645625,5.67984475
1,2,RMOQOPSUZCJLMR-UHFFFAOYSA-N,OCNT-2308474,5.7449656,5.66285281171,4.637258,5.295903798046492,5.189184947719999,5.1972613,5.020933350491533,5.9369564,5.365725,5.789742,5.760099,6.01210488,5.90614975,6.1220405
1,2,RNJALEGEKJSKHV-UHFFFAOYSA-N,OCNT-2310900,4.7778573,5.1175615213600025,4.6546154,4.7843624935039175,4.5604627261,4.8937325,4.598613741204257,4.7108245,4.571704,4.68334,5.011597,4.336831935,4.11569075,4.647276
1,2,RSUDJUKPYSQPJM-UHFFFAOYSA-N,OCNT-2309661,5.9586544,5.206812887560001,5.2365737,5.805474099641674,5.305216849740001,5.198993,5.069549908039265,6.2249155,5.525822,6.0528784,6.162376,5.190142685,5.031594,5.31105975
1,2,RUAGYLLVGYPLQJ-UHFFFAOYSA-N,OCNT-2315610,4.450698,4.17698182314,4.3199177,3.935433999417856,5.229038857039998,5.0743427,4.9940293731513945,4.76838,4.7527533,5.44961,5.094765,5.16980186,5.00750775,5.298008
1,2,RUYUAWJUWJWZBJ-UHFFFAOYSA-N,OCNT-2313161,4.5516763,5.214594131680001,4.9301476,4.739745373250031,4.823244304530002,4.8937325,4.513035899399574,4.9115915,4.8656754,4.64928,4.360628,4.940097645,4.76449875,5.10889025
1,2,RVAPFNVAEPBNAD-UHFFFAOYSA-N,OCNT-2312476,5.638895,5.483534819640003,5.2365737,5.6790737637378825,5.407174651319999,5.0743427,5.2109096445692344,5.841179,5.6327114,5.62045,5.7223525,5.646948558,5.55938975,5.73636975
1,2,RVHUFXYUBLORMD-SKDRFNHKSA-N,OCNT-2316783,5.4007206,5.3406893578200005,5.5018983,6.0881305292584456,5.53738163666,5.198993,5.37777975146656,5.474088,5.4043283,5.6389236,5.7036,7.491871585,7.4044675,7.58089275
1,2,RVMONIUXPWNMOU-UHFFFAOYSA-N,OCNT-2316464,4.2758093,4.941278280280001,5.120944,4.848115832635289,4.784803439180003,4.670359,4.831111000599966,4.2858014,4.473156,4.6763043,4.404482,4.97757222,4.77732175,5.1456855
1,2,RXLYLRXSZARXIK-UHFFFAOYSA-N,OCNT-2315106,5.6881056,5.10800317336,5.136816,5.455481397753255,5.38843295167,5.0743427,5.499472671552685,5.7133265,5.575607,5.8036814,5.673589,6.117238633,5.9641575,6.28835575
1,2,RYPJUMIOOIDIQY-UHFFFAOYSA-N,OCNT-2314410,6.0780125,5.295422080000002,5.1964946,5.047099834386786,5.0014146947699984,4.9134555,4.91230284297274,6.065532,5.8302402,5.982562,5.8899536,6.97618021,6.89044925,7.05895175
1,2,RYQOILLJDKPETL-UHFFFAOYSA-N,OCNT-2328519,4.2328296,5.045250860210002,5.1983285,4.846071144428453,4.7108158295,4.7746134,4.875816176647905,4.320974,4.9074426,4.501272,4.684833,5.093239353,4.89655775,5.26050125
1,2,RYUHAUCQHUWDOU-UHFFFAOYSA-N,OCNT-2315148,5.3190026,5.343238317069997,5.5897894,5.4125123387022525,5.373572772790002,4.9476027,5.386352649637598,5.2873874,5.4289503,5.6445813,5.572762,7.76335634,7.666681,7.858203
1,2,RZTAMFZIAATZDJ-UHFFFAOYSA-N,OCNT-0497994,5.4104133,5.314685023779998,5.329031,5.378389713279957,4.763590673110003,4.912072,5.152274921261128,5.32305,5.419876,5.3933845,5.4986243,1.96732382,1.0400915,3.174449
1,2,SADXXGGPSUJOJL-UHFFFAOYSA-N,OCNT-2312197,4.6586485,4.6046261512900015,4.754556,4.9423412278823,5.150218424740001,5.0340543,5.238926171048218,5.066204,5.4794493,4.6884046,5.0623937,5.109189215,4.922453,5.29690575
1,2,SDFDUAQZYLINDJ-UHFFFAOYSA-N,OCNT-2310706,5.030735,4.924681595270002,4.877336,4.913246732589398,4.779604125950001,4.7746134,5.030675253794628,5.1150346,5.1396546,5.0356574,5.1640005,5.77169407,5.6967865,5.85038175
1,2,SEADNZVFHOZWAD-UHFFFAOYSA-N,OCNT-2318657,4.9653754,4.672802103400001,5.0050435,4.930605520570662,4.98456095512,4.9715886,5.041331641996533,5.241929,4.8154397,5.2872386,5.2170734,4.864228155,4.717181,5.025103
1,2,SGAGKBYBXBBBFW-UHFFFAOYSA-N,OCNT-2314588,5.1763954,5.332419388389999,5.3145576,5.482960468767685,5.163767255829999,5.198993,5.740699577408541,5.6754847,4.8964415,5.30079,5.259695,6.58745454,6.461657,6.708365
1,2,SJXWNGABSKWTHJ-UHFFFAOYSA-N,OCNT-2318232,4.980302,5.34676486096,5.2365737,5.312308681175284,5.03093415505,4.9476027,4.9274633381085815,5.021815,5.371375,5.105114,5.1645794,5.143982408,4.99773775,5.27047275
1,2,SKFYFHCOOFAZHE-UHFFFAOYSA-N,OCNT-2313250,5.2075977,5.301652339720002,5.2341914,5.326540902741723,4.996563582460001,4.9298177,5.275052075523738,4.8965926,5.0949445,5.642347,5.606921,5.614650313,5.49446675,5.73867475
1,2,STVYLEUNMSOYBO-UHFFFAOYSA-N,OCNT-2316848,5.1227446,5.484770613100003,4.9497676,4.955421922762641,5.413952565289999,4.9476027,4.989714813615525,5.644495,5.386311,5.402032,5.4526024,5.276943913,5.12226225,5.41236725
1,2,STXKQWKWKKEVLS-UHFFFAOYSA-N,OCNT-2318330,5.2891603,5.178784947439999,5.2365737,5.268616011122476,5.063424233920002,5.0300922,5.1661384811394,5.435863,5.3758163,5.368253,5.356714,5.506707478,5.399362,5.6082375
1,2,SURJULAVWQTUDT-UHFFFAOYSA-N,OCNT-2314023,4.953213,4.671925015810001,4.6005163,4.373810643455708,4.986287250440003,4.9476027,4.998354544442389,5.354875,4.9704847,5.026145,4.6993814,4.92848564,4.6847745,5.0484325
1,2,SXGCGPZMAHHOEU-UHFFFAOYSA-N,OCNT-2310344,5.8114243,5.600208527120002,5.2365737,5.916601334329972,5.105783113940001,5.198993,5.489559113388854,5.827808,5.6798496,5.9805813,5.8996325,6.310498873,6.226436,6.39338575
1,2,TUAAGFPRMDBTHV-UHFFFAOYSA-N,OCNT-2313164,5.027853,4.96473629635,4.8872566,4.833156460572498,4.57683355013,5.1972613,4.6599406510884425,4.9892316,4.9505353,5.323944,5.344683,5.789879495,5.686243,5.8886325
1,2,TURMNVAOZWJXSY-UHFFFAOYSA-N,OCNT-2312316,5.372413,4.627396745659998,4.7497687,4.7710824871256134,5.007256422150002,5.0309014,5.055556608355952,5.5192575,5.348666,5.449642,5.249094,5.32535307,5.16738775,5.4694165
1,2,TVFLKHRRTFZHMJ-UHFFFAOYSA-N,OCNT-2317671,4.4196463,4.286511008329999,4.398295,4.376652963982036,4.72591989816,4.9134555,5.447069681826243,4.9345155,4.921736,4.5572906,4.2607613,4.942471115,4.70755875,5.134627
1,2,TVILSDDBFTWFKQ-UHFFFAOYSA-N,OCNT-2316913,5.683644,5.263147028700001,5.0786357,5.030141981581022,4.877825501509999,5.0340543,5.07522718733973,5.630474,5.0437555,5.3927245,5.8216357,6.69641439,6.5974295,6.79381575
1,2,TWIRHCAHDDBYNY-UHFFFAOYSA-N,OCNT-2318549,5.7042203,5.58217570739,5.2365737,5.481729053289845,5.167619400170001,5.0340543,5.30410143878228,5.49094,5.6440372,5.511423,5.4141326,6.633153952,6.53062975,6.734771
1,2,TWXBJRFIIXRDRJ-UHFFFAOYSA-N,OCNT-2315862,5.0493274,5.19626479895,4.497535,5.566944885303611,4.84808664404,4.8793254,4.989078846986695,5.0309563,4.756569,5.0624723,4.9243693,5.70396762,5.61651775,5.79218325
1,2,TXNKXQDNBUHNOQ-UHFFFAOYSA-N,OCNT-2316582,4.9029865,4.717733672060001,4.921013,5.1093088772178055,4.616847089920001,4.3943353,4.755762014537217,5.155449,5.024705,5.060835,5.208683,5.060224675,4.878634,5.1829105
1,2,TZFWDZFKRBELIQ-UHFFFAOYSA-N,OCNT-0498126,5.266684,4.992442438260001,4.9821925,5.004302689993996,4.63519342322,4.9134555,4.684545355104329,5.301852,5.217474,6.079595,5.730196,5.587237593,5.44495475,5.72110625
1,2,UDOYRVCSKHMUCD-UHFFFAOYSA-N,OCNT-2310028,4.3914886,5.312494424459999,4.800879,5.073482694511714,4.795079313649999,4.794137,5.002484895596105,3.9767537,4.2386694,4.691459,4.6540318,3.170949508,1.277233,3.994733
1,2,UHKMGEDTTFFMSI-UHFFFAOYSA-N,OCNT-2314135,4.961109,5.579510858999999,5.310103,5.527997852687442,5.31939491547,5.198993,5.261795774842308,5.1399574,5.638884,5.2166348,5.119985,4.879882067,4.64686475,5.14853175
1,2,UHULZKUAQVSGMS-UHFFFAOYSA-N,OCNT-2314879,4.90545,5.06890198866,4.4608355,5.02294442848576,4.75613960662,5.1972613,4.8096975931498696,4.978572,4.729841,5.6306133,5.0795546,5.227320898,4.3091175,5.82181525
1,2,UIPHQHVWOXUIQY-UHFFFAOYSA-N,OCNT-2312376,4.8862844,5.059555977529998,5.120944,5.353468075364714,5.209000574800002,5.0743427,5.0901656766445855,5.068902,5.1215014,5.012261,5.1587715,5.614288072,5.49165525,5.7223325
1,2,UMOYDVHDHUFZNQ-UHFFFAOYSA-N,OCNT-2313994,4.5644,4.950548460990001,4.984983,4.976641597376726,4.913279968659998,4.7746134,4.922263502379237,4.796057,4.999708,4.9556613,5.021575,5.165077923,5.026047,5.292886
1,2,UPDBFFLJUGUEJC-UHFFFAOYSA-N,OCNT-2313117,5.432981,5.06292854263,4.688045,5.142624374996532,5.07149648157,4.9476027,5.081559177931732,5.648253,5.507296,5.5607243,5.909128,5.647003413,5.52135125,5.76903325
1,2,UTOXMBBBSYRSIE-UHFFFAOYSA-N,OCNT-2311754,5.302944,5.465855865120002,5.3158536,5.401926448415213,4.7568254349800005,4.912387,5.0566970043239365,5.505864,5.2818274,5.4826145,5.597142,5.37004222,5.21061875,5.518964
1,2,UUGQEDCVVLEROS-UHFFFAOYSA-N,OCNT-2318468,4.8907833,5.06601256338,4.6969237,4.851793027114203,4.795119562880001,4.311528,4.592731158627077,4.992077,4.9386806,4.8883486,5.1154685,5.12917157,4.9271295,5.3138095
1,2,UXPCXNWXWKQOER-UHFFFAOYSA-N,OCNT-2310262,5.2084317,4.612645295769996,5.1810136,5.11336271060731,5.136634895249999,5.198993,5.241378654376144,4.706386,4.4766135,5.281837,5.0174255,5.504600788,5.41274275,5.612002
1,2,UZHDJKQNKUZILN-UHFFFAOYSA-N,OCNT-2310905,4.167808,3.99900302252,4.1288066,3.99029173057662,4.66072343972,4.345264,4.304904055357694,4.653056,4.604994,4.817012,4.6144433,5.428192405,5.292449,5.55739325
1,2,VCEACQBCTFZCNS-UHFFFAOYSA-N,OCNT-2317891,5.0268693,4.8361935472300015,4.6576715,4.961693077078478,4.7301485898800015,4.8793254,4.186372191980816,5.122343,4.465639,4.937049,4.741816,4.033201865,3.61493,4.59009475
1,2,VCEHBIKBENMLHQ-UHFFFAOYSA-N,OCNT-2312404,4.7229657,4.8378417169600025,5.0521455,5.205396605004879,5.344008023730001,4.9715886,5.317291215961737,3.8536427,4.41032,4.9125085,4.901362,5.179183587,5.018705,5.3023035
1,2,VCKUSRYTPJJLNI-UHFFFAOYSA-N,OCNT-0022316,4.0644135,4.09131787996,4.293444,3.987628233546554,4.121869145440001,4.6814466,4.523335074117179,3.758596,3.7373948,4.1681957,3.9415781,2.131196685,1.05390125,3.25483875
1,2,VDHAWDNDOKGFTD-MRXNPFEDSA-N,OCNT-2328559,5.5453124,4.836784342360001,5.2365737,5.258480707630031,4.82209588224,4.912387,5.283186848752585,5.6797657,5.049491,5.6778593,5.7390685,4.853442213,4.70741875,4.9970235
1,2,VDJLOPPVHCZTLF-UHFFFAOYSA-N,OCNT-2311021,4.999733,5.160843438290002,5.120944,5.109598594359537,4.86951537406,4.349485,4.3997981426792885,4.570801,4.9647913,5.027868,5.179757,5.67066984,5.561121,5.7835725
1,2,VDNLFJGJEQUWRB-UHFFFAOYSA-N,OCNT-2328824,5.271587,4.82274781992,5.141469,5.094216956700167,4.475677539870003,4.979268,4.532630957971752,5.7402177,4.9218297,5.727596,4.9726405,5.378572777,5.32389975,5.44273975
1,2,VEDWULVMPQGUJG-DOTOQJQBSA-N,OCNT-2316971,5.048741,5.067996703100001,4.948412,5.18828786826813,5.2180430168399985,4.476044,5.504765227798037,5.1373405,4.9849324,4.947213,5.1459846,5.795675678,5.69690975,5.89578375
1,2,VEMYZSVGTYLIIE-UHFFFAOYSA-N,OCNT-2308905,4.9159665,5.119886709310001,5.120944,5.0937065000187065,5.248808202370002,5.082129,5.039225873860671,5.192449,5.1675854,5.272605,5.0535717,4.857112792,4.6806405,5.017722
1,2,VFYQKMRHQYQUKQ-UHFFFAOYSA-N,OCNT-2311338,4.646807,4.610981137870001,4.8715916,4.450195489553263,4.750759575300001,4.8793254,4.637657094315757,4.7567263,4.761197,5.1032867,5.024114,3.803538005,3.34563225,4.32810225
1,2,VHGYXUIYGAALPO-UHFFFAOYSA-N,OCNT-2318306,5.311078,5.2780772349000005,5.3682466,5.679154135627196,5.4537078602100015,5.198993,5.420660522454182,5.4086,5.8143334,5.727674,5.595554,5.960365405,5.844399,6.07365025
1,2,VHVDSVFDMWNWAU-RKQQLJTISA-N,OCNT-2312293,4.855935,4.950378476800001,4.599913,4.890096272091456,5.29876120302,5.0743427,5.325608644833514,4.7629604,4.6173368,5.2693453,5.5491023,5.696156368,5.612589,5.7803855
1,2,VIFGVQZFHRGOSS-UHFFFAOYSA-N,OCNT-2313008,4.4426284,4.590305518969999,4.677405,4.312770838708484,4.606908259260003,4.6814466,4.864085209187999,4.222579,4.7245855,4.5472746,4.273805,4.788514433,4.63876825,4.9591405
1,2,VJHDBUJUYUPJJI-UHFFFAOYSA-N,OCNT-2315126,5.0446954,5.093231545469999,5.329031,5.349280250669854,5.346870030659999,5.082129,5.007860030855763,5.2043495,5.0151443,5.314457,5.4000487,6.327038425,6.24280625,6.409444
1,2,VJOLPRXCRRLZKY-UHFFFAOYSA-N,OCNT-2309576,4.161983,4.986900182970003,5.075821,4.898973030888183,4.820116778250002,4.9298177,4.822659480120893,4.2870903,4.291069,4.788328,4.3751106,4.411497823,4.19016925,4.741262
1,2,VKPBJYKSYHYDMB-UHFFFAOYSA-N,OCNT-2318089,5.7636013,5.536528733280001,5.2365737,5.347233044238956,5.054023544790002,5.0340543,5.4271075161386655,5.97095,5.536591,5.7444544,5.9125547,6.189261195,6.10293175,6.27804
1,2,VKQFCGNPDRICFG-UHFFFAOYSA-N,OCNT-0498090,4.8911333,5.207873723529999,4.993224,5.059642035531316,3.992642241080002,4.7962832,4.004584658126299,4.603057,5.102575,4.8466487,5.1171527,6.540418253,6.432415,6.647213
1,2,VRWZGQHEAVYSMP-UHFFFAOYSA-N,OCNT-2317983,5.874175,5.3087621054100005,5.2365737,5.108411628839578,5.34706347036,5.0340543,5.2231125888304,6.0181284,5.8058944,5.975267,5.992339,5.537184468,5.46115875,5.61480175
1,2,VSWBSWWIRNCQIJ-HUUCEWRRSA-N,OCNT-2328552,5.194887,5.231788014330002,5.2134013,4.845091812503937,5.311882484830004,5.082129,5.1964070621756,5.0882497,4.841047,5.388845,5.316705,5.644207448,5.55978775,5.725689
1,2,VWXNHHNSTRKTRD-YUZWYKEKSA-N,OCNT-2311731,5.093524,5.1160921801,5.324478,5.262609113689356,4.62987921527,4.311528,4.762805579697983,4.2812586,5.1233997,5.5493097,5.472404,4.81363868,4.619334,5.04332325
1,2,VZQKPWAYHAGELX-UHFFFAOYSA-N,OCNT-2310728,4.4153333,4.981292331830003,4.161111,4.5413508846189465,4.61859369258,5.0300922,4.795273492271548,4.7679963,4.541292,4.5797276,4.689354,4.832677073,4.69152575,4.97718225
1,2,WBCFEEVPPONADX-UHFFFAOYSA-N,OCNT-2314795,5.541402,5.595648840689998,5.491323,5.771298316689942,5.159950948879998,5.0340543,5.262313542287938,5.354639,5.709222,5.8477373,5.9272447,6.73828981,6.65718975,6.8232045
1,2,WJQRJEHDFYVKSC-UHFFFAOYSA-N,OCNT-2316867,5.5034637,5.165791167900002,4.688045,5.121545967697818,5.336750776309999,4.9476027,5.486259212479957,5.628364,5.4585233,5.890282,5.9058714,6.000868557,5.90147175,6.10485075
1,2,WPXLRTCUAVFCFA-UHFFFAOYSA-N,OCNT-2315821,5.369031,4.829382873249999,4.868998,5.25464987401206,4.74648014846,5.0340543,4.239506582655303,4.935526,5.319216,5.3973207,5.4546967,5.278253475,5.19710775,5.35945075
1,2,WQPXKISOMALLDG-UHFFFAOYSA-N,OCNT-2309967,4.98545,5.1941418306600005,5.2138276,5.064770843934505,4.66800219843,4.6814466,4.472254290722174,4.6782627,5.163837,5.11163,4.933951,5.199803552,4.9788795,5.402313
1,2,WSPOMRSOLSGNFJ-AUWJEWJLSA-N,OCNT-0497954,5.446282,5.051292478060002,5.170831,4.837151155655259,4.9509163659899995,4.4213624,5.356075638514319,5.514991,5.069351,5.251425,5.11605,5.046060555,4.926879,5.15313375
1,2,WTTZSARDULEWAA-KRWDZBQOSA-N,OCNT-2318553,5.1271195,5.02327396412,5.223322,4.939626817650595,5.0325544545000005,5.0743427,4.927739396647216,5.1248393,4.824823,5.4537296,5.3607454,5.117279883,4.94021425,5.248907
1,2,WUAZOSQKECLJFW-UHFFFAOYSA-N,OCNT-2312714,4.7358127,5.12966452316,5.106325,5.016952634685266,4.963920341740001,5.136259,5.0952978214685976,5.090722,4.4338264,4.797977,4.7837753,3.699680345,3.0503155,4.193767
1,2,WUWJAAKBDMWBPG-UHFFFAOYSA-N,OCNT-2309612,5.1759324,5.078221015690002,5.030371,4.846822058431183,5.029028690010002,4.9768147,5.0328785706297685,5.146089,4.6966243,5.29787,5.250573,5.372954847,5.2529995,5.47571575
1,2,WYRQUHYUCVJXLF-UHFFFAOYSA-N,OCNT-2314929,4.676322,5.200458662539998,5.2365737,5.021653259058395,4.74378327575,4.912387,4.831327103316793,4.568367,4.475029,4.747458,4.7037325,3.45006206,2.38795325,4.03795
1,2,WYWZRNAHINYAEF-UHFFFAOYSA-N,OCNT-2328974,4.9239063,5.3796144367400025,5.2365737,4.862542516571619,4.73318607054,5.014855,4.8998957446301405,5.2389145,5.4702854,5.133259,5.5013857,5.551056015,5.46890725,5.63782525
1,2,XBHQNSQHLGDTSU-UHFFFAOYSA-N,OCNT-2314208,4.639683,4.040167975690002,4.731805,4.1513402923902785,5.041312922200002,4.3943353,5.2673460403593335,4.3155527,4.863952,5.1738973,4.4899473,4.88711199,4.72917175,5.07551175
1,2,XBMYLHUDSFUXCM-UHFFFAOYSA-N,OCNT-2312101,4.075591,4.3729802285,4.809365,4.114146459022337,4.968146492510001,5.0340543,5.083343479878779,5.050802,4.131935,4.713796,4.823027,3.550346043,2.82068575,4.0784385
1,2,XDAIBRCDDXSVIX-UHFFFAOYSA-N,OCNT-2316641,4.2184625,4.264889900740003,4.588087,4.30492923157132,4.696282700810001,5.0340543,5.301747131835388,4.1539664,4.07515,4.611968,4.855519,2.062854185,1.0516025,3.22367975
1,2,XEKMKJZNWPOJIH-UHFFFAOYSA-N,OCNT-2311661,5.0996175,5.1199463222200015,4.6175566,5.553338375581052,4.850376764960003,4.912387,4.642194931305989,5.1950684,4.882488,5.3914647,5.38367,5.844798747,5.72407575,5.9665755
1,2,XIQVNETUBQGFHX-UHFFFAOYSA-N,OCNT-0495216,4.5486145,4.82365032075,5.047352,5.179711056489436,4.434428947740002,4.754863,4.103001974270631,4.256748,4.7957277,4.487428,4.5696473,5.301143663,5.17029275,5.40610675
1,2,XLOYQLAMNLMXCE-UHFFFAOYSA-N,OCNT-2328886,5.571584,4.993882261570003,5.3646755,5.141580555196819,5.070445870480001,4.349485,4.805264961346825,6.0692177,5.1144447,5.4851847,5.350524,3.451809985,2.2733755,4.068072
1,2,XLZQKDNFGFOCIC-UHFFFAOYSA-N,OCNT-2309836,5.4028296,5.145906122460002,5.268211,5.201949302319102,4.600087106280001,4.6814466,4.77036908731793,5.3496118,5.139545,5.663695,5.6412687,4.912275887,4.66713625,5.192122
1,2,XMRWHOPYDYFQQH-UHFFFAOYSA-N,OCNT-2312217,4.970287,4.751754688550001,4.921013,4.952250513646043,4.281838100389999,4.754863,4.017079074202913,4.886212,4.822958,5.158477,5.142855,5.21873838,5.0727705,5.36242125
1,2,XNMUUYXWCVFULU-UHFFFAOYSA-N,OCNT-2308870,4.6775794,4.744940764780001,4.677405,4.406153265290726,4.43021612056,4.407832,4.739542407204198,4.0380435,4.7960386,5.032322,5.1032434,4.175317817,3.84048125,4.66511
1,2,XRGZOHMGCBNGDO-UHFFFAOYSA-N,OCNT-2310682,5.495257,4.789408039959998,4.921013,5.121600790321059,4.8180752718700015,5.075745,4.901868829287525,5.215106,5.1030407,5.6205025,5.7416935,5.41471833,5.26665775,5.53441075
1,2,XRYPVMNOHMBCKQ-UHFFFAOYSA-N,OCNT-2311313,4.169671,4.2529224285200025,3.9073222,3.931075348890483,4.224180495970002,4.912387,4.0219906644949255,4.7445483,4.413131,4.5136647,4.497873,5.23788083,5.0656685,5.37550175
1,2,XTNMZHDMZGRSBV-UHFFFAOYSA-N,OCNT-2310605,5.8140707,5.454556082609998,5.0693235,5.589532392916306,5.274842991309998,5.0743427,5.062597501639248,6.0470834,5.6945558,6.053259,6.232834,5.76041133,5.637013,5.8757395
1,2,XTZRHLYNKPNFJU-UHFFFAOYSA-N,OCNT-2314402,5.368015,5.186925718810003,5.481699,5.214561745966475,5.064893933460002,5.0743427,5.114937340615155,5.197621,5.305455,5.371826,5.473648,6.34625435,6.236407,6.45757575
1,2,XUIIKFGFIJCVMT-LBPRGKRZSA-M,OCNT-2328892,4.561223,4.960278591549999,5.110057,4.560805138031396,4.268821589990001,4.8127747,4.660749065630573,4.7495956,4.465598,5.3201966,4.3053875,4.774593187,4.6843485,4.8756735
1,2,XVCFYPXRSADGLR-UHFFFAOYSA-N,OCNT-2310447,5.824273,5.50993973179,5.426334,5.332470683357354,5.531489334330003,5.082129,5.530621544024764,6.177881,5.8907485,6.1302986,6.3723145,5.569518247,5.443747,5.68203775
1,2,XWCLCJYWVJRTHA-UHFFFAOYSA-N,OCNT-2309598,3.685978,4.6145425852900015,4.6287565,4.572081995574519,4.947751608570003,5.0340543,4.978663567515588,4.3229675,4.5087643,3.7544088,4.1477323,3.686655173,3.15342875,4.22728425
1,2,XWXYUMMDTVBTOU-UHFFFAOYSA-N,OCNT-2328827,4.464274,5.277393717760001,5.2209344,5.00735572551509,3.95652524327,5.0340543,4.212266913354473,4.5317073,4.367684,4.508201,4.354898,5.103808697,4.90876575,5.28727525
1,2,YAXNCYJLFNFFDI-UHFFFAOYSA-N,OCNT-2314237,5.075064,5.40532233235,5.0786357,5.11874220343405,5.066078522220001,5.0743427,4.9317542900698825,5.325236,4.6942105,5.128717,4.9160385,4.928972322,4.74323325,5.10747375
1,2,YBSFAVKRJPTTHV-UHFFFAOYSA-N,OCNT-2316120,5.411962,5.341151520140001,5.120944,5.434639505103735,5.354297551840001,5.082129,5.0766746248821955,5.5271244,4.9302974,5.343101,5.4623785,5.018241137,4.88424075,5.16323575
1,2,YEEZWCHGZNKEEK-UHFFFAOYSA-N,OCNT-0494164,4.820463,4.547121467780001,4.656126,4.123901764982799,4.405541730719999,4.912072,4.432041447898422,3.8588586,4.2236876,5.131381,5.18488,4.601161295,4.52936925,4.68661075
1,2,YRRHXQBCLVLMPM-UHFFFAOYSA-N,OCNT-2313241,5.768962,5.7455307870200025,5.7569723,6.07123860300315,5.444099617850002,5.198993,5.382153776405347,5.721451,5.745492,5.9842277,5.914166,6.417337205,6.30101925,6.53877275
1,2,YWFZSGTWXKPCSQ-UHFFFAOYSA-N,OCNT-2318540,4.5607576,5.197169932160002,5.0466514,5.203816002843427,4.906167829079999,5.0340543,4.9182810442793325,5.2853565,4.8909316,4.888758,4.9475603,2.08595201,1.05655925,3.232583
1,2,YWHCPENBTKYQMF-UHFFFAOYSA-N,OCNT-2316345,5.5426774,5.5858334015899995,5.4501905,5.3988481075705,5.379732217999998,5.082129,5.103491742149955,5.808429,5.4580617,5.6449404,5.688382,5.3855554,5.21654975,5.5377635
1,2,YXBIHWFOVVALKB-UHFFFAOYSA-N,OCNT-2309495,4.8175416,5.256383572929999,5.2365737,5.11483190154617,4.81459865804,4.912387,4.947884011621049,4.475017,4.455427,4.865441,4.677813,4.300952497,3.990637,4.78283925
1,2,YZDDODJEXHDWEE-UHFFFAOYSA-N,OCNT-2310008,5.0839157,5.175889258230001,5.120944,5.096391219086144,4.741754888199999,5.0300922,4.871339804484374,5.5187483,4.761849,5.1898656,5.3511643,5.28092029,5.0875165,5.42224725
1,2,ZCEYLWXXNMDZEQ-UHFFFAOYSA-N,OCNT-2309871,4.5009117,5.027100550420001,5.252201,5.124774990817187,4.706797488199999,5.0340543,4.99202324070964,4.3690476,4.66405,4.8867974,5.023113,5.852009543,5.6898695,5.991091
1,2,ZCQGIHFEEOMIKD-UHFFFAOYSA-N,OCNT-2316705,5.2534857,5.088907276620001,5.1308646,5.156984763724819,5.0395160115700035,5.198993,5.309643319627134,5.550461,5.3431096,5.5773077,5.78286,5.743457875,5.6455385,5.84675275
1,2,ZEJFPISQRZKEQM-UHFFFAOYSA-N,OCNT-2308971,4.2123785,4.55224191125,4.8761754,4.583991927038301,4.52378712691,4.912387,4.429814063841207,4.3280973,4.522739,4.327055,4.1957717,5.017242875,4.74436725,5.30830125
1,2,ZEPYVNPXMMPJQB-UHFFFAOYSA-N,OCNT-2311582,4.6754274,4.31917865274,4.4884224,4.475365717481581,4.9861994132100005,5.0340543,5.0494018846151585,4.487749,4.1657715,4.726185,4.6744165,4.553127107,4.359116,4.835252
1,2,ZETLBFHKRJQWQU-UHFFFAOYSA-N,OCNT-2316329,4.4031806,4.854220855280001,4.877336,4.7559748862891915,4.50012788628,4.913541,4.031209570384369,4.352026,4.290393,4.517829,4.4783134,4.668983018,4.4357475,4.968198
1,2,ZGKKTJUHLOHJDN-UHFFFAOYSA-N,OCNT-2311801,5.780494,5.80542451772,5.3682466,5.575801316140859,5.356578726330001,5.0309014,5.122624514064148,5.39808,5.4652567,6.1206307,6.086153,5.916388262,5.82245725,6.00611625
1,2,ZHDQSWFXBSTNRS-UHFFFAOYSA-N,OCNT-2314120,5.7220454,5.5565175153,5.2365737,5.356344893154468,5.406915569749999,5.082129,5.645058003077821,5.729595,5.6885614,5.6983733,5.6371355,5.45362818,5.3541975,5.546415
1,2,ZHMAMFYEVUWYHT-UHFFFAOYSA-N,OCNT-2316334,5.005746,5.113120313499999,5.120944,5.136301596397189,4.652358151590002,4.9134555,5.1340498928321745,4.9711432,4.9864106,5.1977806,4.751646,5.097207995,4.8499355,5.3184005
1,2,ZIGNJPLWUJFGKO-UHFFFAOYSA-N,OCNT-2312921,5.810913,5.56667953009,5.722985,6.104703031792456,4.9968647430000015,5.0340543,5.318388103939687,6.1683793,5.623146,6.052183,6.102105,6.430027715,6.34226775,6.52042575
1,2,ZKKFKHAXIDJBRO-UHFFFAOYSA-N,OCNT-2309782,4.751703,4.2242248889699985,4.293444,3.976915000386446,4.757785017070001,4.912387,4.9299011196668525,4.8759723,4.685934,4.736429,4.373317,4.459346655,4.20397925,4.8397115
1,2,ZLNSOSPUFUUSJT-UHFFFAOYSA-N,OCNT-2310110,3.313277,4.097105989190003,4.161111,3.567089109014334,4.261139148109999,4.912387,4.413741017970916,4.2708354,3.7663743,4.2635317,4.1569138,3.754456368,3.23498925,4.23309
1,2,ZNZJGCOJFHWZII-UHFFFAOYSA-N,OCNT-2310979,5.2525444,5.498190908619998,5.3909926,5.455587231619689,5.20943072163,4.9715886,5.492686596437512,5.031913,5.238737,5.6106205,5.6974926,4.711638955,4.524571,4.929595
1,2,ZSOHLKDAXCTETM-MEBBXXQBSA-N,OCNT-2312033,4.008828,4.03073576099,4.2336407,4.456025993622541,4.667002592900002,4.7962832,4.709282719707078,4.3595114,4.0572596,4.1933956,3.8882587,2.86491911,1.12913175,3.8774065
1,2,ZSRIHZUWEGOQNF-UHFFFAOYSA-N,OCNT-2310853,4.559407,4.491317248120001,4.419456,4.384554496400174,4.699959475609998,4.912387,4.684290328932699,4.2960396,4.8812194,4.867639,5.0068774,6.620301305,6.51126925,6.7367805
1,2,ZTZAJUSBKHCWHO-UHFFFAOYSA-N,OCNT-2313024,5.6965046,5.260091458950003,5.4974437,5.4375194169218135,4.766803225870001,4.65588,4.476852429627947,5.9884453,5.350886,5.981472,5.8598413,5.886177303,5.80513725,5.96679025
1,2,ZUAYBNIRDLJINI-UHFFFAOYSA-N,OCNT-2316400,4.9071426,4.8327679329399995,4.762422,5.022208234463997,4.505169074680001,4.9715886,4.63130844062967,4.9964056,4.565018,4.8460274,4.836446,5.986175903,5.898028,6.0721305
1,2,ZVTQUKGFXAZXSS-UHFFFAOYSA-N,OCNT-2312209,4.949835,5.274339054439997,5.106325,5.2458578914504965,4.77367160158,4.349485,4.85819484600221,4.9801955,4.85467,5.3897038,5.38279,5.280704205,5.15067675,5.39027225
1,2,ZWALUEYCFIRARI-UHFFFAOYSA-N,OCNT-2313402,4.249228,5.187806383420001,5.120944,4.985717628523816,4.280562111810001,5.136259,5.1022200868912675,4.37342,3.6751914,4.31698,4.2435336,4.951977945,4.76356675,5.11874225
1,3,AAFSKRHBWOQJCV-CVEARBPZSA-N,OCNT-2309014,4.6801324,4.525082471800002,4.4850826,4.186643578684696,4.722606781070001,4.822851,4.919321434332316,4.91099,4.631774,4.5251226,4.3978953,4.737715497,4.51206175,5.00210875
1,3,AAPHOXBNRLQGES-UHFFFAOYSA-N,OCNT-2315503,5.4046736,5.129273692180002,5.144041,5.102126616395299,5.291684819189999,5.2623606,5.278375312672231,5.0479364,4.9563885,5.0029554,5.1695304,5.117787312,4.906878,5.28717475
1,3,ADCLRPXGARJRNH-UHFFFAOYSA-N,OCNT-2308460,4.9768734,5.034522118579999,5.2289066,5.067058961380803,5.300132508080001,4.77801,5.042282522710392,5.1674967,4.934716,4.830546,5.035504,5.041184842,4.7316005,5.31157325
1,3,ADEDIGFEFPYZAG-UHFFFAOYSA-N,OCNT-2309471,4.934316,5.04853625987,5.042855,5.103580831957894,4.749260109980001,4.794366,4.732910566034074,5.0446134,4.5931597,4.6219687,4.859633,4.94583745,4.775738,5.158119
1,3,ADNYRZXSYMJZJC-UHFFFAOYSA-N,OCNT-2312222,4.971482,4.90616463503,4.761061,5.215880699495812,5.40604591323,5.1049743,5.171654994260772,5.053935,4.303452,4.956178,5.2011414,3.668926313,3.108256,4.16415475
1,3,AFUVPNDCVKAFMM-UHFFFAOYSA-N,OCNT-2310288,5.956092,5.410907671099999,5.3758307,5.2067490939968355,5.476753468710002,5.419589,5.173595186792596,5.266038,5.152473,5.57863,5.629409,5.570652172,5.44352225,5.68766575
1,3,AKGNFUOCHVNYDC-UHFFFAOYSA-N,OCNT-2313888,3.9168327,3.9276329330500017,4.057093,3.8230335321045112,4.9113004185500015,5.1843963,4.969469030690609,4.7809196,4.4607835,4.69744,4.1791916,5.344484643,5.16662775,5.50265125
1,3,AMOYXGDFGWGGLF-UHFFFAOYSA-N,OCNT-2312604,5.372875,5.37455202568,5.0596676,5.551773405694582,4.585859815740001,4.987093,4.88813296330012,5.0565424,5.100442,5.233437,5.0443516,5.749749935,5.658147,5.84535225
1,3,ANOMTFSENDHDFG-FQEVSTJZSA-N,OCNT-2311967,5.816883,5.85850458317,5.4914207,5.578862586767879,5.473121345329998,5.5651555,5.230028470504718,5.22767,5.5535545,5.3259,5.7619653,5.476187582,5.34495675,5.5853665
1,3,AQDKRQSEIDTHDQ-UHFFFAOYSA-N,OCNT-2314436,3.7481894,4.13710194844,4.07443,4.143319679630267,4.0293220945399995,4.284301,4.780241282938425,4.439369,3.4808397,3.7890317,3.628726,2.05886211,1.05881075,3.4272975
1,3,ASHCCSWFPCMODT-UHFFFAOYSA-N,OCNT-2311674,5.03001,4.888202854279999,4.916112,4.907670811327308,4.501876263789999,4.8912597,4.942514679869895,5.2261467,4.862466,5.298646,4.7796326,5.703638352,5.602949,5.7998745
1,3,ATVIQSIFQPGBBE-UHFFFAOYSA-N,OCNT-2316803,5.4197707,5.298357938660001,5.3454404,5.197265460134567,5.08208897134,5.3546724,4.981452909785459,5.099592,5.1747837,5.8861527,5.5025935,5.81043134,5.72334225,5.8984905
1,3,AUGRFJVNNHVTMY-UHFFFAOYSA-N,OCNT-2310932,5.2022395,5.098712837600001,4.7498417,4.972418862478564,4.771292187969999,4.916108,4.931882540685235,5.1212993,4.85509,5.0053864,5.293772,6.030363112,5.90572325,6.16081475
1,3,AXVQIXKVNSXPGM-UHFFFAOYSA-N,OCNT-2315791,4.260868,4.649553060539998,4.748133,4.861913625446153,4.509314590979999,4.6487155,4.674897642248913,4.764666,4.3093,4.134379,4.6406436,3.18947587,1.5311505,3.93705225
1,3,BAVBWDPYCHMZSH-UHFFFAOYSA-N,OCNT-2309511,5.631675,5.551520096939999,5.543868,5.594584361270692,4.63123873105,4.4877214,4.90871760122325,4.986075,5.0479426,5.0913157,5.4991317,6.365419265,6.2389395,6.5003435
1,3,BFWFEEMSXVXPOE-UHFFFAOYSA-N,OCNT-2318216,5.8514256,4.9296970846300034,4.941016,5.101710721608364,4.91236284388,5.2881484,4.8873244615356075,5.1626606,5.665312,5.586353,5.690219,5.420178495,5.1846175,5.62891875
1,3,BIPBPUWYTFKMHW-UHFFFAOYSA-N,OCNT-2310411,3.7544172,4.685668004780001,4.2478037,4.549751812350326,4.996553642010002,4.956832,5.031449867697327,5.014964,4.117741,3.7915425,3.8394814,3.003373938,1.23378575,3.90548575
1,3,BIVGETPZEPQOBV-LBPRGKRZSA-N,OCNT-2309544,4.987169,4.92481374392,5.119424,4.840215107719282,4.976209414600001,5.1747017,5.1077021598544805,5.11921,4.581003,4.661625,4.938147,5.587521188,5.45089125,5.71268975
1,3,BJPQOWBRTLGZDQ-UHFFFAOYSA-N,OCNT-2312156,5.6264763,4.921931486719999,4.9546766,5.141825277782842,5.444654737250002,5.560372,4.963412892740224,5.0685043,5.512231,5.540094,5.485639,6.011393107,5.92241375,6.09286575
1,3,BNKYBQJOBDPSSN-KZMQIFKDSA-N,OCNT-2315282,5.00886,5.0672482836100015,4.7314496,4.909892111050944,4.672520994880001,4.9575624,4.845219145047246,4.931426,4.3173404,4.7909336,5.0614243,5.581384543,5.421961,5.73396475
1,3,BRWOHQLXDDQIIN-UHFFFAOYSA-N,OCNT-2309265,4.5612984,4.760640389690002,4.8528843,4.764294663460177,4.658212492560001,4.964804,4.913515410529901,4.853686,4.5050654,4.622659,4.751692,4.013291025,3.57920475,4.5866455
1,3,BTIVUGONCMEKNX-UHFFFAOYSA-N,OCNT-2312592,4.884253,4.60310571648,4.990646,4.383465282554436,5.036099389060004,4.2947593,4.957346084892639,5.103706,4.7949886,4.9880047,4.7156324,4.889644845,4.72966725,5.04798325
1,3,BVAHASJMMFXKPQ-UHFFFAOYSA-N,OCNT-2312089,5.54427,4.9525544448800005,5.0356593,4.952103526128396,4.872727709170002,5.326455,4.956006457682228,5.2635713,5.2944527,5.2508283,5.5779476,4.98092184,4.79998925,5.15690975
1,3,BVCKJGVIXOMZBW-UHFFFAOYSA-N,OCNT-2317192,4.194448,4.056088449190001,3.683707,4.1475284542922175,4.46807999518,4.174919,4.685377168135996,4.7029443,4.0173755,4.1478405,4.2091846,3.38951854,2.36340725,4.01675
1,3,BZVHKYBWSDLONO-UHFFFAOYSA-N,OCNT-2313948,5.4151096,5.339988132750001,5.2711062,5.518858786725362,5.314971443890003,5.234528,5.143790023601363,5.2764373,4.852688,5.433886,5.330456,3.274140225,1.81569325,3.96108625
1,3,CBXRZDCFILMYNK-UHFFFAOYSA-N,OCNT-2312047,5.4941373,5.463715669510001,5.2813425,5.070980724198092,5.200251775920002,5.0110216,4.883447723881096,5.2790027,4.8199406,5.3186493,5.3829193,5.466814633,5.35109775,5.5675305
1,3,CBZVZUYDLPWQDO-UHFFFAOYSA-N,OCNT-2314465,4.5514336,4.55896528367,4.9063625,4.478302556971274,4.829261914979998,4.9159703,4.812737370494537,4.922163,4.070125,4.199449,4.3020225,2.118008605,1.06765975,3.239643
1,3,CEPJBSAWUZGPOV-UHFFFAOYSA-N,OCNT-2310686,4.6218934,4.4827778027199985,4.748133,4.82252069205291,4.3652891573799995,4.906822,4.681329247148818,4.791868,4.40722,4.4710293,4.678175,4.579245375,4.38336675,4.842146
1,3,CEWPCADJKNEVJT-UHFFFAOYSA-N,OCNT-2312994,5.0452156,4.957536297330002,4.798663,4.9593755268319555,4.46217762325,4.6478624,4.8423751306744265,4.825609,4.7681413,4.698189,4.9875455,4.578476995,4.3684015,4.873397
1,3,CEZWATQPKVMJIE-UHFFFAOYSA-N,OCNT-2313845,5.5329556,5.04252731534,4.772015,5.090047920412617,5.170665432119998,5.677748,5.124520067709646,5.1012225,5.717721,5.2261944,5.6332717,6.07951315,5.98161,6.1758715
1,3,CLOQRBMETQXCIE-UHFFFAOYSA-N,OCNT-2316180,5.73283,5.049904186139998,5.0290914,5.160037601386927,5.3095404308499985,5.8640795,5.088255037148792,5.147411,5.6412373,5.437257,5.687707,5.00016572,4.85077675,5.1842715
1,3,CZCHIEJNWPNBDE-UHFFFAOYSA-N,OCNT-2328931,5.857828,5.464665252499999,5.1771746,4.825474269122008,5.142943603929998,5.2228446,5.225664666851879,5.294699,5.6011376,5.2379584,5.6665287,4.867967003,4.7584735,4.97171675
1,3,CZLYCQXGUITFRL-UHFFFAOYSA-N,OCNT-2316547,5.7625923,5.587522919,5.4724073,5.28272370392582,5.512350961769999,5.4284077,5.173595186792596,5.2129865,5.5321107,5.459912,5.8547306,4.74041087,4.53534775,4.994618
1,3,DAAQXYINTYQCAU-UHFFFAOYSA-N,OCNT-2312987,4.950862,5.550017575410001,5.5345564,5.4616268639090295,4.8489149593,4.860373,4.798575625215961,4.8815465,4.6743555,4.9325786,4.9743896,4.294096595,4.01674875,4.724339
1,3,DAOAPMJKVUJXID-UHFFFAOYSA-N,OCNT-2311133,5.3879642,5.134450076820002,5.2191133,5.266705129616236,4.7472557028199995,4.674324,4.746442107254072,5.1073847,5.230485,5.177881,5.63148,5.152543565,5.00986925,5.266401
1,3,DBEMDJCSEVHWPT-UHFFFAOYSA-N,OCNT-2313532,5.7033916,4.987243386520001,5.1917224,5.169963765618827,5.60351803638,5.1609044,5.117114341696976,5.242481,5.3674493,5.608262,5.560522,6.87456773,6.794196,6.95733775
1,3,DCBIPDXNVYUXEE-UHFFFAOYSA-N,OCNT-2310488,5.3799295,5.319965461559999,5.303632,5.258261536031883,4.69466873135,5.057379,5.173595186792596,5.0856824,5.052341,5.214879,5.468794,7.520682635,7.4068485,7.63654325
1,3,DDYGUKULIGNEQA-UHFFFAOYSA-N,OCNT-2308646,4.4095926,4.643280483040001,4.6547403,5.105711976934537,4.885615277360002,4.9866385,5.101122963403826,4.8739743,4.058809,4.4185247,4.6435165,4.668175377,4.4775175,4.88867125
1,3,DFMJHQYUJLHBAJ-UHFFFAOYSA-N,OCNT-2313361,4.9984617,4.9424211075999995,3.995358,4.978115028195047,4.75566895699,4.858936,4.8873244615356075,4.9652143,4.3282223,5.0712585,5.086854,5.117560838,4.9422965,5.294745
1,3,DHNZZMXDGCZABY-UHFFFAOYSA-N,OCNT-2313567,5.162332,4.886124606729998,5.1580877,5.193783672913689,5.206231639189999,5.416627,4.937982472707326,5.2488847,4.8827133,5.3337517,4.9970765,6.993996538,6.907625,7.082275
1,3,DLRFNZBVVYAGCE-UHFFFAOYSA-N,OCNT-2317386,5.2722416,5.03847613263,5.122372,5.020120327602087,5.021633090730002,4.75308,5.027727813766248,4.963113,5.20219,5.0868125,5.3087907,4.983901268,4.82881725,5.14842675
1,3,DQZPSTCWXMFFLR-UHFFFAOYSA-N,OCNT-2313906,4.374516,4.530254773390002,5.0605226,4.662553008115446,4.388309636539999,4.0449038,4.889314540809326,4.7278814,3.8891997,4.1087937,4.3958592,2.116247137,1.0541595,3.23494525
1,3,DSLZMQBZYLSBTB-UHFFFAOYSA-N,OCNT-2317208,4.485873,4.561210632929999,4.902603,4.803951454582512,4.717558626240001,4.4890375,4.765338409040119,4.8031063,4.1257396,4.577934,4.685342,4.205599885,3.95832875,4.4725065
1,3,DUADTXCVWFPPIL-UHFFFAOYSA-N,OCNT-2312961,5.3062377,4.95323877415,5.1195235,5.214532940552169,5.132773082550002,5.1264153,5.100209131185366,4.9438004,5.0421805,5.0933475,5.3213296,4.967871133,4.790594,5.13428
1,3,FBOZXECLQNJBKD-ZDUSSCGKSA-N,OCNT-0200796,3.3849967,4.05232338278,4.073684,4.284209007045568,4.055651704710002,3.7337406,4.871986327791427,4.8906097,3.5057712,3.5489087,3.0977156,2.132871568,1.05391675,3.24998725
1,3,FCVXGURMAPSXMN-UHFFFAOYSA-N,OCNT-2312113,4.9710484,5.125956055170005,4.946375,5.004181994031262,5.178739937100002,4.593873,4.996187487728626,4.992468,4.3701777,4.8819366,5.340997,5.065387835,4.94065525,5.1852915
1,3,FDQLURLBRFGFSN-UHFFFAOYSA-N,OCNT-2317821,4.848762,5.062834353860003,5.122372,5.115358257714841,4.738963391110002,4.800396,4.905179053125957,4.8912487,4.670964,4.890526,5.009986,3.44922921,2.39236175,4.04526125
1,3,FHAJACFOFHBTNN-UHFFFAOYSA-N,OCNT-2316229,5.6324987,5.533126612999999,5.5081043,5.507752563279672,5.553733294460003,5.3916507,5.180521767792581,5.2333956,5.072432,5.543151,5.406718,5.477150375,5.30274725,5.640479
1,3,FHPVWGDQJXVTRR-UHFFFAOYSA-N,OCNT-2318135,5.7115035,5.563603902650001,5.419222,5.4411804160788595,5.3094022597900015,5.1802173,5.05940797590474,5.3229628,5.5014315,5.396101,5.5521393,5.47465301,5.38185425,5.56191225
1,3,FJHBVJOVLFPMQE-QFIPXVFZSA-N,OCNT-0493792,4.824239,3.64472823157,3.4208875,4.169651994283881,4.867381501940001,5.178626,4.854278741458081,4.8788476,4.8937135,4.738792,4.919144,2.198138092,1.05974625,3.24699525
1,3,FJLBFSROUSIWMA-UHFFFAOYSA-N,OCNT-2328854,5.4065523,5.302949048579999,4.8222556,5.236175126245912,4.790684540479997,4.3610888,4.922112014511539,5.059758,4.4912834,5.602816,5.5746245,3.893977505,3.476059,4.49633975
1,3,FJUHYDGFHVCIQR-UHFFFAOYSA-N,OCNT-2308588,4.7551727,4.990331915510001,5.0551586,4.884611317491253,4.81204513124,4.2695637,4.919575018200772,4.9256177,4.665302,4.93607,4.7855024,5.273967155,5.13678425,5.38810225
1,3,FKTKOBGQSYLSJM-GJZGRUSLSA-N,OCNT-2312925,4.7794375,4.782590165930004,4.647115,4.731743989769184,5.015989189050002,4.999645,5.055293412413766,4.8495545,4.270722,4.768261,4.688804,5.692550137,5.60094775,5.781781
1,3,FMIDPHAHVCLBIS-UHFFFAOYSA-N,OCNT-2311689,5.295024,5.163915437170001,4.9202027,4.944165177045627,4.698741633759999,5.0218925,4.845146134253198,5.118766,4.7016606,4.9954305,5.2238603,5.401922305,5.28722925,5.503352
1,3,FNNRNBHDBIXRDM-UHFFFAOYSA-N,OCNT-2313105,4.828273,4.6494968992400025,5.0885816,4.729436728961411,4.865508195880002,5.1837254,4.896918798510372,4.88652,4.6950126,4.4454556,4.6026096,4.86686844,4.7125785,5.049418
1,3,FPBTWBPEUXKRGD-UHFFFAOYSA-N,OCNT-2315086,4.469543,4.635618555840001,4.5118318,4.4018731769690955,5.16941326693,5.1960645,4.868242443406604,4.946859,4.4002123,4.7891483,4.276784,4.003649968,3.60392925,4.5847675
1,3,FPRANIGYQRKCBH-UHFFFAOYSA-N,OCNT-2314615,5.5179033,5.282601096869999,5.161693,5.116215314120941,5.261653237940002,5.1917124,5.124520067709646,5.133723,5.170487,5.289075,5.554781,5.145038037,5.044738,5.24219725
1,3,FPWDWCNZCTXVIS-UHFFFAOYSA-N,OCNT-2314373,5.8328505,5.065723988269999,4.761191,5.410528819056713,5.187809240190002,5.1838675,5.011102623870908,5.3949537,5.672731,5.743967,5.8978186,6.519893535,6.4262835,6.6174045
1,3,FPZDMQCYMFEBKJ-UHFFFAOYSA-N,OCNT-2312659,4.7670693,4.943356194459999,4.645724,4.952031244806827,4.787736163439996,4.9724574,4.857561966566714,4.8957405,4.959055,4.88948,5.078478,5.015109437,4.87268575,5.11733125
1,3,FTALBRSUTCGOEG-UHFFFAOYSA-N,OCNT-0493842,5.985217,5.578476874109999,4.928851,5.607273686993317,4.6684301346999995,5.1979184,4.958664760752544,5.4896393,5.8378057,5.6151752,5.810942,5.50240846,5.3835175,5.60970175
1,3,FUJRKPHFQJPPJN-UHFFFAOYSA-N,OCNT-2310589,5.054713,4.866008054199997,4.9982924,5.153780653954724,4.5285472992499995,5.1135936,4.807785449510874,4.7578073,4.4497495,4.9172,5.610684,2.216016635,1.0635055,3.5923915
1,3,FVIXHBOZMNOBMY-UHFFFAOYSA-N,OCNT-2315806,5.7185974,5.0547616073000015,5.2289066,5.265810988569597,5.331017761269999,5.215296,5.052873609230096,5.393927,5.7070413,5.680853,5.6126523,5.286606153,4.99609625,5.50529175
1,3,GBMQYCYKGKXERN-UHFFFAOYSA-N,OCNT-2308859,5.702338,5.288651850310003,5.085549,4.939619346833824,4.842959563310002,4.8175144,4.861734014405072,5.1772943,5.6566677,5.748091,5.7701354,5.676891138,5.57568125,5.761828
1,3,GCNJHYVEVFPMBC-UHFFFAOYSA-N,OCNT-2312278,5.1385307,5.07410107881,5.122372,5.239732408365562,5.470504169439998,5.2535105,4.950052824171262,5.079588,5.2537303,5.138247,5.32696,5.263770092,5.01684575,5.42353025
1,3,GCVLLZZKLLGWGD-UHFFFAOYSA-N,OCNT-2311905,5.3910003,5.084295786200001,5.301309,5.180061922477444,5.36402598736,5.267193,5.057603522500884,5.161202,5.1650043,5.289426,5.4061985,4.631471355,4.362856,5.0099295
1,3,GDKZUNMFXBASGH-UHFFFAOYSA-N,OCNT-2313625,6.118879,5.666124104960001,5.4864354,5.696167023024046,5.693692318479999,5.5464435,5.225664666851879,5.2887497,5.4565,5.8329844,5.9934516,6.236445705,6.145029,6.33056575
1,3,GEJVZRUGXRBCTB-UHFFFAOYSA-N,OCNT-2314481,5.5849566,5.47460197453,5.5586343,5.6058934307395605,4.854677262970001,5.0785394,5.027727813766248,5.196454,5.6230197,5.623759,5.564384,4.971627888,4.75476675,5.1831115
1,3,GFMDVFVOJOPHQC-UHFFFAOYSA-N,OCNT-2316319,4.3786345,4.4915105007500005,4.7438197,4.450468755187377,4.655664323379999,4.484923,4.906130423877792,4.902365,4.1986766,4.0206914,4.078017,4.83589907,4.597328,5.11769875
1,3,GGBBLNXTXLEKSN-UHFFFAOYSA-N,OCNT-2310551,4.896489,4.692880189509999,4.953133,5.034303851885776,4.45637323452,4.085887,4.68211762704913,4.9349484,4.5704255,4.7477903,4.8095317,4.043277885,3.5669645,4.81209875
1,3,GHXSNVVZVLZOTP-UHFFFAOYSA-N,OCNT-2315858,5.567819,5.097667096829999,5.2316604,5.483140957085547,4.861767590170001,5.493331,5.092542072013792,5.175019,4.9131346,5.1998286,5.3637223,5.161552162,4.990768,5.29288025
1,3,GJZXIYRUQJJTIE-UHFFFAOYSA-N,OCNT-2312083,5.0763307,5.16624486631,5.379017,5.135566911240108,5.362776386139999,5.257192,5.110470261418624,5.1721745,4.983806,5.0708203,4.9105043,5.353159198,5.17332275,5.49706725
1,3,GMIKJTNOLKWHIN-UHFFFAOYSA-N,OCNT-2310380,5.394396,4.932496826669999,5.025332,4.980219607789507,5.234609990800001,5.2518225,5.179585930425483,5.1093864,5.3100324,5.1945677,5.5341973,5.203664612,5.04565125,5.320574
1,3,GNISWTDOTOKUKH-UHFFFAOYSA-N,OCNT-2315752,5.278529,4.999914689629997,4.4762464,5.048289470438677,4.968387545620001,5.1249337,4.965184104114658,5.2279634,5.111717,5.3480434,5.1570396,5.561341582,5.46801675,5.6478075
1,3,GOKKUMQJBRQCEW-DYVFJYSZSA-N,OCNT-2314369,4.5176563,5.008448530640002,5.1010675,4.910594402534573,5.034640277270004,5.186179,5.085750385665649,5.0474834,4.3935175,4.6310077,4.664574,5.32552638,5.0991075,5.5371505
1,3,GPSBNWGJJJFJOP-UHFFFAOYSA-N,OCNT-2314068,4.427877,4.597115062250001,4.685685,4.620400084849455,5.06579432904,5.269157,5.090629364877905,5.0599585,4.4054193,4.4011364,4.405835,5.458361225,5.30898,5.5979305
1,3,GPZVJCWQYLPCKC-UHFFFAOYSA-N,OCNT-2314617,5.5731597,4.3632595078800005,4.7052536,4.964593231016273,5.066063951149997,4.3962355,4.752597456200188,5.0656652,5.4784765,5.313031,5.5568295,4.850214027,4.71537925,5.011748
1,3,GUDHSXTUPPEPPK-UHFFFAOYSA-N,OCNT-2316132,4.88941,4.843587411230001,4.0860314,4.868251213819096,5.513678867940005,5.116521,5.088410536020642,5.08025,4.5745296,5.304556,5.034776,4.55876262,4.303881,4.91720925
1,3,GYTCLQMPVMJGFA-UHFFFAOYSA-N,OCNT-2314024,4.6420245,4.377094163850001,4.049692,3.716828096944676,4.7998820017399995,4.9629116,4.847964007577185,4.90783,4.3567433,4.528113,4.5201607,3.580218852,2.86660925,4.1500045
1,3,GZOSMCIZMLWJML-VJLLXTKPSA-N,OCNT-0498125,5.2454605,5.530107401670001,5.4106345,5.500767205480835,4.079979954510001,4.52508,4.9009376937251155,4.880111,4.52941,5.187071,5.4360976,5.464861375,5.32261625,5.59796675
1,3,HBIXLLBPTHZDRI-UHFFFAOYSA-N,OCNT-2316121,5.5066776,5.112011464659999,5.099721,5.239228947047268,5.288006196160001,5.248105,5.053359127031656,5.0550404,5.6945243,5.149243,5.4774084,5.497723967,5.3931135,5.59819125
1,3,HKLMCWDFYPHFRO-UHFFFAOYSA-N,OCNT-2311278,4.007345,4.536659960550002,4.5980186,4.408675274496448,4.533741839470004,4.692092,4.619298382954822,4.861364,3.6369076,4.235559,3.94043,2.092768808,1.05108675,3.219697
1,3,HOLMFESKTOTMDZ-UHFFFAOYSA-N,OCNT-2311610,4.5656595,4.231051892990001,4.249988,4.494132933046615,4.628110069089998,4.5864453,4.898855788628446,4.7895823,4.3161173,4.455097,4.7331915,3.186430333,1.65568725,3.9557775
1,3,HSRKGELPMUYHCC-UHFFFAOYSA-N,OCNT-2314045,4.4283204,4.80902969292,5.610515,4.951036438728166,4.984123080340001,4.79908,4.940063617865144,5.0570655,4.3694987,4.737644,4.462624,5.159640505,4.898894,5.3241855
1,3,HTFHQYPWORPEHA-UHFFFAOYSA-N,OCNT-2316125,5.5024185,5.0418287394,4.9931903,4.869803561214385,5.239365801630002,5.221043,5.1472883780004555,5.1216483,5.7284107,5.213548,5.426976,5.793957287,5.66992,5.9118415
1,3,HTGAXCLQAYTCRX-UHFFFAOYSA-N,OCNT-2311948,5.433395,5.226212409039997,5.2289066,5.318967570791649,5.4012443771699985,5.4251833,5.19196182307045,5.264794,5.695414,5.4389114,5.596818,6.17100461,6.08245875,6.27367
1,3,HYUHVOLQYDHZHQ-UHFFFAOYSA-N,OCNT-2313573,4.649003,4.707804418360001,4.7227507,4.6395200970873045,4.833434012400004,4.6535816,4.968342647748395,4.838527,4.6320415,4.4276466,4.6686835,5.57377753,5.462107,5.6766325
1,3,HZNBGOJIRVQVMT-UHFFFAOYSA-N,OCNT-2310610,4.930008,4.657047109309999,4.7498417,4.752929816217094,4.9748936085899995,4.9278584,5.009049049977917,5.1217637,4.75188,5.114754,5.128067,4.411099625,4.12573975,4.8369445
1,3,IAAZBECRDFSGAC-UHFFFAOYSA-N,OCNT-2311644,5.3462906,5.43021659794,5.303632,5.080383974640603,5.2783245893799995,5.4970884,5.114911175226602,5.2619653,4.955163,5.212109,5.346234,5.241190032,5.05998975,5.39102325
1,3,IBLMLYIIJGOTCM-UHFFFAOYSA-N,OCNT-2308723,5.0951743,5.14079478329,5.161693,4.977189103673556,4.957791026860002,4.744914,4.854278741458081,5.1081495,4.7895355,4.823129,5.2422166,4.741873508,4.56873925,4.93460175
1,3,IEBDYAPJNYNOJG-UHFFFAOYSA-N,OCNT-2311508,3.9297018,4.5549505137700015,3.6734452,3.869610298367683,4.463300643010001,4.0802593,4.972467062029405,4.759081,3.643047,4.180333,4.0639834,6.246614277,6.14388175,6.34482075
1,3,IFQPPSWDRROISD-UHFFFAOYSA-N,OCNT-2314407,5.1651726,4.803784877560004,5.1195235,5.075982596008166,4.955051396610001,5.2456346,4.855906253340437,4.9364376,5.0709033,4.8837757,5.363926,4.971656497,4.78588375,5.13282875
1,3,IHUNBGSDBOWDMA-AQFIFDHZSA-N,OCNT-2328400,4.8432207,4.863067942230001,5.2317166,4.609445566069531,4.526149596460001,4.681024,4.8795716700472616,5.022784,4.650758,4.7177033,5.1188803,4.81904756,4.68962625,4.9492525
1,3,IKLROGGBSVRPBV-UHFFFAOYSA-N,OCNT-2314977,5.466148,5.029706213920002,5.071842,5.022711691799539,5.222159132139999,5.496609,5.034789423990406,5.0853815,5.3588276,5.126064,5.4294033,5.870257998,5.7818095,5.963953
1,3,IMUWGGOPROYNBY-UHFFFAOYSA-N,OCNT-2316961,4.4171495,4.107784908450002,4.1952257,4.126313686980078,4.398892815540003,4.7565336,4.974101833115172,4.698736,4.2884955,4.38377,4.3957233,3.821367673,3.291438,4.25691775
1,3,IOSPKZIADFJWQW-UHFFFAOYSA-N,OCNT-2316840,4.216705,4.904680799400002,4.883977,4.706235047139382,4.78685085188,4.7870574,5.026931154561547,4.950728,4.013126,4.240218,4.054826,2.65809104,1.11251025,3.811474
1,3,IRELANSYNNWRMV-UHFFFAOYSA-N,OCNT-2311309,4.422348,5.2381790832,4.9398313,5.265971591291333,4.434234890870001,4.914893,4.812781830049617,4.768873,4.183263,4.349807,4.610467,3.533498365,2.49455825,4.089546
1,3,IUFDECBMQJLOOR-UHFFFAOYSA-N,OCNT-2318099,5.4158845,5.106575325560001,5.194571,5.2406501302303115,5.138175069109999,5.103658,5.121705721568608,5.1748166,5.3477306,4.958072,5.3888974,5.275323868,5.14992925,5.379221
1,3,IVSXKJLOXRBZSW-UHFFFAOYSA-N,OCNT-2316164,3.254778,4.305321880560002,3.9319918,3.720231900556321,4.227109249360001,3.9617894,4.759530053612901,4.46395,3.5131571,3.525748,2.8379352,2.1908636,1.05545175,3.49446425
1,3,IXIWLXFULLNPDO-UHFFFAOYSA-N,OCNT-2311574,5.1779885,5.22612626926,5.398428,5.254909707506628,5.051363853470002,5.127339,4.798170674234067,4.938964,4.9829206,5.000745,5.3863106,4.795568815,4.294924,5.1695415
1,3,IYIKLHRQXLHMJQ-UHFFFAOYSA-N,OCNT-2328496,5.4645953,4.73674302195,5.1771746,4.862617377171534,3.64397845906,5.1863623,5.031731170468542,5.08673,4.98794,4.921623,5.3208146,3.997762027,3.52266325,4.55751375
1,3,IZAGNTPWJNSIBV-UHFFFAOYSA-N,OCNT-2316700,4.3653846,4.75202096212,5.1580877,5.143321184361181,4.66583589336,5.277292,4.8717796526856985,5.0349402,4.1685467,4.5965734,4.355511,1.981587095,1.04615,3.17115625
1,3,IZJRISIINLJVBU-UHFFFAOYSA-N,OCNT-0497946,4.9348755,5.422544487159997,5.2158113,5.231334919744858,5.091077313120001,4.855974,4.793975900673146,5.023912,5.31838,5.466961,5.593824,4.946983765,4.73270475,5.14926575
1,3,IZQGJBSGWYWETN-UHFFFAOYSA-N,OCNT-2318668,5.3977036,5.432358636349997,5.3708453,5.063074151830692,4.772203017540001,5.18286,4.847330586659087,5.167195,5.0030355,5.146114,5.446909,5.730354147,5.6054085,5.85285375
1,3,JBLWNFFRBGGQRJ-UHFFFAOYSA-N,OCNT-2308571,5.6469116,5.734573121250001,5.443044,5.588554411281925,5.427497401840001,5.330064,5.108106458237588,5.2236447,5.386544,5.732009,5.6355157,5.564723962,5.4222075,5.69536475
1,3,JDDRHSYXLOMPDH-UHFFFAOYSA-N,OCNT-2316001,4.5983157,5.004667858810001,4.843112,4.794676037604054,5.194401666500002,4.747355,5.052873609230096,5.166081,4.5637197,4.8508134,4.8003488,5.572693235,5.44809775,5.6866475
1,3,JKZVPHGLLHOJCU-UHFFFAOYSA-N,OCNT-2316877,5.124355,5.205263784540001,5.061211,5.354484276521947,5.062729258880002,5.2167535,5.16212162757141,5.030385,4.716817,4.9618306,5.088026,3.913808465,3.49149225,4.54212175
1,3,JMXRCYKGNHZSPJ-UHFFFAOYSA-N,OCNT-2317761,5.885757,5.378378626720003,5.0376225,5.52895611686601,5.329786416170001,5.252392,5.091367421728389,5.2880406,5.532988,5.805584,5.852213,5.91937032,5.81805,6.01809475
1,3,JQCPEVJDVLLTJO-UHFFFAOYSA-N,OCNT-2318612,5.0413327,4.85886852432,4.798663,4.5514677511074595,4.75067349629,5.076218,4.947975499446286,4.9204288,4.598885,5.0156155,5.118568,5.101097193,4.919217,5.25859675
1,3,JQZAFNAQPXWADF-UHFFFAOYSA-N,OCNT-2317276,5.6032577,5.282397975529998,5.109841,5.0321129955087045,4.482112830009999,4.902956,4.984414028844385,5.0931783,5.387059,5.4726505,5.460996,5.50736365,5.27944975,5.646382
1,3,KBIFFZFLJCHRSB-UHFFFAOYSA-N,OCNT-2308529,4.3984804,4.7040954602900005,4.20805,4.849050031814146,4.745074560570001,4.6671267,4.676301453177216,4.982459,4.444979,4.5931835,4.4605856,5.021356355,4.8814065,5.11244725
1,3,KBIZODSRDYBQSE-UHFFFAOYSA-N,OCNT-2314500,4.8310094,4.888330547780001,4.9776,4.88580168590102,4.9127053941700005,4.691907,4.870970794541352,4.9206653,4.307024,5.015225,4.9693184,5.341003912,5.232166,5.43643275
1,3,KELUFBHDMTWQEL-UHFFFAOYSA-N,OCNT-2308995,5.3285904,5.343057575399999,5.395144,5.331237434405844,5.235437514880002,5.2091236,5.071262223125887,5.149368,5.1515856,5.0100155,5.398909,5.266856083,5.127467,5.3772085
1,3,KFZXVMNBUMVKLN-UHFFFAOYSA-N,OCNT-2328764,5.6508093,5.516138540300002,5.303632,5.419562828969494,4.80767322477,4.6481366,4.930863665397166,5.122045,5.526966,5.7074447,5.717469,5.4731902,5.2918485,5.647609
1,3,KMZYUSCVDZNVTP-UHFFFAOYSA-N,OCNT-2309138,5.367042,5.272549693470001,5.2289066,5.181471846947085,5.585023300800002,5.7938886,4.939569348023785,5.304241,5.1998677,5.215309,5.379246,5.58659819,5.496862,5.67991575
1,3,KTTAALOCUFXJDU-CQSZACIVSA-N,OCNT-2313586,4.819837,5.118914066130002,5.330532,5.147456324355483,4.880587874740001,4.4779005,4.990654529789406,4.9853435,5.236276,4.9906683,5.0730557,4.87605709,4.70736875,5.0401085
1,3,KTXGZAHGTOTYGL-UHFFFAOYSA-N,OCNT-2313684,5.6707654,5.152902147779998,5.2465296,5.448373683701692,5.4025564639000025,5.4440265,5.068163514960713,5.196742,5.4221005,5.4213915,5.6769085,5.303198938,5.08598275,5.462755
1,3,KUZJQXDTEWOIEK-UHFFFAOYSA-N,OCNT-2312554,6.093422,5.454008483759999,5.741086,5.8093774089951005,5.461981841389997,5.421924,5.230028470504718,5.063143,5.78903,5.4696245,5.786642,5.725068442,5.59466725,5.84733
1,3,KYHFZEMDHMRWCK-IAGOWNOFSA-N,OCNT-2308925,4.991836,4.778737835550001,4.561369,4.983881237611854,5.193512129060001,4.8548613,4.956006457682228,5.0946474,4.35956,4.847468,5.0392675,5.585823915,5.50701075,5.66837025
1,3,LGGPCNPPIONCGS-UHFFFAOYSA-N,OCNT-2312600,5.6413164,5.439044743300003,5.3708453,5.551770436049159,5.39388685093,5.5651555,5.211458767463468,5.2003503,5.425011,5.562727,5.479596,5.561736565,5.4632625,5.65505175
1,3,LHONXHPIOQMVRB-UHFFFAOYSA-N,OCNT-2314884,5.323193,5.150922790620001,5.3203154,5.442251307045632,5.316730731439999,5.22564,5.184464909637739,5.17056,5.3872724,5.4064693,5.3980184,6.840346737,6.72470475,6.9653075
1,3,LJPCOZWTZKSTAI-UHFFFAOYSA-N,OCNT-2313682,4.6240134,4.222252667630002,3.941953,4.435023777408978,4.584052230820001,4.7265215,4.835296391015138,4.8069987,4.1676106,4.513546,4.288315,3.771370683,3.265317,4.27283975
1,3,LOQUXCMMBHJLQU-UHFFFAOYSA-N,OCNT-2315701,5.46403,4.96943071267,5.128787,4.762796325986987,4.74468922122,4.846299,5.075989486168212,5.0867095,4.9423213,4.9995675,5.366864,5.736394738,5.6766455,5.79156525
1,3,LPKCTGUWFTZGHX-UHFFFAOYSA-N,OCNT-2312493,5.160227,5.184652591780003,5.2249613,5.304814231795991,4.887375091850003,5.279326,4.984414028844385,4.9428997,5.4448814,5.1236796,5.416119,5.516313213,5.42871225,5.60128425
1,3,LRYQQRCEPXEHIM-UHFFFAOYSA-N,OCNT-2314399,3.9421778,4.178800746070002,3.7934277,3.955334416746014,4.540977708849998,4.9935613,4.9310657041900114,4.8773656,4.0481133,4.0552726,3.7795944,1.97698462,1.0376135,3.3715445
1,3,LSFMGKPSZGJWRZ-UHFFFAOYSA-N,OCNT-2314028,5.120796,4.664823686030001,4.773258,4.798692802084407,5.016141674910001,5.181382,4.991375699144033,4.8302584,4.9095955,5.09054,5.181006,5.189623607,5.00323525,5.37517175
1,3,LWTKTABHWXYFOZ-UHFFFAOYSA-N,OCNT-2310779,5.337931,4.797741619050001,4.871671,4.549349986013022,5.390310231419999,5.368541,5.027308524014466,5.07242,5.5040026,5.195025,5.399849,5.745007975,5.6201565,5.861856
1,3,MGNXSCOULZVGLZ-UHFFFAOYSA-N,OCNT-2314937,5.2122893,4.996157643020002,4.848941,5.022120104007374,5.29610732392,5.8424864,5.112162048979227,5.029654,5.288154,5.3353715,5.403251,5.193755937,5.003672,5.370302
1,3,MJBADUAGPNZJKC-UHFFFAOYSA-N,OCNT-2317999,4.232785,4.055093934620001,4.018622,4.197320620277416,4.33101143448,4.7693768,4.966957693263324,4.606779,4.241973,4.036627,4.0007944,2.47526404,1.098603,3.7122085
1,3,MJSHQBKOOKTKQV-LBPRGKRZSA-N,OCNT-2312760,5.669802,5.212538430840001,4.8211317,5.155511838395399,5.65261965182,5.250529,5.106980239061891,5.3261924,5.1921315,5.537337,5.6178174,5.507424165,5.380073,5.61983225
1,3,MJVAVZPDRWSRRC-UHFFFAOYSA-N,OCNT-2328794,5.1459317,5.285522614339998,5.1044917,5.3141167804700515,4.523696628480001,4.6312017,4.949529464105198,5.0047846,5.5390053,5.1566744,5.2794065,4.241668605,3.814983,5.0119925
1,3,MKHWAPOBJQZJEY-UHFFFAOYSA-N,OCNT-2315445,5.933821,4.960780625010001,5.165183,5.049871569403846,5.5453915268000005,5.305355,5.098544638655727,5.145476,5.706751,5.4840317,5.8688784,5.93539921,5.84880325,6.02213425
1,3,MKUCLUPMYFFFGY-UHFFFAOYSA-N,OCNT-2309232,4.7572417,4.432137223950002,4.6014824,4.789758173650839,4.47289014759,4.551266,4.981613932714372,4.98089,4.45059,4.8387375,4.7085853,3.662160178,2.945458,4.17273125
1,3,MKZQCDVLIOJVRH-UHFFFAOYSA-N,OCNT-2315194,4.936796,5.199393048370002,5.2249613,5.233464333257165,4.5580600244700005,4.629363,4.914253256161005,4.821108,4.534139,5.0346017,4.541111,5.70175191,5.61792775,5.78656175
1,3,MPCZYGOSXOARMM-UWEBFBLFSA-N,OCNT-2308638,5.728708,5.4749571145,5.5345564,5.2790056015469435,5.11545837266,4.432764,4.996992860536272,5.0430136,4.9736204,5.4618297,5.7373757,5.211921692,5.00382925,5.39736925
1,3,MPDZWCZFJGQWOI-UHFFFAOYSA-N,OCNT-2315236,3.8498688,3.619165615050001,3.1823664,4.164060353791324,4.263690402940002,4.578453,4.957522961147409,4.569161,3.3405576,3.9247537,3.9004061,4.907665685,4.63997125,5.19309375
1,3,MQBNKWAHRJKITI-UHFFFAOYSA-N,OCNT-2314886,4.6185427,4.535913551390001,4.843112,4.704801893300623,5.49456428996,5.2670746,5.031449867697327,5.021201,4.2886105,4.842939,4.8042684,5.09296862,4.86232375,5.3031925
1,3,MQSRMNFIJLKRSM-UHFFFAOYSA-N,OCNT-2310178,5.7426047,5.228157823389999,4.9228334,5.128980105352129,5.60014703582,5.897584,5.223052835017254,5.184465,5.4644537,5.6025367,5.7207937,5.977034813,5.86983925,6.0789
1,3,MRDBPJRTBBNVOK-UHFFFAOYSA-N,OCNT-2309302,5.640734,5.12560580384,5.2249613,5.260055512009891,5.037949427140001,5.0911136,4.978271112046037,4.9486713,5.2716904,5.487944,5.9286327,6.495533205,6.422618,6.5741305
1,3,MVJHLUDLKQPIKW-UHFFFAOYSA-N,OCNT-2314003,5.8487887,5.377173123950001,4.9833255,4.894681870937943,5.439552149920002,5.576162,5.042185238927807,5.2260504,5.2810884,5.693181,5.7874374,6.796123202,6.6568915,6.93849775
1,3,MVNQOYNSBTYFJP-UHFFFAOYSA-N,OCNT-2314210,5.38295,5.287773930710001,5.2289066,5.354167056013604,4.8242753044899995,4.593476,5.026931154561547,5.248763,5.177604,5.4069786,5.433296,5.0010382,4.78018775,5.20274225
1,3,MWCPZQWNSSVFNC-UHFFFAOYSA-N,OCNT-2311567,4.21042,4.017409081010002,3.7695541,4.2061560385390475,4.972639008380001,5.4291134,4.828728433076917,4.822081,4.2199864,4.2241974,4.315184,5.337748172,5.18201975,5.4703405
1,3,MWUXHAOXKVPJBX-UHFFFAOYSA-N,OCNT-2309935,5.3831577,4.9096990280999995,5.1195235,4.911890185227237,4.953490581660001,5.161926,4.8827931004869,4.9473643,4.9987307,5.32989,5.4558353,5.532844648,5.43391625,5.62858325
1,3,MYNPLOLLAZKXJX-UHFFFAOYSA-N,OCNT-2310944,4.679772,4.671229921840001,5.067533,4.9357691033340885,5.030303142639999,4.805577,5.088410536020642,5.0485735,4.306983,4.487204,4.604845,3.258222873,1.53183875,3.99455125
1,3,NECXPRJZRYCKAT-UHFFFAOYSA-N,OCNT-2308649,6.068075,4.972027888629999,4.830326,5.2455056353355545,4.943953412620001,5.205475,4.957522961147409,5.062702,5.0129623,4.991958,5.736339,5.028129372,4.81764425,5.219309
1,3,NGTSBRMBKVYBED-UHFFFAOYSA-N,OCNT-2317171,5.24815,5.024182613999999,4.6162934,5.08805778913765,5.048672081459999,4.975043,4.936414610654159,5.1188154,4.8535266,4.870373,5.1723795,4.644571005,4.370595,4.97074575
1,3,NHKYFFIMWRXZCG-UHFFFAOYSA-N,OCNT-2309491,5.748208,4.6690448083300025,5.163141,4.671598553778632,5.094133311120001,4.998418,5.090134568987436,5.10875,5.333906,5.4619727,5.7684345,5.875974053,5.74470725,6.0044525
1,3,NHVKUEVIUUHHDF-UHFFFAOYSA-N,OCNT-2312009,5.328157,4.723603528450002,4.8798633,5.067838786342375,5.308875972250003,5.2880726,5.012477359519158,5.248137,5.1829534,5.38204,5.280223,5.259094682,5.1251555,5.36861275
1,3,NHYLLYGTERGNBE-QWRGUYRKSA-N,OCNT-2318448,5.56379,5.148483694530001,5.272412,5.366082762498351,5.202966290950001,4.8057575,5.080492818384306,5.1660395,5.4866457,5.9534283,5.7787466,5.958262605,5.85261,6.064628
1,3,NIYULIQCZVFWLR-UHFFFAOYSA-N,OCNT-2313865,5.319732,4.951848672420004,4.658308,5.0618420564911535,4.568977649460001,5.170065,4.685377168135996,4.8200784,4.466901,4.6585813,5.035908,4.458827477,4.17273125,4.9445135
1,3,NJERGYGFXSOKSW-UHFFFAOYSA-N,OCNT-2311985,5.4434958,5.195830239669999,5.2158113,5.246475302037804,5.432144590620002,5.4929576,5.1138098177117035,5.2375975,5.260286,5.5151515,5.3306346,5.344866588,5.1705955,5.504773
1,3,NKHFHTCTOGEFMC-UHFFFAOYSA-N,OCNT-2309757,5.2306595,4.993642197430002,5.2420216,4.973922121309788,4.8979716520900025,5.2119365,5.154829924479291,5.0502615,4.7292695,5.3085117,5.3692665,5.224100145,5.06679775,5.363896
1,3,NNTMZAGJQBDZRO-UHFFFAOYSA-N,OCNT-0283087,4.8814406,4.57638336912,4.403441,4.863897377674144,4.99702260966,5.1123977,5.00743190160699,4.893171,5.219125,5.0536227,5.2902436,5.844020868,5.7230345,5.9633505
1,3,NQSOSDHCVFLRCZ-UHFFFAOYSA-N,OCNT-2310114,5.7527566,5.330439983510002,5.10241,5.077382437725299,5.1317603955400015,5.067312,4.984745777571617,5.3008223,5.2052116,5.5836887,5.4943476,6.077491923,5.9811365,6.1682615
1,3,NQZHFXMFNWKCGL-UHFFFAOYSA-N,OCNT-2312226,5.5423803,6.292519498570003,6.6661253,6.003381962032049,4.583590071370001,4.7076387,4.683271207553326,4.9557004,4.60876,5.1186266,5.583871,5.786870128,5.70478675,5.871801
1,3,NVWRCKWSACBUON-UHFFFAOYSA-N,OCNT-2315130,5.3663173,4.699626116100001,4.392909,4.374696184389121,4.693597605060003,4.927145,4.898855788628446,4.962273,5.1158247,5.218815,5.4143925,6.304488135,6.17028125,6.4414235
1,3,OCVVVZLHRSJBLY-UHFFFAOYSA-N,OCNT-2311372,4.2752523,4.5299710953900005,3.7983549,4.670675145931351,4.488032969190001,4.143405,4.760230267466534,4.7315245,4.072489,4.4515233,4.338437,3.944094957,3.541428,4.430471
1,3,OENLQSQVVZGAJS-IIAWOOMASA-N,OCNT-2318590,5.183624,5.202449153050001,5.122372,5.221762011660581,4.831909501969999,5.306185,5.086227523664671,4.9144516,4.9766665,5.1677923,5.398253,5.627750905,5.5237775,5.727211
1,3,OGQYPPBGSLZBEG-UHFFFAOYSA-N,OCNT-2328970,4.7859507,4.976466939550001,5.1771746,4.913049542505411,3.907770430109998,4.7747526,5.037837785241881,4.680718,4.502157,4.156372,4.415629,2.344094297,1.05550525,3.719995
1,3,OJSIVYVRAASXGQ-OAHLLOKOSA-N,OCNT-2311870,5.5625033,5.0552368332899995,4.652736,4.855329783702062,5.0457385352700035,5.2148123,4.9667159128066025,4.966559,5.042326,5.0904927,5.2463655,5.19707166,4.9997585,5.34434325
1,3,OKUVLPLUOLCJPT-UHFFFAOYSA-N,OCNT-2318363,5.4801507,5.558407947120005,5.587394,5.55983910738212,4.607919310510001,4.532048,4.790319235215945,5.047277,5.419751,5.2133303,5.6545987,6.26143248,6.16704475,6.35548
1,3,OLKFTJZESRFYGM-UHFFFAOYSA-N,OCNT-2311748,5.6461883,5.538113064709998,5.4269247,5.388522413949544,5.298028996610001,5.2722225,5.041638149080112,5.2878203,5.5620503,5.4752746,5.541919,6.231112135,5.94330575,6.4930315
1,3,OLKIKNBFLHPWDB-UHFFFAOYSA-N,OCNT-2310981,5.05789,4.809252294079999,5.194571,5.059761979751605,4.859283055719999,5.041404,5.085311184627264,4.971415,4.90666,4.6861057,5.289098,5.367563265,5.26531725,5.46186125
1,3,OOGUISVCCPNPKO-UHFFFAOYSA-N,OCNT-2314551,4.868498,3.612060411550001,3.8370845,4.460131380983775,4.445442380840001,4.9336743,4.731027827000726,4.9142065,5.22398,4.59393,4.968727,5.4540855,5.33082125,5.56797225
1,3,OORSXFVBXLFCHO-UHFFFAOYSA-N,OCNT-2313789,5.4931564,5.066492160770002,4.860649,5.209384882650621,5.28730299394,5.5122,5.0362493889091065,5.1510296,5.453891,5.12854,5.3667803,5.929767522,5.85876875,5.99619025
1,3,OQOVOJADYWLGMQ-UHFFFAOYSA-N,OCNT-2316591,4.9161744,4.366362951519996,4.758665,4.6269043651263395,4.640329108310001,5.1667876,4.87522896441061,4.892268,4.9407897,4.5907454,4.4439697,5.550957252,5.416853,5.67865675
1,3,OTSKWPLKWNHXNG-UHFFFAOYSA-N,OCNT-2317832,4.64625,4.51493275668,3.8782346,4.191402072006183,4.04921002583,4.547008,4.991375699144033,4.7289133,4.695535,4.5907435,4.7533913,4.680251915,4.5005375,4.903005
1,3,OUNVBVZEYBCHRM-UHFFFAOYSA-N,OCNT-2313533,5.6399317,5.25500701613,5.2249613,5.284547655953677,5.525013440799999,5.70121,5.155025483751347,5.1424017,5.365444,5.7387967,5.950021,5.39463625,5.234911,5.53283475
1,3,PEOQYHHOEUVRKO-UHFFFAOYSA-N,OCNT-2318364,5.7373796,5.380821439539999,5.443044,5.275463167673837,4.83327026702,4.740205,4.967953425347413,5.385915,5.445994,5.8801036,5.6250844,5.577221095,5.44301975,5.701419
1,3,PHMDDIHADNUCSF-HZPDHXFCSA-N,OCNT-2315992,4.9615235,4.553150235610001,4.0884514,4.525204407458215,4.714634290859999,5.0215607,5.103571161560637,4.967556,4.6181884,5.1858215,5.2125688,2.638156985,1.10088225,3.8101585
1,3,PPVQWVLWUBDSJV-UHFFFAOYSA-N,OCNT-2318269,5.2120476,5.05167731509,5.1917224,5.169512760146943,4.92165709562,5.283083,5.026409323715703,4.964768,5.3497357,4.9263835,5.253029,5.08601735,4.64866475,5.39795375
1,3,PPXSLCVJCJEMHV-UHFFFAOYSA-N,OCNT-2309532,5.5568857,5.339857463570004,5.194571,5.041847842691304,5.042661430460002,5.2167535,4.94095491651159,5.0348654,5.445757,5.605866,5.4646635,5.089029995,4.9388955,5.216525
1,3,QCXDGKVEMUQEBP-UHFFFAOYSA-N,OCNT-2313258,5.5581307,5.39561998273,4.6494513,5.05980889182337,5.19149552598,4.9162664,4.956006457682228,5.261187,4.8816333,5.2799525,5.5390115,5.924096243,5.8380265,6.01346125
1,3,QDZLJEUNTNYVTE-UHFFFAOYSA-N,OCNT-2314741,4.195138,4.578109173169999,4.930658,4.664281943811895,4.451411509480002,4.330579,4.931911873510879,4.740231,3.8604684,4.080504,3.92694,2.40076287,1.07288325,3.644315
1,3,QEYDJXFLJLNZHE-UHFFFAOYSA-N,OCNT-2313367,4.9538255,5.081070279590001,4.5952916,5.482770460166303,4.869062353200004,5.039016,4.837330147138824,5.018459,4.5139456,5.093047,5.062603,4.348778185,4.15338725,4.61631025
1,3,QGYDFVKEHDATCJ-UHFFFAOYSA-N,OCNT-2314032,5.170686,4.90858404391,5.1917224,5.252612954843308,5.04756672891,5.3006907,5.0568360348394465,4.881536,4.562513,4.8272777,5.2802463,5.142250608,5.022046,5.2390925
1,3,QHHTXVIQZKULHO-UHFFFAOYSA-N,OCNT-2314946,3.9473906,4.22502680277,3.6179278,4.04757148915327,4.329828209619999,4.912775,4.87522896441061,4.737808,3.4888992,3.8755527,3.874505,2.04147612,1.05176075,3.185483
1,3,QQISPTBFJAYJMO-UHFFFAOYSA-N,OCNT-2309324,5.0667853,4.908329054090003,4.9898252,4.89926549385357,4.88580625366,4.9184966,4.670001217235557,4.9918184,4.836507,5.0503983,5.0611377,4.751570948,4.48313675,5.09186
1,3,QSAXWMHCRIGKBT-UHFFFAOYSA-N,OCNT-2314136,5.5191402,5.112432821220002,5.2249613,5.125367962932179,5.22095235462,5.4849024,5.092542072013792,5.086865,5.2156563,5.264561,5.631734,5.092065247,4.94721,5.2322085
1,3,QVVPHOWUOLZHAY-UHFFFAOYSA-N,OCNT-2309929,5.62617,5.10711114868,4.992454,4.8906219959189,5.392799791150001,5.4343386,5.069197590054669,5.105205,5.3881383,5.202437,5.504454,5.621801438,5.53281775,5.711411
1,3,QXKHYNVANLEOEG-UHFFFAOYSA-N,OCNT-0483505,5.34224,5.326588790179999,5.500756,5.2925566103606885,5.141097997209998,5.2510347,5.185550358327134,5.2292447,5.201853,5.2986803,5.371005,6.692482703,6.60832,6.78367025
1,3,QZYHSGIUISZPJP-UHFFFAOYSA-N,OCNT-2316009,5.156626,5.029334283780003,5.194571,5.046966410114972,4.418538902330003,4.3516364,4.804270600538136,4.855553,5.04267,5.1620893,5.194147,5.295798028,5.190333,5.381211
1,3,RCVKRXPEIDHMJB-UHFFFAOYSA-N,OCNT-2318183,4.0602946,4.585133036780002,4.571382,4.3551406060966125,4.744752837230001,4.8384895,4.800392547771912,4.981713,3.849432,4.1882467,3.8967128,3.571617155,2.382439,4.07796225
1,3,RFABKPISPKENOC-UHFFFAOYSA-N,OCNT-2317281,5.3162985,5.03764200532,4.827242,5.29428389423251,4.715754380009999,4.739255,5.020256381569387,4.9932485,4.756983,4.804712,5.1666923,5.295166005,5.09267575,5.44291
1,3,RITCSYSYZUPRHB-UHFFFAOYSA-N,OCNT-2317716,5.117755,5.2692473389300005,5.194571,5.415951699760269,5.099461092369999,5.376405,5.0175660042420756,5.0724483,5.291478,5.075005,5.3103313,5.47197679,5.391789,5.55320175
1,3,RJVRSUUZAWJBFO-UHFFFAOYSA-N,OCNT-2308635,4.786613,4.460277414250002,4.3104525,4.595004138263335,4.65587303801,5.012841,4.880414882570861,4.909255,4.559549,4.709466,5.1310487,5.796193795,5.65829775,5.93163125
1,3,RLGQACBPNDBWTB-UHFFFAOYSA-N,OCNT-2328630,4.4660597,5.059159987310004,5.224284,5.2284702674605725,4.260248421410001,4.594834,4.86348126187772,4.7706394,4.3523097,4.078748,4.4259863,4.6823471,4.60149725,4.764871
1,3,ROQPQFXWBJCFRO-UHFFFAOYSA-N,OCNT-2311155,5.6741014,5.094715171610001,5.3374715,4.962830110741546,5.128425636430002,4.8421755,4.932203777876793,5.296973,5.011826,5.5419955,5.612754,4.924306595,4.72222,5.14770425
1,3,RTWDTWBKBKIPLM-UHFFFAOYSA-N,OCNT-2309879,4.9962373,4.963923491519999,5.122372,5.049965961107495,5.205411647980001,5.1598268,5.023712819669142,4.956178,4.7928276,4.5378313,4.8910785,5.027380925,4.854339,5.19596525
1,3,RUOKEQAAGRXIBM-GFCCVEGCSA-N,OCNT-2328726,5.3424463,5.129878135350001,5.067533,4.915164231974663,4.829983089439997,5.1045146,5.230028470504718,5.1068935,4.9546294,5.209154,5.547061,5.322439375,5.1586165,5.4610935
1,3,RZZMJJHCRXCKOX-UHFFFAOYSA-N,OCNT-2313054,4.85378,4.868500196849999,4.8677826,4.86172026287226,4.9917389492999975,5.0490365,5.018825045487142,4.895718,4.715816,5.027735,4.9043946,5.488140125,5.337221,5.630585
1,3,SBIAXXQWMAAPEZ-UHFFFAOYSA-N,OCNT-2317433,4.4708915,4.511895176030001,5.0003195,5.21417595817522,4.705813912680001,4.7269073,4.996187487728626,4.9081593,4.2510037,5.0830455,4.8528214,5.157446005,4.976945,5.298587
1,3,SCENQOKIKYBZGN-UHFFFAOYSA-N,OCNT-2314482,5.4099226,4.78110258953,4.628353,4.9037643594616,5.051523067830001,4.9717407,4.997299881000572,5.140651,5.2748003,5.211228,5.4143243,5.075178525,4.90339475,5.231537
1,3,SDIDXGLXZHVECY-UHFFFAOYSA-N,OCNT-2310888,5.433389,5.126647887309999,5.264311,5.204882874750415,4.655365664010002,4.1198773,5.059154799552689,5.1482854,5.428761,5.2890124,5.748831,5.09731991,4.945859,5.22296525
1,3,SGKBXHPHSYQSKW-UHFFFAOYSA-N,OCNT-2318165,5.319859,5.2787173983799995,5.2249613,5.093034901740905,5.08182784656,5.350522,5.034789423990406,5.0007625,5.3436146,4.891221,5.4222717,4.647417068,4.404922,4.95011125
1,3,SHNPLRZOYVZLCR-UHFFFAOYSA-N,OCNT-2312525,5.6654973,5.608710377629998,5.4864354,5.554310409610967,5.240111763079999,5.350522,5.003324562689105,5.288858,5.387046,5.424512,5.676985,4.87473432,4.690806,5.08420175
1,3,SIHYQFFHCDJFTH-UHFFFAOYSA-N,OCNT-2311111,5.7231245,5.30846976233,5.3365097,5.33471155465,5.455683262449998,5.1514544,5.0121618148777785,5.099074,5.482717,5.2514744,5.589589,4.937395183,4.71643275,5.109686
1,3,SIWDIJRUWBSGJB-UONOGXRCSA-N,OCNT-2312801,5.44633,5.39336001885,5.3833017,5.320066624099804,4.837120913619999,5.293528,4.901016240003394,4.9795322,5.306608,5.6504903,5.8121963,5.01491435,4.8554145,5.15508225
1,3,SIYLLGKDQZGJHK-UHFFFAOYSA-N,OCNT-2328791,4.942658,5.198983896130003,5.285288,4.921818393885936,4.16200030456,4.3703976,4.833443108794374,4.7829785,4.0094266,4.4779625,5.2579856,4.550166535,4.4562,4.6718135
1,3,SLHPOKMDXGIIDD-UHFFFAOYSA-N,OCNT-2311984,4.9492555,4.89705109218,4.588632,4.432598789153681,4.91203608135,5.0724034,4.940063617865144,5.0787435,4.5163074,4.966841,5.6119204,5.39711074,5.27321675,5.49914225
1,3,SLVCIRWUTNDVDY-UHFFFAOYSA-N,OCNT-2308768,5.243793,4.770496069260002,4.747671,4.6009813827659025,5.2630756514799995,5.2670746,5.088410536020642,5.081335,5.44062,5.2118425,5.402444,5.177702333,5.008119,5.300481
1,3,SNAQXHFRULWQCO-UHFFFAOYSA-N,OCNT-2314335,4.5484443,4.819404175489999,4.786943,5.033105377295554,4.304092141749999,4.368282,4.645411746360429,4.7894683,3.641857,4.3381352,4.5248413,4.86428017,4.63389325,5.0523425
1,3,SOJFGIZPXDBJNT-UHFFFAOYSA-N,OCNT-2314226,5.4732533,5.903025152090004,5.9099884,5.590811925376421,4.8831024999200014,4.7337284,4.934564506625963,5.0682607,5.1307235,5.2513385,5.5102887,7.444914285,7.34896975,7.538026
1,3,SOQAWCGRVMSITC-UHFFFAOYSA-N,OCNT-2318633,5.678569,5.393774551750002,5.1283364,5.040155626935487,4.927734394560001,5.135922,4.9492483991692575,5.194976,5.4896717,5.6195803,5.7334843,5.111750823,4.88882425,5.2932495
1,3,SPHVEWZRWTZJGL-UHFFFAOYSA-N,OCNT-2309500,4.402999,4.497140289720003,4.1476626,4.002879930943249,4.560959883789999,4.986529,5.018028949713701,4.6961617,4.154824,4.266251,4.2706294,3.363730327,2.27937425,4.00661
1,3,SRCYGSBGUHRNBC-CZUORRHYSA-N,OCNT-2313098,4.716603,4.846761494660002,4.697141,4.7219699787468885,4.730008168450002,4.7454104,4.857561966566714,4.920261,4.46146,4.8581095,5.0271873,3.662254772,2.94184775,4.11963475
1,3,SRJUQDSPYDJJMF-UHFFFAOYSA-N,OCNT-2310685,4.7123218,5.090477694770001,5.0551586,4.804635839280283,4.532449156820001,5.088365,4.940493318837813,4.7299595,4.3249345,5.020099,4.5649333,4.741125927,4.5658825,4.95286575
1,3,SRMDCSISGATUPS-ZBFHGGJFSA-N,OCNT-2313571,4.0194373,4.701279034410002,3.5058618,4.619729339833115,4.612924920899999,4.800396,4.8013012856049775,4.8631206,3.967645,3.9071095,3.6628635,4.236307218,3.9649505,4.61957175
1,3,SRSBGXOXMZZOHE-UHFFFAOYSA-N,OCNT-2311907,5.6853347,5.316429928489998,5.378466,5.370240819074499,5.621426562100001,4.973101,5.101705969199169,5.2201796,5.1542225,5.240952,5.684194,4.985611022,4.78874875,5.16296
1,3,STDLBSAMZRPIQK-UHFFFAOYSA-N,OCNT-2316595,5.217907,5.2029433919700026,5.5239005,5.362718144918612,4.64399095255,4.367395,4.913180982854031,4.899118,4.6256833,4.989426,5.0077877,5.039070115,4.904775,5.1840585
1,3,SUJQFQJPAWTXTL-UHFFFAOYSA-N,OCNT-2313829,4.551386,4.49913779908,3.869754,4.371576043126166,4.62996082173,4.1444483,4.7497599051657495,4.7718825,4.5928793,4.589895,4.6688643,2.85838406,1.21005325,3.85511325
1,3,SXDCQGPXENGXSP-UHFFFAOYSA-N,OCNT-2308854,6.2817135,5.678284868540001,5.849147,5.272896777282625,5.586051272220001,5.146547,5.166017059840363,5.1765385,5.698486,5.6758103,6.07613,5.307070495,5.1411185,5.459531
1,3,SXTDMNODKPPWQE-UHFFFAOYSA-N,OCNT-2313234,6.0153074,5.776720450280001,5.7178974,5.590376588952408,5.490890218740001,5.527705,5.221942028960109,5.2113485,6.001408,5.641244,6.0078936,5.28275539,5.152235,5.3935925
1,3,TUTNRJIYQDWINN-UHFFFAOYSA-N,OCNT-2310433,5.8894114,5.452903057040001,5.6856036,5.738157206042216,5.373675545230001,4.6893067,5.030944603208851,4.9722867,5.5679727,5.1791635,5.548313,5.96082651,5.85425375,6.0691845
1,3,UCDSFAPQQRUDTJ-UHFFFAOYSA-N,OCNT-2313368,5.8948264,5.756277349880001,5.443044,5.658317269738571,5.525090432870004,5.1858745,5.173595186792596,5.320888,5.611481,5.8944592,5.858194,5.305833905,5.132369,5.4548015
1,3,UEFZCHIJYQFTCX-UHFFFAOYSA-N,OCNT-2311357,5.6464334,5.241610968820001,5.303632,5.114260390082254,4.696667660969999,4.403509,5.031731170468542,5.1339636,5.5322948,5.251489,5.557862,5.833084357,5.7327775,5.93208225
1,3,UNRZRJRVVBVATF-UHFFFAOYSA-N,OCNT-2314273,4.8499823,4.52329769545,4.912743,4.467217864135901,4.748431741500002,4.610465,4.939723757230407,4.8737364,4.8623953,4.7925463,4.978827,5.572826473,5.476115,5.6680105
1,3,UPACZLZVVYCCPQ-UHFFFAOYSA-N,OCNT-2310880,5.2001963,4.7298739458900005,4.8372235,4.96491659676818,4.953535652460001,4.8823843,5.018348594906926,4.981489,5.184383,4.6449738,5.203732,4.837814748,4.67442525,5.02922
1,3,URDLEVJEFQHTIJ-UHFFFAOYSA-N,OCNT-2314966,4.6081896,4.984739653609998,5.194571,4.978989570834028,4.958124338510001,5.0658545,5.140894292125008,4.956894,4.269531,4.6614475,4.650888,3.411878885,2.15026825,4.00309225
1,3,USSDJCJWNVCANP-LLVKDONJSA-N,OCNT-2311055,3.824143,4.084344650010001,3.7134,4.0700207014037435,4.426633234380002,4.9907436,4.935646200318566,4.72966,4.2219214,4.2596807,4.4641256,4.180272677,3.85768475,4.560246
1,3,UVSGZYBPFLKLFY-UHFFFAOYSA-N,OCNT-2317966,5.2528396,4.999939460339999,4.508291,4.971093866360875,4.71212117301,4.563142,4.931911873510879,5.0713634,4.9785953,5.116209,5.0042315,4.999697112,4.80113075,5.19338025
1,3,UWGSRPLGVVOCMK-UHFFFAOYSA-N,OCNT-2309950,5.530878,5.39748504708,5.0352073,5.733000544971927,5.054890006600001,5.1802273,5.023455925107773,5.1788373,5.5517807,5.865346,5.676526,5.480999648,5.372205,5.5872185
1,3,UWNDLRVKSDTTRP-UHFFFAOYSA-N,OCNT-2315112,5.405382,5.307797301110001,5.2289066,5.271906834495489,5.224106486360001,4.9057274,5.106799149916433,5.2060614,5.1793823,5.4047666,5.288421,5.673541682,5.565823,5.78062075
1,3,VAZPOTJURGQWAP-STQMWFEESA-N,OCNT-2311225,5.1539683,5.226988441579998,5.1295595,5.3215508779738485,4.376132885370001,4.706012,4.905179053125957,4.8443584,5.0785565,5.4206862,5.4439974,5.238585815,5.0394995,5.3953055
1,3,VDDCFMULUARAJA-UHFFFAOYSA-N,OCNT-2316115,5.1367097,4.655650373170001,4.8036485,4.9585710804283565,5.012803944970002,5.4516916,4.979039509077865,5.05404,5.2644114,4.9791675,5.0227966,4.83507146,4.26064825,5.58655475
1,3,VDXDSSNLLKXVIZ-UHFFFAOYSA-N,OCNT-2311493,4.5491076,4.020478772779999,3.9453077,4.198328550536954,4.839048564,3.6267054,4.8722644542326226,4.757457,4.337758,4.212082,4.273743,4.534677523,4.278383,4.98264975
1,3,VEOLTILWHRWFDA-UHFFFAOYSA-N,OCNT-2313602,3.4966526,3.883267129510001,3.5754747,3.7787522978470074,4.4428826527200025,4.35489,4.648420303900184,4.7183986,4.3124223,4.219387,3.5197072,2.768636125,1.14171975,3.80467225
1,3,VHIULUXMPVVLQW-UHFFFAOYSA-N,OCNT-2312382,5.72074,4.943354575260001,5.0376225,5.500049466320983,5.190010380950001,5.1598268,4.9842590716443835,5.2800045,5.4627953,5.9006224,5.7299576,6.882938605,6.8082575,6.96093425
1,3,VHVGLSGEIFKTCG-UHFFFAOYSA-N,OCNT-2314266,4.9492855,5.013462286150001,4.746814,5.182217844464575,5.039118236060002,5.464934,4.965184104114658,5.0365953,5.053473,4.8168073,4.5694485,4.976558362,4.82979,5.1165415
1,3,VNCFAVVBLJJAFO-UHFFFAOYSA-N,OCNT-2310831,4.4041367,4.655874153700002,4.8859196,4.598262870253309,4.30600093813,4.4374037,4.818204510797326,4.7272983,4.0445986,4.3751645,4.2163076,3.170170773,1.2189225,4.027455
1,3,VNZASAGBFVEPAI-UHFFFAOYSA-N,OCNT-2310978,5.115453,5.267360266920001,5.2289066,5.249320852950309,5.221440542859999,5.281109,5.059668155572101,5.1856575,5.3995137,5.3732004,5.2331576,6.124094282,6.03159525,6.21656075
1,3,VTEFNVUORQIXJU-UHFFFAOYSA-N,OCNT-2310598,5.0182524,5.08345041885,5.194571,4.978259607756836,5.321838165539999,5.0206375,5.077175075870658,4.9895177,4.924085,4.879326,4.9458795,4.697340525,4.4526265,4.99437275
1,3,VTQXUFDARAXXEL-UHFFFAOYSA-N,OCNT-2311552,5.1068177,4.608897704510001,4.3104525,4.632744201557489,5.236147051590001,5.174887,5.064467676783881,5.035871,4.9315224,5.163556,5.0775924,4.663353632,4.412397,4.9548635
1,3,VTXQAUDKIYUBRI-UHFFFAOYSA-N,OCNT-2310018,5.285453,5.205796497329998,5.0197296,4.82159056160858,4.723006716199999,4.845912,4.976368274643164,5.1095476,5.226734,5.169101,5.306373,5.32895928,5.218908,5.42058075
1,3,VUWGJWBCZMKTRL-UHFFFAOYSA-N,OCNT-2308508,5.826683,5.192319712579999,5.139187,5.263232888223819,4.761615994840001,5.555923,4.932504504377014,5.290694,5.728374,5.8543725,5.761274,5.176037263,4.93811425,5.3100305
1,3,VZECTGAGCXACIK-UHFFFAOYSA-N,OCNT-2316908,5.404156,5.4307310290999995,5.4623575,5.289784643075209,5.043222893590002,4.9961233,5.050426619888077,4.988993,5.3611274,5.4005275,5.490632,5.685375158,5.58208675,5.78469075
1,3,WAZMOIHQXCAEEA-UHFFFAOYSA-N,OCNT-2314329,5.63696,5.30685335111,5.109961,4.717595332519234,4.88005937765,5.192764,5.08798584705342,5.2045593,5.036885,5.298054,5.4819994,5.298937333,5.1018585,5.435942
1,3,WFVSDBTXMRGQAP-UHFFFAOYSA-N,OCNT-2315349,5.6372323,5.577369507189998,5.419222,5.5241761270759016,5.3666669119099994,5.043532,5.086131212285141,5.22207,5.3019705,5.326909,5.57505,4.609769017,4.3560425,4.96112975
1,3,WGTVPWWJGGBSDL-UHFFFAOYSA-N,OCNT-2308762,5.6451864,4.909862749840001,4.97411,4.99321951753546,5.312484208290003,5.2896523,4.943545284730014,5.1453624,5.0676436,5.2663946,5.4456267,3.794313387,3.238498,4.277137
1,3,WHAVHVFYGLIVRF-UHFFFAOYSA-N,OCNT-2309501,4.6208973,4.79737213386,4.8051653,4.995253158094582,4.73389042977,4.820509,4.86129505415142,5.0417285,4.293099,4.4237833,4.6124244,5.200461928,5.0287155,5.34524025
1,3,WJCNZQLZVWNLKY-UHFFFAOYSA-N,OCNT-0476778,5.885501,5.326744008740003,4.823047,5.427642354653409,5.29060963065,4.913911,5.123512792330628,5.3926034,5.5984926,5.8798437,5.888393,5.85949227,5.7704795,5.950124
1,3,WKLFNRWGRUQSCD-UHFFFAOYSA-N,OCNT-2318324,5.081899,4.90774558412,4.8207088,4.612921806099218,4.95597688169,4.4372096,5.046884461899544,4.9317636,4.784074,5.2778397,5.0201836,5.492727475,5.33729575,5.631643
1,3,WNJZMKTVARMZJN-UHFFFAOYSA-N,OCNT-2315844,5.148344,5.074913791090003,5.1126795,5.164095184492796,4.9549526352,5.0780654,5.012428001557794,5.060945,5.025601,5.318,5.3359737,4.903293165,4.70640325,5.105052
1,3,WOTKHFGJCBUMBM-UHFFFAOYSA-N,OCNT-2310365,5.0997024,4.980946540789999,4.233607,4.540173606675527,4.67282281212,5.3484135,4.966537000084136,5.1163535,4.8461113,5.422184,5.0279636,5.195463408,5.029128,5.33110075
1,3,WRLYSWVJPNRQTN-UHFFFAOYSA-N,OCNT-0294781,4.7834334,4.513656078880001,4.483252,4.73247186845236,5.1330974966100005,5.1123977,4.913518745006595,4.935308,5.1596413,4.8928266,4.642211,5.899677993,5.78074925,6.0205975
1,3,WXPNDRBBWZMPQG-UHFFFAOYSA-N,OCNT-0022130,4.8003163,4.962726478850001,4.647115,4.712758197803551,5.17156922818,5.198269,5.0429688283975365,5.034949,4.704654,4.606704,4.9393506,1.932731887,1.04207375,3.17378075
1,3,WYLGKUHXYCKJRU-UHFFFAOYSA-N,OCNT-2313026,3.7886615,4.135882467030002,3.8089938,3.7800173583340206,4.656849287080001,3.959489,4.615600897403584,4.6367083,3.983973,4.1449842,3.767961,3.84698157,3.32764,4.25747175
1,3,WYWNLPSNCOQRHL-UHFFFAOYSA-N,OCNT-2311916,5.3776345,5.080476494959999,5.303632,5.204773896258564,4.508363501249999,4.5879226,4.94736901273025,5.0031395,4.829689,4.9322834,5.4022565,5.215246547,5.04472675,5.36339325
1,3,XDYLETNFYYCZIL-UHFFFAOYSA-N,OCNT-2310518,5.296632,5.35169610791,4.9713206,5.3899773078581426,4.581657086750002,4.4892273,4.658540591231298,4.9131665,4.735709,4.8407054,5.3175387,4.956533548,4.7762195,5.1351345
1,3,XHIPTQDGABJQTL-UHFFFAOYSA-N,OCNT-2310436,5.6552806,5.71641308655,5.606085,5.495442432116089,5.272156618140001,4.891136,5.035512045951581,5.184109,5.4594374,5.5221405,5.6288843,5.72623009,5.6164905,5.82984325
1,3,XILVEPYQJIOVNB-UHFFFAOYSA-N,OCNT-0494105,5.655134,5.518160749969999,5.443044,5.220484677368233,5.1627556627199995,5.374309,5.1998106969120155,5.1000123,6.068332,5.9241886,5.9420033,5.820105097,5.719744,5.9212295
1,3,XMBDBAFIEQZCRV-UHFFFAOYSA-N,OCNT-2310828,5.4544835,5.42914701354,5.2289066,5.456744744035875,5.321699972969997,5.1940055,5.110138706209512,5.202399,4.720384,5.3365107,5.3237505,4.457987065,4.15543125,4.8956625
1,3,XMGORMGYUQDAAL-UHFFFAOYSA-N,OCNT-2316976,6.0114784,5.324520138370001,5.2859797,5.420813135796724,5.464065063650001,5.1222534,5.136118067470226,5.220539,5.7425423,5.7360067,5.8321342,6.396199915,6.315624,6.475521
1,3,XODQSZYCINXFPG-UHFFFAOYSA-N,OCNT-2316774,5.2980075,5.11650297728,5.1820397,5.263716102443753,4.6048159257300005,4.509106,4.90122520545426,4.960286,4.919946,5.2113395,4.9620433,3.759990563,3.276673,4.2420125
1,3,XSIUDLUMBUINMS-BMIGLBTASA-N,OCNT-2315412,4.323181,4.708914398080001,4.9134526,4.4073796355416,4.86213150331,4.6023884,4.997092847606708,5.0281515,4.12561,4.430942,4.1874237,3.777630627,3.3214565,4.261969
1,3,XWVWPNYWBFIPHF-UHFFFAOYSA-N,OCNT-2312722,4.875384,4.717735349399999,4.748133,4.664061186545154,4.385543024440001,4.421791,4.758749481773484,4.7936697,4.097296,4.7725415,4.824571,2.913836933,1.161106,3.8856385
1,3,XYBSIQLXXDTGIG-MRVPVSSYSA-N,OCNT-2309597,4.909295,5.5228485246900005,5.27672,5.420232043887231,4.998832540300001,4.3336287,5.082718352024785,5.1211066,4.3790927,5.096953,5.048409,3.614950857,2.8224475,4.10347025
1,3,XYBUTVQAVQGLQI-UHFFFAOYSA-N,OCNT-2314608,4.5434093,3.9161633284500015,4.212482,4.005810274811185,4.65368740743,4.76832,4.735536981305386,4.8938546,4.6552477,4.7166057,4.689716,4.514747225,4.16627875,5.00482725
1,3,YAHHSHNEDFLSFO-UHFFFAOYSA-N,OCNT-2311061,5.4284167,4.902123509099999,4.6300764,5.130272012445619,5.450109026610002,5.5753713,5.109583776128241,5.2837353,4.8871136,5.180388,5.3668227,5.888317802,5.72490975,6.05835775
1,3,YCGWTNODMPQGJL-UHFFFAOYSA-N,OCNT-2312407,5.2507315,5.2069485329199985,5.5345564,5.447487257319477,5.30317175243,5.352808,5.017174421379381,5.0412517,5.3581204,5.304221,5.3648496,4.042082048,3.6508885,4.55074525
1,3,YFMCBAIBXKSIAP-UHFFFAOYSA-N,OCNT-2309431,5.4917984,5.1816698649,5.290021,4.802005061479739,5.048123123250001,5.2443986,4.953512552945527,5.1942754,5.0467796,5.499157,5.4833527,2.222225958,1.07159275,3.247804
1,3,YFRGVJKAIFHJOM-UHFFFAOYSA-N,OCNT-2309765,6.112666,4.942642184229999,5.3365097,5.4555447059918665,5.399513793380002,5.427139,5.114911175226602,5.4757147,5.874259,5.9362283,5.823325,6.303200555,6.22949725,6.37759375
1,3,YKDFCZJETFAAAV-UHFFFAOYSA-N,OCNT-2318685,5.3132257,5.252795044950002,5.303632,5.4180036111989045,4.84870949174,5.1915464,4.861867672632869,5.0302186,5.3810945,5.50203,5.474713,5.491837323,5.341087,5.63178525
1,3,YLJREFDVOIBQDA-UHFFFAOYSA-N,OCNT-0478585,5.325076,5.110609557249999,5.0955024,5.257468669721558,5.21144692269,4.9578357,5.103675715076618,5.0691037,5.5845785,5.291552,5.271539,5.595434417,5.4400775,5.73690125
1,3,YOAAWJYXHLOKQP-UHFFFAOYSA-N,OCNT-2311629,5.5974364,5.52846779483,5.2289066,5.451354685374844,5.406031112720002,5.8575306,5.1138098177117035,5.251243,5.616099,5.369503,5.452584,5.91036869,5.60307825,6.17823725
1,3,YSUJLOTUTGXMLQ-UHFFFAOYSA-N,OCNT-2309111,4.7439833,4.88990931025,4.934405,4.616994928443305,4.909359720140001,4.2695637,4.805087891147769,4.7997284,4.7228436,4.7239184,4.7389164,3.896427225,3.446077,4.3044215
1,3,YTQYAPSVFJQMCE-UHFFFAOYSA-N,OCNT-2310115,4.768595,5.383403299100001,5.3708453,5.0528673312742765,4.835329300000001,4.7836814,4.680881974055271,4.98679,4.759377,4.649313,4.8983946,4.944019035,4.76002675,5.11469125
1,3,YUBNRZSJAPGEPP-NEPJUHHUSA-N,OCNT-2312071,5.3332257,5.203074483059998,5.122372,5.050691223726056,5.531292198509999,5.7682223,5.133480878267852,5.1645455,5.3477774,5.6740956,5.701393,5.00255119,4.8367855,5.13905625
1,3,YUSOQWDLAGAIHW-UHFFFAOYSA-N,OCNT-2310036,5.8189692,5.43813602597,5.443044,5.474152451025515,5.553861616100001,4.977741,5.124520067709646,5.246328,5.497952,5.881567,5.8613586,5.809098493,5.69878975,5.922263
1,3,YWHGLLLODCPXHJ-UHFFFAOYSA-N,OCNT-2315826,5.609305,5.130252673320001,4.7498417,4.8469461505008615,5.533190862020001,5.5651555,5.230028470504718,5.192089,5.460936,5.666888,5.685322,4.900587587,4.6864005,5.09975075
1,3,YXEZVWSMQQMHDY-UHFFFAOYSA-N,OCNT-2314663,4.9444966,5.2115414706099985,5.1527624,5.05269094557258,4.790316733060001,4.4408464,5.001206333517367,4.995671,5.2126637,4.860471,5.0960097,5.018145305,4.84848825,5.21424575
1,3,YYSDCSCFHCRZAY-UHFFFAOYSA-N,OCNT-2317807,5.7241435,5.304647236860001,4.9982924,4.888495974731013,5.17056378073,5.661438,5.088410536020642,5.154123,5.4500003,5.536979,5.5140343,5.148213045,4.942428,5.30524075
1,3,ZJVFLBOZORBYFE-UHFFFAOYSA-N,OCNT-2328889,4.744916,5.159961956169999,5.161693,5.314231143548204,4.93243414966,5.0726056,4.996187487728626,4.950016,5.054417,4.94128,4.787278,5.236904717,5.0806015,5.38647
1,3,ZUXABONWMNSFBN-UHFFFAOYSA-N,OCNT-0022129,4.9188066,5.050345235700002,4.9898252,4.825898229421649,4.9622336457500005,5.066924,4.87555793735943,4.9955006,4.7723293,4.8176656,5.258291,3.86440727,3.398772,4.4576375
1,3,ZXMZDILXNDWOQN-UHFFFAOYSA-N,OCNT-2314356,5.368092,5.0846797947899995,5.3365097,5.585287734084686,5.082871528690001,4.693443,4.965184104114658,5.048571,5.150639,5.2846904,5.3140545,5.025191425,4.8247595,5.19113075
1,3,ZZQHSJYTAWRDDH-UHFFFAOYSA-N,OCNT-2309995,4.3294673,3.284619032980001,2.7326689,4.269157222957108,4.50977775567,4.4419117,4.7990150073872435,4.6366215,4.0656204,4.32681,4.169589,3.955306943,3.472446,4.286817
1,4,AGOYKHUKFFLSAC-UHFFFAOYSA-N,OCNT-2316769,4.343794,4.729987337130002,4.4257975,4.5949449889956115,4.251823772679999,4.182868,4.53175404140075,4.0468874,4.444241,4.5279293,4.6952715,3.886159193,3.40144025,4.32677575
1,4,AHQNKQQOLTVRAI-UHFFFAOYSA-N,OCNT-2315133,4.447136,5.158725005560001,5.3206162,5.552793011427259,4.72669491093,4.7616363,4.7027557287586665,4.5334806,4.5153275,4.4932394,4.8146596,4.210613742,3.7704455,5.0201005
1,4,AKKOBRZLXBWVCY-UHFFFAOYSA-N,OCNT-2310962,4.852911,5.53324805277,5.6240506,5.500384633812205,5.558439406290003,5.3481126,5.06862539436639,5.238127,4.87608,5.1054187,5.057486,5.41027239,5.30851825,5.502325
1,4,ALYCGUXUHDZSAE-UHFFFAOYSA-N,OCNT-2317231,4.346591,4.18611940909,3.958779,4.095532210893201,4.87583129181,4.6580687,4.7865237577889825,4.0105653,4.490152,4.5561028,4.64093,4.298015033,3.9542685,4.85420275
1,4,ANZVCZAGMVDWPV-UHFFFAOYSA-N,OCNT-2316772,5.2292094,5.4321186506500005,4.7356257,5.420970568984884,4.824696378610001,5.3467054,4.474330787459526,5.1829576,4.990526,5.211169,5.450793,3.803560577,3.23254,4.3487465
1,4,AOWBBTKHKUABIR-UHFFFAOYSA-N,OCNT-2314004,4.7104473,4.27327028295,4.8486757,4.768712676504408,4.47979599993,5.1299653,4.4938757515686545,4.225416,4.7414584,4.757167,4.8674803,4.995842308,4.867607,5.132895
1,4,APCKBGSTXTVQIO-UHFFFAOYSA-N,OCNT-2308958,4.90683,4.607178611289999,4.4319057,4.44590789683865,4.8497708182500014,4.8495064,4.511558283925462,4.647337,4.6801515,4.908519,5.167498,5.08100234,4.92447975,5.22175075
1,4,APURBVBIOACKLC-UHFFFAOYSA-N,OCNT-2318451,3.4521103,3.7057735120700017,4.8359156,3.744013620818438,3.9716624943600034,4.6673164,3.240107398258966,3.1579728,3.3174868,3.6202838,3.3113842,3.558287917,2.8377365,4.049187
1,4,AQJAPFHFJNHFNT-UHFFFAOYSA-N,OCNT-2317118,3.9519324,4.902739318410004,4.4756346,4.349301948821584,4.6430775051700035,4.874885,4.475337400765127,3.9276257,4.071086,4.2380447,4.1597824,2.600185648,1.1012245,3.7259755
1,4,AVLOASHADGUSOL-UHFFFAOYSA-N,OCNT-2314381,5.1472006,5.15949536567,5.0192227,4.668994471918404,4.9671638953000015,4.543834,4.698216164106352,5.2380347,4.917252,4.9758105,5.214291,5.607921522,5.471155,5.7351245
1,4,BCHJMMPAAPFYBO-UHFFFAOYSA-N,OCNT-2312417,5.2777815,5.144281316209999,5.225784,5.211852480297916,4.924752032369999,5.149463,5.39246893197624,5.5422935,5.1871796,5.2088456,5.3341336,5.649098728,5.56904625,5.72544575
1,4,BCNJVOKAJSJOAF-UHFFFAOYSA-N,OCNT-2308975,4.441767,4.002100661339999,3.9290497,3.6092525505869903,4.683945646060001,4.5074077,4.666885424145618,3.621132,3.5952365,3.922433,3.9972534,2.532522198,1.058419,3.821102
1,4,BFNGDQTXXVPZKU-UHFFFAOYSA-N,OCNT-2308908,4.9448805,5.00257935943,4.4860396,4.846243636305793,4.896678758989999,4.7515397,5.133439066436348,4.770402,4.4639935,4.9439898,5.2051787,4.97390783,4.79596925,5.1146645
1,4,BGTVWPCPJFXQHA-UHFFFAOYSA-N,OCNT-2312210,5.383848,5.178274260440003,5.4417644,5.43879951799304,4.9024062955700005,4.7159553,4.736636250613542,5.202847,5.0676303,5.354547,5.3725696,5.59920017,5.4771485,5.70908625
1,4,BKGANTPWEMJJDM-UHFFFAOYSA-N,OCNT-2312342,5.589295,5.469045606660001,5.4908333,5.703818069996335,5.216619166649997,4.8971186,5.629065522504815,5.8543863,5.510285,5.6947155,5.640366,5.584115377,5.469705,5.694302
1,4,BKMSQAJQQBZOME-UHFFFAOYSA-N,OCNT-2312817,4.4954405,5.07546424943,4.759261,4.801986941125466,4.854830532460001,4.959247,4.930235738568278,4.3724523,4.3363247,4.650241,4.873947,5.219426888,5.06026625,5.37217275
1,4,BKZIOMFKCGEUHT-UHFFFAOYSA-N,OCNT-2315183,5.24247,5.1280109027000025,5.127001,5.0470808702311505,4.814121457790002,5.2843237,4.8492282843309,5.3389473,5.6268964,5.401129,5.358452,5.84268611,5.7580195,5.93061925
1,4,BMCXMTGFFJFTPX-UHFFFAOYSA-N,OCNT-2311030,4.6639495,4.516086586689999,5.0358562,4.8170152603244185,4.937069344510002,5.0097456,5.489115560132149,4.3539476,4.521837,4.871284,4.9444385,5.26911858,5.1179075,5.41354175
1,4,BMTOZRGCZGIIQC-UHFFFAOYSA-N,OCNT-2310084,3.6762555,3.916298267820002,3.741114,3.9430862789014514,4.479986912840003,4.785043,4.509909350916605,3.5036278,3.9724162,4.0804706,4.3232713,3.906673188,3.4591685,4.415319
1,4,BOKFPFKRMCNNQS-UHFFFAOYSA-N,OCNT-2316543,5.471084,5.389030452189998,5.9058886,5.58151180241644,4.93650996962,5.0423856,4.954626501666046,5.671576,5.4551926,5.402385,5.5736637,6.178681818,6.08273675,6.28196975
1,4,BQUBFWBDFIHVTK-CYBMUJFWSA-N,OCNT-2315340,4.6638575,5.032895164350002,5.5160007,4.948986458643247,4.69547202932,4.880925,4.698978737180232,3.5863905,4.398416,4.3077292,3.8070412,4.016106385,3.630725,4.49723625
1,4,BTFMCMVEUCGQDX-UHFFFAOYSA-N,OCNT-0022269,4.733733,4.745050781040001,4.2509346,4.7698454596266,4.20145179125,4.994547,4.494525448545085,4.6665206,4.688545,4.910577,4.9698825,4.861767925,4.7202285,4.974073
1,4,BUVFEHNROMUBNS-UHFFFAOYSA-N,OCNT-2315036,3.8415384,3.8655908875599994,3.7009194,4.007429584635712,4.098831582530002,4.89911,4.009766022474824,3.3692062,4.0978193,3.9298732,4.2653103,6.30273673,6.22805275,6.38089225
1,4,BVIXWBQCJPACFU-UHFFFAOYSA-N,OCNT-2315717,5.180911,5.399261934489999,5.436806,4.82560317565639,4.46504255679,4.901052,4.4331552901618,5.0972214,5.2660522,5.1786947,5.421717,4.71772916,4.61384875,4.83904575
1,4,BVZPBARCGQEFOO-UHFFFAOYSA-N,OCNT-2315174,4.9941154,4.974077094390002,4.9314003,4.661905177214024,4.968985796650002,4.796563,5.000692212065068,5.1552362,5.015164,4.710806,4.8550267,4.517059267,4.31614375,4.8114245
1,4,BWZUKEOXSUNTGH-UHFFFAOYSA-N,OCNT-2316635,5.137923,4.936233645380001,4.8802333,4.559002447181841,5.22099309049,4.874885,5.20311129793756,4.8100677,5.192303,5.2818203,5.215623,5.005969807,4.81949925,5.208006
1,4,BZLXGFYLRNUUNG-UHFFFAOYSA-N,OCNT-2310716,4.561616,4.395054346240004,5.120445,4.705941593247205,5.105140822460002,5.175238,5.177333131731527,3.9874783,4.9784317,4.5703783,4.6692514,5.197002985,5.030395,5.33567075
1,4,CBEFARRBDATNTE-UHFFFAOYSA-N,OCNT-2311794,5.0322876,5.107552696939999,5.2923765,5.013052557162617,5.114241433800003,4.930648,4.976232366083645,5.2521763,5.1022944,5.3286657,5.325866,3.733763167,3.15424075,4.1995055
1,4,CEWDQEGZUQAZAM-UHFFFAOYSA-N,OCNT-2317604,5.243192,4.95382029923,5.6302505,5.1844558019404525,5.19143416617,4.874885,5.09195122436776,5.2236137,5.3086796,5.411614,5.2961636,5.82531006,5.7020415,5.9349655
1,4,CEYRGLDKUBETCE-UHFFFAOYSA-N,OCNT-2314568,5.9390845,5.4101111387000005,5.517739,5.496319765028308,5.5552504430199985,5.3481126,5.470712425279272,5.8364573,5.6584406,5.727481,5.758779,5.068768728,4.96052525,5.1773115
1,4,CIFMMEDLNIKOGG-UHFFFAOYSA-N,OCNT-2315627,4.6449776,4.849098458820002,4.9659424,5.169815360716709,4.632892903790001,4.847695,4.680944878557058,4.537788,5.2468643,4.978733,5.130621,2.201957522,1.079212,3.546472
1,4,CJEBHGVZWZPWSG-UHFFFAOYSA-N,OCNT-2309004,5.080809,5.0903020665100005,5.4074473,5.2387473104578515,4.81207898666,4.5074077,4.526587945397898,5.2741838,5.127689,5.1953506,5.0708327,4.85597139,4.6519145,5.08054425
1,4,CJOQFTARAWSADY-UHFFFAOYSA-N,OCNT-2315820,4.873726,4.93164990226,5.2012286,5.197868099331224,4.74806993141,4.4753957,4.7988401914425864,4.6728325,4.8472757,5.0104914,5.2135997,4.87105301,4.64906175,5.10480675
1,4,CMDKPGRTAQVGFQ-UHFFFAOYSA-N,OCNT-2328604,5.447105,5.366594815350001,5.0662274,5.181596958207535,4.966703706560002,4.785124,4.7373549298018816,5.2992516,5.5843873,5.4607015,5.692548,5.504938652,5.41681475,5.595413
1,4,CNWNYMZJQYJSMP-UHFFFAOYSA-N,OCNT-2314408,6.1144257,5.701192260950002,5.5447917,5.65599897736629,5.600741469570002,5.6589055,5.30472780492271,5.8430934,5.800724,5.8637767,5.640342,5.046927207,4.8496825,5.211427
1,4,CPACSLZRDZGWSJ-UHFFFAOYSA-N,OCNT-2308519,5.0810494,5.38809311622,5.5094604,5.6555152013521495,5.450806353019999,5.493587,5.617231648925866,5.598393,4.770385,5.558216,5.5060062,5.529981917,5.4466995,5.61631525
1,4,CPOPRSAGMUGGIW-UHFFFAOYSA-N,OCNT-2311403,5.2177906,4.922009705439999,4.2632847,5.057043663987643,5.236381850510001,5.1115575,5.331045683810337,4.989878,5.380313,5.345265,5.187381,6.383690562,6.29918525,6.47078425
1,4,CTEHMITXXKEHTJ-UHFFFAOYSA-N,OCNT-2315332,5.7150154,5.54587917442,5.106642,5.691007527499509,5.5553177309500015,5.2359047,5.560247726835394,5.595803,5.4524627,5.860046,5.643748,6.110307123,6.00260975,6.21823125
1,4,CTUPNTLXQZNNQW-UHFFFAOYSA-N,OCNT-2309897,4.499764,4.9861728454200005,4.9659424,4.5913791170486045,5.028848143360001,4.881843,4.565414083206077,4.173989,4.686639,4.5576572,4.671013,3.631932888,3.00118925,4.1125205
1,4,CUHVIMMYOGQXCV-NSHDSACASA-N,OCNT-2328617,5.996633,5.55985022994,5.352362,5.760790505163947,4.969591953900002,4.9538975,5.214654999666004,5.898347,5.5929766,5.91634,6.212326,5.522360535,5.34325125,5.70179575
1,4,CVNMWIJKIQYYRH-UHFFFAOYSA-N,OCNT-2312354,5.3482647,5.3305400885899985,5.116414,5.318414393526343,5.140053665860002,5.177246,5.016373076106086,5.2420864,5.1096582,5.365782,5.294861,5.589728818,5.42039125,5.747979
1,4,DDCURYRYFVHMIV-HUUCEWRRSA-N,OCNT-2316832,5.1325135,4.825440639840001,4.2234797,4.695152957887704,4.999432949290001,4.915847,5.001212102722214,4.876043,4.551114,4.859763,4.636289,4.469652605,4.1757735,4.91074525
1,4,DDYQMQHUOWCBKE-UHFFFAOYSA-N,OCNT-2316676,5.363978,5.913564319930001,5.624441,5.533997022247024,5.377703428220001,5.175238,5.154626902108561,5.615843,5.6360087,5.592222,5.6935463,7.782581445,7.7012585,7.8650705
1,4,DEJNTPSVVNYGMA-YMSDKTMASA-N,OCNT-2315257,4.843083,4.692750883889999,4.850099,5.012248266396337,4.627677423769999,4.912003,4.705462195421317,4.8776803,5.152231,4.779855,4.8509183,4.251860225,3.961606,4.68437175
1,4,DFXDAVJGERHEEO-UHFFFAOYSA-N,OCNT-2313450,4.5267015,4.94093080142,5.18061,5.196575312939152,4.524091312950003,4.5857296,4.551606291000174,4.7939377,4.2720723,4.844504,4.545684,4.267403875,4.0119295,4.65255575
1,4,DGCVWBPMLIWDPP-UHFFFAOYSA-N,OCNT-2315716,5.426704,4.933172984079999,5.14307,5.093061899610811,5.04365208159,5.039356,5.12811955157625,5.392126,5.363866,5.311624,5.4020076,5.68151948,5.54366825,5.8094105
1,4,DLJQSCLUZQFLID-UHFFFAOYSA-N,OCNT-2314457,5.6963835,4.95949751439,4.8456287,5.0192276238455165,5.545738801729998,5.2995853,5.474259655380016,5.659591,5.1392426,5.647807,5.607239,3.619158855,2.87002875,4.3347545
1,4,DOAQIMHBTYEUKO-UHFFFAOYSA-N,OCNT-2317504,3.9352808,3.8689962476600033,4.1310797,3.815758589499115,4.30758853009,4.785043,4.355148670302204,3.5296092,4.1249566,3.898105,3.9513016,2.827367675,1.127795,3.9357825
1,4,DOJYOJFSOYDGID-UHFFFAOYSA-N,OCNT-2316796,6.0421824,5.323434337810004,5.127001,5.064308395990916,4.958902665890001,5.177246,5.271701742967355,5.8770065,5.852187,5.738602,5.646616,5.459759287,5.34017725,5.56955375
1,4,DTKNSZIBMSDKHW-UHFFFAOYSA-N,OCNT-2310606,5.4870863,5.27064413985,4.6770997,4.915323668053257,5.412877795580003,5.2995853,5.657447379752686,5.327661,5.4988565,5.369506,5.4540873,5.64305967,5.54416925,5.73885225
1,4,DVBNAUHKBCFYBB-UHFFFAOYSA-N,OCNT-2312795,4.406125,4.1683117552999995,3.715555,3.772723697695056,4.75526059406,4.785043,4.1081955124012035,4.8275733,4.3898907,4.5562534,4.8969693,5.074247032,4.9059005,5.22416225
1,4,DYSLBUOTINOYOC-UHFFFAOYSA-N,OCNT-2310317,4.7061224,4.725268455030004,4.6576447,4.239935324555887,5.160565592240002,5.3405566,5.60493477118183,3.8562763,4.6621876,4.8458495,5.0280886,4.376919622,4.1824875,4.69673375
1,4,DZNPQDPYYZENCJ-UHFFFAOYSA-N,OCNT-2309901,5.6474805,5.59114801128,5.3137174,5.433372765298526,4.904147342979999,4.5105147,5.155120569751757,5.48527,5.670766,5.4214234,5.5729113,5.512484602,5.404119,5.610254
1,4,FAIPFRSDTGEWBZ-UHFFFAOYSA-N,OCNT-2314306,5.1769204,5.172473980820002,5.023986,5.181572377857508,4.999484854109999,5.228968,5.6309606208264125,5.063954,5.2410846,5.3296394,5.267215,5.410053963,5.25082525,5.54232125
1,4,FEROKVSYPLWBAJ-UHFFFAOYSA-N,OCNT-2315153,3.9160304,4.21902816418,4.1165967,4.243238906232035,4.447839870179998,5.2386403,4.715356291743351,3.3150156,4.040489,4.105851,4.3806095,2.744313135,1.11959125,3.8746855
1,4,FFCKEKQOXALYPI-UHFFFAOYSA-N,OCNT-2314941,5.204992,5.088761348769999,4.8873386,4.81504237588829,4.610826423350002,4.9640636,5.172349821304236,5.1199245,4.6796,5.1160045,5.0970836,5.014127535,4.85544875,5.180575
1,4,FGDFAEAOTKYXNH-UHFFFAOYSA-N,OCNT-2309758,5.2591286,4.882896281200001,5.127001,5.289652344780687,5.03730245099,5.1115575,5.027090776259391,5.2995276,5.645111,5.221308,5.256364,5.412610013,5.3261795,5.50155
1,4,FHXLUKSIGDILGD-UHFFFAOYSA-N,OCNT-2317986,4.6604986,4.98886177446,5.270809,4.92119108043447,4.461572813740002,4.5074077,4.0504084291178595,4.078019,4.258095,4.45568,4.9441757,5.04027082,4.83988575,5.2431435
1,4,FKSCUJKHJVNOBE-UHFFFAOYSA-N,OCNT-2308903,5.6140924,4.88373888535,5.3508534,5.133342698765342,5.154716193709999,4.785043,4.948492286220373,5.3553677,5.232379,5.4863024,5.540665,5.943690125,5.83902075,6.04750325
1,4,FKXADKCFWZZCLK-UHFFFAOYSA-N,OCNT-2309502,5.2331567,4.78721157248,5.1725035,5.356646869274109,4.935044883249998,4.8164997,5.071435745213213,4.7117133,5.5425577,5.163609,5.136359,5.15856721,5.028146,5.2581715
1,4,FQCDMDCBFOOLSS-UHFFFAOYSA-N,OCNT-2311376,4.5942287,5.25718826231,4.881545,5.130160624466061,5.115674716420002,4.9640636,4.747894103727664,4.692272,4.6567774,4.770093,5.185052,6.016780778,5.93765375,6.10424925
1,4,FQFAHDMNRAXBFT-UHFFFAOYSA-N,OCNT-2314657,4.8291273,4.619980019829999,4.436996,4.790170488767294,5.1032279990900005,4.9005895,5.222131048075003,4.581474,4.8481517,4.880585,4.9802165,6.829797427,6.74685775,6.91327
1,4,FRXIOYNYLCVQGU-UHFFFAOYSA-N,OCNT-2313177,5.844922,5.537480905859997,5.2483573,5.46970231632923,5.506695680390001,5.2995853,5.737973866806073,5.785788,5.5334735,5.6502447,5.7449484,5.462130645,5.3287255,5.584243
1,4,FSPJNFGHZZRNHE-UHFFFAOYSA-N,OCNT-2310181,4.617624,4.621382648879998,4.759261,4.28076413910488,4.594682810150001,4.796563,4.746121718142023,4.2563853,4.323547,4.514555,4.4433165,5.464100948,5.37307075,5.552534
1,4,FTMSJBRLUXKYNX-UHFFFAOYSA-N,OCNT-2314360,4.8300333,5.04658401895,4.4524674,5.082696367814542,4.589618698430001,4.410403,4.80650967526226,4.628991,5.3095064,4.834773,5.208781,4.503792502,4.23580325,4.87647525
1,4,FWXNAAHVSCCOGH-ZIAGYGMSSA-N,OCNT-2312995,5.569989,5.171073476560001,5.2579684,5.2111426020534815,5.341809227619998,5.142344,5.137163198412855,5.6238294,5.3433795,5.3300586,5.424911,4.937863275,4.76014875,5.0634495
1,4,FXKCHSYNXXKFEX-UHFFFAOYSA-N,OCNT-2311148,4.5040174,5.283694683000001,5.6773477,5.221235732646516,4.9962643073200015,5.1553783,5.0982313675276405,4.625887,4.44461,4.655617,5.06089,4.59512341,4.39045925,4.87458725
1,4,GFEPSUUSADSVOE-UHFFFAOYSA-N,OCNT-2310451,5.4966197,5.1258588354500025,5.1111746,5.124337844795502,4.965588973909998,4.959247,5.132535142789402,5.272799,5.370412,5.4369144,5.3555183,5.790230268,5.68838925,5.8901475
1,4,GLFWAGLXPAJCLJ-UHFFFAOYSA-N,OCNT-2311971,5.9314537,5.916661581239997,6.71946,6.0309936412542395,5.449759654470003,5.276876,5.590790094916747,5.828114,5.659301,5.661747,5.6313024,5.56245139,5.450119,5.66249775
1,4,GLZRKOCNRVFUPI-UHFFFAOYSA-N,OCNT-2312122,5.279009,5.1837543159500035,5.3232827,5.509624395827893,5.230473752060001,5.175238,5.216840125046166,5.1426454,5.3940864,5.2207856,5.248675,4.77798184,4.601778,4.9644845
1,4,GMOUZYGFMNTHBO-RDTXWAMCSA-N,OCNT-2308506,4.6625214,4.840747949329999,4.6953945,4.7183188847099125,5.073007447519999,4.6580687,4.977180711593998,4.2383256,4.9784107,4.881245,4.602708,4.867253745,4.700189,5.04335925
1,4,GNBBTCYKQSSFLT-UHFFFAOYSA-N,OCNT-2318097,4.577341,4.362655236429998,4.8363795,4.2733011821594,4.48153597687,4.954183,4.780730989247515,4.1045628,4.2934833,4.353415,4.5710583,2.786591673,1.136908,3.84945675
1,4,GNFJDSSWFMORPO-VXGBXAGGSA-N,OCNT-2308546,5.34652,5.625298176080001,4.901483,5.226584178745029,5.531268786389998,5.493587,5.272978413500407,5.8647966,5.2661223,5.4388547,5.3939056,5.416281745,5.24573525,5.59554775
1,4,GPXLMGHLHQJAGZ-JTDSTZFVSA-M,OCNT-2328589,4.2331767,3.5251512406700014,3.945967,4.096011228291509,3.96470898359,4.733755,4.033062964958,4.70482,4.1352363,4.968875,4.467771,3.642390255,3.050627,4.201996
1,4,GQZZKRNBYZPRCE-UHFFFAOYSA-N,OCNT-2311669,5.591612,5.71625319436,5.2281413,5.347163305426736,5.253103267139998,4.717212,5.12301843020888,5.618988,5.446418,5.8757024,5.859099,5.786506378,5.659126,5.90862275
1,4,GTGFBWKCCOBBSR-UHFFFAOYSA-N,OCNT-2314662,5.001375,5.2156667735600015,5.176301,4.89333379551288,5.262160444609999,5.2237654,5.069693596230652,5.1959724,5.19907,5.0545,4.9772615,4.906514393,4.67721975,5.14382
1,4,GYNQRMHTTCULMF-UHFFFAOYSA-N,OCNT-2312308,5.227292,5.182158172400002,5.343372,5.3097470306686345,5.164603375369999,5.398036,5.063830374782416,5.293958,5.4351044,5.360647,5.2682743,5.894582448,5.79805725,5.99086
1,4,GYQHXTMEPJTGGH-UHFFFAOYSA-N,OCNT-2309780,5.170194,5.547151197579998,5.352362,5.331861382898294,5.43358364677,5.3481126,5.433624973484774,4.8474946,5.4565363,5.036977,5.140086,5.42342565,5.3122705,5.51794225
1,4,HBWZWUOQIKNJHR-UHFFFAOYSA-N,OCNT-2316669,6.0398264,5.345424814470001,5.9058886,5.732507798787314,5.532390018429998,5.3405566,5.7642107594906395,5.9475746,5.8292384,5.700483,5.691312,5.596873645,5.4178825,5.767717
1,4,HCCPDJMGEYCQRE-UHFFFAOYSA-N,OCNT-2308475,5.9141445,5.2396129376600005,5.2919555,5.296202484459413,5.895629581909999,5.389084,5.791127973858591,5.7488794,5.865898,5.817457,5.5997334,4.999731902,4.784698,5.233084
1,4,HEOCBCNFKCOKBX-SDNWHVSQSA-N,OCNT-2328969,5.1077557,5.165347645320002,4.9951167,4.5547632670249705,5.096780950429999,5.2274165,5.324476568689705,5.44823,5.036409,5.177907,5.4389544,4.288918308,3.98832075,4.772507
1,4,HLNLBEFKHHCAMV-UHFFFAOYSA-N,OCNT-2328360,4.7523594,5.586267633830001,5.4908333,5.617927739276832,4.741608800310002,5.2295723,5.269438871009545,5.593808,4.1158223,4.3143425,4.872417,1.988384528,1.0368375,3.35622325
1,4,HNNQRKVHGGLWAB-UHFFFAOYSA-N,OCNT-2311559,5.6522627,5.632868233930003,5.239521,5.392278432265984,5.232434891249999,5.0097456,5.261027993042134,5.649766,5.424247,5.8226767,5.880145,5.563636198,5.49328775,5.63438275
1,4,HOGYNIIRLIDANI-UHFFFAOYSA-N,OCNT-2310098,4.6854935,4.474157718140001,4.852502,4.313849350001607,4.967261509139999,4.961744,4.7420324403274945,4.2730436,5.21497,4.8501406,4.5711317,5.246580845,5.10009675,5.3633005
1,4,HTGKQRBTDIZKDR-UHFFFAOYSA-N,OCNT-2318257,4.6065593,4.78757772558,4.298844,4.673736347426031,4.91077261549,5.120592,5.320235187012568,4.517075,4.88509,5.256034,4.875053,5.716133747,5.62012975,5.8141135
1,4,HULCLFNHTBZONY-UHFFFAOYSA-N,OCNT-2315746,4.9951506,5.14683063586,5.121177,4.969418590424995,4.9698107592100005,4.9640636,5.074405145325747,4.839521,4.853865,5.0886297,4.9339085,4.989326347,4.78298725,5.17184125
1,4,HVBXEBBUJKBNKF-UHFFFAOYSA-N,OCNT-2314641,5.178048,4.95871972972,5.063441,5.14516293631277,4.978132610790001,4.972753,4.9960019079840645,5.036822,4.9639883,5.2697268,5.3190036,5.189477727,5.0012275,5.3249195
1,4,HVPGCKQRNRGMTN-UHFFFAOYSA-N,OCNT-2310967,5.4549665,5.052471497200004,4.577072,5.09209915951462,5.09890593693,4.9640636,5.489399246434046,5.1621723,5.618903,5.3628745,5.191757,4.90679488,4.72675925,5.1192215
1,4,HXTZWUVDAMAHMH-UHFFFAOYSA-N,OCNT-2317316,5.0707664,5.205942666300001,5.430907,4.9519408003851675,4.78655750031,5.0097456,4.83804108910384,5.068812,4.9486365,4.8385396,5.135569,5.01088562,4.80341775,5.211561
1,4,HYZUFGFQMUOIJF-UHFFFAOYSA-N,OCNT-2317220,4.774265,4.526954752280001,4.5825195,4.671084918908673,4.782995929480001,5.1173334,4.238200438783906,4.4506927,5.2302365,4.8195,4.8188133,4.328047555,4.07093525,4.678294
1,4,HZJAEDMXWJCPPZ-UHFFFAOYSA-N,OCNT-2309246,4.029199,4.84176186111,4.9659424,4.886537020241903,5.08538948276,5.209053,4.942349475485379,4.5698085,5.1404843,4.8966174,5.029708,4.57543194,4.24114775,5.0436905
1,4,HZLJTTVIFIBCFG-UHFFFAOYSA-N,OCNT-2313185,5.2828674,5.378865565790003,5.176301,5.403098854153177,5.160881900579999,5.1115575,5.195869431040614,5.5033407,5.5297103,5.248096,5.1384034,5.539890573,5.42764125,5.64132125
1,4,IDDNPFILCTUATL-UHFFFAOYSA-N,OCNT-2308747,5.4045854,5.579730534329999,5.5440936,5.596585722488996,5.562868255719999,5.2237654,5.489617120961936,5.5394263,5.517751,5.399885,5.4515095,4.901963337,4.72406125,5.06818075
1,4,IEEKGKCYWRAJSQ-LBPRGKRZSA-N,OCNT-2310163,4.477189,4.8947109097100014,5.322886,4.631019104469787,5.059807260280001,5.0097456,4.898638754977596,3.2396326,4.1545715,4.0565267,3.8290524,5.006135698,4.6177565,5.28551875
1,4,IFIUGHBINSMGRJ-UHFFFAOYSA-N,OCNT-2308989,5.3896627,5.342365050590002,5.235628,5.082378814861635,5.308308631260001,5.175238,5.565918434152794,5.5029793,5.3112516,5.5155277,5.4381223,5.155951453,5.01312225,5.27134025
1,4,IHKQTIHFTGRELM-UHFFFAOYSA-N,OCNT-2314897,5.3305683,4.861415246280003,5.175096,4.98298702540091,5.03599883435,5.1224947,5.331996891089507,5.3893857,4.8387938,5.2015924,5.101833,4.984620122,4.79931725,5.12088075
1,4,IJNUWPZEBUHKFT-UHFFFAOYSA-N,OCNT-2310303,5.065774,5.270392206970002,5.064108,4.640061839309949,4.834515155540001,5.0941076,4.643914181506528,4.683859,4.5261903,5.0570464,5.1230044,3.669168845,2.852335,4.12948075
1,4,IJSBTRZTQNHIPE-UHFFFAOYSA-N,OCNT-2309449,5.5208015,5.240939675720001,5.3308535,5.315115512911525,5.126922348510001,4.8425856,5.154137672086796,5.6603518,5.4447627,5.3768373,5.493746,5.212759145,5.03991175,5.3841515
1,4,ILXVZKLXZOEKTC-UHFFFAOYSA-N,OCNT-2316099,4.04398,3.65212044963,4.6883225,3.5892089284776083,4.447811968030002,4.5857296,3.711230584210116,3.6439,3.551207,4.326194,3.79651,4.72899016,4.44062525,5.040725
1,4,IMSNSGWODHWPIM-UHFFFAOYSA-N,OCNT-2318647,5.4804416,5.368236627350002,5.3023615,5.456006418653949,5.5041838195200015,5.2237654,5.147679404204986,5.586202,5.34531,5.3126717,5.4565353,4.981743517,4.812777,5.15769125
1,4,INXQKQFVKVEEGI-UHFFFAOYSA-N,OCNT-2314813,5.3814397,5.460028856220001,5.0511804,4.805345790946803,4.938138000950001,4.959247,4.602149157095782,5.018701,5.309939,5.3657136,5.4148107,4.75499872,4.558429,5.00548475
1,4,IOBKGDZZBKRYCG-UHFFFAOYSA-N,OCNT-2315064,4.119871,4.475544994169999,5.02672,4.674813692632328,4.290759666069997,4.9640636,4.507956305541831,3.493391,4.211582,3.8971784,4.5852175,3.243709095,1.39234775,3.99179625
1,4,IVNIMDZBVHNVOZ-UHFFFAOYSA-N,OCNT-2314639,5.486911,5.511866167799999,5.226669,5.326736955361638,5.303198412860001,5.1270623,4.959136239342758,5.344574,5.2899094,5.3504944,5.427071,5.54379485,5.46443,5.6237645
1,4,IWGOKMFJOUAZQS-UHFFFAOYSA-N,OCNT-2309752,4.9839754,4.6287480712,4.724971,4.6227271624816035,4.41192244624,5.143658,4.722021975633345,4.5914555,4.8421507,4.928301,5.2727275,4.53786015,3.9402555,5.30930775
1,4,JAHCDTOPQPDPHN-UHFFFAOYSA-N,OCNT-2315030,4.906738,5.784127315940003,5.7797775,5.887982761499588,5.214931459130001,4.8448935,4.874567408876583,4.5975103,4.821866,5.0818014,4.9934773,1.999050187,1.04638875,3.35540025
1,4,JBUYSVCDKUEWGF-UHFFFAOYSA-N,OCNT-2314301,4.8854527,4.807878324090001,4.769135,4.751043206112261,4.691365171570002,5.074278,4.595381304673109,4.638738,5.0871916,4.980228,5.2268214,3.736200485,3.179735,4.4157815
1,4,JCBXMWZFTVXMIJ-HOTGVXAUSA-N,OCNT-2313726,5.1262674,4.937383416940003,4.968208,4.747211188013757,4.870987147170002,5.177246,4.859400695624685,5.005939,4.85365,4.9327264,5.005275,4.493009942,4.23298725,4.87909025
1,4,JDRYIRLVOYCPNW-UHFFFAOYSA-N,OCNT-2314534,5.471239,5.16048682126,5.265472,5.585860511661318,5.27333632299,5.1115575,5.362387661558321,5.434931,5.775747,5.547144,5.4593782,5.282190228,5.08325125,5.47253075
1,4,JIFHBVQNLSIJPG-UHFFFAOYSA-N,OCNT-2308803,4.6965356,5.289623497050002,5.362971,5.492112201361523,4.832122711920001,4.5243855,5.091154310716982,4.550461,5.0244036,4.809973,4.7987523,4.948839665,4.7674195,5.1466665
1,4,JMYYWDLLJQSPOB-UHFFFAOYSA-N,OCNT-2316181,5.8701825,5.229427671490002,5.354055,5.444547726123925,4.8659808799499995,5.0941076,5.127973544827613,5.4878983,5.597463,5.5254297,5.586801,6.571799018,6.48177425,6.66609425
1,4,JOKFLBUKTHIUOP-UHFFFAOYSA-N,OCNT-2310463,5.755307,5.737298860420002,5.862888,5.799085002639682,5.643273409030001,5.3405566,5.713328450668955,5.4706597,5.408711,5.6267695,5.418369,5.91640629,5.82407325,6.01039375
1,4,JOPBSAHUSCUUCN-UHFFFAOYSA-N,OCNT-2315261,5.526583,5.260262062839998,4.9570785,5.479316918206972,4.75880422845,4.4835987,4.787570232351411,5.632609,5.1824408,5.5602098,5.3358064,6.300731918,6.21410775,6.38368975
1,4,JPKNAFFCNYNTAM-UHFFFAOYSA-N,OCNT-2316494,4.928841,5.16667932643,4.8873386,5.2480469186793055,4.495091839910001,4.287356,4.0409844153320655,5.0416675,5.0176044,5.13967,5.196879,5.04772748,4.85061175,5.24598075
1,4,JPVSNCKCEXNVEF-UHFFFAOYSA-N,OCNT-2316068,5.2588987,5.715297935070001,6.0320935,5.874617980846304,5.4443929885,5.1496744,5.288136508609831,5.342215,5.2584443,5.1038322,5.197346,4.889405,4.706477,5.07665725
1,4,JQGRCFSKLLFIPC-UHFFFAOYSA-N,OCNT-2308847,4.401031,4.502568664370004,4.485535,4.450797453306986,4.598175010060001,4.707725,4.692743872586149,4.428112,4.3836894,4.3167205,4.258331,3.98482508,3.57708475,4.523651
1,4,JSDLMHDVEMVGNS-UHFFFAOYSA-N,OCNT-2311413,4.9515667,5.181865839160002,5.1025896,5.204415813806106,4.5824192056000035,4.6964965,5.153182450106291,4.9684777,4.802848,5.1431756,5.190279,5.312041045,5.1574005,5.4423485
1,4,JSJHAJURFVUFKI-UHFFFAOYSA-N,OCNT-2313886,4.782579,4.927920210669998,4.961752,4.892369036779592,4.963850886980001,5.159378,5.155342470652726,4.5892935,4.9547477,5.1573296,5.152829,4.82344904,4.62677275,5.0382535
1,4,JUUXTYPOBMENFW-UHFFFAOYSA-N,OCNT-2309040,5.931173,5.186956073200001,5.2870436,4.8802252924493,5.193231421270001,5.0941076,5.248474973079981,5.7698097,5.7735105,5.6172075,5.665509,5.328568543,5.116306,5.455435
1,4,JVDGAKHVFVRQPJ-UHFFFAOYSA-N,OCNT-2316159,4.3204665,5.4125710401700005,5.3206162,5.313915063022848,5.11473871075,5.493587,5.05793269372955,4.927996,5.1346607,5.0480337,5.1772847,5.371748315,5.22745375,5.5058465
1,4,JVSOGURKRNBPMA-UHFFFAOYSA-N,OCNT-2312595,4.5730453,4.742678134779999,4.5317774,4.797572675130181,4.60303744622,4.8755755,4.569770564088989,4.4314575,5.0125556,4.824878,5.0040226,4.861658288,4.73135075,5.0027055
1,4,JVVLSCNLUICXDH-UHFFFAOYSA-N,OCNT-2318394,5.4504247,4.971990359850001,5.115517,5.230753233399934,5.243217202450001,5.209053,5.293920143103789,5.498843,5.4136815,5.3764253,5.2701592,5.539309995,5.40880575,5.65817825
1,4,JWQAFCDFSGHBQL-UHFFFAOYSA-N,OCNT-2318557,5.082253,5.302968133780001,5.8565884,5.427639525196287,5.171615400889997,5.209053,5.37577697335331,4.3976483,5.538239,5.3537803,5.2121363,5.390144205,5.26866275,5.49220075
1,4,JXKHXXHGQFDIGY-UHFFFAOYSA-N,OCNT-2314178,5.122039,5.155608000850001,5.200088,5.141169944723785,5.30409751905,5.1115575,5.221614250094672,5.24211,4.8122177,5.0528083,5.150624,4.91695024,4.810729,5.02788475
1,4,JZGNANXWSVAKRU-UHFFFAOYSA-N,OCNT-2309526,4.4589624,4.765961916620001,4.778957,4.785527253873533,4.790162831340001,4.9640636,4.733055753305097,3.8863862,3.8545785,3.9046369,4.409897,2.645436473,1.13565375,3.79054575
1,4,KGDBHTFHMFKVGM-UHFFFAOYSA-N,OCNT-2316654,5.660554,5.1833203500900025,5.352362,5.3163814697373475,4.826079675579999,4.651099,4.940556512697201,5.79254,5.9893894,5.856823,5.6317134,6.102473162,6.00966525,6.19600325
1,4,KMSWWUSZWDRAFV-UHFFFAOYSA-N,OCNT-2309850,5.256071,4.8434330047700005,5.1911793,4.825379429715319,5.2152851923800005,5.389084,5.14099045733405,5.153006,5.5837216,5.3024426,5.282813,5.042702487,4.802517,5.22197325
1,4,KTRFMBNZWVWXQT-UHFFFAOYSA-N,OCNT-2318111,5.4453793,5.4570303365,5.412788,5.534464772052472,5.561871953649999,5.2918453,5.315435012545338,5.33025,5.3461275,5.3634467,5.400968,6.20336773,6.10718525,6.30032425
1,4,KXUZCHWWDWUSLP-UHFFFAOYSA-N,OCNT-2309355,4.445936,4.57590814308,4.068406,4.625958149287316,4.633778518270001,4.9475403,4.673574732696936,4.1169252,5.1066747,4.837029,4.9162827,4.03319713,3.6405165,4.40368625
1,4,LAUGLWXKYQTNRM-UHFFFAOYSA-N,OCNT-2310791,4.953631,4.521219477280003,4.1514335,4.410007249364913,4.685595434690001,4.8425856,4.635142368925603,4.8615026,4.6653986,4.863653,4.70341,6.06209163,5.97544975,6.15340375
1,4,LBALHOFHHOXUBB-UHFFFAOYSA-N,OCNT-2314528,5.099768,5.376938814770001,5.1025896,5.209850600799125,5.495476763289999,5.389084,5.063260896213987,5.357043,5.2014313,4.9815755,5.2137504,5.037264623,4.82985825,5.193546
1,4,LCBSQLYFAYPDEP-UHFFFAOYSA-N,OCNT-2309468,4.720478,5.212371307710002,5.116414,4.495981856398345,4.614943199960001,4.9538975,4.690286351877965,4.3161354,4.590253,4.6270256,4.869976,3.588619277,2.914977,4.14970875
1,4,LCJHPXYBKAHYBP-YPMHNXCESA-N,OCNT-2313939,4.820267,4.73358332568,4.4357486,4.211059362419185,4.660000688950002,4.5857296,3.952765877425712,5.256075,5.2229533,5.17976,5.1432934,2.312545838,1.09469975,3.6149845
1,4,LEQOABJBJQUSIJ-UHFFFAOYSA-N,OCNT-2310448,4.646998,4.563935703349997,4.3921337,5.008770962854072,4.851340681659998,4.948681,4.4158729509143315,4.4368734,5.119574,4.9877167,4.848164,5.011973475,4.8121245,5.185843
1,4,LHCOPLUTYHCPEN-UHFFFAOYSA-N,OCNT-2310242,5.808127,5.573204207980001,5.3120046,5.960409081413902,4.92501107164,5.0110884,4.53556043091851,5.7885246,5.7530036,5.935647,5.836607,6.372552588,6.1480355,6.55327575
1,4,LKDLNDMROZFUSW-UHFFFAOYSA-N,OCNT-2314624,4.6767206,5.014140130579999,5.3650155,5.082311934368689,5.314473689570002,5.0521784,5.384727334556532,4.829408,5.0633187,4.789489,4.889703,4.974948185,4.77744925,5.15959875
1,4,LMSNKMVPMRZZCB-UHFFFAOYSA-N,OCNT-2308510,4.5075436,5.041999987009999,5.171312,5.155615426182931,4.705932167740001,4.5857296,4.271910176856456,3.9427476,4.7479258,4.561241,4.724998,3.874486005,3.41318075,4.340715
1,4,LQUSNRYERYWFOJ-UHFFFAOYSA-N,OCNT-2311728,4.905678,4.83008150849,5.292686,5.347963046608862,5.051099494190001,5.177246,4.949156460732583,5.2603803,4.8497014,5.140768,5.2132645,5.600461978,5.4687795,5.70778225
1,4,LSBRUZPACMNGNR-UHFFFAOYSA-N,OCNT-2312429,5.716995,5.327164875100001,5.254885,5.038674410118143,5.689888439979998,4.994742,5.492711704835915,5.8652573,5.378371,5.3699083,5.5364747,5.307879368,5.1497345,5.44871775
1,4,LVSFHOYLHXXXOV-UHFFFAOYSA-N,OCNT-2310923,5.5596285,4.80849542725,5.2075634,5.305993813651368,5.500921931430001,5.244522,5.3298005396830455,4.9720397,5.7401404,5.5512905,5.497828,5.323121803,5.203787,5.42451275
1,4,LWVXLFNOBPUVIX-UHFFFAOYSA-N,OCNT-2312288,5.5536027,5.566948014050002,5.360461,5.410465191022628,5.62882473969,5.2359047,5.280855647038382,5.534774,5.1863513,5.3705726,5.494562,4.817996628,4.610838,5.04520275
1,4,LXJKAAXWGFNAFK-UHFFFAOYSA-N,OCNT-2314151,4.8815,5.476901537739999,4.9419127,5.261328742803813,4.932776642520002,5.0423856,4.860699309238924,4.618548,5.2927465,5.083961,5.163324,4.124147192,3.7714095,4.66205375
1,4,MBWXNTAXLNYFJB-NKFFZRIASA-N,OCNT-2328553,4.7389345,4.700815141339998,4.933778,4.723977087997777,4.15423756067,4.3693404,4.2625424272184205,3.9882026,4.7384253,4.8512363,5.155243,5.06714608,4.85396375,5.23915625
1,4,MFQUCJFOGBKLIU-UHFFFAOYSA-N,OCNT-2313912,4.9364705,4.976199224320001,5.0532894,5.031631530557952,5.219641395560001,5.175238,5.172959878313998,4.626811,5.201177,5.0444636,5.1540017,4.951305708,4.78200775,5.11110725
1,4,MHFIAOUOUHXAKN-YPMHNXCESA-N,OCNT-2312085,5.5413837,5.00455076153,5.2303886,5.550158473462915,5.172537660200001,4.7050147,5.149227666231303,5.2324657,4.994176,5.697755,5.4415483,6.505120845,6.42238775,6.58652075
1,4,MLIDDXHEZKBXRM-UHFFFAOYSA-N,OCNT-2312011,5.3836,4.9766442698899995,4.5864453,5.170999837404456,5.406884815430001,4.6487794,5.2183385030184395,5.556553,4.857637,5.185328,5.2981696,6.085568015,5.97612725,6.191413
1,4,MNKMGNDBLJMEEX-UHFFFAOYSA-N,OCNT-2312720,5.0520372,4.995604466540001,5.0814004,4.587177968814475,4.858601865,4.9538975,4.933136868870086,5.2799196,5.204026,5.196456,5.317521,5.300728757,5.205458,5.38708275
1,4,MNPYESDKOVWXSR-UHFFFAOYSA-N,OCNT-2313895,4.3244677,4.766596609110002,5.127001,4.7687176112023835,4.81330667774,4.72059,4.341037917192782,4.3006663,4.4763155,4.8831677,4.6578436,5.363035167,5.22641625,5.476608
1,4,NADVEOZBBSLZOC-UHFFFAOYSA-N,OCNT-2310913,5.550648,5.46545889611,5.2470927,5.125131564564316,4.96226001932,4.880586,4.871052344441526,5.3297963,5.1522226,5.933348,5.7073874,5.84268185,5.7409985,5.94342425
1,4,NAOJMNUZHUNOKN-UHFFFAOYSA-N,OCNT-2311892,5.844281,5.123466938729998,5.139217,5.465859476581103,5.734125039089999,5.345181,5.629397254004218,5.726797,5.2413416,5.4856353,5.6924515,5.253644683,5.097059,5.38251725
1,4,NKOPTHMKGIKTFB-UHFFFAOYSA-N,OCNT-2309634,4.64728,4.688668954209997,4.2848134,4.372547403975408,4.7184734738800005,5.170385,4.981618020441909,4.3179684,5.263133,5.0215554,5.128635,5.619969043,5.5183805,5.713324
1,4,NLXSFVWGDYEQIS-UHFFFAOYSA-N,OCNT-2312504,4.8324184,5.1373104643900005,4.7703533,4.9173168897744555,4.10803706578,5.214516,3.7498194501410462,4.3643513,4.7963614,5.1618357,5.1987076,5.382527868,5.2798265,5.4770035
1,4,NNYMFTQOHMHWPE-UHFFFAOYSA-N,OCNT-2315093,4.9891105,5.301625783709998,5.3831296,5.196806008185237,4.839052053369999,4.4835987,4.5417089858546085,5.07767,5.327022,4.7473283,5.3164315,5.309402598,5.08457825,5.46988225
1,4,NPZPIMWHOCMQED-UHFFFAOYSA-N,OCNT-2316836,4.4235187,4.789362849140001,4.9321184,4.584626146291404,5.399742429230002,5.3405566,5.158138688679292,4.5811453,4.8032026,4.7114363,4.961389,4.935100625,4.737256,5.105707
1,4,NRHPQGFOHHKTNQ-UHFFFAOYSA-N,OCNT-2314083,4.6210637,4.920530224110003,4.8488994,4.662993137046291,4.88284096524,5.0989103,4.568978759941074,4.363093,4.875589,4.5558047,4.850343,3.683065297,3.1495515,4.198299
1,4,NWFXJYZVFTZVNK-UHFFFAOYSA-N,OCNT-2318577,5.4926705,5.476389468749999,5.449861,5.2312590160587025,5.131039062439999,5.088758,4.896339865081022,5.3859267,5.2515798,5.3276267,5.5080814,5.100747877,4.918087,5.26472275
1,4,NXFYQARCVGKCRR-UHFFFAOYSA-N,OCNT-2310956,4.588977,4.712519916750002,4.916054,5.09105922802846,5.2952977064,5.1115575,4.916771252485523,4.3262215,5.0479608,4.4631805,4.6569037,4.399326245,4.07094275,4.89729075
1,4,NYPQWFIWQBGCSN-UHFFFAOYSA-N,OCNT-2313771,5.1394634,4.93765330434,4.8599625,4.868171410344584,4.94624657498,4.874885,4.767908859903224,5.1939883,4.425356,4.6050353,5.0423055,4.3306791,4.0364,4.77337275
1,4,OAESDRNQJDPPPY-UHFFFAOYSA-N,OCNT-2310022,5.2026553,5.14554012236,5.044417,5.124059882860707,4.81382973263,4.9640636,4.996449598353791,4.4998984,5.0449247,5.2416534,5.2356143,5.471223128,4.9968685,5.801272
1,4,ODKREHIVWMLQNO-UHFFFAOYSA-N,OCNT-2309658,4.912569,4.16750347942,4.501776,4.726343011829339,5.050806853810001,5.284624,4.856043746929304,4.4049635,5.2103677,5.093278,5.145302,4.17323028,3.74140025,4.92843125
1,4,ODSCKOHMVPXOCY-UHFFFAOYSA-N,OCNT-2309480,4.822534,4.315688496369999,4.289201,5.138711158178193,4.930037252120001,4.9640293,4.710302334865105,4.43325,4.985686,4.9101825,5.1418433,3.941705128,3.49129625,4.33738575
1,4,OGVLLYXHLIYWNR-UHFFFAOYSA-N,OCNT-2315965,3.9304276,4.282198959360003,4.308176,3.742174515737263,4.752365212239997,4.5074077,4.170542989462167,3.6495898,4.234002,4.520439,4.608519,3.95208176,3.561566,4.48945625
1,4,OLQUOCUROMYKSW-UHFFFAOYSA-N,OCNT-2312951,5.102926,5.369920924139998,5.35761,4.853860884031982,4.944926204839998,4.9748187,4.788817278827919,5.032512,4.898892,5.0735817,5.102149,5.164665077,5.03315625,5.27774825
1,4,OMHAOJDUYGXDSF-UHFFFAOYSA-N,OCNT-2315875,5.3539715,5.22491156967,5.3815475,4.76615348002192,4.94891003423,5.014413,4.6752346373672,5.285312,5.1944494,5.341823,5.457348,5.938020847,5.8506525,6.02685675
1,4,OPPFQRUPYDGASZ-UHFFFAOYSA-N,OCNT-2310119,5.3272805,5.14885889069,5.3069663,5.066720293172306,5.654971555810002,5.434208,5.47449146410292,5.4339795,5.613262,5.2478156,5.4696407,4.85225406,4.61622125,5.0039235
1,4,OQOYJJXISGSEFD-UHFFFAOYSA-N,OCNT-2312189,5.097483,4.79418825015,4.759261,4.621977696305932,4.829775348959998,4.72154,4.733110698899997,4.8415103,5.1423674,4.9108677,4.988416,5.050189797,4.92263175,5.19459675
1,4,OUBMGJOQLXMSNT-UHFFFAOYSA-N,OCNT-2328950,5.029263,5.7862582280599995,5.4016623,5.231837001639537,4.822445529609998,4.3659544,4.935067710941004,5.2224293,5.3745017,5.388667,5.528865,4.640730533,4.5231395,4.78086425
1,4,OWDWRNXWWTYROW-UHFFFAOYSA-N,OCNT-2312027,4.626419,4.257842967530001,4.503617,4.480742224727203,4.665629607089998,5.0138445,4.5325255367044495,4.4257817,4.6511846,4.4597898,5.012944,4.273069245,3.9650225,4.75035025
1,4,OZKNWIJAQFXAKL-UHFFFAOYSA-N,OCNT-2315138,5.3728147,4.909632355350002,4.911592,4.765708743001579,5.006285006870001,4.87919,4.8257021438075824,5.3785243,5.4236116,5.38848,5.353028,5.39338793,5.2623575,5.513712
1,4,OZWKMVRBQXNZKK-UHFFFAOYSA-N,OCNT-0497926,4.0679393,4.946023697360001,5.077597,4.670280093012422,5.210546737829999,4.7363906,4.9424335514659345,4.8433475,3.4361243,4.3065634,4.2183046,5.295571237,5.129696,5.43806325
1,4,PALLJXRWIIGYCG-UHFFFAOYSA-N,OCNT-2314705,4.9525805,4.764454664530001,4.905368,4.803377213643465,4.58676632983,4.9200673,4.908689393309922,4.427945,5.3926578,4.826236,4.822957,5.432151835,5.28971575,5.547014
1,4,PGALJWIUWGHPQM-UHFFFAOYSA-N,OCNT-2312004,4.756028,5.198036697310001,5.134877,4.862005406288899,4.83655754193,4.9941688,4.742314193256032,4.737726,4.9973083,5.166795,5.148625,4.105272955,3.74131825,4.559268
1,4,PHMGMGUOOWDYOQ-UHFFFAOYSA-N,OCNT-2318423,5.1510878,4.68107603541,5.0992703,4.604265751509696,4.8972634185500015,4.6615696,4.870422229818094,4.830763,4.889253,4.9049597,5.0586977,3.927173255,3.4869655,4.44302525
1,4,PHWUOFXXLTWMIY-UHFFFAOYSA-N,OCNT-2308562,5.2124047,5.152102592340003,5.2737994,5.202671414677055,4.837712569520002,4.959247,4.863438737541529,5.205548,5.431637,5.219641,5.19701,4.911011337,4.71040675,5.11844
1,4,PLDUPXSUYLZYBN-UHFFFAOYSA-N,OCNT-0022288,4.7926736,4.87200628265,4.9426484,4.553383683347826,4.403468775159998,4.371127,4.698840364740811,5.0219607,5.135334,5.003213,5.095745,5.388658353,5.287896,5.481964
1,4,PLJXPASPUUPXHL-UHFFFAOYSA-N,OCNT-2308945,4.7839885,5.0070975302,4.7406807,4.916635557466744,4.814623236630001,4.954994,5.21171404534884,4.2718143,5.2452173,4.8637667,4.9342923,5.431624307,5.2362115,5.57511275
1,4,PQLGQQRMNIRBRY-UHFFFAOYSA-N,OCNT-2312355,5.445475,5.1652791327099985,5.2530613,5.457778883045924,5.50717869477,5.1643863,5.356798921239056,5.456519,5.5396724,5.403987,5.530703,4.90567122,4.7437565,5.09945425
1,4,PQPGOORJZHZVIF-UHFFFAOYSA-N,OCNT-2312303,4.7679763,4.963730316880001,5.0192227,5.158734263460362,4.974724082469999,4.9640636,5.13599708040492,4.3499427,5.0805626,4.9156094,4.978513,4.62372146,4.302269,4.9881815
1,4,PWWVAXIEGOYWEE-UHFFFAOYSA-N,OCNT-0022266,4.9410734,5.252858732560002,5.3023615,5.285495989459196,5.172819045879999,5.175238,5.1673382450937195,5.319316,5.0576453,5.0118146,5.053398,5.019858453,4.844403,5.19839425
1,4,PXPKYKXGURFWCP-RBUKOAKNSA-N,OCNT-2312333,4.8405046,5.247406059659999,5.0192227,5.22682271366278,5.59369424383,5.1643863,5.502677191262725,5.2430296,4.8973722,5.0555716,5.134218,5.51412108,5.387988,5.6267855
1,4,PYIWSJVAJVCDJD-UHFFFAOYSA-N,OCNT-2309448,5.606877,5.37102085277,5.822221,5.816088712112525,4.990700291700001,4.93168,4.6320755229063435,5.4509296,5.475877,5.593644,5.5720835,5.825900875,5.72293525,5.92187175
1,4,PZCFPGPPPJQMQI-UHFFFAOYSA-N,OCNT-2312952,5.3968883,5.445115716050002,5.220596,5.422906672358506,4.903710317839999,4.42196,5.0617262056147325,5.574422,5.0196776,5.3347445,5.3341017,5.27642778,5.18231025,5.366895
1,4,QAWUYFWCXHGPBK-UHFFFAOYSA-N,OCNT-2309430,4.440558,4.851549688799999,4.373769,4.727087119959258,4.490435293430002,4.5074077,3.9600095567745153,3.8185964,4.4190273,4.2107763,4.2748733,2.657626473,1.14860425,3.7647785
1,4,QBYDWUJJEQGRNB-KZUDCZAMSA-N,OCNT-2317783,5.0383635,4.58838127125,4.773824,4.721929545691647,5.194214934999998,5.086091,5.269695095879703,4.9604254,4.8295474,5.015474,5.0231957,5.659574443,5.54055725,5.7874255
1,4,QIHYSNAOCJNIRD-UHFFFAOYSA-N,OCNT-2312607,5.225358,4.813944826270002,4.778957,4.835725354702757,5.273835450819997,5.493587,5.4264572756799,5.2900414,5.4877906,5.115476,5.3428984,4.878171885,4.728522,5.0275935
1,4,QLJSPTQLWJJXDU-UHFFFAOYSA-N,OCNT-2310094,5.2845283,4.728492243289999,4.616082,5.027320778597887,5.569874759889999,5.2995853,5.22368226112785,5.324588,4.87184,5.2807684,5.003644,4.625363453,4.3915625,4.9263205
1,4,QLLOUHZUDAXNSL-UHFFFAOYSA-N,OCNT-2312136,5.7939286,5.655531208869999,5.670485,5.854222888068247,5.2767658638700015,5.1270623,5.600623853732626,5.8523045,5.488527,5.3655057,5.6209326,5.967058107,5.8877255,6.04467075
1,4,QWZDDQDPRVIWED-UHFFFAOYSA-N,OCNT-2309665,6.085126,5.4488520349700025,5.621185,5.661637926626711,5.40437732517,5.0521784,5.308578394042141,5.712083,5.9357204,5.8534765,5.782521,5.392889668,5.284828,5.49828875
1,4,QXPYQRMVAGAKQV-UHFFFAOYSA-N,OCNT-2314706,5.6636896,5.59967540289,5.239521,5.627587296630995,5.677268510999999,5.3405566,5.826908210296652,5.938113,5.5045023,5.517235,5.6057005,6.074837122,5.99966925,6.15259375
1,4,QXRYBUZYONFBEB-UHFFFAOYSA-N,OCNT-2310141,5.016046,4.990504787150001,5.0529485,4.407903051237388,4.89021721273,4.912003,4.970720419057739,4.941925,4.726064,5.047808,5.0798335,3.85430554,3.37775625,4.2881645
1,4,QYFXAYDDKNNFAP-UHFFFAOYSA-N,OCNT-2314461,4.77525,5.023212417669999,5.0859365,4.710278114241339,4.515742803649999,4.410403,5.034750504223895,4.6257906,4.7594995,4.777103,5.0731936,3.335483357,1.5084605,4.02498175
1,4,QYYRMTOPCBSSFG-UHFFFAOYSA-N,OCNT-2309586,3.9669952,4.275176612639999,4.5629454,4.26044075535401,4.60583155028,5.177246,5.087149071754346,3.8929045,4.71922,4.2968087,4.6892233,2.63697236,1.09698725,3.79981475
1,4,RAMYBWRNVKSEGW-UHFFFAOYSA-N,OCNT-2316266,3.9131498,4.501763062029999,4.3299704,4.671637713516174,4.5049241093,4.912003,4.537039979103568,3.4700265,3.7784705,3.840313,4.137477,2.59212288,1.11123775,3.8353225
1,4,RBVFRCIGZGGBTF-UHFFFAOYSA-N,OCNT-2311889,5.4222064,5.1533344387,5.1657143,5.127813183824611,5.064641228250001,5.0423856,5.058419177976125,5.30209,5.300554,5.321337,5.4568076,5.406839628,5.2663845,5.52573425
1,4,RCUPFXKTPISMDD-UHFFFAOYSA-N,OCNT-2313366,5.162295,5.1489943266900005,5.066217,4.864458856202018,5.2178222368,5.2237654,5.219895872534824,5.1139584,5.156342,4.9860673,5.2152395,5.423312147,5.32770075,5.51164275
1,4,REFJWTPEDVJJIY-UHFFFAOYSA-N,OCNT-0436875,5.2740936,5.023095870829998,4.8100295,4.512114742214339,4.449824272740002,5.2295723,4.806618330646343,5.3084874,5.8049593,5.3443995,5.3075266,5.249563868,5.15387525,5.3281875
1,4,RGCVKNLCSQQDEP-UHFFFAOYSA-N,OCNT-0022119,4.7923713,5.04248088425,5.0839005,5.169332336259681,4.2855041509400005,4.6585226,4.516549349263681,5.1399055,4.8585668,4.8961034,4.994072,5.40955026,5.2874675,5.5361805
1,4,RGPSYPNIQMCKJL-UHFFFAOYSA-N,OCNT-2312735,5.37718,5.627234892290002,5.6146646,5.501032323865352,5.096850085669999,5.2237654,5.058230338382399,5.289083,5.47441,5.3643193,5.591295,5.361970285,5.18815425,5.49072375
1,4,RJXPZBSDBSSSRE-UHFFFAOYSA-N,OCNT-2314462,6.1317286,5.413505640699999,5.3788457,5.161375184981797,5.51824828391,4.7186193,5.473556948877761,5.8186464,5.5263114,5.644496,5.6989083,5.02937702,4.843191,5.216357
1,4,RMUCZJUITONUFY-UHFFFAOYSA-N,OCNT-2328890,5.228258,4.80441128402,5.383049,4.688142395569977,4.762562588239998,4.8755755,5.164889742754424,5.4886217,4.461297,5.271368,5.2395663,5.037293535,4.8525835,5.219532
1,4,RNOXAHDIXCUOSV-INIZCTEOSA-N,OCNT-2310393,4.57688,4.662542176240001,4.3532987,4.468076390082675,4.1226929289899985,4.676256,4.323130180024816,4.447098,4.9237795,4.7626762,4.8405046,3.75245673,3.23733875,4.2869545
1,4,RNTOIGRBODRYSF-UHFFFAOYSA-N,OCNT-2315765,4.7964315,4.476221876859999,3.2014291,3.887864069744867,4.515688102450001,4.6071076,4.056698532605849,4.718133,5.074392,4.814163,5.0794897,5.507745453,5.3963015,5.60921375
1,4,RPMBYTWWNQIVRU-UHFFFAOYSA-N,OCNT-2317789,5.256014,4.865992045920001,5.0421467,5.1000524284276185,5.004794784110001,5.493587,5.469448109066489,5.164197,5.344843,5.436094,5.2842975,5.546292627,5.35754425,5.7104235
1,4,RPSCLEMAMVXMHA-UHFFFAOYSA-N,OCNT-2318680,4.789409,5.077394000900003,5.0192227,4.951873520054214,5.053961986809999,4.9640636,4.956309437020948,4.944121,4.9205894,5.148634,5.0589204,5.309533675,5.1898385,5.412356
1,4,RQGVCACJTCSQTN-UHFFFAOYSA-N,OCNT-2308470,5.6743565,5.4645411283600005,5.3331265,5.440810006248687,4.875458720540001,4.6964965,5.248356511049311,5.7923226,5.1468825,5.6046615,5.5032516,5.107489447,4.972475,5.2167005
1,4,RQZMYCXAAQBDIN-UHFFFAOYSA-N,OCNT-2313469,5.489043,5.065567132499999,4.981877,5.398888754737281,5.31060667748,5.115859,5.508979686952401,5.2201643,5.498685,5.360833,5.444997,5.471783767,5.37030075,5.56906125
1,4,RRLNFLKKTZKLGB-UHFFFAOYSA-N,OCNT-2310088,4.944003,5.226311142810001,5.2857904,4.559645895367983,4.746016534940001,5.3638287,5.168066002431719,4.8227777,4.574286,5.3034496,5.5471735,5.749697375,5.65747925,5.84186325
1,4,RSPCESQETIRETP-UHFFFAOYSA-N,OCNT-2310409,4.6268563,4.914348655110002,4.9659424,5.130711405679416,4.52240156572,4.7808585,5.038364222473117,4.2061195,4.9568133,4.7574115,5.100145,5.165969945,5.0121675,5.29462725
1,4,RVQWHLPCLPJWRR-UHFFFAOYSA-N,OCNT-2315326,5.580785,5.383991112320003,5.4016623,5.102741666417515,4.996621987709999,4.854856,5.161771526940828,5.5046506,5.542847,5.5381784,5.545581,5.691970162,5.5888755,5.7945
1,4,RVTZNVLWCXLJPL-UHFFFAOYSA-N,OCNT-2314148,4.9572415,4.687381899790001,4.778957,4.744827120066295,5.041395251600001,4.735567,5.059231345179183,4.9789214,4.592804,4.858333,5.007364,4.62330209,4.40838925,4.90190375
1,4,RWKORWAMCYMUGF-UHFFFAOYSA-N,OCNT-2309854,4.7247353,5.12909457228,4.5224032,5.027727608523823,5.008637784470001,4.976475,5.1505664989449915,4.7316813,4.970519,4.879737,5.1055326,4.007750837,3.577536,4.29101125
1,4,SDEJVIVIPUCEPS-UHFFFAOYSA-N,OCNT-2317195,5.41045,5.274539643090002,5.312614,5.223849023514386,5.38310302444,5.3405566,5.333432733271737,5.2894588,5.1213746,5.354977,5.323145,5.566309087,5.45688575,5.67193075
1,4,SESFRYSPDFLNCH-UHFFFAOYSA-N,OCNT-2328565,5.8069515,5.475297213870002,5.4908333,5.632362516461484,5.312536876329998,5.276876,5.299829660374932,5.8084674,5.324411,5.9623957,5.695367,4.116783042,3.7634505,4.45348075
1,4,SGRUQKVKQPCRHR-UHFFFAOYSA-N,OCNT-2315600,5.0486574,4.893990124179999,4.9590044,4.702710398791281,4.942439073929998,4.796563,4.944805093721293,4.9566164,4.192199,4.6809483,5.0456424,4.124337697,3.79071775,4.543578
1,4,SMUXAFUMKFMQDV-UHFFFAOYSA-N,OCNT-2308998,5.6510406,5.6026085357100035,6.073565,5.836317914759712,5.297787865100004,5.2359047,5.011179930970511,5.492564,5.318167,5.4520717,5.6334305,6.262584408,6.17750775,6.34723425
1,4,SPFTVLLFVMGJJE-UHFFFAOYSA-N,OCNT-2309503,5.813984,5.36244960597,5.2979226,5.214088715919457,4.851831671999999,4.874885,4.80181251690274,4.9977126,5.6256332,5.5463853,5.390546,5.269682055,5.07875625,5.42611025
1,4,SSTBQYZOJAYQSM-UHFFFAOYSA-N,OCNT-2318628,4.258325,4.867815809860002,4.969132,4.5000949286198955,4.109450781879999,4.6844683,3.9645928464549978,3.8941686,4.537986,4.4411693,4.796629,3.903030512,3.45840375,4.4009945
1,4,TVVHIDPDFJESIK-UHFFFAOYSA-N,OCNT-2311630,4.214849,4.570561388790002,4.688465,4.274573830705874,4.37023740092,4.9640636,4.758592495078458,4.198579,4.0326347,4.5498214,4.460659,2.297180992,1.0637975,3.67196025
1,4,TWLZOWYTDJYARI-UHFFFAOYSA-N,OCNT-2318185,4.455808,3.419709949179999,3.123791,3.53621416510904,4.543816205800001,5.0941076,4.922510780863075,3.9896364,4.8585906,4.5715866,4.4587164,5.050444355,4.86693975,5.23307825
1,4,TXHULZCABKAZOB-UHFFFAOYSA-N,OCNT-2316255,4.0187674,4.445162718440001,4.6378775,4.667435336546958,4.355223211920002,4.9640636,4.629824463618962,3.986862,4.828224,4.361896,4.6011004,3.676461167,2.8834395,4.14455875
1,4,UAIHEGUYIALJPU-UHFFFAOYSA-N,OCNT-2311815,4.804215,5.117867268740002,5.242178,4.916521394192962,4.462779670190003,4.4346514,4.506021607002891,4.760734,4.852126,4.637679,5.024438,4.80665934,4.57039,5.07569475
1,4,UBNYRXMKIIGMKK-UHFFFAOYSA-N,OCNT-2328702,5.542207,5.349781837180002,4.910488,5.678100441967302,4.866976068910002,5.039356,4.957588556448027,5.3224893,5.594106,5.682147,5.7371516,5.310094333,5.22720775,5.3905935
1,4,UBQFGIHFQCAKOP-UHFFFAOYSA-N,OCNT-2317340,4.167097,3.737448371260003,3.7479942,3.869594788085364,4.6754491825199995,5.05246,4.583223052631315,3.9054697,4.120534,4.124876,3.9350994,2.099288893,1.05825225,3.4932585
1,4,UEAQTSBMPDYYBH-UHFFFAOYSA-N,OCNT-2310670,5.5670667,5.002241894140002,4.701249,5.172775923498791,5.609748203440002,4.906107,5.67995396129867,5.5106664,4.9203877,5.446599,5.5474224,5.914179695,5.8110685,6.01139025
1,4,ULOBBAQXDYDAIA-UHFFFAOYSA-N,OCNT-2314688,5.250882,4.7575914316100025,5.5757747,4.999682409974637,4.95166759898,5.150646,4.943408715079608,5.147014,5.1912456,5.202707,5.122507,4.951358575,4.78540925,5.14331775
1,4,UPXGGHRKRPLSDF-UHFFFAOYSA-N,OCNT-2317538,4.8152127,4.940482106850001,4.916642,4.549340209533823,4.693176242820002,4.7616363,5.104023904042773,4.4784985,4.880068,4.8706503,4.9258547,4.292626017,3.95900775,4.7819235
1,4,UQLMYDHDHBCGQO-UHFFFAOYSA-N,OCNT-2311179,5.65801,5.423324551690002,5.510335,5.651996299367636,5.412634724139998,5.175238,5.24819272772817,5.4448366,5.601365,5.629568,5.7034054,6.361276157,6.27359475,6.44889125
1,4,USKDSEPSXFSQII-UHFFFAOYSA-N,OCNT-2312480,4.1260195,4.783267650500001,4.785069,4.409990496845242,4.4366473051399975,4.8077154,4.335390926168463,3.9424562,5.0641313,4.5662956,4.5384502,4.557807162,4.3726705,4.8104405
1,4,UXUSWHDYXLIZIY-UHFFFAOYSA-N,OCNT-2313963,5.0771985,5.194284039429999,5.226669,5.3890042902991215,4.7925772685400005,5.177246,4.965767039901749,5.151936,4.879074,5.0545273,5.2339664,2.320936362,1.0729855,3.64662075
1,4,UZNUUAMSRUJWQX-UHFFFAOYSA-N,OCNT-2312594,5.07923,5.258559475889999,5.2496457,5.036253244357069,5.069119207020002,5.070038,4.87620698408463,5.1628647,5.276813,5.1767764,5.1627693,5.717458035,5.6417475,5.79225275
1,4,VCDIWEJDASRNMH-UHFFFAOYSA-N,OCNT-2314695,5.4734707,5.478032993149998,5.8585186,5.924081521203613,5.328685720580004,4.651099,5.33683949898221,5.602435,5.899108,5.482044,5.479634,5.186929785,5.0021465,5.34763225
1,4,VJVGJIVCJVERKD-UHFFFAOYSA-N,OCNT-2317458,5.388387,5.316356629730002,5.6329546,5.4019284268670935,5.354311252330001,5.175238,5.300980326672154,5.3060575,5.301125,5.3600683,5.4574866,5.589169127,5.4541615,5.708851
1,4,VMQVPAMNFSTCAC-UHFFFAOYSA-N,OCNT-2314207,5.1436615,4.8456416906600035,4.919191,4.973988952081445,5.160182464700001,5.054121,5.5498442552899325,5.250609,5.3043118,4.776693,5.0937853,2.075823873,1.0432465,3.21058325
1,4,VNXDVPIEKLJBAE-UHFFFAOYSA-N,OCNT-2316559,5.440574,5.273738912270002,5.3924055,5.316162154427383,4.991433427060001,5.1072116,5.368190319617013,5.3506165,4.744429,5.3091927,5.4615583,5.341833525,5.23803625,5.436346
1,4,VRIJJQIANJTUDW-UHFFFAOYSA-N,OCNT-2310840,5.2937236,5.2697449839,5.4684806,5.4078083346367,4.697886722510001,5.039356,5.233442819862178,5.1571493,5.2683024,5.2410393,5.0312967,5.460887015,5.327391,5.57249225
1,4,VSLIUWLPFRVCDL-UHFFFAOYSA-N,OCNT-0498430,3.7519867,4.92353728084,4.596788,4.892023070736815,5.390503969340001,5.389084,5.046965161873762,4.4125276,5.018601,4.6299567,5.1240015,5.76834609,5.4231955,6.07579525
1,4,VTTXKWNUEYBJHG-UHFFFAOYSA-N,OCNT-2311783,5.5412617,5.368427791620002,5.3069663,5.158925160287642,5.308647925990001,5.345181,5.322081015165744,5.4212,5.496469,5.469244,5.4068465,5.76846985,5.680404,5.8510315
1,4,VUODWNPUQSCMQY-AWEZNQCLSA-N,OCNT-2316025,4.796514,4.923240411509999,5.029129,5.230830810376617,4.421110098230002,4.912003,4.430351580792485,4.5705414,4.994285,4.842432,5.001866,5.166115375,5.00052775,5.3012245
1,4,VUPKSBXFZNHHPW-UHFFFAOYSA-N,OCNT-2313833,4.036001,4.523616992080001,4.4929256,3.6509327736902217,4.229435847040002,4.5074077,4.4010064544684,4.005764,3.6939914,4.1978507,4.2068286,2.738524978,1.17873675,3.83445925
1,4,VXLPXEUDXOBHBR-UHFFFAOYSA-N,OCNT-2318141,3.7395792,3.52818832343,3.5814564,3.829443805744128,4.436198466030002,4.8448935,4.501442502513369,3.286145,4.1122622,4.370616,4.260771,5.184162373,4.9692545,5.37678825
1,4,WCXGBOSREZEJPV-UHFFFAOYSA-N,OCNT-2312358,4.9874306,4.582211716750001,4.554876,4.260502441543281,4.717958887799999,4.9475403,5.134514725282772,4.8284063,4.8409686,5.19392,5.0470734,5.39763518,5.24172,5.53145125
1,4,WFLMYIUCCYBMSV-UHFFFAOYSA-N,OCNT-2310207,6.0028744,5.28648273913,5.313612,5.349099781528938,4.86327496576,5.3638287,5.177269642429965,5.714172,5.412572,5.5235066,5.7392573,5.171987592,5.0299845,5.308365
1,4,WFOQWXUHYHWBNS-UHFFFAOYSA-N,OCNT-2317875,4.19152,4.4535283135000014,4.4303803,4.227559887680832,4.498051669480001,4.5857296,4.135941645768858,3.5996037,4.301508,4.077572,4.196069,4.61034801,4.44465375,4.8236805
1,4,WGLOMJBEIXDVFC-UHFFFAOYSA-N,OCNT-2314757,4.4860296,5.05208212626,4.822874,4.6233944738577,5.552288028470001,5.175238,5.3242072056791905,4.0980797,4.952018,4.7173657,4.931422,5.951268233,5.8665155,6.03349225
1,4,WGYQLXGWKYLPFA-UHFFFAOYSA-N,OCNT-2312906,5.5854754,5.32225644925,5.275969,5.103416880208541,5.2283212833500015,5.03545,5.04736219579255,5.4688315,5.133633,5.468147,5.490351,5.886630562,5.80714675,5.96457075
1,4,WIKYUJGCLQQFNW-UHFFFAOYSA-N,OCNT-0022268,4.7795773,5.050308021879999,5.0839005,4.9373866893502125,4.979738544500001,5.0858874,4.930032259107386,5.182908,4.6678586,4.8888206,4.958729,5.477508187,5.407097,5.550604
1,4,WIOGBWBKPRSVRX-UHFFFAOYSA-N,OCNT-2312971,4.9113555,5.09053766619,5.0544543,5.414496819096776,4.886768143820001,5.2843237,5.246574052593851,4.9819913,5.1924295,5.0569305,5.325815,5.10658165,4.90138875,5.285288
1,4,WJSGRZXGMIBXIR-UHFFFAOYSA-N,OCNT-2316303,5.2606444,5.238441561740001,5.1722016,5.021696530556351,5.401413931660003,5.2995853,5.001264777034514,5.262336,4.9954605,5.30543,5.3465233,5.642760345,5.5330695,5.75670875
1,4,WNBIMBZYKXPHFP-UHFFFAOYSA-N,OCNT-2313103,3.9811525,4.447353807660001,4.6903424,4.319852363869525,4.8805067721199995,4.707725,4.955801975726369,3.5540497,4.063143,4.2924676,4.3450594,4.68350962,4.4684985,4.956299
1,4,WROCZHPTMZEAPU-UHFFFAOYSA-N,OCNT-2309518,5.047084,4.888758812649999,4.2537804,4.738624274916397,4.493757768630001,4.182868,4.734671556324722,4.0373774,4.8204,4.9746985,4.9932013,4.999545695,4.83336825,5.15588025
1,4,WXHNIZSHBMNFPP-UHFFFAOYSA-N,OCNT-2315252,5.683952,5.5529615982500005,5.152221,5.696688956868951,4.787118489639999,5.2386403,4.957702661429718,5.47278,5.445647,5.3767905,5.6675096,7.13108756,7.0407755,7.22257275
1,4,XDIJGISKACAZPE-UHFFFAOYSA-N,OCNT-2310449,5.2936277,4.9060066872300006,5.312614,5.08712329518486,5.307308319010001,4.9640636,5.272237527533233,4.7318854,4.9354134,5.257418,5.183251,6.25329774,6.120507,6.3843355
1,4,XDVDNBRVUSUIJC-UHFFFAOYSA-N,OCNT-2310175,4.60231,5.1937263328700025,5.1025896,5.091851430490775,4.835211360789999,4.775509,5.105139510842044,4.7550855,5.1434784,5.054389,5.0907226,4.999786098,4.787108,5.157265
1,4,XEMCUDAQPISXBU-UHFFFAOYSA-N,OCNT-2315996,4.750777,4.289628315780002,3.919974,4.289055699782693,4.366906631170002,4.410403,4.3970235916505915,4.205137,5.1329846,4.8578606,4.930585,4.43614745,3.87774425,5.2365375
1,4,XGUUIGANFHYZOD-GXSJLCMTSA-N,OCNT-2308871,5.233838,5.225463252030002,5.245041,5.368257917154681,5.112814308730002,5.1224947,5.284765699543811,4.868591,4.5798054,5.1070576,5.275391,5.284392625,5.15024725,5.38431725
1,4,XGYAFYBIRHLQJD-UHFFFAOYSA-N,OCNT-2315849,5.377793,5.210941094549998,5.1314383,5.2294092309652465,5.232718887479998,5.1115575,5.412417145839745,5.338882,5.362667,5.366168,5.461765,5.453021312,5.361827,5.53793
1,4,XKOYXYRROUYVSA-UHFFFAOYSA-N,OCNT-2309734,4.578496,4.0613204665700025,4.898469,4.24661862785178,4.793437745210002,4.5857296,4.9744137169426645,3.9368558,4.5263104,5.0133934,4.854513,5.255905082,5.1034195,5.376052
1,4,XPIXQQFKIMODLQ-UHFFFAOYSA-N,OCNT-2314248,5.5389204,5.517463906869998,5.785663,5.260092769786295,5.05327145505,5.039356,5.271124751236476,5.406886,5.506065,5.510105,5.211349,5.615187175,5.4547955,5.7830715
1,4,XRRIJYHEWNMUKI-UHFFFAOYSA-N,OCNT-2317961,5.741034,5.120716304039998,5.4072695,5.254599191110573,5.456496852959999,5.3743715,5.413532251841087,5.9248743,5.6903625,5.8810887,5.6070704,6.157135228,6.035287,6.27410525
1,4,XSCGXQMFQXDFCW-UHFFFAOYSA-N,OCNT-0022254,5.453538,5.261690823130001,4.8233266,4.7467894224234355,5.058634048710004,4.954994,5.219767425989406,5.5958357,5.20051,5.435969,5.3580422,5.40609378,5.31427575,5.50120225
1,4,XTVIKJOVFIRMPE-HNNXBMFYSA-N,OCNT-2312517,3.9537477,5.209369422140003,5.5268116,5.123060711843188,4.7238159375499995,4.287356,4.137103866645139,3.3335395,4.1682506,4.134574,3.4367447,5.095803242,4.95790775,5.2221015
1,4,YFWYLSQWPNJHAE-UHFFFAOYSA-N,OCNT-2310250,5.2469277,5.70402108935,5.352362,5.245405916038378,4.723620645570001,4.8913074,4.880123882901204,5.363703,5.539312,5.3060355,5.35942,6.15710088,6.067354,6.24594525
1,4,YJEOFBYOQKLGBO-UHFFFAOYSA-N,OCNT-2316031,4.20685,4.619295556690001,4.5386667,4.6824914211233555,5.0143963662900015,4.8633647,4.933549424983059,4.3589087,4.376882,4.3832316,4.668563,3.791733778,3.1162585,4.2195465
1,4,YLTHQMNZJFHTGP-OCCSQVGLSA-N,OCNT-2316881,5.048628,4.99907366918,5.044417,5.124938768071055,4.8853896730200015,5.0097456,4.498657160794527,5.5873704,5.0869737,5.1950192,5.291962,4.214956133,3.8663265,4.763707
1,4,YLVWRHXAIJGXAY-UHFFFAOYSA-N,OCNT-2313122,5.9070597,5.604581893900002,5.508989,5.886276712558849,4.4600209512900015,4.182868,4.642771181348952,5.831088,5.3363953,5.7285557,5.6863375,6.820619263,6.73601575,6.90963025
1,4,YMMCUIRZEYIPCT-UHFFFAOYSA-N,OCNT-2313644,4.9395285,4.51886923312,4.359482,4.5679057878270415,4.78143896698,4.796563,4.857415455849627,4.651539,4.8996835,4.895769,4.9186535,5.472312683,5.3093955,5.65413625
1,4,YPJWXDAJVYLBMX-UHFFFAOYSA-N,OCNT-2312161,4.857904,4.8091394031200005,4.599723,4.871930626245048,4.431117663040001,4.901052,4.152541745130881,4.6480794,4.593497,4.6242075,4.6896806,5.06015934,4.90644525,5.23929975
1,4,YQKLTNOXGTYSOG-UHFFFAOYSA-N,OCNT-2315045,4.256549,5.004576242959998,4.210388,5.003567926835857,4.5810916778,4.8633647,3.884304505180161,3.7738223,4.201532,4.457095,4.1778355,5.39669672,5.1967965,5.59788125
1,4,YSSKRKGSPNCGTM-UHFFFAOYSA-N,OCNT-2314259,5.580316,5.131518104010001,5.297503,5.346657153893435,5.692189041539999,5.617934,5.707361778788279,5.3193364,5.108626,5.3117194,5.4196415,4.806075,4.6665225,4.95817025
1,4,YTAKQHOGKBKZCK-UHFFFAOYSA-M,OCNT-2309736,4.794604,5.0708348361,5.0523853,5.170377606119715,4.548817791790001,5.177246,4.658461953534307,4.7470613,4.437744,5.071498,5.1268415,5.024121013,4.88474725,5.1521525
1,4,YTHQORBRSQJECM-UHFFFAOYSA-N,OCNT-2317097,5.585033,5.340430687689999,5.3303328,5.504004719650031,5.440196224889999,4.7364626,5.670066425365071,5.5726924,5.3837895,5.6506696,5.4020605,5.1434787,4.96116925,5.3002145
1,4,ZAFLASWCWZQRCU-UHFFFAOYSA-N,OCNT-2312749,5.1436896,5.217856985329998,5.044417,4.974732271847126,4.953351660750001,4.874885,5.102629005506007,4.542423,5.4691987,5.0306735,5.1375647,5.683443213,5.56124975,5.78490475
1,4,ZAJBAXYKTFWDPK-UHFFFAOYSA-N,OCNT-2311935,5.079805,4.957097682180001,4.658661,4.560293265702264,5.2264986435,5.175238,5.269522583050831,5.117522,5.161084,5.135616,5.137773,3.07186669,1.3997635,3.89744075
1,4,ZDZLABUIOYHHDH-UHFFFAOYSA-N,OCNT-2315214,4.1696486,4.5423686981500015,4.587967,3.881815751110325,4.729620133640001,4.4835987,4.5401028910639205,2.9724474,3.2753997,3.5910835,3.094255,3.804000157,3.19650175,4.2592095
1,4,ZEWQUBUPAILYHI-UHFFFAOYSA-N,OCNT-0022246,4.808574,4.856843360830001,4.9426484,4.6420777233722585,4.409124833900001,4.036545,4.368360951116621,5.0662303,4.971712,5.0082507,5.068541,5.40455451,5.2970825,5.51208
1,4,ZFXKUGZDRRZDIF-UHFFFAOYSA-N,OCNT-2316883,5.3265915,5.080644773530001,4.9951167,5.112364370595562,4.687452283340001,4.9640636,5.01979775694523,5.0317516,5.312894,4.95568,5.1883535,4.957356735,4.78570375,5.08531675
1,4,ZIZLYISNLNUGDD-UHFFFAOYSA-N,OCNT-2313221,4.997352,5.59346284498,5.517739,5.241029654762586,5.565227310120004,5.2995853,5.111505225963147,5.1556377,5.4727182,5.2154202,5.318425,5.029824152,4.863267,5.170402
1,4,ZJVULRBHOWBNCB-UHFFFAOYSA-N,OCNT-2309292,4.319257,4.714838298040002,4.8063393,4.681850875214752,4.27845845303,4.182868,4.39553216895036,3.7650924,4.4095073,4.4166594,4.7199016,4.535458238,4.31629525,4.83024875
1,4,ZMADJKCDAFJXQB-UHFFFAOYSA-N,OCNT-2311790,5.437997,4.762912660969999,5.14279,5.02636035325882,4.46690324813,4.182868,4.807467991350279,5.148197,5.624273,5.393664,5.3423204,5.863156632,5.7410675,5.9974815
1,4,ZNVAMOPQLIAHRK-UHFFFAOYSA-N,OCNT-2317360,4.5873256,5.5238465442199995,5.592765,5.652204771385043,5.509055109740001,5.389084,5.278493127997234,3.8358798,4.352227,4.404123,4.878401,5.994423402,5.90120875,6.09031925
1,4,ZPEIMTDSQAKGNT-UHFFFAOYSA-N,OCNT-0022294,5.4444995,5.32580952046,4.9645786,4.824912165942728,5.2015675339000005,5.2995853,5.2342445887914915,5.6791654,4.845773,5.2443886,5.3075743,5.038514985,4.8975745,5.156047
1,4,ZPUJZAHPZRJNIC-UHFFFAOYSA-N,OCNT-2309093,5.3411617,5.119137089570001,5.3232827,5.443882382823061,5.323576304770001,5.175238,5.483227907407196,5.4932117,5.4211445,5.2716804,5.383925,5.021856983,4.8676765,5.148082
1,4,ZWHJALIOCAVQTQ-UHFFFAOYSA-N,OCNT-2312434,4.4513054,3.34977406927,3.7686427,3.636949200199648,4.178690688720002,4.594765,4.545263604405658,4.1837554,4.234008,4.469631,4.5021167,5.34806219,5.22462525,5.4555435
1,4,ZWRLXEBVMZHHPI-UHFFFAOYSA-N,OCNT-2310699,5.366079,5.624044391350001,5.9777904,5.920183210930625,5.28765956255,5.1115575,5.238750362022542,5.347197,5.44532,5.3736362,5.423863,5.026189213,4.84425975,5.1610655
1,4,ZXXMWZBQFMKETN-UHFFFAOYSA-N,OCNT-2312103,5.3667336,4.595261980080001,4.8219953,4.555492145615939,5.629440857899999,5.1643863,5.4248993315259195,5.512578,4.805985,5.005918,5.2184916,3.432893792,2.5330485,4.03106325
1,4,ZYHCLMXABMVVCB-UHFFFAOYSA-N,OCNT-2318671,5.6585493,5.38702246744,4.9569716,4.866165982803253,5.098590716470001,5.143658,5.064193950129122,5.574459,5.578956,5.993917,5.793442,6.926975918,6.845939,7.00979675
2,0,AAPHOXBNRLQGES-UHFFFAOYSA-N,OCNT-2315503,4.6462326,5.11419760017,4.5442076,4.988362443355791,5.122878610450001,5.1668468,5.444134091315746,4.7662024,4.7841864,5.060969,5.362585,5.117787312,4.906878,5.28717475
2,0,AKKOBRZLXBWVCY-UHFFFAOYSA-N,OCNT-2310962,4.6466103,5.1162778640000015,4.13651,4.984444883344372,5.4877713751299995,5.1385827,5.004333929476386,5.217201,5.095187,4.8772306,4.7369356,5.41027239,5.30851825,5.502325
2,0,AMOYXGDFGWGGLF-UHFFFAOYSA-N,OCNT-2312604,5.330448,5.312699972029999,5.0645685,5.298944491438565,4.444329499110001,3.7739394,4.210253087631326,5.101639,5.1757436,5.0916796,5.139936,5.749749935,5.658147,5.84535225
2,0,AMWPMSHAYVPOHP-UHFFFAOYSA-N,OCNT-2313799,5.535675,5.4083551846299995,5.108234,5.496831397775075,5.107649754179998,4.812359,5.261784433202573,5.4461665,5.9123325,5.2955847,5.373421,5.82772761,5.7263405,5.93594125
2,0,ASFKKFRSMGBFRO-UHFFFAOYSA-N,OCNT-0498030,4.9900007,5.462713542440002,5.145678,4.883752864507317,5.185434046200003,5.4736104,4.962358319209511,5.0605617,5.556397,5.0252376,5.227217,5.100591315,4.88077725,5.2876495
2,0,AUGRFJVNNHVTMY-UHFFFAOYSA-N,OCNT-2310932,5.0178747,4.386087006890001,4.54221,4.407014087900164,4.571096939590001,3.780896,5.550408741707424,5.392549,4.8080897,5.3615427,5.3074284,6.030363112,5.90572325,6.16081475
2,0,AVLOASHADGUSOL-UHFFFAOYSA-N,OCNT-2314381,5.300396,4.94963157554,5.2228136,5.158297720252931,5.263483519259999,5.675224,5.515781585801309,5.573013,5.154935,5.503773,5.3378205,5.607921522,5.471155,5.7351245
2,0,AXVQIXKVNSXPGM-UHFFFAOYSA-N,OCNT-2315791,3.9760618,4.717673374099999,4.8002024,4.698011051289359,4.497639707090002,5.207866,4.698278105055601,4.08792,4.3169746,4.592045,4.486594,3.18947587,1.5311505,3.93705225
2,0,BFNGDQTXXVPZKU-UHFFFAOYSA-N,OCNT-2308908,4.6135235,5.13011870463,4.7144437,4.631134667697025,5.0491549548500005,5.592552,4.967450659463319,4.5938745,4.1791635,4.8891973,4.866306,4.97390783,4.79596925,5.1146645
2,0,BFVHBFKLFDSHNI-UHFFFAOYSA-N,OCNT-2316119,5.4230623,5.10997212074,5.145678,5.100287399926762,5.140655680990001,5.4664116,5.127499464917645,5.5273943,5.8810716,5.254768,5.247457,5.76913948,5.6865305,5.854704
2,0,BHUFDPNGRHXYJZ-UHFFFAOYSA-N,OCNT-2313032,6.042053,5.474965199470001,5.273698,5.235255518589802,5.488356285250003,5.3782587,5.625348503878958,6.007004,5.3618636,5.5992537,5.846482,5.241748822,5.08682775,5.37551725
2,0,BKGANTPWEMJJDM-UHFFFAOYSA-N,OCNT-2312342,5.485972,5.4091674265600025,5.253692,5.735646771129202,5.219117626120002,5.6438665,5.147790391465752,5.7379837,5.1853056,5.498641,5.5342474,5.584115377,5.469705,5.694302
2,0,BKMSQAJQQBZOME-UHFFFAOYSA-N,OCNT-2312817,4.788505,4.878629236970002,4.4698253,4.48362134675612,4.852699643439999,5.233053,4.741979186081696,5.0153923,4.6615696,4.8734426,4.7847195,5.219426888,5.06026625,5.37217275
2,0,BMCXMTGFFJFTPX-UHFFFAOYSA-N,OCNT-2311030,3.9284377,4.81255940837,4.8146253,4.844191095117502,4.782000609909998,3.9364328,4.9390774294624515,4.307388,3.5039697,4.4741154,4.7132382,5.26911858,5.1179075,5.41354175
2,0,BNKYBQJOBDPSSN-KZMQIFKDSA-N,OCNT-2315282,4.474358,4.898692401700002,4.9737773,4.946736721899396,4.73514181221,4.883866,5.055743156041545,4.823526,5.5537353,4.81374,4.910086,5.581384543,5.421961,5.73396475
2,0,BQUBFWBDFIHVTK-CYBMUJFWSA-N,OCNT-2315340,4.219266,4.867594439249999,5.116555,5.308872748769649,4.78756709083,4.650257,4.513671738287316,3.5928051,4.8957314,4.652239,4.72345,4.016106385,3.630725,4.49723625
2,0,BSJXRLCVGOHZJM-UHFFFAOYSA-N,OCNT-2314812,5.343954,5.16926086713,5.3008304,5.387544143752378,5.2399466413799995,5.489112,5.445105764241191,5.435513,5.4255404,5.1081486,5.459227,5.780750562,5.68059,5.883413
2,0,BTFMCMVEUCGQDX-UHFFFAOYSA-N,OCNT-0022269,4.6899247,4.89047227766,4.9684353,4.848221234114377,4.200395522119999,4.1027555,4.225861320411266,4.74663,4.5476284,4.6396546,4.5745907,4.861767925,4.7202285,4.974073
2,0,BTIVUGONCMEKNX-UHFFFAOYSA-N,OCNT-2312592,4.853585,4.837829985010001,4.4593496,4.577588772931869,4.765845405210002,4.919303,5.071725976283217,4.9294963,4.7608037,4.9934187,4.9162765,4.889644845,4.72966725,5.04798325
2,0,BVCKJGVIXOMZBW-UHFFFAOYSA-N,OCNT-2317192,3.8245196,4.488056362419999,4.6219664,4.244531495852985,4.53574399732,4.4627733,4.227294732166995,3.928099,3.4421787,4.1084,4.170744,3.38951854,2.36340725,4.01675
2,0,BVPRAXPGVAOBHM-UHFFFAOYSA-N,OCNT-2312969,5.9404593,5.340022703500001,5.1493945,5.202174335385538,5.384591153329998,5.8248935,5.3334077777868645,5.8879156,5.7962165,5.583477,5.9465075,5.576840012,5.459109,5.69599125
2,0,BVZPBARCGQEFOO-UHFFFAOYSA-N,OCNT-2315174,4.6601253,4.955598032850002,5.1927724,5.037881190101308,5.196838052740002,4.8731713,5.368584600926264,5.2784743,4.790576,4.628558,5.2828865,4.517059267,4.31614375,4.8114245
2,0,BZNCPWPEWCQLQO-UHFFFAOYSA-N,OCNT-2311136,5.431834,4.993826657490001,5.0817914,5.257815690382611,4.99854738793,4.87486,4.834223535988095,4.881451,5.6947875,5.2749314,5.5100894,5.130911812,4.98250575,5.2561575
2,0,CDQDNPHFGYWSOR-UHFFFAOYSA-N,OCNT-2311331,4.808841,5.173497927350001,5.3002725,4.809309522298441,5.01760673876,5.3487077,5.349182440880139,5.150987,4.203333,5.0319176,5.1272907,4.51486617,4.3167955,4.80004825
2,0,CEPJBSAWUZGPOV-UHFFFAOYSA-N,OCNT-2310686,3.9584308,4.77058655132,4.8002024,4.809331018403122,4.322444931270001,3.9281232,4.59588885120268,4.2336583,4.337989,4.4984226,4.3714933,4.579245375,4.38336675,4.842146
2,0,CIFMMEDLNIKOGG-UHFFFAOYSA-N,OCNT-2315627,4.632431,4.90743825881,4.925862,4.8536496855778735,4.87362266998,5.144618,4.951114895155243,4.3754373,4.515221,4.7613916,4.8693542,2.201957522,1.079212,3.546472
2,0,CJEBHGVZWZPWSG-UHFFFAOYSA-N,OCNT-2309004,4.800675,5.06577520172,5.2868547,5.208450363867867,4.73556608418,5.03289,5.024033727414825,5.266492,5.2302413,5.0685153,5.1198826,4.85597139,4.6519145,5.08054425
2,0,CLSZSOXETXFYPQ-UHFFFAOYSA-N,OCNT-2309804,5.1262255,4.715797586370001,4.8037066,4.220533008445641,4.905479541330003,4.37214,4.87850272763105,5.154091,5.2918096,5.1115365,5.096086,4.593093738,4.264139,5.03676625
2,0,CNWNYMZJQYJSMP-UHFFFAOYSA-N,OCNT-2314408,5.961881,5.4652092103,5.343417,5.32207414209213,5.15025615004,5.1476455,5.296808281766946,5.689311,6.0033073,5.6107926,5.901009,5.046927207,4.8496825,5.211427
2,0,COGRYNSHDIJCGF-UHFFFAOYSA-N,OCNT-2315870,3.4915159,5.248513854290001,5.1179895,4.8474459630740245,4.793670712330001,4.2412043,4.468462065723182,3.923116,2.6935437,3.805294,3.6516767,2.2748737,1.07044875,3.61916175
2,0,CZCHIEJNWPNBDE-UHFFFAOYSA-N,OCNT-2328931,5.916337,5.276420298229999,5.5295525,5.236546747402553,4.784834935580001,5.480918,4.73743210245573,5.5751376,6.27009,5.8064146,5.487146,4.867967003,4.7584735,4.97171675
2,0,DAZULYSTDCFGOM-DZGCQCFKSA-N,OCNT-2314468,5.51621,5.173282739560002,4.9737773,5.1754752990545185,5.132422132690001,5.601098,5.270201382636557,5.382934,5.6812196,5.219336,5.3867774,5.948517677,5.852614,6.04099325
2,0,DBEMDJCSEVHWPT-UHFFFAOYSA-N,OCNT-2313532,5.15862,4.832900478810001,4.8843303,5.41879816475724,5.520120589040001,5.656342,5.801505128976589,5.4797916,5.4922523,5.1761904,5.1062574,6.87456773,6.794196,6.95733775
2,0,DCBIPDXNVYUXEE-UHFFFAOYSA-N,OCNT-2310488,5.0721188,5.269959336520002,4.8868623,5.312765992896332,5.252625134340001,5.122978,4.816176920202979,5.197029,5.0136747,5.069968,5.324397,7.520682635,7.4068485,7.63654325
2,0,DCHLTHRVRAMZBP-UHFFFAOYSA-N,OCNT-2316515,3.8148718,5.094264684740002,4.6787605,4.807971180826068,4.458833010260003,5.0096464,4.255524575058069,4.1180563,3.9010422,4.643875,4.5304694,5.442236985,5.27070175,5.5912145
2,0,DFMJHQYUJLHBAJ-UHFFFAOYSA-N,OCNT-2313361,4.9901137,5.106720871709997,4.3326316,4.456324231026892,4.8267890051,5.4775786,4.920326263918259,4.6851516,3.9870386,4.84191,4.532875,5.117560838,4.9422965,5.294745
2,0,DFXDAVJGERHEEO-UHFFFAOYSA-N,OCNT-2313450,4.6781707,5.047542459000002,5.012944,5.092379844261434,4.50948291316,5.4117227,4.8458982224270875,4.9699755,4.2851105,4.572381,4.320052,4.267403875,4.0119295,4.65255575
2,0,DHNZZMXDGCZABY-UHFFFAOYSA-N,OCNT-2313567,5.096616,4.438419983420001,4.464277,4.6427911610677,5.257693256649999,5.1769757,5.451044307234441,5.4943566,4.6683826,4.976608,4.9775095,6.993996538,6.907625,7.082275
2,0,DOAQIMHBTYEUKO-UHFFFAOYSA-N,OCNT-2317504,3.0520473,4.186304142060003,4.2000155,3.726552355578612,4.07811868329,4.0898485,3.904192516968368,3.4141164,3.3005943,4.0132885,3.4346385,2.827367675,1.127795,3.9357825
2,0,DXGLGDHPHMLXJC-UHFFFAOYSA-N,OCNT-2328317,5.7389174,5.48589101441,5.344042,5.205571669257789,5.512939082760002,5.6125007,5.5818899603159915,5.540948,5.9909697,5.631004,5.7624874,5.214993472,5.080957,5.33354125
2,0,DYUYVURCSOVEDN-UHFFFAOYSA-N,OCNT-2311071,3.0963974,4.292636922590002,4.528017,4.161610057836189,4.764003621590003,4.3175173,4.475017357289354,3.3527129,2.8094494,3.973092,2.9869003,2.120016,1.0596825,3.21901475
2,0,FAIPFRSDTGEWBZ-UHFFFAOYSA-N,OCNT-2314306,5.531546,4.927550844530001,5.1788263,5.311385629668024,5.006329312709999,5.2486153,5.193058534247019,5.0395427,5.819845,5.441289,5.245489,5.410053963,5.25082525,5.54232125
2,0,FEGBIJFBCXKVFZ-LSDHHAIUSA-N,OCNT-2309038,4.0870175,4.343865521210001,3.6330974,4.426151426197993,4.774412118259999,4.448003,4.6047881321598805,4.3347764,3.4473114,4.187343,4.1029444,3.131129773,1.271777,4.0219715
2,0,FELGMEQIXOGIFQ-UHFFFAOYSA-N,OCNT-0495277,5.0048304,5.098656535450001,5.3911586,5.193042341280077,4.952110262600001,4.080104,4.460639371186731,5.0599217,5.3449097,4.9836187,4.91239,4.98720785,4.7788455,5.17666625
2,0,FFUUTFSVGYKNPU-UHFFFAOYSA-N,OCNT-2315864,5.137274,5.120368470070002,5.073175,5.13131914624161,4.70697160741,4.987674,4.579777924228323,5.078283,4.543496,5.1384635,5.2701664,5.211624103,5.162526,5.26504025
2,0,FGUQAYRHKXYOTM-UHFFFAOYSA-N,OCNT-2309846,5.637026,5.474310954350001,5.587654,5.399741884918858,4.938273626300002,4.56333,4.971466773668043,5.1377687,5.472566,5.4207287,6.129288,5.503999183,5.36935925,5.62534125
2,0,FHAJACFOFHBTNN-UHFFFAOYSA-N,OCNT-2316229,5.5206203,5.6091397876099975,5.90497,5.85271665811519,5.39002643764,5.2742953,5.335564480043168,5.604839,5.1329765,5.5019574,5.424487,5.477150375,5.30274725,5.640479
2,0,FHXLUKSIGDILGD-UHFFFAOYSA-N,OCNT-2317986,4.1600575,4.900806383340002,4.9747405,5.541962832734194,4.03055656668,4.7919254,4.048919650163322,4.419918,3.6320696,4.4306965,5.109311,5.04027082,4.83988575,5.2431435
2,0,FLKYDMSXMXMDMV-UHFFFAOYSA-N,OCNT-2308748,3.7272835,4.674203233379999,4.504321,4.744587027274583,3.82157588836,3.8064659,4.114245451060557,3.7026916,3.8175461,4.159922,4.235884,4.508949242,4.2942295,4.8146065
2,0,FNNRNBHDBIXRDM-UHFFFAOYSA-N,OCNT-2313105,4.1350284,4.856372479779998,4.5902686,4.4914048939591344,4.797672574439998,4.720087,5.099427970551741,4.7353654,4.8337274,4.5647182,4.6245823,4.86686844,4.7125785,5.049418
2,0,FPLPOQIKBRHTGT-UHFFFAOYSA-N,OCNT-2318243,5.5399733,4.880219477370004,4.939617,4.412092913441961,5.084978312430001,4.9753804,4.871353505620689,5.4041896,5.628098,5.1789527,5.354184,5.775349813,5.6580795,5.89752625
2,0,FTALBRSUTCGOEG-UHFFFAOYSA-N,OCNT-0493842,5.9813623,5.387426382369999,5.2185893,5.6034852918945806,4.510016265430001,5.111776,5.341215610773573,6.128803,5.8544226,5.6611934,5.5996723,5.50240846,5.3835175,5.60970175
2,0,FUPCGDHQCWFYSS-UHFFFAOYSA-N,OCNT-2311219,5.8708982,4.837925361649999,4.900306,5.226271081671914,5.464654027020003,5.352504,5.45568640193732,5.6833816,6.052778,5.6508303,6.03228,5.22138842,5.05958,5.351391
2,0,FVFLRSYMSIUFPX-UHFFFAOYSA-N,OCNT-2311808,4.584621,4.3312634911600005,5.1184287,4.378817013782252,4.189446377090001,3.8238676,4.058802262550681,4.117654,5.214685,4.9072514,4.8688927,5.225217865,5.16800925,5.28649125
2,0,FXKCHSYNXXKFEX-UHFFFAOYSA-N,OCNT-2311148,4.6070175,5.1203386809500016,5.2590327,5.137123471098716,5.088353803450001,5.1772866,4.534502792417505,4.613772,4.759877,4.749344,4.848357,4.59512341,4.39045925,4.87458725
2,0,FXXYHKSHHGBPFH-UHFFFAOYSA-N,OCNT-2308758,4.4452934,5.17172637521,4.8057528,4.922481691685689,5.103105992789999,4.782275,5.159309924742918,5.1870637,4.460313,4.3563404,4.5001807,3.942125723,3.5131115,4.55593225
2,0,GAKRGWAPRJAYRP-UHFFFAOYSA-N,OCNT-2317441,5.012419,5.23533611012,5.2325373,5.052452554387284,4.73726193107,5.070167,5.326774314326291,4.9150014,4.6692233,5.093663,5.218141,4.77191227,4.6111635,4.94981325
2,0,GCIKBYNGPPOSAR-UHFFFAOYSA-N,OCNT-2308808,4.7602916,4.972390384069998,4.278626,4.8153839804541185,4.36922013984,4.053746,4.81661069723152,5.169587,4.740029,5.019075,5.172747,3.846529133,3.423197,4.363946
2,0,GENBLLCBSGBWSV-UHFFFAOYSA-N,OCNT-2308860,5.941405,5.537777110690001,5.273698,5.62638153201679,4.81572005654,4.7507725,4.654339339716296,5.7215586,6.285504,5.6676483,5.9407005,6.142259447,6.04347,6.2389275
2,0,GFEPSUUSADSVOE-UHFFFAOYSA-N,OCNT-2310451,5.494212,5.2413213681499995,5.4312167,5.372237992599843,4.814763419650003,4.7969666,5.271890884706653,5.1156335,4.911237,5.2552776,5.4029026,5.790230268,5.68838925,5.8901475
2,0,GFMXIBGNFZXSSH-AWEZNQCLSA-N,OCNT-2317673,5.0881104,5.238958696130001,5.351545,5.3689560516637815,5.218583565400001,5.384064,5.200533935077157,5.2179065,5.447946,5.076851,5.1743817,4.7768957,4.564995,5.02174325
2,0,GGBBLNXTXLEKSN-UHFFFAOYSA-N,OCNT-2310551,4.6154428,4.76344216532,4.958912,4.790114982502772,4.566715709310002,3.8028407,4.064209229509929,4.4814916,4.4869556,4.5913424,4.777446,4.043277885,3.5669645,4.81209875
2,0,GMIKJTNOLKWHIN-UHFFFAOYSA-N,OCNT-2310380,5.3241997,4.950326555649998,5.124204,5.056921990118579,5.243582488900001,5.392323,5.705707650422139,5.4134126,5.3908157,5.1018815,5.2349553,5.203664612,5.04565125,5.320574
2,0,GNISWTDOTOKUKH-UHFFFAOYSA-N,OCNT-2315752,5.736106,5.41401942415,5.073238,5.093389213829804,5.13503363914,4.7052846,5.157377176173544,5.5135794,5.5999327,5.564488,5.7217307,5.561341582,5.46801675,5.6478075
2,0,GNTSXTHXPJNZFL-UHFFFAOYSA-N,OCNT-2311830,4.506509,3.97412382571,4.675604,3.706210567837143,4.8034588106900005,4.850015,4.427354736576336,4.4884377,3.8768246,4.169245,3.6833057,3.06206888,1.250663,3.8943605
2,0,GPSBNWGJJJFJOP-UHFFFAOYSA-N,OCNT-2314068,4.488491,4.743169645880003,4.83367,4.256447900262942,5.171952146389998,4.9190097,4.833328862422542,4.552182,4.4050255,4.5044036,4.4576607,5.458361225,5.30898,5.5979305
2,0,GQZZKRNBYZPRCE-UHFFFAOYSA-N,OCNT-2311669,5.800804,5.6307201227200006,5.4664073,5.3235160628376965,5.273401101800002,5.363499,5.05348461752379,5.5820336,5.9672966,5.5915704,6.1949577,5.786506378,5.659126,5.90862275
2,0,HBWZWUOQIKNJHR-UHFFFAOYSA-N,OCNT-2316669,5.980236,5.526618096670001,5.9474583,5.666709530302152,5.6154919438399995,5.2266817,5.977964384375982,6.026713,6.3003855,5.6109843,5.787737,5.596873645,5.4178825,5.767717
2,0,HDLIXSKRCXKJND-UHFFFAOYSA-N,OCNT-2310046,5.0071955,5.076866666719999,4.9295783,5.151568378042543,4.776458672200002,4.9612675,4.931352702030947,4.963701,5.565347,5.188869,5.2235656,4.89550261,4.7069005,5.09397175
2,0,HEOCBCNFKCOKBX-SDNWHVSQSA-N,OCNT-2328969,5.4706993,5.291342726610001,5.2032037,4.662151928501262,4.884418119270002,5.380924,5.163477466998251,5.284685,5.65472,5.4242034,5.4158254,4.288918308,3.98832075,4.772507
2,0,HNNQRKVHGGLWAB-UHFFFAOYSA-N,OCNT-2311559,5.661884,5.304180512130001,5.444,5.421251000185868,5.23029749476,5.1682634,5.682629445718876,5.547866,5.721617,5.347915,5.7025266,5.563636198,5.49328775,5.63438275
2,0,HRGHCIWBUYKSCA-UHFFFAOYSA-N,OCNT-2315226,5.063746,5.4305665670200005,4.691805,5.031443822377738,4.4221336010600005,4.217705,4.138261851955932,4.252754,5.0933776,5.0411606,5.0209336,4.922043265,4.7804455,5.080091
2,0,HTGKQRBTDIZKDR-UHFFFAOYSA-N,OCNT-2318257,5.1159368,4.827319300610002,5.052458,4.613504302927325,4.885708392490002,4.545038,5.005904682157475,4.6086354,4.8414254,5.0705442,5.065478,5.716133747,5.62012975,5.8141135
2,0,HUZQULPZWZSFBK-UHFFFAOYSA-N,OCNT-2314674,5.2338824,5.274564098930001,5.38069,5.491974700937453,4.948162116740002,4.9689093,5.255008899036576,4.950852,5.258597,5.367164,5.7008324,5.114508545,4.92966525,5.283402
2,0,HZJAEDMXWJCPPZ-UHFFFAOYSA-N,OCNT-2309246,5.691028,5.07609097352,5.0208316,4.974596135868026,5.034549447459998,5.3045316,5.266400625418444,4.994743,5.476383,4.9525514,5.3326626,4.57543194,4.24114775,5.0436905
2,0,HZJWQJHQWQCMTO-UHFFFAOYSA-N,OCNT-2315296,5.503852,5.2516629601,5.47705,5.662600888244303,4.917158571920001,5.0970488,5.025614836703687,5.3574233,5.182385,5.3689184,5.7836432,6.090674255,5.99829925,6.1821715
2,0,HZLYLHRUOYWQJU-UHFFFAOYSA-N,OCNT-2312650,5.683463,5.7350214576799985,5.4802423,6.153758152660276,4.813177898620002,4.884364,4.904498834938165,5.270286,5.9934196,5.260399,5.8432426,5.475444322,5.22842225,5.696661
2,0,HZNBGOJIRVQVMT-UHFFFAOYSA-N,OCNT-2310610,4.723611,4.58239067898,4.8966246,4.228824786993305,4.85209755317,4.7120357,4.79839341932173,5.063562,4.510105,4.6989512,5.0330844,4.411099625,4.12573975,4.8369445
2,0,IAPQKELLCZVBPB-UHFFFAOYSA-N,OCNT-2316726,4.2079234,4.36354634262,4.0062766,4.47718130474303,4.755952773910002,4.557522,5.1661767012056625,4.9774556,3.9733696,4.1655407,4.0930233,3.934375442,3.47482425,4.4035715
2,0,IAUITTZWSOAVCK-UHFFFAOYSA-N,OCNT-2316204,4.898015,4.95458900891,5.601707,5.497137300072676,4.73939106439,4.099665,4.995017107200218,5.390704,4.851497,4.909441,5.216788,5.071397317,4.89592,5.2207025
2,0,IDDNPFILCTUATL-UHFFFAOYSA-N,OCNT-2308747,5.4464126,5.854397071010001,5.4813824,5.555182627192976,5.4051998980999985,5.300782,5.284573934912676,5.4652996,5.1947823,5.211907,5.405254,4.901963337,4.72406125,5.06818075
2,0,IELFWVPJXBLMTQ-UHFFFAOYSA-N,OCNT-2309805,5.518178,4.761917015990001,4.735742,4.8384126173132485,4.33599924822,5.4453335,5.221720645310867,5.1766505,5.2408085,5.2523913,5.374219,4.939639675,4.759238,5.125282
2,0,IFDGZZUSIYMRQQ-UHFFFAOYSA-N,OCNT-2311370,4.833886,5.560435476769999,5.514599,5.181045830373029,4.030577861429999,4.3186893,4.226399073988426,4.7962475,4.7879634,4.8780403,5.2008505,5.02688439,4.807038,5.23468125
2,0,IHKQTIHFTGRELM-UHFFFAOYSA-N,OCNT-2314897,4.9475417,4.943519052260002,5.203425,5.135119453263615,5.066651643280002,5.196977,5.472009071894134,5.4649506,4.547858,5.264871,5.2997317,4.984620122,4.79931725,5.12088075
2,0,INDBQLZJXZLFIT-UHFFFAOYSA-N,OCNT-2328329,4.9780374,5.02878876727,5.273698,5.069904260191642,4.8620381023100006,5.452402,4.954849371680823,5.1490235,5.8307743,5.1185875,5.018895,5.681076177,5.62288975,5.7407215
2,0,IOBKGDZZBKRYCG-UHFFFAOYSA-N,OCNT-2315064,3.512858,4.359090256780002,4.5713167,4.414101154371182,4.429550962670001,4.7293267,4.358739963506333,3.6580317,3.910944,4.1150546,3.7401896,3.243709095,1.39234775,3.99179625
2,0,IOSPKZIADFJWQW-UHFFFAOYSA-N,OCNT-2316840,4.3032856,4.7318572573400015,5.1220994,4.570430158488745,4.726706176990002,5.52934,5.050114167454006,4.571024,4.316388,4.5388174,4.3483043,2.65809104,1.11251025,3.811474
2,0,IPAJNZRDKHKVHD-KBXCAEBGSA-N,OCNT-2315008,5.1107774,5.072570021190002,5.216248,5.209170674314289,4.914496925840003,5.243599,5.373028224303108,5.1179886,4.7338104,5.1480207,4.8387704,4.313483523,4.06743675,4.649451
2,0,ITXBLKBOOLVAGY-UHFFFAOYSA-N,OCNT-2309536,4.804025,5.249309840469998,5.141284,5.171651025552007,4.48497391549,4.1367373,3.9860212377362583,4.654064,3.857336,5.0220284,4.832684,5.18596381,4.97678925,5.40604325
2,0,IXIWLXFULLNPDO-UHFFFAOYSA-N,OCNT-2311574,4.7203403,5.13016724596,5.400581,5.061414964887973,4.836097618159999,4.923062,4.773180038093952,4.991741,4.7647653,5.1955304,5.433316,4.795568815,4.294924,5.1695415
2,0,IYIKLHRQXLHMJQ-UHFFFAOYSA-N,OCNT-2328496,5.247243,4.930645236909999,5.1863356,4.99829432641974,4.097322707170004,4.718374,4.480022861955143,5.010284,5.0203075,5.3464236,5.162687,3.997762027,3.52266325,4.55751375
2,0,JAHCDTOPQPDPHN-UHFFFAOYSA-N,OCNT-2315030,4.754653,5.381905176599998,4.8936534,5.404244014390824,5.357537914970002,5.4311547,5.132342676946617,5.002558,4.6056566,4.7984524,4.8945193,1.999050187,1.04638875,3.35540025
2,0,JBLWNFFRBGGQRJ-UHFFFAOYSA-N,OCNT-2308571,5.4682426,5.623209616020001,5.0988603,5.360151860373209,5.29675515861,5.004555,5.664418419089469,5.603236,5.514175,5.475953,5.7176657,5.564723962,5.4222075,5.69536475
2,0,JCRWIUYNTZFETH-UHFFFAOYSA-N,OCNT-2310083,4.1454277,5.077814698179998,5.1734924,5.1562303985058024,4.631393639360001,4.793529,4.819078577599749,4.3391047,3.9183917,4.446108,4.4368434,5.383637797,5.24671975,5.50266225
2,0,JDDRHSYXLOMPDH-UHFFFAOYSA-N,OCNT-2316001,4.6110425,4.318285557279999,4.735577,4.977344877859653,5.268872819510005,5.6764674,5.132064620312255,5.001774,4.7925425,5.0575223,5.088095,5.572693235,5.44809775,5.6866475
2,0,JHNSUBHCHVVGQI-UHFFFAOYSA-N,OCNT-2308554,4.6343794,4.853128053780002,4.925862,4.733309781703381,4.924473038899999,5.309103,5.126800762853091,4.3650155,4.7277822,4.4746537,4.4610343,3.235258265,1.60911525,3.9932845
2,0,JICCVDIDAFNKEU-UHFFFAOYSA-N,OCNT-2313913,5.5401735,4.848341630870003,5.033876,5.070717066295902,5.4218562863300015,5.238374,5.343112749029464,5.6265273,5.343288,5.187659,5.6282377,4.69094824,4.44877825,4.96381425
2,0,JOVSAVNPGWRRBL-UHFFFAOYSA-N,OCNT-2308857,3.9839115,4.675405019850001,4.7555137,4.150956933468611,3.9877576018,4.99797,3.698395266183688,3.7829127,4.7051616,4.581676,4.5017047,5.046667327,4.945502,5.12796175
2,0,JPKNAFFCNYNTAM-UHFFFAOYSA-N,OCNT-2316494,4.8957176,5.051512033239999,5.052458,5.20634156944532,4.8752738580200035,4.7018795,4.468415663710486,4.8202486,4.909446,5.0489297,4.9563737,5.04772748,4.85061175,5.24598075
2,0,JSJHAJURFVUFKI-UHFFFAOYSA-N,OCNT-2313886,4.4489174,5.1346846907499994,4.584986,4.6835189374211,5.182178830040003,4.953647,4.92351392349671,4.6086426,4.7147717,4.876186,5.112539,4.82344904,4.62677275,5.0382535
2,0,JVDGAKHVFVRQPJ-UHFFFAOYSA-N,OCNT-2316159,5.917912,5.515102794650002,5.1559544,5.064456393641311,4.824317310269999,5.133148,4.850354763678185,5.0970755,5.815922,5.179746,5.553506,5.371748315,5.22745375,5.5058465
2,0,KFZXVMNBUMVKLN-UHFFFAOYSA-N,OCNT-2328764,5.6127353,5.468236663020003,5.3209734,5.452832211709611,4.717441440540002,5.0377502,4.610519597669497,5.43296,6.104057,5.4939733,5.501835,5.4731902,5.2918485,5.647609
2,0,KKZJGLLVHKMTCM-UHFFFAOYSA-N,OCNT-0493951,3.9434576,3.122703299700001,2.3134506,3.3695394125371227,4.315471656909998,4.6282225,4.377459039679067,4.134869,4.996671,4.313323,4.484618,5.353338098,5.1009275,5.58642375
2,0,KLBQZWRITKRQQV-UHFFFAOYSA-N,OCNT-0022141,5.0171313,4.998029150229998,5.033876,5.07757464462922,4.947509709480001,5.6024528,5.243869496321389,5.319836,4.951517,4.787799,4.605689,4.99798696,4.8811085,5.1165775
2,0,KMSWWUSZWDRAFV-UHFFFAOYSA-N,OCNT-2309850,5.610404,4.673708929120001,4.475873,5.0887882419111286,5.011802189670002,5.475948,5.0776526037845535,5.1751237,5.689744,5.3053975,5.7736735,5.042702487,4.802517,5.22197325
2,0,KXQCKBJACHMFEZ-UHFFFAOYSA-N,OCNT-2311032,4.365962,4.81871397389,4.812809,4.923721494365665,5.008619153790001,4.8763895,4.680625238247538,4.266402,4.095721,4.3519416,4.281062,3.67292722,3.0571735,4.18513975
2,0,KYHFZEMDHMRWCK-IAGOWNOFSA-N,OCNT-2308925,4.8454256,4.581643925699999,4.271976,4.763768677905799,5.172108820860002,5.045679,5.43290821575029,4.9626794,4.624231,4.9976063,5.0332503,5.585823915,5.50701075,5.66837025
2,0,KYLIZBIRMBGUOP-UHFFFAOYSA-N,OCNT-2328946,6.634311,5.345372789970002,5.273698,5.515820862128251,5.220009922460001,5.2087646,5.6534245465720305,6.426759,6.600693,5.945196,6.500292,5.782165655,5.70400425,5.86594
2,0,LBALHOFHHOXUBB-UHFFFAOYSA-N,OCNT-2314528,5.214755,5.116919736910003,5.343243,5.340418018497773,5.2727763532899985,4.986857,4.973340752384477,5.167238,5.39468,5.054202,5.0123086,5.037264623,4.82985825,5.193546
2,0,LDZQHKRZLLIRPS-UHFFFAOYSA-N,OCNT-2318305,5.1876955,4.48272920705,4.7783155,4.369555239342622,4.773082637589999,4.8113737,4.741598020135049,4.3311987,5.1138077,4.7478304,5.125508,5.135640943,4.9852165,5.2601705
2,0,LFYAZSYJXZDHFQ-UHFFFAOYSA-N,OCNT-2316441,5.8169255,4.9092248430800005,4.8668346,5.113048363528798,5.0879027794,4.9713645,5.123659115288694,5.133098,5.7847095,5.2616005,5.685301,4.611475032,4.488817,4.76614425
2,0,LHONXHPIOQMVRB-UHFFFAOYSA-N,OCNT-2314884,5.0219736,5.277054595040004,5.2235947,5.153409353886642,5.194414399379999,4.9477353,4.926187764116,5.2870107,5.290233,5.149829,5.405767,6.840346737,6.72470475,6.9653075
2,0,LJQLDSDTAXHWQQ-UHFFFAOYSA-N,OCNT-2318566,5.176967,4.911631879900001,4.8763447,4.7644487512295814,5.162997172380002,5.6416383,5.280787453767245,5.204447,4.3433523,5.2100673,5.3632655,5.352664358,5.17996925,5.508524
2,0,LPKNBEGSMBPPJL-UHFFFAOYSA-N,OCNT-2317002,4.966718,4.60246495115,4.9796166,4.12261002397222,4.984325433090001,5.323131,4.796337181403444,4.892709,4.222876,5.075543,5.1921043,4.403244358,4.147321,4.77147675
2,0,LPRYCBITNRSRNR-UHFFFAOYSA-N,OCNT-2311094,5.3986096,4.982364811749999,5.1854897,5.314616381733246,5.256345499639999,5.0782275,5.117359273208749,5.572868,5.3550596,5.222232,5.3565054,4.89111082,4.72031525,5.062163
2,0,LTXRCYPELJYQOB-UHFFFAOYSA-N,OCNT-2309443,3.3601441,4.57671076435,4.68313,4.374339094656986,4.180365072399999,4.5353293,4.176747303337737,3.1283145,3.9879732,4.830719,4.1978993,4.876238563,4.63372125,5.05114425
2,0,MAYGNRMRBCYUPW-UHFFFAOYSA-N,OCNT-2315212,5.625518,5.0614201462600015,5.2541366,5.313850120982723,5.190640820490001,5.1382394,5.241618633414176,5.4218245,6.2759533,5.288267,5.557505,5.799003935,5.71947825,5.88065825
2,0,MDPONAVVMIZZRN-UHFFFAOYSA-N,OCNT-2317963,5.1750827,5.183502225890002,4.9257197,4.8864542690247115,4.69735891847,4.595916,5.164135657325462,5.156839,5.6039352,5.0173225,5.2836256,5.39319309,5.260219,5.50653375
2,0,MFQUCJFOGBKLIU-UHFFFAOYSA-N,OCNT-2313912,4.6058154,4.796902383330001,4.4765835,5.323150797638893,5.194896549980001,5.5574055,5.319152732054882,4.9604797,4.978521,4.834731,5.1366158,4.951305708,4.78200775,5.11110725
2,0,MHFIAOUOUHXAKN-YPMHNXCESA-N,OCNT-2312085,5.4928684,4.992822355680002,4.989808,5.219938123121763,5.034166896490003,5.6292305,5.748254974362783,5.3471913,5.234852,5.5742536,5.9134846,6.505120845,6.42238775,6.58652075
2,0,MJHPVHZCXBAKEZ-UHFFFAOYSA-N,OCNT-2312697,4.6654506,4.897720300040001,4.883712,4.837135343289495,5.28652021709,5.4326787,4.882289067568495,4.595741,3.696677,4.4736285,4.4837065,4.78109563,4.58452525,4.977582
2,0,MJSHQBKOOKTKQV-LBPRGKRZSA-N,OCNT-2312760,5.5648212,5.098625179890002,5.0208316,5.208626839442501,5.505363094970001,5.945163,5.76720694727563,5.886433,5.1886387,5.118569,5.712506,5.507424165,5.380073,5.61983225
2,0,MKXKFYHWDHIYRV-UHFFFAOYSA-N,OCNT-1755349,5.016047,5.631503972879999,5.240648,5.075834474561683,4.817140463919998,5.1326966,5.013006277167502,5.0723443,5.714965,4.9366007,5.6265016,5.91949229,5.83127725,6.00924025
2,0,MKZQCDVLIOJVRH-UHFFFAOYSA-N,OCNT-2315194,3.8527613,5.178215151120001,5.108234,4.97619930524713,4.628457343330001,4.2173567,4.703710313772666,4.2324057,4.7175603,4.779208,4.1321464,5.70175191,5.61792775,5.78656175
2,0,MNPGBPBPRIRZDE-UHFFFAOYSA-N,OCNT-2318639,4.2396064,4.807928934790001,4.752175,4.917805869892407,4.2940739401400005,4.782334,4.714588152860156,4.338435,4.0091047,4.6350975,4.6161585,4.919269393,4.75614875,5.079001
2,0,MOEUPKRWJULLIY-UHFFFAOYSA-N,OCNT-2316476,5.376772,5.294244289629998,5.472136,5.64527307698115,5.536453661170002,5.1252584,5.419074710646494,5.326601,6.044958,5.4920316,5.373261,5.687171865,5.543598,5.82495025
2,0,MPDZWCZFJGQWOI-UHFFFAOYSA-N,OCNT-2315236,3.7069695,3.408508042,4.01249,3.615250257327061,3.847783889100001,3.9201846,3.663976186726791,3.5776591,3.0366204,4.2140694,3.9232037,4.907665685,4.63997125,5.19309375
2,0,MQBNKWAHRJKITI-UHFFFAOYSA-N,OCNT-2314886,4.902259,4.57840629216,4.8399854,4.87286591002331,5.2746611675600015,5.3016524,4.909071045590471,5.2307754,4.493928,4.7835164,4.829676,5.09296862,4.86232375,5.3031925
2,0,MQCGKFMBSSLQAT-UHFFFAOYSA-N,OCNT-2310650,5.3600597,5.303946813370001,4.993939,5.258418551064062,5.248169332380004,5.3936567,5.505590120470809,5.183547,5.8756356,5.26146,5.6537395,5.152074687,4.954051,5.29500725
2,0,MQSRMNFIJLKRSM-UHFFFAOYSA-N,OCNT-2310178,5.468261,5.463616371030001,5.7273297,5.4882258511194175,5.573080870320001,5.067306,5.605109696168441,5.8145924,5.393949,5.224953,5.245657,5.977034813,5.86983925,6.0789
2,0,MYNPLOLLAZKXJX-UHFFFAOYSA-N,OCNT-2310944,4.555949,4.795527989590002,4.4426904,4.992944465419931,4.915095192630001,5.5740566,5.46023063235423,5.021564,3.739897,4.2291265,4.3873525,3.258222873,1.53183875,3.99455125
2,0,NADVEOZBBSLZOC-UHFFFAOYSA-N,OCNT-2310913,5.485792,5.36365682077,5.5680575,5.204649747710956,4.935340446450002,5.141274,5.319346498070179,5.1677265,5.553273,5.5656357,5.801592,5.84268185,5.7409985,5.94342425
2,0,NCBDIAFDYAWTPW-UHFFFAOYSA-N,OCNT-2309664,5.3932533,5.440969955119998,5.1725826,5.364632230213042,5.39993110998,5.3873405,5.254415618262236,5.391016,6.0218897,5.4177065,5.5428276,5.571034195,5.38202275,5.72265075
2,0,NDUSXQDVIMTNBB-LBPRGKRZSA-N,OCNT-2317275,5.4734488,5.047565068769999,5.2829123,5.118650596088644,5.34217069093,5.4152503,5.451892424223083,5.5662813,5.5171165,5.3363676,5.5173197,5.650434745,5.56909875,5.740479
2,0,NEGKAPWDJURIMH-UHFFFAOYSA-N,OCNT-2314062,5.897171,5.310015532729999,5.5418444,5.19612098185195,4.797000988329999,4.654968,4.847389547916846,5.521621,5.613012,5.1007032,5.6444745,5.480242963,5.404154,5.5624965
2,0,NHFQFWFPAUMJGJ-UHFFFAOYSA-N,OCNT-2314305,5.1230574,5.1613594643399985,5.3008304,5.196810741568477,5.268345162940001,5.3459516,5.1679779513450335,5.2548423,5.2476916,4.975204,5.149268,5.072082613,4.852054,5.257903
2,0,NLPVWZDQUHNWNN-UHFFFAOYSA-N,OCNT-2311091,6.1528263,5.561914889399999,5.7407837,5.768330381391291,5.343913313539998,5.39914,5.3382717931641785,6.0888624,6.3570065,5.7314296,5.822937,5.19945139,5.016559,5.36173025
2,0,NLXSFVWGDYEQIS-UHFFFAOYSA-N,OCNT-2312504,4.9245496,4.841618232649999,4.86432,4.371256732731529,4.21880644124,3.885847,3.971446180389139,4.434632,4.966418,4.8119287,4.927494,5.382527868,5.2798265,5.4770035
2,0,NMMUSFDWIGXTFN-UHFFFAOYSA-N,OCNT-2315113,4.9871216,4.677573736340001,4.7966743,5.000778376205526,4.402684016500003,4.056905,4.806409712777962,5.086945,5.204919,5.42386,5.4158297,5.132104528,5.028389,5.2236135
2,0,NQPDXQQQCQDHHW-UHFFFAOYSA-N,OCNT-2328958,5.9580393,5.068924000420001,5.178728,5.5033583043101215,5.596420547650001,5.7838945,5.522040557554782,6.0553117,5.6144166,5.4553857,5.2611213,5.63758462,5.52023575,5.74548225
2,0,NQQGFLRQAYNQKG-UHFFFAOYSA-N,OCNT-2312612,5.1825047,4.953072813060001,4.7640953,4.656759892865228,5.17990125104,5.4466715,5.492002707890534,5.3701663,4.785396,5.120293,5.296116,4.620563847,4.41158,4.87041825
2,0,NQSOSDHCVFLRCZ-UHFFFAOYSA-N,OCNT-2310114,5.72798,5.320626810619998,5.2653584,5.505118030159935,4.894152147579999,4.689851,5.66177898852965,5.2839227,5.5355263,5.5509973,5.775703,6.077491923,5.9811365,6.1682615
2,0,NRHPQGFOHHKTNQ-UHFFFAOYSA-N,OCNT-2314083,4.3657727,4.6002168758599975,4.4088306,4.089073668087453,4.875535359079999,4.9458036,4.719491305286124,4.380022,4.7354245,4.366269,4.200822,3.683065297,3.1495515,4.198299
2,0,NSGCRWKYWZTZPF-UHFFFAOYSA-N,OCNT-2315139,4.9510083,5.343013010460001,5.073238,4.962620709751637,4.73757664105,4.50987,4.849655396955428,4.8152947,4.671515,4.8810053,4.7712626,5.262298323,5.1033815,5.39782025
2,0,NWPWJRDPPQHNKN-MEDUHNTESA-N,OCNT-2308707,5.3014307,4.3287386865099995,4.529279,4.254450595948289,4.69855132319,4.5901885,5.409131029920244,5.20552,4.6715527,5.22567,5.0114794,2.098388835,1.0554595,3.245185
2,0,OAESDRNQJDPPPY-UHFFFAOYSA-N,OCNT-2310022,5.064294,5.34799750877,5.2032037,5.211348814217588,4.87052605379,4.7902055,5.292644170266591,4.964907,5.3422894,5.1846833,5.2365546,5.471223128,4.9968685,5.801272
2,0,ODKREHIVWMLQNO-UHFFFAOYSA-N,OCNT-2309658,4.55776,4.49449795045,5.1466737,4.701641583754643,5.140521797809999,4.5949526,4.8921567715086525,4.892067,5.093016,4.470833,4.996492,4.17323028,3.74140025,4.92843125
2,0,ODSCKOHMVPXOCY-UHFFFAOYSA-N,OCNT-2309480,4.3610106,4.55332970646,5.0876465,4.800260262966049,5.071023140800001,4.979942,5.226632200301122,4.7895427,5.2485485,4.377132,4.9363832,3.941705128,3.49129625,4.33738575
2,0,OEMTWSPWCQGRKF-UHFFFAOYSA-N,OCNT-2314202,4.4606276,4.369809879850001,5.354044,4.063701990069557,4.542478449580002,4.342824,4.554404365060901,4.3660574,5.227087,4.6240067,4.7268124,4.98344575,4.834692,5.12869975
2,0,OGQYPPBGSLZBEG-UHFFFAOYSA-N,OCNT-2328970,4.5036864,4.90042881132,4.8818884,5.129519805467239,4.240860412879999,4.300528,4.598727858666158,4.527614,4.4413543,4.1652412,4.5514913,2.344094297,1.05550525,3.719995
2,0,OGVLLYXHLIYWNR-UHFFFAOYSA-N,OCNT-2315965,3.685574,3.76573585365,4.3265915,3.606830778990603,4.5878576955899995,4.187309,4.415260250227033,4.2476068,3.7180696,4.1176434,4.0766077,3.95208176,3.561566,4.48945625
2,0,OHKWOMNIMXUDBU-UHFFFAOYSA-N,OCNT-2313694,4.651825,4.605318023810002,4.361504,4.3578278703832005,5.006795414690001,4.9588866,5.00431859326924,4.468834,4.6487336,4.6182175,4.3995852,5.148381035,4.9534245,5.343641
2,0,OIZIUJHUYPZUHN-UHFFFAOYSA-N,OCNT-2310316,6.015787,5.478708935520002,5.145678,5.68612769524071,5.056739838290001,5.191185,5.085431516879487,5.6999264,5.926677,5.8143554,5.9284124,5.877808642,5.78341375,5.9808605
2,0,OKFLIVSLDROEJN-UHFFFAOYSA-N,OCNT-2315211,4.2151594,4.665615410630001,4.639661,4.786966740716328,5.44832969801,5.474647,5.606652728223414,4.6693096,4.1250243,4.79282,4.2128882,5.726395405,5.64183625,5.812876
2,0,OLKIKNBFLHPWDB-UHFFFAOYSA-N,OCNT-2310981,4.7717323,5.081285740749999,4.925862,5.088187101905405,4.6085062826900005,4.734197,4.436064694149959,5.170019,4.8934665,4.9743776,4.717713,5.367563265,5.26531725,5.46186125
2,0,OLYONISXYQGNEZ-UHFFFAOYSA-N,OCNT-2317300,4.437812,4.81970920882,4.514874,4.541712432053636,4.82036732567,4.7292247,4.549264482814087,4.4652333,4.0189805,4.564789,4.525167,4.63884534,4.46843725,4.850305
2,0,OMJIXWXETCVKHQ-UHFFFAOYSA-N,OCNT-2312831,5.4552407,5.6245740181100015,5.4222746,5.345398496146695,5.435357615309999,4.8427744,5.257546952918294,5.1054926,6.363644,5.129419,5.499685,6.00760839,5.8910395,6.11915625
2,0,OOGUISVCCPNPKO-UHFFFAOYSA-N,OCNT-2314551,4.497783,3.068400327410001,3.1764345,3.5045642255041938,4.117752769410003,4.4558253,4.541061663720151,4.6315618,5.4365044,4.7170453,4.83651,5.4540855,5.33082125,5.56797225
2,0,OPUUOMNWXYQDMA-UHFFFAOYSA-N,OCNT-2312606,4.749843,4.706510179910001,4.9264097,4.689419629019716,4.964075408140001,5.039571,5.060957727426898,4.2360826,4.2851086,4.829484,4.8090053,4.509429705,4.34678,4.73349725
2,0,OQOYJJXISGSEFD-UHFFFAOYSA-N,OCNT-2312189,4.665105,4.5431021325300005,4.493712,4.639784715057538,4.88242016666,4.937812,4.777169526963666,4.876071,4.9139013,4.9459996,4.630535,5.050189797,4.92263175,5.19459675
2,0,OSHMXVGKRHQANF-LBPRGKRZSA-N,OCNT-2311487,5.304554,5.156072926999999,5.0652747,4.999333191655137,5.063853031169998,5.0426016,4.866955118969202,5.1849566,5.3413434,5.2960253,5.277302,5.910242587,5.82055425,5.9996955
2,0,OSIYLOUHGXESDX-UHFFFAOYSA-N,OCNT-2312897,4.2251596,5.071302945110001,5.0645685,4.946855474691915,4.33060395033,4.4142027,4.1888005150166485,4.6195664,4.005809,4.657419,4.4458156,5.052475848,4.865579,5.2124915
2,0,OTSKWPLKWNHXNG-UHFFFAOYSA-N,OCNT-2317832,4.832918,4.431486233390002,4.6914234,4.506045878216998,4.86108963869,5.1872272,4.6672001837388315,4.2718525,4.5575438,4.6813645,4.5815134,4.680251915,4.5005375,4.903005
2,0,OZIGADMZADBKBS-UHFFFAOYSA-N,OCNT-2310093,5.033349,5.24354742361,5.249976,5.446640676696381,5.05368884293,4.5998597,4.696855694688071,4.9129925,5.350759,4.887014,5.1502175,4.994680215,4.61789725,5.27245625
2,0,PHWUOFXXLTWMIY-UHFFFAOYSA-N,OCNT-2308562,5.201839,5.1731588341400006,4.974086,5.036322030646722,4.723991888139999,5.062165,5.232695482626828,5.012141,5.4794326,5.0227838,5.261605,4.911011337,4.71040675,5.11844
2,0,PIKOQLVRUZGZGM-UHFFFAOYSA-N,OCNT-2312418,5.663288,5.2606696506200015,5.2311325,5.3814477330576365,5.401583151939999,4.704593,5.5035142140163735,5.4210544,5.7766204,5.3534737,5.86303,6.818886595,6.74356,6.89697725
2,0,PJTUXNCFVJUKOI-UHFFFAOYSA-N,OCNT-2310526,3.2608628,4.0021940157300016,3.94736,3.9582396791659806,4.35253253987,4.6477118,4.37135342580777,3.6581254,3.7543714,3.751355,3.438567,4.21134372,3.952211,4.53044325
2,0,PLDUPXSUYLZYBN-UHFFFAOYSA-N,OCNT-0022288,4.4824677,4.85751614577,4.9684353,4.900902791047759,4.190025705129998,4.748869,4.340640904261405,4.83452,4.9026093,4.662424,4.6876764,5.388658353,5.287896,5.481964
2,0,PPLFVYMZLYWYGR-UHFFFAOYSA-N,OCNT-2313460,5.410409,5.1913824328499985,5.253692,5.239163624193135,5.284494397650002,4.208335,5.04271712001174,5.577277,4.915046,4.8704143,5.1648073,5.59723241,5.47348825,5.72027375
2,0,PSDQGZLAVGATAM-UHFFFAOYSA-N,OCNT-2312932,5.495245,5.331487531640002,5.12196,4.959966730159141,4.847769061340001,4.7638617,5.004716000651838,5.0918097,6.0891404,5.300109,5.4503784,7.457530822,7.36961475,7.549295
2,0,PTZLOFTYVKXQRY-CHWSQXEVSA-N,OCNT-2317601,4.1999793,4.0982798781800005,3.7534726,4.049794680043178,4.643626796270001,4.689326,4.259903436309922,4.480627,4.59596,4.059849,4.2972174,5.311281385,5.1601995,5.4529115
2,0,PWWVAXIEGOYWEE-UHFFFAOYSA-N,OCNT-0022266,4.7209063,5.201366816390001,5.241215,5.00496271789704,4.910078820459998,4.5847235,5.127766358101818,5.237388,5.3083925,4.804054,4.524765,5.019858453,4.844403,5.19839425
2,0,PZCFPGPPPJQMQI-UHFFFAOYSA-N,OCNT-2312952,5.634276,5.4780334071300025,5.2360063,5.318654779205445,4.971473116960001,5.29673,5.448761810305213,5.507218,5.4687557,5.482431,5.594757,5.27642778,5.18231025,5.366895
2,0,QAWUYFWCXHGPBK-UHFFFAOYSA-N,OCNT-2309430,4.525871,4.774722978809999,4.925862,4.687763515266864,4.511756401470001,4.3599167,4.9319255882271165,4.2551165,4.461912,4.140072,4.936407,2.657626473,1.14860425,3.7647785
2,0,QEYDJXFLJLNZHE-UHFFFAOYSA-N,OCNT-2313367,5.0635667,5.368202622450002,4.82449,4.9532657216348,4.75467265512,4.2528844,4.935288272480465,4.8603177,4.6471,4.8793936,4.6685176,4.348778185,4.15338725,4.61631025
2,0,QHHTXVIQZKULHO-UHFFFAOYSA-N,OCNT-2314946,3.674683,4.04928987797,4.470671,4.210678801987104,4.747958758520001,4.7557487,4.522678241788421,3.7501135,2.9968262,4.042032,3.6026134,2.04147612,1.05176075,3.185483
2,0,QHJYYLQCJBIXOQ-UHFFFAOYSA-N,OCNT-2316906,5.716687,5.327795887789998,5.2812734,5.436117464039564,5.468464121560001,5.4217,5.280387580798947,5.646655,6.020549,5.33322,5.7024536,5.822867073,5.711008,5.93710175
2,0,QKIICPDXFBIHFL-UHFFFAOYSA-N,OCNT-2310801,4.1620045,4.453300553680001,3.5941093,3.842332401115686,4.63279942583,3.9350553,4.6500344875210615,4.0098667,4.565821,4.0360556,4.3844924,4.5183961,4.33625175,4.7562755
2,0,QTNWAPPUIVRJJA-UHFFFAOYSA-N,OCNT-2313224,5.0348988,5.2991588918699986,5.240648,5.22599889346356,4.780190167660001,5.686756,5.101762272631585,5.01535,5.346545,4.87198,4.8321304,5.641844395,5.52374525,5.74853375
2,0,QYYRMTOPCBSSFG-UHFFFAOYSA-N,OCNT-2309586,3.8299396,4.473704812289999,4.6294885,4.535781155663866,4.5288935006600015,4.094445,4.457647501379532,3.9269476,3.932127,4.1012826,4.6894193,2.63697236,1.09698725,3.79981475
2,0,RCBGZWSXEDEAKT-UHFFFAOYSA-N,OCNT-2313872,4.655656,4.553527553059999,4.374359,4.500428956663703,5.093942245310001,4.748214,4.916802884721776,4.4046555,5.297516,4.4264455,4.565132,4.071929785,3.6806365,4.65005625
2,0,RCUPFXKTPISMDD-UHFFFAOYSA-N,OCNT-2313366,5.310367,4.86285678963,5.2541246,4.830019309932783,5.170685478699999,5.2393994,5.4420567172889545,5.1660066,5.248924,5.1556807,4.936201,5.423312147,5.32770075,5.51164275
2,0,RDFSDZSZRPSGPR-JTQLQIEISA-N,OCNT-2312387,5.990913,5.162681925740002,5.5162373,5.462986784483936,5.411055368090002,4.88567,4.929605843539703,5.6436515,5.5648375,5.530444,5.87891,5.229927352,5.0666685,5.38179975
2,0,RGCVKNLCSQQDEP-UHFFFAOYSA-N,OCNT-0022119,4.321136,5.154647516810002,4.9864926,5.344048485934732,4.432467933639998,4.0183043,4.558713052457468,4.8953295,4.6032844,4.524029,4.693492,5.40955026,5.2874675,5.5361805
2,0,RJHVPYKVGPHSDL-UHFFFAOYSA-N,OCNT-2314625,5.3495207,4.7156561562200014,4.811245,4.1677534914720855,5.23584101199,4.800919,5.333452335457527,5.015103,5.47707,5.390338,5.419683,5.575078667,5.46645625,5.67984475
2,0,RJVRSUUZAWJBFO-UHFFFAOYSA-N,OCNT-2308635,4.711783,4.724147886710002,4.7179184,4.704952158769203,4.62690655415,5.2573338,4.970003543882184,5.0328083,4.7341795,5.1177096,5.1756835,5.796193795,5.65829775,5.93163125
2,0,RLGQACBPNDBWTB-UHFFFAOYSA-N,OCNT-2328630,4.0853,5.009274328290004,5.240648,5.110169866554389,4.631313840560001,4.684674,4.645798132831702,4.6962466,4.1797023,4.098702,4.359026,4.6823471,4.60149725,4.764871
2,0,RPMBYTWWNQIVRU-UHFFFAOYSA-N,OCNT-2317789,5.459604,4.934947877919998,4.605598,4.845704968972721,4.937238776109998,5.376375,4.567046490117963,5.0958147,5.6522193,5.1566963,5.540328,5.546292627,5.35754425,5.7104235
2,0,RUAGYLLVGYPLQJ-UHFFFAOYSA-N,OCNT-2315610,5.011603,4.116434676330001,4.518436,4.154569451404677,5.186661955440001,5.1471486,4.9709436999447805,4.873772,5.0272055,4.953548,5.165164,5.16980186,5.00750775,5.298008
2,0,RVQWHLPCLPJWRR-UHFFFAOYSA-N,OCNT-2315326,5.414463,5.19964688913,5.273698,5.336623788002785,5.047227109829999,4.9957614,5.4253932761067665,5.3866515,6.032129,5.326186,5.624284,5.691970162,5.5888755,5.7945
2,0,SCTHNWLHNCWRED-UHFFFAOYSA-N,OCNT-2313565,4.8645873,4.9758655893600015,5.2164235,5.138789049387816,4.9327261661,5.216778,4.821588737403232,4.8658314,5.4345965,4.900678,4.953606,4.798317928,4.63974675,4.98029
2,0,SEADNZVFHOZWAD-UHFFFAOYSA-N,OCNT-2318657,5.0902514,4.9695477679600035,4.6696134,4.79043712153258,5.11500136106,4.7312937,4.681140214454528,4.744701,5.1514096,4.963323,5.458124,4.864228155,4.717181,5.025103
2,0,SESFRYSPDFLNCH-UHFFFAOYSA-N,OCNT-2328565,5.90401,5.430996690890002,5.273698,5.1480637205054265,5.383582924919999,5.7365046,5.0438186250967725,5.762119,5.8910885,5.8434243,6.0745807,4.116783042,3.7634505,4.45348075
2,0,SFHLFNWOCGHDOA-UHFFFAOYSA-N,OCNT-2318103,4.52344,5.023997730440001,4.8064837,4.6724882389211055,4.61176707893,4.592508,3.956831984821796,4.576301,4.3709707,4.4555373,4.3005066,6.007066763,5.88041125,6.13242675
2,0,SGRUQKVKQPCRHR-UHFFFAOYSA-N,OCNT-2315600,3.842342,5.122549924049997,5.194837,4.619330897164812,4.733323874950003,4.5168014,4.7963388303968175,4.8375106,3.500815,4.6575665,4.1351357,4.124337697,3.79071775,4.543578
2,0,SIPWPCZRIOWTLN-UHFFFAOYSA-N,OCNT-2310997,2.673653,4.13898281258,4.018169,3.8441163329223538,4.243820458189998,5.015908,4.537149005006776,3.6078143,3.4783022,3.9334846,3.5431154,3.778208625,3.336603,4.43371225
2,0,SIYLLGKDQZGJHK-UHFFFAOYSA-N,OCNT-2328791,4.361443,4.782458188940001,4.9149384,5.187454337785468,4.527237995910001,4.390272,4.421816085412375,4.366854,3.7752094,4.676422,4.728413,4.550166535,4.4562,4.6718135
2,0,SPIUTQOUKAMGCX-UHFFFAOYSA-N,OCNT-2328663,4.921878,4.903343320150001,4.6290345,4.972411831431155,4.563221250710001,4.435825,4.66308518612188,4.830118,4.85799,4.9966884,5.2746935,5.071095182,4.92003025,5.21305675
2,0,SQHFQMIXPHWDAZ-UHFFFAOYSA-N,OCNT-2317454,4.7417073,4.523578522420003,5.192819,4.487163337942618,5.290481053179999,5.3228407,5.602016200178199,4.8942757,4.4253783,5.0147247,5.0176144,4.986775615,4.7428945,5.18574625
2,0,SQNZLQKMVFUELG-UHFFFAOYSA-N,OCNT-2308829,4.5208626,4.885874307080001,4.979415,4.687853274818368,4.800311156860002,4.7599006,4.559147025979491,4.3015375,4.877826,4.6325507,4.7134657,5.310150098,5.1276615,5.465535
2,0,SRCYGSBGUHRNBC-CZUORRHYSA-N,OCNT-2313098,4.2866616,4.7839771121100005,4.7865753,4.794482104351711,4.7564833600800025,4.773807,5.15737187026023,4.8747897,3.364377,4.8449907,5.1155467,3.662254772,2.94184775,4.11963475
2,0,SRJUQDSPYDJJMF-UHFFFAOYSA-N,OCNT-2310685,4.395907,5.1197876091599985,4.9444437,4.631740090549049,4.379606400200003,4.608556,4.4226336285897165,4.020708,4.6547875,4.8004932,5.085705,4.741125927,4.5658825,4.95286575
2,0,SSTBQYZOJAYQSM-UHFFFAOYSA-N,OCNT-2318628,3.886014,4.872113609579999,5.035941,4.711961774643437,4.120724222699999,4.601913,4.3035469535359,3.9854794,3.7453356,4.5601306,4.591928,3.903030512,3.45840375,4.4009945
2,0,STXKQWKWKKEVLS-UHFFFAOYSA-N,OCNT-2318330,5.748958,5.085502682209999,5.3087764,5.54552455317527,4.785660287979999,4.685103,4.908894627938675,5.5791893,5.8966055,5.4188147,5.396888,5.506707478,5.399362,5.6082375
2,0,SUJQFQJPAWTXTL-UHFFFAOYSA-N,OCNT-2313829,4.3484974,4.539331381700003,4.7091093,4.207070398534118,4.58106785417,4.9021564,4.381543351608517,4.276943,4.250488,4.492212,4.520559,2.85838406,1.21005325,3.85511325
2,0,SURJULAVWQTUDT-UHFFFAOYSA-N,OCNT-2314023,4.670816,4.678901562419999,4.9031653,4.458223198611399,5.1956218303399995,4.9539204,5.223298755830929,4.858079,5.1842666,4.840058,5.1221237,4.92848564,4.6847745,5.0484325
2,0,TWIRHCAHDDBYNY-UHFFFAOYSA-N,OCNT-2318549,5.877944,5.4148836551800015,5.178728,5.639472787564231,4.8314910573,4.567293,4.7695775294143195,5.825993,5.781106,5.643095,5.629982,6.633153952,6.53062975,6.734771
2,0,TZHCGVRZHACKPM-UHFFFAOYSA-N,OCNT-2308866,5.7017345,4.981421194840001,4.5899606,4.819023067257056,5.0127865769500035,5.168875,5.569302647593154,5.359034,6.032631,5.609055,5.776587,4.71698677,4.5006475,4.993365
2,0,UAIHEGUYIALJPU-UHFFFAOYSA-N,OCNT-2311815,4.343039,5.115326614830001,5.052647,4.9280872969338505,4.452319657470002,5.3639245,5.240502830798826,4.6046405,4.7365494,4.8049316,4.744539,4.80665934,4.57039,5.07569475
2,0,UBQFGIHFQCAKOP-UHFFFAOYSA-N,OCNT-2317340,3.8256497,4.079099182819999,3.1910765,3.768559602985543,4.781184974199998,4.7853217,5.152495270427893,4.0294256,3.8978968,4.0494103,3.9017878,2.099288893,1.05825225,3.4932585
2,0,UCDSFAPQQRUDTJ-UHFFFAOYSA-N,OCNT-2313368,5.8194246,5.922690533680005,5.4813824,5.548298375529679,5.414513390440002,5.4900875,5.224730928944784,5.654984,5.9732747,5.7521048,5.960184,5.305833905,5.132369,5.4548015
2,0,UHKMGEDTTFFMSI-UHFFFAOYSA-N,OCNT-2314135,5.2422466,5.5228378515199985,5.4222746,5.0662731906212395,5.435394956269999,5.406763,5.129825244406759,4.9749317,5.919756,4.9359674,5.144442,4.879882067,4.64686475,5.14853175
2,0,UHULZKUAQVSGMS-UHFFFAOYSA-N,OCNT-2314879,4.8408227,4.9659174854199994,5.0699873,5.057554838564065,4.946013307499999,5.557983,4.9125032187119055,5.107222,4.7291865,4.960104,5.1127634,5.227320898,4.3091175,5.82181525
2,0,UIPHQHVWOXUIQY-UHFFFAOYSA-N,OCNT-2312376,4.949811,5.1864715750000006,5.3197694,5.331949332766991,5.42661887697,4.9089684,5.38235964752322,5.2335896,4.443596,4.775551,5.3049293,5.614288072,5.49165525,5.7223325
2,0,URDLEVJEFQHTIJ-UHFFFAOYSA-N,OCNT-2314966,4.542478,5.055213045530003,4.925862,4.871385591416791,4.890704929040001,5.994688,4.75144228905781,4.8555145,3.7505898,4.582642,4.563858,3.411878885,2.15026825,4.00309225
2,0,UWGSRPLGVVOCMK-UHFFFAOYSA-N,OCNT-2309950,5.311771,4.778467942559999,5.384544,5.369562946161581,4.935288780970001,4.971312,5.567091001363742,5.3917174,5.281177,5.319877,5.5426283,5.480999648,5.372205,5.5872185
2,0,VDNLFJGJEQUWRB-UHFFFAOYSA-N,OCNT-2328824,5.4667034,5.194045203769998,5.225105,4.949170893536227,4.404821704300001,5.3185964,4.99655771302148,5.766202,5.888632,5.6570697,4.8117585,5.378572777,5.32389975,5.44273975
2,0,VDVCOXFUTIBICX-SJORKVTESA-N,OCNT-2316811,4.3612804,4.93058000439,5.3829436,5.05655832227104,4.629493832580001,4.49773,4.28660632850054,4.438322,5.2344904,4.4921985,4.5185375,4.652445265,4.43205275,4.935281
2,0,VHGYXUIYGAALPO-UHFFFAOYSA-N,OCNT-2318306,5.4892054,5.353756944119999,5.447739,5.3183531561575075,5.498992090539999,5.5734715,5.511005104927724,5.153375,6.3357544,5.2162127,5.610958,5.960365405,5.844399,6.07365025
2,0,VHIULUXMPVVLQW-UHFFFAOYSA-N,OCNT-2312382,5.675158,5.146919772760001,4.6429477,5.385555339135713,5.32597854715,5.509359,5.364470865542119,5.6501474,4.9999948,5.5172577,5.6347165,6.882938605,6.8082575,6.96093425
2,0,VHVDSVFDMWNWAU-RKQQLJTISA-N,OCNT-2312293,5.269876,4.955644068180002,5.355661,5.1020515996838025,5.51968835501,5.28426,5.2157889872819805,5.164228,4.3085823,5.0848546,5.0650125,5.696156368,5.612589,5.7803855
2,0,VJHDBUJUYUPJJI-UHFFFAOYSA-N,OCNT-2315126,5.3507614,5.437549410759998,5.41833,5.360257089483898,5.263586934989999,5.5429335,5.1010259292859095,5.284845,5.4452977,5.1526713,5.20377,6.327038425,6.24280625,6.409444
2,0,VLPIATFUUWWMKC-UHFFFAOYSA-N,OCNT-2328583,4.9178615,4.981146021190002,5.212426,5.34628619064645,4.883960844590002,5.392238,4.869721589588682,5.2232003,5.697577,4.8760104,4.8754425,5.823946382,5.70998425,5.9379025
2,0,VRFQISMUCTWNIV-UHFFFAOYSA-N,OCNT-2318569,5.512044,5.217873255650002,5.256839,5.262168307276141,5.0461620436000025,5.0559745,4.526564622427075,5.543582,5.968352,5.345924,5.5439167,5.456108513,5.29155675,5.5993615
2,0,VRIJJQIANJTUDW-UHFFFAOYSA-N,OCNT-2310840,5.503473,5.26400356214,4.8325944,5.358927179579321,4.814841113169998,4.9795995,5.284343068597907,5.3558755,4.9564786,5.0868106,5.4810686,5.460887015,5.327391,5.57249225
2,0,VSWBSWWIRNCQIJ-HUUCEWRRSA-N,OCNT-2328552,5.076167,5.142535731189998,5.0868044,4.826425880996129,4.792687030719999,5.594751,5.393741358069989,5.362378,4.7297573,5.098466,5.058276,5.644207448,5.55978775,5.725689
2,0,VTCDUPMGNVGRBQ-UHFFFAOYSA-N,OCNT-2311706,4.8527565,5.023900081590001,4.900581,4.700113156002824,5.0835458549600006,5.5761795,5.573345512227034,5.202901,5.205382,4.9037423,4.555987,4.82104853,4.668413,4.9981825
2,0,VUWGJWBCZMKTRL-UHFFFAOYSA-N,OCNT-2308508,5.7079782,5.31573389558,5.032178,5.113495332417261,4.56333719044,4.4601455,4.716140902546458,5.640583,5.8009496,5.6083817,5.5946693,5.176037263,4.93811425,5.3100305
2,0,VXLPXEUDXOBHBR-UHFFFAOYSA-N,OCNT-2318141,3.3798265,2.952834735429999,3.009624,3.199143124102828,4.7743879807,4.3374515,4.479540526614412,3.8302763,3.6227286,3.934865,3.661214,5.184162373,4.9692545,5.37678825
2,0,VXYWJYHOQJEMKQ-UHFFFAOYSA-N,OCNT-2310796,6.028941,5.303078193850001,5.557893,5.571295724845266,5.192128831140001,5.1058455,5.1263794213128255,5.5346065,6.296505,5.666533,5.7599244,6.640890918,6.5620765,6.71921025
2,0,VZQKPWAYHAGELX-UHFFFAOYSA-N,OCNT-2310728,4.878599,4.827293736040004,4.493712,4.555716335926708,4.534160410139998,5.0627785,4.896341675523168,4.265373,4.4782443,4.7046056,5.037112,4.832677073,4.69152575,4.97718225
2,0,WFLMYIUCCYBMSV-UHFFFAOYSA-N,OCNT-2310207,5.6865444,5.32803000392,5.2345886,5.438644532735582,4.766279870370001,5.2150884,5.625502537870761,5.653639,5.809452,5.3832746,5.462495,5.171987592,5.0299845,5.308365
2,0,WGTVPWWJGGBSDL-UHFFFAOYSA-N,OCNT-2308762,5.467513,5.302152100739999,4.787379,4.583713898962217,5.359671479960001,4.5676694,4.963311821449503,5.162073,4.434482,5.582501,5.629011,3.794313387,3.238498,4.277137
2,0,WIKYUJGCLQQFNW-UHFFFAOYSA-N,OCNT-0022268,4.3593273,5.07188568715,5.0519333,5.27220944763117,5.05956920118,4.7652354,5.176436518707267,5.0747905,4.6031103,4.476739,4.3714256,5.477508187,5.407097,5.550604
2,0,WJOWUCLGRHYEOJ-UHFFFAOYSA-N,OCNT-2317936,3.8146572,4.483484472679999,3.743979,4.0559577313840105,4.642996491440002,3.889496,4.321070367952619,3.988438,4.560655,4.1413407,3.6394281,4.981026952,4.78904825,5.18455175
2,0,WPXLRTCUAVFCFA-UHFFFAOYSA-N,OCNT-2315821,5.282212,5.125262867300002,5.244143,5.2289548862276725,4.913415119930002,5.1758904,4.1618753052694215,4.944037,5.6710043,5.2213464,5.450611,5.278253475,5.19710775,5.35945075
2,0,WQPXKISOMALLDG-UHFFFAOYSA-N,OCNT-2309967,4.806306,5.221374415960002,4.998593,5.048772721533624,4.4888133187699975,4.9610634,4.867605455107668,5.0073433,5.1254435,4.6739326,5.1018195,5.199803552,4.9788795,5.402313
2,0,WRLYSWVJPNRQTN-UHFFFAOYSA-N,OCNT-0294781,5.265916,4.65966851755,4.636617,4.6541178909253995,5.215366975299999,5.2520647,5.254864885912802,5.1261635,5.5953584,5.278807,5.4336934,5.899677993,5.78074925,6.0205975
2,0,WYCQHUTYOYFHBC-UHFFFAOYSA-N,OCNT-2309065,5.176649,5.099836735549999,5.074639,4.788954688483869,5.087147377330001,5.065275,5.191194671819097,5.0301447,5.2714367,5.069629,5.137567,5.617261335,5.52892125,5.70386775
2,0,WYWZRNAHINYAEF-UHFFFAOYSA-N,OCNT-2328974,5.2971196,5.293250674300001,5.273698,5.085909950079158,5.050969320500001,5.198245,5.306322503245763,4.7072606,5.944829,5.2329707,5.736204,5.551056015,5.46890725,5.63782525
2,0,WYXZWQBOJBWGRS-UHFFFAOYSA-N,OCNT-2309630,4.829577,4.910656106590002,4.585575,4.991941023810796,4.960525339640003,5.3503838,5.398857907179501,5.070955,4.552346,5.336207,5.053361,4.13112114,3.81830975,4.4653095
2,0,XEMCUDAQPISXBU-UHFFFAOYSA-N,OCNT-2315996,4.7399635,4.600446071690002,4.7059274,4.4955112546627,4.24659987045,4.530988,4.615417207990961,4.019643,4.9374146,4.80239,4.774538,4.43614745,3.87774425,5.2365375
2,0,XGQFKAWKVLIBAF-UHFFFAOYSA-N,OCNT-2316037,4.5040755,4.7517024049600005,4.5061107,4.4691584682563255,4.807138361900001,4.5879803,5.2550468897673035,4.910871,4.212701,4.5880165,4.583887,2.115609893,1.05020325,3.23842475
2,0,XGYAFYBIRHLQJD-UHFFFAOYSA-N,OCNT-2315849,5.3313127,5.10090656308,5.0218554,5.2930800399235505,5.187263982299999,5.291496,5.396088464999715,5.4627056,5.362034,5.2586417,5.465841,5.453021312,5.361827,5.53793
2,0,XILVEPYQJIOVNB-UHFFFAOYSA-N,OCNT-0494105,6.017389,5.352987969190001,5.178728,5.749195650948986,5.123504724720002,5.152999,5.217295343413338,5.604979,6.714579,5.9824758,6.2982855,5.820105097,5.719744,5.9212295
2,0,XIZQQSGHQFLWIM-UHFFFAOYSA-N,OCNT-2313003,5.8154826,4.943453602700003,4.8618155,5.474825505644104,5.07011683518,4.6740746,5.190316671394545,5.2440405,5.8357673,5.2830462,5.5628543,4.480402615,4.2485335,4.80830975
2,0,XKCNZKKZCLFYSV-UHFFFAOYSA-N,OCNT-2311975,5.785703,5.544004309229999,5.4222746,5.4885015337700835,5.27495547326,5.3015833,5.43414745069511,5.633434,6.454385,5.770272,5.961931,5.7417475,5.67334175,5.80961525
2,0,XKEKRICPWIRNLR-UHFFFAOYSA-N,OCNT-2316709,4.3394194,4.6846863786999995,4.379497,4.538531643065963,4.407526436809999,4.211164,4.393026416718966,4.251741,5.0223274,4.5913496,4.5744367,5.829985645,5.70522475,5.9582135
2,0,XODQSZYCINXFPG-UHFFFAOYSA-N,OCNT-2316774,5.3730288,5.24274298653,5.1375675,5.323994472224999,4.52729719747,4.454694,4.292640413723914,5.0368085,4.9058466,5.067529,5.1182666,3.759990563,3.276673,4.2420125
2,0,XPOLSBCYDGSEIZ-UHFFFAOYSA-N,OCNT-2318634,4.7108307,5.205085467590001,5.3253455,4.8145008711552775,4.57841586602,5.189323,4.504452851282209,4.8127317,5.6907434,4.876327,5.1974497,5.297514047,5.10992325,5.4702155
2,0,XRRIJYHEWNMUKI-UHFFFAOYSA-N,OCNT-2317961,6.265876,5.184661128169999,5.6154,5.4564406558740295,5.176876277510001,5.2096643,5.45594693667689,6.0491085,6.3606577,5.706809,6.43155,6.157135228,6.035287,6.27410525
2,0,XSCGXQMFQXDFCW-UHFFFAOYSA-N,OCNT-0022254,5.358222,5.066595856189998,5.072469,4.744248091791624,4.798901117109999,5.106601,4.931466855340799,5.5318766,5.128451,5.349928,5.1645436,5.40609378,5.31427575,5.50120225
2,0,XTHYOHCNADPCDX-UHFFFAOYSA-N,OCNT-2311676,6.0280933,5.738553938479998,5.5621896,5.448719966159534,5.36610082004,5.500527,5.691097422995681,5.7514625,5.903118,5.8951445,6.212757,5.715026997,5.56559725,5.85699625
2,0,XTVIKJOVFIRMPE-HNNXBMFYSA-N,OCNT-2312517,3.6863961,4.994657175440002,5.0563164,5.090745396108807,4.6115286573,4.596663,4.232578510660178,3.4285066,3.6205082,4.413485,3.9408092,5.095803242,4.95790775,5.2221015
2,0,XUZMQMKTIDVPDB-UHFFFAOYSA-N,OCNT-2315512,5.142,5.335466004960001,5.252915,5.236877702563823,5.260553485620001,5.329857,5.0166372564938975,4.946777,5.2159595,5.150053,5.1654053,7.018157643,6.92564675,7.11334025
2,0,XWCLCJYWVJRTHA-UHFFFAOYSA-N,OCNT-2309598,3.801086,5.110509040249999,5.2169514,5.279695429201747,4.75011075443,5.063558,4.9816996743347595,4.629031,4.0063357,3.7673447,3.5669794,3.686655173,3.15342875,4.22728425
2,0,XYVMOBPTOAXMDI-UHFFFAOYSA-N,OCNT-2318658,5.364828,5.0533035914900015,4.5167503,5.556161279210423,5.393078409219998,5.0672054,5.016916319020302,5.765948,4.8176436,5.2710648,5.4408536,5.256545,5.128587,5.35372225
2,0,YAHHSHNEDFLSFO-UHFFFAOYSA-N,OCNT-2311061,5.7314353,5.301622952979998,5.0645685,4.9045876330006415,5.510454177059997,5.105476,5.362912894821769,5.4768744,5.3385134,5.1702075,5.2278676,5.888317802,5.72490975,6.05835775
2,0,YBMMVWJJHJIUIW-ZIAGYGMSSA-N,OCNT-2315363,4.697685,4.970556645289999,4.8531623,5.029572513415359,4.824667646319997,5.026865,5.164598114409019,5.0090857,4.235808,4.861529,4.8861284,3.80990544,3.3277645,4.34469875
2,0,YBSFAVKRJPTTHV-UHFFFAOYSA-N,OCNT-2316120,5.407409,5.241054555130002,5.3829436,5.635489999681128,5.158608824339998,5.1732492,5.130529148859011,5.4873543,5.5175476,5.180768,5.3150287,5.018241137,4.88424075,5.16323575
2,0,YMMCUIRZEYIPCT-UHFFFAOYSA-N,OCNT-2313644,5.199257,4.337636680290003,4.223073,4.578947825469935,4.806855915990002,4.75449,5.205068063054824,4.9298773,4.8767424,5.01868,5.0615807,5.472312683,5.3093955,5.65413625
2,0,YQKLTNOXGTYSOG-UHFFFAOYSA-N,OCNT-2315045,4.4015737,4.939832734620002,4.990125,4.855867276533662,4.462373362800001,4.606298,4.450616890930719,4.259589,4.18098,4.309534,4.9581957,5.39669672,5.1967965,5.59788125
2,0,YRTLYQAIURDYMT-UHFFFAOYSA-N,OCNT-2309787,5.8120475,4.849646782749999,4.902598,5.1363950173997415,4.924968374150001,5.5202155,5.320321811112571,5.5148544,5.9448414,5.4064574,5.5365443,4.93336408,4.66338275,5.21988275
2,0,YSSKRKGSPNCGTM-UHFFFAOYSA-N,OCNT-2314259,5.441078,5.270326264010001,5.334612,5.217333943713468,5.51144528154,5.552275,5.222593575972003,5.542301,5.1288347,5.258212,5.4638796,4.806075,4.6665225,4.95817025
2,0,YWHGLLLODCPXHJ-UHFFFAOYSA-N,OCNT-2315826,5.4596744,4.865082221390001,5.456397,4.920394844344742,5.496643438640001,5.5697412,5.444694622173568,5.473635,5.410288,5.151107,5.625344,4.900587587,4.6864005,5.09975075
2,0,YYSDCSCFHCRZAY-UHFFFAOYSA-N,OCNT-2317807,5.657378,5.127318590560003,5.2455816,5.027161574057224,5.086796788840001,4.871133,4.983070982645981,5.4212847,5.798792,5.390519,5.7935534,5.148213045,4.942428,5.30524075
2,0,ZCQGIHFEEOMIKD-UHFFFAOYSA-N,OCNT-2316705,5.710141,5.015326421479999,5.283946,5.267814872260907,4.941845132830002,4.9809475,4.967306406928592,5.305219,5.6787434,5.2914424,5.3344398,5.743457875,5.6455385,5.84675275
2,0,ZEWQUBUPAILYHI-UHFFFAOYSA-N,OCNT-0022246,4.556751,4.790643987530001,4.9684353,4.874850158615842,4.37464551472,4.9336596,4.148718145737211,4.9849935,4.934208,4.6393385,4.3802667,5.40455451,5.2970825,5.51208
2,0,ZGKKTJUHLOHJDN-UHFFFAOYSA-N,OCNT-2311801,5.6484895,5.920218517659999,5.7059183,5.859280456980324,5.283286330150002,5.896206,5.796086063276612,5.4427605,5.473506,5.6896772,6.0169535,5.916388262,5.82245725,6.00611625
2,0,ZHMAMFYEVUWYHT-UHFFFAOYSA-N,OCNT-2316334,4.709226,5.0727575817,5.216248,5.0947409844953935,4.947662674369998,5.1571555,5.1974903336254705,5.0566196,4.7487073,4.8237467,4.9120965,5.097207995,4.8499355,5.3184005
2,0,ZJVFLBOZORBYFE-UHFFFAOYSA-N,OCNT-2328889,4.8172913,5.417878079510002,5.241215,5.247305664327599,4.678306159910001,4.8827662,4.81249145296081,4.7203264,5.376929,4.607475,4.615085,5.236904717,5.0806015,5.38647
2,0,ZJVULRBHOWBNCB-UHFFFAOYSA-N,OCNT-2309292,4.0102515,4.834849546599999,4.9130335,4.531596644874347,4.40591904381,4.441133,3.7682395152180166,3.602449,4.313635,4.1098747,4.3257227,4.535458238,4.31629525,4.83024875
2,0,ZNZJGCOJFHWZII-UHFFFAOYSA-N,OCNT-2310979,5.5970488,5.348986389110001,5.326585,5.57760415318454,5.225643664439999,5.510753,5.471945969038651,5.5812273,6.084392,5.316768,5.5273843,4.711638955,4.524571,4.929595
2,0,ZPEIMTDSQAKGNT-UHFFFAOYSA-N,OCNT-0022294,5.230889,5.203231586040001,5.077482,4.891431386953814,5.305721309050001,5.1135855,5.294044553400348,5.6136265,4.5888534,5.172846,5.0170507,5.038514985,4.8975745,5.156047
2,0,ZQFYYXLJVMCABY-UHFFFAOYSA-N,OCNT-2318133,4.909346,4.378353093290001,4.7212844,4.360281348940103,4.1388528663200015,4.7158036,4.496260935554335,4.550967,5.5339026,4.7670717,5.0895023,4.39448162,4.116826,4.79224925
2,0,ZSZXTJMURYXMSU-UHFFFAOYSA-N,OCNT-2317350,5.579591,4.99414996525,5.155611,5.402143571824994,4.761936828920003,4.6235924,5.167056125819674,5.298994,5.79451,5.4197307,5.5773187,5.000559035,4.8383825,5.15800325
2,0,ZWALUEYCFIRARI-UHFFFAOYSA-N,OCNT-2313402,4.207953,5.129445204190001,5.2032037,4.9007138946468505,4.676522000360002,4.1814985,4.801384401257827,4.396056,3.828208,4.610395,4.4907737,4.951977945,4.76356675,5.11874225
2,0,ZWRLXEBVMZHHPI-UHFFFAOYSA-N,OCNT-2310699,5.4796724,5.6067098377999995,5.9579077,5.695656983436409,5.20657584533,5.0352526,5.275603663029145,5.5835333,5.6689057,5.2517447,5.439475,5.026189213,4.84425975,5.1610655
2,0,ZXXMWZBQFMKETN-UHFFFAOYSA-N,OCNT-2312103,5.060594,4.739486920220003,4.6195936,5.094286174708205,5.229366327700002,5.0700283,5.107460569561126,5.479952,4.4450006,4.9956083,4.8735514,3.432893792,2.5330485,4.03106325
2,0,ZYGIEWYSBUXBOA-UHFFFAOYSA-N,OCNT-2317285,4.6961975,4.7965510118700045,4.7209964,4.894734458251392,4.84468431502,4.838306,4.980456280119402,4.6121254,5.6683044,4.867678,5.2762966,5.70202841,5.5717515,5.8340885
2,0,ZYHCLMXABMVVCB-UHFFFAOYSA-N,OCNT-2318671,5.699636,5.3104818055099985,5.348143,5.4887580668609175,5.02021439564,4.996915,5.138372591656564,5.4585795,6.190822,5.7154045,5.8586264,6.926975918,6.845939,7.00979675
2,1,ADEDIGFEFPYZAG-UHFFFAOYSA-N,OCNT-2309471,4.9809966,4.880431493170002,4.7432365,4.5082875737741315,4.645691754850002,4.0945115,4.197022841092967,4.7000527,4.5893917,4.8120437,4.516049,4.94583745,4.775738,5.158119
2,1,ADUWAMYJGJMQFP-UHFFFAOYSA-N,OCNT-2310993,4.888986,4.7457033851500015,4.7121553,4.571426806035036,4.854803769909998,4.9446793,4.796790923092413,4.7051654,5.1285243,4.9188614,4.712787,3.816379915,3.21409225,4.20772225
2,1,AECHNCUKRVJPMR-UHFFFAOYSA-N,OCNT-2317954,6.390282,5.469013845009998,5.3657336,5.372508890246886,5.459029136460001,5.7491255,5.39606715375727,5.8094187,5.9523654,6.049341,6.061585,7.359232032,7.2673395,7.45216075
2,1,AKGNFUOCHVNYDC-UHFFFAOYSA-N,OCNT-2313888,4.4421678,3.9415551178200015,3.4970357,4.449314265273607,4.80951027261,5.0073338,4.536668556162622,4.0142655,4.472534,4.0980215,3.4800668,5.344484643,5.16662775,5.50265125
2,1,ANOMTFSENDHDFG-FQEVSTJZSA-N,OCNT-2311967,5.51932,5.63780621068,5.52662,5.573489549044183,5.456072402200001,5.005227,5.058267532148903,5.692765,4.972147,5.3795815,5.257982,5.476187582,5.34495675,5.5853665
2,1,ANZVCZAGMVDWPV-UHFFFAOYSA-N,OCNT-2316772,5.4492297,5.584793033820001,5.395465,5.274508845055035,4.495786977720001,5.140825,4.415494732405236,5.0614815,5.0964246,5.251881,5.1920066,3.803560577,3.23254,4.3487465
2,1,AOWBBTKHKUABIR-UHFFFAOYSA-N,OCNT-2314004,5.1804466,4.468328093859999,4.6271744,4.157111202774986,4.620270302290001,4.6344647,4.9385907410345355,4.583425,5.019283,4.9358573,4.975733,4.995842308,4.867607,5.132895
2,1,APFMKWOPIHERJL-UHFFFAOYSA-N,OCNT-2315230,5.2495117,5.31427637282,5.3550134,5.352731359320155,4.34682460623,4.956809,4.627379740422139,5.039631,5.313656,5.346831,5.51851,6.134430408,6.023669,6.24658175
2,1,APURBVBIOACKLC-UHFFFAOYSA-N,OCNT-2318451,3.5773802,3.965977014809999,3.9054835,4.0087434887557585,4.374169546330002,4.9147387,4.933134613567979,3.4955544,3.1089106,4.265872,2.9303608,3.558287917,2.8377365,4.049187
2,1,ASHCCSWFPCMODT-UHFFFAOYSA-N,OCNT-2311674,5.3684344,5.21005624527,5.2668853,4.997905698663653,4.7905803873,4.8861265,4.885359266409805,5.0008173,4.8130703,4.9596977,5.0843606,5.703638352,5.602949,5.7998745
2,1,ATVIQSIFQPGBBE-UHFFFAOYSA-N,OCNT-2316803,6.067331,5.074805783640001,5.5043306,5.232210750640398,5.098387385920002,4.0788713,5.104342041098656,5.295203,6.1496763,5.650481,5.68718,5.81043134,5.72334225,5.8984905
2,1,AUYYCJSJGJYCDS-LBPRGKRZSA-N,OCNT-2328638,4.644565,4.59918697018,4.258538,4.059671945360399,4.794958521659999,4.567563,4.792333987949481,5.1572924,3.9380057,4.3302746,4.323431,4.236983705,3.94085925,4.68260325
2,1,AUZSUYFMOUDHNG-UHFFFAOYSA-N,OCNT-2317767,4.974167,4.475517601940001,4.615651,4.035225701455898,4.20169477728,4.0701623,4.413571276739363,4.4176903,4.483147,4.6459613,4.632363,1.936751075,1.0396015,3.1366835
2,1,BAJQRLZAPXASRD-UHFFFAOYSA-N,OCNT-2328838,6.220927,5.338199954080003,5.5043306,5.4351862174685275,4.499486892830004,4.9949384,5.25434968690388,5.941875,6.031803,5.8599586,5.705663,5.082651027,4.936574,5.215751
2,1,BFTMZHRFZOKECM-UHFFFAOYSA-N,OCNT-2311205,5.577143,4.58197883929,4.9944286,4.585084670364305,5.103357514030002,4.6169453,4.822316109991253,5.365281,5.579918,5.3194065,5.103922,5.90486086,5.8089865,5.9986905
2,1,BKSHJYAEWVGUJX-UHFFFAOYSA-N,OCNT-2315667,5.574605,5.219733348780002,5.3587275,5.226775198203266,5.272880185719999,4.8512897,5.363164264135487,5.366167,5.122043,5.4590416,5.708576,5.465198392,5.30437475,5.60914225
2,1,BLBRBSCHFXIGIW-UHFFFAOYSA-N,OCNT-2312771,3.8030314,4.6399409694800005,4.2542343,4.156355929788297,4.65904513966,4.398526,4.370716958712039,3.9946613,3.801501,4.276434,3.9494681,3.819372165,3.06608075,4.183648
2,1,BNVYMBNZHADONN-UHFFFAOYSA-N,OCNT-2308632,5.7109747,5.384720535510001,4.88072,5.176803783271325,4.9392564743500005,5.1282873,4.940143542684121,5.5170665,5.599929,5.4435616,5.620994,4.876318503,4.69238525,5.05044675
2,1,BNYASPDIDIDBIM-UHFFFAOYSA-N,OCNT-2312044,5.8547626,5.166229500090002,5.291292,5.08657596474215,5.121006889079999,4.7038126,5.324474728740135,5.1495204,5.515061,5.398516,5.6522074,5.6930762,5.52077,5.8079105
2,1,BRWOHQLXDDQIIN-UHFFFAOYSA-N,OCNT-2309265,4.3715363,4.6322786479300015,4.5379934,4.726432844175936,4.8137386439400025,4.6620927,4.656517600394476,4.37204,4.610491,4.718406,4.7557144,4.013291025,3.57920475,4.5866455
2,1,BUVFEHNROMUBNS-UHFFFAOYSA-N,OCNT-2315036,3.218729,3.9054790118,3.7606902,3.751779887864634,4.23492621402,4.172687,3.761455036753525,3.6136055,3.068079,4.089919,3.0832422,6.30273673,6.22805275,6.38089225
2,1,BVAHASJMMFXKPQ-UHFFFAOYSA-N,OCNT-2312089,5.405263,4.995833772689999,5.156166,4.987341585097314,5.097817377310002,5.217954,5.482012113374458,5.3609242,5.3463407,5.457273,5.2316046,4.98092184,4.79998925,5.15690975
2,1,BXAIWANBKAGJGC-UHFFFAOYSA-N,OCNT-2315001,4.892456,5.063044002430001,5.2010145,5.084522384004607,5.35653519947,5.1667514,5.201453976355669,4.95205,5.1659355,5.0799756,4.8217077,5.194314412,5.02757675,5.3282365
2,1,BYAMCPKNCANMIS-UHFFFAOYSA-N,OCNT-2311287,5.3128924,5.011722843790002,4.9728556,4.872747402266635,5.26478373298,4.6545863,4.868827823027521,4.7845273,5.3906326,5.124,5.281763,5.302354252,5.1715335,5.41102275
2,1,CBEFARRBDATNTE-UHFFFAOYSA-N,OCNT-2311794,5.5427947,4.990069063910002,5.436735,5.214896147943638,5.295361345749999,5.018149,5.373329579943972,5.1715226,4.626624,5.154671,5.3058825,3.733763167,3.15424075,4.1995055
2,1,CBVIJJPRPQPHDM-UHFFFAOYSA-N,OCNT-2316854,5.9186897,5.369128288340002,5.2408457,5.626381755395658,4.787491308820002,4.4878793,4.891373025482492,5.366329,5.1639304,5.351529,6.0644417,4.015711493,3.6126175,4.3844435
2,1,CBZVZUYDLPWQDO-UHFFFAOYSA-N,OCNT-2314465,4.2854133,4.680643491959999,4.731098,4.342586376803757,4.8307095353,4.634702,5.254089050543867,4.421209,3.7274895,4.258593,3.9975312,2.118008605,1.06765975,3.239643
2,1,CDADLVPZLCSKOB-UHFFFAOYSA-N,OCNT-2313037,6.175357,5.850834133850002,5.395465,5.947371066842631,5.199427845399998,4.9446793,5.148038069530614,5.4545455,5.896206,5.4434104,5.580721,5.38997086,5.25729875,5.49774325
2,1,CEWDQEGZUQAZAM-UHFFFAOYSA-N,OCNT-2317604,5.399504,5.24862753839,5.441393,5.155987375516914,5.0953070058,5.408256,5.400048966925928,5.0151186,5.7071896,5.4024816,5.1231,5.82531006,5.7020415,5.9349655
2,1,CFGZXKWGGSEENY-UHFFFAOYSA-N,OCNT-2309070,6.135989,4.965489586869999,5.4399514,5.560018633041075,5.092709032650001,5.567457,4.996919720312515,5.3999357,5.501138,5.6473923,6.0018935,5.78048507,5.66842975,5.8910935
2,1,CIBMHMYNONJSKA-UHFFFAOYSA-N,OCNT-2318002,5.019234,5.095637133980005,5.4415936,5.22843178926799,5.130049553160002,5.334913,5.266604032874924,4.8833876,4.9896517,5.102958,5.0887923,5.308471928,5.21717625,5.389643
2,1,CKGWFZQGEQJZIL-UHFFFAOYSA-N,OCNT-2328965,5.352991,5.31916063968,4.956664,4.884747249312782,5.13867025838,4.8952417,4.865367216472016,5.214171,5.7011285,5.4631157,5.3161163,5.722820957,5.63739875,5.8138715
2,1,CKULYSVCWINHRD-UHFFFAOYSA-N,OCNT-2309286,5.1799545,4.7142660711400035,4.73809,4.439403070503007,4.39596875402,3.8782754,4.0751310506897,5.109789,5.334957,4.8603067,5.0382786,3.87610005,3.398863,4.221879
2,1,COKSCQRRUSAFAO-VIFPVBQESA-N,OCNT-2312364,6.26066,5.306994369759998,5.295015,5.319925977146929,5.131015571919999,5.166905,5.166550318714152,5.55377,5.4329696,5.6669884,5.551929,5.226715253,5.00902775,5.4339655
2,1,CPCWNLRNPXRRHG-UHFFFAOYSA-N,OCNT-2309866,5.7982025,5.428623890940003,5.427649,5.420912333827523,5.0264303235700005,4.9052706,5.232111638276048,5.3875523,5.513648,5.6360044,5.521249,5.370652495,5.2435685,5.4751915
2,1,CPOPRSAGMUGGIW-UHFFFAOYSA-N,OCNT-2311403,4.8798018,4.75998254639,5.010566,5.486685377088414,5.012726514519998,4.8510394,4.810712147470059,4.79379,5.2048063,4.7835526,5.038377,6.383690562,6.29918525,6.47078425
2,1,CQJXFFYESDTDLQ-UHFFFAOYSA-N,OCNT-2316475,4.8271017,5.1406234538400035,5.7078695,5.02393990222334,4.647710484540001,4.848521,5.053674219800234,4.26869,5.034728,4.7627034,4.5888624,5.029493035,4.85736,5.18059325
2,1,CRRWDCQIGUFMTL-UHFFFAOYSA-N,OCNT-2314310,5.3929415,4.586097510639998,4.9206014,4.3780707010465445,4.7465203578400015,5.31314,5.031482099117736,5.114346,4.699703,5.184297,5.4058466,4.770727645,4.0398855,5.48322925
2,1,CTUPNTLXQZNNQW-UHFFFAOYSA-N,OCNT-2309897,5.1887555,4.9929554001900005,4.8044167,4.240181477141528,5.2321808155700005,5.462607,4.928595330769672,4.55776,4.3403025,4.820354,4.9003844,3.631932888,3.00118925,4.1125205
2,1,CVNMWIJKIQYYRH-UHFFFAOYSA-N,OCNT-2312354,5.389768,5.578945083590002,5.3040795,5.534808426191654,5.105781092440001,5.2528586,5.198797537939969,5.212335,5.374576,5.3557706,5.4584284,5.589728818,5.42039125,5.747979
2,1,CWINMFYUFBNRRM-UHFFFAOYSA-N,OCNT-2318281,5.307509,5.611155584240001,5.52662,5.4011647370638896,5.440443649139997,5.3155346,5.240013411570179,5.2515078,5.1101913,5.309457,5.230173,5.575110592,5.48991725,5.65836075
2,1,CXEGWPXHHRYGGB-QGZVFWFLSA-N,OCNT-2309204,5.376694,5.369801573749999,5.263031,5.468061898102038,5.25041575036,5.3536153,5.461749809610429,5.441417,5.058272,5.4136596,5.1426077,4.947380695,4.76302025,5.110067
2,1,CZSAMRIBHKTNAZ-UHFFFAOYSA-N,OCNT-2315731,3.7998703,3.90301899444,3.9659183,3.5348711346432435,4.424464734550001,4.447024,4.6067302155197005,3.883152,3.6130576,3.893817,3.954372,2.70612089,1.121809,3.85444675
2,1,DAAQXYINTYQCAU-UHFFFAOYSA-N,OCNT-2312987,4.6837196,5.309806136709997,5.5867324,5.5186959446802915,4.72264224298,5.1473308,5.187221479142348,4.6100645,4.5152845,4.7880106,4.422731,4.294096595,4.01674875,4.724339
2,1,DAOAPMJKVUJXID-UHFFFAOYSA-N,OCNT-2311133,5.188093,4.852917884270001,4.8666363,4.795205282498457,5.020465484620001,5.1278443,5.195028726498112,5.1151934,5.798139,5.039387,4.926954,5.152543565,5.00986925,5.266401
2,1,DDYGUKULIGNEQA-UHFFFAOYSA-N,OCNT-2308646,5.131378,4.5974254949099995,4.6366186,4.850886504649364,5.107294799230001,4.1973133,4.280398588490957,4.563042,4.7878804,4.673828,4.8672085,4.668175377,4.4775175,4.88867125
2,1,DDYQMQHUOWCBKE-UHFFFAOYSA-N,OCNT-2316676,5.6246457,5.6221429561499985,5.6306176,5.708651950676815,5.348033743519998,5.232386,5.206123488219481,5.5975666,5.9357557,5.665907,5.5063095,7.782581445,7.7012585,7.8650705
2,1,DHIYDXIHBDUGDX-UHFFFAOYSA-N,OCNT-2317998,4.8774457,4.85610445326,4.977074,4.895854493188642,5.19789352748,4.9075284,5.391893568164786,4.8634567,4.383952,4.82018,4.4195094,4.997961265,4.813762,5.191783
2,1,DLIWZFLURZGWCN-AZUAARDMSA-N,OCNT-2308594,5.292619,5.294528298010001,4.8113008,5.16485134263205,4.69192081801,4.597546,4.735418264123113,4.896695,5.3650904,5.2561398,5.3233685,5.990223753,5.89051975,6.0889055
2,1,DLJQSCLUZQFLID-UHFFFAOYSA-N,OCNT-2314457,5.6420846,5.198156193170002,4.9644094,5.380746056074399,5.429998719330001,5.561185,5.412926793456198,5.6286163,5.299636,5.40088,5.690266,3.619158855,2.87002875,4.3347545
2,1,DNRJMNNSKUUPGI-UHFFFAOYSA-N,OCNT-2310835,5.423155,4.763899897379999,4.695193,4.889194225955946,4.517774348540001,4.291704,4.722747392130856,5.268808,4.9944015,5.323562,5.7634377,5.468948873,5.3484185,5.5716515
2,1,DRPDPFQNTVPDKP-UHFFFAOYSA-N,OCNT-2312154,5.6574783,4.853373589700001,4.0566874,4.876644322732721,4.8165203399699985,4.6565976,4.355103341151485,4.675592,5.4751954,5.177331,5.442384,4.447046708,4.0692155,5.05607275
2,1,DRXAZLUTUQIDMF-UHFFFAOYSA-N,OCNT-2312285,5.8341184,5.238442549579998,5.237933,5.227763182319412,5.44557186143,5.5423994,5.435722062483017,5.6769185,5.5504484,5.657548,5.6058025,5.377034587,5.196637,5.53113
2,1,DVMAGBMCBPEMHG-UHFFFAOYSA-N,OCNT-2308468,4.378404,4.92473661446,5.401166,4.462373673076233,4.5507077158300016,4.8578663,4.619066536853623,4.3565793,4.6645856,4.377779,4.1416864,3.43026558,2.380159,4.0198215
2,1,FACJYNRPNSFHRG-UHFFFAOYSA-N,OCNT-2316274,3.631926,4.501582982860001,4.4597664,3.967404949478302,4.753536189520002,4.875285,4.822200591983273,4.412982,3.9848838,3.911821,3.6540408,2.17691394,1.05097275,3.52841425
2,1,FBOYAGBRKKNXKS-UHFFFAOYSA-N,OCNT-2316388,5.5596895,5.6010646057,5.6598186,5.632626630755287,5.071928132900001,4.7473865,4.4653069578626825,5.031266,5.670301,5.345494,5.1300907,5.12796983,4.9788085,5.2632125
2,1,FCCLPWSWOKEMKO-UHFFFAOYSA-N,OCNT-2310507,3.6914845,4.582062869539999,4.206826,4.00320356406841,4.335385833080002,4.8153534,4.62581471305363,3.8291698,3.3372848,3.7208657,3.6278305,3.86336045,3.404823,4.3261725
2,1,FDQLURLBRFGFSN-UHFFFAOYSA-N,OCNT-2317821,4.605183,5.0318153424,5.032663,5.116985758832858,4.5522462252,5.167057,4.898791657129978,4.519724,4.681346,4.818629,4.640813,3.44922921,2.39236175,4.04526125
2,1,FEROKVSYPLWBAJ-UHFFFAOYSA-N,OCNT-2315153,3.9586332,4.2104073172600005,4.4542794,4.631558541855618,4.532109311180002,4.4730396,4.648805930689578,3.5856168,4.190892,4.121967,3.6846828,2.744313135,1.11959125,3.8746855
2,1,FHURGZGGJGEEFF-UHFFFAOYSA-N,OCNT-2312959,5.5390086,5.082667877500003,5.210143,5.417717862751043,4.6938937459900005,4.7870927,4.77527447258336,5.127126,5.6280417,5.0528817,5.230289,5.234491722,5.13570725,5.32310025
2,1,FKSCUJKHJVNOBE-UHFFFAOYSA-N,OCNT-2308903,5.769127,4.885301997809998,4.402489,5.386644330418682,5.233021288350002,4.859874,4.890752943952346,5.3844743,5.616699,5.4032693,5.891563,5.943690125,5.83902075,6.04750325
2,1,FNAADSQRTFFGRD-UHFFFAOYSA-N,OCNT-2314903,4.8599534,5.0723302449900025,5.456961,5.152127719490566,4.796435366009998,4.61102,4.7465202515746805,4.6822205,4.5813184,4.9338346,4.7678685,1.94001595,1.04495325,3.1215085
2,1,FPCIRTBEAUCPDP-UHFFFAOYSA-N,OCNT-2316872,5.5407887,5.257258516690001,5.2613406,4.760927555878638,4.9512776472099995,5.2946677,4.763557337878807,5.0558753,5.4653473,5.0819645,5.4083776,5.656823848,5.55527375,5.758472
2,1,FPZDMQCYMFEBKJ-UHFFFAOYSA-N,OCNT-2312659,4.6333833,5.362428335829999,5.314813,5.17310300798176,4.977611990210003,5.1836834,4.79459677197057,4.788302,5.050816,5.0923185,4.9876003,5.015109437,4.87268575,5.11733125
2,1,FQNJZDBFAVDMES-UHFFFAOYSA-N,OCNT-2311807,4.8604536,5.269658681590001,5.1358624,4.468955297966638,4.88939261185,5.0038548,5.381898810962375,4.7841845,5.2908716,4.8970933,4.797801,4.988526887,4.8141275,5.150638
2,1,FRXIOYNYLCVQGU-UHFFFAOYSA-N,OCNT-2313177,5.8456926,5.52891642622,4.9610157,5.446933307061189,5.50232785807,5.2017384,5.626052623816872,5.6398287,6.0473223,5.526555,5.6960416,5.462130645,5.3287255,5.584243
2,1,FTMSJBRLUXKYNX-UHFFFAOYSA-N,OCNT-2314360,4.7283354,4.919427883700002,4.386994,5.080417437252897,4.370077561169999,5.3651824,4.918910278710725,4.4160357,4.770837,4.799828,4.558967,4.503792502,4.23580325,4.87647525
2,1,FWXNAAHVSCCOGH-ZIAGYGMSSA-N,OCNT-2312995,5.5504127,5.039509325730002,5.2849174,5.496612114350122,5.396198230329998,4.8346715,5.392954516691862,5.3579183,5.54725,5.4395123,5.4611716,4.937863275,4.76014875,5.0634495
2,1,FYIOQDMRMALGLF-UHFFFAOYSA-N,OCNT-2310546,4.8967223,4.584307906110001,4.7461767,4.584878804032676,4.484871513320001,4.6098294,4.291100008138251,4.487824,5.437166,4.795451,5.005698,4.88734002,4.64239075,5.10586775
2,1,GCNJHYVEVFPMBC-UHFFFAOYSA-N,OCNT-2312278,5.5604467,5.091840906640004,5.068396,5.238256450527106,5.296006407420002,5.1852074,5.2569593032400315,4.999808,5.029847,5.3201513,5.2076616,5.263770092,5.01684575,5.42353025
2,1,GCUVVENUHMDMBL-UHFFFAOYSA-N,OCNT-2312866,5.243405,4.590598284140001,4.81873,4.032528577790139,5.22176597366,4.9923615,4.889946674489996,5.1787605,5.2088428,4.6675324,4.817744,5.151084555,4.9845745,5.29704475
2,1,GCVLLZZKLLGWGD-UHFFFAOYSA-N,OCNT-2311905,5.089743,5.123443659530002,4.3991137,4.918273426429586,5.258125248090002,5.615032,5.519301615454246,5.446799,5.227966,5.2909327,5.4126844,4.631471355,4.362856,5.0099295
2,1,GGZDIENQTDGRBU-UHFFFAOYSA-N,OCNT-2316254,5.0412636,4.90635220604,5.20436,5.058337898545219,5.139789272540001,5.2741537,5.050343762076074,4.5307703,5.490058,5.0086355,4.747806,5.40192366,5.26812375,5.5249805
2,1,GJNQNBRKEARPPF-UHFFFAOYSA-N,OCNT-2313136,4.9246116,4.300341535219999,4.5897074,4.677069269706938,4.611565454750001,4.916693,4.565079923528131,4.6341887,4.135987,4.8619614,5.1288476,3.332604767,1.5523495,4.0475495
2,1,GJZXIYRUQJJTIE-UHFFFAOYSA-N,OCNT-2312083,5.370158,5.2797519655,5.0198283,5.139938648628848,5.267756909029998,5.5215297,5.463169496026366,5.2184134,5.4363604,5.143714,5.4054956,5.353159198,5.17332275,5.49706725
2,1,GKLIDFRFMZSOTO-UHFFFAOYSA-N,OCNT-2313637,4.7429028,5.231314738339998,5.2145123,5.517258604222665,4.83689724464,4.8157454,4.689891816658728,4.780759,5.3647943,4.923303,4.7825985,5.305972895,5.1428895,5.46918325
2,1,GLZRKOCNRVFUPI-UHFFFAOYSA-N,OCNT-2312122,5.2327147,5.257227113280001,5.1476707,5.3825273958861075,5.168509324030002,5.0248847,5.1685820558959295,5.1946287,5.0874667,5.054785,5.0199704,4.77798184,4.601778,4.9644845
2,1,GNBBTCYKQSSFLT-UHFFFAOYSA-N,OCNT-2318097,4.4987025,4.19755633387,4.4195886,4.100254643797597,4.64889546052,4.910979,4.684315724393924,4.024833,4.1414833,4.524872,4.320798,2.786591673,1.136908,3.84945675
2,1,GOFUXMWCQVYONM-UHFFFAOYSA-N,OCNT-2318046,4.717409,4.967451416770005,5.0540547,5.332046080169353,5.00105149574,4.007699,4.288196555112994,4.5140057,4.229664,4.8004007,4.4473715,3.60472675,2.33129425,4.11758075
2,1,GQMDVEHOCDKMQP-UHFFFAOYSA-N,OCNT-2310353,4.8428707,4.15800246488,4.7076488,4.567334453061405,4.650601744840001,5.151233,4.896908026033855,4.535151,4.077591,4.642306,4.9079623,5.17906553,5.0189815,5.3128125
2,1,GSZWDSMTOYIIMS-UHFFFAOYSA-N,OCNT-2311839,5.542584,4.61408174898,4.686869,4.738395759695161,4.748968699909999,5.0361276,5.221889211106466,4.9113364,5.1821823,5.1191983,5.3571534,6.190354858,6.09856575,6.28019725
2,1,GWBBYACWVZJDHF-UHFFFAOYSA-N,OCNT-2317346,5.184394,4.88095427424,5.3143516,5.248589887579952,4.261453542129999,4.187894,4.66840361588625,4.962804,5.5408936,5.3446207,5.103485,5.270342785,5.14670975,5.374812
2,1,GXQJFCYAODGNDD-UHFFFAOYSA-N,OCNT-2310514,5.68251,5.067166069230001,5.5366473,5.3637577423429,4.7538454675,4.897271,4.519495149204841,5.421946,5.815489,5.600056,5.3048143,5.17198792,4.991633,5.31826525
2,1,GYTCLQMPVMJGFA-UHFFFAOYSA-N,OCNT-2314024,3.6739845,4.250232563230001,4.1858807,3.893066958834057,4.590004517980001,4.4684763,4.834465579788293,4.3894377,3.571037,4.50772,4.041087,3.580218852,2.86660925,4.1500045
2,1,GZOSMCIZMLWJML-VJLLXTKPSA-N,OCNT-0498125,5.27328,5.2275521109200005,5.6902013,5.790989517020364,4.069801072000001,4.2920637,4.168783097839711,4.975886,4.022589,5.215761,5.029579,5.464861375,5.32261625,5.59796675
2,1,HBIXLLBPTHZDRI-UHFFFAOYSA-N,OCNT-2316121,5.6232343,5.042131725309999,5.181937,5.248633540881393,5.430655284890001,4.8747716,5.450487907329045,5.1285186,5.6431856,5.3639765,5.3063593,5.497723967,5.3931135,5.59819125
2,1,HCLGXJOBTJHKMI-UHFFFAOYSA-N,OCNT-2314323,3.6186972,5.010326538980003,4.4308944,4.403280752039722,4.424502571140002,4.3454986,4.035621123975556,3.7293205,4.734451,4.221496,4.0775895,2.010933592,1.051175,3.357493
2,1,HFJBOFQTRHHVPS-NSCUHMNNSA-N,OCNT-2312041,5.195256,4.544544043740003,4.6413984,4.700127770869614,4.37287171914,5.0509677,4.605948203312853,4.832679,4.689932,4.8263664,5.2919545,5.93837573,5.855872,6.02209675
2,1,HJWNBMPWZUYAMW-UHFFFAOYSA-N,OCNT-2315280,5.2212796,4.85377937194,4.2248025,4.626974683615894,4.85981703533,3.9670157,4.885549256391448,4.9398746,5.1523414,5.019674,4.9976406,4.192617702,3.8984635,4.53182925
2,1,HTDLZOBEDKINPU-UHFFFAOYSA-N,OCNT-2316372,5.161703,5.046619161620001,4.738995,4.8710469693390825,4.839643599570001,4.6936545,4.604016341379049,4.813511,5.2765,4.927641,4.8713536,4.3684706,4.092716,4.77856825
2,1,HVPGCKQRNRGMTN-UHFFFAOYSA-N,OCNT-2310967,5.9831133,5.217849814329998,5.366268,5.5415987114000425,5.318198465529999,5.279281,5.433613675446808,5.304538,5.962771,5.454543,5.967667,4.90679488,4.72675925,5.1192215
2,1,HZGBJLLJFPERLR-UHFFFAOYSA-N,OCNT-2316975,5.1707387,5.304649993999999,5.5816536,4.978924271068015,4.926150795540002,4.9197044,4.522747718448636,4.9205184,5.804414,5.1155477,5.0737176,5.13316963,4.93405725,5.293395
2,1,IBLMLYIIJGOTCM-UHFFFAOYSA-N,OCNT-2308723,5.3581467,5.472448165840001,5.3962994,5.295518373993042,5.294716029660001,5.2310615,4.891109227522769,4.959493,5.3392973,5.059647,5.2614183,4.741873508,4.56873925,4.93460175
2,1,ICSDQXGOLJHMSK-UHFFFAOYSA-N,OCNT-2312317,4.538128,4.533307846400001,4.797084,4.488186821081375,5.048998721139999,4.551335,4.480298601370062,4.528913,4.240947,4.430294,4.6686835,5.050316592,4.8858565,5.201185
2,1,IDTRRSQXKMQLJW-UHFFFAOYSA-N,OCNT-2310158,3.9683337,4.711831698869999,4.9411383,4.4365629003008475,4.686164079209998,4.7963595,4.698567595866425,4.447693,4.2024503,4.0479217,4.5936155,4.463285895,4.21164225,4.8068855
2,1,IEEKGKCYWRAJSQ-LBPRGKRZSA-N,OCNT-2310163,4.794807,4.721272966880001,4.6948104,4.4398239793126475,4.737979041480002,4.6602964,4.8206491372036595,4.621586,4.8846507,4.5657897,4.484805,5.006135698,4.6177565,5.28551875
2,1,IHUNBGSDBOWDMA-AQFIFDHZSA-N,OCNT-2328400,4.29834,5.378705955959999,5.5332947,4.949692519352513,4.86898837657,4.831186,4.73559236706077,4.8067417,4.1234236,4.378703,3.8609834,4.81904756,4.68962625,4.9492525
2,1,IIVLHBGHMFXEAK-UHFFFAOYSA-N,OCNT-2311751,5.5421596,5.14362399455,4.8798375,5.174393399289912,5.454239757240001,4.888397,4.916031236267868,5.287847,5.333739,5.1403136,5.336873,4.796654733,4.585785,4.9910495
2,1,IJNUWPZEBUHKFT-UHFFFAOYSA-N,OCNT-2310303,5.286958,5.327801043810002,5.328447,5.311098986542057,4.919479889710001,4.5764875,4.948922212092142,5.0307026,4.873279,4.9241676,4.7260985,3.669168845,2.852335,4.12948075
2,1,IJSBTRZTQNHIPE-UHFFFAOYSA-N,OCNT-2309449,5.535668,5.336317468370002,5.533989,5.535743863006811,5.000756157820001,5.1163626,5.188375774306893,5.2828774,5.2505193,5.353008,5.383313,5.212759145,5.03991175,5.3841515
2,1,ILXVZKLXZOEKTC-UHFFFAOYSA-N,OCNT-2316099,4.354568,4.035670706000001,4.256946,4.027879460045282,4.16380056263,4.685297,4.528550039557676,3.8701365,3.7611873,4.8407435,3.929249,4.72899016,4.44062525,5.040725
2,1,IMSNSGWODHWPIM-UHFFFAOYSA-N,OCNT-2318647,5.8245745,5.4451676391199975,5.455303,5.567126203396361,5.34003007765,5.234547,5.259693155414214,5.4929156,5.246605,5.4154415,5.542615,4.981743517,4.812777,5.15769125
2,1,IMVPFMRRWDYSRZ-UHFFFAOYSA-N,OCNT-2315646,5.8426027,5.633343968440005,5.399617,5.641393104080732,5.37983728728,5.392052,5.573090814758058,5.537708,5.832996,5.5857553,5.5781274,7.341335027,7.2381775,7.44301025
2,1,INXQKQFVKVEEGI-UHFFFAOYSA-N,OCNT-2314813,5.10024,5.276164459799999,5.2399106,5.1283239497218425,4.72118659231,4.638693,4.673660133450043,5.211822,5.4062734,5.047995,4.8336635,4.75499872,4.558429,5.00548475
2,1,IOHJWSPUOJUMQL-UHFFFAOYSA-N,OCNT-2316117,4.027101,4.63205723069,4.773088,4.210922570594679,4.60641322927,4.915914,4.736786496662421,4.3578997,4.6918325,4.4814453,3.9339547,4.011577273,3.63206825,4.51143825
2,1,IQPUAVGREWPGSG-UHFFFAOYSA-N,OCNT-2318098,5.981952,5.273038690729999,5.3630834,5.3373309161629905,4.5496267553,4.770229,4.98511917174983,5.742348,5.5074506,5.850006,5.849933,5.857997395,5.7609655,5.9507445
2,1,IUWJSOWCLUIAFA-UHFFFAOYSA-N,OCNT-2316781,5.8241234,5.74938519855,5.744523,5.733342782077218,5.1601559772000005,4.9331217,5.01281457604102,5.328754,6.155901,5.7356997,5.590613,6.085547658,5.993899,6.17699975
2,1,IWGOKMFJOUAZQS-UHFFFAOYSA-N,OCNT-2309752,5.3832264,4.654059200209997,4.74108,4.308700442781877,4.594874264469999,4.2200074,5.027237658310405,4.9699097,4.932762,5.2426744,5.0799484,4.53786015,3.9402555,5.30930775
2,1,IZQGJBSGWYWETN-UHFFFAOYSA-N,OCNT-2318668,5.4631414,5.37300797727,5.171552,5.080763932628436,4.957910383789999,5.0243363,4.870799599604883,5.2428465,4.8820634,5.2218084,5.2905903,5.730354147,5.6054085,5.85285375
2,1,JBUYSVCDKUEWGF-UHFFFAOYSA-N,OCNT-2314301,5.361032,4.65554710641,4.683316,4.556123450249318,4.64398806463,4.658421,4.768329405411206,4.7190347,5.126166,5.053855,4.926988,3.736200485,3.179735,4.4157815
2,1,JBZFEESAMVTQMT-UHFFFAOYSA-N,OCNT-2309378,4.9389334,5.470422742329998,5.321473,5.266840347564093,4.74330723643,5.1095586,5.207510198215645,4.7668815,4.508996,4.879996,4.9055142,4.734020822,4.52590825,4.987882
2,1,JEGQPUIGZZGZOC-UHFFFAOYSA-N,OCNT-2317189,4.6808867,4.871514675120002,4.9413877,5.1317491818709104,5.051038183590005,5.034685,5.0307025379036805,4.368059,4.364288,4.396719,4.4654446,3.881641023,2.4397135,4.49147525
2,1,JGORGCVKTVDGCF-IYBDPMFKSA-N,OCNT-2316070,5.9617405,5.327709527580002,5.1209116,5.4212567887843175,4.805609871640002,4.966426,5.059588229368125,5.0084043,5.964626,5.624865,5.2307878,5.175081858,5.00315575,5.33092
2,1,JKRHRSTTXYTARO-UHFFFAOYSA-N,OCNT-2308693,5.6804814,5.0857626439600025,4.8670278,4.941645379530612,5.140886544499999,4.881318,5.0488802675109445,5.5983,5.976299,5.386744,5.3738728,5.764120808,5.68343275,5.84025125
2,1,JMYYWDLLJQSPOB-UHFFFAOYSA-N,OCNT-2316181,5.5932674,5.311414700810001,5.4178305,5.3470281245918105,5.040387722750002,5.20552,5.228612858151836,5.263948,6.0381126,5.506654,5.567586,6.571799018,6.48177425,6.66609425
2,1,JNDMSQNZXYTQFB-UHFFFAOYSA-N,OCNT-2308924,5.277544,5.038923786360001,4.943188,5.38184268095979,4.86737978464,5.096142,4.756619679440396,5.030614,5.775431,5.238764,5.106112,5.339429423,5.1820535,5.4679645
2,1,JOCLTLPPILWCOV-UHFFFAOYSA-N,OCNT-2314774,4.983277,4.875992366659999,4.831441,4.926923304016432,4.992044894110002,5.216074,5.252697618647097,5.25642,4.773474,5.400886,5.031775,5.244450755,5.09992975,5.377602
2,1,JOKFLBUKTHIUOP-UHFFFAOYSA-N,OCNT-2310463,5.8891616,5.6620907349200005,5.727856,5.513299911751193,5.53124730083,5.336772,5.274841922651615,5.4759235,5.4700756,5.266292,5.5972424,5.91640629,5.82407325,6.01039375
2,1,JPSILQZHLDXHAY-UHFFFAOYSA-N,OCNT-2313851,5.4695406,4.770571092669999,4.3914003,5.186980632831095,4.985544981460002,4.4905252,5.056574042004883,4.9989934,4.664136,5.097585,5.172635,3.29024339,1.74225,4.010045
2,1,JQCPEVJDVLLTJO-UHFFFAOYSA-N,OCNT-2318612,5.368432,4.460149971569999,4.494066,4.302012913454657,4.657116618160001,4.937271,4.8356404583134305,4.8460855,4.9877205,5.0546556,5.010461,5.101097193,4.919217,5.25859675
2,1,JQZAFNAQPXWADF-UHFFFAOYSA-N,OCNT-2317276,5.5318103,5.186666889929999,5.2417397,4.73537996243581,4.3294759280100035,4.068804,4.817854238872418,5.155503,5.4386663,5.324728,5.427755,5.50736365,5.27944975,5.646382
2,1,JSDLMHDVEMVGNS-UHFFFAOYSA-N,OCNT-2311413,4.9921403,5.258331839180001,5.252072,5.385749345066974,4.886448762789999,5.1727657,4.910270618385815,4.968395,5.116653,4.8608794,4.911764,5.312041045,5.1574005,5.4423485
2,1,JSJSFTYUFLJSPW-UHFFFAOYSA-N,OCNT-2310283,4.5016484,5.071202768910001,5.1717157,4.636485860882731,5.0906268723,4.8632717,4.666112239984443,4.556572,3.9258366,4.458739,4.4525857,3.434480737,2.67163475,4.01040125
2,1,JTVNALMSDWLPLH-UHFFFAOYSA-N,OCNT-2311003,4.5314255,4.964485387430002,5.1979403,4.924843637420686,5.502577840890001,5.2939367,5.339098366686779,5.2584534,3.690621,4.806003,4.782646,3.827603117,3.3533555,4.3552795
2,1,JUMJDUFSGJOBNY-UHFFFAOYSA-N,OCNT-2316215,5.8258758,4.96184600946,5.113887,5.529819843533891,4.856376183709998,5.4618707,4.948082387624392,5.045067,5.459267,5.163711,5.6525717,5.272406787,5.185647,5.35710475
2,1,JZGFHLNNHVLECJ-UHFFFAOYSA-N,OCNT-2310260,5.579359,5.03472144498,4.9576173,5.166417276020624,4.55666925874,4.8611774,4.785426840477591,5.224801,5.457712,5.3727975,5.392256,5.250553917,5.1581985,5.3324535
2,1,JZKURPYQVDAOOL-UHFFFAOYSA-N,OCNT-2309809,4.8680506,4.770253563160002,4.7862306,5.118934377988005,4.81416243528,5.1885595,4.948422642532568,4.7134714,5.3607736,4.885012,5.00333,4.815146673,4.445708,5.153794
2,1,KAGOYPMUEJNEHR-UHFFFAOYSA-N,OCNT-2309991,6.156041,5.013942127850002,4.3270264,4.612442066524017,4.54706196226,4.805681,4.8615076854438195,5.6611686,5.159954,5.507623,5.5266385,5.17612895,4.9977285,5.3514625
2,1,KBIFFZFLJCHRSB-UHFFFAOYSA-N,OCNT-2308529,4.660605,4.2547141123099985,4.4128184,4.620939537307155,4.809061824909998,4.1396904,4.62596440435924,4.4987817,4.2977953,4.552012,4.778864,5.021356355,4.8814065,5.11244725
2,1,KEFQOUBNQGJMHL-UHFFFAOYSA-N,OCNT-2314771,5.763612,5.527010404330001,5.0862093,5.381242404157485,5.401365149499998,5.1028986,5.30155701064746,5.538484,6.124832,5.487165,5.4095135,7.405144345,7.33256125,7.47909125
2,1,KGAOPTNPBILCQP-UHFFFAOYSA-N,OCNT-2310161,5.8014584,5.164390713,5.7664905,5.649183985929307,5.47820716867,5.4121647,5.67502207278833,5.8752904,5.549934,5.6490946,5.5087466,5.715288297,5.62646225,5.80296525
2,1,KGDBHTFHMFKVGM-UHFFFAOYSA-N,OCNT-2316654,6.0838447,5.167008494150001,5.5239887,5.7246814379315385,4.74752591021,4.7338343,4.827964564567286,5.20896,5.7555814,5.4036407,5.6693916,6.102473162,6.00966525,6.19600325
2,1,KIKPMPBGGCAAPM-UHFFFAOYSA-N,OCNT-2313403,4.9953904,5.15179441107,5.640584,5.181384678837494,4.69256862447,4.9617324,4.927897429853596,4.9199457,5.650073,5.1055236,4.766932,3.874877502,3.388001,4.2891965
2,1,KLULEELEFHAFLA-UHFFFAOYSA-N,OCNT-2314267,4.9862657,4.572793226030001,4.9734287,5.037463482206066,4.994912475500004,5.1042256,5.07127290767366,4.561945,5.4556313,5.0060534,4.672202,5.478312372,5.383688,5.56983225
2,1,KSBUCCHQYZBHTG-MWLCHTKSSA-N,OCNT-2311212,5.3793087,4.64535768309,4.9278235,4.92238802993898,4.42171995391,5.154695,4.323779889898308,4.6951046,5.0884557,4.723324,5.103307,5.108823635,4.967796,5.24202775
2,1,KTRFMBNZWVWXQT-UHFFFAOYSA-N,OCNT-2318111,5.645808,5.380959164530001,5.172032,5.74577036498501,5.438672169739999,5.431093,5.473992515043388,5.441332,5.306707,5.3652015,5.2455626,6.20336773,6.10718525,6.30032425
2,1,KTTAALOCUFXJDU-CQSZACIVSA-N,OCNT-2313586,5.1036634,5.24780767263,4.894845,5.037105337073107,4.975347557530001,4.965345,5.238948283390407,4.8616295,5.015854,4.9016047,4.698769,4.87605709,4.70736875,5.0401085
2,1,KUKLJYHYHRVBNX-UHFFFAOYSA-N,OCNT-2311204,4.9909234,4.653526039009998,4.880554,4.763588732006285,5.28686906983,5.3713,4.978277200443016,4.7034216,4.2772236,4.8555393,5.1301994,4.705323017,4.5411085,4.90118225
2,1,KUZJQXDTEWOIEK-UHFFFAOYSA-N,OCNT-2312554,5.6099825,5.3612474523800016,5.2726946,5.683183190285469,5.103821443060002,4.7541623,5.24733987687695,5.4969273,6.168718,5.6456895,5.546402,5.725068442,5.59466725,5.84733
2,1,KYICLBKPBDUCOF-UHFFFAOYSA-N,OCNT-2316966,4.040166,4.727748662649999,4.773088,4.0588290150378015,4.350816699460001,4.715188,4.612357195411717,4.289222,4.7157316,4.518262,4.104073,4.798313712,4.61836925,5.00219225
2,1,KYWIQEYVDXUQTE-UHFFFAOYSA-N,OCNT-2311264,5.0559993,5.43897788082,5.5121136,5.30867765216125,5.167474833330002,5.0682197,5.222896443251634,4.923302,4.460236,4.9802003,5.148784,3.243945388,1.621415,3.98947975
2,1,LECYDOCLLDKBAA-UHFFFAOYSA-N,OCNT-2315389,5.108868,5.033493584750002,4.9764957,5.084154032876157,4.961033553310004,4.6381335,4.806137819561011,4.8774652,5.828918,5.0992413,4.933282,5.990778608,5.8626795,6.11655025
2,1,LHCOPLUTYHCPEN-UHFFFAOYSA-N,OCNT-2310242,5.9060097,5.626907864059999,5.150647,6.011160741036986,5.07756088989,4.8884726,4.846383312356918,5.6216316,5.9623275,5.7579846,5.8019476,6.372552588,6.1480355,6.55327575
2,1,LJFXZOYYLNSQSQ-UHFFFAOYSA-N,OCNT-2310827,4.555434,4.67160601512,4.4530725,4.4019690791749175,4.447595342350002,4.832794,4.65626323395292,4.3669853,4.3820004,4.8651214,4.5151634,5.020298527,4.845762,5.161014
2,1,LNKZWMHWZLHGNP-UHFFFAOYSA-N,OCNT-2315034,5.2189445,5.355221760699999,5.7060423,5.169167768744102,4.615541192130002,4.2390156,4.857541390009021,5.052864,5.0566545,5.041641,5.326882,6.252203423,6.164725,6.34218325
2,1,LPKCTGUWFTZGHX-UHFFFAOYSA-N,OCNT-2312493,5.4285574,5.26625995996,5.311608,5.709409304248445,4.907137573700002,4.457585,4.366101688779914,5.1113124,5.250971,5.2408795,4.949206,5.516313213,5.42871225,5.60128425
2,1,LQUSNRYERYWFOJ-UHFFFAOYSA-N,OCNT-2311728,5.220771,4.9130341276300005,5.248311,4.695630090771288,4.955203878530001,5.2376575,5.1706977737153785,4.9805603,4.965799,4.831408,4.8792496,5.600461978,5.4687795,5.70778225
2,1,LRAHSUQSFTWJQM-UHFFFAOYSA-N,OCNT-2310368,5.326122,5.371046038740001,5.2255597,5.552093580586504,5.283953692279999,5.254513,5.077614161851239,5.250007,5.271959,5.4339423,5.0362654,7.069229052,6.983649,7.15433675
2,1,LRWJIQBFQXCVOD-UHFFFAOYSA-N,OCNT-2318583,4.67574,4.328747301760001,5.0276694,4.600619750833,5.22406493073,4.9367,5.31855738083295,4.827914,5.427364,4.995778,4.9091716,3.823268413,3.2284415,4.25611875
2,1,LVWKFZKZBVNNLM-UHFFFAOYSA-N,OCNT-2311908,5.6917143,5.593699154169997,5.455303,5.68216047212501,5.384622273930002,5.2566824,5.112980171337559,5.48678,5.1693454,5.4292455,5.343455,5.514505087,5.434539,5.59768875
2,1,LWVXLFNOBPUVIX-UHFFFAOYSA-N,OCNT-2312288,5.716637,5.65822983636,5.6047807,5.607430907890768,5.329164083389998,4.929446,5.436016869929052,5.570197,5.5143833,5.355887,5.570855,4.817996628,4.610838,5.04520275
2,1,MBWXNTAXLNYFJB-NKFFZRIASA-N,OCNT-2328553,4.201287,4.872325046590001,5.112469,4.513054021880489,4.070123455450001,5.012395,4.498471443552058,4.0721292,4.3910713,5.0020256,4.858515,5.06714608,4.85396375,5.23915625
2,1,MJBFYSJSWHNXSF-UHFFFAOYSA-N,OCNT-2318024,4.1223993,4.87020650907,4.9726834,4.852825850624933,4.50518036659,4.6454253,4.816778228192988,4.149027,4.3922367,4.5342994,4.397278,4.42591923,4.153679,4.8327245
2,1,MLWJNKOKQZCQFM-UHFFFAOYSA-N,OCNT-2309042,5.2913814,4.935998645390003,5.039525,4.795876534920795,4.870735299960001,5.28298,4.993420986836912,5.513009,5.0154624,4.63067,4.9875627,4.096998445,3.7352795,4.63813575
2,1,MVJHLUDLKQPIKW-UHFFFAOYSA-N,OCNT-2314003,5.8903184,5.5131146914699976,5.3657336,5.112138503207011,5.39144887789,5.32312,5.575072325621324,5.5140853,5.9253063,5.6992965,5.788917,6.796123202,6.6568915,6.93849775
2,1,MWUXHAOXKVPJBX-UHFFFAOYSA-N,OCNT-2309935,5.213272,5.070519895700002,5.00323,4.676331515904465,5.147827703889999,5.0242805,5.0066985117952205,4.9374137,5.088049,5.0368013,5.3013825,5.532844648,5.43391625,5.62858325
2,1,MXOSBTWGOGZZER-AZOXIEDXSA-N,OCNT-2318405,4.983788,4.5503143779499995,4.5913057,4.872066099697071,4.486989668410002,4.8318253,4.735713293983808,5.024583,4.3239846,5.191118,5.004576,4.664680495,4.4422185,4.92801725
2,1,NABUIGWXEXMHMS-UHFFFAOYSA-N,OCNT-2308600,5.506413,5.696824115959998,5.320744,5.541629811884198,4.9039978070900005,4.8444657,4.8253612047188446,5.0413475,5.249723,5.2193904,5.372482,5.030569498,4.86822,5.1897335
2,1,NDYIXONJSDUIQJ-UHFFFAOYSA-N,OCNT-2311745,5.2845497,5.023095198470004,4.7234683,4.694222463806681,4.7223922161799985,4.2163844,4.468076700870296,4.9758887,4.618043,5.0673366,5.2694583,5.596332057,5.46664,5.7144315
2,1,NEUSVAOJNUQRTM-UHFFFAOYSA-N,OCNT-2328787,3.6144674,5.096330004760003,4.5930905,4.884544191982647,4.666371178500001,4.686384,5.001633980502441,4.4838047,3.5564287,4.8950453,4.4183235,4.77122071,4.6791955,4.866684
2,1,NHYLLYGTERGNBE-QWRGUYRKSA-N,OCNT-2318448,5.6586866,5.072752643170003,5.406075,5.423705045525808,5.0309998926400015,5.2566824,4.972075973939792,5.404987,5.98408,5.6032124,5.7170653,5.958262605,5.85261,6.064628
2,1,NKOPTHMKGIKTFB-UHFFFAOYSA-N,OCNT-2309634,5.158677,4.592074191020001,4.9037557,4.54226032648354,4.713586102919998,5.225493,5.030222643588281,4.433541,5.5134706,4.951288,5.1933413,5.619969043,5.5183805,5.713324
2,1,NNTMZAGJQBDZRO-UHFFFAOYSA-N,OCNT-0283087,5.5367675,4.872854763910001,4.9374228,5.191391253446018,5.287228427770001,5.377822,5.285413385715204,4.8366356,5.8549466,5.3796225,5.2410283,5.844020868,5.7230345,5.9633505
2,1,NNYMFTQOHMHWPE-UHFFFAOYSA-N,OCNT-2315093,4.5987377,5.020698480300001,4.2829084,4.879632296575277,5.273633840779999,5.202047,4.879938387602616,5.103085,5.5445857,4.4850526,4.3270793,5.309402598,5.08457825,5.46988225
2,1,NOZNOJWPUJFYMU-UHFFFAOYSA-N,OCNT-2316693,5.272527,4.2765451522500015,3.8345664,4.301869838875433,4.764669682010003,4.9272714,4.549059267791398,4.714713,4.3626432,5.0284114,5.1891794,5.440881145,5.30799875,5.550906
2,1,NPTOPOGVOJXVQG-UHFFFAOYSA-N,OCNT-2312445,5.3635626,4.8977105816,5.159247,5.189135683027813,5.071968275280001,4.7391214,5.2448123700758345,4.9465013,4.8843393,5.3102217,5.161267,5.093610163,4.957877,5.19833225
2,1,NSRZZYJURUMVCD-UHFFFAOYSA-N,OCNT-2311279,5.0020566,5.278210620890002,5.232699,5.127078581826615,4.699768508480002,5.0444794,4.577654535056895,4.789987,5.187765,4.891419,4.578789,4.621964258,4.41104,4.9033155
2,1,NTQGLVXAIXWVHU-UHFFFAOYSA-N,OCNT-2314807,5.9917593,5.464769199299999,5.629411,5.748976695608099,5.154306482720001,5.2813106,5.286152016203084,5.9374933,6.060895,5.7534018,5.8157263,5.24065141,5.051678,5.40612175
2,1,NXEKYIWIFDTJEQ-UHFFFAOYSA-N,OCNT-2310153,5.165848,4.40458224616,4.870347,4.413189679426231,4.9995458180700005,5.593131,5.404059499331478,4.7771087,5.1175733,4.73919,4.8863854,5.743245413,5.65311325,5.83780075
2,1,NXFYQARCVGKCRR-UHFFFAOYSA-N,OCNT-2310956,4.32455,4.632646278760002,4.609638,4.754564432148529,5.18199136884,5.1183805,5.147920813756007,4.5199084,4.724763,4.3411937,4.1730285,4.399326245,4.07094275,4.89729075
2,1,OCAPBUJLXMYKEJ-UHFFFAOYSA-N,OCNT-2328447,6.008642,5.57740934128,6.0070796,6.004282113956254,5.532014164310002,5.0869513,5.467620429131915,6.0055027,6.3502445,5.848653,5.6880445,5.643812715,5.551477,5.7303315
2,1,OCIXNTJMRJNLDM-UHFFFAOYSA-N,OCNT-2316100,5.4401965,5.2187013118699985,5.07523,5.3141767667537545,5.19477154625,4.590444,5.440451404292711,5.050883,5.8698564,5.280971,5.0935135,5.43887023,5.295858,5.58295325
2,1,OCPSMTDXYDJWPR-UHFFFAOYSA-N,OCNT-2317025,4.6083336,4.9177243834899995,4.9985886,4.793114512007741,4.74731305844,5.055809,4.774603305659526,4.6046867,5.0484047,4.674332,4.7998314,4.12770464,3.74358525,4.7832135
2,1,OGHNVEJMJSYVRP-UHFFFAOYSA-N,OCNT-2328546,5.4607315,4.83509688205,5.132406,4.513012470839006,4.936023984550001,5.1301394,4.728677421859144,5.4460864,5.887478,5.233611,5.275529,5.133739167,5.0235385,5.227482
2,1,OLJDXACHTKESBX-UHFFFAOYSA-N,OCNT-2310942,5.809293,5.632018632760003,5.3383226,5.302977101633299,5.250388922530001,5.2939367,5.177494998644253,5.228449,5.338384,5.295126,5.202756,5.535560795,5.39354875,5.65165075
2,1,OQNXHUMGKSWJDA-UHFFFAOYSA-N,OCNT-2315618,5.754987,5.408625994720001,5.451991,5.586625876422172,5.43488216776,5.438239,5.388881682553957,5.656003,6.0673485,5.4577694,5.3544307,6.425365415,6.3179745,6.5343305
2,1,OQWDBCXAINMZFS-UHFFFAOYSA-N,OCNT-2311797,5.7629704,5.552218380140001,5.2646527,5.122353873341367,4.779496730000002,5.321574,4.904306800232192,5.186209,5.6057053,5.58244,5.8301697,6.030438043,5.9390295,6.12149075
2,1,OTNGFHKZEVTRBS-RTBURBONSA-N,OCNT-2313778,5.0901527,5.409169252290001,5.5888906,5.439994756604552,4.557302067520002,3.9428117,5.147161530565152,5.035552,5.0865297,5.16654,5.376138,5.030950358,4.83841925,5.20294375
2,1,OUBMGJOQLXMSNT-UHFFFAOYSA-N,OCNT-2328950,5.1425257,5.4020674277700005,5.3314295,5.309632468124248,5.10016821145,4.7104244,4.717019957445408,5.3715625,5.188902,5.326218,5.312369,4.640730533,4.5231395,4.78086425
2,1,OVSRILAVJGUBPG-UHFFFAOYSA-N,OCNT-2315888,5.4745493,4.8540674804999995,4.68794,4.720303445448495,4.6480502882399986,4.832794,4.6956142046667795,4.956467,4.33419,4.68895,4.813565,6.387175635,6.25914575,6.51836125
2,1,PPVQWVLWUBDSJV-UHFFFAOYSA-N,OCNT-2318269,5.3476834,5.028484490330002,5.1969156,5.540901910808131,5.181851451029998,5.1646476,5.210631526073334,4.754644,5.4272184,5.0041966,4.9052725,5.08601735,4.64866475,5.39795375
2,1,PVLYROGYOCQWRM-UHFFFAOYSA-N,OCNT-2308553,5.190713,5.01755521825,5.1551204,5.079998958419945,4.743800607710001,4.4345036,5.07241403650974,4.5752945,4.8042507,4.803602,5.224668,5.15728653,5.04877525,5.247212
2,1,PWHROYKAGRUWDQ-UHFFFAOYSA-N,OCNT-0497719,5.582396,5.217581893990001,5.428505,5.245873480397294,5.519896318619998,5.2538123,5.255508761481795,5.60667,5.52664,5.437171,5.475537,5.412951787,5.1817775,5.58407675
2,1,PXPKYKXGURFWCP-RBUKOAKNSA-N,OCNT-2312333,5.1354146,5.115766372520001,5.150364,5.35396685384248,5.46906737139,5.2954593,5.126883035386326,4.8333373,4.6318593,5.005287,5.0588737,5.51412108,5.387988,5.6267855
2,1,PYIWSJVAJVCDJD-UHFFFAOYSA-N,OCNT-2309448,5.8136325,5.427446447239998,5.887597,5.714836887195229,5.1228332656800015,5.1644197,5.085188356094136,5.387861,4.8393674,5.4088974,5.44404,5.825900875,5.72293525,5.92187175
2,1,PZBMCIRQTJSXEM-UHFFFAOYSA-N,OCNT-2309599,5.6323614,4.734528476789999,4.5034637,4.266968143202365,4.80998088733,4.96847,4.768179135531106,5.125664,5.847143,5.1485,5.4009213,5.153638547,4.9495605,5.37137275
2,1,QBYDWUJJEQGRNB-KZUDCZAMSA-N,OCNT-2317783,5.088603,4.677467127000001,4.5025053,4.70267723564883,5.316932111370001,5.4464674,5.145490110870543,4.845684,5.1603026,4.650815,4.8769894,5.659574443,5.54055725,5.7874255
2,1,QFPYRHOSMPRHMQ-IEBWSBKVSA-N,OCNT-2311803,4.037943,4.2273985632199995,3.5364146,3.4924233628624988,4.47778007597,3.7581697,4.3218142701960005,4.0553427,3.811843,4.3731194,3.9329305,3.85523884,3.32777725,4.2661555
2,1,QFYYABUCQMXEAW-PJYWTSEFSA-N,OCNT-2316247,5.4930124,4.643545407830001,4.2652574,4.439938413552211,4.600360933699998,4.6981363,5.087086408547985,4.8031025,5.515295,5.0287423,4.822705,4.985597317,4.78020825,5.18127425
2,1,QHZBFBPFQWLGHR-UHFFFAOYSA-N,OCNT-2314217,5.5560756,5.370788457519998,5.5644884,5.583038282963627,5.4023136620499965,4.8236613,5.212083035677892,5.5227513,5.179978,5.431174,5.579821,4.883194592,4.68460775,5.12229775
2,1,QNQSCXODGQCIFA-UHFFFAOYSA-N,OCNT-2318585,5.871221,5.487489867760001,5.455303,5.326344498634135,5.192921872450001,5.3656135,5.310780061405263,5.7243342,5.837423,5.482846,5.5635114,5.56130717,5.47979925,5.6461105
2,1,QNTHWRNJSZFTQQ-UHFFFAOYSA-N,OCNT-2311387,5.5097423,4.969136462800001,5.0441327,5.202745564805374,5.2668929679200005,4.9223948,5.286878395121924,5.2165074,5.370126,5.346074,5.3836546,5.03445958,4.84659025,5.17683025
2,1,QQISPTBFJAYJMO-UHFFFAOYSA-N,OCNT-2309324,5.339603,4.896013256590001,4.51915,5.327188160184908,5.03380458927,4.6024275,4.817818738943609,5.1753345,4.9011326,5.0442214,5.268958,4.751570948,4.48313675,5.09186
2,1,QQTARCVTVSIJRX-UHFFFAOYSA-N,OCNT-2311651,5.7462854,5.3170094798599985,5.3462377,5.025497511892203,5.078032561549997,5.4304347,5.484524296977137,5.4940743,4.843972,5.2972775,5.3790336,6.545058893,6.46323375,6.62659375
2,1,QSAXWMHCRIGKBT-UHFFFAOYSA-N,OCNT-2314136,5.9512987,5.248711565270001,5.255916,5.273661774722456,5.149061467650001,5.1823893,5.11791435003086,5.1114135,5.9204373,5.5217786,5.4420276,5.092065247,4.94721,5.2322085
2,1,QVVSKZGCFJDBDW-UHFFFAOYSA-N,OCNT-2311135,5.503968,5.312023417880002,5.5738516,4.8549988268064705,5.27125075266,5.2236743,5.35544758109238,5.460806,4.979519,5.3903427,5.382063,3.527385155,2.54999925,4.1111975
2,1,QWZDDQDPRVIWED-UHFFFAOYSA-N,OCNT-2309665,6.0788574,5.559823697009998,5.633234,5.721972992461284,5.302710207720002,5.560535,5.383554266718589,5.592354,5.8167915,5.6077757,5.7343974,5.392889668,5.284828,5.49828875
2,1,QYHDOFQZWNVICE-UHFFFAOYSA-N,OCNT-2314460,4.095196,4.341811462440002,4.7869315,3.8756562697247623,4.9221421559200005,5.4128404,4.9997472048586165,4.2707567,3.9616218,4.0254765,3.95128,2.27034177,1.08051,3.60961325
2,1,QZAUUTZZYACFFE-UHFFFAOYSA-N,OCNT-2314951,6.127026,5.470113851409996,5.4808927,5.596405618997891,4.962640517600001,5.276845,5.2100154377772006,5.9186563,5.9798546,5.7304316,5.6021156,7.948524865,7.85454225,8.0446455
2,1,QZKFAVIPPGQIGR-UHFFFAOYSA-N,OCNT-2310214,6.0202756,4.86098454235,4.763588,4.769598840804209,5.383677052070001,4.7232647,5.025529820667099,5.8966155,6.0859423,5.7052937,5.9813004,5.464391818,5.36966,5.55245075
2,1,QZYHSGIUISZPJP-UHFFFAOYSA-N,OCNT-2316009,5.360684,4.918833289570001,5.324781,4.942322504388813,4.469287933770002,4.9202414,5.023851463081934,5.0960627,5.0517855,5.1991267,4.9283385,5.295798028,5.190333,5.381211
2,1,RAJNREHOKVVGSQ-UHFFFAOYSA-N,OCNT-2312338,4.2594433,3.9018501855999994,4.250634,3.384273393798585,4.232521472230002,4.17027,4.6153641800979,3.8927345,4.1135507,4.399645,3.7188034,5.139160525,5.0241975,5.2429805
2,1,REYVFBVYQGYJLO-UHFFFAOYSA-N,OCNT-2315954,4.847515,5.09421352563,4.8994675,4.659934415625169,4.594445891310001,4.5525217,4.722850243654742,4.8868957,4.4591856,4.824332,4.923403,4.920125312,4.72008875,5.1174725
2,1,RHDJRPPFURBGLQ-UHFFFAOYSA-N,OCNT-2328420,5.9995847,5.350532915409999,5.328447,5.315274502337399,5.191908195040002,5.2722397,5.118725560991903,5.7088556,5.931579,5.468427,5.758048,6.129806315,6.030439,6.223367
2,1,RHPDMWWOYAMIHK-UHFFFAOYSA-N,OCNT-2317730,4.4542866,5.06172732593,5.305484,4.7803617874098245,4.628090007450002,4.8861265,5.012464806242324,4.5123873,4.767499,4.445414,4.1910653,2.92877059,1.1165985,3.92638
2,1,RJMHLGGYHZCNAH-UHFFFAOYSA-N,OCNT-2316612,5.470819,5.211885863039998,5.00323,5.100303944963236,5.144419068440002,4.9451923,5.239879767501449,5.238534,5.112424,5.3098803,5.33574,4.938836255,4.76887975,5.08483825
2,1,RLRTYDNYGVMPHP-GYSYKLTISA-N,OCNT-2311088,5.6011634,5.29994402338,5.086589,5.257601451416243,5.08842939655,5.5246773,5.214578457010807,5.5354424,5.517717,5.3952947,5.3483663,5.744338573,5.57154025,5.91131125
2,1,RNTOIGRBODRYSF-UHFFFAOYSA-N,OCNT-2315765,4.594101,4.55167635354,4.386731,3.5154608454648084,4.838644016080002,4.8307457,5.016996524418291,4.421353,4.694273,4.7971144,4.854502,5.507745453,5.3963015,5.60921375
2,1,RQGVCACJTCSQTN-UHFFFAOYSA-N,OCNT-2308470,5.678511,5.488169776000002,5.506589,5.347329785782196,4.901400543390002,5.0693913,4.919801709232964,5.604409,5.309578,5.3953524,5.1744967,5.107489447,4.972475,5.2167005
2,1,RUOKEQAAGRXIBM-GFCCVEGCSA-N,OCNT-2328726,4.9746895,5.145533952859999,5.1717157,5.034215535310326,4.940243902920003,5.2745676,5.381902682903609,5.5423336,5.1148734,5.40423,5.087039,5.322439375,5.1586165,5.4610935
2,1,RUXZYHOPVWESOO-MNOVXSKESA-N,OCNT-2318230,5.8571754,5.102898496910002,5.400776,5.395682562762114,5.15212596928,5.96894,5.43673474741669,5.5723534,5.7856746,5.602757,5.6745176,5.454511877,5.31307425,5.57897275
2,1,RVHUFXYUBLORMD-SKDRFNHKSA-N,OCNT-2316783,5.21731,5.560797517019999,5.6478944,5.560617263109207,5.415082776680004,5.494453,5.359504418967552,5.4677076,5.658812,5.509795,5.290272,7.491871585,7.4044675,7.58089275
2,1,RVMONIUXPWNMOU-UHFFFAOYSA-N,OCNT-2316464,4.923585,4.99268921493,4.8172374,5.06350763845579,5.076889987720001,5.0405464,4.676326130639662,4.623103,4.2278123,4.85736,4.7062755,4.97757222,4.77732175,5.1456855
2,1,RXVUZHPPZZQGHY-UHFFFAOYSA-N,OCNT-2312352,5.449688,5.483998818060001,5.5449424,5.52828370350971,4.9063911980600015,5.0447273,5.277962324071892,5.100808,5.8313417,5.0275354,5.1079583,5.39070074,5.2707975,5.49787725
2,1,RYPJUMIOOIDIQY-UHFFFAOYSA-N,OCNT-2314410,6.0499015,5.379774732389997,5.320744,5.519873176695603,4.996190242610001,4.8628464,5.046771536199264,5.559251,6.000699,5.438207,5.3866134,6.97618021,6.89044925,7.05895175
2,1,SCISKZABYYDABD-UHFFFAOYSA-N,OCNT-2314896,4.586375,4.812216305150001,4.48004,4.085603010296565,4.197604778719999,4.993049,4.323400887792778,4.5867767,4.8373857,4.6834598,4.771022,5.191857085,5.01224775,5.38121375
2,1,SDFDUAQZYLINDJ-UHFFFAOYSA-N,OCNT-2310706,5.1949058,5.0133974216200015,4.9068594,5.0297514692885406,4.7129232846299995,4.516549,5.05382320249471,4.970138,5.4768553,5.00052,5.0797653,5.77169407,5.6967865,5.85038175
2,1,SGCPYVGCKOGTOH-UHFFFAOYSA-N,OCNT-2310035,5.141301,5.2235964335799965,5.403768,5.466977572079044,4.85347235215,5.005246,5.031305114213146,5.0529494,5.656377,5.1471524,5.2090816,5.83376288,5.73598375,5.93136525
2,1,SLHPOKMDXGIIDD-UHFFFAOYSA-N,OCNT-2311984,5.2555585,4.886484239510002,4.8028097,4.211498808564103,5.042639242140003,4.8383875,5.139901577983817,4.6711226,4.6370716,4.5948777,4.871698,5.39711074,5.27321675,5.49914225
2,1,SLVCIRWUTNDVDY-UHFFFAOYSA-N,OCNT-2308768,5.7958665,4.923780633690002,4.9541197,4.975868946924445,5.216502299640001,5.2889624,5.339684276539478,5.219991,5.4437633,5.026958,5.6050806,5.177702333,5.008119,5.300481
2,1,SMUXAFUMKFMQDV-UHFFFAOYSA-N,OCNT-2308998,5.744778,5.071654639749999,5.000499,5.48331494847763,5.299264863410001,5.0480266,4.914591840972695,5.2025876,5.222943,5.3016834,5.649441,6.262584408,6.17750775,6.34723425
2,1,SNAQXHFRULWQCO-UHFFFAOYSA-N,OCNT-2314335,4.625798,4.916415227079998,4.683424,4.640924792023609,3.991940917310001,4.6497636,3.9173307949456855,4.0233865,3.6707072,4.5959907,4.7093387,4.86428017,4.63389325,5.0523425
2,1,SOJFGIZPXDBJNT-UHFFFAOYSA-N,OCNT-2314226,5.208816,5.7585989925400005,5.7404485,5.859300663313835,4.809134249250002,4.74144,4.927908119315988,5.203042,5.7337193,5.2911377,5.211527,7.444914285,7.34896975,7.538026
2,1,SPFTVLLFVMGJJE-UHFFFAOYSA-N,OCNT-2309503,5.3151693,5.501661670399999,5.406371,5.404298547335937,4.62496171826,5.080635,4.661251365849897,5.0681634,5.6218853,5.3176637,5.544587,5.269682055,5.07875625,5.42611025
2,1,SPHVEWZRWTZJGL-UHFFFAOYSA-N,OCNT-2309500,4.213338,4.411082199510001,4.2614446,4.09633114563589,4.556299535820001,5.069525,4.69273726411255,3.8995543,4.600928,4.0310884,3.7034628,3.363730327,2.27937425,4.00661
2,1,SRSBGXOXMZZOHE-UHFFFAOYSA-N,OCNT-2311907,5.561401,5.227747022929999,5.735351,5.464973679543374,5.52281404438,5.559085,5.343636808271005,5.610157,5.4856997,5.3569546,5.18931,4.985611022,4.78874875,5.16296
2,1,SVDYMXAJCOKQLE-UHFFFAOYSA-N,OCNT-2309918,4.0492043,4.423825625530001,4.4177265,4.138538239099064,4.500609734239999,5.2753186,4.6535452484175215,4.245523,3.7376914,4.436523,3.6874585,2.801646928,1.17153425,3.9173995
2,1,SXDCQGPXENGXSP-UHFFFAOYSA-N,OCNT-2308854,6.277896,5.627573941470003,4.79135,5.364594166588474,5.31189942304,5.2319756,5.54790666987529,5.670205,6.2586727,5.900563,6.0390797,5.307070495,5.1411185,5.459531
2,1,SZWIAWLUABGOBA-UHFFFAOYSA-N,OCNT-2317870,4.9051795,5.15724015154,5.2138023,4.8993412453145435,5.2585604234100005,5.122376,5.244121912104889,4.736755,5.3376417,4.7609935,5.1138577,5.205859023,5.0365355,5.34627175
2,1,TUTNRJIYQDWINN-UHFFFAOYSA-N,OCNT-2310433,5.251985,5.213095914820001,5.451642,5.362826377463652,5.313591734069998,5.1636724,4.9783088561437685,5.2239723,5.848746,5.318009,5.0752034,5.96082651,5.85425375,6.0691845
2,1,TVVHIDPDFJESIK-UHFFFAOYSA-N,OCNT-2311630,4.492179,4.160060645190002,3.850148,4.281342800776316,4.8067578954900005,5.0689316,4.852168126865934,4.2795343,3.7853093,4.5153713,4.2092276,2.297180992,1.0637975,3.67196025
2,1,TXNKXQDNBUHNOQ-UHFFFAOYSA-N,OCNT-2316582,5.3385634,4.729898282,4.8547525,4.73676170884618,4.69178943822,4.314452,4.836142296583389,4.8114047,4.571972,5.1309953,5.3397617,5.060224675,4.878634,5.1829105
2,1,TYRIPLONOSVEED-UHFFFAOYSA-N,OCNT-2312312,4.810957,4.9200712414300005,4.987833,5.413592111736571,4.831871398720002,4.7249722,4.923099796258009,4.840095,5.1382613,4.7978916,4.6180863,5.232058398,5.06312625,5.36816125
2,1,ULZMMJCEUCGMST-UHFFFAOYSA-N,OCNT-2312610,5.728711,5.463552813370001,5.6078353,5.568741559212803,5.396598509220002,5.131168,5.1670225687859235,5.397864,5.40455,5.4182405,5.3338337,5.845306095,5.74101325,5.9451485
2,1,UNPQSWQHGFDJGF-UHFFFAOYSA-N,OCNT-2315978,5.7316213,5.750743297739999,5.7960935,5.658116130811859,5.321458987129998,5.616911,5.746781335253436,5.669684,5.633069,5.5428596,5.5656056,3.227332695,1.49438275,3.98583325
2,1,UNRZRJRVVBVATF-UHFFFAOYSA-N,OCNT-2314273,4.740557,4.47303666883,4.5577354,4.709725174760313,4.97550858043,4.899842,5.029609508492829,4.567189,5.2600718,4.559429,4.295901,5.572826473,5.476115,5.6680105
2,1,URZCPZIXXWCLIY-UHFFFAOYSA-N,OCNT-2312495,5.9318886,5.438799449929999,5.392703,5.519751064038692,5.447193049970001,4.9191914,5.391365425500956,5.424967,5.3631983,5.3210335,5.5057173,4.5556559,4.36162825,4.82298325
2,1,USSDJCJWNVCANP-LLVKDONJSA-N,OCNT-2311055,3.7845786,3.987762337929998,4.042423,3.4021925472574104,4.42913380677,4.693676,4.395315498726569,3.890831,4.1257987,4.046921,3.6267972,4.180272677,3.85768475,4.560246
2,1,UWNDLRVKSDTTRP-UHFFFAOYSA-N,OCNT-2315112,5.66944,5.426145444679998,5.2958493,5.400807217197503,5.034556062629999,5.080003,5.096059203594074,5.2308874,5.8300223,5.178223,5.3772683,5.673541682,5.565823,5.78062075
2,1,UXPCXNWXWKQOER-UHFFFAOYSA-N,OCNT-2310262,5.0345154,4.833235341239999,4.966785,4.501749950216465,5.0656891278100025,4.7201066,5.128147103956107,4.695937,4.488146,5.085761,4.93279,5.504600788,5.41274275,5.612002
2,1,UYUUAFPDPUVZAK-UHFFFAOYSA-N,OCNT-2315456,5.264779,4.687336032670001,5.0129457,4.642636366105039,4.696573487740001,4.9129076,5.197057204958844,5.092162,5.386572,5.086942,5.164105,1.971150622,1.052412,3.17316825
2,1,UZNUUAMSRUJWQX-UHFFFAOYSA-N,OCNT-2312594,5.324608,5.1674957244499975,5.04653,4.805762891857085,5.046434241980002,5.131168,5.147298075974526,5.0616837,4.79422,5.0228925,5.07883,5.717458035,5.6417475,5.79225275
2,1,VCKUSRYTPJJLNI-UHFFFAOYSA-N,OCNT-0022316,4.0601516,4.073860439649998,4.2710667,4.118056314704929,4.232870600089998,5.0736513,4.368947382547185,3.986639,2.9473772,4.074681,3.6215525,2.131196685,1.05390125,3.25483875
2,1,VDDCFMULUARAJA-UHFFFAOYSA-N,OCNT-2316115,5.2484226,5.207809464390002,4.869209,4.905325927185826,5.179396621790001,5.0283327,5.347142524175741,4.9098835,5.270245,5.140316,5.196906,4.83507146,4.26064825,5.58655475
2,1,VEOLTILWHRWFDA-UHFFFAOYSA-N,OCNT-2313602,4.02356,3.9927690287800033,3.7580044,4.375756027884501,4.468684354779999,4.4787283,4.349738470737991,3.9446793,3.6562324,4.038552,3.2111037,2.768636125,1.14171975,3.80467225
2,1,VFYQKMRHQYQUKQ-UHFFFAOYSA-N,OCNT-2311338,4.663794,4.555880048410002,4.4395537,4.423156613486532,4.44731659294,4.70213,4.521673247263084,4.7088833,3.787897,4.58414,4.260933,3.803538005,3.34563225,4.32810225
2,1,VJOLPRXCRRLZKY-UHFFFAOYSA-N,OCNT-2309576,4.21726,5.033696895530001,5.177449,5.000759841936191,4.9436996561500015,4.7101636,5.010753933147604,4.365077,4.1323357,4.6613016,4.361879,4.411497823,4.19016925,4.741262
2,1,VKKZQUBBITUCLX-UHFFFAOYSA-N,OCNT-2310423,4.760883,4.674639430690001,4.989721,4.536446725601835,4.69187168623,4.614605,4.654642679371576,4.6782722,4.62041,4.7261863,4.7620254,3.659686757,3.06325,4.27551875
2,1,VPPGWCWDOYSEGZ-UHFFFAOYSA-N,OCNT-2315636,5.4647045,5.022361652449999,5.1052103,4.967813335115665,4.8052195751000015,4.936594,4.641104124102078,5.4699183,5.602422,5.394565,5.338671,5.478182625,5.40159,5.55965625
2,1,VTTXKWNUEYBJHG-UHFFFAOYSA-N,OCNT-2311783,5.8682137,5.388629599809999,5.2324147,5.02235969923524,5.240004782160002,4.9075284,5.315661765790435,5.3305736,5.126511,5.386116,5.4509935,5.76846985,5.680404,5.8510315
2,1,VWXNHHNSTRKTRD-YUZWYKEKSA-N,OCNT-2311731,5.242392,5.27591912251,5.4460487,5.345852113147367,4.5385215919399995,4.3108125,4.605004587248801,4.5748525,5.912001,5.0068145,4.808379,4.81363868,4.619334,5.04332325
2,1,VYKYJWRYICVBEY-UHFFFAOYSA-N,OCNT-2316683,4.943758,4.743667039720002,5.106216,4.616773761514066,4.737890479239999,4.6619525,4.755297270486139,4.642126,4.6101384,4.3820906,4.823975,3.862122165,3.3623225,4.42182275
2,1,WBWNBROSFREOPO-WFASDCNBSA-N,OCNT-2309977,4.9844155,4.6250600447300005,4.5460706,4.986650296725241,4.730388135870001,4.9939694,4.662084176526847,4.742887,5.0384445,4.884433,4.869907,4.80178124,4.55866875,5.09441175
2,1,WCXGBOSREZEJPV-UHFFFAOYSA-N,OCNT-2312358,5.21424,4.832724953509999,4.381803,4.665142127211216,4.913526311690001,5.2239766,4.933874151620416,4.590015,4.8713193,4.916409,5.0179625,5.39763518,5.24172,5.53145125
2,1,WFJIVOKAWHGMBH-UHFFFAOYSA-N,OCNT-2328729,5.3547516,5.46152720657,5.091061,5.177205031874641,4.987286860519999,5.385853,5.065192573981714,5.0538673,5.6767735,5.400204,5.0962567,4.855454522,4.6346005,5.10137025
2,1,WFOQWXUHYHWBNS-UHFFFAOYSA-N,OCNT-2317875,3.8501382,4.287341328879999,4.6259904,3.897918324660506,4.235896543520003,4.316044,4.083688192353497,3.8302655,3.2186165,4.2057104,4.0892973,4.61034801,4.44465375,4.8236805
2,1,WFVSDBTXMRGQAP-UHFFFAOYSA-N,OCNT-2315349,5.758944,5.5164163113099995,5.52662,5.590041744877157,5.4104299131900015,5.3863025,5.575366153748629,5.5955257,4.75405,5.4080434,5.5968356,4.609769017,4.3560425,4.96112975
2,1,WHAVHVFYGLIVRF-UHFFFAOYSA-N,OCNT-2309501,4.369685,5.2435660960199995,4.90589,4.7269886768639005,4.66841353181,4.247055,4.542968866900486,4.5963726,4.3626037,4.581872,4.14035,5.200461928,5.0287155,5.34524025
2,1,WHTVZRBIWZFKQO-UHFFFAOYSA-N,OCNT-0495303,4.772998,5.383814837880003,5.2680817,5.29555121651147,4.923024117000003,4.8919773,4.7937222578332985,4.9312234,3.772544,4.831021,4.8049784,2.099860792,1.05781625,3.472813
2,1,WIOGBWBKPRSVRX-UHFFFAOYSA-N,OCNT-2312971,4.9555483,5.0935727283,4.757786,5.257596911155348,4.718769210640001,4.7042136,4.709263794089977,4.6738505,5.163496,5.0069065,4.9640474,5.10658165,4.90138875,5.285288
2,1,WJCNZQLZVWNLKY-UHFFFAOYSA-N,OCNT-0476778,6.098193,5.116004367060003,5.439091,5.499003618600577,5.27430821488,5.317994,5.591735778125045,5.94792,5.9398446,5.6979675,5.9307675,5.85949227,5.7704795,5.950124
2,1,WJPGZQMOLCAKDP-ZANVPECISA-N,OCNT-2313362,5.096206,4.53916946878,4.289378,4.847636546936821,4.494590048180001,5.1183763,4.207832015343396,4.4373646,4.689067,5.021269,4.9284663,5.041680803,4.83715275,5.2105475
2,1,WNJZMKTVARMZJN-UHFFFAOYSA-N,OCNT-2315844,5.133467,5.0553225237,5.1725836,5.14020872480596,5.030348714030001,4.7830114,4.8182799984663705,4.811311,5.091974,5.034176,4.810736,4.903293165,4.70640325,5.105052
2,1,WNVZWNWYYUTQII-ZDUSSCGKSA-N,OCNT-2311532,6.746871,5.907143566760003,6.1637845,5.934965189995308,5.46463240106,5.7286096,5.545540737621827,5.9761314,6.6240764,6.2449937,6.2275167,7.427857497,7.3255775,7.53513825
2,1,WYRQUHYUCVJXLF-UHFFFAOYSA-N,OCNT-2314929,4.8858466,5.161664030380001,5.428967,4.8062636663610006,4.578120357020001,4.7325478,4.929963370939007,4.5452423,4.183883,4.5052004,4.6857715,3.45006206,2.38795325,4.03795
2,1,XDAIBRCDDXSVIX-UHFFFAOYSA-N,OCNT-2316641,3.9485521,4.645031474719999,3.9430208,4.125627114527056,5.072223713520001,4.803886,5.14183034763396,4.2364397,4.012839,4.391287,4.141761,2.062854185,1.0516025,3.22367975
2,1,XDVDNBRVUSUIJC-UHFFFAOYSA-N,OCNT-2310175,5.3171377,5.220729294419999,5.228648,5.079043941509823,5.037067921180003,4.1455383,4.763395428896495,4.828397,5.650061,5.2090816,5.255229,4.999786098,4.787108,5.157265
2,1,XLOYQLAMNLMXCE-UHFFFAOYSA-N,OCNT-2328886,5.4334435,4.838046379350001,4.5392823,4.459811673326951,4.981923801520001,4.9902916,5.11194411642285,5.678396,4.552572,5.2395062,5.4268374,3.451809985,2.2733755,4.068072
2,1,XLZQKDNFGFOCIC-UHFFFAOYSA-N,OCNT-2309836,5.7355227,5.282141540670003,5.5179152,5.1762351164658025,4.42544991197,4.0704618,4.34887810750168,5.1738324,5.2949133,5.4305797,5.4046316,4.912275887,4.66713625,5.192122
2,1,XMBDBAFIEQZCRV-UHFFFAOYSA-N,OCNT-2310828,5.3272896,5.280503060640001,5.5536084,5.778682670233581,5.472139061020001,5.32752,5.547470889946592,5.259896,4.3744884,4.979933,5.0775995,4.457987065,4.15543125,4.8956625
2,1,XMFXTXKSWIDMER-UHFFFAOYSA-N,OCNT-2328759,5.8104916,5.524512136209999,5.6059175,5.799555831021702,5.0853635941199995,5.13355,5.367519516968587,5.77818,4.9178557,5.5933414,5.3153343,4.34430153,3.950383,5.01322075
2,1,XNMUUYXWCVFULU-UHFFFAOYSA-N,OCNT-2308870,4.3387685,4.652122934360001,4.896277,4.756800479435272,4.52821281851,4.708016,4.405841488167106,4.4537015,4.477894,4.722557,4.800969,4.175317817,3.84048125,4.66511
2,1,XRGZOHMGCBNGDO-UHFFFAOYSA-N,OCNT-2310682,5.3944464,4.885995574690001,4.91407,5.161527446129084,4.940051740860003,4.5131493,5.015011936105228,4.9735727,5.47806,5.277448,5.243432,5.41471833,5.26665775,5.53441075
2,1,XRYPVMNOHMBCKQ-UHFFFAOYSA-N,OCNT-2311313,4.6081834,4.35519417438,4.0783587,4.064254220497963,4.414753503040002,4.950038,4.021487574497382,4.373153,4.3769317,4.4388447,4.5356455,5.23788083,5.0656685,5.37550175
2,1,XUIIKFGFIJCVMT-LBPRGKRZSA-M,OCNT-2328892,4.783282,4.6577017514899985,4.5257215,4.521637176944793,4.616526202309999,4.4498343,4.973470877729639,5.142505,4.279308,4.37486,4.598267,4.774593187,4.6843485,4.8756735
2,1,XWVWPNYWBFIPHF-UHFFFAOYSA-N,OCNT-2312722,5.1658654,4.916163784760001,4.601107,4.2837464332489725,4.473348435309999,4.6892066,4.717698032931621,4.6467843,4.0523086,4.874571,4.673614,2.913836933,1.161106,3.8856385
2,1,XYNXSIRCMZZLAV-UHFFFAOYSA-N,OCNT-2310182,5.0149364,4.873865925700001,4.951869,5.123947616508979,5.28325830036,5.1239552,5.324429143221226,4.9376864,4.8816624,4.682446,4.950773,4.66787877,4.531103,4.82878925
2,1,YAHVIAWMRXVLAP-UHFFFAOYSA-N,OCNT-2315910,5.1723366,4.956856475319999,5.2010145,5.392277728460899,4.9929109815300015,5.330106,5.408906913385097,5.221116,4.951491,5.1709185,5.2317657,5.18777888,5.0198325,5.33328025
2,1,YJEOFBYOQKLGBO-UHFFFAOYSA-N,OCNT-2316031,4.6595354,4.571439084670002,4.5017457,4.416282254628088,4.987681388950001,4.9132385,4.9324761031293685,4.624736,4.8401895,4.572478,4.6324344,3.791733778,3.1162585,4.2195465
2,1,YJMCNLSBEDMRSC-UHFFFAOYSA-N,OCNT-2313657,4.901697,5.247018927980001,5.152703,4.951385149255061,4.90476912866,4.71464,4.590964112593703,4.6165404,4.2093105,4.981873,4.786174,5.36122096,5.16987825,5.500745
2,1,YKHUVWHAHXEIJB-UHFFFAOYSA-N,OCNT-2309444,4.19308,4.78351701197,4.9454646,4.96612983730161,4.60631616943,4.6434035,4.659525641974779,4.189876,3.536581,4.420764,3.9626207,4.188894158,3.8998175,4.58596225
2,1,YLDIWYXLKDAXQH-UHFFFAOYSA-N,OCNT-2318312,5.7025805,5.427289263420001,5.395465,5.528457662916981,4.992256303620001,5.487039,5.121626294971813,5.0638433,5.7177787,5.3539186,5.2617936,5.183959863,5.00429725,5.34183925
2,1,YVLRYYJNSUZEGJ-UHFFFAOYSA-N,OCNT-2316721,4.3332486,4.235126395950001,4.061255,4.783807579577494,4.232151928599998,4.224254,4.499681544228559,4.539143,4.4991174,4.395471,4.616781,4.464030875,4.27200525,4.740462
2,1,YWPHCCPCQOJSGZ-UHFFFAOYSA-N,OCNT-0493904,5.2102857,4.891739921800003,4.691037,5.01271778516625,4.933841018520003,5.1491027,5.074093989413012,5.5018573,5.1168118,4.973275,4.9863834,6.40645018,6.27740425,6.53405425
2,1,YZDDODJEXHDWEE-UHFFFAOYSA-N,OCNT-2310008,5.5640244,5.3715958635,4.867083,4.973455969054079,4.783637523499998,5.235749,5.074713567714767,5.078212,4.6260133,5.218413,5.184538,5.28092029,5.0875165,5.42224725
2,1,ZBLDFRSUJJPWTO-UHFFFAOYSA-N,OCNT-2309695,5.4167175,5.385252450730002,5.4482117,5.052649457934161,4.522115340240002,4.2363033,4.466961123580052,4.773144,4.635598,5.1528273,5.182321,4.387167883,4.1942155,4.6867035
2,1,ZCWNGZGUCNIROI-UHFFFAOYSA-N,OCNT-2312104,5.240249,5.310443825050003,5.0189996,5.05605943858698,4.826617545729999,5.0520034,5.033218175021035,5.08448,5.204088,5.3018866,5.103954,4.470504628,4.19483675,4.9063565
2,1,ZDZLABUIOYHHDH-UHFFFAOYSA-N,OCNT-2315214,4.0898194,4.76516335286,4.4499493,3.852727278453768,5.109123716480003,5.1905885,5.2446215479012235,3.9816313,3.5762744,4.092717,3.569334,3.804000157,3.19650175,4.2592095
2,1,ZEJFPISQRZKEQM-UHFFFAOYSA-N,OCNT-2308971,4.5001645,4.46691272771,4.272321,4.4261993105093875,4.388605352380001,4.7774725,4.48613404554502,4.324551,4.6176267,4.457575,4.267518,5.017242875,4.74436725,5.30830125
2,1,ZEPYVNPXMMPJQB-UHFFFAOYSA-N,OCNT-2311582,4.3731728,4.49824642658,4.4159384,4.247064733729324,5.033972824590002,5.1635365,5.47625397335018,4.4349008,4.218383,4.757791,4.597071,4.553127107,4.359116,4.835252
2,1,ZIGNJPLWUJFGKO-UHFFFAOYSA-N,OCNT-2312921,6.165865,5.457501861790002,5.7236986,5.836117268459924,4.947092058480002,5.7334847,5.152937394829972,5.5782933,6.281828,5.844486,5.845709,6.430027715,6.34226775,6.52042575
2,1,ZKKFKHAXIDJBRO-UHFFFAOYSA-N,OCNT-2309782,4.7253494,3.857015008429999,3.3482633,4.186272996912125,4.518852366600002,4.7340617,4.5751642453102095,4.6413536,3.9051542,4.711302,4.2606997,4.459346655,4.20397925,4.8397115
2,1,ZKOIMMUZXCGXIF-UHFFFAOYSA-N,OCNT-2309623,4.957834,4.359574640899999,4.463569,4.201379609118947,4.4362934689600015,4.1233816,4.565088430765777,4.6729083,4.830062,4.758526,4.866216,3.774960395,3.23177225,4.2405265
2,1,ZLNSOSPUFUUSJT-UHFFFAOYSA-N,OCNT-2310110,4.0961995,4.468876396750002,4.5750747,3.872397993532388,4.48752604264,4.6454253,4.884623093409734,4.27309,3.6116447,4.3615394,4.0597734,3.754456368,3.23498925,4.23309
2,1,ZMADJKCDAFJXQB-UHFFFAOYSA-N,OCNT-2311790,5.610324,4.562429091720001,4.4469566,4.708533448230396,4.762075705499998,5.3545933,5.395700272690896,4.936498,6.1600595,5.3010826,5.445843,5.863156632,5.7410675,5.9974815
2,1,ZPUJZAHPZRJNIC-UHFFFAOYSA-N,OCNT-2309093,5.5240297,5.0792844531600005,5.310769,5.448140993124216,5.296721153169999,5.3663316,5.298845495457333,5.397705,5.2909403,5.1735473,5.1299853,5.021856983,4.8676765,5.148082
2,1,ZSOHLKDAXCTETM-MEBBXXQBSA-N,OCNT-2312033,4.6644073,4.290315932029999,3.8247051,4.426003520218468,4.653482204969999,5.0505104,4.765493826455177,4.60771,3.4909,4.6375766,4.73419,2.86491911,1.12913175,3.8774065
2,1,ZUSNMOKJMOPBJW-UHFFFAOYSA-N,OCNT-2312373,5.646841,5.167168216580002,5.367858,5.404324747864793,5.277197953479997,4.9739175,5.382310447953958,5.305233,5.168373,5.149995,5.4962907,4.91363722,4.70961775,5.06925025
2,1,ZVDCGPJYFOYULX-UHFFFAOYSA-N,OCNT-2316083,6.258221,5.52437216009,5.185068,5.355923858583643,5.46234575819,5.575729,5.447810942606985,5.8179398,6.328332,5.9633217,5.7811375,6.76808569,6.67296675,6.86063025
2,1,ZVNAFCBCTZCQCO-UHFFFAOYSA-N,OCNT-2308961,5.196084,4.94225294184,5.1449947,5.205138902195144,5.03814029362,4.7462106,4.717346595233782,5.0425115,4.771828,4.9892817,4.7944617,5.253674242,5.09250825,5.392683
2,1,ZVTQUKGFXAZXSS-UHFFFAOYSA-N,OCNT-2312209,5.2288623,5.291721737140001,5.2562227,5.576232430173818,4.838995134170001,5.1221576,4.7686119148191715,5.176482,5.437132,5.2517376,5.0747013,5.280704205,5.15067675,5.39027225
2,1,ZXVJQGOJHBPTOQ-UHFFFAOYSA-N,OCNT-2316589,4.939152,4.4040097685,4.1569376,3.5391009049021966,5.06607355629,5.209565,5.246673572133105,4.350076,5.2229958,4.8888493,4.875623,5.282838313,5.09792625,5.43611125
2,1,ZZQHSJYTAWRDDH-UHFFFAOYSA-N,OCNT-2309995,4.0332484,3.9581854775500016,5.0608025,4.26507489124635,4.18516350618,5.09771,4.115058424539661,3.8545182,4.5224843,4.197938,4.398814,3.955306943,3.472446,4.286817
2,2,ABVGSGYZENIXJG-UHFFFAOYSA-N,OCNT-2310736,5.6288157,5.097465841060003,5.505733,5.347166876677612,4.748878977080002,5.08397,5.212196366567707,5.2650733,6.0484786,5.226463,5.556051,5.9101339,5.807981,6.0199665
2,2,ACOCBYLGXYWEIH-UHFFFAOYSA-N,OCNT-2310884,4.9868083,4.72813076468,4.843781,4.542874467868049,4.946850325300002,4.8177958,4.427685397529976,5.2593355,4.5767336,5.097422,5.164889,5.150444082,5.003286,5.27019775
2,2,ADCLRPXGARJRNH-UHFFFAOYSA-N,OCNT-2308460,4.321245,5.190156288519998,5.146802,5.203993842020793,5.4482496110900005,5.1927443,5.403750356195147,5.129103,5.1349945,5.248292,5.1864076,5.041184842,4.7316005,5.31157325
2,2,ADNYRZXSYMJZJC-UHFFFAOYSA-N,OCNT-2312222,4.752754,5.1504830884600015,5.011192,4.89124885408468,5.402167333409998,5.189332,5.554352537325095,5.054428,4.569476,5.121528,5.2156234,3.668926313,3.108256,4.16415475
2,2,AHQNKQQOLTVRAI-UHFFFAOYSA-N,OCNT-2315133,4.5648613,5.2615461037000015,5.229221,5.149887887827575,4.606036623769999,4.530267,4.695869231362619,4.8466454,4.3394647,4.7680984,4.6541247,4.210613742,3.7704455,5.0201005
2,2,AIDXPYZJTIDUSC-UHFFFAOYSA-N,OCNT-2311602,4.344779,4.683618894980002,3.6890159,4.217353748900579,4.814995162139999,4.169917,4.648739781495571,4.9884634,4.5660205,4.636191,5.3710494,3.668555707,3.14165625,4.1889845
2,2,AMORLHVVBKZQJY-UHFFFAOYSA-N,OCNT-2313863,4.450772,4.970294447909998,4.9330916,4.6123006060525125,4.316686387330001,4.879078,4.571788865368993,4.7554927,4.649791,4.7413807,4.363705,5.09262361,4.87601325,5.26223125
2,2,AQHHHDLHHXJYJD-UHFFFAOYSA-N,OCNT-0018684,5.1553345,5.277652017529999,5.1313224,5.143435039782165,4.899680985309998,5.1855917,5.376343448150518,5.1296573,5.024788,5.1038375,5.1662006,5.783014945,5.68250125,5.880482
2,2,AQJAPFHFJNHFNT-UHFFFAOYSA-N,OCNT-2317118,3.380476,4.756558298590001,4.606463,4.4999071482907205,4.50150164447,4.8146334,4.273278855940934,4.4707117,3.3380265,3.8959348,3.8412194,2.600185648,1.1012245,3.7259755
2,2,ARBBCNULKSAECM-UHFFFAOYSA-N,OCNT-2316738,5.5476456,5.03975940887,5.2388167,5.470094485901312,5.230487337879998,5.189332,5.405639702847416,4.9272704,5.739713,4.822656,5.1536474,6.006747835,5.9155935,6.09851
2,2,AVEJIDBCLRGUQE-UHFFFAOYSA-N,OCNT-2311083,4.626098,4.9000943698000015,4.5090733,5.110394451374473,4.902284868060002,4.879078,5.223335822283314,4.63313,4.9182005,4.9789243,4.976684,4.965834915,4.8013605,5.14605125
2,2,AVWOIDVOWIXTBD-UHFFFAOYSA-N,OCNT-2311573,5.7232113,5.091554977020002,4.9228506,5.060287625114015,4.965383826590001,5.3462267,5.48303308951766,5.5195684,5.5708356,5.416262,5.6474,5.76311979,5.67092725,5.85812275
2,2,AXFCZZNOYLQGPP-UHFFFAOYSA-N,OCNT-2315241,5.1297464,5.487410137979998,5.5615664,5.528428909588856,4.94578805148,4.510666,5.03725855693029,5.3445907,5.371316,5.2994547,5.3361645,5.493386043,5.3573105,5.6271215
2,2,BAVBWDPYCHMZSH-UHFFFAOYSA-N,OCNT-2309511,5.2224493,5.587502998909998,5.4197774,5.585484938730243,4.488832554270002,4.465822,4.610129937456948,5.0651526,5.5110035,5.110496,5.195335,6.365419265,6.2389395,6.5003435
2,2,BBAORQBKGLSIMR-UHFFFAOYSA-N,OCNT-2315367,5.229933,5.176138596719999,5.1830773,4.909426131903566,4.819257024440002,4.971378,4.9165506444844125,5.2473865,5.370295,5.198134,4.9873433,4.69477369,4.42702875,5.01924025
2,2,BIPBPUWYTFKMHW-UHFFFAOYSA-N,OCNT-2310411,2.7596998,4.316175155980002,5.0203547,4.848981627459603,5.036663703110001,5.0754867,4.996619855757024,4.545286,3.6471653,4.3263736,3.87219,3.003373938,1.23378575,3.90548575
2,2,BIVGETPZEPQOBV-LBPRGKRZSA-N,OCNT-2309544,4.3876057,5.155103444919999,5.2503467,4.688212195224239,4.920729168799999,5.2047443,5.17610107772616,4.792487,4.903967,5.055102,4.91311,5.587521188,5.45089125,5.71268975
2,2,BJDCWCLMFKKGEE-KWWHLYHASA-N,OCNT-2328555,3.9496703,5.104997096860001,5.2209105,4.861329713675444,4.096341640419999,4.3829293,4.351389686929915,4.526484,4.067289,4.3974648,4.483134,5.289767528,5.11122025,5.4671085
2,2,BLHWMBAQHCSKAB-UHFFFAOYSA-N,OCNT-2318000,5.7923255,5.512700380150001,5.161843,5.313623355071458,5.232551087620001,5.2047443,5.507144840360826,5.3862157,5.8538284,5.3398,5.751216,5.081386173,4.85035625,5.2382835
2,2,BMTOZRGCZGIIQC-UHFFFAOYSA-N,OCNT-2310084,3.9444852,3.9206586534799985,3.9334574,4.190368270339683,4.713790676499999,4.638327,4.6269855774414275,3.7480226,3.5646253,4.170241,3.849997,3.906673188,3.4591685,4.415319
2,2,BNIKABFHOCEBJQ-UHFFFAOYSA-N,OCNT-2310359,5.013494,5.166111613540002,4.8956747,5.027220179940088,5.193021180129998,5.0754867,5.2583767741061775,5.2063575,5.0236893,5.2152963,5.220523,4.893008052,4.67465325,5.12567925
2,2,BRJQPXHVMBFKHF-UHFFFAOYSA-N,OCNT-2318118,5.3567195,5.022511611860002,5.0213428,5.4845586428747355,5.56724867409,5.1927443,5.451999564930334,5.4093156,5.4855914,5.2784266,5.2418323,5.000997865,4.77061175,5.18941175
2,2,BVDLGVXDJDIXQS-UHFFFAOYSA-N,OCNT-2313876,5.6119695,5.244190394099999,5.086497,5.12423269731705,4.828959431180002,4.530267,4.956681847507114,5.3139057,5.9134746,5.2247705,5.6164365,7.16801983,7.08276475,7.2567455
2,2,BWWQNTFNKYNBID-UHFFFAOYSA-N,OCNT-2309179,5.783716,5.790594966000001,5.755805,5.640939197937564,5.125521607130002,5.0019107,4.934426142704004,5.4389195,6.0189357,5.5702243,5.8446174,5.41586177,5.28660775,5.52169675
2,2,BWZUKEOXSUNTGH-UHFFFAOYSA-N,OCNT-2316635,5.3063617,5.274867692989999,5.3095903,5.111786396301392,4.961053733660002,4.817952,5.034660734879265,5.0743337,5.4989867,5.349201,5.2522683,5.005969807,4.81949925,5.208006
2,2,BYAVFGPTBAFTNM-UHFFFAOYSA-N,OCNT-2310816,4.5340037,4.894723793070001,5.045778,4.904615320384861,4.6191083969400015,4.491897,4.487009291227411,4.770556,3.8927202,4.631403,4.562583,3.778090123,3.15280675,4.18585125
2,2,CAJHKSBYVXJIBL-UHFFFAOYSA-N,OCNT-2314070,4.6903167,4.4682188169799995,3.9983523,4.1181801594694605,5.118013848810001,5.402097,5.22051345408316,5.267274,5.0327296,5.250459,4.9255967,4.781566355,4.62451725,4.9662385
2,2,CBXRZDCFILMYNK-UHFFFAOYSA-N,OCNT-2312047,5.7350936,5.39256621096,5.23627,5.142452975071736,5.08783322191,5.2604165,5.229611175441724,5.5819097,6.110425,5.6681867,5.668829,5.466814633,5.35109775,5.5675305
2,2,CCXULBUUIBWSSY-UHFFFAOYSA-N,OCNT-2318351,4.9808373,4.430323950760001,4.51604,4.6574096290163665,4.88508363974,4.9475913,4.829140496290099,4.79932,5.0855083,4.8395696,4.8590183,4.835530262,4.61818975,5.0709015
2,2,CFMBNIUINYDYCI-UHFFFAOYSA-N,OCNT-2309399,3.4998546,4.447912423910001,4.262044,4.153517169289509,4.355806922450001,4.4835196,4.662611565028819,4.381257,4.451142,4.040885,4.145057,2.632390405,1.14198775,3.76608275
2,2,CGDXAOLEHNMLPG-UHFFFAOYSA-N,OCNT-2315877,5.4402013,5.43750138406,5.4384856,5.199381021947074,4.88318527593,5.24296,5.5979431767340655,5.6495934,5.8259873,5.4062467,5.566829,5.79552609,5.6884815,5.90068625
2,2,CJOQFTARAWSADY-UHFFFAOYSA-N,OCNT-2315820,5.053592,4.927931618070004,4.8976254,4.679602409640023,4.85401683404,5.3774414,4.776674841215378,5.1104093,5.2151837,4.989576,4.901836,4.87105301,4.64906175,5.10480675
2,2,CLOQRBMETQXCIE-UHFFFAOYSA-N,OCNT-2316180,5.5435495,5.035004066279999,4.8872724,5.02858784117041,5.081709661519999,4.9475913,4.971219442227058,5.2468805,5.679359,5.2956195,5.4183087,5.00016572,4.85077675,5.1842715
2,2,CMDKPGRTAQVGFQ-UHFFFAOYSA-N,OCNT-2328604,5.289551,5.324239175049997,5.2704496,5.386253476471082,4.82921566916,4.653165,5.091167066796965,5.2549043,5.7459702,5.001793,5.3139415,5.504938652,5.41681475,5.595413
2,2,CMVAFCQFUBGPOW-UHFFFAOYSA-N,OCNT-2313486,5.771981,5.6852070184600025,5.018989,5.096225597057429,5.057636596540001,4.9475913,5.060785651383934,5.5266156,6.299163,5.633396,5.8431554,6.643057535,6.5693575,6.7164735
2,2,CPQMCVQRXMBQOJ-KOMQPUFPSA-N,OCNT-2314532,5.2712584,5.278001467159999,5.2363944,5.2807934502748965,4.9920147137700015,4.9475913,5.1960252887371166,4.987034,5.1778407,5.055919,5.2188296,4.816643603,4.562479,5.14505475
2,2,CPUCIIOGNVOWAI-UHFFFAOYSA-N,OCNT-2315640,5.151766,5.314009233010001,4.8643785,4.647454935253701,4.728705281619999,5.007889,4.995973609890098,4.902626,5.210416,5.20091,5.0785036,5.14686754,5.03920325,5.23389075
2,2,CRQNIHFWCOORGS-UHFFFAOYSA-N,OCNT-2315351,6.4144278,5.384940248030001,5.393398,5.426067195206631,5.3719394337400015,5.2604165,5.5233926730545715,5.7438335,6.0193768,5.6378937,5.6702175,5.809583585,5.72163325,5.898691
2,2,CTEHMITXXKEHTJ-UHFFFAOYSA-N,OCNT-2315332,5.874265,5.367534757980001,5.7002144,5.761270232137766,5.642756709520001,5.4680157,5.754016727000757,5.7450914,5.578178,5.7192197,5.816776,6.110307123,6.00260975,6.21823125
2,2,CTSCRLQWGPGKHZ-UHFFFAOYSA-N,OCNT-2310764,4.1469836,4.6872229785599995,4.848172,4.497826151397687,4.662830151990001,4.879078,4.58387865717658,4.8035483,4.2157726,4.372094,4.49731,4.384629138,4.14472225,4.6996215
2,2,CVXBEEMKQHEXEN-UHFFFAOYSA-N,OCNT-2328784,5.6878433,5.44403580899,5.2704496,5.404206146384727,5.035226951620001,4.8909864,5.26184990927429,5.333608,5.0583935,5.3776984,5.603601,5.49263816,5.3493175,5.6293555
2,2,CYEHLGWORDQXGY-UHFFFAOYSA-N,OCNT-2313689,5.4182816,5.435829515570003,5.2798843,5.164240427125112,5.275666464179999,5.2747335,5.291577900645807,5.066986,5.257596,5.0940633,5.1124644,5.99235015,5.8963595,6.08636175
2,2,CZBQYJBGTDDOAR-UHFFFAOYSA-N,OCNT-2318467,4.67562,4.88746544819,4.889643,4.727911205527781,5.307534510600002,5.382614,5.477895883982901,4.9542356,5.1366115,4.8806176,4.5619564,5.795963533,5.694046,5.8870105
2,2,CZLYCQXGUITFRL-UHFFFAOYSA-N,OCNT-2316547,5.5352173,5.7093059189899975,5.430192,5.505858170684164,5.592340031099999,5.4680157,5.612874963276714,5.4433274,6.263183,5.6072087,5.884197,4.74041087,4.53534775,4.994618
2,2,DBGKWFVWUQZGRD-UHFFFAOYSA-N,OCNT-2316687,5.500761,5.19332545229,5.326189,5.237401770334605,5.52354901928,5.278146,5.323938987032686,5.316307,5.6672163,5.217569,5.365605,7.048461123,6.97316725,7.12517525
2,2,DDCURYRYFVHMIV-HUUCEWRRSA-N,OCNT-2316832,4.762594,4.84361900179,4.6531734,4.488952764863606,4.62654845108,4.7268076,4.661740239023337,5.044074,4.22086,4.575633,4.305364,4.469652605,4.1757735,4.91074525
2,2,DEJNTPSVVNYGMA-YMSDKTMASA-N,OCNT-2315257,4.7047286,4.903636299900001,4.995382,4.9447417904102755,4.6035479816299985,5.0756187,4.919019318448219,4.728776,5.002693,4.6271844,4.662669,4.251860225,3.961606,4.68437175
2,2,DGCVWBPMLIWDPP-UHFFFAOYSA-N,OCNT-2315716,5.5819354,4.946454244009997,5.0235033,5.415455652183869,4.836914815230001,5.1855917,5.158285834441265,5.313911,4.9527936,5.0650907,5.235415,5.68151948,5.54366825,5.8094105
2,2,DHKHRLZTFOSRLN-UHFFFAOYSA-N,OCNT-2317612,5.1277637,4.849872373849999,4.370493,4.864407646069498,4.88469973391,4.955431,5.279251974014216,5.053404,4.962781,5.02955,5.2117796,5.272180182,5.165747,5.36806525
2,2,DLRFNZBVVYAGCE-UHFFFAOYSA-N,OCNT-2317386,5.0361686,4.778845598349999,5.0405593,5.078125619945228,5.025456361069998,5.0949697,5.026868620786436,5.1217585,5.3771176,5.139294,5.2030997,4.983901268,4.82881725,5.14842675
2,2,DOQJOKBIOMCLJC-UHFFFAOYSA-N,OCNT-2318340,6.176332,5.5227153927,5.697315,5.918534151698503,5.29053874811,5.278146,5.381259788200451,5.7255,6.4621143,5.7725453,6.057791,4.880023233,4.63490675,5.127074
2,2,DPCRFIMDLMABSP-UHFFFAOYSA-N,OCNT-2310988,5.471653,5.726310375760001,5.6779304,5.569388938054692,5.090370680440001,5.3774414,5.349498889237887,5.4145093,5.9760265,5.5320787,5.745672,5.26948247,5.115299,5.3995325
2,2,DSVJMDQCVNLLFH-UHFFFAOYSA-N,OCNT-2311252,4.8827744,4.558511027189999,5.4267035,4.651805373273088,4.630040867740001,5.0019107,4.662993035332124,5.002797,5.0311646,4.657793,4.7173257,3.750006455,3.19708175,4.1737995
2,2,DXYZQPFEVYKJRQ-UHFFFAOYSA-N,OCNT-2318512,4.7806344,5.094300301000001,4.7247767,4.748806266729916,4.664391172320001,5.405242,4.939756214838713,4.783978,4.658906,5.109567,5.042144,4.8245779,4.651808,4.99784225
2,2,DZLQAAUQKDGKMH-UHFFFAOYSA-N,OCNT-2312211,5.7425094,5.28836741288,5.2030096,5.56224581375,5.3362851975400005,5.079592,5.120649516336743,5.664859,6.0402374,5.6125383,5.664499,4.52243452,4.2937795,4.85642075
2,2,FCZRDTNMLJZJKM-UHFFFAOYSA-N,OCNT-2316304,4.4876456,4.86085452475,4.9185686,5.068966786551152,4.757790459330003,4.7402563,4.228957359967604,5.049221,4.7890368,4.1841793,4.360604,3.258146745,1.62139275,3.98681775
2,2,FHDBREZHZMZHDK-UHFFFAOYSA-N,OCNT-2313113,5.058494,5.188422527790002,5.3388877,5.339886274522459,4.97558996053,5.3282003,5.077391436345569,5.127682,4.807811,4.952522,4.9893627,5.2556167,5.096596,5.406962
2,2,FIHJKUPKCHIPAT-AHIGJZGOSA-N,OCNT-2328980,3.1362362,4.566886744900001,4.846891,4.756999841398285,4.0376608687900015,4.3829293,4.366601442617928,4.116707,3.3057294,3.8096824,3.3394566,4.342669123,4.0114695,4.8629115
2,2,FJGRRSPJBAJJCN-UHFFFAOYSA-N,OCNT-2313999,4.9366064,5.266684430120002,5.1772227,5.1492035269958665,4.747143374380001,5.133358,5.005445039040943,4.9317627,5.5953565,5.0976477,5.2546415,5.25169719,5.1173995,5.36501275
2,2,FJLBFSROUSIWMA-UHFFFAOYSA-N,OCNT-2328854,5.599585,5.474540714400002,5.649947,5.3439609787127615,4.899684367360003,4.4486513,5.514472696273573,5.26028,4.8738003,5.4724436,5.5733194,3.893977505,3.476059,4.49633975
2,2,FKLVANXVSRESQJ-NWDGAFQWSA-N,OCNT-2311250,5.474882,4.823899718669999,5.1747003,4.899709056381808,4.85407952377,4.809001,5.141619397089189,5.302776,5.3682694,5.0221605,5.3146873,5.118834093,4.933338,5.30186075
2,2,FKTKOBGQSYLSJM-GJZGRUSLSA-N,OCNT-2312925,4.5822167,4.949454958340003,4.912537,5.061938619919963,4.977186498440002,4.6590776,4.875354801033855,4.894262,4.0272675,4.733897,4.738055,5.692550137,5.60094775,5.781781
2,2,FPBTWBPEUXKRGD-UHFFFAOYSA-N,OCNT-2315086,4.771699,4.587205126490001,4.4525695,4.551276964493513,4.839579520740001,4.719249,4.4335440551382455,4.4752426,4.213705,4.516423,4.5581226,4.003649968,3.60392925,4.5847675
2,2,FPRANIGYQRKCBH-UHFFFAOYSA-N,OCNT-2314615,5.3859706,5.27048025715,5.3879642,4.86101484433818,5.097134212309999,5.160888,5.067062415103482,5.2342844,5.3887377,5.2487206,5.100068,5.145038037,5.044738,5.24219725
2,2,FQCDMDCBFOOLSS-UHFFFAOYSA-N,OCNT-2311376,4.747104,5.307850373060001,5.1830773,4.967278660745949,4.7356146436800035,4.8767586,5.090760529218187,4.7057233,4.645711,4.945551,5.0636983,6.016780778,5.93765375,6.10424925
2,2,FQIGRACDNIOPES-UHFFFAOYSA-N,OCNT-2316270,4.48192,5.075983652040001,5.089769,5.066778692346149,4.752755313880002,4.711265,5.124324438826124,5.0819774,4.2887053,5.338126,4.8955464,4.24762128,3.94888325,4.6756285
2,2,FVIXHBOZMNOBMY-UHFFFAOYSA-N,OCNT-2315806,6.1128316,5.4891524487100005,5.299606,5.318848012853744,5.41564616994,5.1927443,5.585346766869101,5.5133057,6.072445,5.7624454,5.868874,5.286606153,4.99609625,5.50529175
2,2,FVRLQWKIQOWWAO-UHFFFAOYSA-N,OCNT-2308520,5.2954273,4.836658423990001,4.949038,4.567990525096287,5.4106088301499975,5.2747335,5.108630913310316,5.346628,6.0974827,5.375844,5.402607,5.379134973,5.24217775,5.50013725
2,2,FZWZFBPQVLYBIU-UHFFFAOYSA-N,OCNT-2317579,5.7989554,5.569910340900001,5.6560173,5.528130008318627,4.9452160040300015,5.1855917,5.311167222412461,5.3266425,5.877301,5.4522967,5.651903,6.312730238,6.22255175,6.3994425
2,2,GAAAACRGNMPWJY-UHFFFAOYSA-N,OCNT-2309811,5.41171,5.033631449820001,5.262853,4.905929167395839,4.39904100198,4.875878,4.937131296725615,5.004058,5.611125,4.916977,4.963759,5.5868905,5.48321875,5.684334
2,2,GBKPILDGEGGVEI-UHFFFAOYSA-N,OCNT-2313441,5.248492,5.18940275813,5.348398,5.5625821550556305,5.674297670019999,5.1927443,5.323847017285902,5.2805676,5.434343,5.4405885,5.3906655,5.01047352,4.90944725,5.11934975
2,2,GBMQYCYKGKXERN-UHFFFAOYSA-N,OCNT-2308859,6.1053634,5.453651818340001,5.298859,5.356681448957554,5.1570146582900005,4.937812,4.81614760020153,5.505686,6.1616573,5.3509345,5.866564,5.676891138,5.57568125,5.761828
2,2,GDKZUNMFXBASGH-UHFFFAOYSA-N,OCNT-2313625,6.5243497,5.470812537050001,5.605755,5.753939653294409,5.520185647959997,5.4680157,5.319987388862374,5.6631746,6.3282804,5.7304897,5.941051,6.236445705,6.145029,6.33056575
2,2,GEYZZYHKDCQEGW-UHFFFAOYSA-N,OCNT-2314998,3.7906485,3.63521943645,3.6987393,3.5208720323707463,4.375485504949999,4.542526,3.850491456075607,4.2183194,3.0775254,4.1945906,3.4582436,1.920213635,1.030459,3.13034675
2,2,GHBJCJPSHWBOJK-UHFFFAOYSA-N,OCNT-2315543,5.1785235,5.29824993707,5.0765653,5.153729169835116,5.399136997659997,5.0754867,5.262959762813047,5.2022376,5.488182,5.282882,5.402573,5.40621425,5.26561525,5.521277
2,2,GHOSNRCGJFBJIB-UHFFFAOYSA-N,OCNT-2328455,5.1645846,5.035747090410001,4.5984335,4.6004736069053305,4.3757571215199995,4.3829293,4.770121995698481,4.8480525,4.926669,5.2209907,5.152044,4.718853295,4.632435,4.80113
2,2,GKCBAIGFKIBETG-UHFFFAOYSA-N,OCNT-2328752,4.1326475,5.27883588727,5.4125633,4.890900715288297,5.0579151772000035,5.1855917,4.832199927175982,4.669608,4.2383585,4.423579,4.551831,2.898074815,1.14521075,3.976585
2,2,GNJNQIPPAHUGPD-UHFFFAOYSA-N,OCNT-2310256,5.7431135,5.210208619469998,5.3499618,5.166367143218146,5.2488518955300005,5.3774414,5.141971945622928,5.195258,5.275876,5.4115887,5.389112,5.63280378,5.54529825,5.725372
2,2,GNVOYDAHBDQAQC-UHFFFAOYSA-N,OCNT-2315448,3.7284055,4.0189692598499995,3.7054641,3.9944706253105977,4.39670867629,4.649937,3.923039074656652,4.3767557,4.2569427,4.1403565,4.039541,4.469367545,4.154918,4.902527
2,2,GOCFFTJIMSJTIK-UHFFFAOYSA-N,OCNT-2314050,5.654817,5.507475771200002,5.4317756,5.385303005496043,5.251477469010001,5.0754867,5.249800298348847,5.2940974,6.0279365,5.665195,5.642145,4.89527568,4.7478665,5.05385425
2,2,GOKKUMQJBRQCEW-DYVFJYSZSA-N,OCNT-2314369,4.546037,5.06422873343,5.140022,5.096896579687255,5.133440805839999,5.0754867,5.333725637269957,4.9887714,4.934332,4.907509,5.256235,5.32552638,5.0991075,5.5371505
2,2,GOWUOEBKQKBVMB-UHFFFAOYSA-N,OCNT-2313538,5.2846947,4.230490261980001,4.889643,4.637029233056337,5.13169794574,5.1927443,5.160901072244533,5.1314945,5.451114,4.8700123,5.3637943,3.861599535,3.378173,4.35755375
2,2,GPXLMGHLHQJAGZ-JTDSTZFVSA-M,OCNT-2328589,4.7216434,3.9034874761,3.599917,3.825427102146505,4.261197116550001,5.0348616,4.527893053229883,4.814445,3.2779136,4.4503317,4.4264956,3.642390255,3.050627,4.201996
2,2,GTHFTMXIWHJARY-UHFFFAOYSA-N,OCNT-2314859,5.4324265,4.962261241260001,5.007178,4.990180167973724,5.18056453541,5.163407,5.053697916382232,5.6210246,6.0289636,5.449228,5.464202,2.042327302,1.04752525,3.415111
2,2,GUZVPUBRPOUFHH-UHFFFAOYSA-N,OCNT-2315886,4.8417315,4.837883908349998,4.828774,4.650762763544167,4.2881113765900025,4.649937,4.445517304513135,4.9639177,4.9409575,4.4567065,5.0354843,4.138903642,3.79511,4.702586
2,2,GVZBSYAQXVSFEA-UHFFFAOYSA-N,OCNT-2318171,3.9827514,4.8877608212000005,4.941156,4.874216730284328,4.816932355480002,4.397278,4.397477763430521,4.733557,4.2583656,4.643356,4.339847,5.264790103,5.0759175,5.433402
2,2,GXHPRWRZNWEZTC-UHFFFAOYSA-N,OCNT-2314146,3.733518,4.112604354160001,3.6974578,3.568481551593038,4.0657411207699985,4.558774,3.618734890033799,3.8734548,3.940026,3.835751,3.6272054,2.49024627,1.073644,3.787636
2,2,GXOILNXGFVPNFI-UHFFFAOYSA-N,OCNT-2313147,4.07907,4.352152683439998,4.765361,4.424514036478766,4.453577264660001,4.977246,4.733458337274817,4.5215316,4.112179,3.7155008,3.9380193,4.21399346,3.9794785,4.54880925
2,2,GYNQRMHTTCULMF-UHFFFAOYSA-N,OCNT-2312308,4.977425,5.395240922200003,5.5477304,5.387877336823157,4.755429843070001,5.4027934,5.287113112032079,5.098862,5.9069843,4.9900804,5.1950135,5.894582448,5.79805725,5.99086
2,2,HENYWYASSIFTSN-UHFFFAOYSA-N,OCNT-2311473,5.3046517,4.97764590763,5.0864587,4.817244948850273,5.29974945261,5.0754867,5.1001469845555665,5.151791,5.4015646,5.270918,5.472226,6.00149444,5.909379,6.09464425
2,2,HILLPHQRAJGUKV-UHFFFAOYSA-N,OCNT-2314234,2.9132383,3.79013280761,3.6239727,3.5336394598377177,4.1859278583699995,4.649937,4.2093833960487315,4.053144,2.930094,3.654315,3.3289847,4.939029643,4.7339535,5.169774
2,2,HLNLBEFKHHCAMV-UHFFFAOYSA-N,OCNT-2328360,4.3748994,5.33886747841,5.386978,5.213770944800453,5.074023773840004,5.1855917,5.306614168068617,5.277612,4.4876714,4.4611697,4.321535,1.988384528,1.0368375,3.35622325
2,2,HOLMFESKTOTMDZ-UHFFFAOYSA-N,OCNT-2311610,4.212021,4.215881746069999,4.2584543,4.189599497507856,4.53457239921,5.0046887,5.111561672220436,4.7929964,4.4495134,4.595386,4.293044,3.186430333,1.65568725,3.9557775
2,2,HPVSJVHVZJIGJT-UHFFFAOYSA-N,OCNT-2310298,5.983346,5.777042036879997,6.0547075,5.3415240272051925,5.352691297520002,5.278146,5.234763731975227,5.5091443,6.162059,5.758536,5.824652,6.93558928,6.84333925,7.02372025
2,2,HQIXODCYFGBKNG-UHFFFAOYSA-N,OCNT-2308626,3.9054909,4.3544339384400015,4.057798,4.267577221955393,4.560469945810002,5.0348616,4.324319598982255,4.793634,3.8093214,4.1602335,4.2092113,2.508812232,1.10286875,3.70303225
2,2,HRBHCRJOSKLRMT-UHFFFAOYSA-N,OCNT-2318316,5.404419,5.335538776599999,5.411734,5.42134393967395,5.122498982150001,4.8177958,4.765102040212135,5.2361073,5.507536,5.151529,5.218925,5.339870455,5.15769,5.516944
2,2,HRZRMMNVHHASMS-UHFFFAOYSA-N,OCNT-2318453,5.270543,5.183366837849999,5.467107,5.491364261763226,5.071655831769999,5.033595,4.955002052057993,5.229674,5.771147,5.3247366,5.329945,5.828513045,5.719919,5.9367025
2,2,HSJXGPVCBNTXGE-UHFFFAOYSA-N,OCNT-2318346,5.084409,4.485983481110001,4.8643785,4.754038415029194,4.536317848410001,5.2047443,5.220573781823921,5.2165394,4.8346763,5.3401957,5.4526663,6.196793625,6.0854665,6.302666
2,2,HSRKGELPMUYHCC-UHFFFAOYSA-N,OCNT-2314045,4.808738,4.62273919903,4.4252577,4.650682778921018,4.744211870980002,4.7604275,4.759955399734273,4.8527074,4.4227448,4.8701925,4.8470764,5.159640505,4.898894,5.3241855
2,2,HWINTXPCEKXGPY-UHFFFAOYSA-N,OCNT-2315016,4.5808415,4.847313433999999,4.5710635,4.3373071934262075,5.029562533180003,5.010251,4.944386933389874,4.9046407,4.8218718,4.9484916,4.739537,6.212632232,6.1260955,6.2985285
2,2,IBXSEIJIVWLSDJ-UHFFFAOYSA-N,OCNT-2315605,4.7230344,4.94110453618,4.9329963,4.797039342190242,4.92465668532,4.3797293,4.390735271259963,4.6576967,3.8802817,4.556484,4.6775537,5.812149652,5.6947515,5.925024
2,2,ICQPYVZPTBHWKX-UHFFFAOYSA-N,OCNT-2309593,4.7052116,5.072743129999999,5.209811,5.292026494557752,5.083377780489999,4.9535465,5.218660091641506,5.1047344,5.0711713,5.242527,5.0237756,4.807199705,4.6416775,4.970964
2,2,IFIUGHBINSMGRJ-UHFFFAOYSA-N,OCNT-2308989,5.079404,4.859085185140001,5.1027155,4.844504511441102,5.714899850960002,5.1927443,5.381680430362352,5.0867558,5.228713,5.488015,5.253586,5.155951453,5.01312225,5.27134025
2,2,IFNGIJKNTWRPTP-UHFFFAOYSA-N,OCNT-2309602,4.83109,5.07672015589,4.500171,4.908633021166179,4.521803364619999,4.700093,5.212441190751876,5.013841,4.7123737,5.2809978,5.1061397,4.777768225,4.58949875,4.9902985
2,2,IGEAIMCXVSRMND-UHFFFAOYSA-N,OCNT-2315838,4.1361995,4.3396395851300005,4.3210006,4.426700581247682,4.2690974048,4.7952113,4.022005498836933,4.3535376,4.0312004,4.391085,4.4297757,4.047338095,3.6587395,4.326852
2,2,IQFYPMWUTQTIEV-UHFFFAOYSA-N,OCNT-2310045,5.1906424,5.6262547849599995,5.0422997,5.0678665698241705,4.788186615980001,5.2047443,4.824510832724092,5.1781726,5.251695,5.026198,5.4376245,3.9816744,3.59168825,4.55478025
2,2,IQYRYJXGZUHECE-UHFFFAOYSA-N,OCNT-2314006,5.284405,5.102125008820001,4.954173,4.942486829184475,5.273819124910003,5.0754867,5.450584107056826,5.153827,5.4031467,5.4556775,5.5001774,3.464743202,2.6775385,4.0466115
2,2,IRUBKGMUVRXDDT-UHFFFAOYSA-N,OCNT-2315092,4.9311604,5.001373063,4.742388,4.5008261262594385,5.216711567760001,5.1927443,5.510588070848997,5.283199,5.4142666,5.233548,5.4400597,5.579016197,5.4541475,5.696706
2,2,ISTVQRMBDXXFIL-UHFFFAOYSA-N,OCNT-2315394,5.0589657,4.837711586219999,4.4137416,4.264604914787901,5.130871203969999,5.160888,5.0537752371048414,5.1332655,5.369382,4.707186,5.4636173,5.046104843,4.84083975,5.21197175
2,2,IUFDECBMQJLOOR-UHFFFAOYSA-N,OCNT-2318099,5.405745,5.1471901650500005,5.2500668,5.228319264734627,5.228953037009998,5.189332,5.459412950029933,5.2509513,5.430624,5.219256,5.2180424,5.275323868,5.14992925,5.379221
2,2,IUWVALYLNVXWKX-UHFFFAOYSA-N,OCNT-2328733,5.0162487,5.096468022639999,5.2704496,5.36840202871459,4.94495109724,4.8053393,4.9088147000762765,5.0604596,5.262419,5.063596,5.0728884,5.63483116,5.5415955,5.7269235
2,2,IUZLYQRADKSHLN-UHFFFAOYSA-N,OCNT-2315514,4.0384064,4.225097149630002,4.634615,4.204042397754189,4.162918384650001,4.88575,4.543653561280948,4.6188836,3.5804195,4.2277203,4.041231,3.719685967,3.17275925,4.22392475
2,2,IVVZZDLGAISABT-UHFFFAOYSA-N,OCNT-2310664,4.941581,4.749583370210002,4.4445496,4.660082043425346,4.65764751239,5.3100057,5.01872856930775,4.8846555,4.6698036,5.1234183,5.104143,4.98410006,4.74552975,5.1998605
2,2,IVWQVUXCCLQHJG-UHFFFAOYSA-N,OCNT-2310324,6.0456643,5.421218306220002,5.362195,5.381154908630517,5.510334885519998,4.9251423,5.426366777680016,5.328878,5.956702,5.231142,5.581594,5.3115665,5.23831625,5.3861625
2,2,IYYWZXVCRDDQCI-UHFFFAOYSA-N,OCNT-2313989,4.928511,4.946664030619998,5.0382953,4.983026957812548,5.0669246468,5.1927443,5.169937302602521,5.1354957,4.697956,5.123951,5.1084895,4.977921315,4.785245,5.18935925
2,2,IZAGNTPWJNSIBV-UHFFFAOYSA-N,OCNT-2316700,4.1427937,4.698773537849999,4.5263057,4.571051257122027,4.954577254879999,4.809001,5.142891051932728,4.630957,4.367663,4.5782475,4.7742014,1.981587095,1.04615,3.17115625
2,2,IZJRISIINLJVBU-UHFFFAOYSA-N,OCNT-0497946,5.0564337,5.097252838749997,5.2479997,5.3297956620773785,5.24532702065,5.1855917,5.234425011797111,5.285694,5.373973,5.007022,5.011618,4.946983765,4.73270475,5.14926575
2,2,JCBXMWZFTVXMIJ-HOTGVXAUSA-N,OCNT-2313726,5.0178804,4.547131589400001,4.758948,4.911797196538708,4.834739440680002,4.8909864,5.358604691352027,5.0581613,4.8461256,4.98363,5.136311,4.493009942,4.23298725,4.87909025
2,2,JIFHBVQNLSIJPG-UHFFFAOYSA-N,OCNT-2308803,4.639978,5.159193370100001,5.0581484,5.022733040524063,4.746333098580002,4.7604275,4.496150655169095,4.6166716,5.1029124,4.741003,4.6808453,4.948839665,4.7674195,5.1466665
2,2,JISPBDOUMQZWLT-UHFFFAOYSA-N,OCNT-2312988,3.9238315,5.14177525424,5.0518093,5.005676919200077,4.662707660659999,5.007889,4.951010977613506,4.6855125,4.2731485,4.3947206,4.781409,3.502485458,2.55137175,4.05645725
2,2,JNAFZITZTMHNDD-UHFFFAOYSA-N,OCNT-2312546,5.65441,5.25164416216,5.2492957,5.161300135806113,5.112047769569999,5.0949697,5.404007925876628,5.3773813,5.769195,5.24321,5.378378,4.94420277,4.75378925,5.10881
2,2,JOOUCWULASYDLT-UHFFFAOYSA-N,OCNT-2312522,5.253802,4.9182301609,4.5852065,4.720286881927616,4.703854545389999,4.647683,4.504336578258163,5.0875373,5.05757,4.9309354,5.3403807,5.183013522,5.0543875,5.322574
2,2,JPVSNCKCEXNVEF-UHFFFAOYSA-N,OCNT-2316068,4.9875517,5.421180104869998,5.5622134,5.194611347041885,4.84926166651,5.010251,5.134926662635959,5.067342,4.693133,5.052511,4.944798,4.889405,4.706477,5.07665725
2,2,JUZQLSXEWXJSQX-UHFFFAOYSA-N,OCNT-2314536,5.9929986,5.520074919159999,5.5213227,5.450873175235156,5.35037756694,5.2747335,5.436171720369908,5.4853454,6.0246086,5.7046123,5.8182006,5.513695345,5.40975,5.61276775
2,2,JWHAUXFOSRPERK-UHFFFAOYSA-N,OCNT-0381046,4.867285,5.310345697190001,5.348398,5.0076681817473885,4.6863076685,4.380175,5.242280879653335,5.0058084,5.6658783,4.9785943,4.893248,5.753405707,5.65351275,5.8505955
2,2,JWRZRQPWWBREKR-UHFFFAOYSA-N,OCNT-2313618,4.3189473,4.8838529892699984,5.1060414,5.233630379306245,5.304835793780001,5.189332,5.3376325857690965,4.8755045,5.023495,4.6173644,4.9988227,3.245417602,1.51768725,3.9899805
2,2,KAQRDYBEHRCINW-UHFFFAOYSA-N,OCNT-2308476,4.514553,5.056095050519997,4.579665,4.757670887914494,4.702999639979998,4.649937,4.349142935329953,4.755545,4.244639,4.3055234,4.981156,4.386259468,4.13971175,4.7220675
2,2,KBIZODSRDYBQSE-UHFFFAOYSA-N,OCNT-2314500,4.8209066,4.9077727811099985,4.917055,4.727952870307942,4.99213349938,5.2604165,5.240553145763348,4.9062104,4.6601114,5.104735,5.2138805,5.341003912,5.232166,5.43643275
2,2,KCLWZSBXZRBBSN-UHFFFAOYSA-N,OCNT-2310968,4.695723,4.239446772529999,4.6391096,4.6117723004317055,4.52937431759,4.8091793,4.50324754012623,5.0204973,4.1190343,4.433142,5.058725,4.326796585,4.06594325,4.7217105
2,2,KELUFBHDMTWQEL-UHFFFAOYSA-N,OCNT-2308995,5.2088194,5.2451968993800016,4.9057045,4.881234771055054,5.210123093370002,5.0754867,5.033565892562097,5.053666,5.623579,5.1960993,5.058134,5.266856083,5.127467,5.3772085
2,2,KKGXMRNXJMSNQL-UHFFFAOYSA-N,OCNT-2309931,5.7172904,5.712714834919998,5.706457,5.398552747821254,4.574295418890002,4.4434543,4.804431259865019,5.1622024,5.577287,5.342776,5.625527,4.631574237,4.42657725,4.89450125
2,2,KKUAFDGZQZBAAV-UHFFFAOYSA-N,OCNT-2310258,5.312709,5.544207815209997,5.585885,5.4642558218504735,5.2230071546199985,5.1098394,5.33279196683039,5.293313,5.527553,5.4705415,5.3797812,5.216356323,5.0263445,5.37072525
2,2,KQTXYDRDXSUVEF-UHFFFAOYSA-N,OCNT-2309396,3.4690561,4.71604177876,4.7435317,4.588007396866919,4.314576316889998,4.313776,3.819119759380292,4.202748,4.1143565,4.2031226,4.443506,1.90962809,1.03617525,3.11936025
2,2,KTXGZAHGTOTYGL-UHFFFAOYSA-N,OCNT-2313684,5.813783,5.6204688094899975,5.7867775,5.711922744168442,5.334189343330001,5.278146,5.390537230686755,5.4473634,5.5736275,5.5181646,5.739828,5.303198938,5.08598275,5.462755
2,2,LEWHCBDKCHBNAH-UHFFFAOYSA-N,OCNT-2316564,5.2442164,5.020331615249999,5.1335382,5.196360278040803,5.219557044079998,5.1927443,5.0699010624287615,5.2731214,5.5825534,5.4261723,5.5213056,5.343676625,5.15559525,5.557769
2,2,LGYSCTIZOHPFJD-UHFFFAOYSA-N,OCNT-2310481,5.0513835,5.29167961797,5.7841344,5.516433537022919,4.623096829440001,4.8923087,4.697238128937858,5.0283012,5.6771507,5.203789,5.308494,4.89869086,4.71166675,5.099514
2,2,LHANYQYWDMCDJS-UHFFFAOYSA-N,OCNT-2308855,4.694442,5.260368894840001,5.275965,5.274918113589476,4.529541472880001,4.491897,4.544545677527015,4.8190775,4.8959427,4.6166925,4.7228823,3.000227785,1.29952025,3.928265
2,2,LJPCOZWTZKSTAI-UHFFFAOYSA-N,OCNT-2313682,4.3072977,4.176737098049999,3.4607282,3.96449521384324,4.792567418349998,4.879078,4.916218548181079,4.861482,4.1567307,4.5267725,4.531836,3.771370683,3.265317,4.27283975
2,2,LKDLNDMROZFUSW-UHFFFAOYSA-N,OCNT-2314624,5.0963006,5.213423466270001,5.1810255,5.0951508168253925,5.226565624189999,5.1594467,5.120571303902132,4.8796244,5.685198,4.759094,5.058305,4.974948185,4.77744925,5.15959875
2,2,LOMWMAXJTIJZLC-WMCAAGNKSA-N,OCNT-2317132,5.0944195,5.12580538078,5.093932,5.07878963560642,5.043679779070001,5.189332,4.889372778610513,5.208199,4.9665504,4.914096,5.0371194,5.252039958,5.03683725,5.41132425
2,2,LOQUXCMMBHJLQU-UHFFFAOYSA-N,OCNT-2315701,5.173209,5.202748888610002,5.1155453,5.239849218290154,4.73995894544,5.193572,5.225291938500326,5.130639,4.890605,5.2427764,5.256747,5.736394738,5.6766455,5.79156525
2,2,LQKJYHIZCLRVAA-UHFFFAOYSA-N,OCNT-2311336,5.5342116,4.83169483678,4.6391096,4.749161124527624,5.267991949260001,5.0754867,4.828313155506718,5.3594456,6.0620136,5.508774,5.732473,5.615887133,5.4973595,5.72300875
2,2,LQLLHNXDSQWNGR-UHFFFAOYSA-N,OCNT-2315994,6.496246,5.61415755784,5.6537986,5.413428313954548,5.459183415319999,5.1098394,5.2793222941854445,5.7701125,6.60597,5.937161,6.2248716,5.74547179,5.646065,5.84754475
2,2,LRHLCTNZAXRLDS-UHFFFAOYSA-N,OCNT-2309619,4.840107,5.068587654200003,5.152467,4.999160428443494,4.769143352650001,4.491897,4.741928112877516,4.718228,4.903241,4.560529,4.6747007,5.14139961,4.866296,5.33401625
2,2,LRYQQRCEPXEHIM-UHFFFAOYSA-N,OCNT-2314399,3.6870959,3.953504579359999,4.087127,3.686414076923289,4.55502486628,4.588939,4.775519462768853,4.339383,3.490152,4.0434346,3.6895905,1.97698462,1.0376135,3.3715445
2,2,LTODDWBFRYADKR-UHFFFAOYSA-N,OCNT-2316606,4.1007185,5.260909255940001,5.2500668,5.041526582134951,4.922675531990002,4.937812,4.867693039699837,4.6786833,4.373062,4.614917,4.464598,5.184045455,4.9940045,5.347282
2,2,LUBJRGMKKHWILN-UHFFFAOYSA-N,OCNT-2315387,5.251558,5.140812736849999,5.4513,5.2018741019708,5.3525655956400024,5.160888,4.813030462819323,5.111703,5.4590745,5.2947702,4.9032106,6.064568935,5.744821,6.3431965
2,2,LUUKVWARABOWOK-UHFFFAOYSA-N,OCNT-2315245,5.8859167,4.702635845650001,4.9412856,5.103452842079347,5.107919131030002,5.382614,4.946119329117783,5.4423475,6.14542,5.678933,5.8057356,6.223525422,6.11463975,6.3348205
2,2,MGBLKHQGXZBSOK-IJHRGXPZSA-N,OCNT-2310376,3.2921321,4.021486070080002,4.1282587,4.249131641298368,3.81019960893,4.649937,4.199472346271701,4.033708,3.8278403,3.8210568,3.336337,2.100920668,1.05602075,3.39617
2,2,MKQBWARPRLEMRM-UHFFFAOYSA-N,OCNT-2313808,5.3623476,4.645769751069999,4.6612015,4.3792655379427465,4.553487939569999,4.7268076,4.7712384507974885,5.1242204,4.17828,4.7523117,5.241175,4.187514473,3.8735595,4.5992575
2,2,MOSOFALFTKWGNN-UHFFFAOYSA-N,OCNT-2317457,5.1615734,5.07621482539,4.8339715,5.031851184396231,4.904096372649999,5.064815,5.009912185251412,4.893442,4.5260544,4.9803414,5.187023,5.231524927,5.0672285,5.36796275
2,2,MOZDKDIOPSPTBH-UHFFFAOYSA-N,OCNT-2328962,4.7850275,4.8429169020800025,5.386978,5.206608685103521,5.0127329839699994,4.955431,5.220381199935436,5.349281,5.071734,5.309638,5.4793286,5.378086843,5.249309,5.484814
2,2,MPCZYGOSXOARMM-UWEBFBLFSA-N,OCNT-2308638,5.700776,5.425349701179999,5.530461,5.427024945823914,4.753301513380003,4.6926436,5.068974519906046,5.4414487,5.5319705,5.4574685,5.7905354,5.211921692,5.00382925,5.39736925
2,2,MSJUBWSXQQCCCY-UHFFFAOYSA-N,OCNT-2314801,6.657811,5.75481079222,5.635777,5.7691863917134505,5.69007291865,5.71859,5.859489277724532,5.8095427,6.737363,5.8518615,6.0840507,5.890563753,5.79049475,5.98767025
2,2,MWCPZQWNSSVFNC-UHFFFAOYSA-N,OCNT-2311567,3.6578398,4.02194276213,3.7360232,3.8411092329743193,4.557615591529999,4.354032,4.742136253798639,4.586679,4.1003394,4.413115,4.2078495,5.337748172,5.18201975,5.4703405
2,2,MZFRIUHVVSLKNK-UHFFFAOYSA-N,OCNT-2315263,5.0923343,5.16336975691,4.9329963,5.082068736403689,5.297791687650001,5.0754867,5.485831797592252,5.243196,5.354488,5.26451,5.2418537,4.34719136,4.07993525,4.70573825
2,2,NHKYFFIMWRXZCG-UHFFFAOYSA-N,OCNT-2309491,5.1387396,4.880194919360003,4.5119996,4.994847244335778,4.916840281210001,5.0834327,5.151831591690597,5.1414623,5.7467504,5.2255263,5.4566035,5.875974053,5.74470725,6.0044525
2,2,NIYULIQCZVFWLR-UHFFFAOYSA-N,OCNT-2313865,4.98113,5.01964461663,3.924422,4.270481519076445,4.65905904508,4.647683,4.31578651850337,5.0515075,5.670435,4.9330845,5.5934715,4.458827477,4.17273125,4.9445135
2,2,NJERGYGFXSOKSW-UHFFFAOYSA-N,OCNT-2311985,6.0566607,5.24470202922,5.2479997,5.462026852150933,5.428250277610001,5.1927443,5.333368827343925,5.612667,5.9500933,5.628252,5.6430287,5.344866588,5.1705955,5.504773
2,2,NQPRWZAKZZQRTD-QWHCGFSZSA-N,OCNT-2311058,5.604055,4.800490630140001,4.7732997,4.640889214877463,4.90323679253,4.638327,4.760597248587951,5.4521394,5.15275,5.3116302,5.73173,4.408572057,4.07874375,4.9184255
2,2,NQZHFXMFNWKCGL-UHFFFAOYSA-N,OCNT-2312226,4.9031453,6.367886250710005,5.9807744,5.419932979292798,4.805033035480001,5.0046887,5.336891702541153,5.1276045,5.2274337,5.2185173,5.355742,5.786870128,5.70478675,5.871801
2,2,NTNKUGFNNVBGRM-VQIMIIECSA-N,OCNT-2311203,4.071245,4.387157371199998,3.8096275,3.982278138109216,4.552568962630001,4.465822,4.510972397358817,4.2787642,4.5782757,4.382569,4.4863534,1.979960085,1.04054475,3.20420325
2,2,NVWRCKWSACBUON-UHFFFAOYSA-N,OCNT-2315130,5.281822,4.606564354339998,4.832188,4.533355638095287,4.760700101370003,4.6590776,4.409754113690171,5.235134,5.8705134,5.0272927,5.4551754,6.304488135,6.17028125,6.4414235
2,2,OKUVLPLUOLCJPT-UHFFFAOYSA-N,OCNT-2318363,5.4466734,5.557782329280002,5.9110475,5.926031113581329,4.77277043621,5.166607,5.04457501625855,5.3831487,5.880071,5.491843,5.9154615,6.26143248,6.16704475,6.35548
2,2,OLIZBWIGOGMGBA-UHFFFAOYSA-N,OCNT-2312730,4.3546906,4.188720082050001,4.4542427,3.959858712024006,4.490989448850001,4.8146334,4.269913731952674,4.7927384,4.906791,4.5454235,4.261221,5.161441532,4.9880465,5.31998625
2,2,OLKFTJZESRFYGM-UHFFFAOYSA-N,OCNT-2311748,5.7430906,5.972681067819998,5.8361754,5.606667539425019,5.32661089192,5.0754867,5.151479928969664,5.4413843,5.975233,5.526314,5.707581,6.231112135,5.94330575,6.4930315
2,2,OORSXFVBXLFCHO-UHFFFAOYSA-N,OCNT-2313789,5.296246,4.84145739951,5.500148,5.156656616859932,5.218261776780001,5.189332,5.516771977878579,5.179522,5.3322716,5.433038,5.403281,5.929767522,5.85876875,5.99619025
2,2,OUNVBVZEYBCHRM-UHFFFAOYSA-N,OCNT-2313533,5.8446593,5.743103787000003,5.556499,5.405441616823444,5.35094759714,5.160888,5.612336301423062,5.4260554,5.9493737,5.329501,5.6887007,5.39463625,5.234911,5.53283475
2,2,OZBQCCJUGKHCOL-UHFFFAOYSA-N,OCNT-2318112,5.1512885,5.157088921990001,5.086625,5.46060369475808,5.30436510585,5.0754867,5.415074134906423,5.004471,5.695153,5.3562655,5.234714,6.774244237,6.6791585,6.8654375
2,2,PCGYMNZMWFXQHG-UHFFFAOYSA-N,OCNT-2310055,5.14472,5.171134678659999,5.3750963,5.343993446828942,5.577814811789998,5.5253077,5.340087100226223,5.1027327,5.729537,4.9948263,5.1496797,5.319163178,5.16243525,5.4531745
2,2,PEOQYHHOEUVRKO-UHFFFAOYSA-N,OCNT-2318364,5.993394,5.603727011839998,5.5687375,5.591380139690419,5.39434233255,5.0376105,5.064641903568893,5.6879277,5.9500213,5.93468,6.002736,5.577221095,5.44301975,5.701419
2,2,PEWNDETWSSTSKC-UHFFFAOYSA-N,OCNT-2313831,5.0629535,4.7195494387400005,4.455604,4.7327522064642835,5.407206976450001,5.1927443,5.283518753861239,5.0266094,4.5415106,5.086469,5.136259,4.441024328,4.10993325,4.95567225
2,2,PHMGMGUOOWDYOQ-UHFFFAOYSA-N,OCNT-2318423,4.2973814,4.949584827880002,4.9586124,4.368346181820729,4.24335997323,4.5747614,4.974871306479917,4.922567,4.766124,4.4399605,5.1415763,3.927173255,3.4869655,4.44302525
2,2,PIDJDWPBMLIQQG-UHFFFAOYSA-N,OCNT-2309110,5.16406,5.04728178379,5.1155453,4.626787458947708,4.8695709690100015,4.3782206,4.659020848906214,5.092326,5.608678,5.284506,5.2477694,5.114729933,4.933995,5.2244005
2,2,PIPKZVMFJISYNX-UHFFFAOYSA-N,OCNT-2312985,5.1819806,5.391940344430003,5.348398,5.172915836123663,4.74982466419,5.1855917,5.359734750115985,5.2027373,5.777997,5.270467,5.3236427,5.281324363,5.12498075,5.421943
2,2,PQAMIQVSIIWVLA-UHFFFAOYSA-N,OCNT-2312392,3.7766309,4.847898348589998,5.2465353,4.542516684507541,5.107971036090001,4.711265,4.880253586953078,5.0195775,3.9929764,4.916013,4.489933,1.90557896,1.03386975,3.12153525
2,2,PSMOSYOPNQRHNZ-UHFFFAOYSA-N,OCNT-2310534,5.3946614,5.066470764190002,5.069194,5.504816875437169,5.31112732276,5.278146,5.26056388544326,5.2422347,5.6857195,5.4539504,5.731063,6.196405395,6.102786,6.291371
2,2,PVJKSRBNYFPBRX-UHFFFAOYSA-N,OCNT-2310890,6.4107246,5.93944075942,5.8359337,5.959919687744335,5.2684495821100015,4.287238,4.393956407310741,5.6935854,6.629148,5.795298,6.039729,5.584006195,5.46709975,5.69246175
2,2,QAZOAAIWQSZDGT-UHFFFAOYSA-N,OCNT-2318651,4.834726,4.468218597619999,4.8872724,4.806818634573122,4.653609362009999,5.09223,4.353572254457078,5.0083957,4.878605,4.903539,4.888587,3.561449123,2.3604745,4.150688
2,2,QBMXBWJGVUKDQR-UHFFFAOYSA-N,OCNT-2313923,5.2028337,5.359745592179999,4.8383765,5.2470882304078215,4.912760478029999,4.8909864,5.238129218434061,5.3739076,5.3925447,5.09272,5.214814,4.824067162,4.650145,5.0092125
2,2,QDZLJEUNTNYVTE-UHFFFAOYSA-N,OCNT-2314741,4.401931,4.7672433893600035,4.788207,4.411434223585823,4.567612821770001,3.882072,4.581696371033467,4.7227807,3.7155397,4.468907,4.7091203,2.40076287,1.07288325,3.644315
2,2,QELSKZZBTMNZEB-UHFFFAOYSA-N,OCNT-2328961,4.278634,4.820298409269999,5.2704496,5.382036529447997,4.75150049213,4.8053393,4.624417342374655,5.110436,4.5420256,4.8978295,4.7934957,5.300220215,5.16217,5.42239225
2,2,QFOHBWFCKVYLES-UHFFFAOYSA-N,OCNT-2328316,4.5634484,4.80723919176,5.2704496,5.384021765382745,4.790696293889999,4.8053393,4.463013598957909,5.1239915,4.7836194,4.9554873,4.8047934,5.78291153,5.6220275,5.9420435
2,2,QICVHYIQFRIWFR-UHFFFAOYSA-N,OCNT-2310937,5.745073,5.31546666751,5.411734,5.609244578259822,5.4444882676900015,5.2747335,5.065065032128169,5.5300393,5.8336215,5.591977,5.2267127,5.447608275,5.37239875,5.5256225
2,2,QIHKGMKUENLTSR-UHFFFAOYSA-N,OCNT-2312890,5.7998385,5.620964868690001,5.2299194,5.453208129114617,4.970377123780002,4.937812,4.663113582639789,5.1912117,6.14771,5.4649334,5.8166285,5.018746865,4.822562,5.21490275
2,2,QMPNSZFQZAWABV-UHFFFAOYSA-N,OCNT-2311956,4.1671233,4.800192052530003,4.1726346,4.796613314410538,4.83848788332,4.966175,4.952162414521738,4.747739,4.9276204,4.568257,4.520879,4.080652048,3.72129025,4.618171
2,2,QMSJBRPWYZGZAW-UHFFFAOYSA-N,OCNT-2317666,4.5399756,4.901982433610005,4.728813,4.70545486703582,4.492764724990002,4.638327,4.8525575549256645,4.4858828,3.8945084,4.379199,4.9037895,3.945418577,3.506745,4.58506925
2,2,QNTYSVXEXCRUEK-UHFFFAOYSA-N,OCNT-2310878,5.5520377,5.562411246810001,5.411455,5.094010317044223,5.035131942230002,4.456624,5.307098778431173,5.138744,5.6477966,5.1556134,5.3360744,5.270082415,5.102644,5.4139605
2,2,QOMURNVBTXTAIV-UHFFFAOYSA-N,OCNT-2310983,3.9835413,3.41290870253,4.2104177,3.641702913618929,4.341473005999999,4.6926436,3.77003693547763,4.5164194,3.4912019,3.7032056,3.431664,4.515012138,4.31683675,4.7748875
2,2,QQULOXRKJYHTLY-UHFFFAOYSA-N,OCNT-2310581,6.3368955,5.620066317489997,6.012389,5.985720514197605,4.88577349761,5.133358,4.796385035626766,5.5819435,6.6605763,5.7258186,5.9847355,5.79079,5.696516,5.88539075
2,2,QVQOHIBPHPVPPB-UHFFFAOYSA-N,OCNT-2309641,5.0430903,4.897437484109999,5.1155133,4.918800923432855,4.8114540452900005,4.8226485,4.908175691094857,4.9949684,4.3779573,5.0896244,5.0069647,4.320567018,4.057148,4.6916225
2,2,QXPYQRMVAGAKQV-UHFFFAOYSA-N,OCNT-2314706,5.3498263,5.344672359330002,5.546875,5.164571067549541,5.751043322890002,5.71859,6.033751247419054,5.63062,5.76108,5.51097,5.409692,6.074837122,5.99966925,6.15259375
2,2,QYZMJZMDKMMMCM-ZYMOGRSISA-N,OCNT-2309109,5.6274066,5.194403587920001,5.262853,5.069701336265582,4.8985213112200015,4.530267,5.03676557173941,5.556497,5.255538,5.351467,5.524211,4.923873225,4.72829125,5.08126075
2,2,RBTBFTRPCNLSDE-UHFFFAOYSA-N,OCNT-0476578,5.8093996,5.3019453259399985,5.2704496,5.194781361758163,5.440931590599999,5.038996,5.143067287879141,5.376365,5.5236816,5.3938465,5.765149,5.62699618,5.56661825,5.6916005
2,2,RDYYEQXKMUGSDS-UHFFFAOYSA-N,OCNT-2308899,5.4709635,5.32162258394,5.324362,5.363217945962646,5.0382762254500015,5.2047443,5.279673561906639,5.1867833,5.814048,5.565195,5.570675,6.44116655,6.355414,6.53171575
2,2,RECBLOHVWNTXCV-UHFFFAOYSA-N,OCNT-2310338,4.2119637,4.11285047183,3.9248226,3.8675771374782304,4.23201462145,4.649937,4.32821810851943,4.361952,3.6282454,4.123359,4.3642344,3.445593937,2.5960015,4.01840425
2,2,RFABKPISPKENOC-UHFFFAOYSA-N,OCNT-2317281,4.686504,5.087774699090002,4.948436,5.033612663505546,4.277212407070001,4.7268076,4.7014724688562755,5.1227474,5.295985,5.1213837,5.4018726,5.295166005,5.09267575,5.44291
2,2,RGPSYPNIQMCKJL-UHFFFAOYSA-N,OCNT-2312735,6.2817345,5.35006816358,5.6661067,5.558746053747832,5.081721480070001,5.1594467,5.29594192258195,5.343734,5.9543715,5.6338415,5.8029766,5.361970285,5.18815425,5.49072375
2,2,RIEDMHPQFMNWBU-UHFFFAOYSA-N,OCNT-2315454,4.103485,3.909006717319999,4.2080636,3.869223300962579,4.893720762889999,4.604342,4.80445528122081,4.121565,4.1024847,4.205052,3.831923,5.075340083,4.881089,5.23342425
2,2,RIIRUDJUXUOQHO-UHFFFAOYSA-N,OCNT-2309277,5.551984,5.41188245536,5.411734,5.757062947955085,5.529098623980001,5.278146,5.488912390178857,5.5737944,6.1156616,5.5970182,5.600632,6.30727257,6.2317785,6.38142125
2,2,RITAVMQDGBJQJZ-UHFFFAOYSA-N,OCNT-2328601,6.2401443,5.30750974299,5.3952856,5.349320749819635,4.95356799054,5.192748,5.196301650670403,5.6214423,5.535588,5.610527,5.746043,5.749883995,5.631432,5.85966275
2,2,RMUCZJUITONUFY-UHFFFAOYSA-N,OCNT-2328890,4.8262506,4.30357960423,3.9334574,4.2068686014535865,4.8707591613700005,4.8053393,4.864187101803594,5.157093,4.8451915,4.950739,5.0072136,5.037293535,4.8525835,5.219532
2,2,RNJALEGEKJSKHV-UHFFFAOYSA-N,OCNT-2310900,5.2931027,4.902283690560003,5.0642314,5.023789119915376,4.78053464795,5.24296,5.360062234839507,4.967394,4.689698,4.6563306,5.0277295,4.336831935,4.11569075,4.647276
2,2,RSIOEWHOJVUUFH-SKDZVZGDSA-N,OCNT-2315859,5.1501393,4.872309178929999,4.9477897,5.247936373640393,4.587768900540001,5.1092386,4.541342513748904,5.078755,5.2578287,4.797762,5.1831627,5.48680374,5.378178,5.590684
2,2,RXWSOBRRXFTSLA-UHFFFAOYSA-N,OCNT-2309655,3.2591815,4.763424840689998,4.411419,4.54456750273411,4.703876952410003,4.647683,4.876166558739461,4.528052,3.6013842,4.259287,3.8573422,2.492578865,1.1185145,3.77799
2,2,RYQOILLJDKPETL-UHFFFAOYSA-N,OCNT-2328519,3.9100163,4.8546084058900005,4.701107,4.655881420801126,4.84242320806,5.005542,4.1623640710876995,4.411618,5.153519,4.3456955,3.8544548,5.093239353,4.89655775,5.26050125
2,2,SDEJVIVIPUCEPS-UHFFFAOYSA-N,OCNT-2317195,3.905316,4.754595397690001,5.324362,5.389341302380338,5.391713924540003,5.1927443,5.272713754798138,5.109297,4.9164925,5.3982706,4.993531,5.566309087,5.45688575,5.67193075
2,2,SDIDXGLXZHVECY-UHFFFAOYSA-N,OCNT-2310888,5.6064024,5.10187938766,4.9671593,5.258954076664834,4.908052522970002,4.7494807,5.035084102994392,5.3122826,5.163559,5.3201632,5.681822,5.09731991,4.945859,5.22296525
2,2,SHNPLRZOYVZLCR-UHFFFAOYSA-N,OCNT-2312525,5.983322,5.702686407220001,5.2312493,5.640699855305234,5.4628498300800015,5.382614,5.580865999174554,5.4078164,5.756748,5.5959744,5.947074,4.87473432,4.690806,5.08420175
2,2,SMMRFJYFYSKXSJ-UHFFFAOYSA-N,OCNT-2311686,5.06833,4.800917740969998,4.826489,4.79163183211201,4.815299038990003,4.5187283,4.8500483319982495,4.999359,5.271399,5.0532894,5.295715,3.811814995,3.2906425,4.22289425
2,2,SOERAKJOJAFGAK-SNVBAGLBSA-N,OCNT-2316922,5.123707,4.897422739470003,4.767468,4.839195038725098,4.8916076198699985,4.7445564,5.085132815910163,5.150453,5.3475556,4.8451385,5.1098914,5.083360365,4.8493825,5.32316675
2,2,SOPSTNOHBNLMBW-UHFFFAOYSA-N,OCNT-2309323,4.0179353,3.45068694545,3.93079,3.480576053310768,4.37932107979,5.0294657,4.187813086453126,4.4989367,3.6125665,4.0050488,3.9121642,3.809379935,2.741703,4.23898975
2,2,SRRCIKPDRUJIPG-UHFFFAOYSA-N,OCNT-2312144,4.384549,4.072329855880001,3.398834,3.858427750003986,4.458756146539999,4.649937,4.309869720930988,4.6345196,3.8717923,4.249913,4.7109265,3.01734311,1.2147505,3.92068825
2,2,STDFBBSZPPVDEA-UHFFFAOYSA-N,OCNT-2310081,5.0161567,4.8734400368400035,5.2971835,5.195837273161285,4.72182341415,5.0231595,4.670539936439841,5.038806,4.7192025,5.3017116,5.247573,6.060211415,5.94318,6.17309
2,2,SUCKANYAWOWYFK-UHFFFAOYSA-N,OCNT-2312420,4.944185,4.885268376109999,5.386699,5.077325506606125,4.942787045699999,4.8767586,4.925410366462812,5.100132,5.193666,5.0046287,5.055948,5.757593662,5.628079,5.882591
2,2,SXGCGPZMAHHOEU-UHFFFAOYSA-N,OCNT-2310344,5.833943,5.442537547789999,5.602702,5.498094975524016,5.33177777685,4.828656,5.318815835352211,5.759519,6.01877,5.781706,5.5852103,6.310498873,6.226436,6.39338575
2,2,SXTDMNODKPPWQE-UHFFFAOYSA-N,OCNT-2313234,5.4329553,5.911323594429999,5.574976,5.786402584223024,5.52400328757,5.4680157,5.760078672161296,5.4485383,6.524439,5.572725,5.759869,5.28275539,5.152235,5.3935925
2,2,TURMNVAOZWJXSY-UHFFFAOYSA-N,OCNT-2312316,5.791786,4.519862058369998,4.1666355,4.636877836391018,4.995293128129998,4.98508,5.194252690314648,5.3254395,5.5845137,5.219043,5.64344,5.32535307,5.16738775,5.4694165
2,2,TVILSDDBFTWFKQ-UHFFFAOYSA-N,OCNT-2316913,5.5371685,5.2831462397300015,4.872264,4.989889305461349,4.862495208130003,4.6030507,5.2913117016530204,5.2916875,5.1819253,5.0069666,5.5831923,6.69641439,6.5974295,6.79381575
2,2,TWLZOWYTDJYARI-UHFFFAOYSA-N,OCNT-2318185,4.072294,3.6545015931,2.5190065,3.5321633804242007,4.474213587879999,4.6555753,4.454829226145664,4.121925,4.7294955,4.0283756,3.998125,5.050444355,4.86693975,5.23307825
2,2,TXHULZCABKAZOB-UHFFFAOYSA-N,OCNT-2316255,3.5769815,4.641366945559998,4.3038263,4.282548170909025,4.386442367640001,4.9670777,4.539685861000722,4.488635,4.4141717,4.4011173,4.373604,3.676461167,2.8834395,4.14455875
2,2,UAVCJCBNMRVBKI-UHFFFAOYSA-N,OCNT-2311554,5.3335533,5.030113300129998,5.276712,5.418793332369634,5.3620575844300005,5.2747335,5.356660474149806,5.071035,5.377016,5.1510987,5.208647,4.629156713,4.3869395,4.9457885
2,2,UBNYRXMKIIGMKK-UHFFFAOYSA-N,OCNT-2328702,5.5079722,5.275602607770002,5.348398,5.3400098632167285,4.8569230704900015,4.8053393,5.376684980800763,5.1622467,5.59356,5.1506395,5.6290836,5.310094333,5.22720775,5.3905935
2,2,UDCRBVYHXMGVBV-UHFFFAOYSA-N,OCNT-2311707,4.299494,5.463773850769997,5.232504,5.33655012159561,4.393080022830003,4.213163,4.213251963657779,4.579972,5.285781,4.697487,4.7420206,5.673069532,5.55335175,5.7863855
2,2,UFZXKFNSSITYNQ-UHFFFAOYSA-N,OCNT-2311206,4.933283,4.631207666910002,4.826489,4.606547028035958,5.008664141590002,4.5187283,5.128654920100332,4.900923,5.1691227,4.935142,5.004998,4.552173525,4.31921025,4.885216
2,2,ULOBBAQXDYDAIA-UHFFFAOYSA-N,OCNT-2314688,5.0529184,4.626818159219999,4.706676,5.126713599606291,5.06733408873,4.8909864,5.07989563421851,4.9658914,5.7381983,4.9863873,5.2500153,4.951358575,4.78540925,5.14331775
2,2,UOEUTDCAVNXVAV-UHFFFAOYSA-N,OCNT-2314777,5.6541386,5.315593756039998,5.0993853,5.021536263216322,5.15737050646,5.0754867,4.864729893202927,5.239071,5.865611,5.333674,5.417739,6.328517175,6.222693,6.4324855
2,2,UPXGGHRKRPLSDF-UHFFFAOYSA-N,OCNT-2317538,4.7581577,4.8328219841300015,5.0405593,4.753046953380315,4.40486464421,4.649937,4.495576332313042,4.574664,4.4850764,4.7865887,4.7778697,4.292626017,3.95900775,4.7819235
2,2,USKDSEPSXFSQII-UHFFFAOYSA-N,OCNT-2312480,4.1443615,4.8393701669199976,4.2601748,4.450653643081381,4.890105757459999,4.32967,4.281499484169027,4.6158285,4.5716877,4.3608418,4.5376472,4.557807162,4.3726705,4.8104405
2,2,UTOXMBBBSYRSIE-UHFFFAOYSA-N,OCNT-2311754,5.6526875,5.69482721522,5.5647163,5.602814552030709,4.7008224598699995,4.51854,4.562811053451241,5.4236217,5.8691754,5.3941355,5.516715,5.37004222,5.21061875,5.518964
2,2,VCEACQBCTFZCNS-UHFFFAOYSA-N,OCNT-2317891,5.179388,4.773986871589999,4.8118567,4.923519295647099,4.790486299930002,4.965303,4.812670634181789,5.0260577,4.2115726,4.7362466,4.8921337,4.033201865,3.61493,4.59009475
2,2,VDJLOPPVHCZTLF-UHFFFAOYSA-N,OCNT-2311021,3.9307985,5.1026199213300005,5.303295,5.370369776732753,4.62422180512,5.007889,5.107457024789313,4.9362836,4.651205,4.8128133,4.5520105,5.67066984,5.561121,5.7835725
2,2,VHVGLSGEIFKTCG-UHFFFAOYSA-N,OCNT-2314266,4.758528,5.21625739486,5.1106443,5.025238494687602,5.02073378237,5.0754867,4.909885973770892,5.004592,4.773528,4.988622,4.846441,4.976558362,4.82979,5.1165415
2,2,VKUDADNKGDMBGO-UHFFFAOYSA-N,OCNT-2312066,4.615089,4.601040874630001,3.8815243,4.283861492630682,4.400017793410002,4.754112,5.05132924263342,4.7101974,4.8091125,4.8493233,4.969919,5.471353987,5.29718775,5.6121755
2,2,VLNPWBBHSZOKSV-UHFFFAOYSA-N,OCNT-2312058,5.4841537,5.425151960229999,5.3255043,5.121684455305261,5.3593198428400015,5.189332,5.065803662577331,5.3246536,5.6351633,5.4182787,5.456043,5.72226015,5.6491695,5.79579025
2,2,VNXDVPIEKLJBAE-UHFFFAOYSA-N,OCNT-2316559,5.1552215,5.4221650341400025,5.198092,5.311869405769254,4.871047998830001,5.033595,4.8960108823222965,5.418016,4.6066003,5.349717,5.446976,5.341833525,5.23803625,5.436346
2,2,VRWZGQHEAVYSMP-UHFFFAOYSA-N,OCNT-2317983,6.2326584,5.40405680869,5.6484175,5.554515869645121,5.33586717575,5.2604165,5.685567969945505,5.829314,6.0039735,5.755639,5.699672,5.537184468,5.46115875,5.61480175
2,2,VSLIUWLPFRVCDL-UHFFFAOYSA-N,OCNT-0498430,3.327415,4.864811108789999,5.1641827,5.01399294591369,5.1874812530500005,5.010544,5.45925111012263,4.742801,4.7011275,5.017882,5.0239325,5.76834609,5.4231955,6.07579525
2,2,VTQXUFDARAXXEL-UHFFFAOYSA-N,OCNT-2311552,4.9765515,4.978352559019999,4.2622404,4.574431746641924,5.153001561280002,5.189332,4.8391182685851435,4.885242,4.7832737,4.9903817,5.0654526,4.663353632,4.412397,4.9548635
2,2,VUBPFQVWEULGBN-UHFFFAOYSA-N,OCNT-2314197,6.4034457,5.187503719780002,5.037856,5.020671031215339,5.090670113530001,5.278146,5.129629416541656,5.6122766,6.2067113,5.8411403,5.85575,5.76322843,5.68153725,5.84924275
2,2,WBCFEEVPPONADX-UHFFFAOYSA-N,OCNT-2314795,5.5848064,5.972924452319997,5.572441,5.784602712340731,5.121747605500001,4.8767586,5.600474910470293,5.4415693,6.3226857,5.594743,5.8370943,6.73828981,6.65718975,6.8232045
2,2,WDVWPZGOCHWSJT-ZETCQYMHSA-N,OCNT-2314321,4.8329167,4.355792957899999,4.2603726,4.74184799965296,4.331347860080004,4.423227,5.22716517814551,4.763713,4.7756805,4.7522717,4.5141664,4.922546245,4.74416725,5.0904285
2,2,WDXHGUYZWPUCKF-UHFFFAOYSA-N,OCNT-2317753,5.6437454,5.468616373209998,5.38884,5.5427946214768395,4.656827556610001,4.3664937,5.168962659234663,5.105784,5.765077,5.2607737,5.453514,5.59683955,5.39068175,5.7879455
2,2,WJQRJEHDFYVKSC-UHFFFAOYSA-N,OCNT-2316867,5.6396065,5.205206092499996,5.225106,5.27801935544675,5.433313744909999,5.189332,5.248797892349631,5.4807615,5.772519,5.6021943,5.717143,6.000868557,5.90147175,6.10485075
2,2,WOGQCARQKBERFP-UHFFFAOYSA-N,OCNT-2309126,4.0587187,4.4006661756700005,4.283625,4.44792939675964,4.61797738597,4.879078,5.158093612329456,4.6090837,3.904634,4.1923656,4.5156937,3.40651477,2.30536875,4.02072825
2,2,WOTKHFGJCBUMBM-UHFFFAOYSA-N,OCNT-2310365,5.183609,4.660903330910002,4.1658,4.472174107395314,4.578691534250001,4.4969707,4.4434128668832065,4.962252,4.4981384,4.7649984,4.9659905,5.195463408,5.029128,5.33110075
2,2,WPPNSINALVFTOS-UHFFFAOYSA-N,OCNT-2314804,5.629675,5.311570467099998,5.5687375,5.784120301275901,5.49134195472,5.1927443,5.507277234667502,5.580797,5.445788,5.5615873,5.612094,5.844491977,5.74154475,5.949471
2,2,WUAZOSQKECLJFW-UHFFFAOYSA-N,OCNT-2312714,4.9422092,5.062903428080002,4.966173,5.0223578597793646,4.799584435870002,4.937812,4.593436181097316,4.8170004,4.2081413,4.512292,4.9075265,3.699680345,3.0503155,4.193767
2,2,WYWNLPSNCOQRHL-UHFFFAOYSA-N,OCNT-2311916,4.659826,4.883544862259999,5.2834992,5.115900668072742,4.096483118239999,5.375077,4.789502774771386,5.028773,5.627111,4.9749923,5.2325425,5.215246547,5.04472675,5.36339325
2,2,XBWYDJLBZXBPSD-UHFFFAOYSA-N,OCNT-2317345,5.872607,5.098913509450001,4.6450763,4.578240729025799,4.88946027073,5.133358,4.948248812490058,5.2673025,6.247585,5.5092025,5.820451,6.411296205,6.32317225,6.50043075
2,2,XDIJGISKACAZPE-UHFFFAOYSA-N,OCNT-2310449,4.233505,4.791658126880001,5.209811,5.2770303389806905,5.031165200020001,5.0980396,5.149567041712608,5.1875076,5.353281,5.39095,4.9847836,6.25329774,6.120507,6.3843355
2,2,XFSGSMMSLFZPTO-UHFFFAOYSA-N,OCNT-2312096,5.2772613,4.67925728068,4.237281,4.415246009070278,4.490943512840003,4.32967,4.70643943387975,4.9647245,5.3331003,5.136831,5.212217,4.736752475,4.5545425,4.95573475
2,2,XGUUIGANFHYZOD-GXSJLCMTSA-N,OCNT-2308871,5.7979407,5.316904522860004,5.243103,5.188891928376223,5.095425525600001,5.24296,5.129015319593889,4.983585,5.1672635,5.317858,5.32936,5.284392625,5.15024725,5.38431725
2,2,XKAJLUQIWOREOM-UHFFFAOYSA-N,OCNT-2315584,5.4070683,4.789380911329999,4.367437,4.244904273213706,4.779955422150001,5.0046887,4.97280207990471,5.066061,5.502136,4.6287155,5.647696,5.044979403,4.86892675,5.2078555
2,2,XKOYXYRROUYVSA-UHFFFAOYSA-N,OCNT-2309734,4.636112,4.637420560979999,4.249291,4.735007889413392,4.92157147172,5.017373,5.3249393341184525,4.9430847,4.89795,4.663078,4.3606997,5.255905082,5.1034195,5.376052
2,2,XSIUDLUMBUINMS-BMIGLBTASA-N,OCNT-2315412,4.713868,4.637963114669998,5.358328,4.266833018995068,4.716776075919999,5.1092386,5.058272569603949,4.8975215,4.3836412,4.768498,5.0025992,3.777630627,3.3214565,4.261969
2,2,XTNMZHDMZGRSBV-UHFFFAOYSA-N,OCNT-2310605,6.0023713,5.06977556314,5.33956,5.551415655881743,5.382514750289999,5.278146,5.118319824383682,5.7365913,6.4788337,5.7096987,5.927285,5.76041133,5.637013,5.8757395
2,2,XVCFYPXRSADGLR-UHFFFAOYSA-N,OCNT-2310447,6.1436076,5.271247817669998,5.316666,5.551792978966854,5.783540268410002,5.71859,5.524697756591353,5.6874695,6.625518,5.798285,6.0029764,5.569518247,5.443747,5.68203775
2,2,XXQZZAVTJKDDAX-UHFFFAOYSA-N,OCNT-2314454,5.312978,4.1688952214000015,3.5577343,4.002391052710487,4.895885753350001,5.0980396,4.963387686352358,5.491021,4.923237,5.050923,5.2863736,3.90601283,3.485328,4.49597
2,2,XYBSIQLXXDTGIG-MRVPVSSYSA-N,OCNT-2309597,4.3922195,5.6198783394500005,4.83748,5.251865468983986,4.959848480370001,4.840352,5.323450827184864,5.091976,4.959019,5.0829806,5.088505,3.614950857,2.8224475,4.10347025
2,2,XYLISCWHQABNBV-UHFFFAOYSA-N,OCNT-2309158,4.5433555,5.06258762295,5.0228863,4.913487895081631,5.24404731901,5.0754867,4.768336637280806,4.8274713,5.083355,4.655009,4.775184,4.362328292,4.1285485,4.7223695
2,2,YCGWTNODMPQGJL-UHFFFAOYSA-N,OCNT-2312407,4.9189563,5.106176262359998,5.436079,5.180508165953844,5.2883639246300005,5.189332,4.843053818811872,5.108593,4.976769,5.2563705,5.5555935,4.042082048,3.6508885,4.55074525
2,2,YLJREFDVOIBQDA-UHFFFAOYSA-N,OCNT-0478585,4.791137,5.333808861780002,5.152467,5.496965148533303,5.12895036551,5.0754867,4.772188005914723,4.917,5.4173694,5.2157655,5.2673583,5.595434417,5.4400775,5.73690125
2,2,YLTPAJXOVJXXRY-UHFFFAOYSA-N,OCNT-2308619,4.3305187,4.22346235199,3.9554513,3.900485211184044,5.143337068659999,5.1023374,5.213537800337434,4.916352,5.0472956,4.846945,4.4038644,3.255417185,1.48470725,4.067002
2,2,YNBUZBXAPIGYTF-UHFFFAOYSA-N,OCNT-2314720,4.745046,5.223674970759999,5.089131,5.329821652811867,4.900145847310001,5.084242,4.792054403709039,4.741004,5.364751,4.9412093,5.055647,4.989900158,4.773039,5.15615075
2,2,YOAAWJYXHLOKQP-UHFFFAOYSA-N,OCNT-2311629,5.8255157,5.488790827309998,5.299606,5.520681893206623,5.47720357669,5.1927443,5.435343516286921,5.636391,5.9319696,5.6081967,5.7472343,5.91036869,5.60307825,6.17823725
2,2,YPJWXDAJVYLBMX-UHFFFAOYSA-N,OCNT-2312161,4.227012,4.730046159719999,3.878698,4.102280133412388,4.7343487261899995,4.8431926,4.282143151995903,4.7731705,4.703378,4.3986483,4.855598,5.06015934,4.90644525,5.23929975
2,2,YUBNRZSJAPGEPP-NEPJUHHUSA-N,OCNT-2312071,5.389028,4.907107238630001,5.0710382,5.245728246229236,5.459619179729999,5.1594467,5.409409705569902,5.063027,5.666533,5.402758,5.537441,5.00255119,4.8367855,5.13905625
2,2,YWWRVIGZMFEUSK-UHFFFAOYSA-N,OCNT-2310994,5.1064076,5.188218162040003,4.8670897,5.023269003339677,5.270858038419999,5.1855917,5.161940883104507,5.423584,5.2541494,5.0984635,5.1547604,4.889479397,4.7088805,5.08189
2,2,YXLVDUWUDRRGEV-UHFFFAOYSA-N,OCNT-2313785,4.4062276,4.482666887610001,4.2654877,4.406663906085369,4.354843708809998,4.7402563,4.698971881875156,4.63968,4.5245132,4.378194,4.5520034,4.137496055,3.75581975,4.569057
2,2,ZETLBFHKRJQWQU-UHFFFAOYSA-N,OCNT-2316329,4.6039205,4.716185574919999,4.8092885,4.488529083935569,4.476202171610001,4.530267,4.164065187613016,4.679407,3.9841661,4.1786747,4.370109,4.668983018,4.4357475,4.968198
2,2,ZGEMMWJWKPEQMQ-UHFFFAOYSA-N,OCNT-2315052,5.3847537,5.55371333315,5.349358,5.4029786837018685,5.35946988526,5.189332,5.268663193208308,5.2207804,5.5447626,5.257554,5.6112194,5.769169795,5.63931125,5.8781885
2,2,ZGYOGTJSHWIDCM-UHFFFAOYSA-N,OCNT-2312106,4.4857388,5.105579575319998,5.184664,5.110018123358513,5.334866736560001,5.0754867,5.0342136851241275,5.1155868,4.9949408,5.136902,5.198529,3.43923395,2.05650075,4.04554675
2,2,ZHDQSWFXBSTNRS-UHFFFAOYSA-N,OCNT-2314120,5.6655746,5.188218118039997,5.38884,5.391856093965709,5.519518021850001,5.0754867,5.379540036600339,5.3836303,6.2621527,5.5873413,5.6228743,5.45362818,5.3541975,5.546415
2,2,ZIZLYISNLNUGDD-UHFFFAOYSA-N,OCNT-2313221,5.0094547,5.478181497609999,5.411734,5.297062826919389,5.488211128269998,5.2747335,5.3651774588746886,5.025993,5.886026,5.3105927,5.0797606,5.029824152,4.863267,5.170402
2,2,ZMXPQYBGJYNFMM-UHFFFAOYSA-N,OCNT-2310798,4.599893,4.296803020620001,3.398834,4.001886188805222,4.492415941570001,4.612498,4.858232970865803,4.889921,4.570537,4.33434,4.7257204,4.101697635,3.7479125,4.6001025
2,2,ZPKWTJRTSZDMKT-UHFFFAOYSA-N,OCNT-2316573,4.828079,5.1105990849400005,5.154329,5.286734777165955,5.1348866718399995,4.809001,5.06821676404309,5.1606717,4.8162766,5.045788,5.107808,3.911657492,3.43829425,4.34842875
2,2,ZQHDRBXURDBHNF-UHFFFAOYSA-N,OCNT-2312244,5.046967,4.9775069139000045,5.1709204,5.210848270533974,5.046148539620001,4.8091793,5.009920540375374,5.5184765,5.2478685,5.1571126,5.0964313,4.46487709,4.19655475,4.8720095
2,2,ZUAYBNIRDLJINI-UHFFFAOYSA-N,OCNT-2316400,4.5178137,5.067024000120003,4.652338,5.096019172152001,4.73454661485,4.9338074,4.707051929120397,4.8634577,4.579647,4.8938117,5.022283,5.986175903,5.898028,6.0721305
2,2,ZWHJALIOCAVQTQ-UHFFFAOYSA-N,OCNT-2312434,4.1086264,3.672748793370002,3.0424867,3.218263707105451,4.353838522860001,4.9200606,4.296064301987786,4.5289884,3.4477692,4.1500807,3.9143114,5.34806219,5.22462525,5.4555435
2,2,ZXMZDILXNDWOQN-UHFFFAOYSA-N,OCNT-2314356,5.079319,4.930561960750001,4.996332,5.224834907022947,5.063996455790001,5.382614,4.8491249691105995,5.1824417,5.114655,5.2414427,5.3393965,5.025191425,4.8247595,5.19113075
2,3,AGJMLSFEVNTSJB-UHFFFAOYSA-N,OCNT-2311427,4.9397116,5.0434338092500015,5.232872,5.406249757185445,5.209753078560002,5.484775,5.07596673447028,5.2860265,5.4038463,5.227524,5.257419,5.085894413,4.88565475,5.26485
2,3,ALYCGUXUHDZSAE-UHFFFAOYSA-N,OCNT-2317231,3.8040557,3.874917730950001,4.1530104,3.8122728957806777,4.86840651457,4.464818,4.850723721681907,3.9632487,4.0871572,4.28151,3.9968402,4.298015033,3.9542685,4.85420275
2,3,AMGUHAQZHHPZGU-UHFFFAOYSA-N,OCNT-2313300,5.7514834,5.554022025369999,5.50928,5.770359493131313,5.401215277740002,5.5524864,5.138729521784721,5.7445064,5.970979,5.768085,5.759362,6.463543148,6.38224975,6.5469105
2,3,AOUPYPZTBWHPFA-LLVKDONJSA-N,OCNT-2311123,5.5821314,5.462958059119999,5.288669,5.705920423449299,5.408015099970003,5.5626698,5.396238760899643,5.7134132,5.8086386,5.554245,5.5739684,5.943869013,5.83725025,6.044898
2,3,AQDKRQSEIDTHDQ-UHFFFAOYSA-N,OCNT-2314436,3.3634105,4.160256802629999,3.9470577,4.1718311037416065,4.142645400890003,3.9150522,3.762534726971973,2.835116,3.4287138,3.6923766,2.9882002,2.05886211,1.05881075,3.4272975
2,3,AREAGOCNFVOBCP-UHFFFAOYSA-N,OCNT-2315816,3.697263,4.389323278270002,3.907008,4.6572102528044645,4.006411474050001,3.7888281,3.9811074601211303,3.4727266,2.714464,3.9091983,3.7409143,2.06571136,1.0544365,3.20357925
2,3,AUWZLAUAWCSWCW-UHFFFAOYSA-N,OCNT-2315903,4.577118,4.231535001170001,4.437451,4.144689750267795,4.980011280550001,5.2453337,5.004550991966632,4.6210546,5.044247,4.722511,4.7342834,4.593450417,4.30812025,4.98991025
2,3,AYMXSLBJADKSFF-UHFFFAOYSA-N,OCNT-2313023,5.028761,4.770295321940001,5.1176367,4.8056687366718025,4.539425441740001,4.5651207,4.80248656865426,4.8436637,5.2197638,4.907674,5.1324596,5.52585036,5.4417075,5.60060475
2,3,BCNJVOKAJSJOAF-UHFFFAOYSA-N,OCNT-2308975,3.9263349,3.737277756020001,3.7882621,3.753660133995408,4.517187907540002,4.2522764,4.055786521620876,3.9276357,3.4198194,3.8598683,3.5579934,2.532522198,1.058419,3.821102
2,3,BFWFEEMSXVXPOE-UHFFFAOYSA-N,OCNT-2318216,5.6235685,5.053133239530001,5.3333154,5.226492347613731,4.7955637642300015,5.229572,4.797160320713861,5.570963,5.751823,5.4392877,5.4297066,5.420178495,5.1846175,5.62891875
2,3,BGTVWPCPJFXQHA-UHFFFAOYSA-N,OCNT-2312210,4.503326,5.212792889169999,5.392735,4.9247983021497905,4.9923722464299995,4.7151704,4.63104633888512,4.7779374,4.7591743,5.223313,5.05779,5.59920017,5.4771485,5.70908625
2,3,BGZMVPUNDGPXIM-UHFFFAOYSA-N,OCNT-2313825,4.845157,4.692470999969997,4.749931,4.750166364184307,4.228833613650001,3.1279886,4.460970078933599,4.71099,4.2890224,4.899463,5.02492,4.357767425,4.136408,4.68531275
2,3,BHEAZNHFSNJYDJ-UHFFFAOYSA-N,OCNT-2311547,5.34878,4.980416296579998,5.1155386,5.191578737721912,5.303611320909998,4.7817254,5.227858090753643,5.4845233,5.6781425,5.4648933,5.3512654,5.191699465,4.975388,5.35444075
2,3,BKZIOMFKCGEUHT-UHFFFAOYSA-N,OCNT-2315183,5.045727,5.12757453415,5.2968664,5.405175434202455,4.823426597189999,4.474067,5.325253442036194,5.4907026,5.9513593,5.2383432,5.8048363,5.84268611,5.7580195,5.93061925
2,3,BOKFPFKRMCNNQS-UHFFFAOYSA-N,OCNT-2316543,5.330871,5.455636473720001,5.0534363,5.4553271414450455,5.038318129960001,4.7908072,5.051995200719225,5.499538,5.900373,5.37519,5.1732354,6.178681818,6.08273675,6.28196975
2,3,BPCOBMCJNXSZEU-UHFFFAOYSA-N,OCNT-2315039,5.4618,4.985480623869999,4.8892536,4.99567398070691,5.15498987052,4.392421,4.759221468658312,5.348194,5.5388145,5.463831,5.3462787,5.81602332,5.71960725,5.913777
2,3,BPSZGIAFILZKMB-UHFFFAOYSA-N,OCNT-2315150,5.135311,5.1114112908000005,5.1913834,5.300603070356414,5.0866253730299995,5.1096516,5.163745032781062,5.218179,5.3887444,5.2155747,4.9249063,5.234456892,5.0982585,5.35555175
2,3,BRLQLLYRNCGYQA-UHFFFAOYSA-N,OCNT-2317597,4.645357,5.001498335349999,4.646498,4.823171477595845,4.52739798248,4.8551216,4.650015683068434,4.6806126,4.5106735,4.67088,4.846066,3.797528263,3.26524025,4.2670715
2,3,BVIXWBQCJPACFU-UHFFFAOYSA-N,OCNT-2315717,5.3254547,5.327045313540003,5.2538095,4.936349531134304,4.571016387149999,5.150373,4.983280009576856,5.2715583,5.534942,5.2973075,5.4977007,4.71772916,4.61384875,4.83904575
2,3,BWOSCHCTGWRGJD-UHFFFAOYSA-N,OCNT-2313041,3.7261548,3.517466987,3.773349,3.944913688578258,4.59778861138,4.6176677,4.4148631907025715,3.1346602,4.042999,4.048798,3.6862144,4.14375769,3.8046825,4.668769
2,3,BXCHGIKOQTXVJL-SFHVURJKSA-N,OCNT-2314649,4.7838054,4.77771181944,5.509364,5.234480518524524,4.716897039830003,4.9539104,4.488225785615397,4.81979,5.4276037,5.0090632,4.897606,4.909640955,4.6811045,5.18503175
2,3,CALFQHMXANLWPL-UHFFFAOYSA-N,OCNT-2316205,4.364362,4.700308340019999,4.9144573,4.720072909877203,4.382009536299998,5.219951,4.285425689769272,3.9763055,4.685005,4.570116,4.5542264,4.820453872,4.65204725,5.00819775
2,3,CEYRGLDKUBETCE-UHFFFAOYSA-N,OCNT-2314568,5.7542944,5.19613200473,5.357648,5.515260111663854,5.266425345570001,4.7583857,5.384266907170408,5.7181435,6.060069,5.656694,5.507569,5.068768728,4.96052525,5.1773115
2,3,CEZWATQPKVMJIE-UHFFFAOYSA-N,OCNT-2313845,5.1454844,5.560960108869998,5.2948837,5.1889911164699045,5.226173350090001,5.0754733,4.931724176642102,5.179069,6.257737,5.2232227,5.297992,6.07951315,5.98161,6.1758715
2,3,CFVDKQGKTJYIRV-UHFFFAOYSA-N,OCNT-2318439,3.8934283,4.2764722029,4.038223,4.071280987990725,4.5515466047899995,4.016729,4.706863967150968,4.0149674,4.228144,4.3915224,4.4088097,5.270841387,5.11185925,5.417702
2,3,CPCDVMLNSRROIT-UHFFFAOYSA-N,OCNT-2317742,4.8415904,4.9621171433199995,5.151408,5.126156667394513,5.124103889460003,4.914345,5.33229280581382,4.8625164,5.0587564,5.1753483,5.307015,5.55070465,5.4734935,5.6247725
2,3,CUHVIMMYOGQXCV-NSHDSACASA-N,OCNT-2328617,5.536274,5.646931618589999,5.492049,5.728084609018857,5.057961862149998,5.4376354,4.99525466173738,5.747648,5.7380066,5.7173014,5.9699526,5.522360535,5.34325125,5.70179575
2,3,DEGIHGBFUSEICZ-UHFFFAOYSA-N,OCNT-2311998,5.447615,5.230936544459999,5.199262,5.028358045046975,5.37715827788,5.396222,5.581727833063072,5.6643887,5.6164207,5.494067,5.248156,6.452779677,6.36594975,6.54343675
2,3,DFBBOYDEPSYBPJ-UHFFFAOYSA-N,OCNT-2314307,4.6840987,5.120774415660001,5.0734706,4.7992869542923655,4.6466613832700014,5.36629,4.924107893690955,5.0636296,4.336378,4.7245684,4.429837,5.657668365,5.56262875,5.75155675
2,3,DJMHLIDBQJJDOT-UHFFFAOYSA-N,OCNT-2315338,4.6577187,4.4773432737000025,5.1706653,4.8563704843727775,4.564397325030001,4.4510055,4.840453438160069,4.5124907,4.7338595,4.707359,4.99471,5.521184462,5.39888275,5.62892325
2,3,DKRSDRSGLBAHTR-UHFFFAOYSA-N,OCNT-2310345,4.7106605,4.81789409211,4.9515862,4.400519657172406,4.260367933569999,4.111696,4.319199542460476,4.428709,4.551227,4.7267704,4.7441993,5.482208025,5.36107325,5.5865335
2,3,DQZPSTCWXMFFLR-UHFFFAOYSA-N,OCNT-2313906,3.5919826,4.7327096844900005,4.1504536,4.5202063301312485,4.426431193259999,4.2410445,4.809317641608888,3.7218783,2.995213,4.303772,2.9842148,2.116247137,1.0541595,3.23494525
2,3,DSLZMQBZYLSBTB-UHFFFAOYSA-N,OCNT-2317208,4.0197563,4.387817748719999,4.694087,4.496218731377886,4.91347361336,4.774671,5.044230938376909,4.2252846,4.3161273,4.508863,4.250352,4.205599885,3.95832875,4.4725065
2,3,DTKNSZIBMSDKHW-UHFFFAOYSA-N,OCNT-2310606,5.280461,5.144598682349997,4.6543307,4.986965226963099,5.441285483329998,5.4517198,5.517165956487715,5.390945,5.7765775,5.3538384,5.4707575,5.64305967,5.54416925,5.73885225
2,3,DTRJYZPQRWDBRE-UHFFFAOYSA-N,OCNT-2312191,4.320818,4.769097628880001,5.016176,5.005227221989182,4.743919270660001,4.977264,4.260349558366066,4.4274116,4.6278834,4.7142463,5.102881,3.07924099,1.379555,3.90652025
2,3,FCJGAYGSJLTNQU-UHFFFAOYSA-N,OCNT-2310825,4.5090995,4.6910640631500025,5.0342727,4.837371666357983,5.081244135880002,4.6001444,4.968948338425654,4.893648,4.1793647,4.822877,4.6324015,4.53820148,4.258527,4.961812
2,3,FFCKEKQOXALYPI-UHFFFAOYSA-N,OCNT-2314941,4.60407,5.326090310469999,5.211217,5.468181806362588,4.59060805323,4.2461624,4.684497156686281,4.801712,4.889952,4.873842,4.7827253,5.014127535,4.85544875,5.180575
2,3,FFDJCKPJJHYPFO-UHFFFAOYSA-N,OCNT-2316548,5.568801,5.467735543960001,5.232872,5.409731633817565,5.504465223309999,5.746531,5.383677895159852,5.726922,5.709214,5.5870337,5.4494247,5.30587331,5.1559445,5.42682125
2,3,FGDFAEAOTKYXNH-UHFFFAOYSA-N,OCNT-2309758,5.1647716,4.944556737810003,5.272534,5.1932517421245805,5.192454713249999,5.2268767,5.243334810830896,5.2340264,5.652198,5.4205685,5.3053985,5.412610013,5.3261795,5.50155
2,3,FHXQJRRZXMUVDC-UHFFFAOYSA-N,OCNT-2312174,4.7470155,5.600987151649999,5.516352,5.877937095863917,5.229946581339998,5.030575,5.26070895633738,5.0064316,4.90965,5.237307,5.068143,5.44967587,5.299003,5.57764075
2,3,FJHBVJOVLFPMQE-QFIPXVFZSA-N,OCNT-0493792,4.295832,4.194246303749999,4.058301,4.083709864715481,4.713502591200001,4.3271594,4.680196472927171,4.0129776,4.583866,4.6472073,4.791521,2.198138092,1.05974625,3.24699525
2,3,FJUHYDGFHVCIQR-UHFFFAOYSA-N,OCNT-2308588,4.5859184,4.974971331609998,5.103594,5.214778126264859,4.97002420603,4.750922,5.123684704679552,4.8638144,4.862238,4.8098903,5.1412063,5.273967155,5.13678425,5.38810225
2,3,FKCMJHRAXBGEFJ-UHFFFAOYSA-N,OCNT-2315753,5.4851084,5.116726323110001,5.0889144,5.3173600042266695,5.652132155780001,5.4841557,5.5181804536414125,5.8142204,5.3549514,5.5656514,5.432153,5.060590572,4.88719925,5.22859
2,3,FKXADKCFWZZCLK-UHFFFAOYSA-N,OCNT-2309502,4.574936,5.08546930966,4.923035,5.163613543166339,4.904782884170001,4.911616,5.087291972248576,4.82278,5.035149,5.039211,5.213603,5.15856721,5.028146,5.2581715
2,3,FMIDPHAHVCLBIS-UHFFFAOYSA-N,OCNT-2311689,4.7870493,5.148041462590003,5.2390866,5.22468468026999,4.614562700370001,4.911454,4.887717510333663,4.8271313,4.333334,4.989172,4.5787044,5.401922305,5.28722925,5.503352
2,3,FPWDWCNZCTXVIS-UHFFFAOYSA-N,OCNT-2314373,5.651034,5.311667717000002,5.228445,5.554512291062944,5.310851437120001,5.1503773,5.328652884737583,5.8518715,6.0862813,5.656141,5.6275477,6.519893535,6.4262835,6.6174045
2,3,FQQWSTJGVMFWSP-UHFFFAOYSA-N,OCNT-2311187,5.0485396,5.357851093789999,5.199262,4.846914118812753,4.718527125360001,5.0919704,5.107444742966526,5.144538,4.896626,4.979254,5.1540656,5.221296835,5.1173885,5.31361075
2,3,FUJRKPHFQJPPJN-UHFFFAOYSA-N,OCNT-2310589,4.5799966,4.863732099130002,4.896756,4.984024343764144,4.52600486821,4.5429764,4.774637696873092,4.808877,4.2554636,4.9559174,4.9979334,2.216016635,1.0635055,3.5923915
2,3,FVLPTKXJYBDXJB-UHFFFAOYSA-N,OCNT-2311653,5.3210335,5.553327489980002,5.589304,5.521111941665065,5.251440423930003,4.6625443,5.103780396105435,5.6288047,5.1789827,5.472457,5.4750404,6.11892455,6.0034555,6.22794675
2,3,FVPAAWBIVRGLIW-UHFFFAOYSA-N,OCNT-2309039,4.2012467,4.826567668330001,4.2279325,4.396037587220564,4.683959142800002,4.1830854,4.550543448595228,4.338803,5.3674994,4.3750424,4.7582107,3.434587342,2.33674175,4.077581
2,3,FVWJNTSKIAGKNF-UHFFFAOYSA-N,OCNT-2311453,5.391571,5.34399869902,5.232872,5.0440461608038465,5.387723273430001,5.494169,5.278379501569099,5.508628,5.605012,5.651731,5.3656487,5.628743607,5.514906,5.7347625
2,3,FWXVKHIYRRYNGU-UHFFFAOYSA-N,OCNT-2315237,5.4443536,4.73398344991,5.0931497,4.717520284412519,5.12028335068,5.0372257,5.232754379489635,5.5142717,5.158659,5.4888144,5.1677666,5.515966385,5.368103,5.624147
2,3,GFMDVFVOJOPHQC-UHFFFAOYSA-N,OCNT-2316319,4.0112896,4.0198994511100015,4.3681064,3.787382303300624,4.523723573770001,4.526078,4.570689000294929,4.7441025,4.4504523,4.623708,4.2511525,4.83589907,4.597328,5.11769875
2,3,GIDUNNUXEHGMES-UHFFFAOYSA-N,OCNT-2315495,3.7846818,4.250987216540001,4.324965,4.341265289405335,4.38896319814,4.370597,4.215806912538047,3.5820713,3.777553,4.1753244,3.7277024,5.360857142,5.23612,5.46485875
2,3,GLFWAGLXPAJCLJ-UHFFFAOYSA-N,OCNT-2311971,5.3626323,5.841469785349997,5.808379,5.8393268626382975,5.471253511019999,6.193674,5.587511695734825,5.5835137,5.6395454,5.5250764,5.403986,5.56245139,5.450119,5.66249775
2,3,GLIOUSSCBWBALJ-UHFFFAOYSA-N,OCNT-2318307,5.0166516,4.870575778630001,5.232117,4.872256520285796,4.9177247612100015,4.6504016,5.1476789262818095,4.9155626,4.9517508,5.253254,5.167306,5.411674442,5.3010895,5.5139265
2,3,GNFJDSSWFMORPO-VXGBXAGGSA-N,OCNT-2308546,5.2971225,5.354495976130002,5.2076073,5.447423593115284,5.341893515920001,5.1996775,5.122895646859688,5.7653275,5.662302,5.3622293,5.841542,5.416281745,5.24573525,5.59554775
2,3,GPQIHVFVASWNLH-UHFFFAOYSA-N,OCNT-2309025,4.9423065,4.89188892389,4.419886,4.906503736231381,5.118229632520002,4.315689,5.094896757574184,5.29494,4.623557,5.0506725,5.0954776,3.70103229,3.1622285,4.26212975
2,3,GPUPVYRGIRMSAG-UHFFFAOYSA-N,OCNT-2310396,4.639274,4.29250201639,4.643207,4.259741842078639,4.6661896329,4.62291,4.948915653953802,4.6273556,4.971392,4.727867,4.8278804,3.641610983,3.02601275,4.19666475
2,3,GSTBSEUUXUQNRC-UHFFFAOYSA-N,OCNT-2315091,4.7320514,5.12146702766,4.8303633,5.35586374240464,4.836730710339999,5.5936666,4.8287930794982135,4.782289,4.31481,4.657965,4.55625,3.84919785,3.37274825,4.23280075
2,3,GUDHSXTUPPEPPK-UHFFFAOYSA-N,OCNT-2316132,4.520771,4.88634054041,5.196068,5.284330502784998,5.394472413780002,5.512898,5.584826612539627,4.6365376,5.0615997,4.9734583,4.9891734,4.55876262,4.303881,4.91720925
2,3,GVBCUNXEFPNCSV-UHFFFAOYSA-N,OCNT-2312337,5.3556314,5.693341825320001,5.533507,5.8507597715471045,4.75060835036,4.5944133,5.435856242746198,5.5113697,5.315156,5.4876943,5.097741,5.22074284,5.0706955,5.3529305
2,3,GWDOIAFYMZHEGB-UHFFFAOYSA-N,OCNT-2316664,4.78848,4.904739612710002,4.3922105,4.958054752151927,4.873469081510001,5.4100466,4.788256909094386,4.864191,5.4206967,4.869893,5.5476522,6.23792502,6.11414075,6.356671
2,3,GYQHXTMEPJTGGH-UHFFFAOYSA-N,OCNT-2309780,4.7519717,5.608313799099997,5.2968664,5.414557570426504,5.363257021779999,5.217178,5.264761023517501,5.0686984,5.5311346,4.985385,4.816159,5.42342565,5.3122705,5.51794225
2,3,HFIUQGDUSJSDIM-UHFFFAOYSA-N,OCNT-2318531,4.485357,4.9435124007999995,4.946799,4.97199270506796,4.833337920440002,4.6930404,4.434018238337984,4.8345366,4.48593,4.782478,4.7142143,5.708708545,5.5924395,5.823582
2,3,HOGYNIIRLIDANI-UHFFFAOYSA-N,OCNT-2310098,4.1931896,4.891480761059999,4.6506515,4.772204114835459,4.891409353170001,4.726183,4.385261346538463,4.3698263,4.508315,4.8160663,4.874992,5.246580845,5.10009675,5.3633005
2,3,HUDMLWIUQXOJMV-UHFFFAOYSA-N,OCNT-2311652,5.392015,4.580754119880001,4.6741953,4.786328340638401,4.815149773890002,4.8095784,4.335014375419467,4.3199906,5.7792935,5.2331243,4.476159,4.87538144,4.6577965,5.10737075
2,3,HULCLFNHTBZONY-UHFFFAOYSA-N,OCNT-2315746,4.371577,5.381983610919999,4.8801208,5.064174309119144,5.19540043184,5.648188,5.549503589080342,4.8353662,5.6635423,4.626624,5.164482,4.989326347,4.78298725,5.17184125
2,3,HXTZWUVDAMAHMH-UHFFFAOYSA-N,OCNT-2317316,4.4508705,5.0178541814300015,4.7809677,4.71657886018971,4.800212552050002,4.720487,4.998777406091884,4.423456,4.055091,4.7637362,4.287203,5.01088562,4.80341775,5.211561
2,3,HYIMSNHJOBLJNT-UHFFFAOYSA-N,OCNT-0498014,4.2015357,4.717098978930004,4.216386,4.3146988460579765,4.40359241987,4.7609777,4.212661904700837,4.3395967,5.3685303,4.5871954,4.894704,6.994413592,6.90084,7.09082275
2,3,HZHXSHXBAHLQCN-UHFFFAOYSA-N,OCNT-2310144,3.909221,4.846194603969999,4.720491,4.3795786274499315,4.323696650950001,4.698329,3.97099429532546,4.2955117,4.8553424,4.852933,4.5770826,4.896674622,4.76415475,5.0570315
2,3,IBRBGFVBBRADCR-UHFFFAOYSA-N,OCNT-2311222,5.161925,5.138873030760003,4.9107556,4.756691048669243,5.00774921104,5.8484845,5.144449307393087,5.1526313,5.309187,5.2784534,5.532157,4.748646968,4.550009,4.97377725
2,3,IDEYJIBZURGBOJ-UHFFFAOYSA-N,OCNT-2308837,5.627307,5.159359162349998,5.242386,6.174132437412937,5.110379397200001,5.136513,4.833121839703688,5.7052684,5.801079,5.533186,5.375655,5.4050786,5.2588665,5.54661125
2,3,IJKBNCHWSMZDHS-UHFFFAOYSA-N,OCNT-2318429,5.276744,5.1654769728600005,5.199262,5.248408959130793,4.803022569700002,5.358381,5.005033524515635,5.4217935,5.0930195,5.3330965,5.6353498,5.680396747,5.58971925,5.773944
2,3,IKBKZGMPCYNSLU-UHFFFAOYSA-N,OCNT-2328704,4.5327682,5.263578588370002,5.1497188,5.474911329654311,4.700199879110002,4.5418363,4.954241807899064,5.1794615,5.4288898,5.125193,5.01733,5.385529017,5.29414675,5.480192
2,3,IKLROGGBSVRPBV-UHFFFAOYSA-N,OCNT-2314977,5.284449,4.837102350940003,4.693249,5.132426901924567,5.334852888479999,5.4622383,5.352295318371623,5.2655616,5.2251625,5.2541947,5.497936,5.870257998,5.7818095,5.963953
2,3,IRBOCZQLHSNZNB-UHFFFAOYSA-N,OCNT-2317519,5.1774507,5.461903997940002,5.533507,5.489388273711162,5.154140335929998,6.047111,5.215341241623304,5.59418,5.44186,5.7792354,5.411529,5.208733537,5.032977,5.3626965
2,3,IVSXKJLOXRBZSW-UHFFFAOYSA-N,OCNT-2316164,3.1627138,4.1271653098300005,4.8907814,3.70111806417456,4.1385055056899995,4.442831,4.35872558859622,3.520903,2.9796596,3.400053,2.5780234,2.1908636,1.05545175,3.49446425
2,3,JATPYNNKEHXXJE-GFCCVEGCSA-N,OCNT-2312529,5.0669785,5.1421642825600005,5.152472,5.203932153745383,5.140233884190001,4.8130436,4.837710552045529,5.3945665,5.0531096,5.341961,5.400324,5.037538018,4.8829355,5.160864
2,3,JCXGYPVDNKEZKL-UHFFFAOYSA-N,OCNT-2314654,6.0798244,5.648200561180004,5.966744,6.1163922485087765,5.339396738800002,5.7939115,5.557296866804496,5.848323,6.517844,5.7747464,5.6710906,5.23539196,5.10578325,5.350967
2,3,JDRYIRLVOYCPNW-UHFFFAOYSA-N,OCNT-2314534,5.296839,5.378522514800002,5.171206,5.681764532961916,5.37375676394,5.6304693,5.120575505113034,5.3692684,5.4624853,5.3638735,5.4269433,5.282190228,5.08325125,5.47253075
2,3,JLGKQTAYUIMGRK-UHFFFAOYSA-N,OCNT-2328666,6.528589,5.613327524530002,5.7616386,5.4087255613318685,5.311992311489997,5.480548,5.359905544942701,6.222497,6.4746423,6.1880283,5.7946763,5.246598397,5.10529475,5.36652175
2,3,JNKGLLRFVIVVLH-UHFFFAOYSA-N,OCNT-2317901,4.6132917,5.01518022612,4.9918437,5.07216108624499,4.503495153860001,3.722061,4.3504931699590434,4.7832575,4.891158,4.883351,4.6790514,4.767536028,4.58477425,4.97665125
2,3,JNUPUTJOTQNJHS-UHFFFAOYSA-N,OCNT-2310953,5.15238,5.207526863450003,5.1342554,5.183342533989101,4.86271293412,4.243328,4.773454263308383,5.2675595,4.9528003,5.2788243,5.339818,4.204215843,3.90944125,4.62933625
2,3,JPPCYARQPPFARN-AWEZNQCLSA-N,OCNT-2308867,5.0585675,5.197755719610002,5.204732,5.133854605939983,4.857064198859998,4.860163,5.100811560974327,5.026562,5.0003376,5.1862454,5.139034,2.183939,1.071362,3.24519775
2,3,JTTJXGVCRPXGGE-UHFFFAOYSA-N,OCNT-2312021,5.00827,4.817451674640003,5.073956,5.0896704389637915,5.117564393009998,4.7763124,5.2441174659615415,5.3589416,4.6581826,5.1621094,5.263515,5.180322875,4.97970875,5.3276955
2,3,JUGYXNPIHCVGNQ-PJYWTSEFSA-N,OCNT-2308765,4.4519563,4.574772994690002,3.9663496,4.188199908643455,4.827024808500004,4.8038735,4.7165909784630085,5.0064836,4.0784883,5.092722,4.816568,3.86872516,3.2889645,4.28655225
2,3,JUUXTYPOBMENFW-UHFFFAOYSA-N,OCNT-2309040,5.036945,4.780802219180001,4.769432,4.517245178802568,5.211560229970001,5.2335362,5.370311541924116,5.348724,5.795366,5.3461447,5.3660474,5.328568543,5.116306,5.455435
2,3,JVVLSCNLUICXDH-UHFFFAOYSA-N,OCNT-2318394,5.0849724,5.03964979817,5.0165815,5.327744336569947,5.14298808129,4.9512587,5.26740088441894,5.44811,5.4448476,5.2965508,5.304633,5.539309995,5.40880575,5.65817825
2,3,JWNIZPXCAXQRIU-UHFFFAOYSA-N,OCNT-2311873,5.5208073,5.45279287877,5.533507,5.548871740128973,5.50239522213,5.8138266,5.371373065819167,5.842902,5.6864886,5.5581913,5.8068347,5.16790961,4.9741955,5.32501675
2,3,JWQAFCDFSGHBQL-UHFFFAOYSA-N,OCNT-2318557,4.9950213,5.090360860040001,5.343293,5.181449330881954,5.142147793679999,5.1743956,5.168229238304293,5.0755324,5.507306,5.025213,5.111851,5.390144205,5.26866275,5.49220075
2,3,JXKHXXHGQFDIGY-UHFFFAOYSA-N,OCNT-2314178,5.0328493,5.129085148050001,5.0792613,5.546291999660751,5.015133835200001,5.259458,5.213425012321053,5.0310183,4.6085176,5.015949,4.9910474,4.91695024,4.810729,5.02788475
2,3,JZGNANXWSVAKRU-UHFFFAOYSA-N,OCNT-2309526,4.1972246,4.745906561499998,4.9078307,4.298335097058958,4.8523823389,4.69216,5.189508436342932,4.01599,3.7325003,4.181883,3.894729,2.645436473,1.13565375,3.79054575
2,3,KINHQBDMIBLWLO-UHFFFAOYSA-N,OCNT-2315115,4.7555695,4.676148603260002,4.8905873,5.2596867005280235,4.9779692849799995,5.667174,4.80766038788694,4.7132106,4.2609797,4.7509108,3.9700983,4.604758073,4.39880475,4.88491
2,3,KZIDFUMZLWTNPB-UHFFFAOYSA-N,OCNT-2310751,4.318464,4.9973181649,5.2390866,5.195235994818151,5.164487191870002,4.929703,5.108985739543345,4.4382825,3.2926881,4.797499,3.494972,3.4110217,2.1072145,4.029117
2,3,LAKMZUJEPXHSQY-UHFFFAOYSA-N,OCNT-2309810,4.53051,4.655172492110001,4.913906,4.484901530226736,4.179655571860001,4.1374054,3.735499949256852,4.0941024,4.5519853,4.458379,4.5892987,4.237526648,3.784309,4.99763575
2,3,LAUGLWXKYQTNRM-UHFFFAOYSA-N,OCNT-2310791,4.4756436,4.641854066450001,4.3741727,4.547323592769656,4.62557128688,4.2167487,4.503489365553544,4.495536,5.2405343,4.9671373,4.5569158,6.06209163,5.97544975,6.15340375
2,3,LBCJOUUDNYKSSR-KRWDZBQOSA-N,OCNT-2315056,4.72619,4.836457618750003,5.2081637,4.812314488166171,4.53769715528,4.131397,4.652142902318543,4.632265,5.3611155,4.8837695,5.1705317,4.832905623,4.67346575,5.03816775
2,3,LCBSQLYFAYPDEP-UHFFFAOYSA-N,OCNT-2309468,4.3750668,5.261827766629999,5.157893,4.599364365438276,4.789946991760001,4.4314165,4.6047278374610965,4.5774083,4.718908,4.5765615,4.596164,3.588619277,2.914977,4.14970875
2,3,LCJHPXYBKAHYBP-YPMHNXCESA-N,OCNT-2313939,4.824239,4.522784557950001,4.266973,4.127934942284477,4.760170490709999,4.6300187,4.810107075229056,5.1531873,5.10176,5.0208373,5.028446,2.312545838,1.09469975,3.6149845
2,3,LSBRUZPACMNGNR-UHFFFAOYSA-N,OCNT-2312429,5.1172357,5.2402285555,5.1001134,4.885941941114734,5.566125107929997,5.6958103,5.258516904862697,5.6454754,5.2690406,5.4038625,5.2187576,5.307879368,5.1497345,5.44871775
2,3,LSFMGKPSZGJWRZ-UHFFFAOYSA-N,OCNT-2314028,4.775223,4.805730451780001,4.617206,4.7118266145450916,4.8895494473799985,5.1369014,5.173600056201886,4.739993,4.608614,4.92714,4.998433,5.189623607,5.00323525,5.37517175
2,3,LTKHJAAHPNJLHY-UHFFFAOYSA-N,OCNT-2309801,4.9582148,4.9062268850000015,4.9255767,5.059599155777609,5.129245130720001,5.074296,5.034119756781398,5.1848974,5.8725204,5.159328,5.1342487,5.83432212,5.74256775,5.9221945
2,3,LVTYXZHQXYXEJO-INIZCTEOSA-N,OCNT-2316954,4.091099,4.633996659829999,4.6825867,4.19923752855306,4.753840445140001,4.508659,4.884096705534644,4.5403624,4.5563803,4.820695,4.748015,3.559998485,2.61373575,4.1123215
2,3,LWTKTABHWXYFOZ-UHFFFAOYSA-N,OCNT-2310779,4.9002366,4.989764343069999,4.774905,5.076635908340711,5.499776949640002,5.2521496,4.908032338865239,5.09518,5.9383893,5.1680994,5.5373216,5.745007975,5.6201565,5.861856
2,3,LXJKAAXWGFNAFK-UHFFFAOYSA-N,OCNT-2314151,4.831838,5.561307601969999,5.2174315,5.294130206707784,4.82011642699,4.165403,4.527239454381151,4.838657,5.552166,4.9788175,4.967861,4.124147192,3.7714095,4.66205375
2,3,LXUKMGDUYGKFNZ-UHFFFAOYSA-N,OCNT-2315532,5.148573,5.618064868480002,5.589304,5.543632537938924,4.630838887800002,4.696563,4.663140719680777,5.5274086,5.4333425,5.8471384,5.376046,6.175550927,6.06756775,6.273687
2,3,MJBADUAGPNZJKC-UHFFFAOYSA-N,OCNT-2317999,3.953145,4.151026825180001,4.095086,4.125470012228592,4.163033991249998,3.8757417,4.461072223661829,3.4436035,3.2772484,3.9821324,3.2320137,2.47526404,1.098603,3.7122085
2,3,MJVAVZPDRWSRRC-UHFFFAOYSA-N,OCNT-2328794,4.8469768,5.308964729530001,5.0233793,5.1639650788466165,4.4606456789800015,4.7435875,5.078061686058988,5.3643665,5.1008115,5.4157004,5.333102,4.241668605,3.814983,5.0119925
2,3,MKHWAPOBJQZJEY-UHFFFAOYSA-N,OCNT-2315445,5.5631437,4.895125666749998,4.9862294,5.043535936407511,5.731985301470003,6.330471,5.852451752007115,5.6177588,6.067999,5.472593,5.4946146,5.93539921,5.84880325,6.02213425
2,3,MKUCLUPMYFFFGY-UHFFFAOYSA-N,OCNT-2309232,4.4479485,4.650180680000002,4.8250384,4.7143295416005815,4.766428068689998,4.800335,4.9781154926826785,4.3589,4.3831325,4.8798156,5.0429225,3.662160178,2.945458,4.17273125
2,3,MLIDDXHEZKBXRM-UHFFFAOYSA-N,OCNT-2312011,4.849368,4.883458745480001,5.135879,5.058548472301834,5.26371987161,4.9769363,5.03104734357112,5.457779,4.537432,5.1829953,5.0971723,6.085568015,5.97612725,6.191413
2,3,MNCYFKHFXZGDCK-UHFFFAOYSA-N,OCNT-2318356,4.3104115,5.24081047357,4.8310204,4.6406618836635,4.657491210510002,4.4880204,4.682232414613893,4.5591154,4.71419,5.1745634,4.6868334,3.962629875,3.5090465,4.400651
2,3,MQBUEZDBNBGKQA-UHFFFAOYSA-N,OCNT-2316392,4.8703804,4.763334078810001,4.742196,4.526365055414486,5.021831512500001,5.1083536,4.943911166480382,4.9105844,4.759946,4.863922,5.163407,5.02477199,4.81040675,5.2358595
2,3,MRDBPJRTBBNVOK-UHFFFAOYSA-N,OCNT-2309302,5.380114,5.0956613317400015,5.235387,5.132752885253142,5.161572454550001,5.539983,5.044041720516872,5.51306,5.2180257,5.4090967,5.5090237,6.495533205,6.422618,6.5741305
2,3,MVNQOYNSBTYFJP-UHFFFAOYSA-N,OCNT-2314210,5.251212,5.43576007815,5.3494506,5.3612961431315185,4.961337803710002,5.3329096,4.948665903852616,5.4757366,5.480044,5.4333434,5.543462,5.0010382,4.78018775,5.20274225
2,3,MVVQOOQOXKXXNX-UHFFFAOYSA-N,OCNT-2315186,4.632481,4.89971708466,4.634693,4.796473464565399,5.156432010810001,4.9482956,4.957731781522454,5.065062,6.114732,4.8100705,5.0593467,5.661162435,5.51540525,5.7846555
2,3,MXKDWVMKCZFVKO-UHFFFAOYSA-N,OCNT-2308774,5.135107,5.233001669349997,5.3526635,5.462619852685439,4.71244583793,5.312207,5.008672669883449,5.2144423,5.587439,5.301216,5.1365805,5.206897602,5.060053,5.34915425
2,3,MXKIROVYBHRNBM-UHFFFAOYSA-N,OCNT-2316436,4.8437004,5.116640180530001,5.5717387,5.522844394508116,5.25542005883,5.0618925,4.950621372168384,4.902469,4.983131,5.0121913,4.7142715,4.09578258,3.70391,4.61645525
2,3,MZCSBMOLDFPPDR-UHFFFAOYSA-N,OCNT-2318008,4.852925,5.05432874856,4.811992,4.946083642753288,4.92732725901,4.914951,5.473764201078992,5.0018573,5.2018933,4.934831,4.8619127,3.96540895,3.530583,4.396681
2,3,NANLFGLVROKLFB-UHFFFAOYSA-N,OCNT-2310327,5.0969324,4.868356994140002,5.2186747,5.271702740936733,4.396629208439999,4.114315,5.111050078340645,4.9350758,5.4621463,5.2287903,5.2497582,4.921241793,4.747306,5.08488875
2,3,NAOJMNUZHUNOKN-UHFFFAOYSA-N,OCNT-2311892,5.711386,5.198201541619999,5.0407195,5.232880450429448,5.587980419879999,5.4875145,5.570945726907468,5.790455,5.4097056,5.7199345,5.4176326,5.253644683,5.097059,5.38251725
2,3,NHVKUEVIUUHHDF-UHFFFAOYSA-N,OCNT-2312009,5.3267646,5.060939601060004,5.232872,5.2360623069508465,5.414524852009999,5.662811,5.434639549390874,5.542404,4.9021916,5.27975,5.2665687,5.259094682,5.1251555,5.36861275
2,3,NIKYSSZTCHVNNJ-UHFFFAOYSA-N,OCNT-2310919,5.5339985,5.34327523835,4.9562497,5.37799331257516,5.450974658250002,5.583381,5.449074256181309,5.6002884,5.5138326,5.612653,5.2974806,5.380215127,5.2255035,5.51689425
2,3,NKHFHTCTOGEFMC-UHFFFAOYSA-N,OCNT-2309757,5.0385737,5.123994420020001,4.996676,5.34248712048336,5.068144528690003,5.090354,5.080877977267903,5.377006,4.8846684,5.0832596,5.3960314,5.224100145,5.06679775,5.363896
2,3,NMVBTWDJOZAZKW-UHFFFAOYSA-N,OCNT-2317059,4.583647,4.651820300550001,4.0373077,4.110270537579326,4.351908004679998,4.760731,4.716706757441089,4.6847744,4.9142914,4.780886,4.8326473,5.074873913,4.6499225,5.312815
2,3,NSBQHSGIUPTPOI-UHFFFAOYSA-N,OCNT-2311897,4.9862285,5.508092949110001,5.589304,5.862472681201231,4.908831513510004,5.3890038,4.784947177805475,5.063818,5.566227,5.1049166,5.3109155,5.315708543,5.23521,5.3959305
2,3,NVAGELYZKFZNII-UHFFFAOYSA-N,OCNT-2316534,4.703311,5.39227170711,5.0233793,5.338821134104547,5.288435003139999,5.421416,5.214160870853342,5.11404,5.3774934,4.9811306,4.9493966,5.045373722,4.8657095,5.19357125
2,3,NWFXJYZVFTZVNK-UHFFFAOYSA-N,OCNT-2318577,5.245631,5.496933080500001,5.257042,5.248950209776019,4.960715565410002,5.277763,5.026847167867769,5.3828316,5.318006,5.374573,5.41964,5.100747877,4.918087,5.26472275
2,3,NYPQWFIWQBGCSN-UHFFFAOYSA-N,OCNT-2313771,4.7280655,5.112398753539999,5.030831,5.168569408279018,4.757658983660002,4.939264,4.671928373971181,4.9499545,3.9920862,4.854914,4.7663918,4.3306791,4.0364,4.77337275
2,3,OCVVVZLHRSJBLY-UHFFFAOYSA-N,OCNT-2311372,4.125455,4.521234705110001,4.434244,4.799276861836169,4.877902369830001,5.1368866,5.042438438835943,3.7420237,3.4781175,4.304792,3.0796342,3.944094957,3.541428,4.430471
2,3,OENLQSQVVZGAJS-IIAWOOMASA-N,OCNT-2318590,5.055802,5.155512264680001,5.288669,5.292496344070479,4.279337904929999,4.631842,4.811430301342748,5.276298,5.214791,5.3163643,5.1184397,5.627750905,5.5237775,5.727211
2,3,OGFBEKYAGBYENM-UHFFFAOYSA-N,OCNT-2309883,4.9709744,5.05288772892,4.8268456,4.539834829898835,5.216205278850001,5.4812646,5.3032547769556,5.263734,5.0865474,4.9952817,5.2840815,5.031979407,4.87173725,5.1653895
2,3,OHZIROHEARSYFY-UHFFFAOYSA-N,OCNT-2317689,4.564605,4.8359588693600015,4.922298,4.69776151317978,4.900364972089999,4.636666,5.031779534422876,4.342244,5.030247,4.658512,4.704133,5.21566131,5.06100525,5.354621
2,3,OJEODUWXYRVZBW-UHFFFAOYSA-N,OCNT-2317796,4.8024445,5.335051492260002,5.1700244,4.99024488804549,5.188349624389998,5.252204,5.049055918224186,5.1239467,5.14922,5.103802,5.142248,4.087172012,3.73578975,4.487991
2,3,OJSIVYVRAASXGQ-OAHLLOKOSA-N,OCNT-2311870,5.3693504,4.743559482829999,5.0568504,4.917081694619637,4.670262144240001,4.63049,4.725622444376005,5.297163,5.5349536,5.0507607,5.106675,5.19707166,4.9997585,5.34434325
2,3,OKRBQLXCTWVFIO-UHFFFAOYSA-N,OCNT-2309243,4.756962,4.375260936390001,5.140213,3.8219944990328143,4.86864233238,5.270536,4.751196602046474,4.7394443,5.3313165,4.7180395,3.7234347,5.328740902,5.107286,5.587215
2,3,OLQUOCUROMYKSW-UHFFFAOYSA-N,OCNT-2312951,5.031506,5.3858587410800025,5.1001134,5.0015611579101895,4.707079298789999,4.9231534,4.906224483390639,5.1265554,5.164916,4.9317794,5.173279,5.164665077,5.03315625,5.27774825
2,3,OPMKTHYYYIXYPZ-LSDHHAIUSA-N,OCNT-2312559,4.535793,4.703152072200003,4.981549,4.5305586741469845,5.103812461100002,5.109104,5.301311660935686,4.9367285,4.4452944,4.8967223,4.7693357,4.631074257,4.4426945,4.87178125
2,3,OUIMHMZUPAOFMZ-UHFFFAOYSA-N,OCNT-2315175,4.3106174,4.890634690019999,4.8164697,4.673390423958077,5.073141135339999,4.5659246,4.7472768884824665,4.689448,3.8501863,4.8309584,4.6539884,5.324971995,5.134317,5.47951225
2,3,OVLHSAROUBUOGS-UHFFFAOYSA-N,OCNT-2317813,4.8183413,5.035907458230002,4.7343483,4.994447641550009,4.918259081570002,4.222153,5.177270667561489,5.375004,4.7454157,5.2291517,5.552986,4.919132803,4.7211835,5.09851925
2,3,OXQOXOPGCWVLSN-UHFFFAOYSA-N,OCNT-2317342,4.120848,4.4934533729499995,4.9922233,4.317130166176986,4.537860865500003,4.8603106,4.8429473765837505,3.8061686,4.284855,4.247731,4.089887,4.991507765,4.7644015,5.19138675
2,3,OZKNWIJAQFXAKL-UHFFFAOYSA-N,OCNT-2315138,5.1519036,4.879279074530001,5.1191325,5.094426206981941,5.158272116949997,5.657045,5.22988752122225,5.2225385,5.9695597,5.175927,5.211882,5.39338793,5.2623575,5.513712
2,3,PBCFLGPIPDSRGV-UHFFFAOYSA-N,OCNT-2309794,4.4651527,5.054170187170002,4.9798603,5.248746112894808,5.182452632340001,5.3141885,4.831383521679743,4.7219696,5.1378927,4.8320003,4.9376407,5.402288363,5.27143775,5.523443
2,3,PDCGVJNVWODTOB-UHFFFAOYSA-N,OCNT-2314433,4.876933,4.955434393230003,5.3526635,5.455128442296902,5.091368891369999,5.2280607,5.117562006373264,5.127442,5.240755,5.22999,5.0342727,5.307677755,5.1551675,5.43774075
2,3,PDTMEWBSGOMXMQ-UHFFFAOYSA-N,OCNT-2310785,5.6637406,5.43425024213,5.5478463,5.8505128175077905,5.5841016461100015,5.831177,5.480936202174436,5.7838874,5.5978637,5.6387806,5.674748,5.972145937,5.885449,6.06039025
2,3,PFZDDDCXFJSCKQ-UHFFFAOYSA-N,OCNT-2314086,5.176556,5.194417368879997,5.331445,5.319489243511607,5.767633002380004,5.610581,5.457843447047621,5.453037,5.7550077,5.264418,5.3564777,5.045519055,4.84923375,5.247627
2,3,PHMDDIHADNUCSF-HZPDHXFCSA-N,OCNT-2315992,4.540105,4.3947945617899995,4.213904,4.535123249595301,4.798283040350002,4.4947906,4.493637200722047,4.920565,5.0870323,4.8475766,4.7978563,2.638156985,1.10088225,3.8101585
2,3,PHWBOXQYWZNQIN-UHFFFAOYSA-N,OCNT-0496475,5.45277,5.32427338312,5.202325,5.392587247232681,5.33709693589,5.4466395,5.467871159092749,5.656419,4.9270473,5.3918242,5.2245064,4.765568825,4.54102825,5.01948175
2,3,PIXRXWGQJSQWHO-UHFFFAOYSA-N,OCNT-2316326,4.688941,4.722800506030001,4.8423247,4.701143398096001,4.669915249830002,4.0123744,4.34239046386305,4.6291885,5.3430142,4.8303466,5.107583,6.036504125,5.95604525,6.1203665
2,3,PLJXPASPUUPXHL-UHFFFAOYSA-N,OCNT-2308945,4.654254,4.964144969469998,4.6729693,4.712192724597132,4.8455960966100005,5.294506,5.140785903767649,4.691886,5.6013126,4.6505175,4.873331,5.431624307,5.2362115,5.57511275
2,3,PNZYMSWQEYPOPA-UHFFFAOYSA-N,OCNT-2314254,4.885173,4.939534995509999,5.0480165,5.237653479332383,5.4655480229299975,4.9357214,4.830673261926078,5.0703387,5.169952,4.8930526,4.918816,4.873584605,4.66857675,5.049036
2,3,POPXPEOGVMVBKD-UHFFFAOYSA-N,OCNT-2311913,5.519611,4.851970385990001,5.235698,5.082950131097393,5.167985812870001,5.2021475,5.5117298162836414,5.4840293,5.0560174,5.428184,5.278614,5.423836712,5.30748575,5.5273905
2,3,POVWSOQNXDNFPG-UHFFFAOYSA-N,OCNT-2310758,4.78213,4.62798786952,4.363111,4.562933875360365,4.556899617640003,5.277876,4.999655556379615,4.6440206,4.8695755,4.8954234,4.8881435,4.905596782,4.753685,5.08911225
2,3,POWLBZQCDYJROV-UHFFFAOYSA-N,OCNT-2316568,6.102727,6.113920741720002,5.987698,6.057644707076271,5.510069129079999,5.8134837,5.744896435822109,5.902237,6.488709,5.8692107,5.7865257,7.629790315,7.5473635,7.710401
2,3,PQLGQQRMNIRBRY-UHFFFAOYSA-N,OCNT-2312355,5.1144724,5.391289920269998,5.428055,5.300651468319001,5.4312789622699995,4.9079323,5.39220326329385,5.441147,5.3408766,5.1600533,4.998417,4.90567122,4.7437565,5.09945425
2,3,PQPGOORJZHZVIF-UHFFFAOYSA-N,OCNT-2312303,4.5957456,5.068987317619999,5.1090965,4.755323142265533,4.930931689000002,5.2954917,5.067677239871699,4.7257314,5.0324926,5.0031805,4.751926,4.62372146,4.302269,4.9881815
2,3,PUAWDLMNXLVBTB-UHFFFAOYSA-N,OCNT-2313685,4.709956,4.864578485409998,5.013499,4.960636897623638,4.200079823999999,4.6725926,4.5060930252694575,4.599321,4.538123,4.679629,4.7846446,4.04451513,3.65251825,4.3823
2,3,PYWBMSWXRRLTLW-UHFFFAOYSA-N,OCNT-2308918,4.813013,5.650076671880003,4.9017587,4.791352069747189,5.319472495690003,5.0968146,5.223076944226738,5.0211654,5.3624654,5.1855845,5.097538,5.307835752,5.125083,5.43446075
2,3,QABIXCTTWKDGMX-UHFFFAOYSA-N,OCNT-2312712,4.801261,5.12857444931,5.2390866,5.00207307184787,4.815519426220001,4.403193,4.633540611181685,4.7155385,5.2816887,4.76348,4.901868,5.275897328,5.179154,5.36290075
2,3,QBZCECCUXJLFMB-UHFFFAOYSA-N,OCNT-2312208,5.3244143,5.293032984980001,5.1249294,5.442832308254598,5.363863889170001,5.6035233,5.070768213597992,5.659506,5.1499224,5.7318654,5.398537,4.35866423,4.0743715,4.79185575
2,3,QDMSJHDEIZETOH-UHFFFAOYSA-N,OCNT-2309659,5.6731615,5.19737991147,5.2744718,5.369757040245518,5.397340384600002,5.2367797,5.5876372536832335,5.705961,6.26725,5.6938715,5.702267,6.538059178,6.430423,6.651831
2,3,QEGXZVYYVBUXIG-UHFFFAOYSA-N,OCNT-2311855,5.3329525,5.501674266030001,5.2948837,5.345874442180665,4.579655336299999,4.8582306,4.629421668982416,5.326135,5.1283336,5.1223226,5.7445607,5.221924237,5.0325765,5.35815225
2,3,QEOXVVPEQNNDJI-UHFFFAOYSA-N,OCNT-2308786,5.147747,5.22224790017,5.226387,4.967414756986606,5.371818147289999,5.3184514,5.2751251718986625,5.25465,5.3503613,5.3337603,4.9912677,5.544890505,5.4600935,5.6326515
2,3,QGYDFVKEHDATCJ-UHFFFAOYSA-N,OCNT-2314032,4.802184,5.025570814390003,5.1477275,5.040863765673888,5.04311804286,5.072056,5.03273494925765,4.764685,4.8631487,4.9942403,5.062517,5.142250608,5.022046,5.2390925
2,3,QHQNTFZKCTTXKG-UHFFFAOYSA-N,OCNT-2317680,3.0501413,4.61254652039,4.2578073,4.255845794339486,4.787792586209999,4.1921015,4.397828816918269,4.3928833,3.1333368,3.5222378,3.211602,5.176764892,5.0299315,5.32684575
2,3,QIHYSNAOCJNIRD-UHFFFAOYSA-N,OCNT-2312607,4.97317,4.533803795370001,4.343484,4.4129916494233665,5.328731487820001,5.138509,5.233139442886931,4.941043,5.0339174,5.1330113,5.073704,4.878171885,4.728522,5.0275935
2,3,QLJSPTQLWJJXDU-UHFFFAOYSA-N,OCNT-2310094,4.882028,4.804027381120002,4.3717756,4.654377406523854,5.39270227612,4.7808013,5.414392721259606,5.3713837,5.66058,5.4617004,4.9239626,4.625363453,4.3915625,4.9263205
2,3,QLLOUHZUDAXNSL-UHFFFAOYSA-N,OCNT-2312136,4.957818,5.5250569515,5.589304,5.864961542559643,5.34998174486,4.461296,5.343467013304157,5.550823,5.209434,5.4630156,5.3981543,5.967058107,5.8877255,6.04467075
2,3,QSCFSMUONJJUJB-UHFFFAOYSA-N,OCNT-2313433,5.0852036,5.033215459830001,5.006811,5.103999389670674,5.363454147969999,5.1130457,4.913480823871033,5.368016,5.163644,5.2755213,5.145547,5.378651012,5.28137525,5.47179375
2,3,QTPXTUGCJUMGDQ-UHFFFAOYSA-N,OCNT-2310186,5.03084,4.5766038051499995,4.4955854,4.883855884333452,4.13863342186,4.4068155,5.182322342449616,5.0255094,5.354599,4.92016,4.7015147,5.385603342,5.27231825,5.49112175
2,3,QVLONCRSZCBUNW-UHFFFAOYSA-N,OCNT-2311340,4.008589,4.162085127200001,4.5949078,4.335208747175147,4.327616955790003,4.957516,4.256100963158339,3.7544136,3.8375125,4.127469,3.9074602,3.133907592,1.27241325,3.9812995
2,3,QVVPHOWUOLZHAY-UHFFFAOYSA-N,OCNT-2309929,5.377164,5.404149958990002,5.0407195,5.264113379187246,5.417718753290001,4.833265,5.3058143746527735,5.5763226,5.378404,5.2897205,5.284565,5.621801438,5.53281775,5.711411
2,3,QXHHHPZILQDDPS-UHFFFAOYSA-N,OCNT-2328488,6.6620917,5.954011182320001,5.924655,6.068563138173879,5.592344769970001,5.7512956,5.411956171880255,6.3287773,6.402996,6.316033,5.9649334,5.737422975,5.66171,5.813775
2,3,QXKHYNVANLEOEG-UHFFFAOYSA-N,OCNT-0483505,5.200138,5.245198132269998,4.9824343,5.267455153836571,5.236089003040002,5.3766155,5.627428558126479,5.6596494,5.1938925,5.43877,5.344126,6.692482703,6.60832,6.78367025
2,3,QXRYBUZYONFBEB-UHFFFAOYSA-N,OCNT-2310141,4.981419,4.99033572548,4.7365737,4.987532015632278,4.730740327219998,4.294907,4.958627668555601,5.1559706,4.7051144,5.1046195,5.0338526,3.85430554,3.37775625,4.2881645
2,3,QXUKGGCCARXMOA-UHFFFAOYSA-N,OCNT-2308499,5.4602447,5.20075857741,5.1706653,5.284358067915191,5.0791857479099995,4.81176,5.42198305392072,5.311793,5.6411963,5.7504015,5.508506,7.114525278,7.02943,7.197181
2,3,QZAYGJVTTNCVMB-UHFFFAOYSA-N,OCNT-0021943,5.3122783,4.98938686086,5.11758,5.134254617170316,4.967087294430001,5.0453777,4.902930175941306,5.647582,4.2002788,5.5944543,5.539965,5.053625558,4.9507345,5.14111975
2,3,RAMYBWRNVKSEGW-UHFFFAOYSA-N,OCNT-2316266,3.7084618,4.306815914749999,4.2515574,4.159950829070923,4.4395801628500005,3.646043,4.197899587713244,3.7498302,3.658117,3.8729901,3.1575613,2.59212288,1.11123775,3.8353225
2,3,RBVFRCIGZGGBTF-UHFFFAOYSA-N,OCNT-2311889,5.111221,5.388062864529998,5.0984993,5.095757149863388,5.1222056290700015,5.2308283,5.135902624530462,5.4737425,5.3272586,5.1882505,4.8381486,5.406839628,5.2663845,5.52573425
2,3,RCVKRXPEIDHMJB-UHFFFAOYSA-N,OCNT-2318183,3.7903981,4.78604115686,5.166995,4.572629388998867,4.818330037760001,5.7150908,5.33695159589371,4.9873686,3.2241387,4.1244583,3.9355764,3.571617155,2.382439,4.07796225
2,3,RFBSFICICWAJJP-UHFFFAOYSA-N,OCNT-2318031,4.050538,3.9734041699000016,4.2802906,4.1037300054959935,4.5391932227,4.5007706,4.633047146118401,4.251532,3.8302927,4.2565546,4.3951015,2.299080243,1.07447525,3.65251825
2,3,RGOYPSLBXQDYGL-UHFFFAOYSA-N,OCNT-2312755,4.5815506,4.858951332270001,4.756369,4.630014634898381,4.667735637510001,3.981227,4.390043959258703,4.270265,4.2547092,4.7145905,4.7870936,4.98014009,4.807246,5.144888
2,3,RITCSYSYZUPRHB-UHFFFAOYSA-N,OCNT-2317716,4.98325,5.302667556299999,5.226387,5.065454448912672,5.088348897590001,4.533952,4.902498809920277,4.943434,4.4702587,5.331403,5.1569457,5.47197679,5.391789,5.55320175
2,3,RSUDJUKPYSQPJM-UHFFFAOYSA-N,OCNT-2309661,5.6304646,5.485522508260002,5.2948837,5.2437206792574145,5.31253917158,5.1001654,5.4618881036655305,5.624206,6.082626,5.7154427,5.680425,5.190142685,5.031594,5.31105975
2,3,RUFRDTMUMLXNCI-UHFFFAOYSA-N,OCNT-2312704,4.4718385,4.81071807739,5.009449,4.3375081739979215,4.9499968129499985,5.5334826,5.202158126322343,4.923816,3.7048893,4.7419677,4.9355664,5.746111453,5.6216685,5.86070125
2,3,RUYUAWJUWJWZBJ-UHFFFAOYSA-N,OCNT-2313161,4.584905,5.226001465650001,5.2531905,5.013955551536141,4.903731708780001,4.6030602,4.7788775897715725,5.0689096,4.4977164,4.7615647,5.019004,4.940097645,4.76449875,5.10889025
2,3,RVAPFNVAEPBNAD-UHFFFAOYSA-N,OCNT-2312476,5.5960174,5.237946400530001,5.267014,5.35378548921823,5.4273724988100005,5.1979914,5.341698443208336,5.6969185,5.614135,5.5971727,5.639134,5.646948558,5.55938975,5.73636975
2,3,RVTZNVLWCXLJPL-UHFFFAOYSA-N,OCNT-2314148,4.824468,4.6795700592,4.858551,4.581411552846207,4.722618090490003,4.780689,4.574914997661759,4.8797436,4.1554165,4.812394,4.618839,4.62330209,4.40838925,4.90190375
2,3,RYUHAUCQHUWDOU-UHFFFAOYSA-N,OCNT-2315148,5.316033,5.480840436400002,5.589304,5.796279765833618,5.271317873499999,5.117098,5.113179712470129,5.630028,6.237024,5.602194,5.4164643,7.76335634,7.666681,7.858203
2,3,RZTAMFZIAATZDJ-UHFFFAOYSA-N,OCNT-0497994,4.97905,5.429971112089999,5.240371,5.260132567334321,4.698743282720001,4.9661093,5.022373395080257,4.8669333,5.6566467,5.0008397,5.1494555,1.96732382,1.0400915,3.174449
2,3,RZZMJJHCRXCKOX-UHFFFAOYSA-N,OCNT-2313054,4.903327,4.8302238648500015,5.1559105,4.939905723497328,4.911854262910001,4.9406385,5.092879480698065,5.037908,5.3770256,4.902747,5.060777,5.488140125,5.337221,5.630585
2,3,SBIAXXQWMAAPEZ-UHFFFAOYSA-N,OCNT-2317433,4.232986,4.426055192700002,5.136616,5.002883824113659,4.668050751390001,4.718266,4.698972678312271,4.5726166,4.9725957,4.4520507,4.361162,5.157446005,4.976945,5.298587
2,3,SEBMTIQKRHYNIT-UHFFFAOYSA-N,OCNT-2328870,4.3751965,5.17463040675,5.334202,5.387352380185499,5.15904323125,4.861902,4.989276197415938,4.99897,2.9641142,5.0629787,4.8894324,2.242559385,1.05884325,3.62512925
2,3,SGKBXHPHSYQSKW-UHFFFAOYSA-N,OCNT-2318165,4.988941,5.191655064920001,5.4522247,5.3180447664358566,5.403548183290002,4.999739,4.951233854852325,5.239808,5.4864163,5.002782,4.927758,4.647417068,4.404922,4.95011125
2,3,SHWUGCPLDZAJAU-UHFFFAOYSA-N,OCNT-2308929,5.2690725,5.694026189720003,4.9060855,5.731237871809232,4.702580546050004,4.6579065,4.5993602793031565,5.5848885,4.8454905,5.440555,5.345128,5.10768271,4.983036,5.217726
2,3,SIWDIJRUWBSGJB-UONOGXRCSA-N,OCNT-2312801,5.303672,5.220992807730003,5.6052227,5.531133198368593,4.77392036058,4.98243,4.87213774899881,5.5678067,6.0424995,5.363413,5.8953357,5.01491435,4.8554145,5.15508225
2,3,SJXWNGABSKWTHJ-UHFFFAOYSA-N,OCNT-2318232,4.731489,5.369141635429998,5.288669,5.1873240906945695,5.133268658770001,4.5163255,5.378688702691609,5.1269746,5.215328,5.1109962,4.767401,5.143982408,4.99773775,5.27047275
2,3,SKFYFHCOOFAZHE-UHFFFAOYSA-N,OCNT-2313250,4.9411364,5.432058966909999,5.589304,5.462641169624581,4.725391988070002,5.683549,5.09474676293411,5.116793,4.551222,5.5602903,4.9097724,5.614650313,5.49446675,5.73867475
2,3,STDLBSAMZRPIQK-UHFFFAOYSA-N,OCNT-2316595,4.713953,5.193323592820001,4.521954,5.1633382620452135,4.552381874360002,4.70861,4.633088730490335,4.9003034,4.6747346,4.9411736,5.09739,5.039070115,4.904775,5.1840585
2,3,TUAAGFPRMDBTHV-UHFFFAOYSA-N,OCNT-2313164,5.0744805,4.925069265590001,5.015691,4.774780386041906,4.878808399440002,5.6929355,4.859094144663846,5.1620493,5.3651953,5.0431943,4.787744,5.789879495,5.686243,5.8886325
2,3,TVFLKHRRTFZHMJ-UHFFFAOYSA-N,OCNT-2317671,3.9964154,4.600393422070002,4.578872,4.800269872236704,4.91298320124,4.361042,4.865900645874836,4.5420294,4.447801,4.510745,4.837705,4.942471115,4.70755875,5.134627
2,3,TWXBJRFIIXRDRJ-UHFFFAOYSA-N,OCNT-2315862,4.683253,5.249120767310001,5.1885967,5.129760350190068,4.822761054390002,5.301858,5.312651386972026,4.785987,5.2774553,5.0377383,5.355967,5.70396762,5.61651775,5.79218325
2,3,TZFWDZFKRBELIQ-UHFFFAOYSA-N,OCNT-0498126,4.995654,5.0264193441100025,5.084161,4.982993309085669,4.640587017640001,5.557514,4.838577170336583,5.770059,5.618874,5.5910344,4.998331,5.587237593,5.44495475,5.72110625
2,3,UEAQTSBMPDYYBH-UHFFFAOYSA-N,OCNT-2310670,4.998791,5.113663310740002,5.0203032,4.842184236429549,5.630636587859999,5.2428737,4.834025260787406,5.332493,3.9438207,5.1835117,5.0875125,5.914179695,5.8110685,6.01139025
2,3,UGYXDNUHLIGDFX-HZMBPMFUSA-N,OCNT-2313669,4.711454,4.417027868130003,4.269909,4.561094116275266,4.66310525706,4.3946385,4.707470066620789,5.114979,5.03921,5.005277,4.4940004,4.312523853,4.0255395,4.72943175
2,3,ULSVLCNUYFBDCA-UHFFFAOYSA-N,OCNT-2316109,5.770995,5.37982793012,5.095144,5.32196106547167,5.489069157530002,5.4698777,5.30736180308411,5.7981186,6.294551,5.8874817,5.54206,5.172316588,4.788748,5.4974345
2,3,UMOYDVHDHUFZNQ-UHFFFAOYSA-N,OCNT-2313994,4.5197334,4.36773001908,5.0758348,5.063676428446595,4.79470678099,4.189379,4.447526259884345,4.48082,5.1616726,4.772513,4.4885297,5.165077923,5.026047,5.292886
2,3,UPACZLZVVYCCPQ-UHFFFAOYSA-N,OCNT-2310880,4.5871263,4.33931417904,4.4869123,4.196892462447278,5.2140922752000005,5.3348584,5.167718022864836,4.9786983,5.501121,4.850287,4.599988,4.837814748,4.67442525,5.02922
2,3,UPDBFFLJUGUEJC-UHFFFAOYSA-N,OCNT-2313117,5.416261,5.049600433410002,5.097821,5.032839464996942,5.289791309789999,5.513043,5.465640356391185,5.458886,6.321363,5.527488,5.6253715,5.647003413,5.52135125,5.76903325
2,3,UQLMYDHDHBCGQO-UHFFFAOYSA-N,OCNT-2311179,5.258699,5.334553598020002,5.321965,5.304463819900195,5.3773968734499995,4.996739,5.419651378093021,5.3945,5.87637,5.3728905,5.8614264,6.361276157,6.27359475,6.44889125
2,3,UQTGTRXTMUCGSR-UHFFFAOYSA-N,OCNT-2314831,3.7335734,3.9089495697700016,3.9875069,3.784489747835572,4.230526233920001,3.387093,4.089054801967355,3.7896364,3.1112604,4.522732,3.6990795,3.563352015,2.934904,4.09914875
2,3,UUGQEDCVVLEROS-UHFFFAOYSA-N,OCNT-2318468,4.4110084,4.99179438451,4.858354,4.6717769116777195,4.705988923040001,4.546597,4.575954326610288,4.509472,5.034818,4.7763653,4.4659634,5.12917157,4.9271295,5.3138095
2,3,UXUSWHDYXLIZIY-UHFFFAOYSA-N,OCNT-2313963,4.6744194,5.12518127564,5.074403,4.887079722179257,4.545063422820002,4.2991343,4.9857477049537655,5.2025805,4.3203545,4.9116993,5.1447253,2.320936362,1.0729855,3.64662075
2,3,UZHDJKQNKUZILN-UHFFFAOYSA-N,OCNT-2310905,4.1805105,4.213280430000001,3.606172,3.591531937335979,4.535763191710005,4.323597,4.111487493758492,4.3671956,4.590421,4.481572,4.4287314,5.428192405,5.292449,5.55739325
2,3,VCEHBIKBENMLHQ-UHFFFAOYSA-N,OCNT-2312404,4.4603558,4.983802108150003,5.175009,4.990927029987991,4.9338762372,4.818554,4.782735732942277,4.8273087,4.1230974,5.101447,4.6229267,5.179183587,5.018705,5.3023035
2,3,VDHAWDNDOKGFTD-MRXNPFEDSA-N,OCNT-2328559,5.3354425,5.06940326898,5.199262,4.8322036682866845,4.984840616370002,5.252202,5.0727898871113855,5.609267,5.4777827,5.4045234,5.4409685,4.853442213,4.70741875,4.9970235
2,3,VDXDSSNLLKXVIZ-UHFFFAOYSA-N,OCNT-2311493,4.23521,4.035993672970002,3.5752316,4.387399673158847,4.309681740609999,4.629926,4.455673801381738,3.6079483,3.9861417,4.2339983,3.9673395,4.534677523,4.278383,4.98264975
2,3,VEMYZSVGTYLIIE-UHFFFAOYSA-N,OCNT-2308905,5.1128025,5.018368184989999,5.288669,5.024283699183981,5.281065841540001,4.96208,4.940689767349139,5.2056346,5.1872225,5.2325296,5.533296,4.857112792,4.6806405,5.017722
2,3,VJVGJIVCJVERKD-UHFFFAOYSA-N,OCNT-2317458,5.0903754,5.427745788019999,5.113484,5.043201369414588,5.33884491401,5.0581355,5.545012757266934,5.1641994,5.0412393,5.2934375,4.8877897,5.589169127,5.4541615,5.708851
2,3,VKPBJYKSYHYDMB-UHFFFAOYSA-N,OCNT-2318089,5.423952,5.6149537105299965,5.257042,5.346860166828542,5.264889193820002,4.812994,5.108263647052254,5.6664534,5.8310905,5.525928,5.64999,6.189261195,6.10293175,6.27804
2,3,VKQFCGNPDRICFG-UHFFFAOYSA-N,OCNT-0498090,4.356429,5.0667764805700015,4.8926954,4.786440815831767,4.4609167474700016,5.0006576,4.117801965430209,4.2178397,5.246539,4.6252155,4.7913632,6.540418253,6.432415,6.647213
2,3,VKSJXCSFVDMTMF-UHFFFAOYSA-N,OCNT-2310174,5.046828,5.04790631484,5.2074757,5.0955688099161565,5.19792405228,5.213915,5.244143373443863,5.0780163,5.604987,5.185247,4.9956994,5.016708087,4.81568675,5.1670495
2,3,VMQVPAMNFSTCAC-UHFFFAOYSA-N,OCNT-2314207,4.4109106,4.778492277999999,4.4776387,4.467699263071412,5.225508610490001,4.45147,4.736954283668051,4.748457,3.891737,4.8930397,4.1482,2.075823873,1.0432465,3.21058325
2,3,VMXKQIBOTHZOBO-UHFFFAOYSA-N,OCNT-2318270,4.8730135,5.55314309639,5.589304,5.134773349213552,4.874562004130001,5.1488147,5.197337087366892,4.970539,4.4834104,5.192513,4.872561,6.080035933,5.989696,6.16871875
2,3,VNZASAGBFVEPAI-UHFFFAOYSA-N,OCNT-2310978,4.78526,5.375169938729999,5.288669,5.170786827104446,5.14709921167,5.0012255,5.119677631656209,4.956861,5.9948273,5.164365,5.409129,6.124094282,6.03159525,6.21656075
2,3,VPUGWHCGFRLACZ-UHFFFAOYSA-N,OCNT-2312496,5.0869117,4.62887620851,5.136429,4.718974182700607,5.370592942969999,5.9182086,5.262416053133235,5.231627,4.8774586,5.0805616,4.8426347,4.902117292,4.72962775,5.098319
2,3,VRHLCRQRRJHCMR-UHFFFAOYSA-N,OCNT-2317265,4.9424815,5.021281507529997,4.852976,4.80096435170807,4.8415042579100005,4.8743696,4.854960871078711,4.9672084,5.1720386,5.018445,5.122651,5.521118205,5.4173715,5.62253475
2,3,VRHSIWRFSPQEBM-UHFFFAOYSA-N,OCNT-2309458,4.777248,4.9736034385,5.015691,5.140877268372571,4.685562635329998,4.2758923,5.356735819805258,5.056122,4.298282,4.4343586,4.764883,5.260399738,5.0996855,5.4405665
2,3,VTEFNVUORQIXJU-UHFFFAOYSA-N,OCNT-2310598,4.667824,5.008222924459999,5.165876,5.214909289872902,5.1897293503599995,4.42981,5.229530400083663,4.6168385,4.634925,4.758391,4.5531454,4.697340525,4.4526265,4.99437275
2,3,VZECTGAGCXACIK-UHFFFAOYSA-N,OCNT-2316908,5.024189,5.14843395879,4.740664,5.086752175403137,5.065582532840001,5.1413355,5.0697342220340795,5.0916977,5.509211,5.1593237,5.2592077,5.685375158,5.58208675,5.78469075
2,3,WECBRMODQWSFSC-UHFFFAOYSA-N,OCNT-2310948,3.85968,3.206810648360002,3.0735948,3.478863497623494,4.539154431940001,3.3563097,4.055595688702627,4.3322444,3.6418,4.308964,4.2726026,5.216991705,4.9832135,5.3900845
2,3,WEGDKVGLZWGWSI-UHFFFAOYSA-N,OCNT-2314499,4.986737,4.64977267971,4.2789803,4.6126767516281495,4.758945983150001,4.757818,4.629130304288158,4.7228794,5.8399105,5.036147,5.1482,5.231568163,5.13560875,5.3227205
2,3,WGLOMJBEIXDVFC-UHFFFAOYSA-N,OCNT-2314757,4.351837,5.005851890489999,5.211217,5.098716151829937,5.346674858100001,5.0642734,5.191468794039758,4.6967688,4.7834883,4.606051,4.5256557,5.951268233,5.8665155,6.03349225
2,3,WGYQLXGWKYLPFA-UHFFFAOYSA-N,OCNT-2312906,5.1191406,5.296323016519998,5.016623,4.9693103419601865,5.22665773243,5.59214,5.264919258031751,5.4193463,5.183476,5.304291,5.3923793,5.886630562,5.80714675,5.96457075
2,3,WJSGRZXGMIBXIR-UHFFFAOYSA-N,OCNT-2316303,5.1534886,5.153308659320001,4.998075,5.253634389587642,5.285075520659999,5.510397,5.254248354621926,5.3580804,4.784309,5.2981796,5.2215786,5.642760345,5.5330695,5.75670875
2,3,WROCZHPTMZEAPU-UHFFFAOYSA-N,OCNT-2309518,4.5444317,4.92244075654,5.1755495,4.881239081515411,4.483802538550001,3.689877,4.427900787978262,4.5215273,5.6424,4.8055463,5.18356,4.999545695,4.83336825,5.15588025
2,3,WSPOMRSOLSGNFJ-AUWJEWJLSA-N,OCNT-0497954,5.3249264,5.13500519415,5.0696826,5.00081199043157,5.353908515659998,5.40746,5.202676362001948,5.7651935,5.3053155,5.4441166,5.2523184,5.046060555,4.926879,5.15313375
2,3,WTTZSARDULEWAA-KRWDZBQOSA-N,OCNT-2318553,5.0593596,5.13938424269,5.2710333,5.312103342785287,5.23865177541,4.5806003,4.9263536809521415,5.2741833,4.977433,5.2958446,5.1813207,5.117279883,4.94021425,5.248907
2,3,WUZYKBABMWJHDL-UHFFFAOYSA-N,OCNT-2328938,5.0031652,5.2883866848,5.2159715,5.100986078612192,4.61045299273,4.8862395,4.878131900509202,4.9695253,3.9227521,5.2405305,5.091275,5.325893385,5.2071245,5.42375575
2,3,WXHNIZSHBMNFPP-UHFFFAOYSA-N,OCNT-2315252,5.3811073,5.643166041169998,5.589304,5.8280026886907885,4.812000754800001,5.087612,4.627681492673272,5.4811096,5.678291,5.369667,5.5462823,7.13108756,7.0407755,7.22257275
2,3,WYLGKUHXYCKJRU-UHFFFAOYSA-N,OCNT-2313026,3.550147,3.87733772428,4.094047,3.868989307137764,4.426908661860001,4.3234367,4.408411817361961,3.8017626,3.760147,3.8357825,3.1531134,3.84698157,3.32764,4.25747175
2,3,XBMYLHUDSFUXCM-UHFFFAOYSA-N,OCNT-2312101,3.9482813,4.6329203877100005,4.59939,4.5863077747342045,4.668879540370001,4.588281,4.295886746179615,5.0445266,4.009099,4.370833,4.2050266,3.550346043,2.82068575,4.0784385
2,3,XDYLETNFYYCZIL-UHFFFAOYSA-N,OCNT-2310518,4.4071617,5.119471289530001,5.533507,5.336752867952481,4.443357103150002,4.271316,4.350491668773668,4.3592257,5.2793527,4.9000397,4.6589184,4.956533548,4.7762195,5.1351345
2,3,XFSIKJKODJKJMF-UHFFFAOYSA-N,OCNT-2315694,5.0880566,5.1503564882700035,5.533507,5.372967029614477,5.255525112940001,5.2591686,5.004618877478722,5.152382,5.2303815,5.325885,5.139334,5.126655018,4.9259505,5.2543345
2,3,XHIPTQDGABJQTL-UHFFFAOYSA-N,OCNT-2310436,5.4017,5.77553992919,5.589304,5.656134052169187,5.16193455521,5.399022,5.506509989015189,5.4727592,6.07677,5.5190034,5.368908,5.72623009,5.6164905,5.82984325
2,3,XHOKDUNWTNZYPV-VIFPVBQESA-N,OCNT-2313623,4.222307,4.32143253589,4.2996497,4.173294019202771,4.7297413278499985,4.4614854,4.665384015255691,4.3783145,4.0321226,4.598097,4.333262,5.465486595,5.31633,5.59178325
2,3,XIQVNETUBQGFHX-UHFFFAOYSA-N,OCNT-0495216,4.466115,5.122554936550001,5.5067,5.099868716157963,4.42423796198,4.750762,4.78731853688717,4.5520887,6.1163807,4.722103,4.990955,5.301143663,5.17029275,5.40610675
2,3,XMRWHOPYDYFQQH-UHFFFAOYSA-N,OCNT-2312217,4.9910603,4.9438152795,5.2174315,4.886644508903401,4.264858403940002,4.554118,4.675417022531454,5.132234,5.2449646,5.0637865,4.9599233,5.21873838,5.0727705,5.36242125
2,3,XPIXQQFKIMODLQ-UHFFFAOYSA-N,OCNT-2314248,5.3318596,5.475918501509999,5.1563687,5.361039509976051,5.034009632840001,5.343788,4.522640797239389,5.4041395,5.45226,5.196635,5.697873,5.615187175,5.4547955,5.7830715
2,3,XQTHQQRIGKWCMM-TTZKSVMKSA-N,OCNT-2308740,4.8026514,4.201282643029999,4.4722114,4.090773337515768,5.010224244570002,4.7239547,4.872773780718535,5.4455967,4.4487624,5.1368065,4.8662376,5.235968535,5.05392925,5.3980015
2,3,XTZRHLYNKPNFJU-UHFFFAOYSA-N,OCNT-2314402,4.879507,5.542183563680002,5.533507,5.441619936098234,4.951163727240002,5.5067286,5.4214388720177595,5.176185,5.7050076,5.283582,4.9741106,6.34625435,6.236407,6.45757575
2,3,XUJYEKUGVGQZDR-UHFFFAOYSA-N,OCNT-2309981,4.49709,4.894284027930002,4.87073,4.972664204362497,4.853030121300002,5.2567663,4.962676240198372,4.6198397,4.0385833,4.6716714,4.90466,5.127732293,5.0119835,5.22346075
2,3,XYBUTVQAVQGLQI-UHFFFAOYSA-N,OCNT-2314608,3.9834235,3.914004937140001,4.0373077,3.822973238394116,4.695484523919999,4.1572537,4.458447215623598,4.4438405,4.779397,4.6783624,4.006586,4.514747225,4.16627875,5.00482725
2,3,XZTFOQBCMPUHSK-UHFFFAOYSA-N,OCNT-2312973,3.9222622,4.953759225950002,5.0625196,4.863105009656818,4.783439288990002,4.9157815,4.9773105479979645,4.6225214,4.502577,4.383664,4.074052,5.71597021,5.63032125,5.79902075
2,3,YAXNCYJLFNFFDI-UHFFFAOYSA-N,OCNT-2314237,4.781502,5.270056111489998,5.165876,5.469481249209813,5.5358646691299995,5.1561236,5.2822238074108965,5.0516095,5.2770743,5.008834,5.0682282,4.928972322,4.74323325,5.10747375
2,3,YBRVKGSUHFCMRG-UHFFFAOYSA-N,OCNT-2309242,3.412657,4.38389015352,5.102821,3.702684424226346,4.5045431758899985,4.1633024,4.133215072546112,3.1178613,3.1871576,4.139438,3.300178,4.07457127,3.695931,4.57379175
2,3,YEEZWCHGZNKEEK-UHFFFAOYSA-N,OCNT-0494164,4.7773633,4.447350547689999,4.3634386,4.4482678354536915,4.291989108770002,4.593839,4.685981822219298,4.1691093,4.377759,4.806691,4.6497393,4.601161295,4.52936925,4.68661075
2,3,YFRGVJKAIFHJOM-UHFFFAOYSA-N,OCNT-2309765,6.0316324,5.331711337390001,5.3526635,5.415682009622807,5.491753132379999,5.578816,5.359520287504931,5.9109716,5.937022,6.033209,5.7511287,6.303200555,6.22949725,6.37759375
2,3,YGQRUXKHKRRRPX-UHFFFAOYSA-N,OCNT-2313058,5.0945563,5.452934971400001,5.372818,5.408090298388019,4.789201068199998,4.9676127,5.160161448681943,5.282899,5.0439296,5.4709687,5.442029,4.857063137,4.68525975,5.03416225
2,3,YGZAMANWSHREIT-UHFFFAOYSA-N,OCNT-2309600,3.799364,4.368141005150003,3.9070487,3.89565433148449,4.7454792400300025,4.586798,4.531665623425107,4.163981,4.038181,4.3004465,3.7769217,4.52852544,4.27080925,4.8842165
2,3,YIVMQZCQVWWLET-UHFFFAOYSA-N,OCNT-2310795,4.3566513,4.6704540577,4.191398,4.507867107103356,4.968859121340002,5.2664585,4.9118931646615325,4.8042345,4.5162725,4.902125,4.939331,6.155750862,6.058512,6.2546705
2,3,YKDFCZJETFAAAV-UHFFFAOYSA-N,OCNT-2318685,5.1489663,5.365005112119999,5.3526635,5.5035304493806825,4.907579291689999,5.3614354,4.968877806437422,5.2918158,5.308956,5.371778,5.6243334,5.491837323,5.341087,5.63178525
2,3,YLBHRYSMLHYOBI-KBPBESRZSA-N,OCNT-2315633,4.0789485,3.18356290213,3.3458972,3.6694295200818425,4.436895997320002,4.0997663,4.74743601683245,4.5648174,3.7690358,4.5709453,4.629097,5.384656588,5.244143,5.510605
2,3,YLTHQMNZJFHTGP-OCCSQVGLSA-N,OCNT-2316881,4.9251537,5.088232463380001,4.8863354,5.216061252519109,4.934946644459999,5.3131237,5.395100974414044,5.3188996,5.1021686,5.0379024,5.1680574,4.214956133,3.8663265,4.763707
2,3,YMMIAKHPBKEYBZ-UHFFFAOYSA-N,OCNT-2311562,3.7659287,4.3902613737500005,4.132311,4.047584605400619,4.538563928,3.971257,4.3251164601396646,4.1130824,4.08378,4.20293,4.083838,2.858646907,1.25927075,3.8722255
2,3,YQHXRQUOFRLUFK-UHFFFAOYSA-N,OCNT-2313643,4.1654077,4.50950801566,4.1513476,4.030631199976636,4.6677485842,4.4262986,4.745889763481361,4.757276,3.9839168,4.606583,4.3115444,3.734271975,3.24730625,4.34415225
2,3,YSUJLOTUTGXMLQ-UHFFFAOYSA-N,OCNT-2309111,4.501576,4.78788494882,4.6535516,4.613961819524115,4.9633734607500015,4.892436,5.0510047787898325,4.6560907,5.048481,4.6431184,4.9128094,3.896427225,3.446077,4.3044215
2,3,YTHQORBRSQJECM-UHFFFAOYSA-N,OCNT-2317097,5.356392,5.4157236560400035,5.1001134,5.389539299332356,5.316095611750002,5.4450836,4.94548105724744,5.371716,5.2853165,5.48558,5.3644786,5.1434787,4.96116925,5.3002145
2,3,YTQYAPSVFJQMCE-UHFFFAOYSA-N,OCNT-2310115,4.359299,5.642177484080001,5.492049,5.346566716353768,4.579844342190001,5.1106706,4.685645215503778,4.8616695,4.8544035,4.9384327,5.0950704,4.944019035,4.76002675,5.11469125
2,3,YUSOQWDLAGAIHW-UHFFFAOYSA-N,OCNT-2310036,5.555073,5.52516512316,5.2968664,5.484818290923021,5.521719667970001,5.385954,5.346833435106763,5.553726,6.320935,5.7703032,5.805167,5.809098493,5.69878975,5.922263
2,3,YWFZSGTWXKPCSQ-UHFFFAOYSA-N,OCNT-2318540,4.592333,5.0106417286100005,4.4232163,5.394290874887657,4.744726963700001,4.8010345,4.616108666388797,4.714641,4.487277,4.7507563,5.0407495,2.08595201,1.05655925,3.232583
2,3,YXEZVWSMQQMHDY-UHFFFAOYSA-N,OCNT-2314663,4.3928986,5.115628267640003,5.3526635,5.187460199466409,4.852041090479999,5.0927305,4.887775437450021,4.6575217,4.6509786,4.9682403,4.936821,5.018145305,4.84848825,5.21424575
2,3,YZQWTLZRWDTEFR-UHFFFAOYSA-N,OCNT-2314768,4.978756,5.694140631939999,5.9777846,5.408695153105549,4.8222246986699995,5.204972,5.265107822949212,5.295469,4.5095057,5.359477,5.082423,5.070780313,4.86918,5.254674
2,3,ZAJBAXYKTFWDPK-UHFFFAOYSA-N,OCNT-2311935,4.71654,4.81210609764,4.631366,4.81290295559028,5.231739164760001,4.7884398,5.037004751269131,5.1599536,4.706162,5.1747823,4.9177938,3.07186669,1.3997635,3.89744075
2,3,ZCEYLWXXNMDZEQ-UHFFFAOYSA-N,OCNT-2309871,3.9117398,5.16848693872,5.2470827,5.338109226179214,4.691765275510001,5.0258613,4.670063817992797,4.4807916,4.0407424,5.082583,4.201631,5.852009543,5.6898695,5.991091
2,3,ZSRIHZUWEGOQNF-UHFFFAOYSA-N,OCNT-2310853,4.008158,4.5266580011799995,4.695696,4.434684280510755,4.55042697668,4.3284836,4.644768740828918,4.4933257,4.224604,5.0905023,4.2942357,6.620301305,6.51126925,6.7367805
2,3,ZTZAJUSBKHCWHO-UHFFFAOYSA-N,OCNT-2313024,5.959184,5.394550588590002,5.1686845,5.573484794412492,4.902447889200001,4.954381,4.990363649244725,5.822259,5.6567984,5.8346047,5.6228743,5.886177303,5.80513725,5.96679025
2,3,ZZFSIEKTPZLRNW-UHFFFAOYSA-N,OCNT-2312741,5.256548,5.20457155629,5.210252,5.337148591120339,5.34907869759,5.5208716,5.465568810413015,5.4926357,5.394534,5.4336133,5.287213,4.85582982,4.703504,5.021406
2,4,AAFSKRHBWOQJCV-CVEARBPZSA-N,OCNT-2309014,4.707888,4.48916842153,4.432514,4.325510956044374,4.902773722319999,4.93187,4.728397694237048,4.432133,4.293769,4.598428,4.8004727,4.737715497,4.51206175,5.00210875
2,4,ABUNSDMPQVALBH-UHFFFAOYSA-N,OCNT-2314087,5.18401,4.94261151583,5.1539326,4.886895005386657,4.950894472980002,4.559388,4.886914340657902,4.6825976,4.7565,4.7824373,5.1643453,3.397316567,1.9395045,4.0515555
2,4,ADCRROSQMSVSQW-UHFFFAOYSA-N,OCNT-2317688,5.5060644,5.760240481440004,5.312979,5.4914190454863965,5.60638949282,5.1901064,5.536851597346596,5.244955,5.5761294,5.5228424,5.563622,5.067960225,4.88258225,5.24936325
2,4,AFUVPNDCVKAFMM-UHFFFAOYSA-N,OCNT-2310288,5.6686788,5.616590652750002,5.312979,5.450445302108613,5.631945618870003,5.441461,5.979658870245512,5.2346077,5.6284556,5.6191387,5.5897627,5.570652172,5.44352225,5.68766575
2,4,AGOYKHUKFFLSAC-UHFFFAOYSA-N,OCNT-2316769,4.22153,4.962189797539999,4.766818,4.735342284322443,4.3195114304499995,4.9426394,4.053035901871286,4.155062,4.1052246,4.4125824,4.464764,3.886159193,3.40144025,4.32677575
2,4,AHOUBRCZNHFOSL-YOEHRIQHSA-N,OCNT-1911800,5.2543416,5.278027932910001,5.1539326,5.324010714531603,4.875388576160001,4.9607835,5.008495945261435,5.017924,5.177224,5.2071342,5.3199043,5.14513125,5.00457475,5.263734
2,4,AIOAUDKSZPZHDV-UHFFFAOYSA-N,OCNT-2310202,5.760198,5.231255240490002,5.312979,5.304240365657806,5.29034841939,5.023983,5.61429636172367,5.1602855,5.707612,5.451613,5.595887,6.267360323,6.14288825,6.38791
2,4,ANRTUOAFXNQUJO-UHFFFAOYSA-N,OCNT-2316516,5.524312,5.424208984930001,5.096174,5.263519293039234,5.2455495291,5.023983,5.581916050679148,5.098764,5.681237,5.390818,5.4440413,5.109112632,4.9189585,5.27813125
2,4,APCKBGSTXTVQIO-UHFFFAOYSA-N,OCNT-2308958,4.522093,4.93325306764,5.1138287,5.108423746619786,4.880552734969999,5.1405134,4.8102176160991315,4.413583,4.8114634,4.7858086,5.0478964,5.08100234,4.92447975,5.22175075
2,4,ASHZCZJGKOMSDX-UHFFFAOYSA-N,OCNT-2311779,4.791829,4.456877998590001,4.9806967,5.12355299230774,4.49049018149,4.958229,5.153881457179766,4.370186,5.717641,4.9528904,5.531214,5.166467642,4.984927,5.345751
2,4,ATLZEXPCGWQKDL-UHFFFAOYSA-N,OCNT-2311588,3.8323944,4.010261568750002,4.412736,4.191437901726343,4.2439091549800025,4.6686406,4.254699133642203,4.094056,3.4133286,3.4418755,3.7853224,3.274629818,1.497635,3.99270875
2,4,AVUNNPCYKCMBQE-UHFFFAOYSA-N,OCNT-2312299,5.352488,5.291864579480002,4.960096,4.858426099601436,5.215010426719999,4.7503166,5.097082837361548,4.943748,5.842146,5.2799244,5.508023,5.178202748,5.0401545,5.291864
2,4,BAAKPPZAHCJHAC-UHFFFAOYSA-N,OCNT-2318352,5.6133986,4.905294233720002,4.970673,4.900188905593847,5.511183905590001,4.9627557,5.37687391562466,5.1599326,5.8195295,5.634389,5.6159616,5.494513645,5.412937,5.57955175
2,4,BBEPUEHUDFJMBA-UHFFFAOYSA-N,OCNT-2314446,3.6009018,3.8479368773600022,4.5208144,4.317624712640511,3.9679783753300018,4.442906,3.6987278759936832,3.7299085,3.883977,3.8526115,4.077619,3.850819357,3.44063525,4.38537525
2,4,BCHJMMPAAPFYBO-UHFFFAOYSA-N,OCNT-2312417,4.9305277,5.373955883909998,5.0767365,5.03045691384844,4.71343384296,5.1405134,5.105273846476395,4.7835436,4.867938,5.175781,4.987207,5.649098728,5.56904625,5.72544575
2,4,BDBMLMBYCXNVMC-UHFFFAOYSA-O,OCNT-2328510,4.684933,4.80037865303,5.052295,4.74291068122692,4.5596195900000005,4.998308,4.1399960194637515,4.184556,4.0261607,4.552893,4.460901,4.66854407,4.570109,4.777489
2,4,BDYAYVLTLRIZAN-DOMZBBRYSA-N,OCNT-2313477,3.9630833,4.077275207400002,3.713002,3.970054828352299,4.541490347290003,4.6983156,4.534581698101406,4.3956304,4.031211,4.426097,4.677121,4.96220564,4.779067,5.12565675
2,4,BFEUJJDBPNVUAZ-UHFFFAOYSA-N,OCNT-2314405,5.1619725,4.99176826198,5.0767365,4.994203861073727,5.0917558075599985,4.9700737,4.7949248034293515,4.744316,4.746294,5.0089173,5.2125545,5.130239262,4.99718375,5.24674675
2,4,BIYSBPUAKVDGAZ-UHFFFAOYSA-N,OCNT-2313365,4.9323936,5.44800519696,5.224317,5.392032210209524,5.250543246630002,5.023983,5.170790865206094,4.7322845,4.9533706,5.092314,4.7604914,5.89035038,5.8024675,5.975782
2,4,BJPQOWBRTLGZDQ-UHFFFAOYSA-N,OCNT-2312156,5.1801033,4.8474040563099985,4.766818,5.036226925658625,5.058376877120001,5.1901064,5.487151158121333,5.0032296,5.493873,5.443404,5.421131,6.011393107,5.92241375,6.09286575
2,4,BLHIRVBNLSHBMK-UHFFFAOYSA-N,OCNT-2313145,4.391804,4.330521412080001,4.9742627,5.0604630573961025,4.477577578560001,4.958229,4.477178591019043,4.2464633,5.092175,4.3818216,4.574554,5.27268283,5.061995,5.4369135
2,4,BPNYIDLJZSGJNS-UHFFFAOYSA-N,OCNT-2314247,4.0345726,4.895034614439998,4.61998,4.499425075026294,4.693663685230003,4.9607835,4.779601308696522,4.252156,4.2275996,4.4498954,4.1035585,5.411912248,5.2355125,5.5635615
2,4,BSRYNWRABISVBH-UHFFFAOYSA-N,OCNT-2318328,5.5975413,5.419255435290003,5.0380116,5.234902390539309,4.817607922110002,4.7503166,5.015469981230286,5.064494,5.4392214,5.63418,5.628571,5.527722373,5.37459075,5.6647435
2,4,BZLXGFYLRNUUNG-UHFFFAOYSA-N,OCNT-2310716,4.578332,4.567249099870002,4.7682486,4.496962559563289,5.146124618260002,5.0622187,5.014794822557216,4.3915215,4.5880613,4.539282,4.7339563,5.197002985,5.030395,5.33567075
2,4,BZVHKYBWSDLONO-UHFFFAOYSA-N,OCNT-2313948,5.2735724,5.53748419526,5.235783,5.403715440646788,5.558888441200004,5.023983,5.20641903478445,5.0421553,4.7034054,5.3536735,5.392226,3.274140225,1.81569325,3.96108625
2,4,CAVHMRSMXQUFPI-UHFFFAOYSA-N,OCNT-2311901,5.444954,5.391325634110003,5.312979,5.5307177288450395,5.052805572810002,5.054345,5.3568206964060785,5.0141225,5.891662,5.574185,5.632507,7.610285327,7.50850625,7.70113925
2,4,CBDZWNYRFMBERE-UHFFFAOYSA-N,OCNT-2310986,4.9298687,5.126045952770002,5.2114515,5.023850398037326,4.923092686130002,4.958229,5.075462203032211,4.6005526,4.9804444,4.959114,5.052946,6.182241923,6.08786875,6.28309575
2,4,CCWKWZDOARHVPW-UHFFFAOYSA-N,OCNT-2316365,3.9383917,4.472990419789998,4.951932,3.9211906845399978,4.7699940074,4.9607835,4.800876722608373,3.9723983,3.392287,3.9833326,4.204292,2.395762792,1.09340625,3.6935025
2,4,CEWPCADJKNEVJT-UHFFFAOYSA-N,OCNT-2312994,4.9461923,4.793307174990003,4.766818,4.900017270761481,4.64590289913,5.0284386,4.693546326865888,4.377719,4.9199314,4.610988,4.82865,4.578476995,4.3684015,4.873397
2,4,CFUFBCRJXAPUJE-UHFFFAOYSA-N,OCNT-2308965,3.7336364,3.6077943168399984,3.5072415,3.815967439789761,4.538402740470001,5.140929,4.315668042984021,3.9711628,3.2325327,3.303715,4.085461,2.21598687,1.06602575,3.25181425
2,4,CMRWALMKNZNEAF-UGSOOPFHSA-N,OCNT-2313985,4.230768,4.027004523250001,4.432514,4.1845366625419,4.424135580840002,4.9607835,4.515809456644875,4.399767,4.2500005,4.7135277,5.065567,5.394589782,5.271187,5.516782
2,4,CONRZOMJFHPQDZ-UHFFFAOYSA-N,OCNT-2308597,5.106545,4.775057779559999,4.766818,4.660666658069353,4.902956549959999,4.93187,4.697770915464443,4.7662826,5.5064316,5.365505,5.5307164,5.081854505,4.94446475,5.2122125
2,4,CPACSLZRDZGWSJ-UHFFFAOYSA-N,OCNT-2308519,5.100975,5.2765981392100025,5.176479,5.332259016501844,5.300135337979999,4.579393,5.168588583822928,4.8301244,4.838598,5.413574,5.3761435,5.529981917,5.4466995,5.61631525
2,4,CYYZQVGRZABDLV-UHFFFAOYSA-N,OCNT-2314263,5.7769837,5.303947296030003,5.312979,5.743044494975321,5.51130293249,4.9325404,5.611991491371704,5.6226797,5.991788,5.7961755,5.670028,5.682462058,5.5637025,5.7932355
2,4,DFJVLCBFBNOPTO-UHFFFAOYSA-N,OCNT-2315759,5.20732,4.80867610353,4.919562,4.914934265420836,5.13162459624,4.93187,5.187163474165873,4.732753,4.847115,5.171506,5.3548565,5.848593743,5.74286225,5.95129525
2,4,DIYLEQWUQDMBDH-UHFFFAOYSA-N,OCNT-2311592,5.387604,4.96424160186,5.055406,5.294489599849091,5.361333928440001,5.1901064,5.546661093268958,5.120929,5.5171533,5.17047,5.546796,5.68807669,5.55766575,5.8093045
2,4,DLBNHSJMOTWUAU-UHFFFAOYSA-N,OCNT-2316358,3.796382,5.03877866914,4.766818,4.919114689551738,4.538858764210001,4.958229,4.464034589469084,4.103242,3.7784278,3.5636487,4.163436,2.032000437,1.06243825,3.16765875
2,4,DOJYOJFSOYDGID-UHFFFAOYSA-N,OCNT-2316796,5.4047866,5.285352225930001,5.0767365,5.183192921953481,5.3481627570800025,5.1901064,5.12545569490099,5.253107,5.7065616,5.848064,5.4542923,5.459759287,5.34017725,5.56955375
2,4,DPCDLHZNSWCOIR-UHFFFAOYSA-N,OCNT-2314582,5.0931125,5.313998812700001,5.1539326,5.229886778047372,5.288833240350001,5.0622187,5.0473602107404965,4.8232875,4.822785,4.8915353,5.2513137,5.62132827,5.53905825,5.7012875
2,4,DUADTXCVWFPPIL-UHFFFAOYSA-N,OCNT-2312961,4.987816,4.9057154051300005,4.982658,4.90861350307159,4.801835189460002,4.6686406,4.986835548805893,4.690201,5.108501,5.0557117,5.295845,4.967871133,4.790594,5.13428
2,4,DVBNAUHKBCFYBB-UHFFFAOYSA-N,OCNT-2312795,4.4396353,4.490337504750001,4.861243,4.33207233985393,4.5500197054800005,4.9607835,4.75289527747557,4.7163095,4.364409,4.3557897,4.843165,5.074247032,4.9059005,5.22416225
2,4,DXZFYTFQGFMLCK-UHFFFAOYSA-N,OCNT-2315156,4.4640527,5.249348858940001,5.0767365,4.740469389616707,4.695276402230002,4.958229,4.888361552853559,4.432661,4.730794,4.786797,4.7769938,5.792689712,5.6672255,5.914555
2,4,DYSLBUOTINOYOC-UHFFFAOYSA-N,OCNT-2310317,4.8087144,4.296150794710001,5.0804744,4.589789135490244,5.27006417723,5.441461,5.133870448994179,4.495464,4.878671,4.82082,5.094768,4.376919622,4.1824875,4.69673375
2,4,DZNPQDPYYZENCJ-UHFFFAOYSA-N,OCNT-2309901,5.5436077,5.460494894830003,5.412424,5.63905802688839,5.012073805120002,4.9961643,5.226671306324547,5.022642,6.028288,5.2242403,5.5718546,5.512484602,5.404119,5.610254
2,4,FBOZXECLQNJBKD-ZDUSSCGKSA-N,OCNT-0200796,3.1268382,3.93654194235,4.7236986,4.206050221039957,4.145761447409999,4.9426394,4.233506845616194,3.7726088,2.9335797,3.173499,3.3097098,2.132871568,1.05391675,3.24998725
2,4,FCVXGURMAPSXMN-UHFFFAOYSA-N,OCNT-2312113,4.778785,5.014621692190001,4.9727435,5.081878157144645,5.0842519845400025,5.054345,4.931218486458658,4.6832395,4.054702,5.2300563,5.4047356,5.065387835,4.94065525,5.1852915
2,4,FDSRNEIFNNTKBW-UHFFFAOYSA-N,OCNT-2311159,4.4779997,3.733053461860002,3.7721162,3.996961819684551,4.33192565652,4.998308,4.2015205757819,4.2535176,4.688026,4.5071845,4.907531,3.81494932,3.312918,4.40294325
2,4,FEXGVGFWUVZIGF-UHFFFAOYSA-N,OCNT-2312131,4.768559,5.13035767035,4.4198728,5.278743381001364,5.150122085100003,5.1405134,5.30208064925521,4.5730653,4.6344485,4.731054,4.8115163,5.236326228,5.02908575,5.432292
2,4,FHPVWGDQJXVTRR-UHFFFAOYSA-N,OCNT-2318135,5.7139173,5.5153721229400015,5.4989786,5.768663089343948,5.317475813610002,4.958229,5.2679292054994225,5.184353,5.865643,5.3701563,5.6326184,5.47465301,5.38185425,5.56191225
2,4,FINXLSLQWDTUQT-AYWPPYMVSA-N,OCNT-2315819,4.63547,4.969685379569998,4.970673,4.915003641374412,4.200040982680001,4.798729,3.6256818789407057,4.4405394,4.1917977,4.6209984,4.420028,3.366381088,1.542117,4.1223525
2,4,FJJGWWWOOWJCMW-UHFFFAOYSA-N,OCNT-2313641,4.787045,4.7839252717,4.766818,4.809762311309519,4.66845697822,5.140929,5.065350621843927,4.6203613,4.722443,4.811032,4.8285756,6.3495178,6.23205125,6.4636895
2,4,FKGZTTKABGMFKO-UHFFFAOYSA-N,OCNT-2315259,5.5312243,5.419992112279999,5.312979,5.450857313159358,5.36028502451,5.1901064,5.487937660631563,5.157383,5.1183558,5.062383,5.467511,5.13422659,5.01004275,5.22592125
2,4,FLYOLZFPQYWAFT-UHFFFAOYSA-N,OCNT-2310674,4.8758883,4.521537671270002,5.353555,4.989784955645449,5.322385598039998,5.0622187,5.233947995708003,4.6267548,4.6452475,4.5554366,4.880151,4.940760365,4.7410075,5.140617
2,4,FQFAHDMNRAXBFT-UHFFFAOYSA-N,OCNT-2314657,4.7843676,3.95748968871,3.785225,4.0204372059654085,5.066903210860001,4.9700737,5.137050387799174,4.352052,4.615398,4.4038863,4.994734,6.829797427,6.74685775,6.91327
2,4,FRCQMDKKZZBGTP-UHFFFAOYSA-N,OCNT-2313645,5.510255,5.024608560850002,5.1539326,5.108790831130169,4.853606119439999,4.6983156,5.103113471960873,4.982758,5.685891,5.3787656,5.6119313,5.202375707,5.0006185,5.354382
2,4,FRJHGODPRBMHPF-UHFFFAOYSA-N,OCNT-2308605,4.42653,4.467413073279999,4.412736,4.80647095402056,4.47316681568,4.958229,4.7012245730380915,4.416813,3.858223,4.72892,4.4481516,4.189079855,3.87630025,4.624801
2,4,FSPJNFGHZZRNHE-UHFFFAOYSA-N,OCNT-2310181,4.097807,4.665847364109998,4.4810185,4.397996146889205,4.396421642230001,4.9869804,4.056175484273155,4.020562,3.9263134,4.3594465,4.443056,5.464100948,5.37307075,5.552534
2,4,FWUMBFJSJPPEQP-UHFFFAOYSA-N,OCNT-2318348,4.676534,4.773529762570001,4.4547477,4.50912518854791,4.813041933720001,5.054345,4.9256547139227385,4.4393163,4.8144674,4.9807563,4.944779,5.336485005,5.17779275,5.46049575
2,4,FYJLBFSDAWXPSB-UHFFFAOYSA-N,OCNT-2312740,4.9471235,5.1332621832699985,5.1539326,5.0226370330655,5.307245997870001,5.1901064,5.27239738108353,4.8113165,4.7390494,4.7756133,5.1368365,4.628198623,4.439257,4.88637025
2,4,GBUSLTPPAQKFHD-UHFFFAOYSA-N,OCNT-2309376,5.655635,5.759852557580003,5.4901395,5.2838361663994,5.4831839566400005,4.9908934,5.414859018902495,5.3572526,5.7948914,5.730407,5.6948757,4.346900945,4.09208775,4.69280425
2,4,GEJVZRUGXRBCTB-UHFFFAOYSA-N,OCNT-2314481,5.4489717,5.657720588289999,5.4269166,5.606578318686962,4.760137810540001,4.720224,4.328098022850419,5.0642805,5.7299724,5.3423615,5.5117416,4.971627888,4.75476675,5.1831115
2,4,GESMFQNJXSICBZ-UHFFFAOYSA-N,OCNT-2313220,5.2973995,5.259698039789999,5.0767365,4.913130317346054,5.14753618991,4.720224,4.790115724466482,4.8385997,5.1826034,5.2711096,5.2260423,5.116068223,4.9814845,5.24007825
2,4,GHXSNVVZVLZOTP-UHFFFAOYSA-N,OCNT-2315858,5.440142,5.21580468235,5.312979,5.247009996203711,5.012384750409997,5.140929,5.255569545406338,4.7976427,5.7073584,5.3337183,5.2841463,5.161552162,4.990768,5.29288025
2,4,GJLFZZVHBYMJBF-UHFFFAOYSA-N,OCNT-2309390,5.728978,5.37359455959,5.147121,5.263943371516704,5.25714410232,5.259757,5.2608423067295735,5.3836675,5.7455854,5.810396,5.8279934,5.35283503,5.243355,5.44653275
2,4,GKYGLOCHFIRIIR-UHFFFAOYSA-N,OCNT-2314683,5.690723,5.138692579909998,5.1539326,5.105508857699257,4.931325605010001,5.038088,4.852873548015451,5.021177,5.4877872,5.3732824,5.4958982,2.710978327,1.1105235,3.82217125
2,4,GMOUZYGFMNTHBO-RDTXWAMCSA-N,OCNT-2308506,4.2704687,4.917090786209999,5.0526886,4.516544988701382,4.961003689410001,5.023983,4.61970080457504,4.489089,3.9212728,4.540246,4.500627,4.867253745,4.700189,5.04335925
2,4,GPTXWRGISTZRIO-UHFFFAOYSA-N,OCNT-2328416,5.372351,5.488971942109998,5.217209,5.212008735909021,5.030113671310001,5.023983,5.119246658160807,5.2653856,5.706144,5.6532283,5.5441885,5.951552982,5.870102,6.0394815
2,4,GPZVJCWQYLPCKC-UHFFFAOYSA-N,OCNT-2314617,5.4064937,4.7693944962999995,4.39073,4.683430264875622,5.163919192220003,4.93187,5.307990673315223,5.021816,5.4766245,5.474868,5.3895655,4.850214027,4.71537925,5.011748
2,4,GRIDBZHPCALFNO-UHFFFAOYSA-N,OCNT-2317361,4.9154196,5.1148104458000025,5.0292964,4.836927597486959,4.769091679890001,4.9607835,5.010392973137235,4.493615,4.797471,5.226902,5.0394516,4.905113985,4.7878715,5.01834525
2,4,GTGFBWKCCOBBSR-UHFFFAOYSA-N,OCNT-2314662,4.7927833,5.098537467199999,5.0767365,5.111418829397599,5.371039388150001,5.1901064,5.437130200284072,4.681342,5.1056046,4.797685,4.758981,4.906514393,4.67721975,5.14382
2,4,GXSYWJBSBWKVFG-UHFFFAOYSA-N,OCNT-2316703,5.280693,4.861512877180003,5.0292964,4.870214361593346,4.83067611188,4.2437243,4.881020527315879,4.689374,5.6213756,5.0841317,5.3209662,5.586410905,5.492937,5.681855
2,4,HCCPDJMGEYCQRE-UHFFFAOYSA-N,OCNT-2308475,5.733036,5.299297710820001,5.1443467,5.199350192212089,5.623197802779999,5.023983,5.600060278319774,5.2874007,5.837015,5.6500783,5.5018125,4.999731902,4.784698,5.233084
2,4,HDZXPBGQDAEJGU-UHFFFAOYSA-N,OCNT-2314750,3.520407,4.38325465922,4.811723,4.347078827268076,4.614810360049999,4.370206,4.624758936753169,3.8792362,2.9490662,4.0856953,3.961732,5.44580044,5.30441575,5.569411
2,4,HGMVMOMRKMPRSR-VHSXEESVSA-N,OCNT-2311017,4.7165265,4.9168096095000005,5.0526886,5.014421879764766,5.049890181060001,4.6686406,4.6332615670436,4.4755316,4.5470343,5.190773,5.5195794,5.157979098,4.9924455,5.288639
2,4,HJSAULCESFXRQL-UHFFFAOYSA-N,OCNT-2315277,5.5602407,4.929909480290002,4.86527,4.975692676851878,4.98522868567,4.559388,4.830772165338245,4.873426,4.705714,5.017057,5.495762,2.326819487,1.06673125,3.62925
2,4,HKLMCWDFYPHFRO-UHFFFAOYSA-N,OCNT-2311278,4.0933294,4.62386843574,4.8757896,4.797465995423287,4.563730227450003,4.6983156,4.596474221063896,4.220489,3.4187355,4.250033,4.180662,2.092768808,1.05108675,3.219697
2,4,HMOWRWBMMAKHDZ-UHFFFAOYSA-N,OCNT-2311235,5.0259886,4.53219995174,4.8757896,4.641575309491577,5.231753851619998,5.023983,5.339549075940371,4.617241,5.1095343,4.6656523,5.1726427,3.837191628,3.27459025,4.23625125
2,4,HPWBEIBPKVCQNQ-UHFFFAOYSA-N,OCNT-2312233,4.7996225,4.488414676570002,4.7133837,4.861072648834954,5.19570937452,5.441461,5.331943504459692,4.3844943,4.6024384,4.7377415,5.1143,4.485371895,4.3030935,4.75509825
2,4,HTFHQYPWORPEHA-UHFFFAOYSA-N,OCNT-2316125,4.976628,5.126378353040001,4.9943624,4.8399617157449795,5.25029771364,5.154248,4.994772882443714,5.0413427,5.6276073,5.163552,5.385875,5.793957287,5.66992,5.9118415
2,4,HTGAXCLQAYTCRX-UHFFFAOYSA-N,OCNT-2311948,5.5441217,5.464797002020003,5.235783,5.375927742460003,5.436514182200001,5.154248,5.105454706239009,5.0943465,5.853818,5.5263987,5.5726705,6.17100461,6.08245875,6.27367
2,4,HVBXEBBUJKBNKF-UHFFFAOYSA-N,OCNT-2314641,5.1336474,4.93341917521,4.766818,4.926855123261069,4.65905686169,4.9700737,4.728354722131759,4.757333,5.059172,4.7064896,5.0473547,5.189477727,5.0012275,5.3249195
2,4,HYUHVOLQYDHZHQ-UHFFFAOYSA-N,OCNT-2313573,4.8189416,4.77596095981,4.766818,4.690473650261959,4.92729325208,4.720224,4.886070660834473,4.108374,4.4914894,4.4487762,4.56777,5.57377753,5.462107,5.6766325
2,4,HYZUFGFQMUOIJF-UHFFFAOYSA-N,OCNT-2317220,4.7498617,4.327967786380004,5.1098075,4.611802223050539,4.845564189320003,5.3075566,5.181379701321442,4.4282184,4.918238,4.456463,5.0233746,4.328047555,4.07093525,4.678294
2,4,HZLJTTVIFIBCFG-UHFFFAOYSA-N,OCNT-2313185,5.3609166,5.259810741110001,5.0767365,5.104230098458798,5.453847171360001,5.1901064,5.441760803097412,5.1201053,5.653808,5.1197014,5.206126,5.539890573,5.42764125,5.64132125
2,4,IAAZBECRDFSGAC-UHFFFAOYSA-N,OCNT-2311644,5.29299,5.447120299330002,5.312979,5.572977969263125,5.62510528206,5.1901064,5.4924489651240105,5.044328,5.1371627,5.0781536,5.2674475,5.241190032,5.05998975,5.39102325
2,4,IAOARJMKEVETCS-UHFFFAOYSA-N,OCNT-2314968,4.65059,4.979031121150001,4.766818,5.026719272637262,4.97325914559,4.998308,4.476179487646244,4.4207253,4.6363487,5.03852,4.9995832,3.79530019,3.27873375,4.247472
2,4,ICKRQBWOWOXQPE-UHFFFAOYSA-N,OCNT-2312145,5.1426,5.843201260980001,5.510791,5.682528577392774,4.85599219949,4.6686406,4.9441400492065215,5.0309725,4.9940906,5.246877,5.3497066,4.01257303,3.59578525,4.4059205
2,4,IEBDYAPJNYNOJG-UHFFFAOYSA-N,OCNT-2311508,3.976019,4.5255814051600005,4.9363384,4.305450447047316,4.707772257970002,4.9607835,4.734577167771793,4.2460027,3.8177607,4.280253,4.307322,6.246614277,6.14388175,6.34482075
2,4,IFQPPSWDRROISD-UHFFFAOYSA-N,OCNT-2314407,4.963609,4.8438232266100005,5.001793,5.080909712805044,5.138534332369999,4.720224,5.17383645687569,4.505201,5.0802665,4.9213476,5.3426948,4.971656497,4.78588375,5.13282875
2,4,IIGPKLVZMJDWCL-PXAZEXFGSA-N,OCNT-2314699,4.9561086,5.169769980880002,5.1539326,5.057430470019759,4.4279126601400005,4.6983156,4.692469112877521,4.872772,5.342369,5.254213,5.4730625,5.018384795,4.78942425,5.19971025
2,4,IMUWGGOPROYNBY-UHFFFAOYSA-N,OCNT-2316961,3.956797,4.2008554060400005,4.2392163,4.24769014959112,4.2102431872700015,4.5831237,4.493732351914922,3.9457748,3.8323102,3.8653955,4.1856065,3.821367673,3.291438,4.25691775
2,4,INDWLASWAKDZEB-UHFFFAOYSA-N,OCNT-2316585,4.4297304,4.027907436619999,4.412452,4.4508664334068095,4.245777275720002,4.998308,4.367536941361088,4.3381677,4.058209,3.7903104,4.13385,2.775252913,1.128613,3.85432175
2,4,IRELANSYNNWRMV-UHFFFAOYSA-N,OCNT-2311309,4.1457376,5.29961039977,4.925255,5.359735217061929,4.5607222299200005,4.9607835,5.211820836421593,4.218121,4.0342464,4.2333117,4.2941837,3.533498365,2.49455825,4.089546
2,4,IVNIMDZBVHNVOZ-UHFFFAOYSA-N,OCNT-2314639,5.417884,5.440632665320002,5.048758,5.118381208065972,5.217238839979999,5.023983,4.916009949676453,4.958648,5.478154,5.275112,5.474618,5.54379485,5.46443,5.6237645
2,4,IWYYRRQCEGSTII-UHFFFAOYSA-N,OCNT-2308896,3.852987,4.926029014810001,4.909512,4.897719341418951,5.249943128250001,5.154248,5.042840019831723,4.5751495,3.2025905,3.3812013,3.5380158,3.340069977,1.48779725,4.06429075
2,4,IXNDBORQXCOCSN-UHFFFAOYSA-N,OCNT-2309596,4.0246925,5.060121793429999,5.1539326,4.840975041464768,4.691469764450002,4.958229,4.004656803391148,4.218066,3.643876,4.6200294,4.582472,6.39124083,6.29897,6.484425
2,4,IYEIFBZHWULNCV-UHFFFAOYSA-N,OCNT-2312641,4.33729,4.302817189450002,4.4106884,4.5033928831843495,4.7338418886100015,4.93187,4.623559103043942,4.2152834,3.8146024,4.237123,4.4866753,1.953003667,1.0544675,3.14757
2,4,JBYHKBDJPAJRIB-UHFFFAOYSA-N,OCNT-2312074,5.170852,5.303072070090001,5.312979,4.877555941279558,4.660171376230002,4.6686406,5.086656957643093,4.7151403,5.3242164,5.099348,5.416828,6.414860137,6.333787,6.49827375
2,4,JGPMMRGNQUBGND-UHFFFAOYSA-N,OCNT-2328337,4.2825847,5.241908564869999,4.9529877,4.917498659956098,4.56581084643,4.6983156,4.633195909557959,4.201585,5.14533,4.334584,4.2641354,5.509644433,5.42974425,5.61196125
2,4,JIIKEJGWMPEPPB-UHFFFAOYSA-N,OCNT-2310235,5.10248,5.306994864590001,5.1294913,4.634648266121577,4.81346750066,4.6686406,4.939744768768629,4.843074,5.1266565,5.2747545,5.317127,4.303932018,4.06191375,4.64831275
2,4,JJJJVJUOKHUIHD-UHFFFAOYSA-N,OCNT-2311688,5.036526,5.485935396300004,5.3283734,5.253324878294593,5.440704464609997,5.023983,5.484240403304684,4.9065757,4.6757264,5.105403,5.1068034,5.387222525,5.16734025,5.5568215
2,4,JKZVPHGLLHOJCU-UHFFFAOYSA-N,OCNT-2316877,5.1122885,5.236084805469999,5.147121,5.216881688611123,5.0941860082,5.1901064,5.233487787145117,4.6785097,4.9105825,4.839444,5.03513,3.913808465,3.49149225,4.54212175
2,4,JMNYNFDFEMFFTN-UHFFFAOYSA-N,OCNT-2314488,5.075802,4.7750862078699985,4.2987022,4.331164220336584,5.37193015004,5.023983,5.252202132635032,4.7774878,5.6061287,5.2082443,5.289997,4.938106148,4.72858825,5.168512
2,4,JMXRCYKGNHZSPJ-UHFFFAOYSA-N,OCNT-2317761,5.7120643,5.896930204830003,5.720143,5.552598511246812,5.589646118779999,5.0622187,5.436112855615946,5.324442,6.2287126,5.652663,5.826479,5.91937032,5.81805,6.01809475
2,4,JOBIHDLHMORTRY-UHFFFAOYSA-N,OCNT-2313198,4.4929776,4.66108325599,4.695081,4.714460909862183,5.0031523392200015,4.9607835,4.67568401615965,4.5404415,4.401361,4.8884363,5.220316,6.576043718,6.49806,6.656749
2,4,JOPBSAHUSCUUCN-UHFFFAOYSA-N,OCNT-2315261,5.508941,5.795140661899999,5.212768,5.613264369622121,4.770246915300002,4.998308,4.9195182265349,4.883735,5.567807,5.6911116,5.608243,6.300731918,6.21410775,6.38368975
2,4,JOYGWYISRWPUIM-UHFFFAOYSA-N,OCNT-2309940,5.545375,5.250260007990004,5.147121,5.467951200723306,5.306652733589999,5.023983,5.249003836236909,5.2824907,6.071889,5.3943286,5.5162706,6.960038212,6.880699,7.0398015
2,4,JQGRCFSKLLFIPC-UHFFFAOYSA-N,OCNT-2308847,3.999086,4.74999740596,4.4547477,4.331694286948357,4.500280287210001,4.6983156,4.79148731776704,4.2972136,4.138429,4.228565,4.5327797,3.98482508,3.57708475,4.523651
2,4,JQXBWGKXKGRNEM-UHFFFAOYSA-N,OCNT-2317331,4.8872676,5.086294264969999,5.0767365,4.936998622361481,4.6760685891800025,4.9607835,5.009820459641113,4.2261677,4.4268794,4.7902775,4.8797536,6.399278052,6.3067815,6.49243275
2,4,JVSOGURKRNBPMA-UHFFFAOYSA-N,OCNT-2312595,4.712248,4.841717892359999,4.766818,4.895361745201135,4.74088902711,4.93187,4.593799947874352,4.3917847,5.0619073,4.694463,4.8848763,4.861658288,4.73135075,5.0027055
2,4,JXWZKTCUNRLGCD-UHFFFAOYSA-N,OCNT-2315616,4.7141943,5.298867587819999,5.0767365,5.053404474250608,4.96669074948,5.259757,5.089820783895887,4.3302054,4.6770153,5.1889763,5.149423,5.403267787,5.28731525,5.50438
2,4,JYNPDVCZRJWTPX-UHFFFAOYSA-N,OCNT-2314061,5.6158175,5.597708077139999,4.9104176,5.058964659678268,5.229725396919999,5.441461,4.987759101861875,4.892394,5.425097,5.273817,5.5489564,2.29687258,1.0574715,3.63900625
2,4,JZKCGQFNKIROBD-UHFFFAOYSA-N,OCNT-2308682,5.3498836,4.8473367574500035,4.5018888,4.8586994228477005,5.249331885049997,4.7747226,4.789796387047798,4.7361193,5.238031,5.0243278,5.3168845,6.125472485,6.00954975,6.243253
2,4,KLXUZEOQTNJRRF-UHFFFAOYSA-N,OCNT-2314875,5.3315973,5.3496752119699975,5.312979,5.472651556777742,5.403149773729998,5.023983,5.7802135804576125,4.87586,5.5123615,5.450468,5.4309945,4.88428075,4.685902,5.0985825
2,4,KMZYUSCVDZNVTP-UHFFFAOYSA-N,OCNT-2309138,5.423018,5.16572476216,5.1297197,5.332233861671926,5.243832766219999,5.1901064,5.34963270246396,5.056484,5.426348,5.0310135,5.3594155,5.58659819,5.496862,5.67991575
2,4,KOULUEUAIZCSHA-UHFFFAOYSA-N,OCNT-2314692,4.038679,4.571344183100001,4.766818,4.9179525091177645,4.2241118039600005,4.6983156,4.677221130230852,4.225302,3.4602642,4.089472,4.2010574,4.02754536,3.61321575,4.456268
2,4,KQTDCJOXKAQMHS-UHFFFAOYSA-N,OCNT-2316290,5.491914,5.609463688509999,5.224317,5.323102199188349,5.44529772281,5.023983,5.45407902547592,5.14457,5.891859,5.297703,5.6046762,5.864576545,5.7596595,5.97610725
2,4,KWIFZAZOFYUVCZ-UHFFFAOYSA-N,OCNT-2311542,3.731369,3.8465536891400025,4.1799226,4.280499888834208,4.6187199331299995,5.1405134,4.733886468657585,3.9920926,3.0371356,3.789358,3.8618155,2.542144535,1.09209275,3.8358955
2,4,KXMATESBGAVCSV-UHFFFAOYSA-N,OCNT-2314567,5.468802,5.450714554660002,4.9498034,5.524239234859988,5.513253370989999,5.1901064,5.825721267115794,5.175305,5.8008885,5.3073635,5.6991463,5.245688108,5.05624975,5.395694
2,4,KXUZCHWWDWUSLP-UHFFFAOYSA-N,OCNT-2309355,4.757474,4.9568756038599995,4.766818,5.037366388422215,4.751852265549998,4.93187,4.777675161303581,4.482047,4.845213,4.5282063,4.8768616,4.03319713,3.6405165,4.40368625
2,4,LEQOABJBJQUSIJ-UHFFFAOYSA-N,OCNT-2310448,4.8577867,4.731359683479999,4.930448,4.775835309411637,4.702761046540001,4.720224,4.94499346724628,4.525765,4.584145,4.5826097,4.785574,5.011973475,4.8121245,5.185843
2,4,LGGPCNPPIONCGS-UHFFFAOYSA-N,OCNT-2312600,5.3106236,5.436394094550001,5.147121,5.316966265741513,5.085892705590001,5.1901064,5.22665478046506,4.859649,5.505427,5.0179935,5.2402363,5.561736565,5.4632625,5.65505175
2,4,LHTZKKBQVHDQAX-UHFFFAOYSA-N,OCNT-2311086,4.9361763,4.363459564620001,4.743497,4.803482116316315,4.605411586440002,5.3075566,4.380311474121676,4.5826116,5.0378056,4.9223685,5.0012584,5.13098404,4.982878,5.2490225
2,4,LMSNKMVPMRZZCB-UHFFFAOYSA-N,OCNT-2308510,4.652773,4.8557592867,5.2114515,5.267075815422342,4.72102933535,4.6686406,4.938479314823369,4.404636,4.1816225,4.2860427,4.5767,3.874486005,3.41318075,4.340715
2,4,LMUJWKIRCRWFKF-UHFFFAOYSA-N,OCNT-2312363,5.5999537,5.834340640720003,5.4989786,5.79370149502185,5.401252498810003,5.1901064,5.631219766269926,5.219747,5.899914,5.5600023,5.669498,5.874935857,5.7836255,5.96169825
2,4,LSRTWYOTIFENKS-UHFFFAOYSA-N,OCNT-2313910,4.91022,5.351585176650001,5.0767365,5.184168253816801,4.892295754610003,4.6686406,4.576704526124319,4.68831,5.210921,5.0998993,5.1883173,4.459490872,4.1860425,4.857761
2,4,LTRJHORZTQFBPV-UHFFFAOYSA-N,OCNT-2315565,5.746374,5.408666515210001,5.312979,5.692044435432461,5.4058166287,4.9325404,5.351032640316517,5.3533154,6.0441303,5.646366,5.6599913,5.963513977,5.85939,6.06322
2,4,LVSFHOYLHXXXOV-UHFFFAOYSA-N,OCNT-2310923,5.0543246,5.12820094745,5.1539326,5.189556305886917,5.311873579029999,5.023983,5.272253802412711,4.7972174,5.628374,5.2993326,5.457648,5.323121803,5.203787,5.42451275
2,4,LYFIKCJKVMVQLU-UHFFFAOYSA-N,OCNT-2312787,5.210843,5.30192594015,5.235783,5.260051808463743,4.82522295423,4.958229,4.590955457623276,4.8987794,4.8951273,4.9516,5.004921,4.77281201,4.60132975,4.956841
2,4,LYXHVLLAGHBGEM-UHFFFAOYSA-N,OCNT-2309077,4.2826962,4.978964428450001,5.0767365,4.844581989426134,4.621523026179999,4.9869804,4.882831077763877,4.180391,4.6167192,4.6262693,4.6946573,5.30529893,5.171327,5.41458075
2,4,MCLMRJSNYOWEOE-UHFFFAOYSA-N,OCNT-2311709,4.7582984,4.867637922000003,4.9806967,4.769976282631905,5.380183400549999,5.0622187,5.206820175224416,4.6805754,4.853965,4.4800096,5.098621,5.237559848,5.0844385,5.36884975
2,4,MGJNCYUVHHDOCG-UHFFFAOYSA-N,OCNT-2312826,4.952105,5.14857150638,5.0292964,4.839363360543357,5.041046432929999,5.1901064,5.241874725184883,4.7937956,5.1780763,5.272999,5.0258927,5.190381702,5.03885525,5.33709675
2,4,MGNXSCOULZVGLZ-UHFFFAOYSA-N,OCNT-2314937,4.9421887,4.8371021712200015,4.9806967,4.857760348031416,5.306101544559998,4.9325404,5.349515422154167,4.8326144,5.2799244,4.7618856,5.2152815,5.193755937,5.003672,5.370302
2,4,MMLZNFQNQIQUTD-UHFFFAOYSA-N,OCNT-2315602,5.4218764,5.302251570929999,4.9408655,4.950031065726801,5.535192625199996,5.154248,5.552648914577397,5.1643853,5.457375,5.713908,5.317007,5.089955452,4.8919265,5.26127525
2,4,MMSHALYOJMLWFN-UHFFFAOYSA-N,OCNT-2312485,4.920551,4.973138476280002,5.675658,5.009578531410255,4.763257587880002,4.998308,4.694944195270098,4.5684066,5.000566,4.464226,4.978428,5.168842752,5.0245185,5.29288175
2,4,MNKMGNDBLJMEEX-UHFFFAOYSA-N,OCNT-2312720,5.037157,5.076489954700001,5.0292964,4.748054388510439,4.969917368350001,4.958229,5.174448888959815,4.7792025,5.096085,5.2563267,5.4223,5.300728757,5.205458,5.38708275
2,4,MNPYESDKOVWXSR-UHFFFAOYSA-N,OCNT-2313895,4.4133196,5.139270871840003,5.0767365,5.0777639234630065,4.719253844119999,4.6686406,4.4735347036865525,4.4905667,4.5476456,4.807576,4.492765,5.363035167,5.22641625,5.476608
2,4,MNXQQFJGACBPSP-UHFFFAOYSA-N,OCNT-2308900,4.9265385,4.8579056447200015,4.766818,4.535836403922384,4.702248740809998,4.9426394,4.581361014030996,4.6262007,4.718908,4.9462,5.242697,4.902761188,4.71260925,5.1117005
2,4,MQCGWNQRZSSMDW-UHFFFAOYSA-N,OCNT-2316397,3.5066113,3.9870788484599977,4.989152,3.832248474847465,4.5147164592000015,4.6686406,4.174355095833179,3.8923721,3.8121104,3.2445636,3.7868314,2.21808428,1.05438725,3.5727275
2,4,NCTLRULTXWYPMC-UHFFFAOYSA-N,OCNT-2317717,4.8168263,4.652713363040002,5.065708,4.660277400290623,5.376955958699999,5.441461,5.342569169520913,4.89761,5.3257008,5.200695,5.005986,6.574364715,6.48812875,6.65686025
2,4,NDFPYBQHVQZPMN-UHFFFAOYSA-N,OCNT-2313708,3.8519597,4.308983257380002,4.7594395,4.3498110114873025,4.149501345790003,4.6983156,4.122310589624104,4.2373395,3.0684633,3.8359582,4.1914787,1.976778238,1.03478825,3.3323695
2,4,NECXPRJZRYCKAT-UHFFFAOYSA-N,OCNT-2308649,5.4115186,4.771050504660001,4.9099865,5.337358186372054,4.633874081710001,4.7545743,4.233456237539931,4.884656,5.3904853,5.0484724,5.6174326,5.028129372,4.81764425,5.219309
2,4,NGTSBRMBKVYBED-UHFFFAOYSA-N,OCNT-2317171,5.091445,5.4368601479299965,5.101437,4.718032829241264,5.0487794614100014,4.9700737,4.68839063057304,4.7691493,4.902196,4.5718865,4.980936,4.644571005,4.370595,4.97074575
2,4,NHUSIRABIVGDSH-UHFFFAOYSA-N,OCNT-2317505,5.405363,5.720241022040001,5.4989786,5.833111128373491,5.169825499449998,5.054345,5.237706373065516,4.9987783,5.612228,5.677885,5.5287523,5.53182385,5.432236,5.63177075
2,4,NOQOCXKSVCBYIX-UHFFFAOYSA-N,OCNT-2314322,4.6440516,5.1955920221600005,4.99484,5.174174906188522,4.511109885070002,5.1405134,4.743160247503109,4.296095,5.038594,4.7052455,4.930182,4.90689459,4.725386,5.06053225
2,4,NPZPIMWHOCMQED-UHFFFAOYSA-N,OCNT-2316836,4.685883,4.65227672073,3.785225,4.090241784889392,5.290840679460001,5.154248,5.250689982347481,4.4077544,4.2965007,4.0888987,5.0187373,4.935100625,4.737256,5.105707
2,4,NSGIOGNBUWVPIZ-UHFFFAOYSA-N,OCNT-2309238,3.9610815,4.562544890550002,5.1802483,4.888718664230647,4.665490727580002,4.7557383,4.791224392838755,4.001064,3.76549,4.2302513,3.9203851,3.60950645,2.75629675,4.11254375
2,4,NVIPJYUDRHGQJO-UHFFFAOYSA-N,OCNT-2315331,5.3411317,5.17197659546,4.8487163,5.087806891801595,5.2254517180199995,4.9325404,5.174489407899742,4.8656125,5.125469,4.7302833,5.199278,5.693697885,5.503627,5.88284375
2,4,NXBAEKZVCZWXNN-UHFFFAOYSA-N,OCNT-2314691,5.0532503,4.970598907940001,4.9042535,5.085577280891213,4.66869601447,4.998308,4.65366379047502,4.4235864,5.2400107,4.663044,5.2075944,5.09154258,4.890926,5.294733
2,4,NYKSPKFMDXNRMC-UHFFFAOYSA-N,OCNT-2311166,4.9409337,4.4319238400800005,4.5231752,5.029726629802515,5.367793826219998,5.154248,5.440106292675475,4.875562,4.839218,5.0544863,5.176871,4.466695553,4.24395675,4.78458275
2,4,OBJGHGIIYVTWIJ-UHFFFAOYSA-N,OCNT-2317984,3.8690267,4.28315984986,4.799367,4.214258253723895,4.433911323680002,4.998308,4.903087292566409,4.122855,3.8158894,4.382403,4.050234,3.785064653,3.187364,4.20061575
2,4,OCTGYJIORZIWOI-UHFFFAOYSA-N,OCNT-2315468,5.27766,5.465294438730001,5.3565745,5.488486522941958,5.047480704750003,4.720224,4.979287479182603,4.9502735,5.535363,5.381986,5.4388933,5.262218208,5.1192675,5.3867015
2,4,OHGMMNADIQFRMU-UHFFFAOYSA-N,OCNT-2317822,4.217981,4.353471502080002,4.8930182,4.655421077401155,4.674631690080001,4.958229,4.556089046253401,4.10183,4.1273184,4.0842366,4.0832076,4.863501675,4.6210655,5.11102325
2,4,OKBJEKUWPWBPLC-UHFFFAOYSA-N,OCNT-2312414,5.4311285,5.425028299570001,5.312979,5.461289859334601,5.68876786028,5.0673237,5.480488380363964,5.1838083,5.668496,5.559449,5.670963,4.968917783,4.7617285,5.16433375
2,4,OMHAOJDUYGXDSF-UHFFFAOYSA-N,OCNT-2315875,5.5691175,4.938364245869999,5.0319757,4.923658676229709,4.805998981249999,5.038088,4.820907686770823,5.0290318,5.658639,5.0427823,5.4038677,5.938020847,5.8506525,6.02685675
2,4,OPPFQRUPYDGASZ-UHFFFAOYSA-N,OCNT-2310119,5.257765,5.40000904826,5.0410576,5.24125410676106,5.546228009119999,5.1901064,5.689466124286155,4.965677,5.539858,5.2979536,5.2701335,4.85225406,4.61622125,5.0039235
2,4,OQOVOJADYWLGMQ-UHFFFAOYSA-N,OCNT-2316591,4.336173,4.04110587146,4.39073,4.394792003367325,4.673153171779999,4.6686406,4.689589936909564,4.423382,4.676919,4.4900966,4.7828712,5.550957252,5.416853,5.67865675
2,4,OTBXOEAOVRKTNQ-UHFFFAOYSA-N,OCNT-2328401,4.9289355,4.957654001440001,4.9754925,4.83971873287073,5.43187520455,5.0673237,5.752822480570884,4.8889537,5.2138147,5.475228,5.3934603,4.847908695,4.6234795,5.091967
2,4,OVFKQWFQTXBVDX-UHFFFAOYSA-N,OCNT-2315517,4.999251,5.05258471448,5.1539326,5.046749700182002,5.38002970085,5.0622187,5.322323079733243,4.6803904,5.574256,5.1527796,5.089205,4.98168919,4.80122675,5.2082845
2,4,OWDWRNXWWTYROW-UHFFFAOYSA-N,OCNT-2312027,4.741119,4.304183141920002,5.1098075,4.811339581399684,4.467561368430002,5.3075566,4.971487184356928,4.5679536,4.7132945,4.4904118,5.00484,4.273069245,3.9650225,4.75035025
2,4,OYOZASXGHJLQNN-UHFFFAOYSA-N,OCNT-2312078,5.416551,5.0806250568700015,4.5855813,5.0298849081407555,5.1211010452800005,4.958229,5.8140751352831375,5.05709,5.834388,5.336545,5.65978,5.722540748,5.616379,5.82666275
2,4,OZWKMVRBQXNZKK-UHFFFAOYSA-N,OCNT-0497926,3.2995157,4.914352234720003,4.7682486,4.468339125533865,4.955194456879999,5.1901064,5.1524033512371785,4.562453,3.2205129,3.461043,3.6729465,5.295571237,5.129696,5.43806325
2,4,PALLJXRWIIGYCG-UHFFFAOYSA-N,OCNT-2314705,4.4051046,4.791107084279999,4.883086,4.978646364791298,4.61355504236,5.1405134,5.1648503275517905,4.2303905,5.065882,4.667793,5.0463486,5.432151835,5.28971575,5.547014
2,4,PGALJWIUWGHPQM-UHFFFAOYSA-N,OCNT-2312004,5.165972,5.299726198259999,4.6587806,5.2033544920741575,4.8121405734,5.087917,5.347175718029758,4.841013,4.786237,5.078389,5.162736,4.105272955,3.74131825,4.559268
2,4,PNIGJPMOIGYDGC-UHFFFAOYSA-N,OCNT-2310566,5.082152,5.335998083770001,5.217209,4.637552336273735,5.066641392920001,4.9607835,5.101001723835516,4.9048862,4.910813,5.017726,5.24608,5.582370968,5.44589975,5.708774
2,4,POBMXNGLHYMXJX-UHFFFAOYSA-N,OCNT-2315815,5.60461,5.585048981859999,5.22231,5.375887461810283,5.363565900410001,5.023983,5.062375747677357,5.1999483,5.885892,5.690237,5.693637,5.949862162,5.84295525,6.05939225
2,4,POERQIHEEDXADC-UHFFFAOYSA-N,OCNT-2316079,4.09922,4.282102159360003,4.644982,3.997078847065049,4.367315105119999,4.998308,4.304889186705117,4.004635,3.8615093,4.023515,4.3246927,4.780055948,4.6073285,4.9636
2,4,PPXSLCVJCJEMHV-UHFFFAOYSA-N,OCNT-2309532,5.306553,5.1250857985600025,4.766818,4.787033769169369,5.17707024962,5.023983,4.860698060704619,4.7710357,5.5289054,5.4701576,5.54864,5.089029995,4.9388955,5.216525
2,4,PQFHDPWCCVEQQJ-UHFFFAOYSA-N,OCNT-2313141,4.2377353,4.392447207519999,4.4760647,4.79863492489401,4.573732405900001,4.9335337,4.812933292252619,4.15111,4.408604,4.503357,4.400192,4.904995085,4.71597625,5.07963
2,4,PUKFDGJDVJPEOB-UHFFFAOYSA-N,OCNT-2314103,5.596996,5.270829539999999,4.960096,5.344203711838161,5.45499047075,5.0622187,5.4780338028324875,5.2388763,5.7973638,5.5357203,5.5658345,5.737406968,5.65318725,5.821298
2,4,QCDFBFJGMNKBDO-UHFFFAOYSA-N,OCNT-2328789,5.3827696,5.29452191684,5.217209,5.18320817136041,5.172778241089998,5.023983,4.749807850042819,5.36425,5.8714714,5.392059,5.4344697,6.62409317,6.53890975,6.707766
2,4,QCXDGKVEMUQEBP-UHFFFAOYSA-N,OCNT-2313258,5.7178288,5.25363639122,5.076776,5.253412264102638,5.0179861149,4.2437243,5.110188591091097,4.95916,5.5534143,5.19943,5.2411313,5.924096243,5.8380265,6.01346125
2,4,QEANUYNJYOTEEV-UHFFFAOYSA-N,OCNT-2314861,4.9796295,4.7350557146900005,4.587012,4.863330345860632,4.924593725770001,4.958229,4.798790335678195,4.7436814,5.724991,5.188488,5.137824,5.799931155,5.673454,5.91606525
2,4,QTAPQRDOUOSYMS-UHFFFAOYSA-N,OCNT-2314905,4.4795275,5.169615226750004,5.1138287,4.953240373414761,4.62180064983,5.054345,4.820617435143286,4.3438234,4.410318,4.4389844,4.558508,4.814014597,4.62742175,5.02245225
2,4,QWRGZZMJFDQUSJ-UHFFFAOYSA-N,OCNT-2310201,5.0018234,5.3223098870499985,5.312979,5.27621816151492,4.749069091470002,5.054345,5.072478850063692,4.6394033,4.987541,4.776264,5.1915665,2.82204377,1.16269175,3.8568105
2,4,QYFXAYDDKNNFAP-UHFFFAOYSA-N,OCNT-2314461,4.756442,4.869094561189999,4.9943624,4.437651636500064,4.600771687410002,4.687674,4.7277922551666105,4.6082873,4.577028,4.79392,5.042417,3.335483357,1.5084605,4.02498175
2,4,REFJWTPEDVJJIY-UHFFFAOYSA-N,OCNT-0436875,4.958111,4.701016802530002,4.4786906,4.523575905399523,4.53474232376,4.923423,4.734756709324748,4.594105,5.9957504,3.969108,4.816926,5.249563868,5.15387525,5.3281875
2,4,RJEFLQVTYYVNSJ-UHFFFAOYSA-N,OCNT-2312277,4.354576,4.761123680070001,4.968309,4.614341727065687,4.88807049013,5.087917,5.260707527404101,4.446607,4.3684535,4.289504,4.6149707,5.379924618,5.26215675,5.478853
2,4,RJXPZBSDBSSSRE-UHFFFAOYSA-N,OCNT-2314462,5.68695,5.71149055203,5.3033934,5.360191696617772,5.550626553139999,5.023983,5.594448571639752,5.2491555,5.852631,5.7335644,5.581677,5.02937702,4.843191,5.216357
2,4,RMOQOPSUZCJLMR-UHFFFAOYSA-N,OCNT-2308474,5.6247363,5.23218327554,5.048758,5.215003223346818,5.356611285220001,4.4905443,5.428250033134035,5.2040024,5.874967,5.276836,5.6428957,6.01210488,5.90614975,6.1220405
2,4,RNOXAHDIXCUOSV-INIZCTEOSA-N,OCNT-2310393,4.5005784,4.703862769460001,4.644982,4.424641016433733,4.346862285110001,4.879918,4.1178106439026125,4.3687916,4.8002105,4.541106,4.842591,3.75245673,3.23733875,4.2869545
2,4,ROQPQFXWBJCFRO-UHFFFAOYSA-N,OCNT-2311155,5.5314245,5.201093369890001,5.1539326,5.326470991822812,4.988761340580002,5.054345,4.974720035260605,5.072471,5.577879,5.1210566,5.505555,4.924306595,4.72222,5.14770425
2,4,RPSCLEMAMVXMHA-UHFFFAOYSA-N,OCNT-2318680,4.7466598,4.880410692580003,4.970673,5.161003682483586,4.865876952959999,5.1901064,4.850194589141985,4.4799633,3.9165192,4.9667907,4.934691,5.309533675,5.1898385,5.412356
2,4,RPUPJYABVMMEOG-UHFFFAOYSA-N,OCNT-2317577,4.7578907,4.274497298380001,4.233047,4.195178180400977,4.4901769699099985,4.998308,4.89816481347275,4.235945,4.9811234,4.625662,4.873744,6.171167073,6.0614375,6.2762925
2,4,RQZMYCXAAQBDIN-UHFFFAOYSA-N,OCNT-2313469,5.362405,5.02730640026,4.919562,4.981068748299133,5.25714773983,5.023983,5.32961066530029,4.829797,5.43129,5.2581296,5.437549,5.471783767,5.37030075,5.56906125
2,4,RRLNFLKKTZKLGB-UHFFFAOYSA-N,OCNT-2310088,5.3445764,5.1268745345200015,5.0132174,4.960268102462847,4.6236293047500014,5.140929,5.2578399266599325,4.7742877,5.0787344,5.1389947,5.4950805,5.749697375,5.65747925,5.84186325
2,4,RSPCESQETIRETP-UHFFFAOYSA-N,OCNT-2310409,4.4499865,4.951446841229999,4.766818,4.68738029696277,4.596132519820002,4.9335337,4.853213246050948,4.4875474,4.732476,4.6495824,4.8937945,5.165969945,5.0121675,5.29462725
2,4,RTWDTWBKBKIPLM-UHFFFAOYSA-N,OCNT-2309879,5.098914,4.86941360115,5.0767365,4.961820533238289,5.1651739809900015,5.023983,5.21028396759634,4.7186675,4.93995,4.6651917,4.890238,5.027380925,4.854339,5.19596525
2,4,RWKORWAMCYMUGF-UHFFFAOYSA-N,OCNT-2309854,5.328312,4.935738478959999,4.86527,5.025286684203859,5.06912912892,4.93187,5.213110553257483,4.738537,5.0046897,4.8345184,5.312583,4.007750837,3.577536,4.29101125
2,4,RXLYLRXSZARXIK-UHFFFAOYSA-N,OCNT-2315106,5.503952,5.18855433597,5.1539326,5.408965410633508,5.4694462792100005,5.154248,5.622473184884753,5.2645016,5.3310137,5.621502,5.5541143,6.117238633,5.9641575,6.28835575
2,4,SADXXGGPSUJOJL-UHFFFAOYSA-N,OCNT-2312197,5.038296,4.398664152340001,4.5196643,4.662234738003736,4.901972157390001,4.9607835,4.819275199322739,4.631767,5.0987115,4.699066,5.0355015,5.109189215,4.922453,5.29690575
2,4,SCENQOKIKYBZGN-UHFFFAOYSA-N,OCNT-2314482,5.4069624,5.202082154959999,5.1539326,5.215204640255618,4.974281508169999,5.027485,4.643502898152913,4.9666595,5.4094253,5.6600823,5.408279,5.075178525,4.90339475,5.231537
2,4,SGAGKBYBXBBBFW-UHFFFAOYSA-N,OCNT-2314588,5.3099957,5.4765137618,5.096174,5.255322649157135,5.482345467299998,5.154248,5.7471820957313255,5.201112,5.44037,5.095471,5.288247,6.58745454,6.461657,6.708365
2,4,SIHYQFFHCDJFTH-UHFFFAOYSA-N,OCNT-2311111,5.510251,5.21704039588,5.1539326,5.112649914323287,5.3703757989300005,4.9325404,5.240849978241826,5.113345,5.165146,5.347481,5.4152894,4.937395183,4.71643275,5.109686
2,4,SJDGSALYCQVKOO-SHTZXODSSA-N,OCNT-2310684,4.5719614,4.673473586360001,4.311107,4.569730182185517,4.538701136850001,4.6686406,4.721392641539178,4.6298437,4.1780343,4.334769,4.6677046,4.902856362,4.691437,5.1296805
2,4,SNCVEOXAGGEZHI-UHFFFAOYSA-N,OCNT-2308483,5.7875404,5.535327023309998,5.4989786,5.578912501314429,5.360342823469998,5.023983,5.17525721551704,5.348989,6.1018496,5.6713414,5.602663,5.34602963,5.2027785,5.461605
2,4,SOQAWCGRVMSITC-UHFFFAOYSA-N,OCNT-2318633,5.3180065,5.498096587780001,5.217209,5.140493649759199,4.598776150410001,4.9607835,4.953908944405972,4.826031,5.5652466,5.3040295,5.513655,5.111750823,4.88882425,5.2932495
2,4,SRMDCSISGATUPS-ZBFHGGJFSA-N,OCNT-2313571,4.3970556,4.6195761383,4.719744,4.413494282268345,4.438545135680003,4.9607835,4.871790535879396,4.580203,3.582446,4.0820847,4.1570916,4.236307218,3.9649505,4.61957175
2,4,STVYLEUNMSOYBO-UHFFFAOYSA-N,OCNT-2316848,5.1924424,5.179806675049999,4.799367,4.916919855622545,5.26220809817,5.023983,5.223468673051113,5.0320725,5.7352166,5.5539484,5.2326593,5.276943913,5.12226225,5.41236725
2,4,SYXTXXKDVIEGLV-UHFFFAOYSA-N,OCNT-2310458,5.62266,5.256383293819999,5.1294913,4.910745893072577,5.172221646029999,4.958229,5.162939031154273,5.0328536,5.6478596,5.446801,5.595892,5.415105497,5.29188,5.52425225
2,4,TULLPNOZEUPQFX-UHFFFAOYSA-N,OCNT-2316189,5.220153,4.5775700073599985,4.9030523,4.812567309627457,5.023809161529999,4.958229,5.120524611272181,4.829602,4.697527,4.9410863,5.344572,5.466720575,5.317236,5.6001605
2,4,TZKKMLHKYBWIQU-UHFFFAOYSA-N,OCNT-2313060,4.746614,4.513151421559999,5.1539326,4.887432719146259,4.851187299250001,4.6686406,4.5585537514883185,4.7078195,4.8042774,4.5082364,4.904485,4.808401395,4.63878675,5.0046065
2,4,UDOYRVCSKHMUCD-UHFFFAOYSA-N,OCNT-2310028,4.6109557,5.197451094110002,4.808462,4.871097265483251,4.68018009656,4.958229,5.251853387799624,4.40279,4.271208,3.81247,4.7612543,3.170949508,1.277233,3.994733
2,4,UEFZCHIJYQFTCX-UHFFFAOYSA-N,OCNT-2311357,5.1461987,5.317448894810003,4.9547796,4.673844135861061,5.204617848699997,4.93187,4.693627501160387,4.7915587,5.509371,5.3941402,5.4702063,5.833084357,5.7327775,5.93208225
2,4,UHSCQJNPWIVPJV-UHFFFAOYSA-N,OCNT-2316044,3.457588,4.11111332395,4.233047,4.2787785564027745,3.938506990830001,4.6686406,3.8426443332746185,3.6950579,3.1586437,3.9059188,3.814362,3.042917802,1.27982475,3.93402775
2,4,UISBDOVUEJVHOM-UHFFFAOYSA-N,OCNT-2309684,4.6998415,4.93343835856,5.0292964,4.834448932562817,4.912999597639999,4.958229,4.895928023775432,4.5706487,4.3117056,4.8314676,4.9269824,3.929221478,3.512783,4.35472325
2,4,UVSGZYBPFLKLFY-UHFFFAOYSA-N,OCNT-2317966,4.843475,4.947360721300001,5.0767365,4.934988986380485,4.559369451789999,4.9700737,4.307348680592965,4.566514,5.150602,4.818311,4.8551316,4.999697112,4.80113075,5.19338025
2,4,UWSWAMWLQLOZGQ-NHYWBVRUSA-N,OCNT-2314140,4.3456273,3.980919654090002,3.8127046,3.781390873898108,4.77104808961,4.9607835,4.9222833611944425,4.414029,3.512982,4.388376,4.6011996,4.3257124,4.017745,4.79933025
2,4,UXZFQZANDVDGMM-UHFFFAOYSA-N,OCNT-2328673,5.286229,4.947965266660001,5.217209,4.774861605156745,5.079901174919998,4.923423,4.9154908426342905,5.2670507,6.0470066,5.2397814,5.171957,7.189312418,7.09876425,7.2795925
2,4,VAZPOTJURGQWAP-STQMWFEESA-N,OCNT-2311225,4.622635,5.29908455885,4.8710537,5.203580693496099,4.770755364020001,4.6686406,4.963450912665693,4.6877875,4.7138915,4.963837,5.1489305,5.238585815,5.0394995,5.3953055
2,4,VCDIWEJDASRNMH-UHFFFAOYSA-N,OCNT-2314695,5.314452,5.748525794559999,5.2245803,5.8236246729962815,5.153985848280001,5.054345,5.462000667133936,5.001604,5.7774167,5.7840366,5.890616,5.186929785,5.0021465,5.34763225
2,4,VEDWULVMPQGUJG-DOTOQJQBSA-N,OCNT-2316971,5.211758,5.252750990959999,5.0767365,5.24037043539857,5.339635190499998,5.154248,5.018521405779664,5.097376,4.3090844,4.7558465,5.1853456,5.795675678,5.69690975,5.89578375
2,4,VGGFTXSHZAOJPX-UHFFFAOYSA-N,OCNT-2314160,4.778295,5.034481097009999,4.843362,4.770811533980487,4.868007952760001,5.140929,4.29553471900938,4.427067,4.4557834,4.5999255,4.7849507,4.898082708,4.68701625,5.07983075
2,4,VHOGYURTWQBHIL-UHFFFAOYSA-N,OCNT-0494012,5.2250824,5.499342674640004,5.1400127,5.050208954444605,4.860548014629999,4.6686406,5.013663262682247,4.7878413,5.829361,5.2688875,5.4133105,5.802336085,5.6925135,5.91037875
2,4,VIFGVQZFHRGOSS-UHFFFAOYSA-N,OCNT-2313008,4.322186,4.744832552169999,4.766818,4.489870667174488,4.653228060550001,4.5831237,4.58910957407567,4.1856313,4.5700912,4.4781446,4.5926867,4.788514433,4.63876825,4.9591405
2,4,VIKCJJDTCVKRPK-UHFFFAOYSA-N,OCNT-2314257,5.001759,4.64189625141,5.1539326,4.959042595173271,4.92355153886,4.7557383,4.684468640306911,4.8176527,5.223911,4.797309,5.0618033,4.433970477,4.1978315,4.7713325
2,4,VMMAOGVIBOQCRR-UHFFFAOYSA-N,OCNT-2314574,3.8761005,3.9679932393399984,4.2173986,3.9162266551281184,4.210153731440001,4.9607835,4.365889594267476,3.9587512,3.898287,3.9224534,4.1243553,2.4750014,1.0474595,3.783307
2,4,VNCFAVVBLJJAFO-UHFFFAOYSA-N,OCNT-2310831,4.3365107,4.638443926330002,4.766818,4.595915493956195,4.569368519190002,4.958229,4.275194383672144,4.2369566,4.3097553,4.298883,4.2381277,3.170170773,1.2189225,4.027455
2,4,VTXQAUDKIYUBRI-UHFFFAOYSA-N,OCNT-2310018,5.3043003,5.053733028510003,5.0292964,4.726964061513169,4.911150275540001,4.370206,5.120865293674047,4.8111987,5.421512,5.210521,5.481217,5.32895928,5.218908,5.42058075
2,4,VUODWNPUQSCMQY-AWEZNQCLSA-N,OCNT-2316025,4.9719386,4.978740548530002,5.1539326,5.17621879385557,4.60719102695,4.9961643,4.623438246941636,4.530122,4.9592843,4.8879247,5.0303183,5.166115375,5.00052775,5.3012245
2,4,VUPKSBXFZNHHPW-UHFFFAOYSA-N,OCNT-2313833,4.121382,4.476692764600003,4.719744,4.29522705280671,4.396025494270001,4.6686406,4.185001438239926,4.2416854,2.9345598,3.6764107,4.3410544,2.738524978,1.17873675,3.83445925
2,4,WAZMOIHQXCAEEA-UHFFFAOYSA-N,OCNT-2314329,5.405046,5.16392260174,4.970399,5.172517762617479,5.050869218309999,4.234197,4.8799376842704705,5.0860496,5.5475044,5.2384696,5.467297,5.298937333,5.1018585,5.435942
2,4,WDFKMLRRRCGAKS-UHFFFAOYSA-N,OCNT-0495682,5.433889,5.406991417300003,5.217209,5.2000604805779975,5.237388116250002,5.023983,5.269693995176198,5.3380713,5.4645147,5.714344,5.594495,5.616129457,5.50979875,5.714821
2,4,WDZVGELJXXEGPV-UHFFFAOYSA-N,OCNT-2328395,4.909239,5.020796875479999,4.8824396,4.782601152918692,4.403215573539999,4.9607835,5.17817560665325,5.2159476,4.540479,5.286584,5.092486,4.925579965,4.71907425,5.1708415
2,4,WEEGQGAXYCRQAE-UHFFFAOYSA-N,OCNT-2316408,4.9114923,5.0178656990800015,4.8951206,4.96958463944831,4.390584039649999,4.720224,4.237764570057161,4.428118,4.556595,4.732311,5.190814,4.953476455,4.74475925,5.18940875
2,4,WFFVJHDLDVRRLG-UHFFFAOYSA-N,OCNT-2315652,5.7467747,5.733374821569999,5.70792,5.706779807004795,5.347465549589999,5.023983,5.432822637271593,5.3006916,6.3999796,5.7096157,5.785208,6.038040677,5.93912,6.1340625
2,4,WFGBFNNEVGBDAM-UHFFFAOYSA-N,OCNT-2315005,4.190182,4.22213824102,4.7654586,4.512476922550346,4.3431571194200025,4.9607835,4.56346073433184,4.1021624,3.500976,4.338459,4.3443117,5.023546825,4.85567775,5.19657375
2,4,WKLFNRWGRUQSCD-UHFFFAOYSA-N,OCNT-2318324,4.7246323,4.642188454320001,4.766818,4.6377736156307074,4.949237120479999,5.054345,5.087762951393577,4.296774,4.6149,4.928732,5.213746,5.492727475,5.33729575,5.631643
2,4,WNBIMBZYKXPHFP-UHFFFAOYSA-N,OCNT-2313103,3.8929503,4.5537368672500005,4.468808,4.192151924925865,4.826427187569998,4.6983156,4.646775056369971,4.094067,3.5766335,3.9870048,4.315953,4.68350962,4.4684985,4.956299
2,4,WUWJAAKBDMWBPG-UHFFFAOYSA-N,OCNT-2309612,4.715277,5.032800142730002,5.0767365,5.227175005561809,4.771879228620002,5.259757,5.023325806663633,4.504026,4.1158667,4.8009505,4.8945365,5.372954847,5.2529995,5.47571575
2,4,WXPNDRBBWZMPQG-UHFFFAOYSA-N,OCNT-0022130,4.5539293,4.815220491280002,5.030727,4.949986166454064,5.061530468650002,5.1901064,5.162732030315206,4.634786,4.9807334,4.908727,4.8171906,1.932731887,1.04207375,3.17378075
2,4,XBHQNSQHLGDTSU-UHFFFAOYSA-N,OCNT-2314208,4.6980567,4.262389697950001,4.8987827,4.108334008898499,4.993510122590001,4.93187,5.116691271958775,4.2246966,5.3057714,4.961046,4.932449,4.88711199,4.72917175,5.07551175
2,4,XEDRHVSLJMQZHC-UHFFFAOYSA-N,OCNT-2314739,4.7471337,4.94614739873,5.0292964,5.190009667118747,5.045341080259999,4.958229,5.270126081341891,4.7171,4.2866735,4.6037235,5.0391145,2.695982695,1.14261875,3.83495525
2,4,XEKMKJZNWPOJIH-UHFFFAOYSA-N,OCNT-2311661,4.9620824,5.47558309524,5.096174,5.311950398933292,4.82316381839,4.958229,4.713549565524309,4.865394,5.017239,5.164645,5.3216615,5.844798747,5.72407575,5.9665755
2,4,XMGORMGYUQDAAL-UHFFFAOYSA-N,OCNT-2316976,5.715904,5.35381524126,5.617178,5.011906015888504,5.595730286920002,5.023983,5.5546728777516705,5.31504,6.1664076,5.7246814,5.7169127,6.396199915,6.315624,6.475521
2,4,XPOQHMRABVBWPR-ZDUSSCGKSA-N,OCNT-0493927,5.527562,5.270257043980003,5.1539326,5.2749964675901735,4.599640829590004,4.6983156,4.699546324250997,5.0865684,5.210295,5.9383764,5.8104396,4.865116112,4.76793675,4.97192125
2,4,XREKWVNCWBAPHQ-UHFFFAOYSA-N,OCNT-2318236,4.999326,5.246060232739999,5.0767365,5.066362287877591,4.68352648737,4.958229,5.0122256618130026,4.7740946,5.0460916,5.1110945,5.3795176,6.25668999,6.1513185,6.3565695
2,4,XVEOZZDPTYFUNW-UHFFFAOYSA-N,OCNT-2312847,4.6749463,5.116056039280001,4.5575366,4.844486375275849,4.98488798454,4.6686406,4.610678766214218,4.616097,5.06394,5.1187725,5.055353,5.38314478,5.28171675,5.4800435
2,4,XWXYUMMDTVBTOU-UHFFFAOYSA-N,OCNT-2328827,4.4248767,5.225935770109999,4.907368,4.899701382136808,4.728287761970002,4.958229,4.769462688227052,3.9667556,4.2655535,4.6489773,4.7776127,5.103808697,4.90876575,5.28727525
2,4,YCKQLOFLKFDRSW-UHFFFAOYSA-N,OCNT-2316507,4.756459,5.006879393279998,5.1539326,4.873858292899413,4.681181727810002,4.9607835,4.803673252197115,4.4561033,4.566654,4.877616,5.105995,3.828016938,3.27106575,4.25768675
2,4,YDUMGNGGWDIRDZ-IERDGZPVSA-N,OCNT-2318411,3.9489102,4.081896457380001,4.7654586,3.912056971531331,4.50988059868,4.798729,4.026839520842897,4.010548,3.6763601,4.064562,4.1216536,5.020332697,4.6879495,5.24736025
2,4,YENIUINOCHUVDI-UHFFFAOYSA-N,OCNT-2313749,5.2952337,5.246688749490002,5.001793,5.255585770990878,5.096802332720004,4.7747226,5.055728329490537,4.8170547,5.571066,5.3526096,5.4930935,4.65559707,4.55437925,4.7775815
2,4,YFMCBAIBXKSIAP-UHFFFAOYSA-N,OCNT-2309431,5.448351,5.1377382222,4.919562,4.983392590427414,4.7079046366699995,4.998308,4.853410468121478,4.729821,5.4051013,5.2131095,5.4881825,2.222225958,1.07159275,3.247804
2,4,YFWYLSQWPNJHAE-UHFFFAOYSA-N,OCNT-2310250,5.5853286,5.312097218,5.235783,5.234116138128303,5.0073433428400005,4.93187,5.150920013902507,4.9578705,5.6718364,5.488803,5.5991373,6.15710088,6.067354,6.24594525
2,4,YHTUZAYNHYDMMU-UHFFFAOYSA-N,OCNT-2313698,4.7791657,4.62687649344,4.9806967,4.8824555468152395,4.691986104070001,4.6686406,4.282401191727338,4.4715624,4.4769425,5.0329957,4.9995866,4.696802475,4.4374055,5.02768025
2,4,YIBRVQNCOSVETL-UHFFFAOYSA-N,OCNT-2311399,5.577472,5.6280284409600005,5.312979,5.394117737685249,4.912084838580002,5.054345,4.6396726408878655,5.0604033,5.6052575,5.533226,5.6705804,5.458028618,5.32738875,5.56715075
2,4,YIBXSPOOLBWSFH-UHFFFAOYSA-N,OCNT-2312140,5.591556,5.12548801325,5.1539326,5.405587309315554,5.113634715560001,5.023983,5.364683367398659,5.183487,5.3954406,5.517915,5.3956585,5.13349855,4.97867975,5.2688995
2,4,YIFDISNBBGKJKI-UHFFFAOYSA-N,OCNT-2316131,4.9523435,4.916459677799997,5.1539326,4.568755331809984,4.4581208740900005,4.998308,4.531603606718156,4.6530128,4.6308436,4.969767,5.234535,3.259691473,1.4471295,3.974862
2,4,YINKADFCKUPJHC-UHFFFAOYSA-N,OCNT-2311121,5.710199,5.51725117194,5.460356,5.311808979839563,5.534735540360001,5.1901064,5.235020644249071,5.1855636,5.65627,5.3448844,5.6514726,4.94613967,4.72075375,5.15577975
2,4,YKAIMSBMSJLSGC-YTPLPTRZSA-N,OCNT-2318659,4.6305237,5.012171422709997,4.970673,4.934640792626429,4.688700583559999,5.1405134,4.482293230788771,4.582909,4.300121,4.7114844,4.6233263,4.71938977,4.512231,4.97760025
2,4,YLVWRHXAIJGXAY-UHFFFAOYSA-N,OCNT-2313122,5.788121,5.701364363790002,5.4989786,5.7539284222687845,4.814185192730001,4.798729,4.707680250631016,5.1115217,5.56213,5.388072,5.676689,6.820619263,6.73601575,6.90963025
2,4,YMUVXJZNSRNYFL-UHFFFAOYSA-N,OCNT-2309635,4.9514046,5.458206826720001,5.2957854,5.624754250710931,5.298353094259999,5.023983,5.198070825944005,4.5711536,5.1969085,5.3277736,5.3004537,5.309551372,5.150656,5.4351405
2,4,YQQDONWJASNYLB-UHFFFAOYSA-N,OCNT-2308465,5.7274456,4.957298532250001,5.0526886,5.251791683211208,5.3718309477499995,5.023983,5.71333398457382,5.2854652,5.764387,5.531958,5.6361885,5.402595805,5.270519,5.52025025
2,4,YQVMJODBOIMZNF-UHFFFAOYSA-N,OCNT-2316696,5.246333,5.575999171130005,5.1962256,5.605120773498493,5.255135970460002,4.93187,5.356594994092624,5.028619,5.2710443,4.884378,5.3194146,4.99652576,4.77173675,5.165334
2,4,YRRHXQBCLVLMPM-UHFFFAOYSA-N,OCNT-2313241,5.660066,6.012485368849997,5.412424,5.696333635639861,5.494203903159998,5.1901064,5.706636915241946,5.341423,6.0766344,5.7424793,5.7471666,6.417337205,6.30101925,6.53877275
2,4,YRYRQKCRFQZBJZ-UHFFFAOYSA-N,OCNT-2308952,5.0095396,4.971581926540001,5.0767365,5.140306926688742,5.204861118950004,4.9325404,5.106067858089259,5.049251,4.977344,4.771118,5.0634484,5.513475127,5.4182835,5.59744075
2,4,YTAKQHOGKBKZCK-UHFFFAOYSA-M,OCNT-2309736,4.6018853,5.11414909354,5.0767365,5.089949502550247,4.763246331040001,4.6686406,4.17216102912784,4.416917,4.296306,4.7747283,4.5723276,5.024121013,4.88474725,5.1521525
2,4,YWHCPENBTKYQMF-UHFFFAOYSA-N,OCNT-2316345,5.41664,5.551686202030002,5.1900992,5.129322751887847,5.43875686072,5.023983,5.268279871237229,5.0477676,5.4946866,5.4653893,5.3504834,5.3855554,5.21654975,5.5377635
2,4,YXBIHWFOVVALKB-UHFFFAOYSA-N,OCNT-2309495,5.0528364,5.073991892000001,5.235783,5.253255643453644,5.029074109309999,4.958229,4.987468070504463,4.604803,4.2781734,4.5439053,5.1059437,4.300952497,3.990637,4.78283925
2,4,ZAFLASWCWZQRCU-UHFFFAOYSA-N,OCNT-2312749,4.80602,5.046753080559998,5.0767365,4.826102230948766,5.047168178190002,4.958229,4.725865119114385,4.6130795,4.932888,4.8700333,4.9750333,5.683443213,5.56124975,5.78490475
2,4,ZCDIGCDKQZKDJM-UHFFFAOYSA-N,OCNT-2316636,5.6296244,5.779896871929999,5.217209,5.189872611133598,5.2808070043900015,4.6983156,4.543989740369837,5.13305,5.9783554,5.638817,5.596061,6.496477975,6.405856,6.58613425
2,4,ZERZLZZXKXXCBL-UHFFFAOYSA-N,OCNT-2318376,5.478267,5.492448576440003,5.1297197,5.191259126716049,4.8932426230600035,4.6983156,4.941439250300136,4.833498,5.087255,5.579561,5.622702,5.18644016,5.00179475,5.36865475
2,4,ZEUITGRIYCTCEM-KRWDZBQOSA-N,OCNT-2328864,5.4894767,5.392797657420001,5.235783,5.357781910479817,5.266337094090001,5.0622187,5.269784166027432,5.306777,5.2670407,5.5721164,5.4801636,5.436967443,5.34864825,5.52017575
2,4,ZFXKUGZDRRZDIF-UHFFFAOYSA-N,OCNT-2316883,4.8890224,5.101290900399998,5.1539326,5.253876772924537,4.7185749653,4.9869804,4.193180719463639,4.436891,5.2523646,4.9924526,5.31356,4.957356735,4.78570375,5.08531675
2,4,ZNVAMOPQLIAHRK-UHFFFAOYSA-N,OCNT-2317360,5.078913,4.9662762366,4.919562,5.157861917355487,5.451737432970001,5.0622187,5.6556439568147,4.5231876,4.3408012,4.5090337,5.100036,5.994423402,5.90120875,6.09031925
2,4,ZUXABONWMNSFBN-UHFFFAOYSA-N,OCNT-0022129,4.7154226,5.057311626760001,5.0304756,4.584543543920901,5.072127535120001,4.9908934,5.3278583673978135,4.71948,4.990007,5.0013733,5.0843644,3.86440727,3.398772,4.4576375
2,4,ZVSJITCJAVGKLB-UHFFFAOYSA-N,OCNT-2318347,4.7487106,4.7210654748000005,4.39073,4.300525643968479,4.575825485540001,4.720224,4.4429672747178035,4.5459175,4.495304,4.7481394,5.256946,4.814454977,4.55548875,5.051727
2,4,ZWOVGQYLIWWRCA-UHFFFAOYSA-N,OCNT-2313183,5.30129,5.361442105760003,5.312979,5.436901939313197,5.346764702170002,4.9325404,5.725234984231668,5.039394,5.7812514,5.4314337,5.2713675,5.686359722,5.59121925,5.77516225
