Molecule_Name,inchikey,CYP1A2_pIC50_direct_inhibition,CYP2C9_pIC50_direct_inhibition,CYP2D6_pIC50_direct_inhibition,CYP3A4_pIC50_direct_inhibition
OCNT-0021943,QZAYGJVTTNCVMB-UHFFFAOYSA-N,4.684139830613463,3.9304248647431543,5.245883847317413,3.8969105399451096
OCNT-0022066,IENZQIKPVFGBNW-UHFFFAOYSA-N,3.8496772157189723,4.689404550371145,4.46075302802552,4.3262923402857885
OCNT-0022127,LNEPOXFFQSENCJ-UHFFFAOYSA-N,4.109028364191369,4.62255549802003,5.013996753616467,4.4510855778792875
OCNT-0022129,ZUXABONWMNSFBN-UHFFFAOYSA-N,3.8219783050831144,4.624082304244831,4.851230348343401,4.00393697839246
OCNT-0022141,KLBQZWRITKRQQV-UHFFFAOYSA-N,5.0293009033177185,4.881873399010049,5.037009181083504,4.752389121595105
OCNT-0022234,YRCWQPVGYLYSOX-UHFFFAOYSA-N,4.424899988364525,3.5826230207221537,5.264453853737206,2.7498480352117065
OCNT-0022246,ZEWQUBUPAILYHI-UHFFFAOYSA-N,4.598110341751231,4.870673171532754,5.319832010104058,4.687460025303029
OCNT-0022266,PWWVAXIEGOYWEE-UHFFFAOYSA-N,5.064484035700064,4.31091480618078,4.936851623595559,4.356973420000552
OCNT-0022268,WIKYUJGCLQQFNW-UHFFFAOYSA-N,4.63357602505213,4.721166912301679,5.274737437388011,4.5326004441859675
OCNT-0022314,FPCCSQOGAWCVBH-UHFFFAOYSA-N,3.331223859157411,4.533003485631856,5.001461064959395,4.287563761455589
OCNT-0022316,VCKUSRYTPJJLNI-UHFFFAOYSA-N,3.5322584521557485,4.081524408026841,4.589232235768093,3.594163123687457
OCNT-0200796,FBOZXECLQNJBKD-ZDUSSCGKSA-N,4.380771243091234,3.8420638396563493,4.19477968220909,2.4851017179700645
OCNT-0319465,CDQSUAXVLAUUPS-UHFFFAOYSA-N,5.706571679940353,4.477026798735139,4.5574376110650014,3.97352838296282
OCNT-0478539,DRLFMBDRBRZALE-UHFFFAOYSA-N,5.379738041524001,4.240797331238895,4.651457269956676,3.937929798983138
OCNT-0483502,DOBMPNYZJYQDGZ-UHFFFAOYSA-N,5.279053405353802,4.94444193112808,3.773330041837818,4.436962120489146
OCNT-0492977,PIXMJBOEBUQEEW-UHFFFAOYSA-N,4.767118548767218,4.053387260413205,4.379709068191159,4.319482904907961
OCNT-0493312,JCCNYMKQOSZNPW-UHFFFAOYSA-N,4.276333331045658,4.630677307815541,4.638687931061127,4.510712851453273
OCNT-0493346,LPEPZBJOKDYZAD-UHFFFAOYSA-N,5.676629875739618,4.446816027730874,4.5944928383412265,3.005310307205983
OCNT-0493951,KKZJGLLVHKMTCM-UHFFFAOYSA-N,4.400592710264857,4.503217065718995,4.899781397165311,3.198565998990889
OCNT-0493990,MLDQJTXFUGDVEO-UHFFFAOYSA-N,5.160548037879824,5.0438576329920215,3.9759960146124573,5.311767097368923
OCNT-0494162,BFPYWIDHMRZLRN-SLHNCBLASA-N,5.070914148748768,4.132611916994839,4.285634748486116,4.278620683378127
OCNT-0494195,YQNQNVDNTFHQSW-UHFFFAOYSA-N,5.300285624217715,4.134686012486846,4.118491890771415,3.674722991081884
OCNT-0494638,RUDATBOHQWOJDD-BSWAIDMHSA-N,4.414953431802473,4.44131729943045,4.508337451382196,2.740083601518438
OCNT-0494698,ZNNLBTZKUZBEKO-UHFFFAOYSA-N,4.4168599656348215,4.879124161946265,4.2874866611280344,4.781519800806681
OCNT-0495039,QIVBCDIJIAJPQS-VIFPVBQESA-N,5.093094051833772,3.4844116503022846,5.029041700307183,2.361956400122628
OCNT-0495153,OCJYIGYOJCODJL-UHFFFAOYSA-N,4.712981970796206,4.848306991451073,5.5233339986705765,5.002356345799893
OCNT-0495303,WHTVZRBIWZFKQO-UHFFFAOYSA-N,5.171626756139,4.391148296383733,4.989948265733456,4.265594045845484
OCNT-0495620,KXGVEGMKQFWNSR-LLQZFEROSA-N,4.292365306176709,4.455910716422422,4.362344876039698,2.953941651653736
OCNT-0497934,YJGVMLPVUAXIQN-XVVDYKMHSA-N,4.91180590398848,4.652494839892962,4.35694197848028,3.9408464905900984
OCNT-0497954,WSPOMRSOLSGNFJ-AUWJEWJLSA-N,5.027164978552473,4.849011325243418,5.1161935011296755,4.793280090119001
OCNT-0498064,RUZYUOTYCVRMRZ-UHFFFAOYSA-N,3.5870588261317904,4.433116132006231,4.653832282631753,4.349899072035455
OCNT-0498090,VKQFCGNPDRICFG-UHFFFAOYSA-N,4.883942790148995,4.390930995050234,3.9699332377226586,4.721310940568225
OCNT-0498121,JNMRHUJNCSQMMB-UHFFFAOYSA-N,5.422409181897592,4.315977539826659,4.504315613045093,4.4376184328514965
OCNT-0498160,MBGGBVCUIVRRBF-UHFFFAOYSA-N,4.525517948705507,5.125294475430577,3.9413963448422207,4.32154471392731
OCNT-1411118,PBJUNZJWGZTSKL-MRXNPFEDSA-N,4.078406692556552,4.21037276879968,4.8513335982653025,3.5925126424434453
OCNT-1893991,JXZZEXZZKAWDSP-UHFFFAOYSA-N,4.451296389167643,4.796725271628547,5.215372196618622,4.8376404980700745
OCNT-1893994,ZKMNUMMKYBVTFN-HNNXBMFYSA-N,4.364659564020638,4.061357552177219,4.950232859379483,4.177802040238098
OCNT-1893998,RGOVYLWUIBMPGK-UHFFFAOYSA-N,4.951722635225572,4.678317156081326,4.750894262566977,4.056495094252722
OCNT-1911794,LOUPRKONTZGTKE-LHHVKLHASA-N,5.243802441749475,4.410410060344274,5.182820598160601,4.267097758938489
OCNT-1965960,INWLQCZOYSRPNW-UHFFFAOYSA-N,4.5869006102126475,4.132426377647408,4.8895550206239395,3.731861043948687
OCNT-2308470,RQGVCACJTCSQTN-UHFFFAOYSA-N,5.257758739641753,4.505650320938238,3.910560435521318,4.947863535540962
OCNT-2308474,RMOQOPSUZCJLMR-UHFFFAOYSA-N,5.37995556445833,5.017790796440276,4.4396411176305515,5.051461185698751
OCNT-2308494,HNTSVSUJRBPIDS-UHFFFAOYSA-N,5.299628174099117,4.918826334823773,4.969816943735878,4.774063581210893
OCNT-2308501,WCGOAKBBDHZUDP-UHFFFAOYSA-N,4.423873742718917,4.468536066796541,4.670823295511206,3.1943288228808875
OCNT-2308504,WNVJJXBDZXMAAQ-UHFFFAOYSA-N,4.238250499591977,4.232895928301512,5.097756130490326,3.4300887096490333
OCNT-2308512,HJAMHWGDBJJRCC-UHFFFAOYSA-N,5.419570120790216,4.869727568347064,4.911003320126001,4.511371447743178
OCNT-2308529,KBIFFZFLJCHRSB-UHFFFAOYSA-N,4.592917583775206,4.081238690569846,4.631077495017472,3.2007719648076516
OCNT-2308531,BZQFGNJQXVEMQC-UHFFFAOYSA-N,4.8702203689023085,4.676072198372126,4.745508851023533,4.62746589808289
OCNT-2308539,ZWRLRPADEBXZJB-UHFFFAOYSA-N,4.334138296076175,4.8095892095756145,4.628053101617527,4.127202557481438
OCNT-2308543,AAUDAIVFRROHGC-UHFFFAOYSA-N,4.31265432703126,4.377048498799155,4.4572610472519445,3.5807662115757144
OCNT-2308553,PVLYROGYOCQWRM-UHFFFAOYSA-N,4.368052943812721,4.3225407743804265,4.528472255407337,4.353852154016863
OCNT-2308560,KGGXLTJOCZBYMP-UHFFFAOYSA-N,4.721994432712324,4.945119963721681,4.73858850368076,4.53187458296093
OCNT-2308571,JBLWNFFRBGGQRJ-UHFFFAOYSA-N,5.800567256655777,5.441266818479755,4.394992109725591,4.543612114977752
OCNT-2308585,KOJVPCIQCXWRGV-LRDDRELGSA-N,4.563035655642321,4.100054929578357,5.0801122852951535,3.5691282965437106
OCNT-2308594,DLIWZFLURZGWCN-AZUAARDMSA-N,4.413580469226005,4.983341126320436,4.755312509988165,5.416192273452265
OCNT-2308603,JLAOTGNFFLOXRH-UHFFFAOYSA-N,5.42901921439148,4.9229335719883185,5.27665605392743,4.8231561748451215
OCNT-2308624,HCZDJIDHWJKQNL-UHFFFAOYSA-N,4.883573511999443,4.926354673277452,4.9367599417216566,4.324179590700123
OCNT-2308626,HQIXODCYFGBKNG-UHFFFAOYSA-N,4.5787616307751815,4.372907179203054,4.583816559456828,3.4188170930453414
OCNT-2308632,BNVYMBNZHADONN-UHFFFAOYSA-N,5.352173154198615,4.751923943631861,4.1009662124994035,4.226481230229544
OCNT-2308640,AAYXDSMALIOPQB-UHFFFAOYSA-N,4.36111058396109,5.34869248807006,4.368527720484816,5.319983661502377
OCNT-2308649,NECXPRJZRYCKAT-UHFFFAOYSA-N,4.840049636231519,4.974906545126453,5.144913566400419,4.849066553041164
OCNT-2308656,SFFQJAZXVFNTET-UHFFFAOYSA-N,5.387277705854279,4.8501631125522096,4.130842015124333,4.88502599753569
OCNT-2308660,KGJRVDOHNIXDMY-UHFFFAOYSA-N,5.7427792583534725,5.141596056361323,4.803041804351465,5.1956005793638855
OCNT-2308682,JZKCGQFNKIROBD-UHFFFAOYSA-N,5.079991433180445,4.56638494061987,4.725691167720182,4.51159724146026
OCNT-2308687,BOENRGZTNSTROB-UHFFFAOYSA-N,4.457930474136947,4.943900067505314,4.620567317814972,4.588461019710999
OCNT-2308689,RBIQMTORZFPEDR-UHFFFAOYSA-N,3.8351287614994702,4.478611153257285,4.538106059582947,3.173471925647563
OCNT-2308693,JKRHRSTTXYTARO-UHFFFAOYSA-N,4.993696420167003,4.945949403300761,4.198856796622077,4.297531313379024
OCNT-2308760,CZPCBSYPEXOWNN-KXBFYZLASA-N,4.577597543108683,4.713975979517997,4.717817059519707,4.111418767817137
OCNT-2308768,SLVCIRWUTNDVDY-UHFFFAOYSA-N,5.231890893547104,4.42901690676348,4.575483989687378,4.7450071826085445
OCNT-2308794,FGQIIXMRZKWIQS-UHFFFAOYSA-N,4.745854424492502,4.203250643962876,4.863499833451848,3.5045748998586896
OCNT-2308803,JIFHBVQNLSIJPG-UHFFFAOYSA-N,4.929138932005965,4.589663561278009,4.705630999848151,4.444474192856404
OCNT-2308808,GCIKBYNGPPOSAR-UHFFFAOYSA-N,4.964207664823251,4.443871454149607,4.329112164853844,3.5392273796176434
OCNT-2308818,FZCCZRTVIJFQKN-UHFFFAOYSA-N,4.745494476289424,5.031835524679557,4.6441445473469445,4.830021951704325
OCNT-2308821,JAPPCCYAUPAWPQ-UHFFFAOYSA-N,4.889479146073445,4.271768632355056,4.43564318884281,4.236969349570866
OCNT-2308822,QECPZZNXERNMLC-HJWAUIETSA-N,4.510875709784868,4.450770146736819,4.754367868501211,3.921551115067574
OCNT-2308842,FQCKBCZETREUQU-UHFFFAOYSA-N,4.797484947272563,5.060043991247177,4.716033302506526,5.0371863390958085
OCNT-2308851,ANWFMPNNWUQEGN-UHFFFAOYSA-N,4.901578556447377,4.175919466845093,4.87486781729942,3.6113490203145604
OCNT-2308852,JTEWTVFVNPJYQY-UHFFFAOYSA-N,4.378867210108653,4.036499947121343,4.718252522122863,3.2378777917124557
OCNT-2308860,GENBLLCBSGBWSV-UHFFFAOYSA-N,5.73878219840882,4.7453715454431435,4.454441874177724,4.478620949897043
OCNT-2308866,TZHCGVRZHACKPM-UHFFFAOYSA-N,5.449951236780427,4.983855369718302,4.693185817611087,4.138579394501337
OCNT-2308872,PFOQBJFOBMXIFQ-OLZOCXBDSA-N,4.994681686286397,4.85520221092487,4.603526236758096,4.33309161827423
OCNT-2308951,CFCALRFTJMJNCF-UHFFFAOYSA-N,5.37647003242335,4.259779864695187,3.9272638599109864,4.327491470137635
OCNT-2308952,YRYRQKCRFQZBJZ-UHFFFAOYSA-N,4.902826456989513,4.651540058300408,5.5835983414286146,4.348230087453104
OCNT-2308958,APCKBGSTXTVQIO-UHFFFAOYSA-N,4.976715048059321,4.341443777378969,4.581198621916041,4.879812405750868
OCNT-2308997,GDMXBTJFBFUQPG-UHFFFAOYSA-N,5.362674290276834,4.779620582657987,4.1630362644454175,4.9656839431127855
OCNT-2308998,SMUXAFUMKFMQDV-UHFFFAOYSA-N,4.989995093254149,5.217388564104234,4.700750141482054,4.757265927584951
OCNT-2309004,CJEBHGVZWZPWSG-UHFFFAOYSA-N,4.936370537320415,4.391616665365614,4.975051666438373,4.5559718302597245
OCNT-2309012,CYDNTBXARFNHOK-UHFFFAOYSA-N,4.0568280695348005,3.8539226161932203,4.642149309279781,2.594361754086932
OCNT-2309019,YVFXCMLVGKSGDB-UHFFFAOYSA-N,5.297885704398219,4.774609963174229,4.375316096092625,4.952009218142244
OCNT-2309024,XSVIVDYCHPPUGK-UHFFFAOYSA-N,4.47089770902393,3.4211954291635447,4.55818832671209,2.325212770373
OCNT-2309042,MLWJNKOKQZCQFM-UHFFFAOYSA-N,5.434135390501239,4.277040262018216,4.75661072547075,3.6702659307045518
OCNT-2309070,CFGZXKWGGSEENY-UHFFFAOYSA-N,5.119874716709224,4.603996164586352,4.042043085933973,4.091331318668405
OCNT-2309134,WOGAEFGJGCXZAZ-UHFFFAOYSA-N,3.4623204045581586,3.9282252826577695,4.398292329881913,3.0378876083288335
OCNT-2309139,XEASEVMEKOGXHQ-UHFFFAOYSA-N,5.743150308590616,5.3275329007725,5.627993930258202,5.091257360349449
OCNT-2309149,HOLZORPNZUZFLM-UHFFFAOYSA-N,4.686757407576509,4.594433062422584,4.602049206922836,3.7767960758614603
OCNT-2309151,QJWGFXLKMHWCMY-UHFFFAOYSA-N,4.6508764346466,4.600645563648538,4.5431758944545,4.786195453072715
OCNT-2309164,PNCMDCHZNMXPME-UHFFFAOYSA-N,4.987226367590802,4.407758516320749,4.964671057699015,4.438491431120767
OCNT-2309175,QTYQHQWTDLCRNC-UHFFFAOYSA-N,4.208673477851913,4.573480013794643,4.800910325502065,4.346576468335607
OCNT-2309179,BWWQNTFNKYNBID-UHFFFAOYSA-N,5.378873875687308,5.118483538325343,5.182174664995184,4.6046103054132095
OCNT-2309196,AWUCBRVUTSPZQP-UHFFFAOYSA-N,4.266125636330046,4.690301362584995,4.43677674023906,4.7553786081377
OCNT-2309207,FCZNJMSICLCNRK-UHFFFAOYSA-N,4.591529019307591,4.359692262320057,4.860433682393769,4.082565038729749
OCNT-2309232,MKUCLUPMYFFFGY-UHFFFAOYSA-N,4.8453620016525685,4.637771106934321,4.451145405733707,4.472544848261327
OCNT-2309246,HZJAEDMXWJCPPZ-UHFFFAOYSA-N,4.407238210042712,4.459917312688551,4.179679385287765,4.74455300076968
OCNT-2309266,ORECJXVOVYEVDN-UHFFFAOYSA-N,4.581870043686522,4.3277737569164065,4.601161355148557,3.876596318786829
OCNT-2309274,ZXIVUUXCTPHHAO-UHFFFAOYSA-N,4.2898780866615995,4.783053131171383,4.554298062325348,4.699712633124575
OCNT-2309279,TXZYYKDEFUKJEH-UHFFFAOYSA-N,4.2423304893315334,3.8192493875293603,4.664080532474121,2.9284711308746942
OCNT-2309286,CKULYSVCWINHRD-UHFFFAOYSA-N,4.982064563337707,4.6878484160275455,4.684652057098505,4.07019584860526
OCNT-2309290,BILGZUNWWFGLCD-UHFFFAOYSA-N,4.381588495818778,4.748999633597193,4.828340752210132,4.804563855436758
OCNT-2309299,GAABTIDOVCUIJA-PIVQAISJSA-N,4.729794857023314,4.2378085682847,4.665185247504202,4.290980677956497
OCNT-2309323,SOPSTNOHBNLMBW-UHFFFAOYSA-N,3.8269891121879978,4.434861799114154,4.832974016048485,3.4033918634852967
OCNT-2309324,QQISPTBFJAYJMO-UHFFFAOYSA-N,5.490208215364719,4.49183615697426,4.562008663100439,4.30194185209579
OCNT-2309338,FDGYVGAIXDSNLL-UHFFFAOYSA-N,4.957547870504438,4.233845973113748,4.896851596171673,4.303084827297925
OCNT-2309345,AKNWHDZNSOSXGU-UHFFFAOYSA-N,4.581038716537369,4.343372732338378,4.659116114194207,4.180824114662329
OCNT-2309347,SCYVZKJFARRCOF-SKDRFNHKSA-N,5.275668848147424,4.696867054331834,4.681014700055101,4.292959253195814
OCNT-2309366,NUDCKBSXSMSSHR-UHFFFAOYSA-N,4.562358756332827,4.694610257128622,4.241155780342691,4.130835168823049
OCNT-2309376,GBUSLTPPAQKFHD-UHFFFAOYSA-N,5.425695227025612,5.025543225536279,4.749106453123221,5.2064405243384995
OCNT-2309395,ZRPRJIZEXFJPDS-UHFFFAOYSA-N,4.229249026661659,3.963341759481196,4.709515831648275,3.526364601204634
OCNT-2309415,SZIZNFZWYZMKGP-UHFFFAOYSA-N,4.660329575590666,3.848608133706569,4.905902505817968,2.99223824246793
OCNT-2309434,FKZOSNVMEGROHU-UHFFFAOYSA-N,4.762764806203161,4.191785953783082,4.899942402628221,4.503643597917654
OCNT-2309443,LTXRCYPELJYQOB-UHFFFAOYSA-N,3.718780785687226,4.992768107595549,4.5963462737507355,4.507954805946421
OCNT-2309447,SRJYGDXJLJWAOP-UHFFFAOYSA-N,5.219669750600081,5.1208968252578,4.370305776633202,4.68871873050599
OCNT-2309448,PYIWSJVAJVCDJD-UHFFFAOYSA-N,5.61272619980303,4.666021889919056,4.5533138887854205,5.047408598720774
OCNT-2309458,VRHSIWRFSPQEBM-UHFFFAOYSA-N,5.107419042472527,4.573638754300387,4.433113803399376,3.889888329280048
OCNT-2309469,CEXGDSRWXPGELQ-UONOGXRCSA-N,5.330051930700005,4.94199992641258,4.438164908982817,4.509840546111924
OCNT-2309492,YRYCNCAAIQZHCQ-UHFFFAOYSA-N,4.82865511229594,4.522553320911586,4.5076566775345555,3.851127849359751
OCNT-2309498,NZGXZMLTWAOIJJ-UHFFFAOYSA-N,3.980764430883218,4.148447131059159,4.694226416973582,3.6399839821770703
OCNT-2309505,VHRWMNXPYKUVDY-UHFFFAOYSA-N,4.945613578861276,4.491082388054324,4.704605067603856,3.726412019114376
OCNT-2309520,PQDNSHRLKSHCPF-IUODEOHRSA-N,3.3485176199705187,3.741928235662045,4.723558340269052,3.2915030064146427
OCNT-2309524,OQWALVNPZPFZNB-UHFFFAOYSA-N,4.892546741438607,4.451228273949613,4.965992197762346,4.235415416854671
OCNT-2309550,TUNYSDUUJNGBOO-UHFFFAOYSA-N,4.214692596037316,4.422402236447509,4.459090735831727,3.499928117741786
OCNT-2309560,UGLQFTQKYFIXRS-UHFFFAOYSA-N,4.208662419453489,4.630801666943578,4.933317794650652,3.81010331614686
OCNT-2309567,WUJHRFRBGPBFFB-UHFFFAOYSA-N,5.109166405293397,5.009231037030255,4.938357052006719,4.850316839739373
OCNT-2309576,VJOLPRXCRRLZKY-UHFFFAOYSA-N,4.6937810065316095,4.822488356520715,5.157517179200855,4.732920772788285
OCNT-2309581,XAKQUAVVZRFGRT-UHFFFAOYSA-N,4.238700632696732,3.991314018149142,4.580717242355736,2.6605427271541875
OCNT-2309593,ICQPYVZPTBHWKX-UHFFFAOYSA-N,5.227517704311406,4.559111974541198,4.9331297364789926,4.719621994510747
OCNT-2309596,IXNDBORQXCOCSN-UHFFFAOYSA-N,4.690871266456192,4.385196179554032,4.0589898693242015,4.066906011124463
OCNT-2309598,XWCLCJYWVJRTHA-UHFFFAOYSA-N,4.591006324691374,4.603328391269423,4.33632907255741,2.3730070682249975
OCNT-2309599,PZBMCIRQTJSXEM-UHFFFAOYSA-N,4.9451701777578805,5.032722798550206,4.63405537375335,5.355157733882272
OCNT-2309603,NJASTDRCXHCKCI-UHFFFAOYSA-N,4.800041425208705,5.216662029018655,3.955780347132913,5.183387536480062
OCNT-2309606,MFIXXYBDPKWHOV-UHFFFAOYSA-N,4.390149834921453,4.7684907915983485,4.472546978600069,4.716948307954567
OCNT-2309655,RXWSOBRRXFTSLA-UHFFFAOYSA-N,4.686365463408702,4.501086365724298,4.7641653791614695,4.07507987163372
OCNT-2309659,QDMSJHDEIZETOH-UHFFFAOYSA-N,5.472032024251126,4.884745305557024,4.731349598737283,4.923067553273756
OCNT-2309661,RSUDJUKPYSQPJM-UHFFFAOYSA-N,5.537679303797151,5.305439463699016,4.387146376193298,5.05756021820548
OCNT-2309663,BBRIXFTZIRVEEF-UHFFFAOYSA-N,5.59997997838556,5.551963261612152,4.127583912200642,5.603139855892258
OCNT-2309686,XQSMMYKKUBTICB-UHFFFAOYSA-N,4.302930326386861,4.938753532142482,4.498690900163325,4.946038683749571
OCNT-2309704,QMUPVRYCKBCCRT-UHFFFAOYSA-N,5.1604317976229925,4.4021137223008875,4.505517034066141,4.16392041977277
OCNT-2309709,TUNHMOUQIPHTBW-UHFFFAOYSA-N,4.578222447178551,4.262771829064474,4.628251077045113,3.4749530734016543
OCNT-2309734,XKOYXYRROUYVSA-UHFFFAOYSA-N,4.799992657816642,4.178267508565016,4.257221554342162,3.5634846432606335
OCNT-2309742,PDQLPNSIVZNUDK-UHFFFAOYSA-N,4.468226025237787,4.73628149056852,4.965137779527826,4.032379877131423
OCNT-2309746,ZRDDUQNCPHKPCT-UHFFFAOYSA-N,4.651759871980317,4.857408732245313,4.99774214597874,4.322216102646938
OCNT-2309768,OOPGWPZBSRALIG-UHFFFAOYSA-N,4.193117084363268,4.258005150005418,4.745577158626915,3.086819978856568
OCNT-2309776,JEIGWQHMZMNNGN-UHFFFAOYSA-N,4.624823866527627,4.341101772129666,5.350498876269348,4.406648951874761
OCNT-2309800,GIFUCGYPMBHNPM-UHFFFAOYSA-N,4.987939202780152,4.933881744735795,4.312821529615538,4.842435879918512
OCNT-2309801,LTKHJAAHPNJLHY-UHFFFAOYSA-N,5.15474156069984,4.575135212374536,4.676279765811684,4.590232744384791
OCNT-2309809,JZKURPYQVDAOOL-UHFFFAOYSA-N,4.786843242068331,5.327494261703061,4.752383138669702,5.092463651272329
OCNT-2309811,GAAAACRGNMPWJY-UHFFFAOYSA-N,5.415642929363591,4.405602125054587,4.585702178389534,4.4682256024790235
OCNT-2309844,GGSBXNSPXLOOHI-UHFFFAOYSA-N,4.5087882396242245,4.092135268830516,5.319919072740926,4.625190807062781
OCNT-2309846,FGUQAYRHKXYOTM-UHFFFAOYSA-N,5.04526192063318,4.801215333699278,5.0521184230834795,4.785151746657917
OCNT-2309877,YKVLNDDAPLQHQD-UHFFFAOYSA-N,3.750477742347398,4.645593077572137,4.363230691652582,4.3670240160867975
OCNT-2309905,LVJWCKKQYYBYRC-UHFFFAOYSA-N,4.035321144943238,4.65595515001345,4.667243185267624,4.4444427703512375
OCNT-2309918,SVDYMXAJCOKQLE-UHFFFAOYSA-N,3.965347018151567,4.31270813483363,4.5092001114013325,3.6674726883113915
OCNT-2309920,OXVAKGJWUUTGGP-UHFFFAOYSA-N,5.047076011413125,4.8895566054752075,4.049483285787864,4.8945678528468655
OCNT-2309926,LECHJNCDFRJREW-UHFFFAOYSA-N,4.6396926674494985,4.574739452405116,4.560899239067791,4.154212245236579
OCNT-2309942,AAJANOIUSFNLGX-UHFFFAOYSA-N,4.309306134162385,4.379534779137223,5.18349954123953,4.575549166812595
OCNT-2309950,UWGSRPLGVVOCMK-UHFFFAOYSA-N,5.414124951920465,5.162750058127993,4.101367455464567,4.694158505230978
OCNT-2309955,KAIXLFHXPRCWAS-UHFFFAOYSA-N,4.72687368614346,3.885426442625413,4.641253630437586,3.9765928625228737
OCNT-2309987,ZPRQFKSHIREKOP-UHFFFAOYSA-N,4.606615840656585,4.807897364675914,5.300032437204915,5.166614780582141
OCNT-2309993,HJDIMWOEKKJXFJ-UHFFFAOYSA-N,4.383050434426349,4.7000554625561355,4.587541826249779,4.4655422478825795
OCNT-2310008,YZDDODJEXHDWEE-UHFFFAOYSA-N,5.001575718003595,4.057074291740229,4.403409406624241,4.056640604113338
OCNT-2310021,YXVXGYRWFHPXRG-UHFFFAOYSA-N,5.059671169246236,4.8003050107904,4.4788317099402795,4.09416119617696
OCNT-2310024,YDDBBPMIFIWYPM-UHFFFAOYSA-N,4.806308330632074,4.396321258696276,5.18486284388079,4.0736647944030215
OCNT-2310036,YUSOQWDLAGAIHW-UHFFFAOYSA-N,5.671295288999449,4.924634139294942,4.318156548254262,4.681484463896878
OCNT-2310041,OQNCBOFIXGDOFI-UHFFFAOYSA-N,4.461112970043266,4.561032083483045,4.915048721861836,4.574468896797813
OCNT-2310043,ZSKKBENNGKLPHJ-UHFFFAOYSA-N,4.902576235318609,4.125555036579819,4.47861850288426,4.202950247184731
OCNT-2310072,RPIPASCIKGRQNW-UHFFFAOYSA-N,5.286229460523186,5.052558597565599,4.332584177737163,5.003262358328438
OCNT-2310094,QLJSPTQLWJJXDU-UHFFFAOYSA-N,5.417484894919724,4.466723172442418,4.324876682586593,3.948330411251305
OCNT-2310110,ZLNSOSPUFUUSJT-UHFFFAOYSA-N,4.54055589258842,4.338167119667866,4.2661858290035175,3.630470917996995
OCNT-2310119,OPPFQRUPYDGASZ-UHFFFAOYSA-N,5.309607345935434,4.897543016489022,4.595181488788561,5.083947144832885
OCNT-2310121,OSVJTIWAVNSEQH-UHFFFAOYSA-N,5.052013190930096,4.2762446167745525,4.637492667344844,3.4253156832308007
OCNT-2310123,GJSIXZKKNDJEAL-UHFFFAOYSA-N,4.63419729982473,5.0778796479049655,4.610845373796212,4.7912028499682595
OCNT-2310131,KTFISXUNCYDJBB-UHFFFAOYSA-N,4.381971783697202,4.129014177470354,4.7128555603788085,3.7267740900475563
OCNT-2310137,HJSCMXIXVZQQOK-UHFFFAOYSA-N,4.754185297898753,4.551636753661216,4.554813285004293,4.719208141802995
OCNT-2310144,HZHXSHXBAHLQCN-UHFFFAOYSA-N,4.501545976101152,4.545831215075242,4.968417377597703,4.408284681656861
OCNT-2310155,HKZQTGCONNDGDA-UHFFFAOYSA-N,4.614369431607797,4.202511314743481,4.430157609226577,3.4837497372159376
OCNT-2310156,ZRNDQMAKMCTGGO-UHFFFAOYSA-N,4.962541412429203,4.288561991468186,4.9320644099784055,4.245420639904919
OCNT-2310157,LVUXIUDKFQBCBA-UHFFFAOYSA-N,3.5389557824011613,3.908009133546739,4.913341759546814,4.057941985554209
OCNT-2310192,IETCJVWWRSDVEL-MRXNPFEDSA-N,3.892313520635825,3.9931999715245214,4.625973111376579,2.9236729714266545
OCNT-2310199,BMDUEAJNHZCKOW-UHFFFAOYSA-N,5.058009795975184,4.538239516100631,4.877237119374976,3.727657820030873
OCNT-2310202,AIOAUDKSZPZHDV-UHFFFAOYSA-N,5.41481865286505,4.620793414255688,3.9532575127855174,4.192126919738833
OCNT-2310216,AJTSNWUPSBKAJK-MRVPVSSYSA-N,4.874480981854648,4.5664640510306675,4.398666851227365,3.593365280900089
OCNT-2310225,SOWHXMPYVHVKNM-UHFFFAOYSA-N,4.657811412348386,4.318803429666105,4.379028610642353,3.3376983858386122
OCNT-2310227,UFIOPUNMLAUYND-UHFFFAOYSA-N,3.7373846868723333,4.305833641999505,4.334489341944905,3.5949739143903705
OCNT-2310261,TWKXRJAUKSDMNC-UHFFFAOYSA-N,5.056554548669846,4.682556007651214,3.6200354817560014,4.532507689057169
OCNT-2310265,NQKFCFZXAAUFSR-UHFFFAOYSA-N,3.698784805607981,4.249946057767956,4.453046544868164,4.040284812706807
OCNT-2310319,LRCVBALEVVGLFE-UHFFFAOYSA-N,5.072811440577402,5.089744722799389,4.389927240032051,5.095380633694447
OCNT-2310323,MBYHTKURRZPUOJ-CQSZACIVSA-N,3.6971741909383016,3.923462733514678,4.580802632319788,3.4723031869169287
OCNT-2310327,NANLFGLVROKLFB-UHFFFAOYSA-N,4.276035615826391,4.47181058598002,4.934738394664979,4.53174063706832
OCNT-2310342,FTPBHHGBIJXPBQ-UHFFFAOYSA-N,4.838807973651433,4.952401728202382,4.249972630658183,5.24096588297865
OCNT-2310346,CCWBISGBXAFNFY-UHFFFAOYSA-N,5.148422889843335,4.857965178532684,4.677788634019411,4.10182779634306
OCNT-2310350,IULOBWFWYDMECP-UHFFFAOYSA-N,4.672404509175378,4.592189852916047,4.52050251848017,2.945282218603542
OCNT-2310383,FJNCYMDRTAXCFI-UHFFFAOYSA-N,5.432390071457086,4.312584994150209,4.575940032072222,3.8741619715507527
OCNT-2310396,GPUPVYRGIRMSAG-UHFFFAOYSA-N,4.9270285175867405,4.811140455742124,4.722986996236237,4.698580374754844
OCNT-2310404,NOKWLBSHOIIUFJ-SAABIXHNSA-N,3.957389350353855,5.1349990131157215,4.666578333967356,5.105382910257346
OCNT-2310431,GFTTWKOXOFWXTR-UHFFFAOYSA-N,5.305564729968899,4.7425926140267505,4.401494152081092,4.1031106168702705
OCNT-2310432,CNIMFKSPIWBXRR-UHFFFAOYSA-N,4.721904084055676,4.647230455417399,4.419745629443334,4.73430187790517
OCNT-2310438,YFMFZOQOJHZEAM-UHFFFAOYSA-N,4.638500586947575,5.03154954652701,4.834398129233639,4.380676422473176
OCNT-2310448,LEQOABJBJQUSIJ-UHFFFAOYSA-N,5.211769157408898,4.608300788139802,4.241288098620167,3.6636362162931726
OCNT-2310458,SYXTXXKDVIEGLV-UHFFFAOYSA-N,5.1897254527881564,5.4981134060529175,4.341224660572994,5.3758280089857635
OCNT-2310470,CSLBMVDUODQHOM-UHFFFAOYSA-N,5.191054248155904,5.206459322311805,4.879654649669534,5.267347464006456
OCNT-2310498,IUGBKTDUGLZNFN-UHFFFAOYSA-N,4.063191022306071,4.235852526112426,4.987254185493753,3.7334118231139923
OCNT-2310511,HIOBZJFAABUCKU-UHFFFAOYSA-N,4.673934469398742,4.381577109268553,4.594916806675349,4.262979147829878
OCNT-2310522,SHFKEHYHFQIENX-LBPRGKRZSA-N,3.9080758236538333,4.179103164788821,4.542622126780468,3.3460064698465346
OCNT-2310576,CSWBZQAJADZJPJ-UHFFFAOYSA-N,5.330678023779613,4.867946196394859,4.483157624803058,4.108263754877411
OCNT-2310580,XVRHQCGPDQBZJL-UHFFFAOYSA-N,5.156501509426931,4.72315316348529,5.004331059173437,4.540495130817299
OCNT-2310589,FUJRKPHFQJPPJN-UHFFFAOYSA-N,4.1046841578307065,4.896465502253145,4.689792971968655,5.131930522171091
OCNT-2310613,FNSPOGKBLVJSPX-UHFFFAOYSA-N,4.400436207722291,4.158149011817318,5.040647576142329,3.8996821089559384
OCNT-2310630,KZSUIFPZSDMWRV-UHFFFAOYSA-N,4.923544767315449,4.416846599237501,4.771440298304998,3.46334542928526
OCNT-2310634,AZIRSKUMMWCLMP-UHFFFAOYSA-N,4.552641751536782,4.932181480039772,4.953334433279709,4.70646617389231
OCNT-2310640,MOGCAEVCBIAYAG-UHFFFAOYSA-N,5.1403286886879975,4.266479394801374,5.041163545788636,3.707636876431388
OCNT-2310641,YKXGBOCHBJEVRD-UHFFFAOYSA-N,5.016281003179721,4.449544498412732,4.5474581979805215,3.364679011696486
OCNT-2310648,LVKGJVDHSRWRLM-UHFFFAOYSA-N,4.472745936717668,4.676044837423853,4.908644102839862,4.26135120883012
OCNT-2310653,BSJLYSNMYGWDGZ-UHFFFAOYSA-N,3.6155274259658103,3.7416818020518137,4.541326464894789,3.1045446184513907
OCNT-2310658,GXPGHNGKEYVVSJ-UHFFFAOYSA-N,4.432039249575951,4.375979064239283,4.537527815544257,4.123724346168984
OCNT-2310680,AXXIEJDVBYZXLK-UHFFFAOYSA-N,4.389571677661244,4.712100970201436,4.880971251286488,4.865785296885087
OCNT-2310685,SRJUQDSPYDJJMF-UHFFFAOYSA-N,4.126274687919676,3.8387406941841595,4.940199325124449,4.107156617222966
OCNT-2310690,HCYSRWCEBFYUAA-CQSZACIVSA-N,3.3364773674255765,4.375542507084816,4.593824830491555,4.570166684349578
OCNT-2310693,RSAHXYUKVAIXGK-UHFFFAOYSA-N,4.832990206359324,4.157576782255185,4.635914141389242,3.6772906802443317
OCNT-2310698,HAVCMUREFRIDQM-UHFFFAOYSA-N,4.583880096267906,3.987989285066876,4.511622311932036,3.9577884415000164
OCNT-2310707,RZGDXDYNQPUJNA-UHFFFAOYSA-N,3.410960565089608,3.3979978943675637,4.980779977655002,3.1338481181615263
OCNT-2310716,BZLXGFYLRNUUNG-UHFFFAOYSA-N,4.425775910070153,4.058196704728356,4.49033619334883,3.5744853619333647
OCNT-2310717,BOWLVPUQMMJWEC-UHFFFAOYSA-N,5.571924215693259,4.821345519747777,4.113588714633745,4.3778228691500045
OCNT-2310726,GOHPXULFFDBKGC-UHFFFAOYSA-N,4.518274983712667,4.820353426485387,4.601676515569013,4.180409913234871
OCNT-2310747,MOMOPKAZNASMQJ-UHFFFAOYSA-N,4.095032402373575,4.558007327078171,4.515109389803228,3.8996862651134303
OCNT-2310751,KZIDFUMZLWTNPB-UHFFFAOYSA-N,5.173907936707734,4.518096942581857,4.615113315090827,4.7651215826319016
OCNT-2310755,BIGAOOHPAKZTOZ-UHFFFAOYSA-N,4.807803788320543,4.7549709880546525,4.58295013022113,4.13459734534967
OCNT-2310779,LWTKTABHWXYFOZ-UHFFFAOYSA-N,5.3157121722742575,5.087608279301825,4.806698282968207,4.5363583712578635
OCNT-2310797,WRRMQFMQWRSQBI-UHFFFAOYSA-N,4.200598080772838,4.43908295620981,4.680528165523281,3.567566158189137
OCNT-2310804,IWKOXNCMURNVKR-UHFFFAOYSA-N,4.95165620779833,4.5771371790437065,5.174907084304303,4.882331269327472
OCNT-2310808,JZLNLPFYEPHWQX-UHFFFAOYSA-N,4.069460107095108,4.959188963505192,4.541922565900902,4.550491410332933
OCNT-2310822,PAZGEARGQQZYLI-UHFFFAOYSA-N,4.404382047102137,4.618223654864888,4.182206755326871,4.471169227267957
OCNT-2310829,WIPMLMLIKXSIFW-UHFFFAOYSA-N,4.8419630779106875,4.501456717726635,4.661034970518444,3.9256966828992588
OCNT-2310839,HZOOOFYSGYSMTG-UHFFFAOYSA-N,4.466401631083396,4.552184222305506,4.535906420874018,4.621841785673464
OCNT-2310843,UHBYZUKYPMONRO-UHFFFAOYSA-N,4.253496991693307,4.531665955828843,4.559421518143388,4.740131731356377
OCNT-2310859,RUVLBPWZPKTFQY-UHFFFAOYSA-N,5.010280244299089,4.529274790999282,4.904722192308848,4.649772651206958
OCNT-2310880,UPACZLZVVYCCPQ-UHFFFAOYSA-N,4.732297068700136,4.834491863898972,4.392682995600458,4.0584221092972
OCNT-2310901,HDXXWIMMIYDYQO-UHFFFAOYSA-N,5.4219643917108336,4.7937784868278035,4.205022272845457,4.763248018013119
OCNT-2310935,PYENDQAOQUXIML-UHFFFAOYSA-N,4.714865191374522,4.619445892295268,4.624314936071159,4.750871845556696
OCNT-2310939,FMPOGJMGFDQNLR-UHFFFAOYSA-N,4.227235532823637,4.658259106466697,4.706485473689051,4.598530234197495
OCNT-2310945,ZCFOZFFAVPLQDU-UHFFFAOYSA-N,4.19880510547078,4.561425948334274,4.913048414107794,4.714189779746391
OCNT-2310948,WECBRMODQWSFSC-UHFFFAOYSA-N,4.87400738601671,4.164898132402722,4.430191372633784,3.221733351182693
OCNT-2310953,JNUPUTJOTQNJHS-UHFFFAOYSA-N,4.8041717408465585,4.810200509783081,4.7102196139327805,4.9191274020502895
OCNT-2310955,ZNYHVNPTYPXHIV-UHFFFAOYSA-N,4.043524732219389,4.596570195343886,5.033243173143832,4.408619679980674
OCNT-2310971,QUMDTFYGSJHRPL-UHFFFAOYSA-N,5.50810959945141,4.025289838847764,4.908570445313551,3.61891729764503
OCNT-2310979,ZNZJGCOJFHWZII-UHFFFAOYSA-N,5.613041866216908,5.074845738614394,4.726949676781431,5.406172654248924
OCNT-2310997,SIPWPCZRIOWTLN-UHFFFAOYSA-N,4.2635320300684265,4.612509080577112,4.713749143509136,4.221467280832442
OCNT-2311017,HGMVMOMRKMPRSR-VHSXEESVSA-N,4.646762720532437,4.424796319256457,4.237100079429247,3.898442688937644
OCNT-2311028,MQXPCGHXWRPKCK-UHFFFAOYSA-N,3.9640608742827546,4.073169577540443,4.7386418949066815,3.378364041710354
OCNT-2311032,KXQCKBJACHMFEZ-UHFFFAOYSA-N,4.754049010012739,4.698740455905796,5.194824868077349,4.748151325470109
OCNT-2311050,RRHHUYUAXCKIRN-UHFFFAOYSA-N,4.516541442272268,4.61586683644184,3.974460438674535,4.2821910390304385
OCNT-2311059,IADLBRMVZTZASR-UHFFFAOYSA-N,4.853519506729026,4.8335737199797935,4.620234663486201,5.198763148339322
OCNT-2311060,FEGQQHPUTSRZAG-UHFFFAOYSA-N,4.825638712633393,4.1971907577173715,4.690357322355513,3.89736431322008
OCNT-2311061,YAHHSHNEDFLSFO-UHFFFAOYSA-N,5.549279115606034,4.993890177118499,4.920494442341388,5.1052573471959315
OCNT-2311086,LHTZKKBQVHDQAX-UHFFFAOYSA-N,4.6835877434840105,4.463013871179793,4.627127040867286,3.9310486935084428
OCNT-2311091,NLPVWZDQUHNWNN-UHFFFAOYSA-N,5.619469322109163,4.887812250224468,4.475461770172179,5.140617135422566
OCNT-2311102,OPNWCLOHWSTTAH-UHFFFAOYSA-N,4.739624043953177,4.746317375775037,4.5911740309124,3.5778076865981405
OCNT-2311106,XKPXTMLDEUTWQU-UHFFFAOYSA-N,3.9541193034946143,4.683362009544319,4.598136893892718,3.8472077645437195
OCNT-2311133,DAOAPMJKVUJXID-UHFFFAOYSA-N,4.864445247543021,4.466439630748949,4.806411781756161,4.293507403273409
OCNT-2311145,GJUVVFXCXYLPPF-UHFFFAOYSA-N,5.187497067346623,5.109840269764626,4.2337952814565005,5.01885065055551
OCNT-2311148,FXKCHSYNXXKFEX-UHFFFAOYSA-N,4.606570134373551,4.747396926442659,5.301318837304397,4.568951181918847
OCNT-2311150,ZHERNWQWOSHVNC-UHFFFAOYSA-N,4.130080428411278,4.903914760164358,4.514227116642213,4.366680138551717
OCNT-2311164,KXAWYHBBFHVSLR-UHFFFAOYSA-N,4.601735288445095,3.940580487257825,4.293005170041033,3.5116506861201677
OCNT-2311175,LOHPAHJRSDGXHU-UHFFFAOYSA-N,4.278240020287875,4.192434601920285,4.34303393242754,3.5036763107418496
OCNT-2311200,NVPSOSIRMJDRPU-UHFFFAOYSA-N,4.449267460182688,4.028909498434389,4.706342569815285,3.688676869651989
OCNT-2311225,VAZPOTJURGQWAP-STQMWFEESA-N,4.093604438228097,4.41966084823697,4.642850099599426,4.547727883623655
OCNT-2311231,XLDINVXKZGIJLA-CQSZACIVSA-N,3.6296402215980463,4.19441562821009,4.8856253927964906,4.420651574877731
OCNT-2311291,RQDDMLORJHULQP-UHFFFAOYSA-N,3.4954990682424394,4.328222956520352,4.475726773863826,4.3827226176024325
OCNT-2311293,SSOJFUYLKIYITA-UONOGXRCSA-N,4.117057562234908,4.102315072455665,4.453695196467764,3.535336542687813
OCNT-2311294,SWUBLAYQXQUNCO-UHFFFAOYSA-N,3.4738835388351927,3.5201395524843937,4.331137540269563,2.6576037106731536
OCNT-2311311,JSEDCBYKKMTEPF-UHFFFAOYSA-N,4.109554418514605,4.59882307366045,4.59101357816509,3.849934675799605
OCNT-2311320,LCCOAQYOJSHIPJ-UHFFFAOYSA-N,4.847801750293387,4.667517459192802,4.405523015338483,4.302439992416971
OCNT-2311331,CDQDNPHFGYWSOR-UHFFFAOYSA-N,4.898686192088286,4.337281180081039,4.640237976942671,3.8195744958148694
OCNT-2311336,LQKJYHIZCLRVAA-UHFFFAOYSA-N,4.9825107237698,4.318857513934008,5.2521611284144765,4.3798708892502995
OCNT-2311343,SASVNHDDQBDFCM-UHFFFAOYSA-N,5.356999462708317,4.609063243539053,4.58944214236729,4.847054396433216
OCNT-2311402,OGIYBCQWFOZLPG-UHFFFAOYSA-N,4.088923153344341,4.079047780291696,4.184314153058193,3.87855900913522
OCNT-2311437,JHVLKXIDWMPJMT-UHFFFAOYSA-N,4.826479519486598,5.026564563797542,4.1755361896993,4.992329636480431
OCNT-2311438,FLLMSOQAWLVNEM-UHFFFAOYSA-N,4.670492891956826,4.262691711964198,5.015477295386938,3.117257513146112
OCNT-2311450,DBUJZAYXHSBDLC-UHFFFAOYSA-N,4.26157419322918,4.38494888955898,4.936349289276825,3.601556789622366
OCNT-2311453,FVWJNTSKIAGKNF-UHFFFAOYSA-N,5.279701811470075,4.8671860824726565,4.722770742180004,4.883185569561348
OCNT-2311507,KNHOKGYXVGIUBR-UHFFFAOYSA-N,4.801770183069885,4.103122930343142,4.4677294863742425,2.405055237454513
OCNT-2311542,KWIFZAZOFYUVCZ-UHFFFAOYSA-N,4.449618254995322,4.12606745588019,4.705816582525334,3.3733589811867075
OCNT-2311547,BHEAZNHFSNJYDJ-UHFFFAOYSA-N,5.031438441788232,4.514579738740525,4.453572746319247,4.8672757167606
OCNT-2311574,IXIWLXFULLNPDO-UHFFFAOYSA-N,4.820148330986817,4.8979321064463965,4.800566400817077,4.032844076986205
OCNT-2311588,ATLZEXPCGWQKDL-UHFFFAOYSA-N,4.285841040985622,4.3472847939344605,4.423474979107675,3.8161919302651834
OCNT-2311602,AIDXPYZJTIDUSC-UHFFFAOYSA-N,4.633116361116172,5.142549182431612,4.857519697861379,4.944985450173537
OCNT-2311604,GKRCFAAHQZDGMF-UHFFFAOYSA-N,3.957830672667959,4.200310608720023,4.754085202245536,3.0484073318596003
OCNT-2311606,JISJHJWHBGLITM-UHFFFAOYSA-N,3.672635233644723,4.340456164835553,5.353347680171422,4.284385902626407
OCNT-2311619,YYKMRMTYTUHGAM-UHFFFAOYSA-N,4.600753501189402,4.140190865709638,4.72299106295355,3.642194916668952
OCNT-2311620,GKIZKNATVXCLLF-UHFFFAOYSA-N,4.1902920625619995,3.6072434589876643,4.383543819032724,3.6444229677713986
OCNT-2311624,FHLMPSUVVSVTAJ-UHFFFAOYSA-N,4.212781833672991,4.501277944467415,4.619371490060091,4.5905976737396
OCNT-2311626,JBQGWNQLFCYYOB-UHFFFAOYSA-N,3.378012415336868,4.096153905803934,4.79580426893929,3.2794269888714247
OCNT-2311627,BZSQFVKPLZFAMM-UHFFFAOYSA-N,4.226293953092887,5.1651496440281734,3.9272955665671367,4.769206969516705
OCNT-2311636,QUGHBKJKLUPSCI-UHFFFAOYSA-N,5.043989253916056,5.006941088642536,5.0937779464628665,4.890786392953712
OCNT-2311655,FLRYEXYQVHVJHQ-UHFFFAOYSA-N,5.683904349518834,5.069282142142922,4.386410848274522,4.846411008860605
OCNT-2311664,YDNMVMFHJDBZIM-UHFFFAOYSA-N,4.134087303042697,4.373630856543653,4.70490488927965,3.858198834576591
OCNT-2311689,FMIDPHAHVCLBIS-UHFFFAOYSA-N,4.475516851379717,5.088955043480421,3.9073124561703882,5.2472115747292385
OCNT-2311721,SWRIFYKPRHINJT-UHFFFAOYSA-N,5.1787824722757065,5.14362005157316,4.409930136088485,4.630264498243532
OCNT-2311723,YTNJKWXYWVIMPG-SMDDNHRTSA-N,4.968503999735126,4.557945292500497,4.392776540424632,3.3401855391770736
OCNT-2311724,BDFIQPRMLMCODG-JWCMVYSZSA-N,4.470424875000944,4.048795454686298,4.708628998898649,3.3774138919972163
OCNT-2311727,QPBXRIKKGPQSAW-UHFFFAOYSA-N,4.797702220580987,4.0446104563185585,4.155617687428535,3.7657090818664556
OCNT-2311728,LQUSNRYERYWFOJ-UHFFFAOYSA-N,4.944428328361874,4.260853515397683,4.665356703900435,3.8510153641265656
OCNT-2311731,VWXNHHNSTRKTRD-YUZWYKEKSA-N,4.38144351667856,4.699080051917887,5.134928117871634,4.550281426405352
OCNT-2311737,QSAMUNMEBYLCKD-UHFFFAOYSA-N,3.987761734976907,4.607604483160709,4.558740026022282,3.7754885718777085
OCNT-2311745,NDYIXONJSDUIQJ-UHFFFAOYSA-N,4.495905084460171,4.886820984500179,4.963134528583761,4.316396466100852
OCNT-2311748,OLKFTJZESRFYGM-UHFFFAOYSA-N,5.408432774360441,5.366999927405069,4.668666852648123,5.160309712148325
OCNT-2311752,TXHFRSPUYJGUOC-UHFFFAOYSA-N,5.04285342013196,4.9827365278301,4.089377386921565,4.9311591239830666
OCNT-2311765,ZQZSFKJELGBYHA-GWCFXTLKSA-N,4.5746507155607565,3.842422481484623,4.561920184851008,3.6138999181113705
OCNT-2311769,PLTRVIGXBYDJLW-UHFFFAOYSA-N,5.319013435448306,4.869070199537392,4.838896827791158,4.529900830889603
OCNT-2311783,VTTXKWNUEYBJHG-UHFFFAOYSA-N,5.582291166038336,4.823029751193449,4.9080849480497575,4.945537600030374
OCNT-2311797,OQWDBCXAINMZFS-UHFFFAOYSA-N,5.208946843766243,4.625001376990394,4.224570424329297,4.069293459692861
OCNT-2311800,BIJKXSIAIACXNV-UHFFFAOYSA-N,4.644196871292064,4.4660911089244495,5.1785156127811796,4.143840387080947
OCNT-2311805,ZUCYBEULVWTNIR-UHFFFAOYSA-N,5.385565519357797,4.810461098113885,4.669816705641739,4.802457618572253
OCNT-2311818,BDXZIUPCZHDUKE-UHFFFAOYSA-N,4.712712156169238,3.7081750915175227,4.640181898201666,2.6073414407152065
OCNT-2311829,ZMMHEFMEZJBPCK-XIKOKIGWSA-N,4.628111709826913,3.6328850390681344,4.598601558164746,2.5746592350935393
OCNT-2311831,HOSNJLMMVKABFA-UHFFFAOYSA-N,3.9081676213050827,3.9762494227719865,4.662914395753061,3.5127953957089417
OCNT-2311834,DGUHWPMRKMJECE-UHFFFAOYSA-N,4.868933043328683,5.187732928642731,4.605545315243673,4.973998689103035
OCNT-2311839,GSZWDSMTOYIIMS-UHFFFAOYSA-N,4.866328510085279,5.192127189179206,4.163882007479386,5.088434672316822
OCNT-2311840,PWJXIYCMKSEYTR-UHFFFAOYSA-N,4.743837204432548,4.02037524416906,4.790953862270595,3.2879291335218457
OCNT-2311846,JTSNGDOVWZSFLB-MLGOLLRUSA-N,4.260797015522287,4.299361417189671,4.7317602841588045,2.860622719367815
OCNT-2311855,QEGXZVYYVBUXIG-UHFFFAOYSA-N,5.2224046208160075,4.715394699761033,4.412215288809668,4.471587022842885
OCNT-2311862,AOBRDNBXUPBCHC-UHFFFAOYSA-N,4.439034586546855,4.847204735893732,4.481031099255267,4.70990831747368
OCNT-2311886,WQIMXLYTESNREJ-UHFFFAOYSA-N,2.906576963539465,3.621715254318575,4.40094818862744,3.5693588031461188
OCNT-2311889,RBVFRCIGZGGBTF-UHFFFAOYSA-N,5.385636809688121,5.162499758038572,5.005204283032444,4.071015581686466
OCNT-2311892,NAOJMNUZHUNOKN-UHFFFAOYSA-N,5.476777346940658,4.920604776481547,4.780827336873136,4.604829755574299
OCNT-2311897,NSBQHSGIUPTPOI-UHFFFAOYSA-N,4.615877088581536,4.867410488417927,4.855790687205506,4.731507580694854
OCNT-2311909,VDVJUEFMOAEWCR-UHFFFAOYSA-N,5.012730982165642,4.92238942918956,5.516066831668334,4.667617540337444
OCNT-2311916,WYWNLPSNCOQRHL-UHFFFAOYSA-N,5.013089832619098,5.08684179003552,4.16952460081637,4.749558249486741
OCNT-2311937,JERSGWYTALKMNY-HNNXBMFYSA-N,5.085509137644809,4.872729466034444,4.8771381084176335,4.9500641936093945
OCNT-2311956,QMPNSZFQZAWABV-UHFFFAOYSA-N,4.671720261462182,4.900616518194462,4.760893403778846,4.611799564283553
OCNT-2311971,GLFWAGLXPAJCLJ-UHFFFAOYSA-N,5.507281075984692,5.191975255179781,4.786268764442579,5.490376260448415
OCNT-2311975,XKCNZKKZCLFYSV-UHFFFAOYSA-N,5.472264622523166,5.31491537965516,4.9100729865995705,4.926992944049163
OCNT-2311997,PLLPKUFSZTVBTH-SFIRGFGWSA-N,5.228511289221716,4.28238823556978,4.98910900332653,4.5379510140936645
OCNT-2312000,FRTQFAFJPFTPEO-UHFFFAOYSA-N,5.141337203706644,4.854094465008148,4.585251903202272,4.829945733526615
OCNT-2312016,CXMFJZYJIIGCDT-UHFFFAOYSA-N,4.327210838697353,4.997897567942788,4.853136705656702,5.0544501112859646
OCNT-2312020,DPQLVVYCRUDESV-UHFFFAOYSA-N,4.906647967794785,5.113941236076992,5.405092893977663,5.044846886405189
OCNT-2312033,ZSOHLKDAXCTETM-MEBBXXQBSA-N,4.598015605217568,4.425629362810746,4.709472202066962,3.194126567438897
OCNT-2312041,HFJBOFQTRHHVPS-NSCUHMNNSA-N,4.924869899018387,4.385410486842706,4.455610287929953,4.063371435683448
OCNT-2312063,ACLZYKQVCOTFGN-UHFFFAOYSA-N,4.548655638402939,4.793294673422329,4.742479582881011,4.911084936703774
OCNT-2312069,LMIAIOODQVMDQA-WJYNOGRTSA-N,5.3872150883942655,4.913801888751521,4.737368441861876,5.005170125073116
OCNT-2312074,JBYHKBDJPAJRIB-UHFFFAOYSA-N,4.918585682969601,4.656285893279487,4.452198999544858,4.09730126039995
OCNT-2312103,ZXXMWZBQFMKETN-UHFFFAOYSA-N,5.289016725797376,4.786641392635067,5.090803884870074,4.666667704879603
OCNT-2312107,UHEMPWQRYZEJBV-UHFFFAOYSA-N,4.7794784682076,4.219842130414336,4.87650297815675,3.402168651863502
OCNT-2312162,VGDYEJHSCSQLGY-LBPRGKRZSA-N,5.318049939435162,5.137597259008132,4.4745987810631505,5.181294925789477
OCNT-2312189,OQOYJJXISGSEFD-UHFFFAOYSA-N,4.561580076243729,4.728183478425121,4.764477363001219,4.264219623898261
OCNT-2312204,YCLBQJAVZIWBNG-UHFFFAOYSA-N,4.724862265609682,4.788077392733724,4.869279128517517,4.546471681453668
OCNT-2312258,GTFXEPGXKWPROT-WKILWMFISA-N,4.358364145923454,3.996410717704211,4.677668146440397,4.020847333051393
OCNT-2312272,ZFONBGVUTOBBAZ-UHFFFAOYSA-N,5.386974159185059,4.673997585474618,4.859189120200207,4.1897098595592945
OCNT-2312280,PJEMYXKINDARDB-UHFFFAOYSA-N,4.558333871198973,4.767166035573141,4.462892673021567,4.6749314561309685
OCNT-2312308,GYNQRMHTTCULMF-UHFFFAOYSA-N,4.946374604994172,4.943317011684586,4.875665497917764,4.066261229402835
OCNT-2312322,SFBJQTXZKXTYKE-UHFFFAOYSA-N,4.370570158161894,4.826522630693957,4.706497201861024,4.756911216619848
OCNT-2312351,IDXOTOSTBGIMFM-LLVKDONJSA-N,4.920413851113063,4.511656190481552,4.5791118688224275,4.308655010987599
OCNT-2312358,WCXGBOSREZEJPV-UHFFFAOYSA-N,5.0280753768783155,4.956619140102812,3.9580466428456953,4.471388678657356
OCNT-2312373,ZUSNMOKJMOPBJW-UHFFFAOYSA-N,4.853889146749959,4.941503216731086,4.717275268368564,4.3695104776640905
OCNT-2312376,UIPHQHVWOXUIQY-UHFFFAOYSA-N,5.395451425760057,4.7786389730022085,4.835257203348524,4.431040064537309
OCNT-2312385,KKWSFYUJRQXGAA-UHFFFAOYSA-N,5.141944426208509,4.744807841298583,4.759868646935645,3.866975463686557
OCNT-2312387,RDFSDZSZRPSGPR-JTQLQIEISA-N,5.083204856432455,4.346175059887557,4.990524649123867,4.864493208544996
OCNT-2312389,FFPBQUADYURRAR-UHFFFAOYSA-N,4.948475326397698,4.286728144457845,5.024726750882533,4.6690523936351225
OCNT-2312392,PQAMIQVSIIWVLA-UHFFFAOYSA-N,4.82547039657813,4.395858928001943,4.742153064084453,3.217275203857582
OCNT-2312400,VHWWQLJLNMECEF-UHFFFAOYSA-N,4.771375635033783,4.975822199396993,4.552633890897054,4.8799461003647355
OCNT-2312407,YCGWTNODMPQGJL-UHFFFAOYSA-N,4.97531193786176,4.650099463549041,4.939770945076984,4.667991607178503
OCNT-2312422,UNUXWZHOGXQRBK-UHFFFAOYSA-N,4.199016084695149,4.165741199857081,4.863764867847745,3.598185984534133
OCNT-2312443,RNYJQENSIQGTFO-UHFFFAOYSA-N,5.563465562609523,4.641281979678124,4.545045973577825,4.516971952882364
OCNT-2312465,JUDIGWCSUCRCTM-UHFFFAOYSA-N,4.671278975957358,4.893961088284012,4.171512071372827,4.126206615143805
OCNT-2312480,USKDSEPSXFSQII-UHFFFAOYSA-N,4.011829382699995,4.769478714883371,4.327274667246581,3.933911156777078
OCNT-2312493,LPKCTGUWFTZGHX-UHFFFAOYSA-N,5.2127533442994345,4.316371593653502,4.642990399276247,4.19827169837243
OCNT-2312511,PVQWMGIQWLAPQO-KGLIPLIRSA-N,4.422041879797757,4.121077040852919,4.381809675204873,3.956981398101632
OCNT-2312530,JGAKLUHQBWJHCU-UHFFFAOYSA-N,3.9615519109179194,4.456649954645574,4.590327280238196,4.52971795998374
OCNT-2312537,OFBSKHGQUHTUAK-UHFFFAOYSA-N,4.946005777666877,4.899970936221364,4.418257561806227,4.282015195269657
OCNT-2312558,JMUPJYABPJKPMN-UHFFFAOYSA-N,4.414401414842011,3.9329240477175405,4.652436056644814,2.2710895173543206
OCNT-2312567,IRHNGEVFACBSDS-UHFFFAOYSA-N,4.993219107783428,4.433316179555005,4.652713599782541,4.254954822730017
OCNT-2312581,DXIJNEODHVKRKU-UHFFFAOYSA-N,5.3058490434177115,4.573837963670862,4.6894300127943085,4.588235195828376
OCNT-2312592,BTIVUGONCMEKNX-UHFFFAOYSA-N,4.593017432112002,4.390695647438411,4.286193739997657,4.012292713633483
OCNT-2312607,QIHYSNAOCJNIRD-UHFFFAOYSA-N,5.009499816701756,4.839977531848889,4.980403132053258,4.944620113558984
OCNT-2312608,DBDCGPKJFAXMNC-UHFFFAOYSA-N,5.221448982464678,4.574787574720629,4.80958664258767,4.912685358006848
OCNT-2312616,NNSLNWDCBLFAMQ-UHFFFAOYSA-N,3.7220577695839743,4.301281947872607,4.364031307607598,4.563968893838841
OCNT-2312624,AEAYDVXZPKDZCK-KBPBESRZSA-N,5.123135128044382,3.9864098052464443,4.9528901631734845,3.3824384337301145
OCNT-2312656,XWDHGERTKVTTNK-OCCSQVGLSA-N,4.950365988259401,4.176352396692755,4.608596584043277,4.15707304244687
OCNT-2312659,FPZDMQCYMFEBKJ-UHFFFAOYSA-N,5.198735896830435,4.695667586157971,4.571942028196142,4.194722668358945
OCNT-2312668,XITUDUKCDZPINF-UHFFFAOYSA-N,4.514791548089801,4.489705124682901,4.418083754514377,4.291121073073086
OCNT-2312714,WUAZOSQKECLJFW-UHFFFAOYSA-N,4.578848315351038,4.285375249455372,4.772796199476326,4.341869828079565
OCNT-2312721,LFVLCVXPWUQACU-WFASDCNBSA-N,4.89664798606454,4.44814334525927,4.633058568788256,3.6542704343936063
OCNT-2312728,WFMZVSWBAHEUAY-UHFFFAOYSA-N,4.428832564253613,4.217827719702725,4.847377329483016,3.411905026136524
OCNT-2312731,DWVAWAZUSUBEMQ-UHFFFAOYSA-N,4.7416680225977155,4.022360019489604,4.891894090058978,3.383571001521109
OCNT-2312732,QPKBSKVSPWCCIR-UHFFFAOYSA-N,4.456798972511331,4.5712701039836725,4.431999898493776,4.071322998826182
OCNT-2312741,ZZFSIEKTPZLRNW-UHFFFAOYSA-N,5.359840428853647,4.8006895236041665,4.64441997746375,5.123227342913347
OCNT-2312742,JBILOGVIBNCUSD-UHFFFAOYSA-N,4.05157024893597,3.6809889401642923,4.747746945554662,2.711253366922121
OCNT-2312743,CTEXNEUTVYKFTD-WBVHZDCISA-N,4.678660908678131,4.204483285177248,4.710136543479711,2.6230801750541355
OCNT-2312749,ZAFLASWCWZQRCU-UHFFFAOYSA-N,5.307357468066019,4.405531176075861,4.237698611419442,3.7252767859826488
OCNT-2312760,MJSHQBKOOKTKQV-LBPRGKRZSA-N,5.2481850129279906,4.430831937583499,5.0840790210680575,4.171452718701416
OCNT-2312779,IAZSTIBERROYCJ-UHFFFAOYSA-N,3.7066081178028103,4.2603280900054585,4.75611565281524,3.924660003028614
OCNT-2312781,AQTJUFQKRCVXHV-UHFFFAOYSA-N,4.276050986884315,4.553726432918304,4.952627699281956,4.217670571250996
OCNT-2312807,SDSCCHIAXZKJFU-UHFFFAOYSA-N,4.5259797568576445,5.039430904063686,4.5480980602146355,4.352949403109977
OCNT-2312822,WYEUZHWYVCUYQY-UHFFFAOYSA-N,3.3824212683582737,4.4047740738847825,4.571436530259471,3.915474887299724
OCNT-2312830,MEDIVWVWIKCMBU-UHFFFAOYSA-N,4.387687482279708,4.658577218279839,4.874536952153888,4.768450707629338
OCNT-2312847,XVEOZZDPTYFUNW-UHFFFAOYSA-N,4.889368902347663,4.369266420398664,4.615898594521421,4.394784857006105
OCNT-2312853,KBMGYZFUIIVYPK-UHFFFAOYSA-N,5.482913349162494,4.713710944973894,4.879809580862638,5.099942798475159
OCNT-2312860,OWRGYPSJKIWUAT-UHFFFAOYSA-N,3.916456212580725,4.178105866985711,4.5303278120820485,3.6939112228207605
OCNT-2312906,WGYQLXGWKYLPFA-UHFFFAOYSA-N,5.407511122520716,5.120617958894299,4.782973407010778,4.554511375671268
OCNT-2312921,ZIGNJPLWUJFGKO-UHFFFAOYSA-N,5.962704819652722,4.82639466142464,5.380497059493168,4.585769636176395
OCNT-2312967,XLHZRAFTJKNKHX-UHFFFAOYSA-N,4.023781850033316,4.4652143060543406,4.72589443901775,3.8997018784317032
OCNT-2312969,BVPRAXPGVAOBHM-UHFFFAOYSA-N,5.652190617498048,5.069004148753214,4.270311872285644,5.08251326654398
OCNT-2312973,XZTFOQBCMPUHSK-UHFFFAOYSA-N,4.50895933128217,4.518196387690287,4.585394535908963,3.8198592395416524
OCNT-2312992,YUDPHUQAJSBUDT-UHFFFAOYSA-N,3.7671672271244696,4.51504010138637,4.916662556322106,4.215510754417714
OCNT-2313019,WRAOZYOLOJSJKB-UHFFFAOYSA-N,5.320934059976157,4.749548752772733,4.534138610234246,4.549026529056649
OCNT-2313031,RZFIMRUQWQTVLX-UHFFFAOYSA-N,3.6291735778593344,4.617876242147019,4.44772582393903,3.6900960108398797
OCNT-2313046,IPBKBWMBTUWLTQ-UHFFFAOYSA-N,4.3229907946553014,4.329353084568257,4.903402507607305,4.479005215303592
OCNT-2313067,BKMRUBBEUPJYLU-UHFFFAOYSA-N,4.030223773738529,4.2566726251108,4.851046352825579,4.047109416414654
OCNT-2313094,WFTNCVLBOBLEGN-UONOGXRCSA-N,3.7638889635504014,4.051887216410632,4.773517632265915,3.134427898580661
OCNT-2313099,XMGSKHFJBUJBTI-UHFFFAOYSA-N,5.075617730535506,4.380712269307933,4.666532061061116,4.073314212181757
OCNT-2313103,WNBIMBZYKXPHFP-UHFFFAOYSA-N,4.207414907293111,3.75543069530207,4.551275590062321,4.375392787885495
OCNT-2313107,OXSKBKVLTNYZJZ-UHFFFAOYSA-N,5.049771106429606,4.620344457809897,5.168440129576763,5.033927193133627
OCNT-2313120,HNPLJDLBILRTDZ-UHFFFAOYSA-N,5.105213375451853,4.9166833774293215,4.488493938663005,4.766505385800637
OCNT-2313133,DMKVLYVYLQRBKM-UHFFFAOYSA-N,5.528451296095448,4.301601128523808,4.688838011305285,4.324906258127087
OCNT-2313145,BLHIRVBNLSHBMK-UHFFFAOYSA-N,4.059903455554772,3.9509243459152454,4.338208483068826,3.697535211474162
OCNT-2313174,KUEFKGHTPSBWEL-UHFFFAOYSA-N,4.6310907086777,4.72414957361819,4.202670490710394,4.6215207196766785
OCNT-2313175,BQFFKKCJFAURMU-UHFFFAOYSA-N,5.192216387132694,4.932272885977398,4.411161649732813,4.6609869115108875
OCNT-2313198,JOBIHDLHMORTRY-UHFFFAOYSA-N,4.542343491657554,4.33735631091202,4.611548057685672,3.619463736108602
OCNT-2313211,LYSMXLVEIFJYBM-SJORKVTESA-N,4.75698981641041,4.010811920450825,4.8587982027957155,3.86679861932888
OCNT-2313243,JTRQTLSPUXJTCE-UHFFFAOYSA-N,5.555402168637989,5.06899165670569,4.765475299978496,4.950178851184723
OCNT-2313255,FSRWABFDKDBIDA-UHFFFAOYSA-N,4.95005270844823,4.308804089110214,4.492048145537737,4.333810126409494
OCNT-2313271,LDIZCMIHDANSED-UHFFFAOYSA-M,4.4469282916683515,4.37344546824888,4.114802287484096,3.129262263481062
OCNT-2313287,PSPNJHJLCZRMIA-UHFFFAOYSA-N,4.780332625183387,3.8644486618838974,4.30583844456781,3.551434743102285
OCNT-2313300,AMGUHAQZHHPZGU-UHFFFAOYSA-N,5.520237619235205,4.815656849644463,4.833091744861388,4.730029232638937
OCNT-2313314,RTATWVVYZGOVFV-UHFFFAOYSA-N,5.2952721384211285,4.8748911433440645,4.128329322534169,4.749654377685229
OCNT-2313326,FYIVOYFZRCZICX-UHFFFAOYSA-N,4.890708157355237,4.912368793855352,4.343017319269113,4.47108155850064
OCNT-2313366,RCUPFXKTPISMDD-UHFFFAOYSA-N,5.200935985730382,4.587399810073327,4.610789198625944,4.528073530792032
OCNT-2313374,OFYRXFGVIZMXNC-UHFFFAOYSA-N,4.710040160953608,4.174894496938129,3.8728902474623346,4.047110598801611
OCNT-2313386,OSXYWHPJKFSHBZ-UHFFFAOYSA-N,4.831125500549182,4.861555100866573,4.624027989189683,5.044300977938559
OCNT-2313393,JTFCFWFAKZPANV-UHFFFAOYSA-N,4.506929467400755,4.797137565181107,4.5215461963474075,4.336079502219648
OCNT-2313401,CFKFIYOZBUCKGU-UHFFFAOYSA-N,4.467667352372312,4.6273093864757815,5.103638965359624,4.690585346238519
OCNT-2313421,UEZFUSJYOQQFGV-UHFFFAOYSA-N,4.274951763023593,4.620407125934111,4.330829328031931,4.331652090190494
OCNT-2313433,QSCFSMUONJJUJB-UHFFFAOYSA-N,5.372842849589741,4.647999677326291,4.928037180761226,5.152359171055952
OCNT-2313460,PPLFVYMZLYWYGR-UHFFFAOYSA-N,5.450594309238308,4.88441577725828,4.5799563375540195,5.117253814385857
OCNT-2313504,RUWDIHYCVZUURS-UHFFFAOYSA-N,5.444013889762012,4.918152421743855,4.790219549330232,5.085173792239955
OCNT-2313509,YTUXANBXYDOALA-UHFFFAOYSA-N,3.6753908546746805,4.036978715143868,4.520152870489887,3.7708345082526242
OCNT-2313515,AMFIZLVJCNIIFQ-UHFFFAOYSA-N,5.1564365479983945,4.287859250847991,4.592977960948479,3.31980498581149
OCNT-2313521,KAIWQGPNSLOCDD-UHFFFAOYSA-N,4.90059511335454,4.936033714713539,5.009835022564187,4.551690882424634
OCNT-2313522,NXAQFXFUPZLHKK-UHFFFAOYSA-N,5.261438338058149,5.1794458944447035,5.118013399177423,4.86161521208178
OCNT-2313532,DBEMDJCSEVHWPT-UHFFFAOYSA-N,5.25191009030769,4.632133858124184,4.490799317587041,4.761714629226836
OCNT-2313558,OIPJIZBECNFXGT-UHFFFAOYSA-N,4.793564773167121,4.353535227294419,4.71275269742505,3.958989641103965
OCNT-2313567,DHNZZMXDGCZABY-UHFFFAOYSA-N,5.440468103650884,4.688426497061562,4.566247586407517,4.179807420432321
OCNT-2313581,RJDNHGAQACJKRG-UHFFFAOYSA-N,4.628154693436967,4.670818000808926,4.911039311789253,4.319055683300801
OCNT-2313639,UUDRQUDXXFGXLQ-UHFFFAOYSA-N,4.619670080004387,5.066924456812481,4.253735768683187,4.875435393071431
OCNT-2313642,GGXUBOXSDLLLRW-UHFFFAOYSA-N,4.6496150399325895,4.086001690829932,4.452061675601852,3.584652235234432
OCNT-2313643,YQHXRQUOFRLUFK-UHFFFAOYSA-N,4.545728071479951,4.616495721201479,4.464273517298108,4.043357885778001
OCNT-2313645,FRCQMDKKZZBGTP-UHFFFAOYSA-N,5.606887658747245,4.400405321955166,4.625284188647482,4.465147150525427
OCNT-2313652,CEMCKNGTJNXVBU-DNVCBOLYSA-N,5.027807001983837,4.603082132028201,4.744261250412849,4.773956901338587
OCNT-2313664,PDHFEWSJRAAGIE-GUYCJALGSA-N,4.237224983045883,4.5091766872277015,4.987844394868437,3.7840734777851144
OCNT-2313666,SSOPMQGHWIWDLU-UHFFFAOYSA-N,4.468502981039516,4.072240859973164,4.635748053944159,3.000564921058063
OCNT-2313667,NWIQZCQGBSFWSR-UHFFFAOYSA-N,4.21975917869377,3.9607175682766784,4.709136315311494,3.5754870126930127
OCNT-2313671,WGKDQQWFANDLEP-UHFFFAOYSA-N,4.48910118988375,4.3659013612882545,4.66834084046904,4.119510261106695
OCNT-2313675,YDFOSAZBCLLMBO-UHFFFAOYSA-N,3.7041385630833177,4.230243050867875,3.9734701510479,4.17128851731989
OCNT-2313684,KTXGZAHGTOTYGL-UHFFFAOYSA-N,5.4704364155676295,5.18507958936335,4.30655531205765,5.0483576237531915
OCNT-2313708,NDFPYBQHVQZPMN-UHFFFAOYSA-N,3.7812606167615836,3.693338045195128,4.814022979617638,3.650624458365954
OCNT-2313710,BIFLDVCMWKAYEW-UHFFFAOYSA-N,5.05092394463124,4.310092659612501,4.662877069710296,4.415015578907205
OCNT-2313789,OORSXFVBXLFCHO-UHFFFAOYSA-N,5.451032647402022,4.731503946407758,4.930858227891041,5.141306017951797
OCNT-2313792,UFRFFDWQHAVRIU-UHFFFAOYSA-N,4.824739708532834,4.239266181267805,4.577088474965334,3.903741483433572
OCNT-2313804,UTFJVWIFVHWOCG-QMTHXVAHSA-N,5.029535540720218,4.054549590919899,4.53600375223458,3.9175300486803164
OCNT-2313808,MKQBWARPRLEMRM-UHFFFAOYSA-N,4.894547299414246,4.263915939392598,5.195259346010424,3.6646022104509246
OCNT-2313826,OSJLPZDRGKVMAN-KBPBESRZSA-N,4.058421392261323,4.724529600189134,4.651982129827052,4.011216092705559
OCNT-2313839,GPJFIUFMOSAZGL-UHFFFAOYSA-N,4.167635035928672,4.032164222592305,4.606170471275601,3.2672328980792456
OCNT-2313845,CEZWATQPKVMJIE-UHFFFAOYSA-N,5.147920322040357,5.2306412815846945,4.244788619626037,4.969429967009888
OCNT-2313867,XCJBZSLPRJLGAD-UHFFFAOYSA-N,4.855007367046321,4.5484898333961645,4.609624491121768,4.771632675126623
OCNT-2313871,LYIQMTLUFSULDO-UHFFFAOYSA-N,3.9741376690868693,4.513058404277751,4.5267262684848895,4.4786681554334855
OCNT-2313887,PEIDMFGKYSEABD-UHFFFAOYSA-N,4.7552037461819525,4.664800558403169,4.3789984700500515,4.470074392042463
OCNT-2313897,QVFHSMGCYHVHEX-UHFFFAOYSA-N,5.020000352520265,4.5763128493071354,4.803078970719663,4.282193942463661
OCNT-2313909,UZRQOSFDZJTFGF-UHFFFAOYSA-N,4.460512700698298,4.627892366339769,3.6350310363863994,4.012716615925865
OCNT-2313910,LSRTWYOTIFENKS-UHFFFAOYSA-N,4.456460377068508,4.440640766108152,4.953582449332702,4.013677992771203
OCNT-2313912,MFQUCJFOGBKLIU-UHFFFAOYSA-N,5.066592967407951,4.6200962954322335,4.622312172095231,3.738814304620436
OCNT-2313939,LCJHPXYBKAHYBP-YPMHNXCESA-N,4.493675887406429,4.658849597509754,4.7152050824369525,3.918826530348607
OCNT-2313944,NUKPHKXLLJXVFK-UHFFFAOYSA-N,4.568145938806782,4.923581779314778,4.2724616231514885,4.936852715038594
OCNT-2313949,HYDMJJIQJHFVMR-UHFFFAOYSA-N,3.9363715891292794,3.6836184833051044,4.681371357276099,2.570030300149851
OCNT-2313954,WGRJKHRILGAHPP-UHFFFAOYSA-N,5.070053769600778,4.314565609986016,4.83520436370495,4.19835335679038
OCNT-2313984,CVPBNALLHHKCFW-UHFFFAOYSA-N,4.422708740809051,5.034247608230932,5.421454864987179,4.9077019929812
OCNT-2314011,UXHPOOLMZAWLIS-UHFFFAOYSA-N,3.9522244141875342,4.50993994749936,4.597413683583148,4.364739429182023
OCNT-2314017,LEQSLZQFYHLUIU-UHFFFAOYSA-N,4.791434166888429,4.713367637720001,4.958011907011174,4.429083771221938
OCNT-2314033,RJCXPEGJXBHJKB-UHFFFAOYSA-N,4.506717509407324,4.040614849478502,4.438054430063007,3.319958283138262
OCNT-2314036,GJSVSPJKICEEPA-UHFFFAOYSA-N,4.087468334542497,4.275408007357678,4.4540887154221975,3.4304963451157287
OCNT-2314041,ZUYXKEDIFSQYBY-UHFFFAOYSA-N,4.545050714343445,4.730550254693876,4.427344885203618,4.841475325160622
OCNT-2314054,VQVPXYROELRNLE-LBPRGKRZSA-N,5.4089775106197,4.741712246250372,4.909197418249611,4.942360371544871
OCNT-2314062,NEGKAPWDJURIMH-UHFFFAOYSA-N,4.86070308131369,5.053914953043416,4.451726278825642,5.323279744799382
OCNT-2314067,BBVBTGGZKHONFX-UHFFFAOYSA-N,5.128791380661659,4.984617276100587,4.3884007796983,4.660224687352508
OCNT-2314073,DIYUFBAIKTZZNR-UHFFFAOYSA-N,4.778527081537619,4.682288652353621,4.603072376717803,4.0643394071749235
OCNT-2314074,GHSVIASTMJPJAL-UHFFFAOYSA-N,3.9532003383431613,4.058007991887569,4.386719345520415,2.815092907805938
OCNT-2314127,ZWKPLPQOZQTTCU-WDEVSDKISA-N,5.064150719119077,4.751131916618061,4.814552685284067,4.437191332864319
OCNT-2314135,UHKMGEDTTFFMSI-UHFFFAOYSA-N,5.627492321325997,4.975307819966456,4.948626925944233,5.024016403375224
OCNT-2314148,RVTZNVLWCXLJPL-UHFFFAOYSA-N,5.2031256668291554,4.718355081357481,4.577474448020815,5.126935111318856
OCNT-2314151,LXJKAAXWGFNAFK-UHFFFAOYSA-N,5.106560727803041,5.0257048023423545,4.279160477447414,4.554384481751555
OCNT-2314172,VEUVBVWSGSYXGX-FZMZJTMJSA-N,3.8918422065750113,3.473895449315721,4.391579038581112,2.3296303745720417
OCNT-2314176,ZERPZYBRMRUZEU-UHFFFAOYSA-N,5.601121410983353,4.788502384135745,4.691699679252314,4.044961836465107
OCNT-2314182,IVCDGKPHARCRJC-UHFFFAOYSA-N,5.40281889727621,5.417761694083065,4.7199079158093165,5.617250313397192
OCNT-2314199,JATURAANLPDRKL-UHFFFAOYSA-N,5.256755038648543,4.571062577355928,4.152664329640172,4.832143018490351
OCNT-2314210,MVNQOYNSBTYFJP-UHFFFAOYSA-N,5.217608030928817,4.757008596361537,4.690795490721564,4.329211304029235
OCNT-2314213,VLJKAMHQYUPXEX-UHFFFAOYSA-N,4.832272952606814,4.717141616979477,3.975438546524766,4.535203327116713
OCNT-2314215,DIPOULUMVHFNBF-UHFFFAOYSA-N,5.31192200096241,4.650617430264551,4.570627294790364,4.386365945426388
OCNT-2314254,PNZYMSWQEYPOPA-UHFFFAOYSA-N,4.810890993840683,4.862412023939328,5.111143219073038,4.8328873470808
OCNT-2314266,VHVGLSGEIFKTCG-UHFFFAOYSA-N,5.092515025952747,4.581546124625913,5.269943105876822,4.2867013455652465
OCNT-2314267,KLULEELEFHAFLA-UHFFFAOYSA-N,5.236347035475672,4.817555917458568,4.378235331640314,4.89250359067994
OCNT-2314275,UOAZSMRAKRPPSF-UHFFFAOYSA-N,5.27158849240026,4.610739088528881,4.860359685503987,4.382890775123812
OCNT-2314279,NVQLRNPGJMCFJN-UHFFFAOYSA-N,5.222725717387323,4.795032464829965,4.437385894433932,4.647777954224881
OCNT-2314283,LKHLFUHYEJGOEG-UHFFFAOYSA-N,4.068676687368948,4.560136507355644,4.423597980201855,4.6076747190708085
OCNT-2314295,KFADPKUTZZVLIQ-OAHLLOKOSA-N,3.981192663341608,4.348591888224438,4.504605443241692,4.997607695716127
OCNT-2314306,FAIPFRSDTGEWBZ-UHFFFAOYSA-N,4.940196898730821,4.613465811068492,4.3830393545373125,4.545797850071377
OCNT-2314310,CRRWDCQIGUFMTL-UHFFFAOYSA-N,4.612956246168357,5.266359747236978,4.371410643621263,4.985226849472029
OCNT-2314321,WDVWPZGOCHWSJT-ZETCQYMHSA-N,5.038990177502109,4.336700288132065,4.28923514953084,3.6983604897251645
OCNT-2314341,KBTGNWQIXXNKTI-UHFFFAOYSA-N,4.805032765079291,4.312768644455522,4.508238464581063,3.716742314107563
OCNT-2314354,MILIOGNESIKGOH-UHFFFAOYSA-N,4.505342014289213,4.066741779072394,4.811176212184587,3.657985266128226
OCNT-2314381,AVLOASHADGUSOL-UHFFFAOYSA-N,5.301589522867029,4.501770471213652,4.660034324652668,4.685770762122152
OCNT-2314387,ZPNRFLVQUATPER-UHFFFAOYSA-N,4.464693137413177,4.525207159893173,4.464374195270532,4.645803190902947
OCNT-2314397,UAHSWNYRQYPIEV-UHFFFAOYSA-N,5.120956968129367,4.531637765707869,4.388947544067648,4.1139942836809515
OCNT-2314402,XTZRHLYNKPNFJU-UHFFFAOYSA-N,5.192812638725978,4.7854417667006635,5.0825382244657655,4.679391225556166
OCNT-2314405,BFEUJJDBPNVUAZ-UHFFFAOYSA-N,4.961361061717502,4.83586414791139,4.808416867952741,5.03133177419402
OCNT-2314433,PDCGVJNVWODTOB-UHFFFAOYSA-N,5.168574778948988,4.6840774534047975,5.233664347876515,4.349717836254923
OCNT-2314454,XXQZZAVTJKDDAX-UHFFFAOYSA-N,5.375662125447108,4.184718610322706,4.159592624733436,3.432351864125117
OCNT-2314482,SCENQOKIKYBZGN-UHFFFAOYSA-N,5.334683694392213,4.829266543024236,4.192904839840145,4.53520544757829
OCNT-2314502,UPDFXVMQTKYTKC-UHFFFAOYSA-N,5.725685594593213,5.285337962353451,4.071178204731367,5.06305751124502
OCNT-2314524,LQVTYUIEGKMZHO-UHFFFAOYSA-N,3.954001803304049,4.424675611409465,4.5051208868040336,4.659212690261921
OCNT-2314537,DSQFTSWIPOKTPP-UHFFFAOYSA-N,3.8046531238611614,4.5265503456075,4.5700159049766835,3.368762247271182
OCNT-2314539,CDMXNTHBKPPMIJ-INIZCTEOSA-N,3.7744753548022243,4.282789678098197,4.554207958559386,4.1609891004466695
OCNT-2314547,LATOOSZSOUGHJE-UHFFFAOYSA-N,3.773727531391105,4.5087001352113125,4.197655272127936,3.8329019658616703
OCNT-2314559,BRLCJROZNOOQAY-UHFFFAOYSA-N,4.759350164721158,4.948075595432601,4.35028231284078,4.80022327968321
OCNT-2314574,VMMAOGVIBOQCRR-UHFFFAOYSA-N,4.644580149499665,3.9703122623797515,4.483857749819874,2.8841567284761163
OCNT-2314575,LOQPWSNDFNSRCO-YOEHRIQHSA-N,4.017915921117982,4.146257786136546,4.667244596734446,3.5430325327536183
OCNT-2314586,SMPWASMRDISMMM-INSVYWFGSA-N,4.231825881628586,3.869219164610437,4.548500851146997,2.8261781465593017
OCNT-2314588,SGAGKBYBXBBBFW-UHFFFAOYSA-N,5.250781367584668,4.904789246574517,5.4180807441253895,5.222028339986763
OCNT-2314592,QKNOSEMAOFCOMM-UHFFFAOYSA-N,5.237362067123424,4.286164525873432,5.003514311282869,3.6506206754062096
OCNT-2314609,RASBLIZWRZHKCZ-ZDUSSCGKSA-N,4.302979363344653,4.17987552104015,4.4680896960715994,4.050028017516662
OCNT-2314616,HUIABVFTVYHWJJ-UHFFFAOYSA-N,4.459008481851183,4.303364374473669,4.827170903605502,3.4429962593608887
OCNT-2314630,LSLIEHCSXLSEBB-UHFFFAOYSA-N,4.808846420645732,4.87626302252551,4.852960190180582,4.6452053929266475
OCNT-2314632,LAXFUTMBNOBLAP-UHFFFAOYSA-N,4.137020979570873,4.071971792400085,4.000666704978646,2.6453749605906554
OCNT-2314682,PHJZMKYHWKGXEO-UHFFFAOYSA-N,5.111097627924011,4.312444344472808,5.097884827370559,4.195247606871935
OCNT-2314683,GKYGLOCHFIRIIR-UHFFFAOYSA-N,4.924843632281064,4.931574767537125,4.467301796828656,5.067907630653974
OCNT-2314705,PALLJXRWIIGYCG-UHFFFAOYSA-N,3.6134521618679614,4.162212532342415,4.745026201707638,3.6911447709939695
OCNT-2314706,QXPYQRMVAGAKQV-UHFFFAOYSA-N,5.262836013064999,4.802462679703138,4.593500673154644,5.066141698602047
OCNT-2314724,RXXQUZGRACSXLB-UHFFFAOYSA-N,4.1526917816984135,4.30505442886375,4.70190852989857,2.91161980906565
OCNT-2314726,USHNZYKNXBMNCZ-UHFFFAOYSA-N,3.49118852682412,3.489956165606289,4.852515676194376,3.36503645167093
OCNT-2314744,RDICYFQRZMFODS-MFKMUULPSA-N,5.152070335108402,4.679788657092725,4.925430948008356,4.61448254882427
OCNT-2314750,HDZXPBGQDAEJGU-UHFFFAOYSA-N,3.8528478029557793,3.5610310803288923,4.8275570284033416,2.8079135841447793
OCNT-2314759,YWMOZLLJWDAVMV-UHFFFAOYSA-N,3.908320990709687,4.182834197581051,4.672241192589527,4.332303522595378
OCNT-2314770,CVYZOTQELJXXRO-UHFFFAOYSA-N,4.304540730966696,4.043512775489281,5.001236238250579,4.128452661151912
OCNT-2314796,QWGZRNQOLUAEIB-UHFFFAOYSA-N,4.52785229569219,4.466788095382052,5.164125439191317,4.349412978680535
OCNT-2314805,OWUMXLCYZSGLOQ-UHFFFAOYSA-N,3.5787907382637174,4.5222753451595095,4.60639830157356,4.176050276540793
OCNT-2314816,UVTFRJCSVXDRSZ-UHFFFAOYSA-N,5.067550288412197,4.46440703421169,4.747227669192912,4.010583285886434
OCNT-2314820,YDZMNLGKLZGCSU-UHFFFAOYSA-N,5.031918472436467,4.872740785727745,4.779739143963181,4.395235091150242
OCNT-2314853,PUEJSMDTGQUQIA-UHFFFAOYSA-N,5.103397939590743,4.839115172926468,5.007468043556026,4.651028869493228
OCNT-2314859,GTHFTMXIWHJARY-UHFFFAOYSA-N,5.127494669173258,4.946730203276366,4.651819593342234,4.847626193933008
OCNT-2314864,IZSWTCQKDZJSHD-UHFFFAOYSA-N,5.034399688818244,5.183059407931312,4.835446604906928,5.153273531941722
OCNT-2314866,PUVFNUJBXLULQY-UHFFFAOYSA-N,5.137327694498553,4.705106622770019,4.597308734517287,4.95413124363836
OCNT-2314875,KLXUZEOQTNJRRF-UHFFFAOYSA-N,5.168769966613209,4.968928739968223,4.742041090447897,4.380140952299555
OCNT-2314895,KNTPHJCKWPHKJW-UHFFFAOYSA-N,4.505195958930379,5.051526373805761,3.90428319948575,5.098273011860108
OCNT-2314899,NZQDVNRULUOBED-UHFFFAOYSA-N,4.538397894834205,5.008138360576378,4.022060913167184,4.26449722740496
OCNT-2314929,WYRQUHYUCVJXLF-UHFFFAOYSA-N,4.3607171580728545,4.705944022415052,4.644491671923998,4.26907650319892
OCNT-2314960,CTBCAGWGSNTRHE-UHFFFAOYSA-N,4.200987757148273,4.3118297183970045,4.887763827839805,3.927782116270666
OCNT-2314992,ZBKBXXMIEOKEDU-UHFFFAOYSA-N,5.264465411365713,4.5661113638854784,4.589301476514729,4.243145324385695
OCNT-2314993,PHELUAMDTXQCHI-UHFFFAOYSA-N,4.22697304867141,4.451046060715448,4.614280594145487,3.135521012999636
OCNT-2315001,BXAIWANBKAGJGC-UHFFFAOYSA-N,5.077991860223767,5.189710763918384,4.559533067507156,4.8533900337027545
OCNT-2315007,KPZHOTAFRDKLBB-UHFFFAOYSA-N,4.985540598036469,5.228490292027329,5.141747187605897,4.368812568657335
OCNT-2315036,BUVFEHNROMUBNS-UHFFFAOYSA-N,3.5690368051884147,4.2442107962457865,5.18122072868198,4.147146822825453
OCNT-2315050,VXFXFMMWFUFBAR-JOCQHMNTSA-N,4.783446228626311,4.4850530787801945,4.691315774555756,3.7438667134601946
OCNT-2315056,LBCJOUUDNYKSSR-KRWDZBQOSA-N,4.731724442187784,4.935428588386462,4.808202395198472,4.463633077745692
OCNT-2315079,YCHNKCQNPQJYSD-UHFFFAOYSA-N,4.701861884027751,4.203583984488753,4.61364064854461,3.324000091462548
OCNT-2315082,WCQPNTIVTWMJSZ-UHFFFAOYSA-N,4.939532680352189,4.595347658601154,4.974051623879816,4.193712686832103
OCNT-2315103,FWQGELGUVIJUCC-UHFFFAOYSA-N,4.019781154260619,4.893041353556606,4.659784083592669,3.767958208660443
OCNT-2315126,VJHDBUJUYUPJJI-UHFFFAOYSA-N,4.895271350582578,4.363171450738716,4.669500753976161,4.452546687693954
OCNT-2315131,FDGLXIWOBFIFIJ-UHFFFAOYSA-N,5.026278997666147,4.5549034102366015,4.58303912346323,4.412721088461314
OCNT-2315133,AHQNKQQOLTVRAI-UHFFFAOYSA-N,4.5693385139126255,4.0433495250648,5.386573665176655,3.810200828216049
OCNT-2315149,YCVRUZSBJRNHDW-VQIMIIECSA-N,4.665113114810804,5.2665719264566535,4.392226795960989,5.1770061435951025
OCNT-2315153,FEROKVSYPLWBAJ-UHFFFAOYSA-N,3.665592591523023,4.722913640197688,4.927473371618857,3.231602927173902
OCNT-2315165,PJVFRSPLCNBIGM-UHFFFAOYSA-N,4.642586728299904,3.90969429958562,4.658790764752954,2.7037580993775223
OCNT-2315172,SUGLTFAJWIOHPU-UHFFFAOYSA-N,4.031561843447014,4.681969268528903,4.6139377093477085,4.72500984345093
OCNT-2315178,NMGBMHHLXGGQSX-UHFFFAOYSA-N,4.222438972925334,4.372183758428905,4.4563528592351,4.1941116180044045
OCNT-2315186,MVVQOOQOXKXXNX-UHFFFAOYSA-N,4.5913784530456105,4.497198402166509,4.518358224083559,4.1525909106511305
OCNT-2315195,NMOWDWMKIBNABG-UHFFFAOYSA-N,4.76074139161519,4.763271605967338,4.8927926057549405,4.742705945447347
OCNT-2315200,XDSNDYXIMICPRR-UHFFFAOYSA-N,4.780019979986999,4.922807426716091,4.519421741097081,4.2426894357946034
OCNT-2315201,FLSQQEOSBFMSDU-UHFFFAOYSA-N,4.983068623289075,4.820343577216358,4.8648727631860895,4.946374571349398
OCNT-2315213,DGRCPXUHDLNDFW-NSHDSACASA-N,5.070963169770737,4.128181450686474,4.252621021423529,3.523326033885474
OCNT-2315226,HRGHCIWBUYKSCA-UHFFFAOYSA-N,4.88682574139292,4.53957370245726,4.772272462589712,4.3660647064820175
OCNT-2315252,WXHNIZSHBMNFPP-UHFFFAOYSA-N,5.299551077294989,5.285121943465661,4.956133287920314,5.260804151928361
OCNT-2315259,FKGZTTKABGMFKO-UHFFFAOYSA-N,5.580671819628177,5.163416913117112,4.667912787296772,4.757672565357725
OCNT-2315263,MZFRIUHVVSLKNK-UHFFFAOYSA-N,5.29280827108086,4.595030428232386,4.831047705617889,4.0907457084621335
OCNT-2315296,HZJWQJHQWQCMTO-UHFFFAOYSA-N,4.875220940424164,5.217811840958355,4.058016276661946,4.8258156184348815
OCNT-2315308,LKYSPIBWGJDZSC-RDJZCZTQSA-N,5.042018337237418,4.5415443819153785,5.003716241894156,4.805104266859644
OCNT-2315329,RASGZHDTHAJHKS-UHFFFAOYSA-N,4.543336851715199,4.720828456723556,4.341699180780685,5.05340156541925
OCNT-2315331,NVIPJYUDRHGQJO-UHFFFAOYSA-N,5.024089115929674,4.803542311018009,4.511786000896372,4.298738058355874
OCNT-2315333,CJHXDOWULUIHLK-UHFFFAOYSA-N,4.713389759803387,4.721337346947678,4.395459972901342,4.470530875409805
OCNT-2315338,DJMHLIDBQJJDOT-UHFFFAOYSA-N,4.855799663138099,4.841930507964764,4.033266303761932,5.111181652140802
OCNT-2315342,AJLGKZFVBQWOMF-UHFFFAOYSA-N,4.50424176268178,4.370437315913899,4.865060797679809,3.7331991808983234
OCNT-2315349,WFVSDBTXMRGQAP-UHFFFAOYSA-N,5.566963563920743,5.075651568766471,4.742746264096263,5.2833677207738665
OCNT-2315363,YBMMVWJJHJIUIW-ZIAGYGMSSA-N,4.843011301212812,4.386375193005281,4.71319216197459,3.532217547583131
OCNT-2315371,YVQWEUNHKAAVOA-UHFFFAOYSA-N,3.8110890597948726,3.901472570054887,4.301303450758917,3.377160661937679
OCNT-2315417,FQTOHOCJEYDRRG-UHFFFAOYSA-N,4.569458616804695,3.966067425303539,5.113789360842116,3.754059263954891
OCNT-2315433,KBOZBGOGXVJYQF-BRQZFJGMSA-N,3.962539709392455,3.9268198316731877,4.608316697397842,4.073629320832698
OCNT-2315444,LINUEMAWVXHAKO-CRAIPNDOSA-N,4.692277871954338,4.422725268031263,5.027054712794801,3.5843258210455518
OCNT-2315460,FROSMHXGVUTODR-UHFFFAOYSA-N,3.9756581736439354,4.282907647533541,4.691841605672341,4.004299498078393
OCNT-2315505,HLRHRWSRSVLASR-UHFFFAOYSA-N,4.895112446470896,5.158708822131081,5.209457351901252,5.293255797032571
OCNT-2315508,UERZMAGKKQJDCW-UHFFFAOYSA-N,3.6036152846410805,4.224978418567688,4.4992258331171575,3.166739588561264
OCNT-2315514,IUZLYQRADKSHLN-UHFFFAOYSA-N,3.6396985434188998,4.8097429444266036,4.888032763142208,4.1919562090764675
OCNT-2315543,GHBJCJPSHWBOJK-UHFFFAOYSA-N,5.439255114269737,4.44891613304075,4.962140007159929,4.9577867807668685
OCNT-2315568,GCZWMXIZJQSSJV-UHFFFAOYSA-N,4.9837548950967605,4.355018635802606,5.073241390329118,3.9154828477531134
OCNT-2315583,HYJXGOGSQCUIGI-UHFFFAOYSA-N,5.02166500583232,4.317369892727754,4.430432612009811,4.456570740973064
OCNT-2315589,QAWOQFIMBHMFMT-UHFFFAOYSA-N,5.682459701489493,5.089914283593752,4.496869319480996,4.91241706369887
OCNT-2315610,RUAGYLLVGYPLQJ-UHFFFAOYSA-N,4.108749913000592,4.588735306422923,4.324099563772599,3.881815911464695
OCNT-2315611,GRHXBVIMQMYABG-UHFFFAOYSA-N,5.25486432760654,4.783727212042894,4.137679462693144,3.8506213839923933
OCNT-2315615,PERIRYDITADLRX-UHFFFAOYSA-N,4.457959944510803,4.425947648550265,4.392019489811578,3.798326087929717
OCNT-2315618,OQNXHUMGKSWJDA-UHFFFAOYSA-N,5.542296490210149,5.077379522150237,4.736186474720812,4.6877649862936135
OCNT-2315621,DUVALDLJIYQNBJ-UHFFFAOYSA-N,4.437601623776053,4.998758464721249,4.560713721168835,4.1715082749004395
OCNT-2315654,OLJFNVZJUWIQBA-UHFFFAOYSA-N,3.9566731000587088,4.060099512427329,4.845298168345481,2.8207276448256478
OCNT-2315684,PDLOAELCEZJLJG-UHFFFAOYSA-N,5.064767195773056,4.4858575712071165,4.426660135112377,4.1493792883090554
OCNT-2315688,QJHGNLFVGCRXSJ-CQSZACIVSA-N,4.250358940920351,4.4201009345640205,4.661626046782969,3.958019461754667
OCNT-2315690,CCOWGWCBXJNVNW-UHFFFAOYSA-N,5.059817018833004,5.014923575012148,4.751872926827317,4.328538447276835
OCNT-2315702,SLSYBPBKTDBVFO-UHFFFAOYSA-N,4.197906277728604,4.330232712477716,4.603643396043998,2.973680540753374
OCNT-2315727,BKVJWZUCLLNQBZ-UHFFFAOYSA-N,4.571460552045968,3.8639131974151812,5.0711700147155865,3.973609377225806
OCNT-2315765,RNTOIGRBODRYSF-UHFFFAOYSA-N,4.850742617681352,5.163107193488358,4.16215055527022,5.076807248021759
OCNT-2315778,MHUIEAVAYPDUIK-UHFFFAOYSA-N,5.015237612958596,5.066682376850834,4.625311943788209,4.400952043590094
OCNT-2315779,VTXNZXOBDCSWOG-UHFFFAOYSA-N,4.628731820537874,4.134490900158642,4.870367923333231,4.049344276691561
OCNT-2315780,ZUWJKCQLZRWURZ-UHFFFAOYSA-N,4.737729605485824,4.247006546125407,4.261075480011213,4.430126188286517
OCNT-2315799,KSABBJQXOFJFMB-IEBWSBKVSA-N,4.899367564941968,3.993039236753915,4.660068408300042,4.394364038358746
OCNT-2315832,RKIRNVHTEYUZIG-UHFFFAOYSA-N,4.240713636761002,4.21604940450203,4.988890659492453,3.704636334782716
OCNT-2315840,LAIDWRUPIKZGLH-UHFFFAOYSA-N,4.709386751944857,3.6893190833572316,5.064730465955033,3.594401635298968
OCNT-2315851,ABEXPSKBOVMHEU-UHFFFAOYSA-N,4.586573712606938,4.132297086817718,4.57419378673913,4.729310160617367
OCNT-2315865,GNYQIMZCLGCRDQ-UHFFFAOYSA-N,4.850444446977388,4.4922771301612165,4.3543804732032605,4.3633157877770845
OCNT-2315870,COGRYNSHDIJCGF-UHFFFAOYSA-N,4.204757993517613,4.057065429209137,4.420839853476863,2.467251318437245
OCNT-2315878,OAKQXSLAVRBBFO-UHFFFAOYSA-N,4.051088027180744,4.121291741446696,4.989092002065783,3.415205642740793
OCNT-2315893,NJWPFCZHUWORBI-UHFFFAOYSA-N,4.764813075317977,4.291815569241986,4.939123207460468,3.7051211549164047
OCNT-2315895,XSYKQYURMSKXHU-UHFFFAOYSA-N,4.041005107766273,4.179330969370837,5.089558541784088,3.676304266166334
OCNT-2315903,AUWZLAUAWCSWCW-UHFFFAOYSA-N,4.686040173128706,4.519079503354338,4.870426028441971,3.7895610739963965
OCNT-2315906,FJQDILFBCXCGIP-UHFFFAOYSA-N,5.717303771920687,4.61235698501198,4.480717501340658,4.677360837029367
OCNT-2315908,WMYCJMKODWMDQF-UHFFFAOYSA-N,4.472538277011582,4.873657284466649,4.206513582800901,4.310299653459942
OCNT-2315912,OCEJKASXGMZNKH-UHFFFAOYSA-N,5.598796396522361,4.405195978128196,4.762299928576872,4.278169289856252
OCNT-2315934,FFOPUDGTPLZMOT-UHFFFAOYSA-N,4.770696162960851,4.121993944765023,4.769329122985024,3.925530781616218
OCNT-2315937,RVDWAGALOWZBAV-UHFFFAOYSA-N,4.715828536691965,4.408434890125414,4.768199456210237,4.157163162259904
OCNT-2315945,BSDLDEUSTRLQEY-UHFFFAOYSA-N,3.7647316707871092,3.818413529885465,4.451233721002854,2.76903330587359
OCNT-2315946,MIOSQEBNSUQYQJ-UHFFFAOYSA-N,5.166275422690713,4.702408531759568,5.164703587999923,4.681967770963304
OCNT-2315950,SQUDKELOJLLRRO-UHFFFAOYSA-N,4.948480644658449,5.333812204786712,4.383069616783648,4.9617359593087205
OCNT-2315965,OGVLLYXHLIYWNR-UHFFFAOYSA-N,4.4950591329711145,4.117599655959134,4.726214992024463,3.7706084518145095
OCNT-2315982,WSRRLCNILMYAGW-UHFFFAOYSA-N,4.121180067413388,4.353282461061256,4.009807510501554,4.725806301714955
OCNT-2315988,KDWINTKNCFXETQ-UHFFFAOYSA-N,4.939614373049311,4.241595039047721,4.214958325968341,4.1292239566103115
OCNT-2315990,HDIABXPHKYTLHK-UHFFFAOYSA-N,5.589194075388858,4.963757081882873,4.41587280668117,5.080445022104512
OCNT-2315991,OXEBQHUGNKQHBU-UHFFFAOYSA-N,5.022601045403149,5.2112177683011,4.90451027831374,5.026743788380128
OCNT-2315992,PHMDDIHADNUCSF-HZPDHXFCSA-N,4.717686884312301,4.1879329776753496,4.389472445166087,3.9334992208282067
OCNT-2315994,LQLLHNXDSQWNGR-UHFFFAOYSA-N,5.853573219269794,5.063313867461522,5.216218971010941,5.2793794782825945
OCNT-2316037,XGQFKAWKVLIBAF-UHFFFAOYSA-N,4.948534683198453,4.314984468579936,4.633408039811103,3.570823930608611
OCNT-2316049,WDWXLGUKGPSCJB-UHFFFAOYSA-N,4.646715427051154,4.818568290860088,4.32616821452657,4.723842687017761
OCNT-2316070,JGORGCVKTVDGCF-IYBDPMFKSA-N,4.939350339646502,4.415874109867013,5.344534928323611,4.14259749384692
OCNT-2316093,GGQJTMVJNYFFAV-UHFFFAOYSA-N,4.21564951376919,5.124127387075257,4.403488248136147,4.827040084249311
OCNT-2316110,XGAWENUTRCFJDI-CYBMUJFWSA-N,4.946524040847584,4.329131346893116,5.065726092524434,4.014039433208617
OCNT-2316121,HBIXLLBPTHZDRI-UHFFFAOYSA-N,5.143632042651959,5.153567045468475,4.667160576347472,5.022330819101575
OCNT-2316132,GUDHSXTUPPEPPK-UHFFFAOYSA-N,5.216277509465511,4.430419929863914,4.759287348364818,4.660966216998856
OCNT-2316141,NLJQZNHEMSUVFB-VQIMIIECSA-N,4.484092852627986,4.616427223705986,4.705081991882888,4.2359963071340605
OCNT-2316170,WQSJTLOSKGORSG-UHFFFAOYSA-N,4.801021738978838,4.605941857954905,4.502698112361374,4.309086520354661
OCNT-2316180,CLOQRBMETQXCIE-UHFFFAOYSA-N,5.5707971798828835,4.485394500045722,4.364762405237269,4.681191981266367
OCNT-2316181,JMYYWDLLJQSPOB-UHFFFAOYSA-N,4.96744711599444,4.5904469779371375,4.6979382200423,4.650832898715978
OCNT-2316196,UPXQXMXYQKKYRX-UHFFFAOYSA-N,4.395418397544714,4.3679851335900315,4.732189484090012,3.2183614745741203
OCNT-2316204,IAUITTZWSOAVCK-UHFFFAOYSA-N,5.096430923437491,4.467122379294344,4.92404714507332,4.036287189012258
OCNT-2316207,UDWPCCDEHUZNNF-UHFFFAOYSA-N,4.636662083282949,4.661945998885297,5.639168848000995,4.857461984356102
OCNT-2316216,RUVPZLYIFRKSKE-UHFFFAOYSA-N,4.616298394892259,3.7253378446448355,4.356443282431539,3.194485893628383
OCNT-2316225,FAADDWZKJJDRAC-UHFFFAOYSA-N,4.502564071439917,4.651010608653225,4.716127977058858,4.503988845137787
OCNT-2316228,WXMVGDCAVYRQJH-DLBZAZTESA-N,4.7536766046924015,4.6411809435485925,5.433763879159975,4.425044575093366
OCNT-2316252,PQYPFFASSMZDMA-UHFFFAOYSA-N,4.737357222137895,4.104457946574946,4.57555937197558,3.2406810748611523
OCNT-2316255,TXHULZCABKAZOB-UHFFFAOYSA-N,4.502827069695201,4.589205604832325,4.682347459053475,3.631166970711904
OCNT-2316270,FQIGRACDNIOPES-UHFFFAOYSA-N,5.242358044860267,4.324069789356814,4.646737175925612,3.610383799420364
OCNT-2316287,SIPKZGGJKLNGKF-UHFFFAOYSA-N,5.212152641701681,4.626614845546027,4.855457004553206,4.613061690517775
OCNT-2316305,ZQWNBUUGCZZBQG-UHFFFAOYSA-N,4.179550946544871,3.603867669236645,4.763734765341657,2.563649057873294
OCNT-2316311,GXYHSKJJUTYTCB-UHFFFAOYSA-N,4.609177217209626,5.041941268364946,4.088202592136431,4.777937300803197
OCNT-2316329,ZETLBFHKRJQWQU-UHFFFAOYSA-N,4.33889755533615,4.5429492839583805,4.718755184194755,4.077234296102906
OCNT-2316339,GDDJOHRLSPNVNU-UHFFFAOYSA-N,4.410211461683654,4.205725257691324,4.631291237208969,3.9518796717471214
OCNT-2316344,ZOJWIUJADMWDPN-JKSUJKDBSA-N,4.36554072232735,4.1400710642196215,4.919876242933559,3.9443707643991113
OCNT-2316352,WRXFOSGHPGKFAY-UHFFFAOYSA-N,4.233948334618541,4.645160278985886,4.406423319479934,4.464654087888833
OCNT-2316354,MYIUSFVPFKJEDS-GXTWGEPZSA-N,4.224633936383425,4.301847517413725,4.732225783382821,4.171265572265216
OCNT-2316397,MQCGWNQRZSSMDW-UHFFFAOYSA-N,3.9015766359496773,4.032032484731668,4.566799116855206,3.0943344078206314
OCNT-2316403,HIOCORNYUDAROQ-UHFFFAOYSA-N,4.712049780587569,4.335111813892,4.4631237127823695,3.546186120051501
OCNT-2316436,MXKIROVYBHRNBM-UHFFFAOYSA-N,5.003799811017453,4.703489015884968,4.976025147212548,4.068989354453902
OCNT-2316494,JPKNAFFCNYNTAM-UHFFFAOYSA-N,4.164151431424115,4.7815739964326776,3.919509556640306,4.350327405348524
OCNT-2316516,ANRTUOAFXNQUJO-UHFFFAOYSA-N,5.362075562157499,4.880684206098646,4.733250081171072,4.593178555298122
OCNT-2316527,UNVBSCDOHAKYON-UHFFFAOYSA-N,3.810017424212444,4.378369317863671,5.096658374218094,4.285089943987039
OCNT-2316551,CNOXQHATWRFZGS-UHFFFAOYSA-N,3.907379456746666,3.5322003612129356,4.750817309811279,3.14383331122894
OCNT-2316555,RWYLVXALJMAJFG-UHFFFAOYSA-N,4.796144159403663,4.735465370748328,4.916968478273722,4.595233607104179
OCNT-2316557,UCGHBZIAFOPHKJ-UHFFFAOYSA-N,4.932208220198624,4.730087059263785,4.1448212860108855,4.6907801882997076
OCNT-2316612,RJMHLGGYHZCNAH-UHFFFAOYSA-N,5.20844694470227,4.527578725248603,4.840264165647569,4.1937093181001455
OCNT-2316619,MPCLHVLNOSGXLY-UHFFFAOYSA-N,5.078864200635535,4.578087487002593,4.758475017313339,4.4510734761766555
OCNT-2316633,XTRQCVSHVGEAGT-UHFFFAOYSA-N,5.3306655699063645,5.119747284853895,4.603616059560976,5.462118249767933
OCNT-2316662,GFEAUAXVPJUYQZ-MRXNPFEDSA-N,4.214581078085002,4.162801270597133,4.9075481670046015,4.005581083353125
OCNT-2316671,YEOSBNSNNIDEDA-UHFFFAOYSA-N,5.717754088146481,5.1710879949817805,4.486302554522591,4.033605467010304
OCNT-2316691,KIEYDKIZZGRRKU-UHFFFAOYSA-N,3.981828652805752,3.861217227336198,4.662522696337593,3.071833433338896
OCNT-2316693,NOZNOJWPUJFYMU-UHFFFAOYSA-N,5.198553557202289,4.117530418486314,4.859883133447236,4.28056821203123
OCNT-2316697,FMZDTWSZRNKGID-UHFFFAOYSA-M,4.717201809667872,3.4680011643884434,4.4071983735175655,2.895627336138854
OCNT-2316726,IAPQKELLCZVBPB-UHFFFAOYSA-N,5.100204730524732,4.358836926228854,4.587615943136929,2.49534715440925
OCNT-2316738,ARBBCNULKSAECM-UHFFFAOYSA-N,4.841266879887625,4.764636642060725,4.476981710256041,4.868813340664768
OCNT-2316749,WFGGFDOFVZDCKZ-UHFFFAOYSA-N,5.29644560404678,4.607637188150478,4.1437480141243785,4.771339638816912
OCNT-2316765,XJRBRUYSMPGAIC-UHFFFAOYSA-N,4.508068868141021,4.378723119525612,4.617268330054037,4.371061468533367
OCNT-2316766,BDQYOLWAPOQQPP-UHFFFAOYSA-N,4.781217974426659,4.720927236499537,4.199093189223107,4.230631518458152
OCNT-2316815,GPXQDQQBCYIEQW-UHFFFAOYSA-N,4.26756261492261,4.288120825742538,4.6272614223965265,3.458144571709571
OCNT-2316823,QCFYGHVLNYVDSM-UHFFFAOYSA-N,4.944534425532852,4.556986031941441,4.279695607219887,4.134382583980426
OCNT-2316832,DDCURYRYFVHMIV-HUUCEWRRSA-N,5.0855950399731125,4.503447600051637,4.665379455448809,3.8953247728962626
OCNT-2316839,JZRPLMWWIVBQRB-UHFFFAOYSA-N,4.823951576532344,3.8693518963701345,5.181634545448626,3.679609399541331
OCNT-2316848,STVYLEUNMSOYBO-UHFFFAOYSA-N,4.987055787368666,4.4779545941554835,4.744072391371203,4.130610549193029
OCNT-2316874,SZJSBHKXVHLSPM-UHFFFAOYSA-N,5.140032568543844,5.0339337292972655,5.3411977866343125,5.177356136827511
OCNT-2316883,ZFXKUGZDRRZDIF-UHFFFAOYSA-N,4.920573321598804,4.231645306985437,4.553769881214015,3.7132215998072695
OCNT-2316890,YDVJSEIEXHHXLM-UHFFFAOYSA-N,3.9946649530995106,3.992354000485992,4.895980878466056,3.9014259696014073
OCNT-2316904,SVKGNUYZKALPQP-UHFFFAOYSA-N,4.236096531985485,4.388441657733303,4.668997372237029,4.021697293826312
OCNT-2316911,PLXLXZYCMPMUNV-UHFFFAOYSA-N,4.823876371955612,4.828863842355513,4.243792943846304,4.2488587575288514
OCNT-2316915,CCDKNPYYXSSWEW-YNODCEANSA-N,4.844676251634409,4.043732993273048,4.821084073593791,3.1566670082316075
OCNT-2316937,JLCNBMAIKIRJSZ-OAHLLOKOSA-N,3.4082955461193087,3.5298852875920663,4.363437319651446,2.9075587970870393
OCNT-2316947,GDCXYFNYLMNNOC-UHFFFAOYSA-N,5.19373553291913,4.939287719637692,4.724945394172217,4.467432602558814
OCNT-2316959,QCFAHERSFSXCNA-PREGVCBESA-N,4.950784854312453,4.467808359923544,5.125178739460967,4.454904851192341
OCNT-2316976,XMGORMGYUQDAAL-UHFFFAOYSA-N,5.567901462070417,4.913271866904874,4.365271564343578,4.9251935320013045
OCNT-2317002,LPKNBEGSMBPPJL-UHFFFAOYSA-N,4.978902228477938,4.320780405389239,4.5713709254929,3.7369267364713434
OCNT-2317014,ZBXAGLGMQFXFON-UHFFFAOYSA-N,4.98346078585042,4.675557216759041,4.840510511360424,4.169028401192046
OCNT-2317025,OCPSMTDXYDJWPR-UHFFFAOYSA-N,4.424782707788729,4.229504521017185,4.692477954691265,4.178318821666224
OCNT-2317039,NDVHKGFDQOULIT-LBPRGKRZSA-N,4.88295902218454,4.5356093669077735,4.76823629712137,3.49925655392099
OCNT-2317066,FDVDBGNSFJGCJV-UHFFFAOYSA-N,4.179744985223494,4.142667182612148,4.612731867182965,3.1959145844923844
OCNT-2317068,DXEUVDBJOPEUPK-VPHXOMNUSA-N,4.509983117427897,4.370197179257982,5.005709470021141,3.603461650245028
OCNT-2317070,BVSPVPUOGZRITE-UHFFFAOYSA-N,4.904713753838839,3.888421375143271,4.44461243802231,3.2288151790996253
OCNT-2317086,ORIAPXGWHWRMEQ-UHFFFAOYSA-N,4.159680052136604,4.252761830187187,4.623064646431047,3.1573807089386032
OCNT-2317105,WJZHHMLLNOOCCB-UHFFFAOYSA-N,4.998734862682867,3.8726689173565205,4.813719838138014,4.136935308788776
OCNT-2317118,AQJAPFHFJNHFNT-UHFFFAOYSA-N,4.073799175577005,4.4451383344562805,4.675434650660474,3.8603245154258836
OCNT-2317123,JHJNVPMWROZEOJ-UHFFFAOYSA-N,3.9679651323827962,4.621341054825163,4.639692860932153,4.21791168403046
OCNT-2317148,PWRBFCMKSFQIPY-UHFFFAOYSA-N,4.13203550511292,4.261595708604759,4.722906627800523,4.005826045392745
OCNT-2317170,YJOJLVRDJYKCNH-UHFFFAOYSA-N,4.716819547477156,4.750337146948461,4.851729900966446,4.6052707704009315
OCNT-2317171,NGTSBRMBKVYBED-UHFFFAOYSA-N,4.835273929669228,4.80524622708501,4.801434197597973,4.498036665081988
OCNT-2317181,CGTNELINAFTBOA-UHFFFAOYSA-N,4.2806349869409885,4.623285504936338,4.640227226208325,4.054484518321854
OCNT-2317204,QDQYRQVQOSZPRQ-UHFFFAOYSA-N,3.8154145056588513,4.449764142283203,4.678791279624439,4.2811883825633315
OCNT-2317207,SBRNEVNAKYTEQV-UHFFFAOYSA-N,4.47294515103883,4.447168189850988,4.731168684988976,3.6199635271864685
OCNT-2317216,LIVJZDMANQVUDP-UHFFFAOYSA-N,4.878054781169621,4.453079972744339,4.6881342456231945,3.970750914781255
OCNT-2317220,HYZUFGFQMUOIJF-UHFFFAOYSA-N,4.446188691897252,4.924211390300375,4.627905318973243,4.210783425623882
OCNT-2317252,UTTDKKQDHATASO-UHFFFAOYSA-N,5.038341329158347,4.954262617234338,4.916656185106898,4.41046408978843
OCNT-2317263,GZGKRCBJVUVISK-UHFFFAOYSA-N,3.7860940121991193,4.077097950399894,4.900261042025411,4.201327004182533
OCNT-2317281,RFABKPISPKENOC-UHFFFAOYSA-N,4.783242868417537,4.458607856446724,4.184134238648248,3.794268150886318
OCNT-2317282,WYQJUGXXFFDBFP-UHFFFAOYSA-N,4.424833612216709,4.201061654683407,4.92903160738536,4.1923323368126795
OCNT-2317285,ZYGIEWYSBUXBOA-UHFFFAOYSA-N,5.245637947325021,4.863970934356529,4.683327689199041,5.216797306758565
OCNT-2317295,LWUJMSUADQVSHD-UHFFFAOYSA-N,3.8312058628491834,3.849783500213249,4.414573247686118,2.5127223183664484
OCNT-2317316,HXTZWUVDAMAHMH-UHFFFAOYSA-N,5.212425097448051,4.944875432195587,5.06986419611211,4.796614905569885
OCNT-2317331,JQXBWGKXKGRNEM-UHFFFAOYSA-N,4.627015747636139,4.347953988805989,4.499941266529925,3.869587819695429
OCNT-2317338,LUIQXOKUNHJUSI-UHFFFAOYSA-N,4.652021906737124,4.889672737068569,4.448739157936264,4.037902314191534
OCNT-2317340,UBQFGIHFQCAKOP-UHFFFAOYSA-N,4.337607515544895,3.73764789160628,4.5282776382878565,2.8062552517796333
OCNT-2317346,GWBBYACWVZJDHF-UHFFFAOYSA-N,4.691593046070652,4.827433757783395,4.915904650751546,4.832435155078637
OCNT-2317347,BYQXMJFFQMJEPC-UHFFFAOYSA-N,4.321798009218562,4.911662861999896,4.407630883793113,4.560171946019626
OCNT-2317363,BJXMAUKDMFDOBJ-UHFFFAOYSA-N,4.643839525796943,4.340452911277545,4.7947479133426905,4.108857910142459
OCNT-2317386,DLRFNZBVVYAGCE-UHFFFAOYSA-N,5.235945432964166,4.902078456875653,4.682042393665146,4.168404905162159
OCNT-2317449,WPIPWESKVFABQC-UHFFFAOYSA-N,4.936160718678509,4.673064703977645,4.273357818000882,3.9811451290057835
OCNT-2317471,GJXZQMFHDZQUFG-STQMWFEESA-N,3.833230947389934,3.841435810417842,4.842689123119131,3.717906868723079
OCNT-2317493,DOLLPRXGPWPBSF-UHFFFAOYSA-N,4.572687358954875,4.516343450820656,4.7588604338495815,4.513849558971755
OCNT-2317505,NHUSIRABIVGDSH-UHFFFAOYSA-N,5.3796448550266796,4.930771879554462,4.688193375721941,4.484245035776719
OCNT-2317520,LTUCBBUWUBLJCT-UHFFFAOYSA-N,3.8423744337789354,4.341545950363512,4.487101990154722,4.5444695869834035
OCNT-2317521,VCCHGKDAEXTHKW-UHFFFAOYSA-N,4.519917845696323,4.034128621673819,4.43970665361695,4.082607017753976
OCNT-2317589,PIDYXGYPPPDVSK-UHFFFAOYSA-N,4.115067858961752,4.659814496305631,4.780908457485423,4.9758043558051686
OCNT-2317597,BRLQLLYRNCGYQA-UHFFFAOYSA-N,4.692438261608017,4.627668616148009,4.227194525256799,3.9005584590900133
OCNT-2317609,LAHOEQWHOHUDPV-XPUUQOCRSA-N,3.960945576569521,4.247582081506218,4.111944306438231,3.6824680128439025
OCNT-2317641,MWBQPWYUYIBGDJ-UHFFFAOYSA-N,4.350310884430872,4.180063363539127,4.56505054196953,3.799353230631868
OCNT-2317654,YPMXQDDNHLQSDB-UHFFFAOYSA-N,4.6002613152046425,4.9878290740781335,5.342448746669197,4.435124597771166
OCNT-2317655,PPBPKFPLNHJZQP-UHFFFAOYSA-N,4.685883255265693,4.840583742528823,4.704988488860002,5.013703811570726
OCNT-2317667,XFLKWYMYPBGZDG-UHFFFAOYSA-N,4.347716629151641,4.337221204123806,4.97050293011037,4.054593531795271
OCNT-2317671,TVFLKHRRTFZHMJ-UHFFFAOYSA-N,4.770247491593986,4.501533283042776,4.56760500436784,3.5552883256562593
OCNT-2317673,GFMXIBGNFZXSSH-AWEZNQCLSA-N,5.307328621477169,4.9572268290732175,4.820085996799798,4.605673375355852
OCNT-2317690,NTFPMYZCRLAQNU-UHFFFAOYSA-N,3.877295051451993,4.575824150510367,4.592043302036509,4.238551931708468
OCNT-2317717,NCTLRULTXWYPMC-UHFFFAOYSA-N,5.1511093267219445,4.638871191392537,4.18289263107267,4.113070110988649
OCNT-2317719,IWFPOYLMDJDZHA-CYBMUJFWSA-N,4.840354162064534,3.6876092044116953,4.731466707287343,2.3663335599677318
OCNT-2317738,ZSNITEJMAJILMZ-UHFFFAOYSA-N,5.337060334118472,5.1651246552498,5.231249701812368,5.351204787322314
OCNT-2317749,RXKVFHONEONTJU-UHFFFAOYSA-N,4.8981200462767855,4.845454194946966,4.544665945817164,4.468092959296384
OCNT-2317750,BLSSOUSOURPNPD-UHFFFAOYSA-N,3.2932885814532593,3.390368537159858,4.661529843144296,2.709489388320088
OCNT-2317761,JMXRCYKGNHZSPJ-UHFFFAOYSA-N,5.55269923667745,4.866886095154538,4.839465706670419,4.969081270669219
OCNT-2317762,YOAQHNSVDHIMRD-UHFFFAOYSA-N,4.909993530338701,4.628821996000432,4.750582099176393,4.556943347337924
OCNT-2317811,RDGKSCRDHZDING-UHFFFAOYSA-N,4.9979470591685295,4.669141557070585,5.086640491698786,4.20328966455822
OCNT-2317813,OVLHSAROUBUOGS-UHFFFAOYSA-N,5.040864181851433,4.503625573299017,4.587280600516593,4.063910127981408
OCNT-2317818,CPILBGUKHQTHAL-UHFFFAOYSA-N,4.671593922678233,4.85630964292995,5.258236987066656,3.729118689862552
OCNT-2317832,OTSKWPLKWNHXNG-UHFFFAOYSA-N,4.211060430440194,5.169059003491292,4.808137935523609,5.0825677745536115
OCNT-2317846,UTVVBMSWJXFZIO-UHFFFAOYSA-N,5.249490457253908,4.279969302803832,5.249892779968577,3.9595294960380825
OCNT-2317868,LAFOGORSVWQSJI-UHFFFAOYSA-N,5.2705009730725045,4.835048062703227,4.615779863661595,4.317948951847121
OCNT-2317887,CJFRLVSASAMBRI-UHFFFAOYSA-N,4.727302582396031,4.597053409410974,4.607481484452645,4.413820528503095
OCNT-2317895,CWBRZGJTIAQEGN-UHFFFAOYSA-N,3.784875548682914,3.8912444982189154,4.838334211944467,3.714048445478022
OCNT-2317916,OHJTXRFTXHDJSZ-UHFFFAOYSA-N,4.646524512846278,4.723654191545026,5.089952689164626,4.616589595747597
OCNT-2317931,LOCCFUQBAHYDIZ-UHFFFAOYSA-N,5.172714478837656,4.078108839005985,4.2484634211503165,2.6022138135663915
OCNT-2317940,LCRMGOKGLDCROM-UHFFFAOYSA-N,4.4793707515299825,4.196005889887196,4.47009514241648,4.122354456774096
OCNT-2317951,HCERZQWQSYZVFX-AWEZNQCLSA-N,5.091957484830947,4.761251065298806,4.3348028957266465,4.29817472588633
OCNT-2317954,AECHNCUKRVJPMR-UHFFFAOYSA-N,5.488754895802792,4.519273003158969,5.297087014120468,4.534000613620711
OCNT-2317968,JRLDABZBMFCURG-UHFFFAOYSA-N,3.409625242154642,4.103537403267736,4.66410735491143,3.8509975634627485
OCNT-2317979,GDPHPXILXSNLGE-UHFFFAOYSA-N,4.770640772243514,4.2047315476637195,4.620432610776239,4.226259272778698
OCNT-2317983,VRWZGQHEAVYSMP-UHFFFAOYSA-N,5.9848992159437255,5.099368167145105,4.337759466799433,5.0182838673750805
OCNT-2317986,FHXLUKSIGDILGD-UHFFFAOYSA-N,4.867983110507699,4.123162670257696,4.086681887362745,4.326387411287767
OCNT-2317990,GGVQQOGVQIQAAR-UHFFFAOYSA-N,5.4271338425937685,4.682759979751085,4.687319984559724,4.534250517789771
OCNT-2318008,MZCSBMOLDFPPDR-UHFFFAOYSA-N,5.526430705929055,4.834652027005323,4.5342094853900266,4.841870794815535
OCNT-2318014,XZUOPKZBRIBBTC-UHFFFAOYSA-N,3.4354046551354753,3.7398499840466015,4.582986450129098,3.977489982044865
OCNT-2318022,NGLQWYBBWZPWAG-UHFFFAOYSA-N,3.7590325140459946,4.558460256720153,4.580184282755158,4.429256199901815
OCNT-2318037,QGTCUSWJSRWNHW-UHFFFAOYSA-N,4.650136660856564,4.3559743650832505,4.965530998188384,3.827892302915297
OCNT-2318057,BAJXDLICMYECHQ-UHFFFAOYSA-N,4.104975156251503,4.379083545654991,4.669410481425381,3.916395695983972
OCNT-2318058,LHKPZQCRTJSJBZ-UHFFFAOYSA-N,4.636089088107371,4.9400926434479695,4.369253976494576,5.091066072919412
OCNT-2318059,LGBXJZIKTPOPEY-UHFFFAOYSA-N,5.016426545047538,5.037588967774679,4.142695003151071,5.313520052672528
OCNT-2318060,BQDVZEIIVADUJR-UHFFFAOYSA-N,3.478882316436117,4.26095333106084,4.680617536681822,4.123252953755407
OCNT-2318103,SFHLFNWOCGHDOA-UHFFFAOYSA-N,4.784433153364374,4.371165490602783,5.097033314265589,3.841338304150652
OCNT-2318114,CHGWIMCJKOUHGM-UHFFFAOYSA-N,4.737395006710917,3.743936226268555,4.842947036249472,3.0459227177339527
OCNT-2318130,MVJRPLRVGMQACD-UHFFFAOYSA-N,4.041313819966986,4.840610591616565,4.739266511976095,4.780682741460336
OCNT-2318175,CLGIMEFNCIRTPK-UHFFFAOYSA-N,4.601072739492821,4.940686770964631,4.3879101201452375,4.5107215881106635
OCNT-2318207,JGGPCIRSTZSSMU-UHFFFAOYSA-N,5.125926692505794,4.253227704423519,5.2119932757908325,4.329270046682045
OCNT-2318242,ZHIHTRGKAIBXBP-UHFFFAOYSA-N,4.680457728493503,4.104243132921693,4.387442866025597,3.5609168073472706
OCNT-2318243,FPLPOQIKBRHTGT-UHFFFAOYSA-N,5.5143395261001,4.780357998834794,4.669935824488906,4.245445493638601
OCNT-2318253,XDVGRJCMNYKMJE-DLBZAZTESA-N,4.938158447740017,4.816683006446885,4.647143438749712,4.626170377071356
OCNT-2318261,DYGIIYMCZAKMPG-UHFFFAOYSA-N,4.293883933485521,4.4153655646961125,4.68548407784029,4.240665206340559
OCNT-2318277,KSDJFGQHRCKMIH-OAHLLOKOSA-N,4.4037856134275115,4.194240687802835,4.856847733651145,3.313779594457582
OCNT-2318286,IWZLNPIFCWXPLP-UHFFFAOYSA-N,5.028940908833669,4.586364093812604,4.716485205042951,4.290715218134009
OCNT-2318290,ZQHUBTBJNOFDIR-UHFFFAOYSA-N,3.4486141695178882,3.9444858247236696,4.643523342934084,3.7012330240730607
OCNT-2318294,WERKMJOGKJEZGI-UHFFFAOYSA-N,4.907319397102382,5.032210239761515,4.465679101909725,4.2480426921027155
OCNT-2318329,RNMDHLPABCGGFP-UHFFFAOYSA-N,4.831523014685059,4.623147597731581,4.759590314419128,4.363762155788001
OCNT-2318351,CCXULBUUIBWSSY-UHFFFAOYSA-N,5.536118946040953,4.566246633222594,4.924161844952069,4.98953726287172
OCNT-2318364,PEOQYHHOEUVRKO-UHFFFAOYSA-N,5.771172774813335,4.4658395591011955,4.504131710666049,4.154230516533411
OCNT-2318369,ZGVBQHVFIPSHHN-GOSISDBHSA-N,4.580056902134696,4.803927299097319,4.775171016931082,4.578222250230973
OCNT-2318394,JVVLSCNLUICXDH-UHFFFAOYSA-N,5.633766271878212,4.839330308170694,4.6932972311484535,4.227985950035169
OCNT-2318395,HIXHOKUXAQVXNT-UHFFFAOYSA-N,4.277616180870212,4.7788074075473235,3.8366542966368162,4.942041714517634
OCNT-2318397,IYDFTEKHSVJCIL-UHFFFAOYSA-N,4.798876075821905,4.188032293226863,4.856448308633108,4.295162057156234
OCNT-2318420,YJRZDAXNMXGWAN-UHFFFAOYSA-N,4.476820043840259,4.608008936490729,4.88067842540994,4.204080251494193
OCNT-2318463,PVCJAHQCQKVCAF-UHFFFAOYSA-N,4.67136239913433,3.9310416444859406,4.696912487330024,2.8146793084728805
OCNT-2318487,KMEXCRYMZXZMKV-UHFFFAOYSA-N,3.7315991989516903,4.371133258862337,4.613740709974408,4.66846908074255
OCNT-2318512,DXYZQPFEVYKJRQ-UHFFFAOYSA-N,4.585874999998185,4.63099531653374,4.14947258340179,5.194743528291716
OCNT-2318522,VNHATLSVIPZWCF-UHFFFAOYSA-N,3.851546331698333,3.5179797777556825,4.36961694433847,3.6942575632942027
OCNT-2318529,ROJMQXCYXDRWHC-UHFFFAOYSA-N,5.0157410690348785,4.432664203690167,4.611055999160343,4.6238271204777215
OCNT-2318536,KXNLLVASRWGPAE-CHWSQXEVSA-N,5.005354346044104,4.517168661288877,3.980078889633483,4.749144312411232
OCNT-2318549,TWIRHCAHDDBYNY-UHFFFAOYSA-N,5.630138374510972,4.63841560273738,4.533338356439195,4.8308276735515925
OCNT-2318583,LRWJIQBFQXCVOD-UHFFFAOYSA-N,5.033896648243678,5.260097073636506,4.36517736732048,4.517351070191813
OCNT-2318618,FBIXRJHKNHRXFQ-UHFFFAOYSA-N,4.9395292196082785,4.737064934442175,4.918648393781591,4.643627585633773
OCNT-2318628,SSTBQYZOJAYQSM-UHFFFAOYSA-N,4.687969436117663,4.82960895692729,4.331244294416958,4.767355092053062
OCNT-2318639,MNPGBPBPRIRZDE-UHFFFAOYSA-N,4.13363761186113,4.219321350008452,4.7770696052022705,4.766860161744355
OCNT-2318659,YKAIMSBMSJLSGC-YTPLPTRZSA-N,4.461672508193407,4.360945986008301,4.761600154318122,4.30572172852508
OCNT-2318675,SKJNEGPDPYJBMI-UHFFFAOYSA-N,4.454164136356303,4.761302609091474,4.385494627887389,3.892276307594347
OCNT-2328323,XYCMOTOFHFTUIU-UHFFFAOYSA-N,5.112394050342514,3.947659619609708,4.751102516662681,3.7383879170565035
OCNT-2328326,VYQNWZOUAUKGHI-UHFFFAOYSA-N,4.764916025064104,4.291508022481496,4.441553054937534,4.594953979846621
OCNT-2328329,INDBQLZJXZLFIT-UHFFFAOYSA-N,5.32067746049128,4.222716866144385,4.873002923435906,4.415871390733662
OCNT-2328330,CPEUVMUXAHMANV-UHFFFAOYSA-N,5.028581735277403,4.383635626506894,4.396170613731834,4.308629152526733
OCNT-2328331,GJSURZIOUXUGAL-UHFFFAOYSA-N,4.623347423636765,3.9704855575070486,4.920044199254373,4.444242687391769
OCNT-2328344,TTWJBBZEZQICBI-UHFFFAOYSA-N,4.881625357096976,3.9078583953100843,4.8143227410997795,4.042993441587261
OCNT-2328376,KNHUKKLJHYUCFP-UHFFFAOYSA-N,5.07764268573139,4.312362394009628,4.192568301440128,4.014160517706494
OCNT-2328380,AZFLJNIPTRTECV-FUMNGEBKSA-N,4.541340762002166,4.43923806955279,4.43146824842907,3.7012143260101125
OCNT-2328402,KSGXQBZTULBEEQ-UHFFFAOYSA-N,4.486225709782794,4.939635364027555,4.66724640548169,4.934453028418682
OCNT-2328420,RHDJRPPFURBGLQ-UHFFFAOYSA-N,5.575017725126762,4.215097857560495,4.8171642054384956,4.298500747494657
OCNT-2328449,HTQMVQVXFRQIKW-UHFFFAOYSA-N,5.016275310874077,4.905201049973848,4.467853160950819,2.8371367487378265
OCNT-2328485,REYFJDPCWQRWAA-UHFFFAOYSA-N,4.855478519387362,4.284793015648769,5.0279841793024,4.246895069635317
OCNT-2328496,IYIKLHRQXLHMJQ-UHFFFAOYSA-N,4.908901082709327,4.894386242877568,4.982118968335528,5.063381917873382
OCNT-2328518,OOGJQPCLVADCPB-HXUWFJFHSA-N,5.28168611960877,4.603394428043518,5.246003456997547,5.068127984106206
OCNT-2328533,CBEQULMOCCWAQT-WOJGMQOQSA-N,4.919179706991015,4.456314547810586,5.060348675227379,4.32310618055174
OCNT-2328558,RDOIQAHITMMDAJ-UHFFFAOYSA-N,3.977558756777609,4.935678399076161,5.331414672409103,5.143619103078227
OCNT-2328583,VLPIATFUUWWMKC-UHFFFAOYSA-N,4.769307837235962,3.870501964564611,5.006057051874647,3.781926751608831
OCNT-2328648,JAUOIFJMECXRGI-UHFFFAOYSA-N,4.018422628736199,4.67981517587864,5.234081799446706,4.304986765172904
OCNT-2328663,SPIUTQOUKAMGCX-UHFFFAOYSA-N,4.944041218869114,5.069263988095069,4.793205966217604,4.761727842614264
OCNT-2328691,GIKNHHRFLCDOEU-UHFFFAOYSA-N,4.4482680284231675,3.425605250998392,5.050931173881511,3.6246226835663675
OCNT-2328714,QVYRGXJJSLMXQH-UHFFFAOYSA-N,4.874213550431521,4.152915697447748,5.048475842669818,4.0681926312476335
OCNT-2328731,ZBBHBTPTTSWHBA-UHFFFAOYSA-N,4.680599538329724,4.590624452226802,5.015749389742529,5.051636553543854
OCNT-2328745,NIVZHWNOUVJHKV-UHFFFAOYSA-N,4.959709105389885,3.7067630420262057,4.86113586955205,3.7997322572527943
OCNT-2328753,OBWASQILIWPZMG-QZMOQZSNSA-N,5.100691050135567,4.313058510019601,4.732982527224897,4.2827412855603715
OCNT-2328767,DBEPLOCGEIEOCV-WSBQPABSSA-N,3.9045016084440247,4.495716331453956,4.679381303049766,4.1295253689897455
OCNT-2328781,MJIHNNLFOKEZEW-UHFFFAOYSA-N,5.217064707266672,4.996864953688804,5.00006320982688,4.783140169612313
OCNT-2328788,VGKDLMBJGBXTGI-SJCJKPOMSA-N,5.300785082179402,4.966933720167854,5.337843334845291,4.612112814788857
OCNT-2328794,MJVAVZPDRWSRRC-UHFFFAOYSA-N,5.046220292713507,3.7860375936972863,4.3792700554596795,2.8455752806978483
OCNT-2328798,NUVBSKCKDOMJSU-UHFFFAOYSA-N,5.167327707519046,3.562939181380687,4.503778571956529,3.1561036176156088
OCNT-2328820,GHMLBKRAJCXXBS-UHFFFAOYSA-N,4.6572175963756886,3.5589019643626973,4.125072124197229,3.200629372110682
OCNT-2328824,VDNLFJGJEQUWRB-UHFFFAOYSA-N,5.54790149218909,4.575564022968359,3.607195621255602,3.6602506326093103
OCNT-2328835,MBUVEWMHONZEQD-UHFFFAOYSA-N,5.067343669192202,4.481334463777707,4.738701560598292,4.45264927605015
OCNT-2328839,WSEQXVZVJXJVFP-FQEVSTJZSA-N,5.124237059590957,4.696107046878521,4.926965845121559,4.815598861922766
OCNT-2328849,JVTAAEKCZFNVCJ-UHFFFAOYSA-N,4.5159333078755814,3.1508233781200508,4.133240264972962,1.989838668031451
OCNT-2328857,YQGDEPYYFWUPGO-UHFFFAOYSA-N,4.7827114955858425,2.9732574105926592,5.025443170396128,2.004834754376512
OCNT-2328864,ZEUITGRIYCTCEM-KRWDZBQOSA-N,5.006468260238391,5.013374329283507,5.555382600327306,4.969777479209944
OCNT-2328892,XUIIKFGFIJCVMT-LBPRGKRZSA-M,5.2795265360985475,4.246872004515637,4.942076396061194,3.4950387657562496
OCNT-2328916,ABJKWBDEJIDSJZ-UHFFFAOYSA-N,4.883815927900729,5.1109939160171605,5.593062224516023,4.972113537285354
OCNT-2328938,WUZYKBABMWJHDL-UHFFFAOYSA-N,4.4479947496734455,5.068906770384198,5.182439834628243,5.027974417336061
OCNT-2328950,OUBMGJOQLXMSNT-UHFFFAOYSA-N,5.096963249991693,4.735450733907233,4.130315682132664,4.104707220694409
OCNT-2328955,FPIPGXGPPPQFEQ-OVSJKPMPSA-N,4.722591153948008,5.075638354262626,4.523003016375679,4.366227381420605
OCNT-2328993,RDJGLLICXDHJDY-UHFFFAOYSA-N,5.711429156548934,3.9164436327235075,4.071470638818874,2.4099486286766036
OCNT-2395287,RJJZTKVXXCCXQF-UHFFFAOYSA-N,4.366213575166461,4.5671092074539725,4.433764150468701,4.525042064666137
OCNT-2395290,UDVCSWPMFIKVAP-UHFFFAOYSA-N,4.166839352348446,3.598270000060276,4.545787952753154,2.538513784227162
OCNT-2395291,BGJFRMNKWBUDET-UHFFFAOYSA-N,5.077274191433973,4.669108768255278,5.043028848538056,4.467759106962996
OCNT-2395293,XOXUUFNTCJYHHW-UHFFFAOYSA-N,4.698269783435991,4.5642978075602425,4.735950258167268,4.250679572523302
OCNT-2395309,TXJZXCYMSCFYJB-UHFFFAOYSA-N,4.517523623543741,4.3272123393455555,4.52979835065593,4.206812366649678
OCNT-2395315,YFEAWONHDZRTON-UHFFFAOYSA-N,5.179346077455551,4.548630259991624,4.560086081602733,4.812056315061471
OCNT-2395323,PVCAHDNVFNPUKE-UHFFFAOYSA-N,4.743001397422865,4.8160862565804505,4.098632495568326,4.626715620852418
OCNT-2395324,ADOOOKDJTDHGHX-UHFFFAOYSA-N,4.770193485413277,4.071587941956153,4.236371354317837,4.199007612045549
OCNT-2395331,FWGOMKHOFNHOSZ-UHFFFAOYSA-N,4.131493399643013,4.412032595136944,4.219680177054839,4.2250852340234575
OCNT-2395332,VMKFDGZZTLOMLG-UHFFFAOYSA-N,5.451644912056447,4.5446298984950895,3.939137626118542,5.1787649012248185
OCNT-2395336,RRMQRUZATNRUIE-UHFFFAOYSA-N,4.6001284778689975,4.494152019584027,5.017882407298885,3.728787254220637
OCNT-2395337,XNAJDXNGXZSOOT-UHFFFAOYSA-N,4.994420244106279,4.580196239251772,4.494708515547448,4.638770245707764
OCNT-2395362,MPFAPLWWRCZTHK-UHFFFAOYSA-N,4.036560801814693,4.925696486259522,3.750111480837584,5.072342911118694
OCNT-2395370,UIDFVDUTWBJQGU-UHFFFAOYSA-N,4.467478191000709,3.8179352406808125,4.980757063620511,3.8977680320155317
OCNT-2395374,XXIDEZIPVPUJRR-UHFFFAOYSA-N,4.506153971907641,4.241368325040452,4.644003896896193,2.9995584390935672
OCNT-2395376,ORTWNJZUAIUYKM-UHFFFAOYSA-N,4.951189808640973,5.246822320632623,4.232549959543607,4.898498470946853
OCNT-2395377,DHOGCLBDWIPOBU-UHFFFAOYSA-N,4.43740652439245,4.740715269483586,4.517845425633088,4.827875084144813
OCNT-2395379,KGQGNVXQLYFAOR-UHFFFAOYSA-N,5.1781091296478525,4.75561595190581,4.636822356057177,4.5317148755482535
OCNT-2395394,JBGUJZDWPHNSHD-UHFFFAOYSA-N,4.052745441699341,4.621807459409732,4.200561255532829,4.229801442055845
OCNT-2395395,GKBSFXJAHNHBDN-HWWDLCQESA-N,4.598566969049766,4.4613721459073075,5.10206235216583,4.9414809956577
OCNT-2395398,QBTKYQSQDNYSJW-UHFFFAOYSA-N,5.275465695837494,4.390908191997944,4.719003739088235,4.22238578075185
OCNT-2395399,DWOHXLUDTPAGGR-UHFFFAOYSA-N,4.9398290253902,4.39802651607427,4.65381344193427,3.446964758465932
OCNT-2395403,NQCVIFUTOQVPDB-UHFFFAOYSA-N,4.980058198602657,4.839776786663762,4.715363169503199,4.850979768900155
OCNT-2395404,MUXQTGKIVRSWAN-UHFFFAOYSA-N,3.462723957344848,3.635548082972987,3.9795781073188428,2.3404637048317465
OCNT-2395407,WWLISLZNGXQQLF-UHFFFAOYSA-N,4.943082514512555,4.4347112407464735,4.386114221211714,4.365655045313483
OCNT-2395414,GUVDEBQYZLFNCP-UHFFFAOYSA-N,5.179935294195142,4.635516785511108,4.802261994425008,4.510256944065495
OCNT-2395416,BMZLZQHDDRYCEU-UHFFFAOYSA-N,3.8587279757071196,4.260595687608657,4.552399816284013,4.0739555641196015
OCNT-2395418,FSDPMVRINSSCJT-UHFFFAOYSA-N,4.335311199237904,4.6941270286163315,4.239252293620136,4.398634167087034
OCNT-2395428,YZZRKGPDASBVGM-UHFFFAOYSA-N,5.421960353286407,4.763517562087127,4.695641291888384,4.282789454904986
OCNT-2395431,MKSMCTOLENWCGA-UHFFFAOYSA-N,4.0152314039561565,3.9995223738895884,4.685336484498668,2.83441176144337
OCNT-2395435,DXLJVPKHMCRJMN-UHFFFAOYSA-N,4.471773238138463,3.6247700005988217,4.40657977267757,2.775980362084941
OCNT-2395437,PHDCPFQMZFUTAS-UHFFFAOYSA-N,5.274325357460142,4.13668115553421,4.383478907560914,4.266668006101717
OCNT-2395438,STPVSAJYHZTWPV-UHFFFAOYSA-N,4.543758413242901,3.9900285397917856,4.3482116632743235,3.44574049385447
OCNT-2395439,TYZSFHHKSSQPJU-UHFFFAOYSA-N,4.268600169274567,4.380528131518294,4.2566363581341795,3.113078607827414
OCNT-2395443,TVTPOERDJDYHCW-UHFFFAOYSA-N,5.324363451428621,4.846776686583547,4.876841181222709,4.95601405537872
OCNT-2395452,DMZMESXZSXERBS-UHFFFAOYSA-N,4.539399548410458,4.006131085090463,4.738776186533334,3.85707850589365
OCNT-2395455,CMOXMEILBPKQHC-UHFFFAOYSA-N,3.9258197148870786,4.65787644400096,4.279860204074922,4.634175429901337
OCNT-2395458,OXLGYDLAQVKNCK-UONOGXRCSA-N,4.602587141058109,4.3267638503938155,5.060792870245546,3.7637964268844475
OCNT-2395466,RVBYSOSSNDRWFO-UHFFFAOYSA-N,4.2235907667865975,4.43047306423236,4.317830174720767,3.890972486814312
OCNT-2395471,ZAWLZKHAQFWKAY-UHFFFAOYSA-N,4.168136544896813,3.927269352564811,4.38584068779705,2.3437566479308147
OCNT-2395481,ANKYSPAPZXZRKL-UHFFFAOYSA-N,4.4023756136361785,4.085508255238196,4.509236541454736,3.28170021128599
OCNT-2395489,NMVHDBFXWRCWPL-UHFFFAOYSA-N,4.000000760222059,3.8657422516530113,4.112395236297856,2.1578818913942643
OCNT-2395491,CMJHYIYEZVPEKX-UHFFFAOYSA-N,4.700934087046274,4.406987811364332,4.355827541570176,4.338390197047972
OCNT-2395495,LORROHMPLWAYJF-UHFFFAOYSA-N,4.957230505935911,4.516973452446974,4.46232235803958,5.041224572442194
OCNT-2395496,PEZCWYOLOOOVQM-UHFFFAOYSA-N,4.754435570453529,4.767970354855493,4.571378687282012,4.669600658851679
OCNT-2395500,AATKRDLDTAZTJL-UHFFFAOYSA-N,5.380525310333907,4.485630714834522,4.9847761727579885,4.632929909742981
OCNT-2395501,FQOWCVFDUZFHLA-UHFFFAOYSA-N,5.009330634440165,4.9121194358339695,4.366162274699113,5.184634555539872
OCNT-2395504,JDULGAIJOJJFGG-UHFFFAOYSA-N,4.952023968046375,4.573168472904294,4.581066268920066,4.063676253322978
OCNT-2395520,GODHPEISNMRQSM-UHFFFAOYSA-N,4.201093049637412,4.461168420217918,4.481267462253698,4.032637387739805
OCNT-2395528,QWXPXVPCPNYPHO-UHFFFAOYSA-N,5.0957629812019425,4.387050974932481,4.601416481548707,5.02808502671988
OCNT-2395529,NRYADSRCTBFWRF-JBAPVGOWSA-N,4.369628011510724,4.513855834214785,4.5405494135837055,3.786806482359161
OCNT-2395532,KTQKEHUXYRBZQZ-UHFFFAOYSA-N,4.7986767985746095,5.2108927632962,4.264144804782848,5.095234957208239
OCNT-2395537,OWZIUSPJOOLACL-UHFFFAOYSA-N,4.34553624067374,4.461990391774026,4.212071792616702,3.585740742496837
OCNT-2395543,RUNGUEZWZTVFCU-UHFFFAOYSA-N,4.828852872269919,4.6988806781373045,4.10817904765894,5.201809369536838
OCNT-2395548,WOULMLSTCVMSPN-UHFFFAOYSA-N,5.238535346544253,5.296100387287703,4.91130649085249,5.391966228747693
OCNT-2395556,FKDGSNNIFHGRKN-UHFFFAOYSA-N,4.587100573225711,4.732986883992845,4.2873944230670356,4.189372340697044
OCNT-2395557,JFXRKJJBUPVDID-UHFFFAOYSA-N,3.7933532623430524,3.6993323125912774,4.538982940879297,3.2792345573989916
OCNT-2395566,YBCQCDKLRZBYPI-UHFFFAOYSA-N,4.321193670392325,4.178698688903374,4.816015944386036,4.11733393090697
OCNT-2395569,HEPXFCPIBMRRBZ-UHFFFAOYSA-N,4.094839471542578,3.975936181269297,4.378958683061453,2.528222324654169
OCNT-2395576,YXTNAXUFAGFNGO-UHFFFAOYSA-N,4.723842159922301,4.883265247124504,4.909248079764576,4.482237595816182
OCNT-2395582,DTWGQURLWJYWCB-UHFFFAOYSA-N,4.946015843960808,4.855211040969532,4.609476070876908,4.869417127549508
OCNT-2395588,COBJIQXSNFUCNG-UHFFFAOYSA-N,4.556634777687705,4.51437435439025,4.78993561539598,4.301485321665452
OCNT-2395599,GAJPAQZXVDIPFZ-UHFFFAOYSA-N,5.356342833610787,4.484279168789622,4.567319835147118,4.328401297495581
OCNT-2395602,INPVMHGBOBZEPM-UHFFFAOYSA-N,4.674558818277468,5.150206835322754,4.2203673046661105,5.301732131224857
OCNT-2395603,SZQLDCNOSRKNKT-UHFFFAOYSA-N,5.271652312007013,4.61251068946915,4.598752423749001,4.482972199346065
OCNT-2395606,OYBCLJJKAIHXRC-UHFFFAOYSA-N,5.330484014873091,5.216021895688828,3.886955851150913,5.109219139541223
OCNT-2395615,OWDQVZHOEPSCRJ-UHFFFAOYSA-N,4.349448652560042,4.663099816111259,4.635565401896985,4.547606076359273
OCNT-2395617,ZFLNQKJXJYGVKM-UHFFFAOYSA-N,3.9522955209916737,4.78234013546665,4.677410406392545,4.362864275076051
OCNT-2395621,RQUJRQRACFINJM-UHFFFAOYSA-N,4.985146050499985,4.397810602652862,4.657410809300866,4.511976077651043
OCNT-2395627,NJTUJJIKAYUDGD-UHFFFAOYSA-N,4.905855325357285,4.9862806749377295,4.170543537752096,4.899567928923462
OCNT-2395631,YDVFKKIYGVLNGT-UHFFFAOYSA-N,4.411071602444458,4.763868182338234,4.26513590893247,4.8522023581837
OCNT-2395638,DOHJYNWDMIJJRO-UHFFFAOYSA-N,4.201335811092919,4.7124437983011775,4.391966197921704,4.635911575691212
OCNT-2395651,FFEDIEBSLQQKEK-UHFFFAOYSA-N,3.964801245061305,4.6856935803321145,4.06970235789277,3.200074326737563
OCNT-2395662,IRKYFFBPASUKKZ-UHFFFAOYSA-N,3.6232868087309087,3.303656325900974,4.454765909972967,2.307683338067055
OCNT-2395670,ANKJZMOSISEFKF-UHFFFAOYSA-N,5.097938699939417,5.003263480525395,4.299072825965925,4.726482712835399
OCNT-2395672,QOWDANZXWYEGPT-UHFFFAOYSA-N,3.44525066988215,4.049753676196917,4.2286296939760835,3.5157801899359056
OCNT-2395675,RUTPHZIFPKYSDE-UHFFFAOYSA-N,3.7544619561451,4.100442455166875,4.72535928447478,4.975126561458243
OCNT-2395681,ZHAARJLDFPNKLT-UHFFFAOYSA-N,4.846191235419161,4.497469191769628,4.2703593833870315,3.594689303221068
OCNT-2395682,YSXFALBFZPSVAY-UHFFFAOYSA-N,4.162928619766184,4.149203158819645,4.715881110659398,3.8872025467863693
OCNT-2395683,FBNCMWHMXUYLJC-UHFFFAOYSA-N,3.74478111631027,3.9429462940225344,4.623905389120365,3.205047310363283
OCNT-2395687,OLRZPWDVYYEKGN-UHFFFAOYSA-N,4.120938155763828,4.490374373904142,4.206689522956366,3.337758913378261
OCNT-2395689,HLGONRSHXFEINO-UHFFFAOYSA-N,4.449415228314786,4.366144112319138,4.180146991696282,4.025909966385419
OCNT-2395692,IOWRIDUXZXMMQU-UHFFFAOYSA-N,5.327396729418404,4.682359418289275,4.469243659087895,4.337495178852889
OCNT-2395696,ZWQZJLBSHIQICX-UHFFFAOYSA-N,4.851532846685345,4.622438474747919,4.595671840852081,3.5113141695027346
OCNT-2395697,AVVYSOUEAQUFBT-UHFFFAOYSA-N,4.874999785195204,4.175388913426126,4.454679485385633,2.857338556904064
OCNT-2395704,CGPCPBSMPYTZMC-UHFFFAOYSA-N,4.986814066513404,4.762594607590305,3.9600802580632757,4.671503203040531
OCNT-2395706,SXDMWIXDSQCASC-UHFFFAOYSA-N,4.469090220696055,4.097303949123505,4.082510230560013,3.814075886974813
OCNT-2395712,SPZQDXGBZLHTIG-UHFFFAOYSA-N,4.405987922781319,4.588510392116347,4.588310306182995,4.2367579275805065
OCNT-2395714,DUKICPCHQPYURE-UHFFFAOYSA-N,5.0006176833921305,4.2658159476922615,4.03280851105827,4.670209229723544
OCNT-2395718,ASTDCICFPQKUIL-UHFFFAOYSA-N,3.994355651227184,4.592393706000519,4.2288647040931515,3.928943318936904
OCNT-2395719,ARMHNKPKRVBKDE-UHFFFAOYSA-N,5.364180502936679,4.535253415968351,4.16754622515744,3.99009290264087
OCNT-2395723,JQVSAVSOQRGLPR-UHFFFAOYSA-N,4.358334560377598,4.726178926093172,5.045191347662028,3.8008328085636003
OCNT-2395726,JHKSVXWGJPSVPH-UHFFFAOYSA-N,4.219813344143156,4.651484530290454,4.604096198486199,3.9435463070643526
OCNT-2395729,ABBNLJTZTQVBCG-UHFFFAOYSA-N,4.92365623685661,4.423986437322028,4.70958984519017,3.8518024838853973
OCNT-2395730,JHOHCIQEHBJHIY-UHFFFAOYSA-N,4.351492694334733,4.36704453251857,4.557547023643944,3.9822043029175247
OCNT-2395739,MNLLGQAENHHBIN-UHFFFAOYSA-N,3.766697937788432,4.8378689303425135,3.875181728620272,4.713684942780674
OCNT-2395740,FOIRYFMSWXZVCR-UHFFFAOYSA-N,4.8269947833675815,4.71473569201601,4.4704969275818165,4.550404487596087
OCNT-2395742,KIFQBAROWBDCDH-UHFFFAOYSA-N,4.722326978732004,4.395344734966818,4.653138477649878,3.842100479432491
OCNT-2395743,VTTWZHQHBBSLPE-UHFFFAOYSA-N,4.372313793660507,4.2264624849177865,4.177054456601274,4.17311655941542
OCNT-2395754,RDLVSGOVJOSIHV-UHFFFAOYSA-N,4.905425553991573,4.449278028173683,4.334870623153162,2.0851076049965434
OCNT-2395758,VGKTZOSSNOYRLG-UHFFFAOYSA-N,5.114977438842813,5.059893683976746,4.3967888110979585,5.463372434866236
OCNT-2395762,SGCOMSXBUQWSBL-UHFFFAOYSA-N,5.253073219623356,4.728827085320891,4.99003564691812,4.687562225330663
OCNT-2395775,ZTFVHUMBZXGEFS-UHFFFAOYSA-N,5.149286020848038,4.264225157153312,4.598184225153228,4.262123377774484
OCNT-2395777,XHMRHVMVFSPYOG-UHFFFAOYSA-N,4.507528093598886,3.946702018389924,4.263129908363954,4.64389069699313
OCNT-2395781,JNMBUNCAVAQQQX-UHFFFAOYSA-N,5.463959187262888,4.858652636368617,5.125495468065585,4.816551410269001
OCNT-2395783,HZYLYVJGIBASSW-UHFFFAOYSA-N,5.392602434085498,4.415281259098167,4.863758212734977,4.167000132921369
OCNT-2395795,SCPRVCRZHVPKLD-UHFFFAOYSA-N,4.760724994763666,3.9890986085394773,4.769500145452602,3.623272446744076
OCNT-2395796,FUKVXEGKZLQFNL-UHFFFAOYSA-N,5.1206069619657795,5.042097565369868,4.27805620026713,5.281947521774375
