Molecule_Name,inchikey,CYP1A2_pIC50_direct_inhibition,CYP2C9_pIC50_direct_inhibition,CYP2D6_pIC50_direct_inhibition,CYP3A4_pIC50_direct_inhibition
OCNT-0021943,QZAYGJVTTNCVMB-UHFFFAOYSA-N,5.151367862140002,3.952111528460001,5.0255422645399985,3.983419298519998
OCNT-0022066,IENZQIKPVFGBNW-UHFFFAOYSA-N,4.230015101759999,4.35034790255,4.5865773469699995,3.90221778337
OCNT-0022127,LNEPOXFFQSENCJ-UHFFFAOYSA-N,4.5631861018899995,4.71477535229,5.262317520090002,4.530041979189999
OCNT-0022129,ZUXABONWMNSFBN-UHFFFAOYSA-N,4.51007048293,4.512698336019999,5.02067639476,3.9154385628600012
OCNT-0022141,KLBQZWRITKRQQV-UHFFFAOYSA-N,5.0787206742999995,4.74934297967,5.4474352456299995,4.66283854298
OCNT-0022234,YRCWQPVGYLYSOX-UHFFFAOYSA-N,4.964324104980002,3.4155840978000014,5.006249962779998,3.3123260378699992
OCNT-0022246,ZEWQUBUPAILYHI-UHFFFAOYSA-N,5.088199499250002,4.7007458158699995,5.429824383940001,4.668538562390001
OCNT-0022266,PWWVAXIEGOYWEE-UHFFFAOYSA-N,5.155231523379999,4.046592067260001,5.402522125089998,4.4128679083
OCNT-0022268,WIKYUJGCLQQFNW-UHFFFAOYSA-N,4.895699848570001,4.373463000500001,5.509221528649999,4.395460031689997
OCNT-0022314,FPCCSQOGAWCVBH-UHFFFAOYSA-N,4.163051187600001,4.56658414492,4.886150585970001,4.101352289729999
OCNT-0022316,VCKUSRYTPJJLNI-UHFFFAOYSA-N,4.269039222580001,4.0911454847299975,4.723421383580002,3.6596484736599995
OCNT-0200796,FBOZXECLQNJBKD-ZDUSSCGKSA-N,4.079871202950001,4.133847405599999,3.95757158477,2.542383168800002
OCNT-0319465,CDQSUAXVLAUUPS-UHFFFAOYSA-N,5.189268599269999,4.663330722159997,4.525933922330002,4.03518803723
OCNT-0478539,DRLFMBDRBRZALE-UHFFFAOYSA-N,5.309481584989998,4.205715648760001,4.608045175840004,4.143371496490001
OCNT-0483502,DOBMPNYZJYQDGZ-UHFFFAOYSA-N,5.365854122019999,4.97854552474,3.86523328585,4.70428979147
OCNT-0492977,PIXMJBOEBUQEEW-UHFFFAOYSA-N,4.543701019030001,4.213756423000001,4.5595395742400004,3.9628220372300005
OCNT-0493312,JCCNYMKQOSZNPW-UHFFFAOYSA-N,4.786278876690001,4.804986957780001,4.508498858519999,4.408147238569998
OCNT-0493346,LPEPZBJOKDYZAD-UHFFFAOYSA-N,5.369630535830001,4.493271408559999,4.25574390458,3.1243253868200003
OCNT-0493951,KKZJGLLVHKMTCM-UHFFFAOYSA-N,4.4198595697,4.32295574333,5.132529734699997,3.650028153770001
OCNT-0493990,MLDQJTXFUGDVEO-UHFFFAOYSA-N,4.86980557035,4.877619809760001,3.9487509363400006,5.10511373328
OCNT-0494162,BFPYWIDHMRZLRN-SLHNCBLASA-N,5.075729869040003,4.530252603610002,4.599567440430001,4.25876649514
OCNT-0494195,YQNQNVDNTFHQSW-UHFFFAOYSA-N,5.313718599020002,4.20745349862,4.188633893400002,3.83500094444
OCNT-0494638,RUDATBOHQWOJDD-BSWAIDMHSA-N,4.218311339370001,4.291310287550002,4.570186326150002,2.9942479966500004
OCNT-0494698,ZNNLBTZKUZBEKO-UHFFFAOYSA-N,4.604506625640001,4.991768910709999,4.299070909419999,4.636707997739999
OCNT-0495039,QIVBCDIJIAJPQS-VIFPVBQESA-N,4.6887620102900005,3.7700766900200025,5.11848481246,2.53629496985
OCNT-0495153,OCJYIGYOJCODJL-UHFFFAOYSA-N,4.581900601170001,4.571201201069999,5.613467851509999,4.66750914744
OCNT-0495303,WHTVZRBIWZFKQO-UHFFFAOYSA-N,4.941143268750001,4.405120923689998,5.078080787699998,4.299840025560001
OCNT-0495620,KXGVEGMKQFWNSR-LLQZFEROSA-N,4.437631785820001,4.32131023873,4.566469446860001,3.0439253273099998
OCNT-0497934,YJGVMLPVUAXIQN-XVVDYKMHSA-N,4.5467212451800005,4.69024581532,4.226949692809998,3.980435551740001
OCNT-0497954,WSPOMRSOLSGNFJ-AUWJEWJLSA-N,4.979214521660002,4.62571780351,5.431098197870001,4.444240007510002
OCNT-0498064,RUZYUOTYCVRMRZ-UHFFFAOYSA-N,3.9599302943399977,4.551588727360001,4.46144256921,4.125429605500002
OCNT-0498090,VKQFCGNPDRICFG-UHFFFAOYSA-N,4.43819724317,4.34018731005,3.69864520212,4.353361630310002
OCNT-0498121,JNMRHUJNCSQMMB-UHFFFAOYSA-N,5.503825375959996,4.3821048330400005,4.15023423301,4.16262729777
OCNT-0498160,MBGGBVCUIVRRBF-UHFFFAOYSA-N,4.11692783943,5.092368946350001,3.9000425780999985,4.40932459825
OCNT-1411118,PBJUNZJWGZTSKL-MRXNPFEDSA-N,4.54195688377,4.5232425094,5.343787792170001,3.31628474462
OCNT-1893991,JXZZEXZZKAWDSP-UHFFFAOYSA-N,4.61317029679,4.862106976179999,5.299036700030002,4.716581194760001
OCNT-1893994,ZKMNUMMKYBVTFN-HNNXBMFYSA-N,4.64353675278,4.236283021009998,5.050451992470003,4.14210997054
OCNT-1893998,RGOVYLWUIBMPGK-UHFFFAOYSA-N,4.89051097236,4.2393783154300015,4.605511511489999,3.7711105976299995
OCNT-1911794,LOUPRKONTZGTKE-LHHVKLHASA-N,4.871527437070003,4.603549035499999,4.9595426148499975,4.663500328279999
OCNT-1965960,INWLQCZOYSRPNW-UHFFFAOYSA-N,4.673745715320002,4.276678905859999,5.094588027240002,3.90639745188
OCNT-2308470,RQGVCACJTCSQTN-UHFFFAOYSA-N,5.336405628020002,4.739975005070001,4.331148413740001,4.569299484140004
OCNT-2308474,RMOQOPSUZCJLMR-UHFFFAOYSA-N,5.7747632825599995,5.18584563074,4.3612141933999995,4.80571627171
OCNT-2308494,HNTSVSUJRBPIDS-UHFFFAOYSA-N,5.204015055000001,4.841077880370001,4.836565566800001,4.350375733159999
OCNT-2308501,WCGOAKBBDHZUDP-UHFFFAOYSA-N,4.297763195760001,4.25556231037,4.96316329966,3.66343675785
OCNT-2308504,WNVJJXBDZXMAAQ-UHFFFAOYSA-N,4.145884869850001,4.300400262900001,4.714036798310001,3.7105613951699996
OCNT-2308512,HJAMHWGDBJJRCC-UHFFFAOYSA-N,5.283359009210002,4.867745866950002,5.02356813261,4.564613141889999
OCNT-2308529,KBIFFZFLJCHRSB-UHFFFAOYSA-N,4.73633002397,4.1232042815600005,4.658742904819999,3.7356106762299985
OCNT-2308531,BZQFGNJQXVEMQC-UHFFFAOYSA-N,4.42328482565,4.527771469,4.70881893007,4.42139649077
OCNT-2308539,ZWRLRPADEBXZJB-UHFFFAOYSA-N,4.691044172729999,4.74678575493,4.39027894776,4.20186260656
OCNT-2308543,AAUDAIVFRROHGC-UHFFFAOYSA-N,4.530874871460001,4.199669373859999,4.670756981759999,3.9916286082000005
OCNT-2308553,PVLYROGYOCQWRM-UHFFFAOYSA-N,4.313015487190001,4.463037452030001,4.52662518735,4.2065672115799995
OCNT-2308560,KGGXLTJOCZBYMP-UHFFFAOYSA-N,4.686541933719997,4.6486783042400015,4.526785817510002,4.438316886130001
OCNT-2308571,JBLWNFFRBGGQRJ-UHFFFAOYSA-N,5.61859933448,5.07037098857,4.329396712619999,4.5924899895400015
OCNT-2308585,KOJVPCIQCXWRGV-LRDDRELGSA-N,4.608273426220001,4.039237674750002,4.95902706536,3.34027081311
OCNT-2308594,DLIWZFLURZGWCN-AZUAARDMSA-N,4.617178629050003,4.825756053510002,4.738561325099999,4.85065426545
OCNT-2308603,JLAOTGNFFLOXRH-UHFFFAOYSA-N,5.402833439320001,4.85422375873,5.20592192421,4.762925438100001
OCNT-2308624,HCZDJIDHWJKQNL-UHFFFAOYSA-N,5.0893101273,4.669965304960001,4.97487839716,4.387637453669998
OCNT-2308626,HQIXODCYFGBKNG-UHFFFAOYSA-N,4.575684222540001,4.2145617584899995,4.60725514874,3.4449872622400006
OCNT-2308632,BNVYMBNZHADONN-UHFFFAOYSA-N,4.858837471670001,4.577731095450001,4.234155906350001,4.367381101770001
OCNT-2308640,AAYXDSMALIOPQB-UHFFFAOYSA-N,4.51236017544,5.119855197660001,4.424237071310001,5.102250344620001
OCNT-2308649,NECXPRJZRYCKAT-UHFFFAOYSA-N,4.993909027679999,4.85523266161,5.274139655099999,4.7233717981300005
OCNT-2308656,SFFQJAZXVFNTET-UHFFFAOYSA-N,4.891518804150001,4.9811088346200005,4.07332474247,4.557578954240003
OCNT-2308660,KGJRVDOHNIXDMY-UHFFFAOYSA-N,5.46366764977,4.95373975432,5.210100899129999,4.69834059227
OCNT-2308682,JZKCGQFNKIROBD-UHFFFAOYSA-N,5.333233282770002,4.827222219419999,4.572930314169999,4.341922320979999
OCNT-2308687,BOENRGZTNSTROB-UHFFFAOYSA-N,4.403588292739999,4.758568359169999,4.5485664572100015,4.6072762466600015
OCNT-2308689,RBIQMTORZFPEDR-UHFFFAOYSA-N,4.282535838780002,4.584507121630001,4.389711730799999,3.7895505346400014
OCNT-2308693,JKRHRSTTXYTARO-UHFFFAOYSA-N,4.794563831669999,4.702969804839999,4.35311625755,4.3890548145000015
OCNT-2308760,CZPCBSYPEXOWNN-KXBFYZLASA-N,4.826790892790002,4.676460534889999,4.62985446333,4.455850715020002
OCNT-2308768,SLVCIRWUTNDVDY-UHFFFAOYSA-N,4.9941497998,4.3255192452700015,4.6202236254999995,4.361099920270001
OCNT-2308794,FGQIIXMRZKWIQS-UHFFFAOYSA-N,4.7210784255,4.152116543350001,4.903387315379999,3.9372997593300014
OCNT-2308803,JIFHBVQNLSIJPG-UHFFFAOYSA-N,4.888140856920001,4.4737371693200005,4.67365047862,4.347563449900001
OCNT-2308808,GCIKBYNGPPOSAR-UHFFFAOYSA-N,5.035706844720003,4.092513775709999,4.4951596589300005,3.7512197140500008
OCNT-2308818,FZCCZRTVIJFQKN-UHFFFAOYSA-N,4.783090647720001,5.025121804320001,4.79484437893,4.820507058800001
OCNT-2308821,JAPPCCYAUPAWPQ-UHFFFAOYSA-N,4.944421113400001,4.276797805149999,4.47975941995,3.941001803470002
OCNT-2308822,QECPZZNXERNMLC-HJWAUIETSA-N,4.52351783692,4.363186090020002,4.660413267939997,3.8517079804900005
OCNT-2308842,FQCKBCZETREUQU-UHFFFAOYSA-N,4.7807306068100015,4.706671250360001,4.829483387450002,4.679782610480001
OCNT-2308851,ANWFMPNNWUQEGN-UHFFFAOYSA-N,4.81508054333,4.19645284012,4.96006502142,3.6067464552400015
OCNT-2308852,JTEWTVFVNPJYQY-UHFFFAOYSA-N,4.5604359512800015,4.047306495660001,4.6916209228099985,3.6513001203899984
OCNT-2308860,GENBLLCBSGBWSV-UHFFFAOYSA-N,5.483648124929998,4.752205236099999,4.383143514749998,4.165931929390001
OCNT-2308866,TZHCGVRZHACKPM-UHFFFAOYSA-N,5.233015507140002,4.771901020550001,4.730880405990001,4.281991221819999
OCNT-2308872,PFOQBJFOBMXIFQ-OLZOCXBDSA-N,4.915976003970001,4.76261917062,4.532842099570002,4.453607903519999
OCNT-2308951,CFCALRFTJMJNCF-UHFFFAOYSA-N,4.960308762570001,4.562323279169999,4.438717452370001,4.2934399364999996
OCNT-2308952,YRYRQKCRFQZBJZ-UHFFFAOYSA-N,5.161940483070001,4.784869283859999,5.39664055239,4.66841689015
OCNT-2308958,APCKBGSTXTVQIO-UHFFFAOYSA-N,4.970425331410001,4.26495583174,4.404586611890002,4.479040434879999
OCNT-2308997,GDMXBTJFBFUQPG-UHFFFAOYSA-N,5.474386865629999,4.750926494730001,4.303317296080001,4.72338052001
OCNT-2308998,SMUXAFUMKFMQDV-UHFFFAOYSA-N,5.412822420030003,5.134768492109999,4.517239719640002,4.54942065065
OCNT-2309004,CJEBHGVZWZPWSG-UHFFFAOYSA-N,4.84183349904,4.215927896200001,4.752817765019999,4.057042344509998
OCNT-2309012,CYDNTBXARFNHOK-UHFFFAOYSA-N,4.548643577270001,3.9478828181500005,4.796118181990002,2.7007773307100007
OCNT-2309019,YVFXCMLVGKSGDB-UHFFFAOYSA-N,4.680618445599999,4.829344756720001,4.05139908053,4.523318722140001
OCNT-2309024,XSVIVDYCHPPUGK-UHFFFAOYSA-N,4.2312363815300005,3.853745423900001,4.18284367915,2.7206111443700003
OCNT-2309042,MLWJNKOKQZCQFM-UHFFFAOYSA-N,5.5168622128300004,4.739355032750002,4.537426742910001,3.6814357607099986
OCNT-2309070,CFGZXKWGGSEENY-UHFFFAOYSA-N,5.678918766350002,4.701909653530001,3.899512616850002,4.211409691299998
OCNT-2309134,WOGAEFGJGCXZAZ-UHFFFAOYSA-N,3.7674378081,4.129199000559999,4.208492962860001,3.3340903263799992
OCNT-2309139,XEASEVMEKOGXHQ-UHFFFAOYSA-N,5.509209642299997,5.14212010213,5.41850290799,4.899883166239999
OCNT-2309149,HOLZORPNZUZFLM-UHFFFAOYSA-N,4.50479018029,4.251693853320001,4.50490702307,3.8733303684299987
OCNT-2309151,QJWGFXLKMHWCMY-UHFFFAOYSA-N,4.38688634242,4.32797530449,4.59118589595,4.35215901248
OCNT-2309164,PNCMDCHZNMXPME-UHFFFAOYSA-N,4.958521941450003,4.571562932689999,4.7963260168,4.500689733049999
OCNT-2309175,QTYQHQWTDLCRNC-UHFFFAOYSA-N,3.9389187629399998,4.598184048069999,4.41601436208,3.9732761004199997
OCNT-2309179,BWWQNTFNKYNBID-UHFFFAOYSA-N,5.323784552330002,4.917923973929999,5.282682039459998,4.5133973119199995
OCNT-2309196,AWUCBRVUTSPZQP-UHFFFAOYSA-N,4.007411075239999,4.90664728236,4.422272703339999,4.4891197008900035
OCNT-2309207,FCZNJMSICLCNRK-UHFFFAOYSA-N,4.758554062940001,4.446912079299999,4.66929083604,4.370734700010001
OCNT-2309232,MKUCLUPMYFFFGY-UHFFFAOYSA-N,4.9977443595099995,4.536722028850001,4.635196324910001,4.3765985034599995
OCNT-2309246,HZJAEDMXWJCPPZ-UHFFFAOYSA-N,4.345086793560002,4.874867368829999,4.59098694889,4.389641695449999
OCNT-2309266,ORECJXVOVYEVDN-UHFFFAOYSA-N,4.55257345378,4.576128559920001,4.392765128960001,4.214999135770001
OCNT-2309274,ZXIVUUXCTPHHAO-UHFFFAOYSA-N,4.4207450872699985,4.49669897415,4.659749925689998,4.393451830359999
OCNT-2309279,TXZYYKDEFUKJEH-UHFFFAOYSA-N,4.2233909365199995,3.8791050785399994,4.749074207609999,3.3207663216000016
OCNT-2309286,CKULYSVCWINHRD-UHFFFAOYSA-N,4.947487509690001,4.7290783663600005,4.643567796320001,4.37375666195
OCNT-2309290,BILGZUNWWFGLCD-UHFFFAOYSA-N,4.571095317490001,4.843848540680001,4.807184210830001,4.5201305420999995
OCNT-2309299,GAABTIDOVCUIJA-PIVQAISJSA-N,4.39722678777,4.141354168,4.743645479339999,4.0871388035599985
OCNT-2309323,SOPSTNOHBNLMBW-UHFFFAOYSA-N,3.877264985400001,4.3258332160999995,4.519505910050001,3.5671542319700005
OCNT-2309324,QQISPTBFJAYJMO-UHFFFAOYSA-N,5.054653895620003,4.4971331291700025,4.83584935004,4.028392665009998
OCNT-2309338,FDGYVGAIXDSNLL-UHFFFAOYSA-N,4.758656590750002,4.555078789199998,5.079918744389997,4.383421263450001
OCNT-2309345,AKNWHDZNSOSXGU-UHFFFAOYSA-N,4.356747753420001,4.532741035790003,4.159056945530001,4.10908744161
OCNT-2309347,SCYVZKJFARRCOF-SKDRFNHKSA-N,4.904537373079998,4.387313530099999,4.58191223757,4.031555772500001
OCNT-2309366,NUDCKBSXSMSSHR-UHFFFAOYSA-N,4.42689182624,4.8130921115500005,4.467769290080001,4.453928684100003
OCNT-2309376,GBUSLTPPAQKFHD-UHFFFAOYSA-N,5.801774910879999,5.1244484319699986,4.9849076597199975,4.699910391680001
OCNT-2309395,ZRPRJIZEXFJPDS-UHFFFAOYSA-N,3.9851930017199977,4.0228733935299985,4.603477939359999,3.456545148139999
OCNT-2309415,SZIZNFZWYZMKGP-UHFFFAOYSA-N,4.930885021000001,4.161028368300001,4.76733353967,3.808269092470001
OCNT-2309434,FKZOSNVMEGROHU-UHFFFAOYSA-N,4.497179543480001,4.531917839159999,5.17994785411,4.34877342308
OCNT-2309443,LTXRCYPELJYQOB-UHFFFAOYSA-N,4.241102724929999,4.678134730849999,4.400336264260002,4.611788195480002
OCNT-2309447,SRJYGDXJLJWAOP-UHFFFAOYSA-N,5.0482888927600005,5.091209385830001,4.06705215742,4.710221623470001
OCNT-2309448,PYIWSJVAJVCDJD-UHFFFAOYSA-N,5.3082151796099994,4.899559248370001,4.89949044233,4.587141873329999
OCNT-2309458,VRHSIWRFSPQEBM-UHFFFAOYSA-N,4.762857246429999,4.209138427030001,4.56085586101,3.82102324597
OCNT-2309469,CEXGDSRWXPGELQ-UONOGXRCSA-N,5.47512578232,4.88747351564,4.6521770904199995,4.805842533610003
OCNT-2309492,YRYCNCAAIQZHCQ-UHFFFAOYSA-N,4.568080084380003,4.474716203259999,4.60741823413,3.6069886072799995
OCNT-2309498,NZGXZMLTWAOIJJ-UHFFFAOYSA-N,3.9379362998100005,4.345637741980003,4.7449104977899985,3.93001304803
OCNT-2309505,VHRWMNXPYKUVDY-UHFFFAOYSA-N,5.13206869729,4.468587503719999,4.90237422616,3.9005055385099996
OCNT-2309520,PQDNSHRLKSHCPF-IUODEOHRSA-N,3.9560031443800017,3.9832064912799994,4.326335949409999,3.25711816261
OCNT-2309524,OQWALVNPZPFZNB-UHFFFAOYSA-N,4.286439868110001,4.393082261410001,4.949787923140001,4.32051628331
OCNT-2309550,TUNYSDUUJNGBOO-UHFFFAOYSA-N,4.9151859186000015,4.09065050162,4.26305074835,3.4912972739699986
OCNT-2309560,UGLQFTQKYFIXRS-UHFFFAOYSA-N,4.720654751350001,4.266965973260001,4.630010337709999,4.12292345716
OCNT-2309567,WUJHRFRBGPBFFB-UHFFFAOYSA-N,4.9007060143700025,4.744869757350001,4.964315281480003,4.55537151086
OCNT-2309576,VJOLPRXCRRLZKY-UHFFFAOYSA-N,4.330167708579999,4.7105951832,4.865475250880001,4.37884466797
OCNT-2309581,XAKQUAVVZRFGRT-UHFFFAOYSA-N,4.215847703449999,4.260270957949998,4.53945288985,3.20885066181
OCNT-2309593,ICQPYVZPTBHWKX-UHFFFAOYSA-N,5.228773509220002,4.5530684153999985,5.22779528542,4.648855429199998
OCNT-2309596,IXNDBORQXCOCSN-UHFFFAOYSA-N,4.580997688690001,4.2521260945399995,4.36087017824,3.48409042491
OCNT-2309598,XWCLCJYWVJRTHA-UHFFFAOYSA-N,4.770214330769998,4.23431758776,3.913137828689999,2.8112533860800006
OCNT-2309599,PZBMCIRQTJSXEM-UHFFFAOYSA-N,4.77236831351,4.94920542305,4.412298669480002,4.850879546320002
OCNT-2309603,NJASTDRCXHCKCI-UHFFFAOYSA-N,4.432422053500001,5.23908721243,4.208009777430002,5.00030488441
OCNT-2309606,MFIXXYBDPKWHOV-UHFFFAOYSA-N,4.675770472310002,4.825557474609999,4.482177500039999,4.5586046918499985
OCNT-2309655,RXWSOBRRXFTSLA-UHFFFAOYSA-N,4.658592134099999,4.27353259386,4.75490215944,4.11462574482
OCNT-2309659,QDMSJHDEIZETOH-UHFFFAOYSA-N,5.551223620640001,5.09165287177,4.531770441750002,4.885012572719998
OCNT-2309661,RSUDJUKPYSQPJM-UHFFFAOYSA-N,5.528051662319999,5.08489459968,4.2186896431999985,4.832555763860001
OCNT-2309663,BBRIXFTZIRVEEF-UHFFFAOYSA-N,5.60872459625,5.2906461147699995,4.120485992070002,5.0338766360600005
OCNT-2309686,XQSMMYKKUBTICB-UHFFFAOYSA-N,4.2945732636399985,4.666240639260002,4.28756824733,4.612829017219999
OCNT-2309704,QMUPVRYCKBCCRT-UHFFFAOYSA-N,4.736453654570001,4.915379183849999,3.9762247791299994,4.126062170619999
OCNT-2309709,TUNHMOUQIPHTBW-UHFFFAOYSA-N,4.618091335909998,4.349330641230001,4.5494362513899995,3.8130089311299984
OCNT-2309734,XKOYXYRROUYVSA-UHFFFAOYSA-N,4.605357129000001,4.25317169688,4.19605114716,3.5557362050199988
OCNT-2309742,PDQLPNSIVZNUDK-UHFFFAOYSA-N,4.721155254919998,4.664872358689996,4.490056496439999,4.023080973419999
OCNT-2309746,ZRDDUQNCPHKPCT-UHFFFAOYSA-N,4.971586223299999,4.706942836629999,4.651469165909999,4.233162439590001
OCNT-2309768,OOPGWPZBSRALIG-UHFFFAOYSA-N,4.643035410000001,4.16948278437,4.500531231029999,3.49692622183
OCNT-2309776,JEIGWQHMZMNNGN-UHFFFAOYSA-N,4.64518849445,4.417164353730002,5.222973890290001,4.2014065682199995
OCNT-2309800,GIFUCGYPMBHNPM-UHFFFAOYSA-N,4.475733612879999,5.06408500331,4.36670522454,4.79754241418
OCNT-2309801,LTKHJAAHPNJLHY-UHFFFAOYSA-N,4.959378824930003,4.690773448189999,4.6237909220999995,4.287617006130002
OCNT-2309809,JZKURPYQVDAOOL-UHFFFAOYSA-N,4.6149903632500004,5.174771713279998,4.581020262230001,4.991728057580001
OCNT-2309811,GAAAACRGNMPWJY-UHFFFAOYSA-N,5.08882138108,4.424630283910002,4.341461213340001,4.299052487189999
OCNT-2309844,GGSBXNSPXLOOHI-UHFFFAOYSA-N,4.723263456859999,4.220740177970001,5.218154215279998,4.119143150870001
OCNT-2309846,FGUQAYRHKXYOTM-UHFFFAOYSA-N,5.1244610466,5.02128542192,5.27036529666,4.63204437386
OCNT-2309877,YKVLNDDAPLQHQD-UHFFFAOYSA-N,4.01409719245,4.728923439810001,4.55189927655,4.3700272721
OCNT-2309905,LVJWCKKQYYBYRC-UHFFFAOYSA-N,4.423905773209999,4.39886164893,4.446941140180001,4.293036220469998
OCNT-2309918,SVDYMXAJCOKQLE-UHFFFAOYSA-N,4.54285855745,4.619602020939999,4.347533747330001,4.033766952050001
OCNT-2309920,OXVAKGJWUUTGGP-UHFFFAOYSA-N,5.203634055460002,4.894931978400001,4.20689581692,4.86388602594
OCNT-2309926,LECHJNCDFRJREW-UHFFFAOYSA-N,4.998801184829999,4.5961203162599995,4.63977251589,4.187516579999999
OCNT-2309942,AAJANOIUSFNLGX-UHFFFAOYSA-N,4.8324062140200015,4.658524956500001,5.273126164239999,4.448289287630001
OCNT-2309950,UWGSRPLGVVOCMK-UHFFFAOYSA-N,5.3825544812700015,5.0711814745599995,4.16302136755,4.66055362244
OCNT-2309955,KAIXLFHXPRCWAS-UHFFFAOYSA-N,4.658088008620002,4.2347723533099995,4.726756905400002,3.71620412195
OCNT-2309987,ZPRQFKSHIREKOP-UHFFFAOYSA-N,4.52384128181,4.8806285461900005,5.389658427210001,4.943999885670001
OCNT-2309993,HJDIMWOEKKJXFJ-UHFFFAOYSA-N,4.201057510899999,4.753961760280002,4.52100550146,4.457060188560002
OCNT-2310008,YZDDODJEXHDWEE-UHFFFAOYSA-N,4.63960272916,4.339426787350002,3.992593704710001,4.06361671687
OCNT-2310021,YXVXGYRWFHPXRG-UHFFFAOYSA-N,4.960109133840002,4.568926044109998,3.958116887020001,4.24154019735
OCNT-2310024,YDDBBPMIFIWYPM-UHFFFAOYSA-N,4.845868224800001,4.270619121020002,5.087455125930003,3.7986804708100017
OCNT-2310036,YUSOQWDLAGAIHW-UHFFFAOYSA-N,5.641075871960001,5.0666032457700005,4.2958340523,4.61125205719
OCNT-2310041,OQNCBOFIXGDOFI-UHFFFAOYSA-N,4.64032109838,4.76701304866,4.8323455658400025,4.484726526240001
OCNT-2310043,ZSKKBENNGKLPHJ-UHFFFAOYSA-N,4.776031397560001,4.18006973524,4.521497760230002,4.002307393749998
OCNT-2310072,RPIPASCIKGRQNW-UHFFFAOYSA-N,4.849359514650001,5.142588294010002,4.288267994929999,4.869338162000001
OCNT-2310094,QLJSPTQLWJJXDU-UHFFFAOYSA-N,5.0394446895400025,4.644551461850001,4.599441412090001,4.214096605849997
OCNT-2310110,ZLNSOSPUFUUSJT-UHFFFAOYSA-N,4.88431658778,4.454282944729999,4.70774789838,3.6732258083799985
OCNT-2310119,OPPFQRUPYDGASZ-UHFFFAOYSA-N,5.23889985191,4.93090772135,4.558212939029997,4.80294156607
OCNT-2310121,OSVJTIWAVNSEQH-UHFFFAOYSA-N,4.128926283840001,4.2268683861900005,4.266646172449999,3.5198795957400004
OCNT-2310123,GJSIXZKKNDJEAL-UHFFFAOYSA-N,4.538111780359999,4.93368558566,4.603112636119999,4.626340037149998
OCNT-2310131,KTFISXUNCYDJBB-UHFFFAOYSA-N,4.259417131570001,4.01995966081,4.774729430160001,3.7757166351099984
OCNT-2310137,HJSCMXIXVZQQOK-UHFFFAOYSA-N,4.64929229323,4.80066400656,4.534376477550002,4.739795172220003
OCNT-2310144,HZHXSHXBAHLQCN-UHFFFAOYSA-N,4.561939879900001,4.56473315755,5.04098329606,4.447562853319999
OCNT-2310155,HKZQTGCONNDGDA-UHFFFAOYSA-N,4.751384219659998,4.369683763040001,4.63043761318,4.023950386089999
OCNT-2310156,ZRNDQMAKMCTGGO-UHFFFAOYSA-N,4.944836662539999,4.468816931950001,4.5592166794899995,4.276771797519999
OCNT-2310157,LVUXIUDKFQBCBA-UHFFFAOYSA-N,3.8511027103700015,4.23360237464,4.6180027938500015,3.8314402607300013
OCNT-2310192,IETCJVWWRSDVEL-MRXNPFEDSA-N,4.256411661600002,4.449910985389999,4.5439244920099995,2.7728145094900003
OCNT-2310199,BMDUEAJNHZCKOW-UHFFFAOYSA-N,5.31725792087,4.714333924320001,4.372642370079998,3.5299117461899994
OCNT-2310202,AIOAUDKSZPZHDV-UHFFFAOYSA-N,5.463034097500001,5.029944434640001,4.296211823099998,4.596396857749999
OCNT-2310216,AJTSNWUPSBKAJK-MRVPVSSYSA-N,4.898179295950001,4.782097319469999,4.261698561080002,3.523575400520002
OCNT-2310225,SOWHXMPYVHVKNM-UHFFFAOYSA-N,4.893784326909998,4.22350364378,4.604599951850001,3.56709668437
OCNT-2310227,UFIOPUNMLAUYND-UHFFFAOYSA-N,4.09590408162,4.186101702189999,4.4918423058200005,3.6541672022399996
OCNT-2310261,TWKXRJAUKSDMNC-UHFFFAOYSA-N,4.823264399820001,5.010162910059999,3.7780392484500025,4.438134239660001
OCNT-2310265,NQKFCFZXAAUFSR-UHFFFAOYSA-N,3.8000346926600024,4.30726825256,4.494034159500001,3.828103804549999
OCNT-2310319,LRCVBALEVVGLFE-UHFFFAOYSA-N,5.263263955110001,4.739995602180001,4.853528591560001,4.555166688970001
OCNT-2310323,MBYHTKURRZPUOJ-CQSZACIVSA-N,4.149924351980001,4.16046797146,4.41293928424,3.6956026589500004
OCNT-2310327,NANLFGLVROKLFB-UHFFFAOYSA-N,4.529386554089999,4.655619165430001,4.945681157520001,4.42738375374
OCNT-2310342,FTPBHHGBIJXPBQ-UHFFFAOYSA-N,4.918135660949999,5.00931815262,4.30158946,4.935577717369998
OCNT-2310346,CCWBISGBXAFNFY-UHFFFAOYSA-N,5.256709762200001,4.603001601869999,4.665378805689998,4.13937591289
OCNT-2310350,IULOBWFWYDMECP-UHFFFAOYSA-N,4.78544626032,4.80264317812,4.348589667199999,2.6558124017
OCNT-2310383,FJNCYMDRTAXCFI-UHFFFAOYSA-N,5.193686904660001,4.208198418930001,4.8291700627599985,3.731000629189999
OCNT-2310396,GPUPVYRGIRMSAG-UHFFFAOYSA-N,4.749749565070001,4.7887155318499985,4.55447062592,4.42987543181
OCNT-2310404,NOKWLBSHOIIUFJ-SAABIXHNSA-N,4.225271523530001,5.035812462339998,4.26336966638,5.0449613314000015
OCNT-2310431,GFTTWKOXOFWXTR-UHFFFAOYSA-N,5.238506980850001,4.688071380810001,4.58995922869,4.203558144219999
OCNT-2310432,CNIMFKSPIWBXRR-UHFFFAOYSA-N,5.009787577980003,4.79898576638,4.5997170047,4.3820786842700015
OCNT-2310438,YFMFZOQOJHZEAM-UHFFFAOYSA-N,4.2850650986500005,4.64379701303,4.86167258601,4.059207376699999
OCNT-2310448,LEQOABJBJQUSIJ-UHFFFAOYSA-N,5.080481832490002,4.9745229875999994,4.0839091225,4.33271039314
OCNT-2310458,SYXTXXKDVIEGLV-UHFFFAOYSA-N,5.12169308903,5.099670584739998,4.3791610943,4.927351890940001
OCNT-2310470,CSLBMVDUODQHOM-UHFFFAOYSA-N,4.25346532126,4.958035847479999,4.7033173675599995,4.909781474
OCNT-2310498,IUGBKTDUGLZNFN-UHFFFAOYSA-N,4.546324888410003,4.211574652560001,5.326047054589999,4.23305398052
OCNT-2310511,HIOBZJFAABUCKU-UHFFFAOYSA-N,5.096517547380001,4.436851056579999,4.508396719749999,4.162249778200003
OCNT-2310522,SHFKEHYHFQIENX-LBPRGKRZSA-N,4.2744252648100005,4.360417792529999,4.507114573990002,3.239092243659999
OCNT-2310576,CSWBZQAJADZJPJ-UHFFFAOYSA-N,5.49507249948,4.722434941490002,4.683992989280001,4.28850156851
OCNT-2310580,XVRHQCGPDQBZJL-UHFFFAOYSA-N,5.233080316160002,4.742119784180001,5.217088657929997,4.668891493509999
OCNT-2310589,FUJRKPHFQJPPJN-UHFFFAOYSA-N,4.250574533740004,5.11395897972,4.4904475471300005,4.96826671022
OCNT-2310613,FNSPOGKBLVJSPX-UHFFFAOYSA-N,4.581520984509999,4.2435866551300006,5.23700226975,3.7829715516400007
OCNT-2310630,KZSUIFPZSDMWRV-UHFFFAOYSA-N,5.101312309299998,4.408703533170001,4.5937395924,3.6877732221199993
OCNT-2310634,AZIRSKUMMWCLMP-UHFFFAOYSA-N,4.1932883164999994,4.749178538560002,5.105571847109999,4.677859249259999
OCNT-2310640,MOGCAEVCBIAYAG-UHFFFAOYSA-N,5.29146712452,4.450418783649999,4.793623146969999,3.9972585366400013
OCNT-2310641,YKXGBOCHBJEVRD-UHFFFAOYSA-N,4.71426520692,4.302665599859998,4.58804553888,3.2594914850300016
OCNT-2310648,LVKGJVDHSRWRLM-UHFFFAOYSA-N,4.629370934840001,4.837476244800002,4.762036591069999,4.24124150562
OCNT-2310653,BSJLYSNMYGWDGZ-UHFFFAOYSA-N,4.058400562560002,3.8297385997900024,4.692428447649998,3.238682995000001
OCNT-2310658,GXPGHNGKEYVVSJ-UHFFFAOYSA-N,4.87148466567,4.28932288174,4.423848427500001,4.04473164693
OCNT-2310680,AXXIEJDVBYZXLK-UHFFFAOYSA-N,4.548922793790001,4.778341427059999,4.92655434071,4.779440543179999
OCNT-2310685,SRJUQDSPYDJJMF-UHFFFAOYSA-N,4.537332129949999,4.11526364824,4.4427903644399995,4.2312799844299995
OCNT-2310690,HCYSRWCEBFYUAA-CQSZACIVSA-N,4.0955448904199985,4.529632143950002,4.502398126529999,4.219267987709999
OCNT-2310693,RSAHXYUKVAIXGK-UHFFFAOYSA-N,4.972581975580002,4.082878226209998,4.891154739830003,3.4466179069800025
OCNT-2310698,HAVCMUREFRIDQM-UHFFFAOYSA-N,4.652088945060003,4.1115993501,4.217608964880001,3.6609745522900004
OCNT-2310707,RZGDXDYNQPUJNA-UHFFFAOYSA-N,4.062708269360001,3.6602439675999996,4.614736453789998,3.2512455276100014
OCNT-2310716,BZLXGFYLRNUUNG-UHFFFAOYSA-N,4.799559655360003,4.0948936822399995,4.648134113509999,3.8065381141399985
OCNT-2310717,BOWLVPUQMMJWEC-UHFFFAOYSA-N,5.297583118839999,5.068752395409998,4.1104795474200015,4.15705892627
OCNT-2310726,GOHPXULFFDBKGC-UHFFFAOYSA-N,4.88535513553,4.84913253226,4.7420125436,4.734836682659999
OCNT-2310747,MOMOPKAZNASMQJ-UHFFFAOYSA-N,4.06690795974,4.417830527900001,4.54996419507,3.9143132963699983
OCNT-2310751,KZIDFUMZLWTNPB-UHFFFAOYSA-N,4.830926984780001,4.54324767804,4.16200226895,4.445975752159998
OCNT-2310755,BIGAOOHPAKZTOZ-UHFFFAOYSA-N,5.108755042240003,4.633029324860001,4.55955604148,4.226865367710002
OCNT-2310779,LWTKTABHWXYFOZ-UHFFFAOYSA-N,5.4391298935400005,4.814343071240001,4.678380829120001,4.44034345093
OCNT-2310797,WRRMQFMQWRSQBI-UHFFFAOYSA-N,4.451933128549999,4.587140572069999,4.599208198150002,3.9995194543999997
OCNT-2310804,IWKOXNCMURNVKR-UHFFFAOYSA-N,5.06200760367,4.670778966190001,5.225267787939998,4.7338436352899995
OCNT-2310808,JZLNLPFYEPHWQX-UHFFFAOYSA-N,4.305787665090001,4.506894319729998,4.268047452400001,4.362212136520002
OCNT-2310822,PAZGEARGQQZYLI-UHFFFAOYSA-N,4.2021107424,4.79137532506,4.5408347851499995,4.254725441189999
OCNT-2310829,WIPMLMLIKXSIFW-UHFFFAOYSA-N,4.684009535879999,4.50108784233,4.991327426440002,3.8683282791999996
OCNT-2310839,HZOOOFYSGYSMTG-UHFFFAOYSA-N,4.957716711240001,4.789825993130001,4.2344148094000005,4.700133833989999
OCNT-2310843,UHBYZUKYPMONRO-UHFFFAOYSA-N,3.9429041777899987,4.46196413232,4.556338255590001,4.314612207729999
OCNT-2310859,RUVLBPWZPKTFQY-UHFFFAOYSA-N,4.698236402620002,4.593912925620001,4.702466100779998,4.34098857065
OCNT-2310880,UPACZLZVVYCCPQ-UHFFFAOYSA-N,4.7538866756800005,4.773795273960001,4.165841797469999,4.458980241070001
OCNT-2310901,HDXXWIMMIYDYQO-UHFFFAOYSA-N,5.692825106889997,4.848359699380001,4.46534495821,4.572173196100001
OCNT-2310935,PYENDQAOQUXIML-UHFFFAOYSA-N,4.788295688660005,4.808939021700001,4.630906157079999,4.573772459680002
OCNT-2310939,FMPOGJMGFDQNLR-UHFFFAOYSA-N,4.39594612925,4.693666649200001,4.9985103729999985,4.310170617370001
OCNT-2310945,ZCFOZFFAVPLQDU-UHFFFAOYSA-N,4.50630398924,4.4257161984,4.94963982143,4.254103754360002
OCNT-2310948,WECBRMODQWSFSC-UHFFFAOYSA-N,4.707781508400001,4.20438564302,4.339525377969999,3.2908811964999996
OCNT-2310953,JNUPUTJOTQNJHS-UHFFFAOYSA-N,4.9246662631,4.855239585399999,4.519493782740001,4.994864121900002
OCNT-2310955,ZNYHVNPTYPXHIV-UHFFFAOYSA-N,4.34884980201,4.490051703509999,4.750431028139999,3.9161035265600015
OCNT-2310971,QUMDTFYGSJHRPL-UHFFFAOYSA-N,4.919476990410001,4.2738288981500006,4.672095228639999,3.424940336710001
OCNT-2310979,ZNZJGCOJFHWZII-UHFFFAOYSA-N,5.48082805518,5.063902882080002,4.908034301990001,4.716248649199998
OCNT-2310997,SIPWPCZRIOWTLN-UHFFFAOYSA-N,4.29826429152,4.48418152708,4.7518202723300025,4.262532174840001
OCNT-2311017,HGMVMOMRKMPRSR-VHSXEESVSA-N,4.4525432902699995,4.408765382790001,3.6896148557800017,3.74802563371
OCNT-2311028,MQXPCGHXWRPKCK-UHFFFAOYSA-N,3.8669678765100013,4.034614990159999,4.665917467630001,3.621394870219999
OCNT-2311032,KXQCKBJACHMFEZ-UHFFFAOYSA-N,4.708838477190001,4.63765141422,4.753648767280001,4.428474434860002
OCNT-2311050,RRHHUYUAXCKIRN-UHFFFAOYSA-N,4.271130733060001,4.80078349657,4.322229650869999,3.866688985250001
OCNT-2311059,IADLBRMVZTZASR-UHFFFAOYSA-N,4.489133018019998,4.775829621860001,4.537359832730002,4.72348900736
OCNT-2311060,FEGQQHPUTSRZAG-UHFFFAOYSA-N,4.799088162430001,4.366785006540001,4.588631200490002,3.990965314590001
OCNT-2311061,YAHHSHNEDFLSFO-UHFFFAOYSA-N,5.477019929559999,4.906129245019998,4.489786476649999,4.5479715086400025
OCNT-2311086,LHTZKKBQVHDQAX-UHFFFAOYSA-N,4.71119359412,4.323727682930001,4.43829126462,3.6721818678699982
OCNT-2311091,NLPVWZDQUHNWNN-UHFFFAOYSA-N,5.724340067749999,5.11350351669,4.43221585248,4.930904246110002
OCNT-2311102,OPNWCLOHWSTTAH-UHFFFAOYSA-N,4.763630936200003,4.2690278900799985,4.483996203929999,3.51939537686
OCNT-2311106,XKPXTMLDEUTWQU-UHFFFAOYSA-N,4.613332251969999,4.570657304159999,4.861474124290001,4.007645945350001
OCNT-2311133,DAOAPMJKVUJXID-UHFFFAOYSA-N,4.957993591059999,4.520019995190001,4.89658331905,4.086007038860002
OCNT-2311145,GJUVVFXCXYLPPF-UHFFFAOYSA-N,5.238566422649999,5.146194659810001,3.809832084460001,4.577184696640001
OCNT-2311148,FXKCHSYNXXKFEX-UHFFFAOYSA-N,4.911003234180002,4.61942548146,5.06792576253,4.474391586430001
OCNT-2311150,ZHERNWQWOSHVNC-UHFFFAOYSA-N,4.4158351936899995,4.63183366642,4.61083071239,4.34607142709
OCNT-2311164,KXAWYHBBFHVSLR-UHFFFAOYSA-N,4.57760128577,3.9409075632899992,4.420191138190001,3.424873845820002
OCNT-2311175,LOHPAHJRSDGXHU-UHFFFAOYSA-N,4.288140323380001,4.0780668030100005,4.595031088389999,3.586010028849999
OCNT-2311200,NVPSOSIRMJDRPU-UHFFFAOYSA-N,4.584679980520001,4.239624920410002,4.422502199329998,3.70664312923
OCNT-2311225,VAZPOTJURGQWAP-STQMWFEESA-N,4.372993576390002,4.50116234084,4.694575839869999,4.153489629590001
OCNT-2311231,XLDINVXKZGIJLA-CQSZACIVSA-N,3.9351715689700013,4.01555155118,4.992645575409997,4.11643446233
OCNT-2311291,RQDDMLORJHULQP-UHFFFAOYSA-N,3.631298618700002,4.6201261691100015,4.33889517559,4.1622584193000005
OCNT-2311293,SSOJFUYLKIYITA-UONOGXRCSA-N,4.5788348927200015,4.063995397560001,4.7653313139,3.579541448820001
OCNT-2311294,SWUBLAYQXQUNCO-UHFFFAOYSA-N,3.4727012577900016,3.7322914546399995,4.518143383949999,2.8166421440900002
OCNT-2311311,JSEDCBYKKMTEPF-UHFFFAOYSA-N,4.572739700469999,4.448656164959998,4.39360865489,4.0802415403299985
OCNT-2311320,LCCOAQYOJSHIPJ-UHFFFAOYSA-N,4.53319080167,4.494186725140002,4.286354295509997,4.374632239540002
OCNT-2311331,CDQDNPHFGYWSOR-UHFFFAOYSA-N,5.234312880340001,4.436191733269999,4.72326203358,3.84661150562
OCNT-2311336,LQKJYHIZCLRVAA-UHFFFAOYSA-N,4.971774604689998,4.530631078670001,5.16222623371,4.203349220539998
OCNT-2311343,SASVNHDDQBDFCM-UHFFFAOYSA-N,5.01105789143,4.77037499114,4.660108694069999,4.85999343177
OCNT-2311402,OGIYBCQWFOZLPG-UHFFFAOYSA-N,4.0537304805600005,4.251223269890001,4.199660152090001,3.519125746650001
OCNT-2311437,JHVLKXIDWMPJMT-UHFFFAOYSA-N,4.7602351912200005,5.1862005815300005,4.36666539167,4.81863863397
OCNT-2311438,FLLMSOQAWLVNEM-UHFFFAOYSA-N,4.8297823942700004,4.277661406610002,4.871646689279999,3.9492313168500006
OCNT-2311450,DBUJZAYXHSBDLC-UHFFFAOYSA-N,4.63038950437,4.220831306540001,5.052263464780003,3.7513790271099987
OCNT-2311453,FVWJNTSKIAGKNF-UHFFFAOYSA-N,5.270754185319999,4.9452832831,4.494840631520001,4.76986189562
OCNT-2311507,KNHOKGYXVGIUBR-UHFFFAOYSA-N,4.932984756100001,4.115848511009999,4.51863531328,2.478706609560001
OCNT-2311542,KWIFZAZOFYUVCZ-UHFFFAOYSA-N,3.884969355660002,4.0027538312600015,4.685828646569999,3.569956202930001
OCNT-2311547,BHEAZNHFSNJYDJ-UHFFFAOYSA-N,5.3649301304299994,4.654268546690002,4.5642010962100015,4.413491376140001
OCNT-2311574,IXIWLXFULLNPDO-UHFFFAOYSA-N,4.952587350440002,4.303452966130003,4.69210062523,3.9110539714999986
OCNT-2311588,ATLZEXPCGWQKDL-UHFFFAOYSA-N,4.260457897970001,4.755397681230002,4.60276155628,4.0233805444
OCNT-2311602,AIDXPYZJTIDUSC-UHFFFAOYSA-N,4.803146919470001,4.913843144300001,4.943990389879997,4.379731177620001
OCNT-2311604,GKRCFAAHQZDGMF-UHFFFAOYSA-N,4.399652510649999,4.204164383010001,4.81734505938,3.743078817220002
OCNT-2311606,JISJHJWHBGLITM-UHFFFAOYSA-N,4.4508278512600015,4.35486172275,5.303145851100002,3.9655593055299985
OCNT-2311619,YYKMRMTYTUHGAM-UHFFFAOYSA-N,4.88239185054,4.171720431139998,4.938327263829999,3.7409042532999996
OCNT-2311620,GKIZKNATVXCLLF-UHFFFAOYSA-N,4.66594277052,3.8151640999999996,4.421183707000001,3.5778722799999993
OCNT-2311624,FHLMPSUVVSVTAJ-UHFFFAOYSA-N,4.490683744509999,4.4260897988500005,4.611717884710001,4.433325866429999
OCNT-2311626,JBQGWNQLFCYYOB-UHFFFAOYSA-N,4.06484901046,4.202028953720002,4.978390804109998,3.5921133962300007
OCNT-2311627,BZSQFVKPLZFAMM-UHFFFAOYSA-N,4.198470026410002,5.154710555529999,4.106411712650001,4.5116578258099995
OCNT-2311636,QUGHBKJKLUPSCI-UHFFFAOYSA-N,4.6496457833,4.986909021249999,5.14436960018,4.8312821876899985
OCNT-2311655,FLRYEXYQVHVJHQ-UHFFFAOYSA-N,5.605007659400001,5.089181588860001,4.327556337639999,4.7711996032999995
OCNT-2311664,YDNMVMFHJDBZIM-UHFFFAOYSA-N,4.287878028250001,4.500668577689999,4.588975972900001,3.8504931841400003
OCNT-2311689,FMIDPHAHVCLBIS-UHFFFAOYSA-N,4.861524418969999,4.966878973809999,4.35809427941,5.029217752150001
OCNT-2311721,SWRIFYKPRHINJT-UHFFFAOYSA-N,5.16673095235,4.927440399890001,4.251444303100001,4.84563417085
OCNT-2311723,YTNJKWXYWVIMPG-SMDDNHRTSA-N,4.55733575612,4.32449685811,4.372059138769999,3.7718893724600004
OCNT-2311724,BDFIQPRMLMCODG-JWCMVYSZSA-N,4.6942862110200005,4.495709442229998,4.856855918279999,3.36900064851
OCNT-2311727,QPBXRIKKGPQSAW-UHFFFAOYSA-N,4.511240141629999,4.109058105149999,4.38457701382,3.828366575080002
OCNT-2311728,LQUSNRYERYWFOJ-UHFFFAOYSA-N,5.432574465909999,4.416138460449999,4.6290705659099975,3.85925356705
OCNT-2311731,VWXNHHNSTRKTRD-YUZWYKEKSA-N,4.493915048350001,4.640571723179999,5.033156517710001,4.29525034088
OCNT-2311737,QSAMUNMEBYLCKD-UHFFFAOYSA-N,4.034595625399999,4.546837247760001,4.5180578385000025,3.9919900658000005
OCNT-2311745,NDYIXONJSDUIQJ-UHFFFAOYSA-N,4.736389863519999,4.585785261539999,4.91739353725,4.363401860200002
OCNT-2311748,OLKFTJZESRFYGM-UHFFFAOYSA-N,5.3346138242500025,5.04850917635,4.8377800662800015,4.758057594129999
OCNT-2311752,TXHFRSPUYJGUOC-UHFFFAOYSA-N,4.55677694432,4.8860323041200004,4.304362246139999,4.94714676411
OCNT-2311765,ZQZSFKJELGBYHA-GWCFXTLKSA-N,4.404454767909999,4.175588916710001,4.647211466580001,3.6565842102500006
OCNT-2311769,PLTRVIGXBYDJLW-UHFFFAOYSA-N,5.192258942130003,4.70121254776,4.95945808065,4.52711662215
OCNT-2311783,VTTXKWNUEYBJHG-UHFFFAOYSA-N,5.376061224379999,4.996422133740002,4.49796149947,4.72588194796
OCNT-2311797,OQWDBCXAINMZFS-UHFFFAOYSA-N,5.607135101049997,4.979644125959998,3.992515702470001,4.513221145660001
OCNT-2311800,BIJKXSIAIACXNV-UHFFFAOYSA-N,5.0284182714800005,4.464061083410001,5.152562112720001,4.447972881349999
OCNT-2311805,ZUCYBEULVWTNIR-UHFFFAOYSA-N,4.80684000446,5.001626878090001,4.85422753213,4.930113467210001
OCNT-2311818,BDXZIUPCZHDUKE-UHFFFAOYSA-N,4.455678567410001,3.7950767348900007,4.35168979154,2.9661875273700002
OCNT-2311829,ZMMHEFMEZJBPCK-XIKOKIGWSA-N,4.2831535577299995,4.093164772849997,4.9505261474600015,3.3032979676399994
OCNT-2311831,HOSNJLMMVKABFA-UHFFFAOYSA-N,4.074302256430003,4.158379382699999,4.90272390434,3.8897440275099995
OCNT-2311834,DGUHWPMRKMJECE-UHFFFAOYSA-N,4.3931758158899985,4.99777139009,4.466814757970002,4.977477848640002
OCNT-2311839,GSZWDSMTOYIIMS-UHFFFAOYSA-N,4.96890582035,5.0533891784,4.2021805411600015,4.790278120359999
OCNT-2311840,PWJXIYCMKSEYTR-UHFFFAOYSA-N,4.382712259070002,4.011154806800001,5.0189267952000005,3.15740174452
OCNT-2311846,JTSNGDOVWZSFLB-MLGOLLRUSA-N,4.28109314584,4.133163034949999,4.632267563960001,3.299844185129999
OCNT-2311855,QEGXZVYYVBUXIG-UHFFFAOYSA-N,5.129709608230001,4.578255196489999,4.3159879216900014,4.285153307489999
OCNT-2311862,AOBRDNBXUPBCHC-UHFFFAOYSA-N,4.1081608122799995,4.80303334612,4.8862064167299994,4.49205065583
OCNT-2311886,WQIMXLYTESNREJ-UHFFFAOYSA-N,3.70657580819,3.8588336305800004,4.53558999582,3.5147527081100005
OCNT-2311889,RBVFRCIGZGGBTF-UHFFFAOYSA-N,5.368804183729999,4.71934867362,4.708415307110001,4.271551446420001
OCNT-2311892,NAOJMNUZHUNOKN-UHFFFAOYSA-N,5.461986519860002,4.65628406859,4.523676405469998,4.4632663929100005
OCNT-2311897,NSBQHSGIUPTPOI-UHFFFAOYSA-N,5.229128820820003,4.70545698394,4.680686034359999,4.587232966909999
OCNT-2311909,VDVJUEFMOAEWCR-UHFFFAOYSA-N,5.081555178580001,4.562866810970001,5.186591573800004,4.49642975227
OCNT-2311916,WYWNLPSNCOQRHL-UHFFFAOYSA-N,4.98937437761,4.800284335249998,4.10666240861,4.503497390770001
OCNT-2311937,JERSGWYTALKMNY-HNNXBMFYSA-N,4.93187383877,5.069008074180002,4.828737064820001,4.99830494302
OCNT-2311956,QMPNSZFQZAWABV-UHFFFAOYSA-N,4.611821901380002,4.874784072290001,4.497906966400002,4.49823982704
OCNT-2311971,GLFWAGLXPAJCLJ-UHFFFAOYSA-N,5.390311070479999,4.90359748492,4.8148689544300005,4.903365495310001
OCNT-2311975,XKCNZKKZCLFYSV-UHFFFAOYSA-N,5.410537116660001,5.032173741129998,4.72508240365,4.74310364346
OCNT-2311997,PLLPKUFSZTVBTH-SFIRGFGWSA-N,5.078259224529998,4.472958798689998,5.043702563069997,4.79224150442
OCNT-2312000,FRTQFAFJPFTPEO-UHFFFAOYSA-N,4.534479721200001,4.86247354683,4.434231406240002,4.83866181089
OCNT-2312016,CXMFJZYJIIGCDT-UHFFFAOYSA-N,4.563352632420001,4.72540961332,5.0201115738699995,4.5612601806400015
OCNT-2312020,DPQLVVYCRUDESV-UHFFFAOYSA-N,5.104495113419998,4.89461840406,5.178790233699999,4.4675135127
OCNT-2312033,ZSOHLKDAXCTETM-MEBBXXQBSA-N,4.659577189159998,4.24390970769,4.7720673822799995,3.8016537978000016
OCNT-2312041,HFJBOFQTRHHVPS-NSCUHMNNSA-N,4.686950276150001,4.265276895650002,4.632296504900001,4.113880497480001
OCNT-2312063,ACLZYKQVCOTFGN-UHFFFAOYSA-N,4.205672687549999,4.848248677190003,4.680743285000002,4.594880791500001
OCNT-2312069,LMIAIOODQVMDQA-WJYNOGRTSA-N,5.112583129780002,5.012940694229999,4.458784757640001,4.840648808009999
OCNT-2312074,JBYHKBDJPAJRIB-UHFFFAOYSA-N,4.9583122,4.877426544049997,4.269533561649999,4.4256012302100025
OCNT-2312103,ZXXMWZBQFMKETN-UHFFFAOYSA-N,5.21898168203,4.525009628660002,5.23867352116,4.2746023520200005
OCNT-2312107,UHEMPWQRYZEJBV-UHFFFAOYSA-N,4.849729545689998,4.278202343040001,4.810553448829998,3.5235982557199996
OCNT-2312162,VGDYEJHSCSQLGY-LBPRGKRZSA-N,5.390797025340003,4.792739478280001,4.585719464640001,4.739629701069998
OCNT-2312189,OQOYJJXISGSEFD-UHFFFAOYSA-N,5.0181551424,4.52981662492,4.923209689680002,4.1906475090500015
OCNT-2312204,YCLBQJAVZIWBNG-UHFFFAOYSA-N,4.930449802070001,4.54186330944,5.018982271240002,4.429769752240001
OCNT-2312258,GTFXEPGXKWPROT-WKILWMFISA-N,4.937109176490001,4.150749197769999,4.57556511922,3.8019855625000014
OCNT-2312272,ZFONBGVUTOBBAZ-UHFFFAOYSA-N,4.858556959260002,4.611387496740001,4.848803208289999,3.8186552128300013
OCNT-2312280,PJEMYXKINDARDB-UHFFFAOYSA-N,4.635659549530001,4.710742361650001,4.76005385226,4.805514438270002
OCNT-2312308,GYNQRMHTTCULMF-UHFFFAOYSA-N,5.035812106650002,4.800092612410001,4.3105670599499994,4.539611184609999
OCNT-2312322,SFBJQTXZKXTYKE-UHFFFAOYSA-N,4.3296406992,4.874156565509999,4.64458679751,4.715978937240001
OCNT-2312351,IDXOTOSTBGIMFM-LLVKDONJSA-N,4.88755731886,4.6911411874499995,4.901665205369998,4.370019454930001
OCNT-2312358,WCXGBOSREZEJPV-UHFFFAOYSA-N,4.797697286639999,4.925284574170001,4.35570683413,4.49263429153
OCNT-2312373,ZUSNMOKJMOPBJW-UHFFFAOYSA-N,5.068494493469999,4.844551556120001,4.47355359679,4.55373935196
OCNT-2312376,UIPHQHVWOXUIQY-UHFFFAOYSA-N,5.498728187350002,4.966751627230001,4.499049933779999,4.4685504819399995
OCNT-2312385,KKWSFYUJRQXGAA-UHFFFAOYSA-N,4.823923078899999,4.68187075934,4.0339732432,4.0882839695
OCNT-2312387,RDFSDZSZRPSGPR-JTQLQIEISA-N,5.2440445671600004,4.597651471919999,5.2074648249900015,4.73829224548
OCNT-2312389,FFPBQUADYURRAR-UHFFFAOYSA-N,5.122762035890004,4.44482461171,5.065421404129999,4.2012348076600015
OCNT-2312392,PQAMIQVSIIWVLA-UHFFFAOYSA-N,5.1008633138,4.21187656543,4.31319672125,3.660909878430001
OCNT-2312400,VHWWQLJLNMECEF-UHFFFAOYSA-N,4.726440136069999,4.886239980240001,4.616717996780002,4.820238144120001
OCNT-2312407,YCGWTNODMPQGJL-UHFFFAOYSA-N,5.151556338760002,4.7378005832299985,4.900221760029999,4.6114646608399985
OCNT-2312422,UNUXWZHOGXQRBK-UHFFFAOYSA-N,4.4696347971,4.329127649100002,4.916178565480001,4.007637260579999
OCNT-2312443,RNYJQENSIQGTFO-UHFFFAOYSA-N,5.125402879950002,4.790093021480001,4.6658995820500015,4.700267182980003
OCNT-2312465,JUDIGWCSUCRCTM-UHFFFAOYSA-N,5.091424637170002,4.77862205271,3.98174610783,4.69283417767
OCNT-2312480,USKDSEPSXFSQII-UHFFFAOYSA-N,4.182324199590002,4.460806245390001,4.533613677680001,4.01905872396
OCNT-2312493,LPKCTGUWFTZGHX-UHFFFAOYSA-N,4.709320101660002,4.40215038219,4.631289913000001,3.9942810137800002
OCNT-2312511,PVQWMGIQWLAPQO-KGLIPLIRSA-N,4.2504502404399975,4.254113023090003,4.36850954005,4.11092492681
OCNT-2312530,JGAKLUHQBWJHCU-UHFFFAOYSA-N,4.086344025289999,4.44942823152,4.578112373440001,4.4376460902199995
OCNT-2312537,OFBSKHGQUHTUAK-UHFFFAOYSA-N,5.1274418854900015,4.604707135119998,4.581795720109997,4.09129457619
OCNT-2312558,JMUPJYABPJKPMN-UHFFFAOYSA-N,4.300652533320001,4.296985934809999,4.5381464764900015,2.9772293905400007
OCNT-2312567,IRHNGEVFACBSDS-UHFFFAOYSA-N,4.809818023660002,4.570026182130001,5.105160408149999,4.435507726220001
OCNT-2312581,DXIJNEODHVKRKU-UHFFFAOYSA-N,5.075058089980001,4.62765201599,4.82132835624,4.487404867249999
OCNT-2312592,BTIVUGONCMEKNX-UHFFFAOYSA-N,4.81126062509,4.35040076038,4.289523104949998,3.7601254942200013
OCNT-2312607,QIHYSNAOCJNIRD-UHFFFAOYSA-N,4.7562972757800015,4.60461871477,4.73489061777,4.298764276120002
OCNT-2312608,DBDCGPKJFAXMNC-UHFFFAOYSA-N,5.23944327542,4.909403086810001,4.72908738792,4.813283102570001
OCNT-2312616,NNSLNWDCBLFAMQ-UHFFFAOYSA-N,4.1292940508300005,4.411557934409999,4.545719261360002,4.4153243661299975
OCNT-2312624,AEAYDVXZPKDZCK-KBPBESRZSA-N,4.56219378633,4.091252980299999,4.868789259540001,3.7017276712300013
OCNT-2312656,XWDHGERTKVTTNK-OCCSQVGLSA-N,4.84841103843,4.21939556898,4.34701608144,4.0881272002700015
OCNT-2312659,FPZDMQCYMFEBKJ-UHFFFAOYSA-N,5.10762655573,4.813172664410001,4.689059594159997,4.344666763769999
OCNT-2312668,XITUDUKCDZPINF-UHFFFAOYSA-N,4.846129970720001,4.599991276419999,4.557371096489999,4.0394570080499985
OCNT-2312714,WUAZOSQKECLJFW-UHFFFAOYSA-N,4.66805955492,4.310875082590002,4.652109768609999,4.277325715890002
OCNT-2312721,LFVLCVXPWUQACU-WFASDCNBSA-N,4.644515285350003,4.508644424929998,4.062432577099999,3.9885905346999984
OCNT-2312728,WFMZVSWBAHEUAY-UHFFFAOYSA-N,4.6255468220700005,4.1856066284,4.86390543023,3.9253094658
OCNT-2312731,DWVAWAZUSUBEMQ-UHFFFAOYSA-N,4.34054911851,4.2534292778,5.128211689709999,3.7386040471299986
OCNT-2312732,QPKBSKVSPWCCIR-UHFFFAOYSA-N,4.747881117120001,4.817305964290002,4.28981527892,3.9353560078800003
OCNT-2312741,ZZFSIEKTPZLRNW-UHFFFAOYSA-N,5.206748265550002,4.682944268360001,4.835182078170001,4.946740784299999
OCNT-2312742,JBILOGVIBNCUSD-UHFFFAOYSA-N,4.03218391415,3.9724835701299996,4.64918795976,3.2527195836299994
OCNT-2312743,CTEXNEUTVYKFTD-WBVHZDCISA-N,4.391846265599998,4.130682917639999,4.621943509999999,3.3191505492900024
OCNT-2312749,ZAFLASWCWZQRCU-UHFFFAOYSA-N,5.26985252528,4.588931958899998,4.582059005820001,4.0839281851800004
OCNT-2312760,MJSHQBKOOKTKQV-LBPRGKRZSA-N,5.023202192380001,4.56933419082,5.082578713370002,4.42234372312
OCNT-2312779,IAZSTIBERROYCJ-UHFFFAOYSA-N,3.8555917473999997,4.328050522549999,4.473399162660002,3.688689740090001
OCNT-2312781,AQTJUFQKRCVXHV-UHFFFAOYSA-N,4.424253062330001,4.28433474706,4.575615240829999,4.1161532343900005
OCNT-2312807,SDSCCHIAXZKJFU-UHFFFAOYSA-N,4.48343226662,4.831562682890002,4.84119418819,4.417572202790001
OCNT-2312822,WYEUZHWYVCUYQY-UHFFFAOYSA-N,3.625147574549999,4.19239530701,4.34816766169,4.20596617232
OCNT-2312830,MEDIVWVWIKCMBU-UHFFFAOYSA-N,4.208094892500001,4.39500367646,4.5778273518,4.50346310003
OCNT-2312847,XVEOZZDPTYFUNW-UHFFFAOYSA-N,4.920812810469999,4.381829518150003,4.034583210730002,4.18971064829
OCNT-2312853,KBMGYZFUIIVYPK-UHFFFAOYSA-N,5.002134038700001,4.7457003681,4.9689212529499995,4.772565244340001
OCNT-2312860,OWRGYPSJKIWUAT-UHFFFAOYSA-N,3.8601241014800003,4.11851075437,4.513884688110001,3.884684524540001
OCNT-2312906,WGYQLXGWKYLPFA-UHFFFAOYSA-N,5.222734542280002,4.98040711127,4.591371880699999,4.626606680030001
OCNT-2312921,ZIGNJPLWUJFGKO-UHFFFAOYSA-N,5.497018586450001,4.957540628949999,5.063927102169999,4.49754214101
OCNT-2312967,XLHZRAFTJKNKHX-UHFFFAOYSA-N,4.182607585890001,4.25598066684,4.56746506101,3.672516854690001
OCNT-2312969,BVPRAXPGVAOBHM-UHFFFAOYSA-N,5.536129900799997,4.8847786065799985,4.509619089269999,5.034827717810001
OCNT-2312973,XZTFOQBCMPUHSK-UHFFFAOYSA-N,4.683304060129999,4.41084411731,4.327532990769999,3.8887879199900017
OCNT-2312992,YUDPHUQAJSBUDT-UHFFFAOYSA-N,4.0881257729000025,4.2663228408,5.102803865890001,4.055813182120001
OCNT-2313019,WRAOZYOLOJSJKB-UHFFFAOYSA-N,5.149057477020001,4.674199590410002,4.242531128920001,4.309679143210001
OCNT-2313031,RZFIMRUQWQTVLX-UHFFFAOYSA-N,3.902011641769998,4.5323290044,4.479905666289999,3.7375357592099987
OCNT-2313046,IPBKBWMBTUWLTQ-UHFFFAOYSA-N,4.287921300170001,4.4966353975,5.14409743549,4.369927623599999
OCNT-2313067,BKMRUBBEUPJYLU-UHFFFAOYSA-N,4.14970357151,4.211724205679999,4.857305594219999,3.971686715460001
OCNT-2313094,WFTNCVLBOBLEGN-UONOGXRCSA-N,3.9470045461000005,4.0353234837,4.543650684719999,3.4142261558399993
OCNT-2313099,XMGSKHFJBUJBTI-UHFFFAOYSA-N,5.130788881879999,4.589175820589998,4.617633690329998,3.9192040642899992
OCNT-2313103,WNBIMBZYKXPHFP-UHFFFAOYSA-N,4.619999740950002,4.049285311570001,4.6785330917899985,3.412837068339999
OCNT-2313107,OXSKBKVLTNYZJZ-UHFFFAOYSA-N,5.10932578447,4.996513554109999,5.459781032590001,4.510062874259999
OCNT-2313120,HNPLJDLBILRTDZ-UHFFFAOYSA-N,5.33925844729,4.82892593862,4.6315696839000005,4.78095235943
OCNT-2313133,DMKVLYVYLQRBKM-UHFFFAOYSA-N,5.076443544180002,4.543897339740003,4.579247021470001,3.758793247889999
OCNT-2313145,BLHIRVBNLSHBMK-UHFFFAOYSA-N,4.692702654290003,4.07089199706,4.670660743009999,3.6347567440700006
OCNT-2313174,KUEFKGHTPSBWEL-UHFFFAOYSA-N,4.479714756429999,4.966630808609997,4.159210014720003,4.6317249125
OCNT-2313175,BQFFKKCJFAURMU-UHFFFAOYSA-N,4.943170497290001,4.8107603388200015,4.228658372629999,4.595541072750002
OCNT-2313198,JOBIHDLHMORTRY-UHFFFAOYSA-N,4.82073345547,4.366226859519999,4.687107910150001,4.119513834359999
OCNT-2313211,LYSMXLVEIFJYBM-SJORKVTESA-N,4.865434818060001,4.243904682000001,4.816512567150001,3.6965485946200003
OCNT-2313243,JTRQTLSPUXJTCE-UHFFFAOYSA-N,5.3488813860899995,5.224655418070003,4.893115971510001,4.69336867141
OCNT-2313255,FSRWABFDKDBIDA-UHFFFAOYSA-N,4.993214314930001,4.333386170790001,4.436463659989998,4.1689636847700005
OCNT-2313271,LDIZCMIHDANSED-UHFFFAOYSA-M,4.143968104220001,4.2457927075400015,4.264540364630001,2.83860610784
OCNT-2313287,PSPNJHJLCZRMIA-UHFFFAOYSA-N,4.731084990189999,4.01015655061,4.18976487699,3.54605612683
OCNT-2313300,AMGUHAQZHHPZGU-UHFFFAOYSA-N,5.360260812289998,4.772546689670003,5.27715796515,4.745167981100002
OCNT-2313314,RTATWVVYZGOVFV-UHFFFAOYSA-N,5.273041355900001,4.72637718051,4.373864976200002,4.509334565610001
OCNT-2313326,FYIVOYFZRCZICX-UHFFFAOYSA-N,5.264977866350002,4.75481929028,4.549338627130001,4.531126098919999
OCNT-2313366,RCUPFXKTPISMDD-UHFFFAOYSA-N,5.145156770669998,4.661881253279999,4.408861218540002,4.3343491709799995
OCNT-2313374,OFYRXFGVIZMXNC-UHFFFAOYSA-N,4.638407876719999,4.032322401300001,4.183926565480002,3.9887367703099983
OCNT-2313386,OSXYWHPJKFSHBZ-UHFFFAOYSA-N,4.766179508040002,4.80594157856,4.630839387879999,4.6367672452300015
OCNT-2313393,JTFCFWFAKZPANV-UHFFFAOYSA-N,4.7812567246099995,4.674334220119999,4.827221614320001,4.339454108639999
OCNT-2313401,CFKFIYOZBUCKGU-UHFFFAOYSA-N,4.8004078638199985,4.761042324600001,4.881875767880001,4.516218301770002
OCNT-2313421,UEZFUSJYOQQFGV-UHFFFAOYSA-N,4.588528526620001,4.62028509043,4.24295564315,4.27564219338
OCNT-2313433,QSCFSMUONJJUJB-UHFFFAOYSA-N,5.063170990330001,4.535625833150002,4.643066199540001,4.317568100029999
OCNT-2313460,PPLFVYMZLYWYGR-UHFFFAOYSA-N,5.25729700498,4.802889176320001,4.558713448579999,4.555824237809999
OCNT-2313504,RUWDIHYCVZUURS-UHFFFAOYSA-N,5.57100621127,5.172004224270003,4.67751882726,4.96350854831
OCNT-2313509,YTUXANBXYDOALA-UHFFFAOYSA-N,4.174829379449999,4.018683363750001,4.412747380169998,3.6452880464300006
OCNT-2313515,AMFIZLVJCNIIFQ-UHFFFAOYSA-N,4.967020096299999,4.297493350900003,4.3309214443299995,3.824332493719999
OCNT-2313521,KAIWQGPNSLOCDD-UHFFFAOYSA-N,5.3179014875899995,4.61944307744,5.05845928178,4.4252151372599995
OCNT-2313522,NXAQFXFUPZLHKK-UHFFFAOYSA-N,5.051955063110001,5.001922130169999,4.98493268289,4.497290958950001
OCNT-2313532,DBEMDJCSEVHWPT-UHFFFAOYSA-N,4.98659723023,4.59262702656,4.578614753470003,4.388478387080002
OCNT-2313558,OIPJIZBECNFXGT-UHFFFAOYSA-N,4.913825981239999,4.564939711000001,4.878049073800001,4.335540855410002
OCNT-2313567,DHNZZMXDGCZABY-UHFFFAOYSA-N,5.5633356746,4.616626145050001,4.801535952479998,4.1090704249
OCNT-2313581,RJDNHGAQACJKRG-UHFFFAOYSA-N,4.958659922110002,4.597358175440001,4.9899712045500015,4.579415483849998
OCNT-2313639,UUDRQUDXXFGXLQ-UHFFFAOYSA-N,4.75989612756,4.538149036639998,4.1729338902899995,4.232181166429999
OCNT-2313642,GGXUBOXSDLLLRW-UHFFFAOYSA-N,4.759205690060002,4.13489876315,4.39659702431,3.76048144977
OCNT-2313643,YQHXRQUOFRLUFK-UHFFFAOYSA-N,4.621325304230002,4.500631076960001,4.35923895642,3.9545315463399997
OCNT-2313645,FRCQMDKKZZBGTP-UHFFFAOYSA-N,5.47737275084,4.911572417029999,4.333664861260002,4.64250416033
OCNT-2313652,CEMCKNGTJNXVBU-DNVCBOLYSA-N,5.003132517579999,4.512585211629999,4.864944108260001,4.5434683805799985
OCNT-2313664,PDHFEWSJRAAGIE-GUYCJALGSA-N,4.366032715039999,4.394611600330001,4.979353410989998,4.129951835980002
OCNT-2313666,SSOPMQGHWIWDLU-UHFFFAOYSA-N,4.446348056610001,4.059161786390002,4.408519187680001,3.372667796960002
OCNT-2313667,NWIQZCQGBSFWSR-UHFFFAOYSA-N,4.365985645640001,3.9953300386700015,4.8856676835499995,3.6340640164300004
OCNT-2313671,WGKDQQWFANDLEP-UHFFFAOYSA-N,4.635624864800001,4.425322348949999,4.651956051780002,3.843101562790001
OCNT-2313675,YDFOSAZBCLLMBO-UHFFFAOYSA-N,4.235448675949999,4.566575908380001,3.919149194810001,4.144645747909999
OCNT-2313684,KTXGZAHGTOTYGL-UHFFFAOYSA-N,5.495090512630004,5.304857737700001,4.6410755114599995,4.674335764499999
OCNT-2313708,NDFPYBQHVQZPMN-UHFFFAOYSA-N,4.1914596831000015,4.032802982289999,4.539566193919998,3.532894510939999
OCNT-2313710,BIFLDVCMWKAYEW-UHFFFAOYSA-N,4.880373791390002,4.67578520208,4.657193912199999,4.29054113672
OCNT-2313789,OORSXFVBXLFCHO-UHFFFAOYSA-N,5.268688498990003,4.72981473763,5.093435962500003,4.857771415740001
OCNT-2313792,UFRFFDWQHAVRIU-UHFFFAOYSA-N,4.656399493620001,4.4623630497499995,4.2131834363900005,3.87938090441
OCNT-2313804,UTFJVWIFVHWOCG-QMTHXVAHSA-N,4.851931382420001,4.16803304426,4.71868115846,3.62907215493
OCNT-2313808,MKQBWARPRLEMRM-UHFFFAOYSA-N,4.487177884529999,4.2721828749799995,4.867273487109999,4.0063245097700015
OCNT-2313826,OSJLPZDRGKVMAN-KBPBESRZSA-N,4.57719764572,4.662317163680002,4.666975044559998,4.208186916970002
OCNT-2313839,GPJFIUFMOSAZGL-UHFFFAOYSA-N,4.258479959670001,4.074222680009999,4.5569005998200005,3.1708395482700014
OCNT-2313845,CEZWATQPKVMJIE-UHFFFAOYSA-N,5.0779511055,4.971271862880001,4.283344737499999,4.757215010379999
OCNT-2313867,XCJBZSLPRJLGAD-UHFFFAOYSA-N,4.810982490499999,4.63454770359,4.68337252402,4.5313232815300015
OCNT-2313871,LYIQMTLUFSULDO-UHFFFAOYSA-N,4.036943099170002,4.381280167770002,4.6562951547299996,4.021551427639999
OCNT-2313887,PEIDMFGKYSEABD-UHFFFAOYSA-N,4.549693021090002,4.45527048039,4.555195764829999,4.487754812780001
OCNT-2313897,QVFHSMGCYHVHEX-UHFFFAOYSA-N,4.9247264474099985,4.612558097419997,4.64962201202,4.409285658600002
OCNT-2313909,UZRQOSFDZJTFGF-UHFFFAOYSA-N,4.396359316850001,4.3829085492,3.7123184033599976,3.9891031437100004
OCNT-2313910,LSRTWYOTIFENKS-UHFFFAOYSA-N,4.478082574679998,4.405582159109999,5.1380033985,3.592985531000002
OCNT-2313912,MFQUCJFOGBKLIU-UHFFFAOYSA-N,5.02585511731,4.49034338899,4.266338404159999,4.256333993239999
OCNT-2313939,LCJHPXYBKAHYBP-YPMHNXCESA-N,4.700668052000003,4.64047616938,4.470325439480001,3.790777179080001
OCNT-2313944,NUKPHKXLLJXVFK-UHFFFAOYSA-N,4.486634597319998,4.805526411569999,4.421570448479999,4.872632208110001
OCNT-2313949,HYDMJJIQJHFVMR-UHFFFAOYSA-N,4.33974437899,3.9485183366600007,4.568065660410002,3.030013992260002
OCNT-2313954,WGRJKHRILGAHPP-UHFFFAOYSA-N,4.3642011688,4.23327161194,4.810332981460002,4.1025304442
OCNT-2313984,CVPBNALLHHKCFW-UHFFFAOYSA-N,5.120190210529999,4.80363919603,5.050270447869999,4.79437729595
OCNT-2314011,UXHPOOLMZAWLIS-UHFFFAOYSA-N,4.288925086540001,4.43432877317,4.72226579227,4.451675959180001
OCNT-2314017,LEQSLZQFYHLUIU-UHFFFAOYSA-N,4.5462340909600005,4.5528785306499975,4.897937693990001,4.229953346559999
OCNT-2314033,RJCXPEGJXBHJKB-UHFFFAOYSA-N,5.073283689130001,4.37875483666,4.590789770579999,3.5544809817700007
OCNT-2314036,GJSVSPJKICEEPA-UHFFFAOYSA-N,4.14341925489,4.559787192449998,4.66324075751,3.24239751737
OCNT-2314041,ZUYXKEDIFSQYBY-UHFFFAOYSA-N,4.70812936582,4.605761820560001,4.760759121400002,4.260693653210001
OCNT-2314054,VQVPXYROELRNLE-LBPRGKRZSA-N,5.53297348125,4.98691726481,4.806791963770001,4.687527852580001
OCNT-2314062,NEGKAPWDJURIMH-UHFFFAOYSA-N,5.011862994489998,5.335138650229998,3.94770708099,5.113349935170001
OCNT-2314067,BBVBTGGZKHONFX-UHFFFAOYSA-N,4.716986672699999,4.9735440294999975,4.51341935687,4.768074746850001
OCNT-2314073,DIYUFBAIKTZZNR-UHFFFAOYSA-N,4.637197203119999,4.53884263588,5.1508220384899985,4.023935256119999
OCNT-2314074,GHSVIASTMJPJAL-UHFFFAOYSA-N,3.948490181319999,4.194390555879999,4.2562952837,2.6778812148099997
OCNT-2314127,ZWKPLPQOZQTTCU-WDEVSDKISA-N,5.076453829960001,4.59616549843,4.7157941794800005,4.144376351250002
OCNT-2314135,UHKMGEDTTFFMSI-UHFFFAOYSA-N,5.31900805956,4.639275083179999,4.839130718529999,4.725761311229999
OCNT-2314148,RVTZNVLWCXLJPL-UHFFFAOYSA-N,4.8561979947200005,4.73656416442,4.7443763703399995,4.75319034914
OCNT-2314151,LXJKAAXWGFNAFK-UHFFFAOYSA-N,5.15918845237,4.878724965959999,4.40595636961,4.517584759679998
OCNT-2314172,VEUVBVWSGSYXGX-FZMZJTMJSA-N,4.0700908821200015,3.8752381273199985,4.293750121740001,2.5421971875099993
OCNT-2314176,ZERPZYBRMRUZEU-UHFFFAOYSA-N,5.133950773520002,4.807500693029998,4.848867103929997,4.301886118699998
OCNT-2314182,IVCDGKPHARCRJC-UHFFFAOYSA-N,5.544251709779998,5.1265398062799985,4.75468855078,5.01378446644
OCNT-2314199,JATURAANLPDRKL-UHFFFAOYSA-N,4.9177607072699985,4.967165652140001,4.21284556277,4.274894627929999
OCNT-2314210,MVNQOYNSBTYFJP-UHFFFAOYSA-N,5.1776416,4.687592051659999,4.307520232329999,4.22751354473
OCNT-2314213,VLJKAMHQYUPXEX-UHFFFAOYSA-N,4.7087484594500015,4.9871455338400015,4.2535066961200005,4.627037205950001
OCNT-2314215,DIPOULUMVHFNBF-UHFFFAOYSA-N,5.260261774160001,4.7507702283899995,4.707147775460004,4.389624661399999
OCNT-2314254,PNZYMSWQEYPOPA-UHFFFAOYSA-N,4.857601397490002,4.774953962769996,5.263679024909999,4.48904803696
OCNT-2314266,VHVGLSGEIFKTCG-UHFFFAOYSA-N,5.088678205429997,4.560963937250001,5.073034983359997,4.39150942459
OCNT-2314267,KLULEELEFHAFLA-UHFFFAOYSA-N,4.7820758878500005,4.850631580579999,4.32066541722,4.738278134940002
OCNT-2314275,UOAZSMRAKRPPSF-UHFFFAOYSA-N,5.15588577929,4.7248157966200015,5.24191115435,4.41848690926
OCNT-2314279,NVQLRNPGJMCFJN-UHFFFAOYSA-N,5.077744915549999,4.830709701900002,4.8783496390600005,4.326602962760002
OCNT-2314283,LKHLFUHYEJGOEG-UHFFFAOYSA-N,4.328377423360002,4.795740818709999,4.539230655350002,4.474653106220001
OCNT-2314295,KFADPKUTZZVLIQ-OAHLLOKOSA-N,4.51187476393,4.710392883610001,4.342048161929998,4.555604627420003
OCNT-2314306,FAIPFRSDTGEWBZ-UHFFFAOYSA-N,5.29253919724,4.879323995770001,4.564170741440002,4.6551195442300015
OCNT-2314310,CRRWDCQIGUFMTL-UHFFFAOYSA-N,4.83732142577,5.261945748980001,4.537860995039999,5.06471029579
OCNT-2314321,WDVWPZGOCHWSJT-ZETCQYMHSA-N,4.5218550651700005,4.3988161357300015,3.8013900619699994,3.8605440807499987
OCNT-2314341,KBTGNWQIXXNKTI-UHFFFAOYSA-N,4.998761717900001,4.564812945860001,4.469159368940001,3.9159323127299994
OCNT-2314354,MILIOGNESIKGOH-UHFFFAOYSA-N,4.875674396700001,4.231838905610002,5.02270437708,3.7802484154800005
OCNT-2314381,AVLOASHADGUSOL-UHFFFAOYSA-N,5.176682898650001,4.66699025673,4.802828728109999,4.718339775909999
OCNT-2314387,ZPNRFLVQUATPER-UHFFFAOYSA-N,4.511489746270001,4.6461236564199995,4.387342493329999,4.0750527302
OCNT-2314397,UAHSWNYRQYPIEV-UHFFFAOYSA-N,5.005717239050001,4.464680764060002,4.744021182260001,4.400169153679999
OCNT-2314402,XTZRHLYNKPNFJU-UHFFFAOYSA-N,5.429927355330001,4.71280969514,4.849091813149999,4.573182224779999
OCNT-2314405,BFEUJJDBPNVUAZ-UHFFFAOYSA-N,4.8811029034,4.875872449810001,4.834635811100001,4.7500624942100025
OCNT-2314433,PDCGVJNVWODTOB-UHFFFAOYSA-N,5.102158784360002,4.518864603660002,5.166864649109998,4.546829551339999
OCNT-2314454,XXQZZAVTJKDDAX-UHFFFAOYSA-N,5.302730711429999,4.197299673550001,4.343786013130001,3.4138265282800004
OCNT-2314482,SCENQOKIKYBZGN-UHFFFAOYSA-N,5.154414442639998,4.90717831078,4.356502652950001,4.651645750589998
OCNT-2314502,UPDFXVMQTKYTKC-UHFFFAOYSA-N,4.800303708310002,4.977016698710002,4.297198376090002,4.978811492619999
OCNT-2314524,LQVTYUIEGKMZHO-UHFFFAOYSA-N,3.9874663636300003,4.42292185115,4.362630766140001,4.500471190550001
OCNT-2314537,DSQFTSWIPOKTPP-UHFFFAOYSA-N,3.9485024399099986,4.560299891309999,4.595265080039999,3.5897531112800016
OCNT-2314539,CDMXNTHBKPPMIJ-INIZCTEOSA-N,3.9510564438,4.521478383010002,4.529951447850002,4.277985852569999
OCNT-2314547,LATOOSZSOUGHJE-UHFFFAOYSA-N,4.3340736248,4.108373358240001,4.22924562346,3.8828556831000025
OCNT-2314559,BRLCJROZNOOQAY-UHFFFAOYSA-N,4.82013512843,4.834370359010002,4.48557906692,4.66324366158
OCNT-2314574,VMMAOGVIBOQCRR-UHFFFAOYSA-N,4.19748500752,3.859460626829997,4.437371185030002,3.2004519754700023
OCNT-2314575,LOQPWSNDFNSRCO-YOEHRIQHSA-N,3.9812317595300017,4.074404165880001,4.3630783069599985,3.701608377670001
OCNT-2314586,SMPWASMRDISMMM-INSVYWFGSA-N,3.745553166190001,4.03038381072,4.6725676938700005,3.0779918413000007
OCNT-2314588,SGAGKBYBXBBBFW-UHFFFAOYSA-N,5.185649035930001,4.9105518015900005,5.565988739630001,5.037506197959999
OCNT-2314592,QKNOSEMAOFCOMM-UHFFFAOYSA-N,4.504062164710001,4.119475733049998,5.020442435270001,4.148263985989999
OCNT-2314609,RASBLIZWRZHKCZ-ZDUSSCGKSA-N,4.4758071053699995,4.207562330849999,4.449935495539999,3.96714867224
OCNT-2314616,HUIABVFTVYHWJJ-UHFFFAOYSA-N,4.617988784730001,4.195266379579998,4.891281218429998,3.7893319165
OCNT-2314630,LSLIEHCSXLSEBB-UHFFFAOYSA-N,5.09271719074,4.5421441835500005,4.965793626010002,4.389705977190002
OCNT-2314632,LAXFUTMBNOBLAP-UHFFFAOYSA-N,4.11139336335,3.9473478910100006,3.64863541232,3.201528402830003
OCNT-2314682,PHJZMKYHWKGXEO-UHFFFAOYSA-N,4.72501835334,4.385079039570002,5.13934660624,4.37759402332
OCNT-2314683,GKYGLOCHFIRIIR-UHFFFAOYSA-N,5.1806638941599985,4.887429669150002,4.202412645329999,4.808352863870002
OCNT-2314705,PALLJXRWIIGYCG-UHFFFAOYSA-N,4.77163437254,4.108871226940002,4.444933650519999,3.6119536126899994
OCNT-2314706,QXPYQRMVAGAKQV-UHFFFAOYSA-N,5.429068339219999,4.8043128392100005,4.7107695121,4.891705954060001
OCNT-2314724,RXXQUZGRACSXLB-UHFFFAOYSA-N,4.79274941573,4.255872622279999,4.80119634579,3.65539741704
OCNT-2314726,USHNZYKNXBMNCZ-UHFFFAOYSA-N,3.7465988454000008,3.8631937958000004,4.82543583126,3.3397867528000007
OCNT-2314744,RDICYFQRZMFODS-MFKMUULPSA-N,4.66434627827,4.713878212529998,5.211674425379999,4.419663072370001
OCNT-2314750,HDZXPBGQDAEJGU-UHFFFAOYSA-N,4.224845487670001,3.60467852841,4.9618933699899985,3.254140956190001
OCNT-2314759,YWMOZLLJWDAVMV-UHFFFAOYSA-N,4.321963854769999,4.390882418720002,4.65592069114,3.9425352780500007
OCNT-2314770,CVYZOTQELJXXRO-UHFFFAOYSA-N,4.395520936140003,4.356187142380001,5.343754218200001,4.017195983009999
OCNT-2314796,QWGZRNQOLUAEIB-UHFFFAOYSA-N,4.460140151180001,4.528518140199997,5.321099669129996,4.547958153
OCNT-2314805,OWUMXLCYZSGLOQ-UHFFFAOYSA-N,4.2244886918599995,4.562858961099999,4.483125849590001,4.17125715995
OCNT-2314816,UVTFRJCSVXDRSZ-UHFFFAOYSA-N,5.076815388130001,4.451107830919999,4.73460933101,4.25807018282
OCNT-2314820,YDZMNLGKLZGCSU-UHFFFAOYSA-N,4.8742121894500015,4.658207581,4.917983863039998,4.3146531986499985
OCNT-2314853,PUEJSMDTGQUQIA-UHFFFAOYSA-N,5.148453295159998,4.679981998139999,5.007771339110002,4.57876176616
OCNT-2314859,GTHFTMXIWHJARY-UHFFFAOYSA-N,5.182476665999999,4.884091444529998,4.414557257000001,4.5926698238700014
OCNT-2314864,IZSWTCQKDZJSHD-UHFFFAOYSA-N,5.064263487240002,5.35171383014,4.691263416620001,4.997429381589998
OCNT-2314866,PUVFNUJBXLULQY-UHFFFAOYSA-N,5.0763037110700004,4.678359360550002,4.835671635820001,4.4078342069400005
OCNT-2314875,KLXUZEOQTNJRRF-UHFFFAOYSA-N,5.189467042629999,4.784545839499999,4.586029721979999,4.300245297779998
OCNT-2314895,KNTPHJCKWPHKJW-UHFFFAOYSA-N,4.787031775109998,5.235044318060002,4.09615937025,5.048210767540002
OCNT-2314899,NZQDVNRULUOBED-UHFFFAOYSA-N,4.469044792080001,4.879817216439999,3.866550619670002,4.646314503780001
OCNT-2314929,WYRQUHYUCVJXLF-UHFFFAOYSA-N,4.917757104240003,4.3254578591899975,4.6376696193499996,4.08948392602
OCNT-2314960,CTBCAGWGSNTRHE-UHFFFAOYSA-N,4.61728695036,4.42248126509,4.899673312539998,4.091919053760002
OCNT-2314992,ZBKBXXMIEOKEDU-UHFFFAOYSA-N,5.432838071980001,4.627665187949999,4.674429833829999,4.228253465280002
OCNT-2314993,PHELUAMDTXQCHI-UHFFFAOYSA-N,3.9346327588500016,4.462319797180002,4.391684734129999,3.8327359296600014
OCNT-2315001,BXAIWANBKAGJGC-UHFFFAOYSA-N,4.95514405306,4.838974618299999,4.731297191710001,4.527679984090002
OCNT-2315007,KPZHOTAFRDKLBB-UHFFFAOYSA-N,4.956704427690002,4.655228896190001,4.801627420470003,4.2506355413899986
OCNT-2315036,BUVFEHNROMUBNS-UHFFFAOYSA-N,4.126146512589998,4.22340369665,4.914562526980001,4.24030515414
OCNT-2315050,VXFXFMMWFUFBAR-JOCQHMNTSA-N,5.048237873360002,4.328288488160001,4.445231165740001,4.19333239589
OCNT-2315056,LBCJOUUDNYKSSR-KRWDZBQOSA-N,4.699512771110001,4.812669194329999,4.447086802300001,4.469203980950001
OCNT-2315079,YCHNKCQNPQJYSD-UHFFFAOYSA-N,4.98084226052,4.312594093720002,4.94972164595,4.037231958879999
OCNT-2315082,WCQPNTIVTWMJSZ-UHFFFAOYSA-N,4.73940012533,4.723270182170002,4.924536108780001,4.588249809459998
OCNT-2315103,FWQGELGUVIJUCC-UHFFFAOYSA-N,4.05485176054,4.502724047069999,4.55749345798,4.382617299940001
OCNT-2315126,VJHDBUJUYUPJJI-UHFFFAOYSA-N,5.40591428372,4.604889007279999,4.476485419379998,4.41653620311
OCNT-2315131,FDGLXIWOBFIFIJ-UHFFFAOYSA-N,4.69961518984,4.743480681879999,4.138888281879998,4.930680484180001
OCNT-2315133,AHQNKQQOLTVRAI-UHFFFAOYSA-N,4.974399477930002,4.23784144993,5.153530142419998,4.026024001549999
OCNT-2315149,YCVRUZSBJRNHDW-VQIMIIECSA-N,4.52387986159,5.186475694280002,4.541739192960001,4.85216548819
OCNT-2315153,FEROKVSYPLWBAJ-UHFFFAOYSA-N,4.03415379532,4.35561850795,4.456804286849999,3.546879007670002
OCNT-2315165,PJVFRSPLCNBIGM-UHFFFAOYSA-N,4.7224038008800004,4.2269509026100005,4.727754002959999,3.3426212139599993
OCNT-2315172,SUGLTFAJWIOHPU-UHFFFAOYSA-N,4.2854255193799995,4.812307628049998,4.722817313249999,4.849952816389999
OCNT-2315178,NMGBMHHLXGGQSX-UHFFFAOYSA-N,4.33427561588,4.547982980970001,4.514088364570001,3.9744585384200004
OCNT-2315186,MVVQOOQOXKXXNX-UHFFFAOYSA-N,5.02437558534,4.363037818519999,4.394442788530001,4.187310198060001
OCNT-2315195,NMOWDWMKIBNABG-UHFFFAOYSA-N,4.660999793580001,4.80753031936,4.55005813273,4.528851130540002
OCNT-2315200,XDSNDYXIMICPRR-UHFFFAOYSA-N,4.818110655620001,4.9895616181600015,4.668378940770001,4.4455015832099996
OCNT-2315201,FLSQQEOSBFMSDU-UHFFFAOYSA-N,5.08201009912,4.8053827622200025,4.7521974903899995,4.339452028530001
OCNT-2315213,DGRCPXUHDLNDFW-NSHDSACASA-N,4.9103519254400005,4.416778532260002,4.46019314633,3.5822473974099984
OCNT-2315226,HRGHCIWBUYKSCA-UHFFFAOYSA-N,4.691688193370001,4.416366837249999,4.67328687713,4.09605476317
OCNT-2315252,WXHNIZSHBMNFPP-UHFFFAOYSA-N,5.383915249720001,5.05741279299,4.85668308754,4.95721886998
OCNT-2315259,FKGZTTKABGMFKO-UHFFFAOYSA-N,5.2660041054399995,4.927997638499999,4.53182961571,4.864505209780001
OCNT-2315263,MZFRIUHVVSLKNK-UHFFFAOYSA-N,5.23925050052,4.815956426119999,4.68006017512,4.5645229464699995
OCNT-2315296,HZJWQJHQWQCMTO-UHFFFAOYSA-N,5.02538858367,5.07736843834,3.9845765119600016,4.6872892228300005
OCNT-2315308,LKYSPIBWGJDZSC-RDJZCZTQSA-N,4.963000914940001,4.552682775899999,4.97674628034,4.441051027190001
OCNT-2315329,RASGZHDTHAJHKS-UHFFFAOYSA-N,4.634589367110001,4.85697451126,4.381489779120001,4.748284756840001
OCNT-2315331,NVIPJYUDRHGQJO-UHFFFAOYSA-N,5.108976018110001,4.731018740430001,4.507963859759998,4.1794941228099995
OCNT-2315333,CJHXDOWULUIHLK-UHFFFAOYSA-N,4.653878232369999,4.866506320959999,4.081475879280001,4.439748022800001
OCNT-2315338,DJMHLIDBQJJDOT-UHFFFAOYSA-N,4.631391217680004,4.97042713479,4.19756235778,5.110607025280001
OCNT-2315342,AJLGKZFVBQWOMF-UHFFFAOYSA-N,4.147930737720001,4.39982169801,4.60336932373,4.000943539610001
OCNT-2315349,WFVSDBTXMRGQAP-UHFFFAOYSA-N,5.34955197946,5.083354130590001,5.00434915063,5.112017650160001
OCNT-2315363,YBMMVWJJHJIUIW-ZIAGYGMSSA-N,5.153974465330001,4.14139994499,4.814378415920003,3.78521300714
OCNT-2315371,YVQWEUNHKAAVOA-UHFFFAOYSA-N,3.96486421606,3.950177700509999,4.457637804800002,3.4907928593599977
OCNT-2315417,FQTOHOCJEYDRRG-UHFFFAOYSA-N,4.29448199363,4.1724419590999995,4.850578946669998,4.075741969149999
OCNT-2315433,KBOZBGOGXVJYQF-BRQZFJGMSA-N,3.9770896742700006,4.089392099490001,4.973599606179997,4.107064610630001
OCNT-2315444,LINUEMAWVXHAKO-CRAIPNDOSA-N,4.7472533449,4.44476824962,5.275541683819998,4.058163464820001
OCNT-2315460,FROSMHXGVUTODR-UHFFFAOYSA-N,4.1074558067,4.456109338390002,5.1267250650300005,4.12512246025
OCNT-2315505,HLRHRWSRSVLASR-UHFFFAOYSA-N,5.0682641642599995,4.85210511136,5.369909557200001,4.902628328030001
OCNT-2315508,UERZMAGKKQJDCW-UHFFFAOYSA-N,4.005103877680001,4.533198118370002,4.4197353579600005,3.4899111680000003
OCNT-2315514,IUZLYQRADKSHLN-UHFFFAOYSA-N,3.874492551020002,4.663817577260001,4.872996316430003,4.3071933289599995
OCNT-2315543,GHBJCJPSHWBOJK-UHFFFAOYSA-N,5.2329772213900005,4.910447605829999,4.692455887460001,4.67416152478
OCNT-2315568,GCZWMXIZJQSSJV-UHFFFAOYSA-N,4.943135880790001,4.757441467460001,5.228260550929999,3.86942087845
OCNT-2315583,HYJXGOGSQCUIGI-UHFFFAOYSA-N,4.958469253459999,4.4706634565400005,4.46765661305,4.137965791829999
OCNT-2315589,QAWOQFIMBHMFMT-UHFFFAOYSA-N,5.31193531302,5.19238601711,4.164025635229998,5.108556180020001
OCNT-2315610,RUAGYLLVGYPLQJ-UHFFFAOYSA-N,4.540649607170001,4.346581831240003,3.752894822850001,3.8488840036400007
OCNT-2315611,GRHXBVIMQMYABG-UHFFFAOYSA-N,5.213130808900001,4.726399903369998,4.375182362390001,4.30096033441
OCNT-2315615,PERIRYDITADLRX-UHFFFAOYSA-N,4.707968136970001,4.180640896509999,4.717223398060001,3.6302781995099993
OCNT-2315618,OQNXHUMGKSWJDA-UHFFFAOYSA-N,5.517424333219999,4.886983111610001,4.60942566116,4.696587649610002
OCNT-2315621,DUVALDLJIYQNBJ-UHFFFAOYSA-N,4.398538860579999,4.71168602308,4.139265723110001,4.5146851949
OCNT-2315654,OLJFNVZJUWIQBA-UHFFFAOYSA-N,4.427986390929999,3.9802306921699993,4.925176873039999,3.787417244080001
OCNT-2315684,PDLOAELCEZJLJG-UHFFFAOYSA-N,4.695630501889998,4.3040229006700015,4.6390521964,4.096530585320001
OCNT-2315688,QJHGNLFVGCRXSJ-CQSZACIVSA-N,4.59318593493,4.28737333614,4.679384486830001,3.4103541723499995
OCNT-2315690,CCOWGWCBXJNVNW-UHFFFAOYSA-N,5.3140933839399995,4.917957778219999,4.61390730919,4.53741407965
OCNT-2315702,SLSYBPBKTDBVFO-UHFFFAOYSA-N,4.60409696012,4.008718824780001,4.614828032130001,3.2588143848400004
OCNT-2315727,BKVJWZUCLLNQBZ-UHFFFAOYSA-N,4.674873634200001,4.329868997249999,5.021807222479999,3.78969544908
OCNT-2315765,RNTOIGRBODRYSF-UHFFFAOYSA-N,4.541614686450001,5.01849874471,4.33534570693,4.6907718686400015
OCNT-2315778,MHUIEAVAYPDUIK-UHFFFAOYSA-N,4.77232300162,4.95632434414,4.540838047679997,4.482101306839999
OCNT-2315779,VTXNZXOBDCSWOG-UHFFFAOYSA-N,5.021810303490001,4.4551254578899995,4.95045898437,4.199813145359999
OCNT-2315780,ZUWJKCQLZRWURZ-UHFFFAOYSA-N,4.450173809789999,4.205696002700001,4.373931000810001,4.185357644779999
OCNT-2315799,KSABBJQXOFJFMB-IEBWSBKVSA-N,4.8194314715000015,4.31549970871,4.476405074530002,4.234823379859999
OCNT-2315832,RKIRNVHTEYUZIG-UHFFFAOYSA-N,4.46338923677,4.198237796420003,4.950998409330001,3.9828197286
OCNT-2315840,LAIDWRUPIKZGLH-UHFFFAOYSA-N,4.620153694979999,3.9882705029499994,5.219345986999998,3.809636744309999
OCNT-2315851,ABEXPSKBOVMHEU-UHFFFAOYSA-N,4.13907348506,4.26844759896,4.567497979290001,4.37746542642
OCNT-2315865,GNYQIMZCLGCRDQ-UHFFFAOYSA-N,4.896332300090002,4.564319972249999,4.556845668899999,4.255438603959998
OCNT-2315870,COGRYNSHDIJCGF-UHFFFAOYSA-N,4.4932792186,3.9394288705500013,4.527302353469998,2.5339281969100025
OCNT-2315878,OAKQXSLAVRBBFO-UHFFFAOYSA-N,4.1485820455499995,4.1870246573399985,5.020294509050002,3.77296488576
OCNT-2315893,NJWPFCZHUWORBI-UHFFFAOYSA-N,4.7536492527,4.25246577293,4.91018275021,3.770678512699999
OCNT-2315895,XSYKQYURMSKXHU-UHFFFAOYSA-N,4.346073802519999,4.189489735270001,5.195979232780001,3.6321165267999986
OCNT-2315903,AUWZLAUAWCSWCW-UHFFFAOYSA-N,4.5741902757899995,4.389175628069999,4.787802580449998,3.65238766546
OCNT-2315906,FJQDILFBCXCGIP-UHFFFAOYSA-N,5.661914761170001,4.746114390019999,4.23163507384,4.516396408740002
OCNT-2315908,WMYCJMKODWMDQF-UHFFFAOYSA-N,5.09098926004,4.82408186331,4.45086035648,4.561440438609998
OCNT-2315912,OCEJKASXGMZNKH-UHFFFAOYSA-N,5.08491530841,4.465218098859999,4.663397244569998,4.205240291369999
OCNT-2315934,FFOPUDGTPLZMOT-UHFFFAOYSA-N,4.90498852815,4.365257560470001,4.434761739950001,4.201689844450001
OCNT-2315937,RVDWAGALOWZBAV-UHFFFAOYSA-N,4.99442053603,4.715499757469998,4.801707413280001,4.410076625179999
OCNT-2315945,BSDLDEUSTRLQEY-UHFFFAOYSA-N,3.8367504419499983,4.0036426930200015,4.550741246300001,3.0286411982
OCNT-2315946,MIOSQEBNSUQYQJ-UHFFFAOYSA-N,5.319812424060002,4.601717776710001,5.274852521239999,4.384962218359999
OCNT-2315950,SQUDKELOJLLRRO-UHFFFAOYSA-N,5.29041107479,4.883211657699999,4.524829736700002,4.522790526810001
OCNT-2315965,OGVLLYXHLIYWNR-UHFFFAOYSA-N,4.48000157903,4.376632649890001,5.034194361819998,3.9815348777600006
OCNT-2315982,WSRRLCNILMYAGW-UHFFFAOYSA-N,4.509079092240002,4.6460245538899985,4.0172675571,4.32165397784
OCNT-2315988,KDWINTKNCFXETQ-UHFFFAOYSA-N,4.84174421472,4.255179305370001,4.474513676290001,3.80873090202
OCNT-2315990,HDIABXPHKYTLHK-UHFFFAOYSA-N,5.183125658920001,5.021468972349999,4.571862278,5.13185655288
OCNT-2315991,OXEBQHUGNKQHBU-UHFFFAOYSA-N,4.753081514229999,5.012321770920001,4.84428791138,4.814256810669999
OCNT-2315992,PHMDDIHADNUCSF-HZPDHXFCSA-N,4.842403424310001,4.6301903936299995,4.697408891790001,3.7743798823500003
OCNT-2315994,LQLLHNXDSQWNGR-UHFFFAOYSA-N,5.654457116410002,5.088129436780002,5.265428685030002,5.06891677077
OCNT-2316037,XGQFKAWKVLIBAF-UHFFFAOYSA-N,4.772582384430001,4.48736770873,4.6463325646900016,3.97210826066
OCNT-2316049,WDWXLGUKGPSCJB-UHFFFAOYSA-N,4.326803237850001,4.81018490719,4.470057412440001,4.6016570997500015
OCNT-2316070,JGORGCVKTVDGCF-IYBDPMFKSA-N,4.486873796780001,4.4952600140099985,5.376617777739999,4.112573741730002
OCNT-2316093,GGQJTMVJNYFFAV-UHFFFAOYSA-N,4.50520053931,4.965824283640002,4.62158468458,4.9893635887
OCNT-2316110,XGAWENUTRCFJDI-CYBMUJFWSA-N,5.16442554418,4.489673193900001,4.955072301650001,4.20781520461
OCNT-2316121,HBIXLLBPTHZDRI-UHFFFAOYSA-N,5.407454985739996,5.211327446890002,4.693338016859999,4.859994544219998
OCNT-2316132,GUDHSXTUPPEPPK-UHFFFAOYSA-N,4.967207444970001,4.220863715009998,4.8928156632299995,3.9789485700999996
OCNT-2316141,NLJQZNHEMSUVFB-VQIMIIECSA-N,4.644524525170001,4.351209912890001,4.382520926309999,4.135088002919999
OCNT-2316170,WQSJTLOSKGORSG-UHFFFAOYSA-N,5.035476847610003,4.67347344458,4.6416855964899995,4.45836938472
OCNT-2316180,CLOQRBMETQXCIE-UHFFFAOYSA-N,5.42095719015,4.689732552369998,4.463096710860001,4.50988835821
OCNT-2316181,JMYYWDLLJQSPOB-UHFFFAOYSA-N,5.00424711911,4.586449202379999,4.3678773350599975,4.4933716414400005
OCNT-2316196,UPXQXMXYQKKYRX-UHFFFAOYSA-N,4.058902986379999,4.27435272716,4.71086108346,3.5435656035800007
OCNT-2316204,IAUITTZWSOAVCK-UHFFFAOYSA-N,4.950871960580002,4.4253871151799995,4.9804697854799995,4.246614770620002
OCNT-2316207,UDWPCCDEHUZNNF-UHFFFAOYSA-N,4.863172177490001,4.561657886540001,5.230289717309997,4.43696499139
OCNT-2316216,RUVPZLYIFRKSKE-UHFFFAOYSA-N,4.4244682408100005,4.1072464256400005,4.43047542732,3.4572816755700004
OCNT-2316225,FAADDWZKJJDRAC-UHFFFAOYSA-N,5.054625826790002,4.626688410979999,4.533417848369999,4.28951151647
OCNT-2316228,WXMVGDCAVYRQJH-DLBZAZTESA-N,4.963387547430003,4.59244919284,5.288539957340001,4.27053069573
OCNT-2316252,PQYPFFASSMZDMA-UHFFFAOYSA-N,4.208479999749998,4.02422215625,4.486479971540001,3.7295277242700013
OCNT-2316255,TXHULZCABKAZOB-UHFFFAOYSA-N,4.6305936061000015,4.50209211923,4.546984875550001,3.7359868685399986
OCNT-2316270,FQIGRACDNIOPES-UHFFFAOYSA-N,5.13400567247,4.401401912449999,4.000582163930002,3.7208755278099996
OCNT-2316287,SIPKZGGJKLNGKF-UHFFFAOYSA-N,4.958302054900002,4.634675573070002,4.920050315260001,4.775541184969999
OCNT-2316305,ZQWNBUUGCZZBQG-UHFFFAOYSA-N,3.6677002355700017,3.8084110629899985,5.0448611442399995,3.047091399480001
OCNT-2316311,GXYHSKJJUTYTCB-UHFFFAOYSA-N,4.796296640220001,4.814628599109999,4.294651890620001,4.533532279370001
OCNT-2316329,ZETLBFHKRJQWQU-UHFFFAOYSA-N,4.22296712102,4.60324386441,4.83861316539,4.221192866610001
OCNT-2316339,GDDJOHRLSPNVNU-UHFFFAOYSA-N,4.7155940665200005,4.450106003999999,4.725898264770002,4.02807070305
OCNT-2316344,ZOJWIUJADMWDPN-JKSUJKDBSA-N,4.467074643590002,4.298758669960001,5.04786520209,4.075823855379998
OCNT-2316352,WRXFOSGHPGKFAY-UHFFFAOYSA-N,4.80939885496,4.697506370669999,4.571229385889998,4.6042778997300005
OCNT-2316354,MYIUSFVPFKJEDS-GXTWGEPZSA-N,4.09676469502,4.298573396980001,4.937809260760002,3.7131348507100004
OCNT-2316397,MQCGWNQRZSSMDW-UHFFFAOYSA-N,4.000848864380001,3.8826550066100003,4.341133210980002,3.2400348391500002
OCNT-2316403,HIOCORNYUDAROQ-UHFFFAOYSA-N,4.660895834930002,4.7475576967899995,4.484782782529999,3.9350271620800004
OCNT-2316436,MXKIROVYBHRNBM-UHFFFAOYSA-N,5.067640131510001,4.643751446440004,4.90894963865,4.248527238539999
OCNT-2316494,JPKNAFFCNYNTAM-UHFFFAOYSA-N,3.98924859096,4.456168154160001,3.806280549250001,3.9502861084800003
OCNT-2316516,ANRTUOAFXNQUJO-UHFFFAOYSA-N,5.255854263439997,4.78746022272,4.316161025399999,4.3645000315399995
OCNT-2316527,UNVBSCDOHAKYON-UHFFFAOYSA-N,4.40228787985,4.511610194300001,5.120221616349999,4.19549319162
OCNT-2316551,CNOXQHATWRFZGS-UHFFFAOYSA-N,3.860270704730001,3.9042964546700007,4.599052622790001,3.2038856631700003
OCNT-2316555,RWYLVXALJMAJFG-UHFFFAOYSA-N,4.662079853099999,4.507759841799999,5.0696018485,4.484894445699998
OCNT-2316557,UCGHBZIAFOPHKJ-UHFFFAOYSA-N,5.0234874844199995,4.909642655110001,3.9685489743999995,4.9837570316900015
OCNT-2316612,RJMHLGGYHZCNAH-UHFFFAOYSA-N,5.099666067140003,4.54568635008,4.551790395790002,4.38940745008
OCNT-2316619,MPCLHVLNOSGXLY-UHFFFAOYSA-N,5.077021695470002,4.55501497619,4.996349591130001,4.6632834487600014
OCNT-2316633,XTRQCVSHVGEAGT-UHFFFAOYSA-N,4.804853084600001,5.100603417240001,4.124372309140003,4.84342499038
OCNT-2316662,GFEAUAXVPJUYQZ-MRXNPFEDSA-N,4.64330389019,4.121570811490001,4.966588889339999,3.8447200624500018
OCNT-2316671,YEOSBNSNNIDEDA-UHFFFAOYSA-N,5.364175686380004,4.940287735880001,4.826707389140001,4.37912452685
OCNT-2316691,KIEYDKIZZGRRKU-UHFFFAOYSA-N,4.14275796684,4.009472270859999,4.6182871533,3.524297429679999
OCNT-2316693,NOZNOJWPUJFYMU-UHFFFAOYSA-N,5.26531761851,4.051308144640001,4.584519231259999,4.12256163949
OCNT-2316697,FMZDTWSZRNKGID-UHFFFAOYSA-M,4.631900650240002,4.0373626404300005,4.31992323684,2.804757468069999
OCNT-2316726,IAPQKELLCZVBPB-UHFFFAOYSA-N,5.20749401212,4.35389121795,4.573308938410002,2.502489778890001
OCNT-2316738,ARBBCNULKSAECM-UHFFFAOYSA-N,4.7494257503799995,4.983041403970002,4.520063819699999,4.868407661969999
OCNT-2316749,WFGGFDOFVZDCKZ-UHFFFAOYSA-N,5.09853876059,4.434894555420002,4.5074221212,4.4828917833599995
OCNT-2316765,XJRBRUYSMPGAIC-UHFFFAOYSA-N,4.62063313771,4.239380843620002,4.418844024350001,3.93023129251
OCNT-2316766,BDQYOLWAPOQQPP-UHFFFAOYSA-N,4.757889036570001,4.799119768459999,4.372768336099999,4.7124347364900006
OCNT-2316815,GPXQDQQBCYIEQW-UHFFFAOYSA-N,4.6483445455800005,4.02710633796,4.6727455320299995,3.470897771359999
OCNT-2316823,QCFYGHVLNYVDSM-UHFFFAOYSA-N,5.177394600760001,4.914122015619999,4.30271347904,4.528505946980003
OCNT-2316832,DDCURYRYFVHMIV-HUUCEWRRSA-N,5.237511500070001,4.3345362224000015,4.9141407811699995,4.1071463815900024
OCNT-2316839,JZRPLMWWIVBQRB-UHFFFAOYSA-N,4.73135616958,4.07628724995,5.065521004310001,3.6447816589799995
OCNT-2316848,STVYLEUNMSOYBO-UHFFFAOYSA-N,5.196962597440001,4.721011624909998,4.636182383849998,4.373520915770001
OCNT-2316874,SZJSBHKXVHLSPM-UHFFFAOYSA-N,5.231193851130001,5.008752200470002,5.2822003229900005,4.672750332400001
OCNT-2316883,ZFXKUGZDRRZDIF-UHFFFAOYSA-N,4.5555417258199995,4.18570556854,4.69946757216,4.0486756783199995
OCNT-2316890,YDVJSEIEXHHXLM-UHFFFAOYSA-N,4.369969522010002,4.095012206739999,5.01656574715,3.7576295389400007
OCNT-2316904,SVKGNUYZKALPQP-UHFFFAOYSA-N,4.2680652209200005,4.658563615069999,4.620728216180001,4.3807606441199995
OCNT-2316911,PLXLXZYCMPMUNV-UHFFFAOYSA-N,4.706915341780001,4.444501972889998,4.496602322470001,4.36771203165
OCNT-2316915,CCDKNPYYXSSWEW-YNODCEANSA-N,4.6249824465,3.9656272176,4.99958098571,3.43333936496
OCNT-2316937,JLCNBMAIKIRJSZ-OAHLLOKOSA-N,3.5501965046100015,3.69296239741,4.4594776479,3.1083313835
OCNT-2316947,GDCXYFNYLMNNOC-UHFFFAOYSA-N,5.115325496059999,4.52412194705,4.740912934680001,4.48733049265
OCNT-2316959,QCFAHERSFSXCNA-PREGVCBESA-N,4.937798173330001,4.3575533564599995,5.170248802490001,4.150317891940003
OCNT-2316976,XMGORMGYUQDAAL-UHFFFAOYSA-N,5.627453427100002,4.844248824820002,4.62599177437,4.813976383600003
OCNT-2317002,LPKNBEGSMBPPJL-UHFFFAOYSA-N,5.085906977930001,4.43267482547,4.378768212970001,3.8025481068199998
OCNT-2317014,ZBXAGLGMQFXFON-UHFFFAOYSA-N,5.252665427239999,4.700579113429999,4.485875133609998,4.290108343520003
OCNT-2317025,OCPSMTDXYDJWPR-UHFFFAOYSA-N,4.7085429767599996,4.701129827680001,4.790956587849998,4.146739479529999
OCNT-2317039,NDVHKGFDQOULIT-LBPRGKRZSA-N,4.9736805239900015,4.42428489795,4.5828452896600025,3.593328659790001
OCNT-2317066,FDVDBGNSFJGCJV-UHFFFAOYSA-N,4.12783104679,4.01091924047,4.303216687239999,3.1124686356900013
OCNT-2317068,DXEUVDBJOPEUPK-VPHXOMNUSA-N,5.04664331978,4.411016445900002,4.989903501990001,4.1064284439500005
OCNT-2317070,BVSPVPUOGZRITE-UHFFFAOYSA-N,4.791384994930001,4.185507396499999,4.591112120730002,3.615398497070001
OCNT-2317086,ORIAPXGWHWRMEQ-UHFFFAOYSA-N,4.485769886390003,4.326052053030001,4.164586726989999,2.8494100624300005
OCNT-2317105,WJZHHMLLNOOCCB-UHFFFAOYSA-N,4.97834971828,4.23298080005,4.8367947634199995,3.9795577991900006
OCNT-2317118,AQJAPFHFJNHFNT-UHFFFAOYSA-N,4.189231794860001,4.383739611270001,4.779345667989998,4.142916593920001
OCNT-2317123,JHJNVPMWROZEOJ-UHFFFAOYSA-N,4.155392921960001,4.75497726782,4.468643383099999,4.12805613027
OCNT-2317148,PWRBFCMKSFQIPY-UHFFFAOYSA-N,4.604518097840001,4.454442658740001,5.077745963729999,4.16498197826
OCNT-2317170,YJOJLVRDJYKCNH-UHFFFAOYSA-N,4.8080991186599995,4.78047897702,4.793246910989998,4.626859918520001
OCNT-2317171,NGTSBRMBKVYBED-UHFFFAOYSA-N,4.914627349790001,4.799388228570001,4.428490304220003,4.589764726940001
OCNT-2317181,CGTNELINAFTBOA-UHFFFAOYSA-N,4.2902582557099995,4.381864279110001,4.768078746690001,3.984966961570001
OCNT-2317204,QDQYRQVQOSZPRQ-UHFFFAOYSA-N,4.3388440391900005,4.367791113229999,4.606148526829998,3.7287388919100004
OCNT-2317207,SBRNEVNAKYTEQV-UHFFFAOYSA-N,4.6647202685,4.29222625919,4.82017250761,3.7080329181300016
OCNT-2317216,LIVJZDMANQVUDP-UHFFFAOYSA-N,4.840912975619999,4.28320273255,4.66879784319,4.214245037190001
OCNT-2317220,HYZUFGFQMUOIJF-UHFFFAOYSA-N,4.70801780421,4.473763308030001,4.480504957119998,4.2279362457100005
OCNT-2317252,UTTDKKQDHATASO-UHFFFAOYSA-N,5.009683950559999,4.732900471550001,4.87598369992,4.471743648010001
OCNT-2317263,GZGKRCBJVUVISK-UHFFFAOYSA-N,3.93477099947,4.41446002557,4.966694275089996,3.99634258979
OCNT-2317281,RFABKPISPKENOC-UHFFFAOYSA-N,4.695915026590002,4.332072146010001,4.085847199630001,3.8572661455299997
OCNT-2317282,WYQJUGXXFFDBFP-UHFFFAOYSA-N,4.5074656825499995,4.203614614779999,4.986566366050001,3.9167763128600024
OCNT-2317285,ZYGIEWYSBUXBOA-UHFFFAOYSA-N,5.002820164140002,4.57184074116,4.819864858630002,4.840346814010002
OCNT-2317295,LWUJMSUADQVSHD-UHFFFAOYSA-N,4.060153884750001,3.92269485833,4.12807083367,2.7147347789900014
OCNT-2317316,HXTZWUVDAMAHMH-UHFFFAOYSA-N,4.779941793370001,4.703957738530001,4.713209826910001,4.1519516140800015
OCNT-2317331,JQXBWGKXKGRNEM-UHFFFAOYSA-N,4.26121372678,4.459818322519998,4.286673624160003,3.966497458539999
OCNT-2317338,LUIQXOKUNHJUSI-UHFFFAOYSA-N,4.912830584930001,4.471836439759999,4.56345198714,4.446108400310002
OCNT-2317340,UBQFGIHFQCAKOP-UHFFFAOYSA-N,4.36098699932,3.8639196316,4.475934108850001,3.262568293200001
OCNT-2317346,GWBBYACWVZJDHF-UHFFFAOYSA-N,4.838496204190001,4.328747897070002,5.003777800890001,4.382613642940002
OCNT-2317347,BYQXMJFFQMJEPC-UHFFFAOYSA-N,4.674220374649999,4.685435620870001,4.474551815999999,4.540268235260002
OCNT-2317363,BJXMAUKDMFDOBJ-UHFFFAOYSA-N,4.87985397805,4.496343593740001,5.00059249631,4.14288838103
OCNT-2317386,DLRFNZBVVYAGCE-UHFFFAOYSA-N,5.078711741090001,4.79569826714,4.557978889870001,4.623034218290001
OCNT-2317449,WPIPWESKVFABQC-UHFFFAOYSA-N,4.667829990040002,4.514072830689999,4.59961619234,4.001051546789999
OCNT-2317471,GJXZQMFHDZQUFG-STQMWFEESA-N,3.90188071281,3.891569369120001,5.049206594650001,3.7616034779599987
OCNT-2317493,DOLLPRXGPWPBSF-UHFFFAOYSA-N,4.707409057660002,4.599028689280001,4.961967363649999,4.442769997230001
OCNT-2317505,NHUSIRABIVGDSH-UHFFFAOYSA-N,5.296244506519997,4.844182932379999,4.860708487089999,4.500774405010001
OCNT-2317520,LTUCBBUWUBLJCT-UHFFFAOYSA-N,3.9378933676100005,4.56643795836,4.574907946880001,4.176613731359999
OCNT-2317521,VCCHGKDAEXTHKW-UHFFFAOYSA-N,4.8073666617200015,4.332417620120001,4.563790178089999,3.8520143126699997
OCNT-2317589,PIDYXGYPPPDVSK-UHFFFAOYSA-N,4.431533260269999,4.688500348100003,4.65350898917,4.665538582799997
OCNT-2317597,BRLQLLYRNCGYQA-UHFFFAOYSA-N,4.2872052176399995,4.363338466999999,4.39319566919,3.74454203952
OCNT-2317609,LAHOEQWHOHUDPV-XPUUQOCRSA-N,4.178217000669998,4.26344364702,4.28307624825,3.51189417349
OCNT-2317641,MWBQPWYUYIBGDJ-UHFFFAOYSA-N,4.4930978889699995,4.16398288644,4.617968179620001,3.5442603604000005
OCNT-2317654,YPMXQDDNHLQSDB-UHFFFAOYSA-N,4.392505900870001,4.762801694069999,5.36554094606,4.700230941449999
OCNT-2317655,PPBPKFPLNHJZQP-UHFFFAOYSA-N,4.409359595410001,4.88583659599,4.457804138809999,4.860074827309999
OCNT-2317667,XFLKWYMYPBGZDG-UHFFFAOYSA-N,4.557234573309999,4.280811715890001,4.912378168650001,3.7621189798200003
OCNT-2317671,TVFLKHRRTFZHMJ-UHFFFAOYSA-N,4.8703526670200015,4.285690104229999,4.45284912139,3.5583559571300007
OCNT-2317673,GFMXIBGNFZXSSH-AWEZNQCLSA-N,5.211976098340002,4.847077911969999,4.9795410759,4.496856870489999
OCNT-2317690,NTFPMYZCRLAQNU-UHFFFAOYSA-N,4.095777324760002,4.700821861499999,4.4950691359,4.455298546130001
OCNT-2317717,NCTLRULTXWYPMC-UHFFFAOYSA-N,5.418792795620002,4.688035090290001,4.400188844319998,4.136618545620001
OCNT-2317719,IWFPOYLMDJDZHA-CYBMUJFWSA-N,4.463550824850002,3.9519621737900006,4.48370441813,2.4840518470200017
OCNT-2317738,ZSNITEJMAJILMZ-UHFFFAOYSA-N,5.124533950440001,4.855738309210001,5.5092926026399995,4.85530363519
OCNT-2317749,RXKVFHONEONTJU-UHFFFAOYSA-N,4.852301409730001,4.9328679598,4.589450812439999,4.653920471370001
OCNT-2317750,BLSSOUSOURPNPD-UHFFFAOYSA-N,3.623523690479999,3.5811266235400008,4.775560251749999,3.1853048252899994
OCNT-2317761,JMXRCYKGNHZSPJ-UHFFFAOYSA-N,5.612168227249999,4.902790243400002,5.0894814770300005,4.716706832010003
OCNT-2317762,YOAQHNSVDHIMRD-UHFFFAOYSA-N,4.582923720249999,4.502439283810001,4.513886176690002,4.438676607679999
OCNT-2317811,RDGKSCRDHZDING-UHFFFAOYSA-N,4.9632203641000014,4.6289382649199995,5.22434256998,4.097879053860002
OCNT-2317813,OVLHSAROUBUOGS-UHFFFAOYSA-N,4.97734421231,4.46237935824,4.410691635079999,3.749064534480001
OCNT-2317818,CPILBGUKHQTHAL-UHFFFAOYSA-N,4.70988277607,4.4842931628499985,5.3291807577000005,4.27315441334
OCNT-2317832,OTSKWPLKWNHXNG-UHFFFAOYSA-N,4.327607432489999,5.0370562020400005,4.669324821610001,4.838856528190001
OCNT-2317846,UTVVBMSWJXFZIO-UHFFFAOYSA-N,5.126065535669999,4.54627364117,4.874359922400002,4.14732068221
OCNT-2317868,LAFOGORSVWQSJI-UHFFFAOYSA-N,5.179711264640002,4.75910603467,4.7213804359300005,4.469922435660001
OCNT-2317887,CJFRLVSASAMBRI-UHFFFAOYSA-N,4.59735401326,4.620071679389998,4.5858339202,4.0847100652699995
OCNT-2317895,CWBRZGJTIAQEGN-UHFFFAOYSA-N,4.073469738320002,4.105677465800002,5.0302358051699985,3.46234902004
OCNT-2317916,OHJTXRFTXHDJSZ-UHFFFAOYSA-N,4.359961305300001,4.46559316237,5.080461261320001,4.136790576479998
OCNT-2317931,LOCCFUQBAHYDIZ-UHFFFAOYSA-N,5.036414969209999,4.1806846298,4.3783238654900005,2.6392544265200018
OCNT-2317940,LCRMGOKGLDCROM-UHFFFAOYSA-N,5.17466159675,4.50407233195,4.669562576329999,3.99467256526
OCNT-2317951,HCERZQWQSYZVFX-AWEZNQCLSA-N,4.557179456300001,4.478435124399998,4.438607117440001,4.41906580483
OCNT-2317954,AECHNCUKRVJPMR-UHFFFAOYSA-N,5.681773725600001,5.016436588100003,5.441997173029998,4.798626061630002
OCNT-2317968,JRLDABZBMFCURG-UHFFFAOYSA-N,3.644701602570001,4.083274973219999,4.615774439509999,3.8102809412299994
OCNT-2317979,GDPHPXILXSNLGE-UHFFFAOYSA-N,4.512553212810001,4.48266614191,4.61330052219,3.9758401986000007
OCNT-2317983,VRWZGQHEAVYSMP-UHFFFAOYSA-N,5.728364271660001,4.96544888282,4.3947167909100004,4.604617886839998
OCNT-2317986,FHXLUKSIGDILGD-UHFFFAOYSA-N,4.9255179691699995,4.3631552117500005,4.186901551900002,3.85102504037
OCNT-2317990,GGVQQOGVQIQAAR-UHFFFAOYSA-N,5.131276410709996,4.690783731349999,4.537214078270001,4.709842080799999
OCNT-2318008,MZCSBMOLDFPPDR-UHFFFAOYSA-N,5.222495856099999,4.921253564480001,4.419181807329998,4.75542136547
OCNT-2318014,XZUOPKZBRIBBTC-UHFFFAOYSA-N,3.977946789060001,4.205777079950002,4.540628647049998,3.8540848889299992
OCNT-2318022,NGLQWYBBWZPWAG-UHFFFAOYSA-N,4.25103665575,4.72035055932,4.496773384140001,4.50360604747
OCNT-2318037,QGTCUSWJSRWNHW-UHFFFAOYSA-N,4.724999143750001,4.476163144000001,5.33635916911,3.864823766529999
OCNT-2318057,BAJXDLICMYECHQ-UHFFFAOYSA-N,4.67430279713,4.266141955750001,4.490921085209999,4.035617628490001
OCNT-2318058,LHKPZQCRTJSJBZ-UHFFFAOYSA-N,4.398203641180001,4.94939357744,4.4844593610900025,4.55249474276
OCNT-2318059,LGBXJZIKTPOPEY-UHFFFAOYSA-N,4.6477760770200005,5.015164135669999,4.708401471550002,5.279890374480001
OCNT-2318060,BQDVZEIIVADUJR-UHFFFAOYSA-N,3.7577698057000015,4.25347883872,4.5466252563500005,4.15827199062
OCNT-2318103,SFHLFNWOCGHDOA-UHFFFAOYSA-N,4.706453134060003,4.336341223730001,4.597211228559999,3.9243609968400026
OCNT-2318114,CHGWIMCJKOUHGM-UHFFFAOYSA-N,4.88629384212,3.9960548445300015,5.040279366000003,3.5368102218100006
OCNT-2318130,MVJRPLRVGMQACD-UHFFFAOYSA-N,4.343367122239998,4.7245172335199985,4.483489591239999,4.673172827929999
OCNT-2318175,CLGIMEFNCIRTPK-UHFFFAOYSA-N,4.381803542490001,4.740641739519998,4.440400362890001,4.647145314529997
OCNT-2318207,JGGPCIRSTZSSMU-UHFFFAOYSA-N,5.010168517090001,4.564560599430001,5.329859565020001,4.392392682579998
OCNT-2318242,ZHIHTRGKAIBXBP-UHFFFAOYSA-N,4.901834615830002,4.3367179388600015,4.49492089547,3.8778521784100004
OCNT-2318243,FPLPOQIKBRHTGT-UHFFFAOYSA-N,5.222168134280001,4.885425792309999,4.695545637729999,4.550751287510002
OCNT-2318253,XDVGRJCMNYKMJE-DLBZAZTESA-N,4.809367131449999,4.7622154546,4.645165409850001,4.666089327860001
OCNT-2318261,DYGIIYMCZAKMPG-UHFFFAOYSA-N,4.242223274849999,4.567269659120002,4.56483390008,4.312276075590001
OCNT-2318277,KSDJFGQHRCKMIH-OAHLLOKOSA-N,4.280038095459999,4.02211118408,4.8717792524100005,3.9600704281400017
OCNT-2318286,IWZLNPIFCWXPLP-UHFFFAOYSA-N,5.047455061920002,4.74036460904,4.51887091466,4.208319268950001
OCNT-2318290,ZQHUBTBJNOFDIR-UHFFFAOYSA-N,3.80886712399,3.93087344723,4.743709830869999,4.013023845650001
OCNT-2318294,WERKMJOGKJEZGI-UHFFFAOYSA-N,5.0768908932300025,4.825448023380001,4.329784580040001,4.61180695068
OCNT-2318329,RNMDHLPABCGGFP-UHFFFAOYSA-N,4.804174641949996,4.473849273769997,5.042508647729999,4.74523828572
OCNT-2318351,CCXULBUUIBWSSY-UHFFFAOYSA-N,5.043394421779999,4.798742065169999,4.32197094102,4.554454581580001
OCNT-2318364,PEOQYHHOEUVRKO-UHFFFAOYSA-N,5.525791272739998,4.696805944339999,4.26974925136,3.999299730520001
OCNT-2318369,ZGVBQHVFIPSHHN-GOSISDBHSA-N,4.782754666910001,4.694889275,5.057517272959999,4.53745456234
OCNT-2318394,JVVLSCNLUICXDH-UHFFFAOYSA-N,5.1859149246800005,4.730003328170001,4.58322299343,4.313468816969998
OCNT-2318395,HIXHOKUXAQVXNT-UHFFFAOYSA-N,4.405876901889998,4.6941971359900005,3.6095491455800004,4.53320683417
OCNT-2318397,IYDFTEKHSVJCIL-UHFFFAOYSA-N,4.3808639295399985,4.319074180180001,4.69985970319,3.668127397749997
OCNT-2318420,YJRZDAXNMXGWAN-UHFFFAOYSA-N,4.803361595700004,4.669568624750001,5.059194768399999,4.279435784970001
OCNT-2318463,PVCJAHQCQKVCAF-UHFFFAOYSA-N,4.563422841760001,4.102272386960001,4.458429648680001,2.620305690810001
OCNT-2318487,KMEXCRYMZXZMKV-UHFFFAOYSA-N,4.067511303590001,4.397214874440001,4.27620972,4.534246126890004
OCNT-2318512,DXYZQPFEVYKJRQ-UHFFFAOYSA-N,4.7146825534299985,4.832533114959998,4.1048594106600005,4.766897998400001
OCNT-2318522,VNHATLSVIPZWCF-UHFFFAOYSA-N,4.1933807420099996,3.9961965237200014,4.418828994610001,3.5440064880100004
OCNT-2318529,ROJMQXCYXDRWHC-UHFFFAOYSA-N,4.576023105190001,4.46835064418,4.439969979009999,4.30672751145
OCNT-2318536,KXNLLVASRWGPAE-CHWSQXEVSA-N,4.771997475210002,4.66304358534,3.707739862950001,4.3380926755
OCNT-2318549,TWIRHCAHDDBYNY-UHFFFAOYSA-N,5.351055657540002,4.580125376949999,4.328932800610001,4.36720375552
OCNT-2318583,LRWJIQBFQXCVOD-UHFFFAOYSA-N,5.001178176410001,5.027960814120002,4.22882764268,4.81964805502
OCNT-2318618,FBIXRJHKNHRXFQ-UHFFFAOYSA-N,4.873034883930001,4.5950621275399985,4.77422362438,4.462797878339999
OCNT-2318628,SSTBQYZOJAYQSM-UHFFFAOYSA-N,4.471942987539999,4.818341602450001,4.579992644799999,4.570093941220001
OCNT-2318639,MNPGBPBPRIRZDE-UHFFFAOYSA-N,4.2765112085100006,4.222388166240001,4.724650474979997,4.32945131801
OCNT-2318659,YKAIMSBMSJLSGC-YTPLPTRZSA-N,4.638973630610002,4.394775944159999,4.5200428733299995,3.9907092547699996
OCNT-2318675,SKJNEGPDPYJBMI-UHFFFAOYSA-N,4.049485455499999,4.829536548980001,4.262200916569999,4.013343677699999
OCNT-2328323,XYCMOTOFHFTUIU-UHFFFAOYSA-N,4.935204631180001,4.05734562981,5.111681290150002,3.845365922470001
OCNT-2328326,VYQNWZOUAUKGHI-UHFFFAOYSA-N,5.129044328430001,4.1873963217600005,4.250563439000003,4.389457494800002
OCNT-2328329,INDBQLZJXZLFIT-UHFFFAOYSA-N,5.491220232509997,4.090284339679998,5.00093645813,4.30282940567
OCNT-2328330,CPEUVMUXAHMANV-UHFFFAOYSA-N,5.1924287374399976,4.679624839670001,4.01373248575,4.23176009122
OCNT-2328331,GJSURZIOUXUGAL-UHFFFAOYSA-N,5.166196071140003,3.899174202260002,4.938649494420003,3.9395052681799996
OCNT-2328344,TTWJBBZEZQICBI-UHFFFAOYSA-N,5.1363918990299995,4.33855766593,4.908768942669999,3.9415372219199996
OCNT-2328376,KNHUKKLJHYUCFP-UHFFFAOYSA-N,4.937188680760001,4.163915525080001,4.15475228877,4.051818012280003
OCNT-2328380,AZFLJNIPTRTECV-FUMNGEBKSA-N,4.7636729725,4.4471265674500025,4.362754513400001,4.110198816249998
OCNT-2328402,KSGXQBZTULBEEQ-UHFFFAOYSA-N,4.454063699030001,4.758033931749999,4.75307190733,4.23849023904
OCNT-2328420,RHDJRPPFURBGLQ-UHFFFAOYSA-N,5.29058938001,4.055835262830002,4.7017998839,4.205303988000001
OCNT-2328449,HTQMVQVXFRQIKW-UHFFFAOYSA-N,4.651879256090001,5.0432723993299975,4.199145065339999,2.7839689289500003
OCNT-2328485,REYFJDPCWQRWAA-UHFFFAOYSA-N,4.979591896870002,4.2206257535,5.1235356649099995,4.3623034392400015
OCNT-2328496,IYIKLHRQXLHMJQ-UHFFFAOYSA-N,4.46443400362,5.000720023879999,4.792989328100002,5.04690262283
OCNT-2328518,OOGJQPCLVADCPB-HXUWFJFHSA-N,5.20410943525,4.56871190113,5.135704926890001,4.708664397939999
OCNT-2328533,CBEQULMOCCWAQT-WOJGMQOQSA-N,4.904823450410001,4.266036119130001,5.284266335859996,4.58049846167
OCNT-2328558,RDOIQAHITMMDAJ-UHFFFAOYSA-N,4.213658457359999,4.89119816573,5.240964658690001,4.915761447920001
OCNT-2328583,VLPIATFUUWWMKC-UHFFFAOYSA-N,5.2222421090700015,3.8494019599000016,5.03007242482,3.917668309210001
OCNT-2328648,JAUOIFJMECXRGI-UHFFFAOYSA-N,4.760913873459998,4.315327833029999,5.558476602130001,4.425923892499998
OCNT-2328663,SPIUTQOUKAMGCX-UHFFFAOYSA-N,4.61976862603,4.746031944509999,4.984135723900001,4.650950213230002
OCNT-2328691,GIKNHHRFLCDOEU-UHFFFAOYSA-N,5.023492909660002,3.4375283325000003,5.015379307539999,3.68100563492
OCNT-2328714,QVYRGXJJSLMXQH-UHFFFAOYSA-N,5.141381598920001,4.235620192009999,5.131342684619999,4.072181646660002
OCNT-2328731,ZBBHBTPTTSWHBA-UHFFFAOYSA-N,4.2586671760099994,4.64237993184,4.95344156058,4.64047006693
OCNT-2328745,NIVZHWNOUVJHKV-UHFFFAOYSA-N,4.84938270894,3.7877744242599998,5.02103107283,4.02552036722
OCNT-2328753,OBWASQILIWPZMG-QZMOQZSNSA-N,4.646888176340001,4.50902406591,4.693579614550001,4.555906275100003
OCNT-2328767,DBEPLOCGEIEOCV-WSBQPABSSA-N,3.7511729037499997,4.198235368690002,4.249393036910002,3.868111502000001
OCNT-2328781,MJIHNNLFOKEZEW-UHFFFAOYSA-N,5.158715142339999,4.8329674010699994,4.718885772779996,4.412485923340001
OCNT-2328788,VGKDLMBJGBXTGI-SJCJKPOMSA-N,5.252711474229998,4.588102866179999,5.566202304210001,4.5149365566299995
OCNT-2328794,MJVAVZPDRWSRRC-UHFFFAOYSA-N,5.173486636760001,4.027025074170001,4.269582462350001,3.4760670080399994
OCNT-2328798,NUVBSKCKDOMJSU-UHFFFAOYSA-N,5.380189058409999,3.63862909056,4.50121576581,3.2682592614400012
OCNT-2328820,GHMLBKRAJCXXBS-UHFFFAOYSA-N,5.056116024709999,3.492778212600001,3.968356771099999,3.2734843748400015
OCNT-2328824,VDNLFJGJEQUWRB-UHFFFAOYSA-N,5.331493380490002,4.99520227967,3.264149278290002,3.8741306504299984
OCNT-2328835,MBUVEWMHONZEQD-UHFFFAOYSA-N,5.042050010020001,4.675499476749998,5.045175298140001,4.763099947760001
OCNT-2328839,WSEQXVZVJXJVFP-FQEVSTJZSA-N,5.172075245260001,4.77650213463,5.149941291590002,4.853292416210003
OCNT-2328849,JVTAAEKCZFNVCJ-UHFFFAOYSA-N,4.11579945268,3.51544533661,3.8558182442399995,2.5460568216200006
OCNT-2328857,YQGDEPYYFWUPGO-UHFFFAOYSA-N,4.204085781870001,3.280708673880001,5.028504891250002,2.566939544959999
OCNT-2328864,ZEUITGRIYCTCEM-KRWDZBQOSA-N,5.423827823190001,4.59651089404,5.41593028742,4.7000580128900005
OCNT-2328892,XUIIKFGFIJCVMT-LBPRGKRZSA-M,4.86681859476,4.596458426659999,4.59194984426,3.5512573582500018
OCNT-2328916,ABJKWBDEJIDSJZ-UHFFFAOYSA-N,4.896980749220001,4.922530227229997,5.442096553720002,4.730376125530001
OCNT-2328938,WUZYKBABMWJHDL-UHFFFAOYSA-N,4.671332542679998,4.610771855279999,5.26156632986,4.690846364479999
OCNT-2328950,OUBMGJOQLXMSNT-UHFFFAOYSA-N,5.1535460327600005,4.510248036949998,3.8083145689000024,4.37505393353
OCNT-2328955,FPIPGXGPPPQFEQ-OVSJKPMPSA-N,4.429786782350002,4.607617978640002,4.23735210591,4.320776071550001
OCNT-2328993,RDJGLLICXDHJDY-UHFFFAOYSA-N,5.06290972019,4.28981961153,4.189218753320002,2.328330629629999
OCNT-2395287,RJJZTKVXXCCXQF-UHFFFAOYSA-N,4.5759190401900005,4.590755865520001,4.562897918200001,4.329117769790002
OCNT-2395290,UDVCSWPMFIKVAP-UHFFFAOYSA-N,3.9723069938800006,3.6621419861600013,4.734942726309999,2.834728581900001
OCNT-2395291,BGJFRMNKWBUDET-UHFFFAOYSA-N,5.214348584660001,4.762840559270001,4.91302355459,4.4373762247999995
OCNT-2395293,XOXUUFNTCJYHHW-UHFFFAOYSA-N,4.84515609996,4.426379091460001,4.575707811379998,3.985968692930001
OCNT-2395309,TXJZXCYMSCFYJB-UHFFFAOYSA-N,4.634614855820001,4.486277540059999,4.366718857219999,4.363504260139998
OCNT-2395315,YFEAWONHDZRTON-UHFFFAOYSA-N,5.012838133449999,4.8580999374900005,4.468040683849997,4.582396591720001
OCNT-2395323,PVCAHDNVFNPUKE-UHFFFAOYSA-N,4.388587635130002,4.8536493589299985,3.8105048665900005,4.642031687230001
OCNT-2395324,ADOOOKDJTDHGHX-UHFFFAOYSA-N,4.23463585476,4.163955132989999,4.207381118889999,3.78763903789
OCNT-2395331,FWGOMKHOFNHOSZ-UHFFFAOYSA-N,4.8853484825799995,4.830394448179999,4.491766489730001,4.52125719889
OCNT-2395332,VMKFDGZZTLOMLG-UHFFFAOYSA-N,5.38176874635,4.93590980089,4.064279215490001,4.863458864689999
OCNT-2395336,RRMQRUZATNRUIE-UHFFFAOYSA-N,4.29039851826,4.30332871379,5.05105224215,3.951860277709997
OCNT-2395337,XNAJDXNGXZSOOT-UHFFFAOYSA-N,4.738799407220001,4.408242394210001,4.551273324890002,4.5039456928999995
OCNT-2395362,MPFAPLWWRCZTHK-UHFFFAOYSA-N,4.498044986079999,4.906267909999999,3.9558746431099996,4.884601206650001
OCNT-2395370,UIDFVDUTWBJQGU-UHFFFAOYSA-N,4.25874998468,4.0331188623899985,4.9888729714,3.827392083710001
OCNT-2395374,XXIDEZIPVPUJRR-UHFFFAOYSA-N,4.60352691514,4.044461847329998,4.692299930260001,3.4426845944299997
OCNT-2395376,ORTWNJZUAIUYKM-UHFFFAOYSA-N,4.9470919372800015,4.93899941288,4.409136400049999,4.759825335300002
OCNT-2395377,DHOGCLBDWIPOBU-UHFFFAOYSA-N,4.524042769850002,4.5343621033199994,4.463480141529999,4.650950872349998
OCNT-2395379,KGQGNVXQLYFAOR-UHFFFAOYSA-N,5.083484914700001,4.72759747964,4.5272347550999985,4.41831836176
OCNT-2395394,JBGUJZDWPHNSHD-UHFFFAOYSA-N,4.346817398599999,4.51175383123,4.292235234180001,4.298967607279999
OCNT-2395395,GKBSFXJAHNHBDN-HWWDLCQESA-N,4.75016170773,4.67445060084,4.812866248290001,4.44515660226
OCNT-2395398,QBTKYQSQDNYSJW-UHFFFAOYSA-N,4.9528550098099995,4.611167932620001,4.728403625340001,4.08998529519
OCNT-2395399,DWOHXLUDTPAGGR-UHFFFAOYSA-N,5.021864766449999,4.135659667400001,4.6042600214,3.541579921109998
OCNT-2395403,NQCVIFUTOQVPDB-UHFFFAOYSA-N,4.6545327387899995,4.90304309091,4.65998086534,4.865767408129998
OCNT-2395404,MUXQTGKIVRSWAN-UHFFFAOYSA-N,3.8401143066600003,3.845245840010001,3.7913972125600024,2.7544721284000007
OCNT-2395407,WWLISLZNGXQQLF-UHFFFAOYSA-N,4.623798741830002,4.36184814811,4.508212973840001,4.273928136090001
OCNT-2395414,GUVDEBQYZLFNCP-UHFFFAOYSA-N,5.244893176990001,4.801088313260001,4.493385246929998,4.65426345317
OCNT-2395416,BMZLZQHDDRYCEU-UHFFFAOYSA-N,4.142143612539997,4.380991751360001,4.486644750089999,3.7833210203500003
OCNT-2395418,FSDPMVRINSSCJT-UHFFFAOYSA-N,4.161620933290001,4.59685697813,4.437401101549997,4.519913040060001
OCNT-2395428,YZZRKGPDASBVGM-UHFFFAOYSA-N,5.153446045259999,4.389973818910001,4.710028998399999,4.124157768669999
OCNT-2395431,MKSMCTOLENWCGA-UHFFFAOYSA-N,4.080994733420002,4.272916843350002,4.641583881199999,3.0608641425
OCNT-2395435,DXLJVPKHMCRJMN-UHFFFAOYSA-N,4.640718184689998,3.878761961679998,4.381498874360002,3.183240076659999
OCNT-2395437,PHDCPFQMZFUTAS-UHFFFAOYSA-N,4.819937931300001,4.272562829890001,4.4668323147299995,3.763494303140001
OCNT-2395438,STPVSAJYHZTWPV-UHFFFAOYSA-N,4.6116195149200045,4.15625928142,4.122755688070002,3.4803941558400013
OCNT-2395439,TYZSFHHKSSQPJU-UHFFFAOYSA-N,4.337377847830001,4.808582423309999,4.2569804416600014,2.631230235240001
OCNT-2395443,TVTPOERDJDYHCW-UHFFFAOYSA-N,5.143592665099999,4.619470913459999,4.718253327060001,4.721478443690002
OCNT-2395452,DMZMESXZSXERBS-UHFFFAOYSA-N,4.860605703600001,4.047619731660003,4.81486242291,3.7423331082100004
OCNT-2395455,CMOXMEILBPKQHC-UHFFFAOYSA-N,4.01380856794,4.269624795240001,4.221719201309999,4.212803584709999
OCNT-2395458,OXLGYDLAQVKNCK-UONOGXRCSA-N,4.085528060190001,4.324377048909999,5.153933167089998,3.6016935612599985
OCNT-2395466,RVBYSOSSNDRWFO-UHFFFAOYSA-N,4.173528996249999,4.436415462620001,4.48377368927,3.911318123840001
OCNT-2395471,ZAWLZKHAQFWKAY-UHFFFAOYSA-N,3.8973977237699984,4.224744933609999,4.460763813740001,2.4921867846300017
OCNT-2395481,ANKYSPAPZXZRKL-UHFFFAOYSA-N,4.595143176099999,4.360683982839999,4.445596117079999,3.2880971307099998
OCNT-2395489,NMVHDBFXWRCWPL-UHFFFAOYSA-N,4.188008075880001,3.9142925073900003,4.395539589019999,2.4949146674200016
OCNT-2395491,CMJHYIYEZVPEKX-UHFFFAOYSA-N,4.993919502639997,4.639410311080002,4.525296645069998,4.261250445340003
OCNT-2395495,LORROHMPLWAYJF-UHFFFAOYSA-N,5.099338877000001,4.911713900429998,4.2484037809899995,4.636017038560001
OCNT-2395496,PEZCWYOLOOOVQM-UHFFFAOYSA-N,4.73654183213,4.876587439820001,4.585301876009999,4.65732690097
OCNT-2395500,AATKRDLDTAZTJL-UHFFFAOYSA-N,4.980282015040001,4.740914343020002,4.780897114690001,4.51943637609
OCNT-2395501,FQOWCVFDUZFHLA-UHFFFAOYSA-N,4.897849001440003,4.944142431550001,4.301579007270001,4.984534189870001
OCNT-2395504,JDULGAIJOJJFGG-UHFFFAOYSA-N,5.034904245180003,4.776993890890001,4.550424176819999,4.361433947979999
OCNT-2395520,GODHPEISNMRQSM-UHFFFAOYSA-N,4.1882680846,4.4363547991,4.243823154020003,3.9876280720799993
OCNT-2395528,QWXPXVPCPNYPHO-UHFFFAOYSA-N,4.9831556504200005,4.76922318451,4.29887708997,4.573222933349997
OCNT-2395529,NRYADSRCTBFWRF-JBAPVGOWSA-N,4.349203184480001,4.417549448260002,4.806597856420001,3.930384521490002
OCNT-2395532,KTQKEHUXYRBZQZ-UHFFFAOYSA-N,4.80325824947,5.07025907397,4.647367365950001,4.996799381730002
OCNT-2395537,OWZIUSPJOOLACL-UHFFFAOYSA-N,4.465679164700001,4.61027822292,4.18116497581,4.246860540430001
OCNT-2395543,RUNGUEZWZTVFCU-UHFFFAOYSA-N,4.6435412002000005,4.541859526350001,4.169590713120001,5.09879288784
OCNT-2395548,WOULMLSTCVMSPN-UHFFFAOYSA-N,5.330006577619998,5.186456120929997,4.580531647719997,5.474093035539998
OCNT-2395556,FKDGSNNIFHGRKN-UHFFFAOYSA-N,5.018867780059999,4.708668061369997,4.257340220909999,4.21090104492
OCNT-2395557,JFXRKJJBUPVDID-UHFFFAOYSA-N,3.8413441029100013,3.829538094110001,4.476672583800002,3.6453624109100007
OCNT-2395566,YBCQCDKLRZBYPI-UHFFFAOYSA-N,4.225307344900001,4.375610931040001,4.888271364059999,3.9934624558300005
OCNT-2395569,HEPXFCPIBMRRBZ-UHFFFAOYSA-N,4.40427725139,3.9686435474599993,4.57193192043,2.913735567330001
OCNT-2395576,YXTNAXUFAGFNGO-UHFFFAOYSA-N,4.6926394039899995,4.464281936060002,4.956531587129999,4.24742921606
OCNT-2395582,DTWGQURLWJYWCB-UHFFFAOYSA-N,4.76092475912,4.7505143436,4.606099115270001,4.77597172495
OCNT-2395588,COBJIQXSNFUCNG-UHFFFAOYSA-N,4.452916748339998,4.425128379010001,4.8658997040899985,4.533860462000001
OCNT-2395599,GAJPAQZXVDIPFZ-UHFFFAOYSA-N,5.023691809350002,4.352851257300002,4.5944599951599985,4.1558398601399995
OCNT-2395602,INPVMHGBOBZEPM-UHFFFAOYSA-N,4.40934438665,4.925707490899999,4.20650922338,5.136621942870004
OCNT-2395603,SZQLDCNOSRKNKT-UHFFFAOYSA-N,5.16670392576,4.407000803750001,4.6059488232699985,4.358564799310001
OCNT-2395606,OYBCLJJKAIHXRC-UHFFFAOYSA-N,4.745822573920002,4.91124000227,3.5802477740300027,4.998847379800002
OCNT-2395615,OWDQVZHOEPSCRJ-UHFFFAOYSA-N,4.687924569500001,4.570017160039999,4.54511692865,4.068547646259999
OCNT-2395617,ZFLNQKJXJYGVKM-UHFFFAOYSA-N,4.077048103999999,4.74729141623,4.560849092480001,4.2852750873400005
OCNT-2395621,RQUJRQRACFINJM-UHFFFAOYSA-N,5.104257215210001,4.579687542390001,4.495788544090002,4.211918721770002
OCNT-2395627,NJTUJJIKAYUDGD-UHFFFAOYSA-N,4.410353004910001,4.894556588439998,3.8785313311700005,4.685415308500002
OCNT-2395631,YDVFKKIYGVLNGT-UHFFFAOYSA-N,4.751817664280001,4.866749057119998,4.006196186460001,4.9663648387000014
OCNT-2395638,DOHJYNWDMIJJRO-UHFFFAOYSA-N,4.28003527395,4.804954161549998,4.439135230310002,4.70653545293
OCNT-2395651,FFEDIEBSLQQKEK-UHFFFAOYSA-N,4.4157908249,4.410884755839999,3.9954276178900003,3.01302107666
OCNT-2395662,IRKYFFBPASUKKZ-UHFFFAOYSA-N,3.844591288950002,3.84389124943,4.453620452030002,2.2185235034
OCNT-2395670,ANKJZMOSISEFKF-UHFFFAOYSA-N,4.951501728809999,4.515004073819998,4.403113949060001,4.4426280465399985
OCNT-2395672,QOWDANZXWYEGPT-UHFFFAOYSA-N,3.735961302400004,4.1285930460600015,4.0120155100799995,3.55419547024
OCNT-2395675,RUTPHZIFPKYSDE-UHFFFAOYSA-N,3.72058506721,4.086761834740002,4.277031688699999,4.509683406810003
OCNT-2395681,ZHAARJLDFPNKLT-UHFFFAOYSA-N,4.953038500900002,4.566969610949999,4.335218788420001,4.04493515765
OCNT-2395682,YSXFALBFZPSVAY-UHFFFAOYSA-N,4.317554882040002,4.1658094946299995,4.4059986480700015,3.796368988630001
OCNT-2395683,FBNCMWHMXUYLJC-UHFFFAOYSA-N,4.067818761939998,3.928648704160001,4.85602148383,3.443517402740001
OCNT-2395687,OLRZPWDVYYEKGN-UHFFFAOYSA-N,4.6892385679,4.20690103759,4.421313871919999,3.4709773975199996
OCNT-2395689,HLGONRSHXFEINO-UHFFFAOYSA-N,4.693639138459999,4.48995502782,3.950767833770001,4.37436774146
OCNT-2395692,IOWRIDUXZXMMQU-UHFFFAOYSA-N,5.105404879890001,4.72579558892,4.13177555449,4.531517160050001
OCNT-2395696,ZWQZJLBSHIQICX-UHFFFAOYSA-N,5.093308553099999,4.61518630475,4.35556913817,4.144964387450001
OCNT-2395697,AVVYSOUEAQUFBT-UHFFFAOYSA-N,4.443772847519998,4.15761382458,4.591062802989999,3.0786447209300007
OCNT-2395704,CGPCPBSMPYTZMC-UHFFFAOYSA-N,4.737793462100002,5.131445159349999,4.06393559871,4.799084236399999
OCNT-2395706,SXDMWIXDSQCASC-UHFFFAOYSA-N,4.49071368682,4.4450787492299995,4.485825751899999,4.184746360259999
OCNT-2395712,SPZQDXGBZLHTIG-UHFFFAOYSA-N,4.3730497146800005,4.38517166551,4.702397754879999,4.134318974350002
OCNT-2395714,DUKICPCHQPYURE-UHFFFAOYSA-N,5.043272537889999,4.5857486415399995,3.9719234701699992,4.309376410719999
OCNT-2395718,ASTDCICFPQKUIL-UHFFFAOYSA-N,4.0280658149,4.143219661999999,4.3472366368,3.6324745585200016
OCNT-2395719,ARMHNKPKRVBKDE-UHFFFAOYSA-N,5.254606647510002,4.30339525448,4.31842056467,4.215023499590001
OCNT-2395723,JQVSAVSOQRGLPR-UHFFFAOYSA-N,4.07704052378,4.5403973318299995,5.147162058340002,4.08204260468
OCNT-2395726,JHKSVXWGJPSVPH-UHFFFAOYSA-N,4.74324209302,4.231682682150001,4.60062570281,4.14028359968
OCNT-2395729,ABBNLJTZTQVBCG-UHFFFAOYSA-N,4.989823291390001,4.514681503300001,4.580555444849999,4.425865507860001
OCNT-2395730,JHOHCIQEHBJHIY-UHFFFAOYSA-N,5.047550346260001,4.365252294589999,4.52983051162,4.0033159025
OCNT-2395739,MNLLGQAENHHBIN-UHFFFAOYSA-N,4.248202410419999,4.891030688759998,3.7899175021500002,4.681305011960002
OCNT-2395740,FOIRYFMSWXZVCR-UHFFFAOYSA-N,4.65524790341,4.707774251860001,4.55016017301,4.46517277254
OCNT-2395742,KIFQBAROWBDCDH-UHFFFAOYSA-N,4.551124979010001,4.477892744050001,4.55450636784,4.06044636151
OCNT-2395743,VTTWZHQHBBSLPE-UHFFFAOYSA-N,4.08809066504,4.2111667993,4.44249157259,4.225673490639998
OCNT-2395754,RDLVSGOVJOSIHV-UHFFFAOYSA-N,4.498169711760003,4.3395170075900005,4.526637391899999,2.45009965966
OCNT-2395758,VGKTZOSSNOYRLG-UHFFFAOYSA-N,4.919461534150001,5.003461594070001,4.24989771105,5.243495169580001
OCNT-2395762,SGCOMSXBUQWSBL-UHFFFAOYSA-N,5.19216274641,4.585777779439999,5.148401609699997,4.6483560868200025
OCNT-2395775,ZTFVHUMBZXGEFS-UHFFFAOYSA-N,4.583464493329999,4.403085398540001,4.634671876039999,4.179079537270002
OCNT-2395777,XHMRHVMVFSPYOG-UHFFFAOYSA-N,4.804337698269999,4.176443464210001,4.29574016626,4.031712702019999
OCNT-2395781,JNMBUNCAVAQQQX-UHFFFAOYSA-N,5.345207962299998,4.7745587708900015,4.740791871130001,4.769066078350001
OCNT-2395783,HZYLYVJGIBASSW-UHFFFAOYSA-N,5.080191084739997,4.518412224799999,4.59682870606,3.9459430650699994
OCNT-2395795,SCPRVCRZHVPKLD-UHFFFAOYSA-N,4.657727618759998,3.9873251739500004,4.68531700701,3.709700871289999
OCNT-2395796,FUKVXEGKZLQFNL-UHFFFAOYSA-N,4.700140180270003,4.82695956674,4.453987726119999,5.0211944830199995
