Molecule_Name,inchikey,CYP1A2_pIC50_direct_inhibition,CYP2C9_pIC50_direct_inhibition,CYP2D6_pIC50_direct_inhibition,CYP3A4_pIC50_direct_inhibition
OCNT-0021943,QZAYGJVTTNCVMB-UHFFFAOYSA-N,5.404330504029998,3.2150807618899995,4.547842042139999,3.458582693259999
OCNT-0022066,IENZQIKPVFGBNW-UHFFFAOYSA-N,4.06496034159,4.294064110220001,4.33790532873,3.9710416328200018
OCNT-0022127,LNEPOXFFQSENCJ-UHFFFAOYSA-N,4.706582100570001,5.248030763400001,5.174223972380003,5.062718967239998
OCNT-0022129,ZUXABONWMNSFBN-UHFFFAOYSA-N,4.64449810282,4.632097872140001,4.928850547729999,4.023147704930001
OCNT-0022141,KLBQZWRITKRQQV-UHFFFAOYSA-N,4.88941142433,4.7716616307700015,5.47749402506,4.81632071157
OCNT-0022234,YRCWQPVGYLYSOX-UHFFFAOYSA-N,4.917790212400001,3.05977594617,4.5640143131899995,2.7759230894000013
OCNT-0022246,ZEWQUBUPAILYHI-UHFFFAOYSA-N,4.862793375439999,4.768104313959998,5.255033531249999,5.038822384710001
OCNT-0022266,PWWVAXIEGOYWEE-UHFFFAOYSA-N,5.42915554079,4.53301998878,5.521160130719995,4.484607415899998
OCNT-0022268,WIKYUJGCLQQFNW-UHFFFAOYSA-N,4.85653616674,4.768766480209999,5.374312553300001,4.786851659679997
OCNT-0022314,FPCCSQOGAWCVBH-UHFFFAOYSA-N,3.290493819480001,4.261518270070001,4.55672677674,4.090253672009999
OCNT-0022316,VCKUSRYTPJJLNI-UHFFFAOYSA-N,4.138535103279999,4.066344537699998,4.503236172219998,3.254160823040001
OCNT-0200796,FBOZXECLQNJBKD-ZDUSSCGKSA-N,3.71538672979,3.484475836620001,3.9655870993700013,3.0596467710399997
OCNT-0319465,CDQSUAXVLAUUPS-UHFFFAOYSA-N,4.87433716086,4.520477167350002,4.54366934757,3.6298077454300017
OCNT-0478539,DRLFMBDRBRZALE-UHFFFAOYSA-N,5.43321869687,3.437609993640001,4.464671076230001,3.5600789234400008
OCNT-0483502,DOBMPNYZJYQDGZ-UHFFFAOYSA-N,5.27551358361,5.1627922690900006,4.1901737585599985,4.850031051869999
OCNT-0492977,PIXMJBOEBUQEEW-UHFFFAOYSA-N,4.284026528119999,3.9881803955999993,4.677070320350001,3.8096395868800013
OCNT-0493312,JCCNYMKQOSZNPW-UHFFFAOYSA-N,4.846515014290001,5.154172953000002,4.86533426823,5.141811240629998
OCNT-0493346,LPEPZBJOKDYZAD-UHFFFAOYSA-N,3.8303870947000003,5.0964658189,4.608542830850001,3.512959001960001
OCNT-0493951,KKZJGLLVHKMTCM-UHFFFAOYSA-N,3.9402314985599993,4.020738251760001,4.234725016510001,2.996170614249999
OCNT-0493990,MLDQJTXFUGDVEO-UHFFFAOYSA-N,4.9612857329599995,5.36846497518,3.871621084280002,5.321257500800003
OCNT-0494162,BFPYWIDHMRZLRN-SLHNCBLASA-N,5.01529842594,4.659906148730002,4.964116663419999,4.280044061329998
OCNT-0494195,YQNQNVDNTFHQSW-UHFFFAOYSA-N,4.466234950680001,4.00720162939,3.83684498227,3.6818564041500013
OCNT-0494638,RUDATBOHQWOJDD-BSWAIDMHSA-N,4.122388678340001,4.5387431645300005,4.9641824753399995,3.7996398859799996
OCNT-0494698,ZNNLBTZKUZBEKO-UHFFFAOYSA-N,4.371982395240002,4.989866957039999,4.374059055010002,5.104524675219999
OCNT-0495039,QIVBCDIJIAJPQS-VIFPVBQESA-N,5.02055354635,2.998399863759999,4.219047181499998,2.467366359640001
OCNT-0495153,OCJYIGYOJCODJL-UHFFFAOYSA-N,4.66505566123,4.936673857890001,5.4859064527699966,4.86963202775
OCNT-0495303,WHTVZRBIWZFKQO-UHFFFAOYSA-N,4.923854445240001,4.653095697440001,5.23343808349,4.3060993869400015
OCNT-0495620,KXGVEGMKQFWNSR-LLQZFEROSA-N,4.082259176070002,4.54442845,4.957949138779999,3.783295576599999
OCNT-0497934,YJGVMLPVUAXIQN-XVVDYKMHSA-N,4.203267477830001,4.495528302410001,4.28205827631,4.098590597180001
OCNT-0497954,WSPOMRSOLSGNFJ-AUWJEWJLSA-N,5.299620682130001,4.695400546559998,5.273693405450001,4.708097800969999
OCNT-0498064,RUZYUOTYCVRMRZ-UHFFFAOYSA-N,3.961056007219998,4.245606324310001,4.076657132599999,3.8669813509300006
OCNT-0498090,VKQFCGNPDRICFG-UHFFFAOYSA-N,3.910793055860001,4.9330107217300005,4.346119780229999,4.847664097899999
OCNT-0498121,JNMRHUJNCSQMMB-UHFFFAOYSA-N,5.336644189829999,3.5933994899199995,4.16935397464,3.427792005389999
OCNT-0498160,MBGGBVCUIVRRBF-UHFFFAOYSA-N,4.548935704279999,5.113448375179998,3.6097715638700003,5.097643532370001
OCNT-1411118,PBJUNZJWGZTSKL-MRXNPFEDSA-N,4.668270076360001,4.614009935869999,4.9777917499300015,3.7109323940599963
OCNT-1893991,JXZZEXZZKAWDSP-UHFFFAOYSA-N,4.933065460590001,4.8961734095899985,5.132830146249997,4.61182401566
OCNT-1893994,ZKMNUMMKYBVTFN-HNNXBMFYSA-N,5.00316495831,4.532519173819999,5.114673435130002,3.927249484809999
OCNT-1893998,RGOVYLWUIBMPGK-UHFFFAOYSA-N,5.203436971860001,4.595482366560002,4.723768235520001,3.9016050818699983
OCNT-1911794,LOUPRKONTZGTKE-LHHVKLHASA-N,4.536122591539998,4.59901287318,4.983299214489996,4.57479622493
OCNT-1965960,INWLQCZOYSRPNW-UHFFFAOYSA-N,4.8984788871900005,3.571585354610001,4.92696336924,3.790956168599998
OCNT-2308470,RQGVCACJTCSQTN-UHFFFAOYSA-N,5.35666994155,4.754704720690001,5.199097927469999,4.560041709989999
OCNT-2308474,RMOQOPSUZCJLMR-UHFFFAOYSA-N,6.022552754449999,5.198919420980002,4.553783179500002,4.722667127210001
OCNT-2308494,HNTSVSUJRBPIDS-UHFFFAOYSA-N,5.4798334853999995,4.66412359307,4.340443359369998,4.20621307193
OCNT-2308501,WCGOAKBBDHZUDP-UHFFFAOYSA-N,4.213307272830001,4.2754809901999975,4.944845800090003,3.9292589231300026
OCNT-2308504,WNVJJXBDZXMAAQ-UHFFFAOYSA-N,3.9176919263500003,4.187155572710003,4.688322518549999,3.648875270539998
OCNT-2308512,HJAMHWGDBJJRCC-UHFFFAOYSA-N,5.214437990870001,4.560075384730001,4.506551740050003,4.342903202900001
OCNT-2308529,KBIFFZFLJCHRSB-UHFFFAOYSA-N,4.628172302050001,4.259475060370001,4.614290960659999,4.008185059520001
OCNT-2308531,BZQFGNJQXVEMQC-UHFFFAOYSA-N,5.06038350627,4.928274349129998,4.717206980500002,4.540950807609999
OCNT-2308539,ZWRLRPADEBXZJB-UHFFFAOYSA-N,4.33768961375,5.0880468056,4.709846405780001,4.605452553410001
OCNT-2308543,AAUDAIVFRROHGC-UHFFFAOYSA-N,4.12057906838,4.114139860050001,4.366622426460001,3.66764882075
OCNT-2308553,PVLYROGYOCQWRM-UHFFFAOYSA-N,4.767824188400001,4.51858291174,4.4576335700600005,4.183659975440001
OCNT-2308560,KGGXLTJOCZBYMP-UHFFFAOYSA-N,4.426325649319999,4.700715354820002,4.6324183777700005,4.41495801499
OCNT-2308571,JBLWNFFRBGGQRJ-UHFFFAOYSA-N,5.50419290805,5.2886821718800014,4.261930944400001,4.862600178959999
OCNT-2308585,KOJVPCIQCXWRGV-LRDDRELGSA-N,4.083807051430001,3.87519593921,4.58107567642,2.5605279802199994
OCNT-2308594,DLIWZFLURZGWCN-AZUAARDMSA-N,4.670344860400001,4.9066940888899975,4.68996583285,4.703883119179999
OCNT-2308603,JLAOTGNFFLOXRH-UHFFFAOYSA-N,5.342783379919999,4.8934338694,5.084678302500002,4.7812004001899995
OCNT-2308624,HCZDJIDHWJKQNL-UHFFFAOYSA-N,4.8207423383,4.268065652949999,4.7046004010899996,3.65754371562
OCNT-2308626,HQIXODCYFGBKNG-UHFFFAOYSA-N,4.02603058513,3.9964374149400004,4.7181721005599995,3.048779729610002
OCNT-2308632,BNVYMBNZHADONN-UHFFFAOYSA-N,5.461821149980003,4.98562190189,4.156411130170002,4.691792402170001
OCNT-2308640,AAYXDSMALIOPQB-UHFFFAOYSA-N,4.556431697679999,5.355963446289998,4.095738797390001,5.2534002824099995
OCNT-2308649,NECXPRJZRYCKAT-UHFFFAOYSA-N,5.007754107299999,4.84438060657,5.07439712475,4.211255181300002
OCNT-2308656,SFFQJAZXVFNTET-UHFFFAOYSA-N,5.37930573844,5.2503297497800006,4.217048712040001,5.079344356130003
OCNT-2308660,KGJRVDOHNIXDMY-UHFFFAOYSA-N,5.885556646860003,4.938564670910003,4.9925691307300015,4.720361080930001
OCNT-2308682,JZKCGQFNKIROBD-UHFFFAOYSA-N,4.565365807209999,4.705932618390003,3.902864067759998,3.966621263000001
OCNT-2308687,BOENRGZTNSTROB-UHFFFAOYSA-N,4.397388723040002,4.648938901819998,4.4743672434300015,3.964405305870002
OCNT-2308689,RBIQMTORZFPEDR-UHFFFAOYSA-N,4.410080423770002,4.021611619319997,4.60613839167,3.7218718015700007
OCNT-2308693,JKRHRSTTXYTARO-UHFFFAOYSA-N,5.384366779510003,4.879047254469999,4.413578923320002,4.852314537010002
OCNT-2308760,CZPCBSYPEXOWNN-KXBFYZLASA-N,4.86209597954,4.711480672010001,4.57877150025,4.616866888400001
OCNT-2308768,SLVCIRWUTNDVDY-UHFFFAOYSA-N,4.99440565607,4.038288397719999,4.372425278889999,3.749718842070001
OCNT-2308794,FGQIIXMRZKWIQS-UHFFFAOYSA-N,4.85615492909,3.7870798016100014,4.898240533169999,3.5144993908999993
OCNT-2308803,JIFHBVQNLSIJPG-UHFFFAOYSA-N,4.975547234749998,4.562700895099999,5.0618851209799995,4.70992541262
OCNT-2308808,GCIKBYNGPPOSAR-UHFFFAOYSA-N,4.95472557521,3.79059668354,4.513282549279999,3.4067987562800006
OCNT-2308818,FZCCZRTVIJFQKN-UHFFFAOYSA-N,4.749127874850001,5.02880743582,4.779891291800002,5.080927779719998
OCNT-2308821,JAPPCCYAUPAWPQ-UHFFFAOYSA-N,5.021340371620001,5.0720636592299995,4.761396276550001,4.58069478757
OCNT-2308822,QECPZZNXERNMLC-HJWAUIETSA-N,4.120428270720001,4.216424686709998,4.788286511100002,3.885965252339999
OCNT-2308842,FQCKBCZETREUQU-UHFFFAOYSA-N,4.9479768041100005,4.697521659639998,4.983447028109999,4.40884327203
OCNT-2308851,ANWFMPNNWUQEGN-UHFFFAOYSA-N,4.29745300988,4.33976924946,4.629228815470001,3.6200231796899986
OCNT-2308852,JTEWTVFVNPJYQY-UHFFFAOYSA-N,3.913094990949998,3.7917077317200008,4.791979871600001,3.50238920536
OCNT-2308860,GENBLLCBSGBWSV-UHFFFAOYSA-N,5.6248645855999975,4.845357506239998,4.0519748481799995,4.077086487820002
OCNT-2308866,TZHCGVRZHACKPM-UHFFFAOYSA-N,5.1512678038700015,4.497863227960001,4.84099858894,3.7842979008200017
OCNT-2308872,PFOQBJFOBMXIFQ-OLZOCXBDSA-N,5.377843157430001,4.342268585640001,4.762900100729999,3.7824906162400014
OCNT-2308951,CFCALRFTJMJNCF-UHFFFAOYSA-N,5.053824512710001,4.511964405470001,4.6055686626,3.8271125407599995
OCNT-2308952,YRYRQKCRFQZBJZ-UHFFFAOYSA-N,5.1390224908699995,4.86122147519,5.07169331027,4.70844687563
OCNT-2308958,APCKBGSTXTVQIO-UHFFFAOYSA-N,4.8341374463300015,4.69254952624,5.02553426684,4.861046978309999
OCNT-2308997,GDMXBTJFBFUQPG-UHFFFAOYSA-N,5.354662671270001,5.233879958909999,4.913768617359998,5.14879732487
OCNT-2308998,SMUXAFUMKFMQDV-UHFFFAOYSA-N,5.184966331439999,5.15319956843,4.116264032520001,4.694910448400001
OCNT-2309004,CJEBHGVZWZPWSG-UHFFFAOYSA-N,5.106820240630001,4.542476259510002,4.856828107610002,4.1746704258900005
OCNT-2309012,CYDNTBXARFNHOK-UHFFFAOYSA-N,4.312622787060003,3.4861109102400003,4.7116389099200005,2.4477371595100017
OCNT-2309019,YVFXCMLVGKSGDB-UHFFFAOYSA-N,4.911742387650001,5.3755632218,3.997880522590003,5.348154687430001
OCNT-2309024,XSVIVDYCHPPUGK-UHFFFAOYSA-N,4.260829014380001,3.4820409687799994,4.071776564850001,2.358753444590002
OCNT-2309042,MLWJNKOKQZCQFM-UHFFFAOYSA-N,5.3799390235499995,4.1892544228,3.7707389129399984,3.0821379291600004
OCNT-2309070,CFGZXKWGGSEENY-UHFFFAOYSA-N,5.192138514879998,4.00685840111,4.04894423308,3.2443443737
OCNT-2309134,WOGAEFGJGCXZAZ-UHFFFAOYSA-N,4.044056348560001,3.67309894735,4.277087620660002,2.9699267381299976
OCNT-2309139,XEASEVMEKOGXHQ-UHFFFAOYSA-N,5.475491696149999,5.067874456800001,5.282023638529998,5.16777914863
OCNT-2309149,HOLZORPNZUZFLM-UHFFFAOYSA-N,5.18422198813,4.574471978850002,4.505763184110002,3.821730734300003
OCNT-2309151,QJWGFXLKMHWCMY-UHFFFAOYSA-N,4.934522681100001,4.68684899247,4.598734422389998,4.735306567999999
OCNT-2309164,PNCMDCHZNMXPME-UHFFFAOYSA-N,4.711235920620003,4.39321088153,4.657443296950002,4.14889458995
OCNT-2309175,QTYQHQWTDLCRNC-UHFFFAOYSA-N,4.537957206049999,4.830722837829998,4.83326950171,4.630289742489999
OCNT-2309179,BWWQNTFNKYNBID-UHFFFAOYSA-N,5.535269833270004,4.971402043310001,5.367781785969999,4.849660289130002
OCNT-2309196,AWUCBRVUTSPZQP-UHFFFAOYSA-N,3.6327249470700003,5.14291230756,4.58069812963,4.72824832582
OCNT-2309207,FCZNJMSICLCNRK-UHFFFAOYSA-N,4.33020690145,4.48103655892,4.662565511009999,4.206003049360001
OCNT-2309232,MKUCLUPMYFFFGY-UHFFFAOYSA-N,4.911230142760001,4.593755704330002,4.849362697369998,4.363384067549998
OCNT-2309246,HZJAEDMXWJCPPZ-UHFFFAOYSA-N,5.111106040020001,4.864888714859998,4.6635473603600035,4.73599265027
OCNT-2309266,ORECJXVOVYEVDN-UHFFFAOYSA-N,4.861025733709999,4.347532578800002,4.3964359601,3.667716761270002
OCNT-2309274,ZXIVUUXCTPHHAO-UHFFFAOYSA-N,4.326401419330001,4.693282329049999,4.568192815670001,4.801207864619999
OCNT-2309279,TXZYYKDEFUKJEH-UHFFFAOYSA-N,3.9518671714200013,3.51459056059,4.659658636809998,2.69883267166
OCNT-2309286,CKULYSVCWINHRD-UHFFFAOYSA-N,4.838301717000003,4.8690544225100005,4.4645740519200015,4.11809436924
OCNT-2309290,BILGZUNWWFGLCD-UHFFFAOYSA-N,4.532830567550001,4.8745749082100005,4.793575342969999,4.594696378070003
OCNT-2309299,GAABTIDOVCUIJA-PIVQAISJSA-N,4.54070461681,4.214414642229999,4.757428368009999,4.392269745879998
OCNT-2309323,SOPSTNOHBNLMBW-UHFFFAOYSA-N,3.4951998258700003,4.25134901679,4.421109966219999,2.8660132790200015
OCNT-2309324,QQISPTBFJAYJMO-UHFFFAOYSA-N,4.9160262036299995,4.559433653720002,4.970389402930002,4.432931252850001
OCNT-2309338,FDGYVGAIXDSNLL-UHFFFAOYSA-N,4.5167947792400005,4.849828214449999,5.112854993089999,4.785158294349998
OCNT-2309345,AKNWHDZNSOSXGU-UHFFFAOYSA-N,5.094671466310004,4.57587488081,4.728114058029998,4.331277574390001
OCNT-2309347,SCYVZKJFARRCOF-SKDRFNHKSA-N,5.091235147960001,4.23029753733,4.702198741649998,4.11318793059
OCNT-2309366,NUDCKBSXSMSSHR-UHFFFAOYSA-N,4.373237968400002,4.77547422853,4.575628119129999,4.490756106859999
OCNT-2309376,GBUSLTPPAQKFHD-UHFFFAOYSA-N,5.74679568937,4.896559044380001,4.24685664017,4.37888253336
OCNT-2309395,ZRPRJIZEXFJPDS-UHFFFAOYSA-N,4.380594138050003,4.144807548759999,4.516717418560002,3.1365261834000004
OCNT-2309415,SZIZNFZWYZMKGP-UHFFFAOYSA-N,4.77622866169,4.0171787717,4.739573644200001,3.1985219178000004
OCNT-2309434,FKZOSNVMEGROHU-UHFFFAOYSA-N,4.519132453209998,4.483596190629999,5.0459034873799995,4.610560290280002
OCNT-2309443,LTXRCYPELJYQOB-UHFFFAOYSA-N,3.660239920939999,4.71260599535,4.20262007424,4.66528986837
OCNT-2309447,SRJYGDXJLJWAOP-UHFFFAOYSA-N,4.876745581360001,5.1582408523000005,3.8965854985500004,5.19033604759
OCNT-2309448,PYIWSJVAJVCDJD-UHFFFAOYSA-N,5.348177006009998,4.87194947062,5.049532517589999,4.801038730869997
OCNT-2309458,VRHSIWRFSPQEBM-UHFFFAOYSA-N,4.6972909061099966,4.6616272398300005,4.609911214549999,4.564727028299999
OCNT-2309469,CEXGDSRWXPGELQ-UONOGXRCSA-N,5.7654392663,5.1272706554399985,4.608959548550001,4.8977931019300005
OCNT-2309492,YRYCNCAAIQZHCQ-UHFFFAOYSA-N,4.51502666957,4.55317729617,4.611240335649999,4.105584740700001
OCNT-2309498,NZGXZMLTWAOIJJ-UHFFFAOYSA-N,4.0131751031,3.904072562030002,4.488575997000001,3.4867536937800003
OCNT-2309505,VHRWMNXPYKUVDY-UHFFFAOYSA-N,4.206776731670001,4.40978282225,4.924068858890001,4.355659684539998
OCNT-2309520,PQDNSHRLKSHCPF-IUODEOHRSA-N,4.03141311582,3.780611918990001,4.557779002970002,3.6497296256899987
OCNT-2309524,OQWALVNPZPFZNB-UHFFFAOYSA-N,4.430615552580003,4.430785373949999,5.136245782290001,4.141255427990001
OCNT-2309550,TUNYSDUUJNGBOO-UHFFFAOYSA-N,4.32444585733,4.20238022553,4.072190666590001,4.0474937533099995
OCNT-2309560,UGLQFTQKYFIXRS-UHFFFAOYSA-N,4.301298805820001,4.430086756919997,4.780100515969998,3.41139204367
OCNT-2309567,WUJHRFRBGPBFFB-UHFFFAOYSA-N,4.837317929640001,4.858008623979999,4.96113683642,4.63769920567
OCNT-2309576,VJOLPRXCRRLZKY-UHFFFAOYSA-N,4.622863315210004,4.8059179002,4.839831094879999,4.69934238078
OCNT-2309581,XAKQUAVVZRFGRT-UHFFFAOYSA-N,4.2446168014,3.6941268440999995,4.643476918729999,2.9891992811699994
OCNT-2309593,ICQPYVZPTBHWKX-UHFFFAOYSA-N,5.048783936240002,4.8550025572400015,5.025098772550001,4.87509228013
OCNT-2309596,IXNDBORQXCOCSN-UHFFFAOYSA-N,4.617991583540001,3.9191980920499976,4.515404472549999,3.97997030454
OCNT-2309598,XWCLCJYWVJRTHA-UHFFFAOYSA-N,4.530315517710001,4.07143327008,4.45178085012,2.3836493432900014
OCNT-2309599,PZBMCIRQTJSXEM-UHFFFAOYSA-N,4.82124092539,5.151091828740002,4.4236843638700005,4.933733892940001
OCNT-2309603,NJASTDRCXHCKCI-UHFFFAOYSA-N,3.7306041984300014,5.362852544580001,3.8755455225500013,5.236057433520002
OCNT-2309606,MFIXXYBDPKWHOV-UHFFFAOYSA-N,4.5908155756000015,4.747858964979998,4.663255681230002,4.6793604022299995
OCNT-2309655,RXWSOBRRXFTSLA-UHFFFAOYSA-N,4.69470274728,4.406087946030001,4.988458682659999,4.207704998359999
OCNT-2309659,QDMSJHDEIZETOH-UHFFFAOYSA-N,5.735031611059997,5.538108011440001,4.14497608885,5.299700229429998
OCNT-2309661,RSUDJUKPYSQPJM-UHFFFAOYSA-N,5.597239405490002,5.0683671348400035,4.04972719351,5.15458484595
OCNT-2309663,BBRIXFTZIRVEEF-UHFFFAOYSA-N,5.433914719650001,5.431438887510001,4.052542133830001,5.1902142333700025
OCNT-2309686,XQSMMYKKUBTICB-UHFFFAOYSA-N,4.090566569669999,4.930629243069999,4.452413775149999,5.054806738330002
OCNT-2309704,QMUPVRYCKBCCRT-UHFFFAOYSA-N,4.709335902969999,4.42709929685,3.844922463990001,3.665224213580001
OCNT-2309709,TUNHMOUQIPHTBW-UHFFFAOYSA-N,4.0485192250800015,4.2920860048900025,4.8224716713,3.0773078942799996
OCNT-2309734,XKOYXYRROUYVSA-UHFFFAOYSA-N,4.075524442360001,4.11948625101,4.176324900160003,2.945928797020001
OCNT-2309742,PDQLPNSIVZNUDK-UHFFFAOYSA-N,4.64363229711,4.37196125889,3.85421507938,3.5560051584100005
OCNT-2309746,ZRDDUQNCPHKPCT-UHFFFAOYSA-N,4.981389187520001,4.344027207499999,4.4061334305000015,3.1161169420199997
OCNT-2309768,OOPGWPZBSRALIG-UHFFFAOYSA-N,3.9445867933400014,4.19717357322,4.83872382913,2.9459383950799998
OCNT-2309776,JEIGWQHMZMNNGN-UHFFFAOYSA-N,4.670516383769999,4.470282331709999,5.1381593043599985,4.31479779086
OCNT-2309800,GIFUCGYPMBHNPM-UHFFFAOYSA-N,4.421476319470002,5.468160062890002,4.734497810839999,5.0268265880700005
OCNT-2309801,LTKHJAAHPNJLHY-UHFFFAOYSA-N,5.17269785396,4.656238431589999,4.80300218287,4.489354323769999
OCNT-2309809,JZKURPYQVDAOOL-UHFFFAOYSA-N,5.227729712659999,5.215288568239998,4.731695417199999,5.08749149468
OCNT-2309811,GAAAACRGNMPWJY-UHFFFAOYSA-N,5.45745329531,4.758632087950003,4.4625243612,4.543392761549999
OCNT-2309844,GGSBXNSPXLOOHI-UHFFFAOYSA-N,4.745489379140002,4.5735151941700005,4.868884213779999,4.746024696350003
OCNT-2309846,FGUQAYRHKXYOTM-UHFFFAOYSA-N,4.6781470120699975,4.90008901031,4.790971955209999,4.7472383248100005
OCNT-2309877,YKVLNDDAPLQHQD-UHFFFAOYSA-N,3.6194274640100015,4.285786870919997,4.472409278829999,4.014504691179999
OCNT-2309905,LVJWCKKQYYBYRC-UHFFFAOYSA-N,3.5793968381200005,4.613266113909999,4.635798568589999,4.777027689340001
OCNT-2309918,SVDYMXAJCOKQLE-UHFFFAOYSA-N,4.61112739878,4.51462494877,4.16480542855,4.046327770210002
OCNT-2309920,OXVAKGJWUUTGGP-UHFFFAOYSA-N,5.239231513269999,4.804800446059999,3.796206613309999,4.8461516164399985
OCNT-2309926,LECHJNCDFRJREW-UHFFFAOYSA-N,4.8933347106800005,4.30527711392,4.843130763110001,4.29627318046
OCNT-2309942,AAJANOIUSFNLGX-UHFFFAOYSA-N,4.5451347595900025,4.30173549414,4.894088719339999,4.608686825210001
OCNT-2309950,UWGSRPLGVVOCMK-UHFFFAOYSA-N,5.543270664439998,4.72880348142,4.246315448529998,4.4260241146900015
OCNT-2309955,KAIXLFHXPRCWAS-UHFFFAOYSA-N,4.197209300980001,4.049104826790001,4.943611790510001,3.5819032154499997
OCNT-2309987,ZPRQFKSHIREKOP-UHFFFAOYSA-N,4.619854765239999,4.86786849385,4.868535280500001,5.163116453349999
OCNT-2309993,HJDIMWOEKKJXFJ-UHFFFAOYSA-N,4.0416645837099985,4.489626201689998,4.511923599769999,4.21383489005
OCNT-2310008,YZDDODJEXHDWEE-UHFFFAOYSA-N,4.638475251690001,4.721833462349999,4.443966005139999,4.520253337959999
OCNT-2310021,YXVXGYRWFHPXRG-UHFFFAOYSA-N,5.404380479850001,5.134005430649999,4.210320899639998,4.480009497969999
OCNT-2310024,YDDBBPMIFIWYPM-UHFFFAOYSA-N,4.799094555760002,4.121990355570003,5.100039643629999,4.0935941727100005
OCNT-2310036,YUSOQWDLAGAIHW-UHFFFAOYSA-N,5.567188263050001,4.988555678,4.145593249539998,4.704463874429999
OCNT-2310041,OQNCBOFIXGDOFI-UHFFFAOYSA-N,4.413875363590003,5.1741497260200005,4.131896034820003,4.769956735250001
OCNT-2310043,ZSKKBENNGKLPHJ-UHFFFAOYSA-N,4.683724913250002,4.17586995215,4.794159356959998,3.992941017810003
OCNT-2310072,RPIPASCIKGRQNW-UHFFFAOYSA-N,4.906251020850004,5.278214258759999,3.915288028939999,4.920045656850001
OCNT-2310094,QLJSPTQLWJJXDU-UHFFFAOYSA-N,5.022052083700001,4.277583988810001,3.95625789874,3.1690935780999996
OCNT-2310110,ZLNSOSPUFUUSJT-UHFFFAOYSA-N,4.44630900642,4.281275325320001,4.62855952428,2.66076967979
OCNT-2310119,OPPFQRUPYDGASZ-UHFFFAOYSA-N,5.419507132019998,5.125141195919997,4.706276579520003,5.210720681150002
OCNT-2310121,OSVJTIWAVNSEQH-UHFFFAOYSA-N,4.173385693060001,3.972796130440001,4.759169183900003,3.1050250494500005
OCNT-2310123,GJSIXZKKNDJEAL-UHFFFAOYSA-N,4.552033985270001,5.15577001241,4.686640859120001,4.993081565499999
OCNT-2310131,KTFISXUNCYDJBB-UHFFFAOYSA-N,3.9073792768500004,4.09000106238,4.597028741039999,3.0810011519800007
OCNT-2310137,HJSCMXIXVZQQOK-UHFFFAOYSA-N,4.4486680519599995,4.791876357570002,4.73446108248,4.8636441441199985
OCNT-2310144,HZHXSHXBAHLQCN-UHFFFAOYSA-N,4.601029488240001,4.682942368300001,4.9739144940400015,4.614867151420001
OCNT-2310155,HKZQTGCONNDGDA-UHFFFAOYSA-N,4.968872184050003,4.572927752660001,4.83090338702,4.0426379866500035
OCNT-2310156,ZRNDQMAKMCTGGO-UHFFFAOYSA-N,4.970835832120003,4.6564767430300025,4.23013225862,4.179588441839998
OCNT-2310157,LVUXIUDKFQBCBA-UHFFFAOYSA-N,3.9567639938800014,3.9434561087800013,4.89684891307,3.4935540950900004
OCNT-2310192,IETCJVWWRSDVEL-MRXNPFEDSA-N,3.873501099780002,4.08910937311,4.49891247465,2.9190606319999994
OCNT-2310199,BMDUEAJNHZCKOW-UHFFFAOYSA-N,5.174669004809999,4.274365120269999,4.4932819211699995,4.118274706829998
OCNT-2310202,AIOAUDKSZPZHDV-UHFFFAOYSA-N,5.539822773719999,5.417863359,4.043013649740001,4.95838049257
OCNT-2310216,AJTSNWUPSBKAJK-MRVPVSSYSA-N,4.8828822181500025,4.049503616320001,4.541386056450001,3.4804067351600003
OCNT-2310225,SOWHXMPYVHVKNM-UHFFFAOYSA-N,4.557540419880004,4.07705274324,4.586444008479999,2.622800699530001
OCNT-2310227,UFIOPUNMLAUYND-UHFFFAOYSA-N,3.9482397224700008,4.1643600564100005,4.751614696600002,3.3854925479
OCNT-2310261,TWKXRJAUKSDMNC-UHFFFAOYSA-N,5.23460348126,5.309962646449998,3.25683756029,5.055598143140001
OCNT-2310265,NQKFCFZXAAUFSR-UHFFFAOYSA-N,3.696445607269999,4.147315837609998,4.72418722665,3.96810792735
OCNT-2310319,LRCVBALEVVGLFE-UHFFFAOYSA-N,5.217232313819998,4.7969840491600015,5.03005733744,4.881038825299998
OCNT-2310323,MBYHTKURRZPUOJ-CQSZACIVSA-N,3.6469565416599994,3.7392278269899997,4.66513078139,3.12147199363
OCNT-2310327,NANLFGLVROKLFB-UHFFFAOYSA-N,4.994226100940001,5.145702228390002,4.7217689507800005,5.132962829719999
OCNT-2310342,FTPBHHGBIJXPBQ-UHFFFAOYSA-N,5.00831618236,5.392928613809999,3.883716315260001,5.169083377200001
OCNT-2310346,CCWBISGBXAFNFY-UHFFFAOYSA-N,5.076722326129999,4.25338749154,4.788313999190001,4.04498162127
OCNT-2310350,IULOBWFWYDMECP-UHFFFAOYSA-N,4.74032041892,4.4904880569399985,4.16896973232,2.418780980120003
OCNT-2310383,FJNCYMDRTAXCFI-UHFFFAOYSA-N,5.201596818879999,3.932178962889999,4.4655383194,3.6826534001500004
OCNT-2310396,GPUPVYRGIRMSAG-UHFFFAOYSA-N,4.158926288220003,4.918879965709998,4.67894424079,5.134536775819998
OCNT-2310404,NOKWLBSHOIIUFJ-SAABIXHNSA-N,4.931165572570001,5.066682769090001,4.573366129720002,4.885070872979998
OCNT-2310431,GFTTWKOXOFWXTR-UHFFFAOYSA-N,5.06800897619,4.715281621289999,4.73857627246,4.288585583039998
OCNT-2310432,CNIMFKSPIWBXRR-UHFFFAOYSA-N,4.863395054679999,4.86623423588,4.747828407169999,4.9465741018
OCNT-2310438,YFMFZOQOJHZEAM-UHFFFAOYSA-N,4.321910554229998,4.943986076539999,4.523428338160002,4.5172052138
OCNT-2310448,LEQOABJBJQUSIJ-UHFFFAOYSA-N,4.385651312,4.760204581820001,4.2104771978799995,3.8189367342999976
OCNT-2310458,SYXTXXKDVIEGLV-UHFFFAOYSA-N,5.42457227868,5.4265559216499994,4.682636000230001,5.602735246110001
OCNT-2310470,CSLBMVDUODQHOM-UHFFFAOYSA-N,4.618466093600002,5.132119442849999,4.9472080186700005,5.123487435519999
OCNT-2310498,IUGBKTDUGLZNFN-UHFFFAOYSA-N,4.35060390272,3.9557178629600016,5.244866951239996,3.8783192877
OCNT-2310511,HIOBZJFAABUCKU-UHFFFAOYSA-N,4.961957419400001,4.7504475307,4.651259523130001,4.53297613577
OCNT-2310522,SHFKEHYHFQIENX-LBPRGKRZSA-N,3.4259861341000004,3.920106188140001,4.7005842427200015,2.8758765657699996
OCNT-2310576,CSWBZQAJADZJPJ-UHFFFAOYSA-N,5.36249376546,4.605748631650003,4.17527433648,3.981803530770001
OCNT-2310580,XVRHQCGPDQBZJL-UHFFFAOYSA-N,4.886256084719998,4.920411451630001,5.250073937940001,4.98758219682
OCNT-2310589,FUJRKPHFQJPPJN-UHFFFAOYSA-N,5.0438314225,4.772919557610001,4.7710690318600015,4.646240064009999
OCNT-2310613,FNSPOGKBLVJSPX-UHFFFAOYSA-N,4.708176397240001,4.489588839799998,4.86732508625,3.9112833651400005
OCNT-2310630,KZSUIFPZSDMWRV-UHFFFAOYSA-N,4.738574140800001,4.000603549470001,4.2687516314,3.278173781839998
OCNT-2310634,AZIRSKUMMWCLMP-UHFFFAOYSA-N,4.2740812636099985,4.630253370139999,4.908817531289999,4.585011576310002
OCNT-2310640,MOGCAEVCBIAYAG-UHFFFAOYSA-N,4.9009162241199995,4.058250642310001,4.706092708659999,3.449655204979999
OCNT-2310641,YKXGBOCHBJEVRD-UHFFFAOYSA-N,5.14080746931,4.391459940100001,4.539067623299999,4.21004521745
OCNT-2310648,LVKGJVDHSRWRLM-UHFFFAOYSA-N,4.58675280025,4.8006537173599995,4.6723030367200025,4.782423421380002
OCNT-2310653,BSJLYSNMYGWDGZ-UHFFFAOYSA-N,3.68669752644,3.6059459938999994,4.62168271519,2.696094520590001
OCNT-2310658,GXPGHNGKEYVVSJ-UHFFFAOYSA-N,4.25559399802,4.123438757550001,4.68811681595,4.0422428023800006
OCNT-2310680,AXXIEJDVBYZXLK-UHFFFAOYSA-N,4.333055713489999,4.888908820269997,4.749092875409999,4.80546714271
OCNT-2310685,SRJUQDSPYDJJMF-UHFFFAOYSA-N,4.685146503810001,4.40780064795,4.83492221221,4.550330613159999
OCNT-2310690,HCYSRWCEBFYUAA-CQSZACIVSA-N,3.9935156756300008,4.269848945319998,4.6318681007,4.434063139569999
OCNT-2310693,RSAHXYUKVAIXGK-UHFFFAOYSA-N,4.693061254620003,3.886523480379999,4.622868785379998,3.4250911607399996
OCNT-2310698,HAVCMUREFRIDQM-UHFFFAOYSA-N,4.797581287270002,4.4900661419500025,4.61769898931,3.9131655833200023
OCNT-2310707,RZGDXDYNQPUJNA-UHFFFAOYSA-N,3.982688687870001,3.3996388917700004,4.642892859109999,2.4357500592099997
OCNT-2310716,BZLXGFYLRNUUNG-UHFFFAOYSA-N,4.837244374830002,3.9310410568600007,4.71058969787,3.9826912982199985
OCNT-2310717,BOWLVPUQMMJWEC-UHFFFAOYSA-N,5.31477524309,5.066177530230001,4.475656323099999,4.583404476490002
OCNT-2310726,GOHPXULFFDBKGC-UHFFFAOYSA-N,5.1720715130300015,4.644010272489998,4.469634470460003,4.461492530820001
OCNT-2310747,MOMOPKAZNASMQJ-UHFFFAOYSA-N,4.002901210889998,4.489719457350002,4.603328513270002,3.9022482653400017
OCNT-2310751,KZIDFUMZLWTNPB-UHFFFAOYSA-N,5.017671306850001,4.82397134584,4.625674978880001,4.774864272690003
OCNT-2310755,BIGAOOHPAKZTOZ-UHFFFAOYSA-N,4.827784566140002,4.6669334652000005,4.8832838268800005,4.0870884589599985
OCNT-2310779,LWTKTABHWXYFOZ-UHFFFAOYSA-N,5.0097390861100015,4.394160922499999,4.60438154996,4.02113151173
OCNT-2310797,WRRMQFMQWRSQBI-UHFFFAOYSA-N,3.900854675969998,4.42845436499,4.566412296570001,3.71117973069
OCNT-2310804,IWKOXNCMURNVKR-UHFFFAOYSA-N,4.601018117639999,4.4493252821199984,4.844560640119999,4.3541788501299985
OCNT-2310808,JZLNLPFYEPHWQX-UHFFFAOYSA-N,4.35474950905,4.204975330489998,4.707452602980002,4.785923219430002
OCNT-2310822,PAZGEARGQQZYLI-UHFFFAOYSA-N,4.72781804757,4.543260418350003,4.683733734839999,4.41171652454
OCNT-2310829,WIPMLMLIKXSIFW-UHFFFAOYSA-N,4.707818070750001,4.233328121489999,4.61754920181,3.97599356635
OCNT-2310839,HZOOOFYSGYSMTG-UHFFFAOYSA-N,4.709007363750001,4.45207464688,4.609007216349999,4.207982237870001
OCNT-2310843,UHBYZUKYPMONRO-UHFFFAOYSA-N,3.980483960680001,4.264195268249999,4.761990067389999,4.414211111579999
OCNT-2310859,RUVLBPWZPKTFQY-UHFFFAOYSA-N,4.4509863682200015,4.622742159240001,4.87282039371,4.47474963648
OCNT-2310880,UPACZLZVVYCCPQ-UHFFFAOYSA-N,5.211799283700002,4.584104338569998,4.687205713390003,4.44930152749
OCNT-2310901,HDXXWIMMIYDYQO-UHFFFAOYSA-N,5.885404480379999,4.79141078427,4.596035390230001,4.1327600880199995
OCNT-2310935,PYENDQAOQUXIML-UHFFFAOYSA-N,4.742918286880001,4.8441116586,4.816575183340003,4.783307474980001
OCNT-2310939,FMPOGJMGFDQNLR-UHFFFAOYSA-N,3.6187383009100023,4.375128094689999,4.695522740759999,4.232771974040002
OCNT-2310945,ZCFOZFFAVPLQDU-UHFFFAOYSA-N,4.7727517010800025,4.279093829439999,4.8267767189,4.154193742230001
OCNT-2310948,WECBRMODQWSFSC-UHFFFAOYSA-N,3.594710801889999,4.11654581969,4.6351184815,2.9191571742700004
OCNT-2310953,JNUPUTJOTQNJHS-UHFFFAOYSA-N,4.91159642199,4.76245302308,4.7718275966400014,4.698808850929997
OCNT-2310955,ZNYHVNPTYPXHIV-UHFFFAOYSA-N,4.58771822609,4.2628948103400015,4.68079533734,3.9987714479600016
OCNT-2310971,QUMDTFYGSJHRPL-UHFFFAOYSA-N,3.7946992669999986,4.13869286066,4.232306692930001,3.1685519831399995
OCNT-2310979,ZNZJGCOJFHWZII-UHFFFAOYSA-N,5.527836437780001,4.814687059320001,4.79544745017,4.61614005179
OCNT-2310997,SIPWPCZRIOWTLN-UHFFFAOYSA-N,4.124792408309999,4.575271394899999,4.955797072469999,4.1578508689700024
OCNT-2311017,HGMVMOMRKMPRSR-VHSXEESVSA-N,5.11309737386,3.887771654309999,4.525510219180001,3.3003815721499996
OCNT-2311028,MQXPCGHXWRPKCK-UHFFFAOYSA-N,4.037969949250001,3.70591344757,4.82266640959,3.051004139649999
OCNT-2311032,KXQCKBJACHMFEZ-UHFFFAOYSA-N,4.73784701209,4.8183147381700016,4.8201135490099976,4.534874238479998
OCNT-2311050,RRHHUYUAXCKIRN-UHFFFAOYSA-N,3.6268022721700004,4.62789517821,4.542597762989999,4.584833525469998
OCNT-2311059,IADLBRMVZTZASR-UHFFFAOYSA-N,4.848715928320003,5.280600010510001,4.743805258630001,4.997524749150003
OCNT-2311060,FEGQQHPUTSRZAG-UHFFFAOYSA-N,4.007982995850001,4.212949431799998,4.396696501229999,4.301174838200002
OCNT-2311061,YAHHSHNEDFLSFO-UHFFFAOYSA-N,5.108041377969999,4.91593415819,4.704048985299997,4.725556930990001
OCNT-2311086,LHTZKKBQVHDQAX-UHFFFAOYSA-N,4.51036676804,4.41516212613,4.81562545446,4.222977961250004
OCNT-2311091,NLPVWZDQUHNWNN-UHFFFAOYSA-N,5.754649399300002,4.889842615839998,4.399614285629998,4.479898032010003
OCNT-2311102,OPNWCLOHWSTTAH-UHFFFAOYSA-N,4.5649279246000045,4.316693263900002,4.364116826419998,3.56414581283
OCNT-2311106,XKPXTMLDEUTWQU-UHFFFAOYSA-N,4.434757217050004,4.289611256179999,4.888664369049999,4.00087816057
OCNT-2311133,DAOAPMJKVUJXID-UHFFFAOYSA-N,4.937446595440003,4.412277004830002,4.95816110498,3.982951520220003
OCNT-2311145,GJUVVFXCXYLPPF-UHFFFAOYSA-N,5.002750157670002,5.503971052979998,3.745124332179999,5.38908679455
OCNT-2311148,FXKCHSYNXXKFEX-UHFFFAOYSA-N,5.008595733619999,4.680115420670002,5.232400043940001,4.713133916519999
OCNT-2311150,ZHERNWQWOSHVNC-UHFFFAOYSA-N,4.462628638799999,4.619252622500002,4.78387059874,4.455643960620002
OCNT-2311164,KXAWYHBBFHVSLR-UHFFFAOYSA-N,4.563238900380001,3.8670727378700014,4.31981297129,3.4078846536900023
OCNT-2311175,LOHPAHJRSDGXHU-UHFFFAOYSA-N,4.293042582410001,4.24955581035,4.707705250850001,3.858171989100001
OCNT-2311200,NVPSOSIRMJDRPU-UHFFFAOYSA-N,4.79504084131,4.35102485928,4.581457672720001,3.7304877672699996
OCNT-2311225,VAZPOTJURGQWAP-STQMWFEESA-N,4.222569651920001,4.3808770623500015,4.906455424340001,4.539792996580001
OCNT-2311231,XLDINVXKZGIJLA-CQSZACIVSA-N,4.363037918140001,4.316105397939999,4.848887460649999,4.3637215084499985
OCNT-2311291,RQDDMLORJHULQP-UHFFFAOYSA-N,4.409944679470002,4.388370902069999,4.9013484055999985,4.493649348529999
OCNT-2311293,SSOJFUYLKIYITA-UONOGXRCSA-N,4.309420193589999,3.8917413866800006,4.868664838019999,2.98848420605
OCNT-2311294,SWUBLAYQXQUNCO-UHFFFAOYSA-N,3.6338183017199994,3.44624172103,4.5763696099399995,2.7345512194800006
OCNT-2311311,JSEDCBYKKMTEPF-UHFFFAOYSA-N,4.113102882700002,4.034200842650001,4.651101062300001,4.121833547509999
OCNT-2311320,LCCOAQYOJSHIPJ-UHFFFAOYSA-N,4.7695352183400015,4.742456565039999,4.737851569679998,4.599682867679997
OCNT-2311331,CDQDNPHFGYWSOR-UHFFFAOYSA-N,5.408165026319999,4.31454975539,4.627104684340001,3.8797485254100006
OCNT-2311336,LQKJYHIZCLRVAA-UHFFFAOYSA-N,4.55160580446,4.677569123780001,4.930367925139997,4.180459883179998
OCNT-2311343,SASVNHDDQBDFCM-UHFFFAOYSA-N,4.943866802989998,4.931011779009999,4.5867797368700005,4.767693116120002
OCNT-2311402,OGIYBCQWFOZLPG-UHFFFAOYSA-N,4.062209192050001,4.0364457307200015,4.276438307379999,3.60239607065
OCNT-2311437,JHVLKXIDWMPJMT-UHFFFAOYSA-N,4.493446831730003,5.4159051562,4.17046807741,5.28578127096
OCNT-2311438,FLLMSOQAWLVNEM-UHFFFAOYSA-N,4.469561394070001,4.0982633015,4.841651322339997,3.656040833700002
OCNT-2311450,DBUJZAYXHSBDLC-UHFFFAOYSA-N,4.441168134630001,4.255523323420002,5.104028648340002,3.567895552440001
OCNT-2311453,FVWJNTSKIAGKNF-UHFFFAOYSA-N,5.405628892220001,4.978115129119999,4.63629635145,4.838802075260001
OCNT-2311507,KNHOKGYXVGIUBR-UHFFFAOYSA-N,4.84377452042,3.491470023109999,4.33179447112,2.3376771243900016
OCNT-2311542,KWIFZAZOFYUVCZ-UHFFFAOYSA-N,4.136186668960001,3.887309984120001,4.64260312072,3.6097085816699996
OCNT-2311547,BHEAZNHFSNJYDJ-UHFFFAOYSA-N,5.414896184529999,4.86747791101,4.69504378312,4.820630754689999
OCNT-2311574,IXIWLXFULLNPDO-UHFFFAOYSA-N,5.057420294210002,4.290001650399997,4.846523430339999,4.14807285632
OCNT-2311588,ATLZEXPCGWQKDL-UHFFFAOYSA-N,4.363388779150002,4.215875083179999,4.7247404033,3.342307946880002
OCNT-2311602,AIDXPYZJTIDUSC-UHFFFAOYSA-N,4.951880452320001,4.7121406286799985,4.734730584519999,4.571547779110003
OCNT-2311604,GKRCFAAHQZDGMF-UHFFFAOYSA-N,4.03955850916,4.2122901517899995,4.698138307949998,3.6391238263000014
OCNT-2311606,JISJHJWHBGLITM-UHFFFAOYSA-N,4.878144067809999,4.61711312845,4.91071499343,4.25362922527
OCNT-2311619,YYKMRMTYTUHGAM-UHFFFAOYSA-N,4.9878748922,3.89137781248,4.728936387050001,2.9992613271199984
OCNT-2311620,GKIZKNATVXCLLF-UHFFFAOYSA-N,4.6464254172200015,3.7248072485800003,4.66282348801,3.4493100860999992
OCNT-2311624,FHLMPSUVVSVTAJ-UHFFFAOYSA-N,4.87702319351,4.562803207379999,4.806237426280001,4.44650996286
OCNT-2311626,JBQGWNQLFCYYOB-UHFFFAOYSA-N,4.031312208200001,3.856632348710002,4.755435467199999,3.1743709721799984
OCNT-2311627,BZSQFVKPLZFAMM-UHFFFAOYSA-N,4.47161100304,5.246822148350002,4.36523192702,5.08067769246
OCNT-2311636,QUGHBKJKLUPSCI-UHFFFAOYSA-N,4.787606022499997,5.331044999480003,4.981977129809998,4.99534710192
OCNT-2311655,FLRYEXYQVHVJHQ-UHFFFAOYSA-N,5.644278667720003,5.2311940461500015,4.66407411575,4.97555310197
OCNT-2311664,YDNMVMFHJDBZIM-UHFFFAOYSA-N,4.692785347460001,4.613110618660001,4.4733974521199995,4.135905391250001
OCNT-2311689,FMIDPHAHVCLBIS-UHFFFAOYSA-N,5.0580854127400015,5.1546030380099985,4.024452041260002,5.185970207210002
OCNT-2311721,SWRIFYKPRHINJT-UHFFFAOYSA-N,5.1169341143999985,5.160846988669999,4.559872851400001,5.0554864421799985
OCNT-2311723,YTNJKWXYWVIMPG-SMDDNHRTSA-N,4.473411508680001,4.654244338499999,4.516792600220001,4.466697516939998
OCNT-2311724,BDFIQPRMLMCODG-JWCMVYSZSA-N,4.270897904550001,4.592784689329999,4.904571364549999,3.135470479729999
OCNT-2311727,QPBXRIKKGPQSAW-UHFFFAOYSA-N,4.97760049977,4.093758775569999,4.906548708570002,4.230941026269997
OCNT-2311728,LQUSNRYERYWFOJ-UHFFFAOYSA-N,5.114292901299997,4.233210479159999,4.40673141439,3.2724637912899994
OCNT-2311731,VWXNHHNSTRKTRD-YUZWYKEKSA-N,4.9271081920499995,4.76330003921,4.804770122399999,4.749751069969999
OCNT-2311737,QSAMUNMEBYLCKD-UHFFFAOYSA-N,4.61970580723,4.481483203789999,4.690749678019997,4.9433865423
OCNT-2311745,NDYIXONJSDUIQJ-UHFFFAOYSA-N,4.774890809150001,4.66788758708,4.904173997499999,4.7018134742100015
OCNT-2311748,OLKFTJZESRFYGM-UHFFFAOYSA-N,5.52169781124,5.224547629240002,4.79854324919,4.921628145490001
OCNT-2311752,TXHFRSPUYJGUOC-UHFFFAOYSA-N,5.214993211339998,5.35632654039,4.6519069363900005,5.306320631030002
OCNT-2311765,ZQZSFKJELGBYHA-GWCFXTLKSA-N,4.592970719440001,3.88342505624,4.848703910019999,2.5660651251299993
OCNT-2311769,PLTRVIGXBYDJLW-UHFFFAOYSA-N,5.068844297120002,4.777987777209998,4.9602564752600005,4.585880238170001
OCNT-2311783,VTTXKWNUEYBJHG-UHFFFAOYSA-N,5.380674948949998,4.654750430010002,4.56941378806,4.573620629150001
OCNT-2311797,OQWDBCXAINMZFS-UHFFFAOYSA-N,5.467651671890001,4.8297140595500005,3.952137712220001,3.9916729811399994
OCNT-2311800,BIJKXSIAIACXNV-UHFFFAOYSA-N,4.677379608870001,4.62013400815,5.0933968028999965,4.203350414859999
OCNT-2311805,ZUCYBEULVWTNIR-UHFFFAOYSA-N,4.916411666239999,5.106626285570001,4.87374692802,5.092427865329999
OCNT-2311818,BDXZIUPCZHDUKE-UHFFFAOYSA-N,3.7175807910200014,3.7879432064400005,4.47059537831,2.363797049230001
OCNT-2311829,ZMMHEFMEZJBPCK-XIKOKIGWSA-N,3.60012574528,3.9366521799,4.723965748429999,2.8156812024400013
OCNT-2311831,HOSNJLMMVKABFA-UHFFFAOYSA-N,4.054893118719999,4.1688177260799995,4.8817768296400015,3.6994046065200012
OCNT-2311834,DGUHWPMRKMJECE-UHFFFAOYSA-N,4.223529693729998,4.90192205723,4.79516613751,4.6074996831599995
OCNT-2311839,GSZWDSMTOYIIMS-UHFFFAOYSA-N,4.604474928539998,5.028613432150001,4.086437902250002,4.58991158927
OCNT-2311840,PWJXIYCMKSEYTR-UHFFFAOYSA-N,3.9842617457200005,4.158863108690001,4.814049016910001,2.9599525627600003
OCNT-2311846,JTSNGDOVWZSFLB-MLGOLLRUSA-N,3.9340766486499996,3.811149240910002,4.687767757479999,3.029398183780001
OCNT-2311855,QEGXZVYYVBUXIG-UHFFFAOYSA-N,5.361782806980001,5.164260430929999,4.55061063505,4.720597497640001
OCNT-2311862,AOBRDNBXUPBCHC-UHFFFAOYSA-N,4.65274857723,4.720911673760001,4.478976145770001,4.729192857209998
OCNT-2311886,WQIMXLYTESNREJ-UHFFFAOYSA-N,3.6057637473999993,3.7217581145900005,4.9520953730100015,2.960815918129999
OCNT-2311889,RBVFRCIGZGGBTF-UHFFFAOYSA-N,5.63753491607,4.861797137190001,4.6485589903100015,4.329459260190001
OCNT-2311892,NAOJMNUZHUNOKN-UHFFFAOYSA-N,5.468945678370001,4.984334775969999,4.13703474292,4.674739403580001
OCNT-2311897,NSBQHSGIUPTPOI-UHFFFAOYSA-N,5.31341977658,4.7846547160299995,5.11290253555,4.650678630939999
OCNT-2311909,VDVJUEFMOAEWCR-UHFFFAOYSA-N,5.2618320245099985,5.107343374550001,5.289160810019999,4.598212466889999
OCNT-2311916,WYWNLPSNCOQRHL-UHFFFAOYSA-N,4.761572354040001,4.944724238369999,4.5790311174700005,5.013441435169999
OCNT-2311937,JERSGWYTALKMNY-HNNXBMFYSA-N,5.247502893740001,5.371337308310002,4.8693611503,5.1947835294
OCNT-2311956,QMPNSZFQZAWABV-UHFFFAOYSA-N,4.5786255464,4.733913748039997,4.47433377494,4.571608348699999
OCNT-2311971,GLFWAGLXPAJCLJ-UHFFFAOYSA-N,5.557672260089998,4.994335535500001,4.934241847180002,4.9530192509500015
OCNT-2311975,XKCNZKKZCLFYSV-UHFFFAOYSA-N,5.574114160299998,5.450222044170004,5.216358131890002,5.06907288711
OCNT-2311997,PLLPKUFSZTVBTH-SFIRGFGWSA-N,5.235841171330003,4.788151734179999,4.836888467730001,4.43696277196
OCNT-2312000,FRTQFAFJPFTPEO-UHFFFAOYSA-N,5.13038203592,5.023755012219999,4.749065154999999,4.754782108889999
OCNT-2312016,CXMFJZYJIIGCDT-UHFFFAOYSA-N,4.140690093049998,4.6725963428899995,4.964249522629998,4.6632511876699985
OCNT-2312020,DPQLVVYCRUDESV-UHFFFAOYSA-N,5.08926464361,4.7569137247199995,4.708507965700001,4.64803822225
OCNT-2312033,ZSOHLKDAXCTETM-MEBBXXQBSA-N,4.50718247307,4.19803428717,4.817467303959997,3.13614684557
OCNT-2312041,HFJBOFQTRHHVPS-NSCUHMNNSA-N,4.8017711503900005,4.1361429233199996,4.962039743079999,4.43265663713
OCNT-2312063,ACLZYKQVCOTFGN-UHFFFAOYSA-N,3.48045662067,4.53027707986,4.630004266049999,4.090008285380001
OCNT-2312069,LMIAIOODQVMDQA-WJYNOGRTSA-N,5.1569236111700025,4.886121467840002,4.882398447840001,4.932062457229996
OCNT-2312074,JBYHKBDJPAJRIB-UHFFFAOYSA-N,5.234893558609998,4.752971391989999,4.2589289534400026,4.838748861890002
OCNT-2312103,ZXXMWZBQFMKETN-UHFFFAOYSA-N,5.14619328174,4.179155935549999,4.238545224869999,3.541241709899999
OCNT-2312107,UHEMPWQRYZEJBV-UHFFFAOYSA-N,4.740945736600004,3.757616455750001,4.71796107077,3.234051057210001
OCNT-2312162,VGDYEJHSCSQLGY-LBPRGKRZSA-N,5.41040112871,4.896413331960002,4.831042180810001,4.85669218626
OCNT-2312189,OQOYJJXISGSEFD-UHFFFAOYSA-N,4.3375487046800005,4.75422203964,4.291129038620002,4.223283064010002
OCNT-2312204,YCLBQJAVZIWBNG-UHFFFAOYSA-N,4.9916812452000014,4.68741705418,4.9781495842000005,4.816509910289998
OCNT-2312258,GTFXEPGXKWPROT-WKILWMFISA-N,4.4377451452,4.422240815730001,4.62851736219,4.5330251966400015
OCNT-2312272,ZFONBGVUTOBBAZ-UHFFFAOYSA-N,5.0304407961700015,4.624869553260002,4.945587863619998,4.300474682639999
OCNT-2312280,PJEMYXKINDARDB-UHFFFAOYSA-N,5.099530442180001,4.67252601918,4.79735098252,4.66613617083
OCNT-2312308,GYNQRMHTTCULMF-UHFFFAOYSA-N,5.098602507270001,4.968908467500002,4.3398780175799985,5.1610420247299995
OCNT-2312322,SFBJQTXZKXTYKE-UHFFFAOYSA-N,4.603227726979998,4.844059464930001,4.716728087780001,4.765235366740002
OCNT-2312351,IDXOTOSTBGIMFM-LLVKDONJSA-N,5.033447084000001,4.459496291779998,4.866534941229998,4.41090983708
OCNT-2312358,WCXGBOSREZEJPV-UHFFFAOYSA-N,4.735250422070001,4.745557131549999,4.51160412049,4.679457080320001
OCNT-2312373,ZUSNMOKJMOPBJW-UHFFFAOYSA-N,4.83637709393,4.927981959730002,4.20511760633,4.1058324307300005
OCNT-2312376,UIPHQHVWOXUIQY-UHFFFAOYSA-N,5.097101508269999,4.868196258859999,4.331595060190001,4.681124756069998
OCNT-2312385,KKWSFYUJRQXGAA-UHFFFAOYSA-N,5.091565255790002,5.075322001519998,4.53187048616,4.459063346039999
OCNT-2312387,RDFSDZSZRPSGPR-JTQLQIEISA-N,5.15441885213,4.646354215620001,4.353131253740001,4.654850787060001
OCNT-2312389,FFPBQUADYURRAR-UHFFFAOYSA-N,5.443644476970003,4.640629238849998,4.80994737962,4.526892306989998
OCNT-2312392,PQAMIQVSIIWVLA-UHFFFAOYSA-N,4.99391865889,4.089973396950001,4.441350895429999,3.4873700711500004
OCNT-2312400,VHWWQLJLNMECEF-UHFFFAOYSA-N,4.55027383188,5.155242641859998,4.786547253000001,4.90989027047
OCNT-2312407,YCGWTNODMPQGJL-UHFFFAOYSA-N,5.179881566789999,4.65019165395,5.015459006549998,4.459574077730001
OCNT-2312422,UNUXWZHOGXQRBK-UHFFFAOYSA-N,4.483375992080002,4.41994831612,5.129473090289999,3.722596385660001
OCNT-2312443,RNYJQENSIQGTFO-UHFFFAOYSA-N,5.092537378380002,5.056925107879999,4.766797734499999,4.7617447717300045
OCNT-2312465,JUDIGWCSUCRCTM-UHFFFAOYSA-N,5.239183028140001,4.878443752580001,3.611098685340001,4.550731863799999
OCNT-2312480,USKDSEPSXFSQII-UHFFFAOYSA-N,4.392787374040001,4.592852868349999,4.454762423649999,4.43404929809
OCNT-2312493,LPKCTGUWFTZGHX-UHFFFAOYSA-N,5.350519823420001,4.7156234466399995,4.89537455314,4.456500776630001
OCNT-2312511,PVQWMGIQWLAPQO-KGLIPLIRSA-N,4.202720741230001,4.047333210459999,4.5397302792900005,3.6493593786199985
OCNT-2312530,JGAKLUHQBWJHCU-UHFFFAOYSA-N,3.8751994827999994,4.440650772209999,4.831278403609997,4.238881304949998
OCNT-2312537,OFBSKHGQUHTUAK-UHFFFAOYSA-N,5.439614125190001,4.4447039852399985,4.650076714440001,4.098407940340001
OCNT-2312558,JMUPJYABPJKPMN-UHFFFAOYSA-N,4.167620237380001,3.92698923939,4.663526275590001,2.4644822238700006
OCNT-2312567,IRHNGEVFACBSDS-UHFFFAOYSA-N,4.76041136318,4.309195487950002,4.788902669940001,3.8749636270999996
OCNT-2312581,DXIJNEODHVKRKU-UHFFFAOYSA-N,4.369121141620001,4.682633689049997,4.750093884710001,4.163140327350001
OCNT-2312592,BTIVUGONCMEKNX-UHFFFAOYSA-N,4.79781717585,4.256567460459999,4.332376369109999,3.873189799599999
OCNT-2312607,QIHYSNAOCJNIRD-UHFFFAOYSA-N,5.074238632990002,4.743033607260002,4.7570434075699985,4.541675875950002
OCNT-2312608,DBDCGPKJFAXMNC-UHFFFAOYSA-N,5.548657013250001,4.930279287550001,4.9569282656099976,4.73635047214
OCNT-2312616,NNSLNWDCBLFAMQ-UHFFFAOYSA-N,4.544723146170003,4.252585643099999,4.840327577590001,4.538841786089998
OCNT-2312624,AEAYDVXZPKDZCK-KBPBESRZSA-N,4.52604967137,3.9476199996700014,4.898776541139998,3.2866584559200005
OCNT-2312656,XWDHGERTKVTTNK-OCCSQVGLSA-N,4.919190921050002,4.362856403810001,4.872722981110002,3.8711725096000005
OCNT-2312659,FPZDMQCYMFEBKJ-UHFFFAOYSA-N,5.2682097172299995,4.76117417146,5.088463435690001,4.680660974620001
OCNT-2312668,XITUDUKCDZPINF-UHFFFAOYSA-N,4.903630554070001,4.544547688210001,4.440451143670002,4.313306491880002
OCNT-2312714,WUAZOSQKECLJFW-UHFFFAOYSA-N,4.852828499730003,4.507867184619997,5.0438879583899965,4.27416164309
OCNT-2312721,LFVLCVXPWUQACU-WFASDCNBSA-N,4.084457318720001,4.376263379969998,4.93479144664,3.7452240880400014
OCNT-2312728,WFMZVSWBAHEUAY-UHFFFAOYSA-N,4.340769987730002,4.0288381753500015,4.736911406599997,3.58696884527
OCNT-2312731,DWVAWAZUSUBEMQ-UHFFFAOYSA-N,4.118355523650001,3.929794056040001,4.336969107470002,2.5720058732499997
OCNT-2312732,QPKBSKVSPWCCIR-UHFFFAOYSA-N,4.941397125850004,4.36209141999,4.5173112160299995,3.84659410173
OCNT-2312741,ZZFSIEKTPZLRNW-UHFFFAOYSA-N,5.401183518039999,4.88887316067,5.041510487299998,4.94093597237
OCNT-2312742,JBILOGVIBNCUSD-UHFFFAOYSA-N,4.293993465949999,3.7739614931400003,4.902505519529999,2.58111226892
OCNT-2312743,CTEXNEUTVYKFTD-WBVHZDCISA-N,4.602886197319999,4.383891516069999,4.62901122963,3.569674067220002
OCNT-2312749,ZAFLASWCWZQRCU-UHFFFAOYSA-N,5.149837340770003,4.89908706861,4.847736638559999,4.660246465569999
OCNT-2312760,MJSHQBKOOKTKQV-LBPRGKRZSA-N,5.357574601750001,4.761999212980002,4.650627783989998,4.64340817379
OCNT-2312779,IAZSTIBERROYCJ-UHFFFAOYSA-N,4.41522357957,4.18258194589,4.720737373249999,4.191622676429998
OCNT-2312781,AQTJUFQKRCVXHV-UHFFFAOYSA-N,4.3606038386399995,4.62605442961,4.87601690504,4.456206244429999
OCNT-2312807,SDSCCHIAXZKJFU-UHFFFAOYSA-N,4.331244100299998,4.745419447700001,4.717312925900001,4.65933631649
OCNT-2312822,WYEUZHWYVCUYQY-UHFFFAOYSA-N,2.9139010247600003,3.9362525202199965,4.175080468580001,3.81126510421
OCNT-2312830,MEDIVWVWIKCMBU-UHFFFAOYSA-N,4.789100342059999,4.560810697140001,4.48920852741,4.463380372030001
OCNT-2312847,XVEOZZDPTYFUNW-UHFFFAOYSA-N,5.0350496574,4.367031163310001,4.80579672524,4.2013088963600005
OCNT-2312853,KBMGYZFUIIVYPK-UHFFFAOYSA-N,4.919706122850001,4.813522530289999,4.8280797596900005,4.609539099239998
OCNT-2312860,OWRGYPSJKIWUAT-UHFFFAOYSA-N,3.9024393848900014,4.1541960307500005,4.45426023282,3.9934486036000005
OCNT-2312906,WGYQLXGWKYLPFA-UHFFFAOYSA-N,5.24530970182,4.8075789342499995,4.723041237000001,4.836338120870001
OCNT-2312921,ZIGNJPLWUJFGKO-UHFFFAOYSA-N,5.301564956269999,5.10269397056,5.155393695390001,4.654316690550001
OCNT-2312967,XLHZRAFTJKNKHX-UHFFFAOYSA-N,4.161419647149999,4.248111244520001,4.63546172904,3.7022986882399995
OCNT-2312969,BVPRAXPGVAOBHM-UHFFFAOYSA-N,5.610792620590002,5.154041086089999,4.754795024180002,5.28062357568
OCNT-2312973,XZTFOQBCMPUHSK-UHFFFAOYSA-N,4.924892558050002,4.216260543130001,4.408656306249999,3.9215115230200013
OCNT-2312992,YUDPHUQAJSBUDT-UHFFFAOYSA-N,4.41565888309,4.214351086750001,4.843048630590002,4.045647209670001
OCNT-2313019,WRAOZYOLOJSJKB-UHFFFAOYSA-N,5.337878023569999,4.14776446135,4.319221252479999,3.974763403070001
OCNT-2313031,RZFIMRUQWQTVLX-UHFFFAOYSA-N,3.9322743594800023,4.402140225249999,4.4606181812,4.55741125021
OCNT-2313046,IPBKBWMBTUWLTQ-UHFFFAOYSA-N,4.6203839503,4.67113081345,4.824619132649998,4.5527889226700005
OCNT-2313067,BKMRUBBEUPJYLU-UHFFFAOYSA-N,4.15129663087,4.284917719010001,4.66682248118,4.149208328420001
OCNT-2313094,WFTNCVLBOBLEGN-UONOGXRCSA-N,3.7195087066400014,3.9919387307100016,4.7166722432300014,3.505131849060001
OCNT-2313099,XMGSKHFJBUJBTI-UHFFFAOYSA-N,5.490218384550001,4.33081275132,5.0000900649899975,4.250702657489999
OCNT-2313103,WNBIMBZYKXPHFP-UHFFFAOYSA-N,4.241972983630001,4.39038936039,4.90720830093,4.261127826369997
OCNT-2313107,OXSKBKVLTNYZJZ-UHFFFAOYSA-N,5.002368348500005,4.6324049573099995,4.354201766280002,4.398865819670001
OCNT-2313120,HNPLJDLBILRTDZ-UHFFFAOYSA-N,5.50897726545,5.185681625010001,4.50725179944,4.963146912820001
OCNT-2313133,DMKVLYVYLQRBKM-UHFFFAOYSA-N,4.653774133849998,4.0037559634300015,4.62834954279,3.6294143167499997
OCNT-2313145,BLHIRVBNLSHBMK-UHFFFAOYSA-N,4.324863757949999,4.185997260460001,4.505002687009998,3.591643670000002
OCNT-2313174,KUEFKGHTPSBWEL-UHFFFAOYSA-N,4.290147503540002,5.184426274250001,4.38159436963,5.046245063089999
OCNT-2313175,BQFFKKCJFAURMU-UHFFFAOYSA-N,4.47501538817,5.167070698029999,4.183101761980001,5.18353443471
OCNT-2313198,JOBIHDLHMORTRY-UHFFFAOYSA-N,5.02168471482,4.550339211309999,4.89430748293,4.233720820750001
OCNT-2313211,LYSMXLVEIFJYBM-SJORKVTESA-N,3.975525331680002,4.02060219182,4.825893116029999,4.212111722549999
OCNT-2313243,JTRQTLSPUXJTCE-UHFFFAOYSA-N,5.716383860760001,5.133323287680001,4.564923775419999,4.5092739610400026
OCNT-2313255,FSRWABFDKDBIDA-UHFFFAOYSA-N,4.852289110830004,4.291222590320001,4.576653145730001,3.7446954496199982
OCNT-2313271,LDIZCMIHDANSED-UHFFFAOYSA-M,4.15161948461,3.6354709886799985,4.361406768729999,2.691574691450002
OCNT-2313287,PSPNJHJLCZRMIA-UHFFFAOYSA-N,4.960381188949999,3.98927147033,4.151834018820001,3.716436309009999
OCNT-2313300,AMGUHAQZHHPZGU-UHFFFAOYSA-N,5.50000930255,4.876874572559999,5.330643510060001,4.670671108099999
OCNT-2313314,RTATWVVYZGOVFV-UHFFFAOYSA-N,4.84987818349,5.090366799459998,4.471731978250002,4.85573250975
OCNT-2313326,FYIVOYFZRCZICX-UHFFFAOYSA-N,5.26497396477,5.087444137820004,4.200934649940001,4.902021776650001
OCNT-2313366,RCUPFXKTPISMDD-UHFFFAOYSA-N,5.120094653540001,4.071511030540001,4.5507481496,4.195937080610001
OCNT-2313374,OFYRXFGVIZMXNC-UHFFFAOYSA-N,4.605051036810001,4.36097210045,4.65729417354,4.492221795689999
OCNT-2313386,OSXYWHPJKFSHBZ-UHFFFAOYSA-N,4.62045382973,4.976013620719997,4.22896571617,4.795938618490001
OCNT-2313393,JTFCFWFAKZPANV-UHFFFAOYSA-N,4.55622981589,4.660623960169999,4.790165793309999,4.037200337440002
OCNT-2313401,CFKFIYOZBUCKGU-UHFFFAOYSA-N,5.099317193210001,4.31016424569,4.714072594980001,3.915147238130002
OCNT-2313421,UEZFUSJYOQQFGV-UHFFFAOYSA-N,4.925042230920002,4.34914615663,4.42768355593,4.06643351848
OCNT-2313433,QSCFSMUONJJUJB-UHFFFAOYSA-N,5.236864732670001,4.89040624164,5.216219029850001,4.595753935020002
OCNT-2313460,PPLFVYMZLYWYGR-UHFFFAOYSA-N,5.301960553370002,4.82892890844,4.8421854641100035,4.771965323669999
OCNT-2313504,RUWDIHYCVZUURS-UHFFFAOYSA-N,5.584822744940002,5.440252866490002,4.302093339660001,5.418719882080001
OCNT-2313509,YTUXANBXYDOALA-UHFFFAOYSA-N,4.386258130900001,3.62684219488,4.794274714859999,3.147265724970002
OCNT-2313515,AMFIZLVJCNIIFQ-UHFFFAOYSA-N,4.731642046729998,4.4328685948899995,4.629728232070001,3.7151786958099984
OCNT-2313521,KAIWQGPNSLOCDD-UHFFFAOYSA-N,5.220290855440001,4.573691650300001,4.376200470760001,4.3157549051999995
OCNT-2313522,NXAQFXFUPZLHKK-UHFFFAOYSA-N,5.033423192560002,4.844082720520001,5.3052579465699985,4.527897726980004
OCNT-2313532,DBEMDJCSEVHWPT-UHFFFAOYSA-N,5.542058119969999,5.161188465730001,4.5019201144500025,4.88728911449
OCNT-2313558,OIPJIZBECNFXGT-UHFFFAOYSA-N,4.987212926209999,4.31970109525,4.776312881850001,4.191993240709998
OCNT-2313567,DHNZZMXDGCZABY-UHFFFAOYSA-N,4.576258498859999,4.597654307170002,5.1446738120200015,4.17863123806
OCNT-2313581,RJDNHGAQACJKRG-UHFFFAOYSA-N,4.9196043231,4.15877782356,4.835219831340001,3.9071516226399994
OCNT-2313639,UUDRQUDXXFGXLQ-UHFFFAOYSA-N,4.736037443490002,4.401963367099999,4.41340970078,4.499083813659999
OCNT-2313642,GGXUBOXSDLLLRW-UHFFFAOYSA-N,5.01499462861,3.98785968809,4.575204358149997,3.998036928069999
OCNT-2313643,YQHXRQUOFRLUFK-UHFFFAOYSA-N,4.43112081455,4.680064085090001,4.38217823175,4.144147346539999
OCNT-2313645,FRCQMDKKZZBGTP-UHFFFAOYSA-N,5.499198933660001,5.01652887074,4.571071753659999,4.2375381844
OCNT-2313652,CEMCKNGTJNXVBU-DNVCBOLYSA-N,4.922515370370001,4.5671730134200015,5.06315640708,3.7350208589100014
OCNT-2313664,PDHFEWSJRAAGIE-GUYCJALGSA-N,4.023192498340001,4.085146247249998,4.808772790389999,3.4394425881700017
OCNT-2313666,SSOPMQGHWIWDLU-UHFFFAOYSA-N,4.526369970490003,3.8243913964200016,4.602888385919999,3.3022549904800007
OCNT-2313667,NWIQZCQGBSFWSR-UHFFFAOYSA-N,3.8164966927099995,3.7795625595800026,4.99629377152,3.2114570498599995
OCNT-2313671,WGKDQQWFANDLEP-UHFFFAOYSA-N,4.852695890889998,4.492726092109998,4.6421271836199995,4.559942007279999
OCNT-2313675,YDFOSAZBCLLMBO-UHFFFAOYSA-N,4.323105559669999,4.502887175319999,3.7957994544400013,3.9491086805100006
OCNT-2313684,KTXGZAHGTOTYGL-UHFFFAOYSA-N,5.529103683789999,5.493870684039998,4.8359420265500015,4.801258334630003
OCNT-2313708,NDFPYBQHVQZPMN-UHFFFAOYSA-N,4.296355530030001,3.7212246954900015,4.859506901509999,3.336531224359998
OCNT-2313710,BIFLDVCMWKAYEW-UHFFFAOYSA-N,4.63612310394,4.633238505470002,4.556993568169999,4.672834355239999
OCNT-2313789,OORSXFVBXLFCHO-UHFFFAOYSA-N,5.174520214969999,4.870823646949998,4.80581486975,4.949921349620001
OCNT-2313792,UFRFFDWQHAVRIU-UHFFFAOYSA-N,4.718140387810001,4.616274717609999,4.859076117870002,4.4150902591899985
OCNT-2313804,UTFJVWIFVHWOCG-QMTHXVAHSA-N,4.94339459992,4.1751948724,4.675547899509999,3.6858853529800006
OCNT-2313808,MKQBWARPRLEMRM-UHFFFAOYSA-N,4.225680051519999,4.179614359210001,4.919897504289998,3.8818898713200003
OCNT-2313826,OSJLPZDRGKVMAN-KBPBESRZSA-N,4.90620120002,4.280851642570001,4.823903102490001,3.834293224010001
OCNT-2313839,GPJFIUFMOSAZGL-UHFFFAOYSA-N,3.70184375654,3.645230487329999,4.587966091420001,3.194228727800001
OCNT-2313845,CEZWATQPKVMJIE-UHFFFAOYSA-N,5.382448575829998,5.193988746500001,4.686532414710001,5.083315561849999
OCNT-2313867,XCJBZSLPRJLGAD-UHFFFAOYSA-N,4.560639039059998,4.71605020776,4.540006416719999,4.552688038849999
OCNT-2313871,LYIQMTLUFSULDO-UHFFFAOYSA-N,3.591729071159999,4.25487530655,4.841847468609999,3.59268656565
OCNT-2313887,PEIDMFGKYSEABD-UHFFFAOYSA-N,4.618988775009999,4.82778230682,4.476405509270004,4.5637020468
OCNT-2313897,QVFHSMGCYHVHEX-UHFFFAOYSA-N,4.85165393615,4.389166908899998,4.534343040469999,4.04935757093
OCNT-2313909,UZRQOSFDZJTFGF-UHFFFAOYSA-N,4.389808173909999,4.597248495849997,4.0151978258100005,3.9930335152299996
OCNT-2313910,LSRTWYOTIFENKS-UHFFFAOYSA-N,5.16172729025,4.71076977247,4.446350510100001,4.44414673309
OCNT-2313912,MFQUCJFOGBKLIU-UHFFFAOYSA-N,5.04211735518,4.587523096710001,4.559497580069998,4.387611343060001
OCNT-2313939,LCJHPXYBKAHYBP-YPMHNXCESA-N,4.997870842649999,4.3103464883,4.696921861529999,3.6471522932099982
OCNT-2313944,NUKPHKXLLJXVFK-UHFFFAOYSA-N,4.398234533680002,5.184288810520002,4.384522755370002,5.152653730659998
OCNT-2313949,HYDMJJIQJHFVMR-UHFFFAOYSA-N,4.098203355600002,3.7370115464700002,4.656109196010001,2.4671147728900005
OCNT-2313954,WGRJKHRILGAHPP-UHFFFAOYSA-N,4.480857342590002,4.02930022525,4.78040789734,4.2196125112
OCNT-2313984,CVPBNALLHHKCFW-UHFFFAOYSA-N,4.967209051850001,4.8369835618899995,5.068921744009998,4.5489938268799985
OCNT-2314011,UXHPOOLMZAWLIS-UHFFFAOYSA-N,5.045735585050003,4.6584604937100025,4.886043569329998,4.59760578603
OCNT-2314017,LEQSLZQFYHLUIU-UHFFFAOYSA-N,4.397557010209997,4.6673243475399975,5.12031183287,4.3105557785
OCNT-2314033,RJCXPEGJXBHJKB-UHFFFAOYSA-N,4.50640416108,4.054300477429999,4.801309353510001,3.1740459989299996
OCNT-2314036,GJSVSPJKICEEPA-UHFFFAOYSA-N,3.850263720740001,4.167984364099998,4.551331282849998,3.1021727043899987
OCNT-2314041,ZUYXKEDIFSQYBY-UHFFFAOYSA-N,4.723022270479999,4.250841522019999,4.717807750049997,4.267758520159999
OCNT-2314054,VQVPXYROELRNLE-LBPRGKRZSA-N,5.61684720985,5.197280254700001,4.471578220610002,5.110676775799999
OCNT-2314062,NEGKAPWDJURIMH-UHFFFAOYSA-N,5.30252870896,5.371682902069999,4.234983512560001,5.062947867940001
OCNT-2314067,BBVBTGGZKHONFX-UHFFFAOYSA-N,4.73947244545,4.93299001877,4.63624531769,4.90741743665
OCNT-2314073,DIYUFBAIKTZZNR-UHFFFAOYSA-N,4.343185275290001,4.508323594700001,4.714035926649998,3.43001706831
OCNT-2314074,GHSVIASTMJPJAL-UHFFFAOYSA-N,4.14446693384,4.20317115178,4.175702472000001,3.1153992114900007
OCNT-2314127,ZWKPLPQOZQTTCU-WDEVSDKISA-N,4.883946809440001,4.731903313950002,4.9113299462799995,3.9699842425299994
OCNT-2314135,UHKMGEDTTFFMSI-UHFFFAOYSA-N,5.309945227739999,4.890968284869999,5.103963652429998,4.399546512579999
OCNT-2314148,RVTZNVLWCXLJPL-UHFFFAOYSA-N,5.098104840310003,4.759638593730001,4.861576851299998,4.585225601730001
OCNT-2314151,LXJKAAXWGFNAFK-UHFFFAOYSA-N,5.164526158579999,5.22406524781,4.251743519630002,5.103815043790002
OCNT-2314172,VEUVBVWSGSYXGX-FZMZJTMJSA-N,3.7297380142900005,3.6825983656499988,4.080391096140001,2.6101033860299996
OCNT-2314176,ZERPZYBRMRUZEU-UHFFFAOYSA-N,5.395294965670001,4.586572189020001,4.59953353335,4.3883845525300025
OCNT-2314182,IVCDGKPHARCRJC-UHFFFAOYSA-N,5.544996878429998,4.940157060309999,4.63200700394,4.784945285780001
OCNT-2314199,JATURAANLPDRKL-UHFFFAOYSA-N,4.7794920591300025,5.26098226877,4.01775868164,5.128343137500002
OCNT-2314210,MVNQOYNSBTYFJP-UHFFFAOYSA-N,5.295553406179998,4.75185767175,4.365763123219999,4.502494060999998
OCNT-2314213,VLJKAMHQYUPXEX-UHFFFAOYSA-N,4.30323760268,5.254505822389999,4.177631966129999,5.05964564722
OCNT-2314215,DIPOULUMVHFNBF-UHFFFAOYSA-N,4.774533420439999,4.585750241810001,4.813910852400001,4.287522717720001
OCNT-2314254,PNZYMSWQEYPOPA-UHFFFAOYSA-N,5.14906058585,5.029428432110001,4.88355663767,4.50526019841
OCNT-2314266,VHVGLSGEIFKTCG-UHFFFAOYSA-N,5.040760476370001,4.566399392419999,4.84726607953,4.216755172839999
OCNT-2314267,KLULEELEFHAFLA-UHFFFAOYSA-N,4.928435600759999,5.027721608040004,4.425003416929999,5.128810509699998
OCNT-2314275,UOAZSMRAKRPPSF-UHFFFAOYSA-N,5.259010579800002,4.72156029517,5.207467182690002,4.660626814319999
OCNT-2314279,NVQLRNPGJMCFJN-UHFFFAOYSA-N,5.020531604159999,4.587606449450002,4.756248412180001,4.56804231827
OCNT-2314283,LKHLFUHYEJGOEG-UHFFFAOYSA-N,3.9765130559200013,4.80307415432,4.473159420089998,4.599863177770003
OCNT-2314295,KFADPKUTZZVLIQ-OAHLLOKOSA-N,4.2691891780199995,4.959446455519998,4.244628516860001,4.076478752560001
OCNT-2314306,FAIPFRSDTGEWBZ-UHFFFAOYSA-N,5.19187038307,4.724404848530001,4.489364330110002,4.549210582309999
OCNT-2314310,CRRWDCQIGUFMTL-UHFFFAOYSA-N,4.5472125315300005,5.346969294949998,4.157677374860001,5.162550572410001
OCNT-2314321,WDVWPZGOCHWSJT-ZETCQYMHSA-N,4.77780908077,4.26318662983,4.29659910691,3.83508244173
OCNT-2314341,KBTGNWQIXXNKTI-UHFFFAOYSA-N,4.5513562084600006,4.125166298430002,4.650821385919998,3.393998958750002
OCNT-2314354,MILIOGNESIKGOH-UHFFFAOYSA-N,4.559134247390002,4.145339604640003,4.838676851420001,3.2493016635700007
OCNT-2314381,AVLOASHADGUSOL-UHFFFAOYSA-N,5.10252972068,4.745768567400001,4.925261591289998,4.984476550200001
OCNT-2314387,ZPNRFLVQUATPER-UHFFFAOYSA-N,4.980855235270001,4.8162323639199975,4.671245779089999,4.34893044604
OCNT-2314397,UAHSWNYRQYPIEV-UHFFFAOYSA-N,5.2793406656599995,4.583101363800001,4.57269467923,4.55750626897
OCNT-2314402,XTZRHLYNKPNFJU-UHFFFAOYSA-N,5.912782555990001,4.900244344649999,5.032214089130002,4.736267083699998
OCNT-2314405,BFEUJJDBPNVUAZ-UHFFFAOYSA-N,5.20499873342,4.91237872848,4.816878007539998,4.852631714420002
OCNT-2314433,PDCGVJNVWODTOB-UHFFFAOYSA-N,5.000667892330001,4.618642792240001,4.75257956075,4.417797821050001
OCNT-2314454,XXQZZAVTJKDDAX-UHFFFAOYSA-N,4.661526149959999,4.04615741639,4.50120374599,3.0812209261899994
OCNT-2314482,SCENQOKIKYBZGN-UHFFFAOYSA-N,5.639675725720002,5.000921931910001,4.907406162570003,4.787916236449999
OCNT-2314502,UPDFXVMQTKYTKC-UHFFFAOYSA-N,4.896068778210001,5.385315050210003,3.774613670959998,5.2568977758400015
OCNT-2314524,LQVTYUIEGKMZHO-UHFFFAOYSA-N,3.9697859972600025,4.47688538327,4.569186020040001,4.61756091411
OCNT-2314537,DSQFTSWIPOKTPP-UHFFFAOYSA-N,3.208271420520001,4.3035857364500005,4.1459399907400005,3.7007432450400004
OCNT-2314539,CDMXNTHBKPPMIJ-INIZCTEOSA-N,4.01982033217,4.618917447090001,4.522369424130002,4.489122094830001
OCNT-2314547,LATOOSZSOUGHJE-UHFFFAOYSA-N,4.187421665790002,4.157223357180002,4.46888593636,3.597606413910001
OCNT-2314559,BRLCJROZNOOQAY-UHFFFAOYSA-N,4.751601987130001,5.06321950693,4.576281054629999,4.80039005334
OCNT-2314574,VMMAOGVIBOQCRR-UHFFFAOYSA-N,3.7852343221900004,3.986681335700002,4.362043796129999,2.7228737015199997
OCNT-2314575,LOQPWSNDFNSRCO-YOEHRIQHSA-N,4.056558637899998,4.175182488130001,4.63989389326,3.3520108134000015
OCNT-2314586,SMPWASMRDISMMM-INSVYWFGSA-N,3.7712331449799996,3.507336315840001,4.57171227513,2.7542300290000012
OCNT-2314588,SGAGKBYBXBBBFW-UHFFFAOYSA-N,5.31139928552,4.8842147648499985,5.466982643229999,4.8617070792099994
OCNT-2314592,QKNOSEMAOFCOMM-UHFFFAOYSA-N,4.7016771437700005,4.128466361110001,4.708405624250001,3.6942241543599987
OCNT-2314609,RASBLIZWRZHKCZ-ZDUSSCGKSA-N,4.549697238010002,4.143405382280003,4.660475045319999,3.6539142496199997
OCNT-2314616,HUIABVFTVYHWJJ-UHFFFAOYSA-N,4.293697430560001,4.2690101479900004,4.864539088689998,4.17853726795
OCNT-2314630,LSLIEHCSXLSEBB-UHFFFAOYSA-N,4.78611724202,4.8119350557499985,4.80697772179,4.37637932113
OCNT-2314632,LAXFUTMBNOBLAP-UHFFFAOYSA-N,4.635583822000002,3.8805934303000003,4.66863490952,3.0849497266200006
OCNT-2314682,PHJZMKYHWKGXEO-UHFFFAOYSA-N,4.763862143589999,4.454560941139999,4.8815906029499985,4.48888268525
OCNT-2314683,GKYGLOCHFIRIIR-UHFFFAOYSA-N,5.1068133390099995,4.85182795406,4.188232365240002,4.142009108550002
OCNT-2314705,PALLJXRWIIGYCG-UHFFFAOYSA-N,4.567829504359999,4.2155069776200005,4.635796041450001,3.389808929959999
OCNT-2314706,QXPYQRMVAGAKQV-UHFFFAOYSA-N,5.542657932330001,5.384107692,4.237878408929999,5.253561629179999
OCNT-2314724,RXXQUZGRACSXLB-UHFFFAOYSA-N,4.397647308160002,4.023296893960002,4.534611214570001,3.3131488368400017
OCNT-2314726,USHNZYKNXBMNCZ-UHFFFAOYSA-N,3.408776332850002,3.6369646165000007,4.660577384029997,3.0123899770700002
OCNT-2314744,RDICYFQRZMFODS-MFKMUULPSA-N,4.764107625910001,4.25857892576,4.835169721590001,3.9886923318499985
OCNT-2314750,HDZXPBGQDAEJGU-UHFFFAOYSA-N,3.9642160249600034,3.427005530329999,4.951391820079999,3.1209358909600002
OCNT-2314759,YWMOZLLJWDAVMV-UHFFFAOYSA-N,4.525576877580001,4.536365256139997,4.991159914280002,4.609545968220002
OCNT-2314770,CVYZOTQELJXXRO-UHFFFAOYSA-N,4.6337235990200005,4.39887291625,5.0952266992899995,3.987954869379999
OCNT-2314796,QWGZRNQOLUAEIB-UHFFFAOYSA-N,4.546211945670001,4.8573543793699985,5.07657970948,4.83070896717
OCNT-2314805,OWUMXLCYZSGLOQ-UHFFFAOYSA-N,3.5136336944599997,4.458026848159999,4.684519082019998,4.8922202737300005
OCNT-2314816,UVTFRJCSVXDRSZ-UHFFFAOYSA-N,5.226959962900001,4.58932150245,4.958074286879999,4.492069494340001
OCNT-2314820,YDZMNLGKLZGCSU-UHFFFAOYSA-N,4.860173213570002,4.758273319110002,4.3553381377,4.587082104340002
OCNT-2314853,PUEJSMDTGQUQIA-UHFFFAOYSA-N,4.988473516700002,4.712382419289998,5.063079935610002,4.84334911414
OCNT-2314859,GTHFTMXIWHJARY-UHFFFAOYSA-N,4.673681772120001,5.042693264289998,4.99564360689,4.68665062768
OCNT-2314864,IZSWTCQKDZJSHD-UHFFFAOYSA-N,5.33880074598,5.505061038759999,4.461289984620002,5.048367066020001
OCNT-2314866,PUVFNUJBXLULQY-UHFFFAOYSA-N,5.263871954940002,4.325070043470001,4.707053767220001,4.418192576040001
OCNT-2314875,KLXUZEOQTNJRRF-UHFFFAOYSA-N,5.16076181647,4.931438562490002,4.232912772389998,4.77220370968
OCNT-2314895,KNTPHJCKWPHKJW-UHFFFAOYSA-N,5.21755166531,5.3681234439999965,4.190978703850002,5.216929666480001
OCNT-2314899,NZQDVNRULUOBED-UHFFFAOYSA-N,4.326692050000001,5.07410190814,4.2680716815999995,5.00885344552
OCNT-2314929,WYRQUHYUCVJXLF-UHFFFAOYSA-N,4.668546086990001,4.598810234650001,4.59939520954,4.22454559084
OCNT-2314960,CTBCAGWGSNTRHE-UHFFFAOYSA-N,4.704210672070002,3.8763680483799994,5.177253278749999,3.691995386949999
OCNT-2314992,ZBKBXXMIEOKEDU-UHFFFAOYSA-N,5.56992751372,4.808189098419999,4.50781756849,4.50295206951
OCNT-2314993,PHELUAMDTXQCHI-UHFFFAOYSA-N,3.5857889137399996,4.178396449649999,4.7443257461299995,3.3783429420699993
OCNT-2315001,BXAIWANBKAGJGC-UHFFFAOYSA-N,5.493179117039998,4.953131439929998,4.695042300859999,4.537685463520003
OCNT-2315007,KPZHOTAFRDKLBB-UHFFFAOYSA-N,4.846598046000004,4.36252296,5.005812216700001,4.067034553869999
OCNT-2315036,BUVFEHNROMUBNS-UHFFFAOYSA-N,4.141806580269997,4.241098974999998,4.9171869729,3.610602470780002
OCNT-2315050,VXFXFMMWFUFBAR-JOCQHMNTSA-N,5.070562304579999,3.96952607628,4.811346908270002,4.111123728889998
OCNT-2315056,LBCJOUUDNYKSSR-KRWDZBQOSA-N,4.33611652239,4.769402012580001,4.463896298289999,4.48178544697
OCNT-2315079,YCHNKCQNPQJYSD-UHFFFAOYSA-N,4.155329949980003,4.215280738200002,4.890127219069999,3.805031366589998
OCNT-2315082,WCQPNTIVTWMJSZ-UHFFFAOYSA-N,3.9585272930999986,4.466026934009999,3.9768339930399996,4.282210406990001
OCNT-2315103,FWQGELGUVIJUCC-UHFFFAOYSA-N,4.6399050102100015,4.466718115910001,4.715850979279999,4.568563534839999
OCNT-2315126,VJHDBUJUYUPJJI-UHFFFAOYSA-N,5.411667860129996,4.659118825930003,4.452756570719998,4.43426200397
OCNT-2315131,FDGLXIWOBFIFIJ-UHFFFAOYSA-N,4.524149485479999,4.665079701839997,4.576298457299998,4.318478091170003
OCNT-2315133,AHQNKQQOLTVRAI-UHFFFAOYSA-N,4.77024344173,4.714099240060002,5.138475076559997,4.043138495779999
OCNT-2315149,YCVRUZSBJRNHDW-VQIMIIECSA-N,4.959943165189999,5.102019160649999,4.8607956207099985,4.810229296170001
OCNT-2315153,FEROKVSYPLWBAJ-UHFFFAOYSA-N,3.8088694084399997,4.55606503001,4.511704784439999,3.611061549470001
OCNT-2315165,PJVFRSPLCNBIGM-UHFFFAOYSA-N,4.652852603680001,4.001309600170001,4.63152661741,3.08379683393
OCNT-2315172,SUGLTFAJWIOHPU-UHFFFAOYSA-N,4.518006723760002,4.39858952498,4.732370115940002,4.07722824735
OCNT-2315178,NMGBMHHLXGGQSX-UHFFFAOYSA-N,4.786744182779999,4.6254316052299975,4.618337175490001,4.32695277833
OCNT-2315186,MVVQOOQOXKXXNX-UHFFFAOYSA-N,4.948182481979997,4.597036508320001,4.56872162311,3.88299246455
OCNT-2315195,NMOWDWMKIBNABG-UHFFFAOYSA-N,5.14869049523,4.616437529109999,4.194289962690001,4.639259542460001
OCNT-2315200,XDSNDYXIMICPRR-UHFFFAOYSA-N,3.8841937346900015,5.093275763220001,4.377736868970001,4.81287938106
OCNT-2315201,FLSQQEOSBFMSDU-UHFFFAOYSA-N,4.9324469972100005,4.7862465737000015,5.2020131202299975,4.534637584819999
OCNT-2315213,DGRCPXUHDLNDFW-NSHDSACASA-N,4.622148458419997,4.191838039109999,4.572932762900002,3.3322697051600003
OCNT-2315226,HRGHCIWBUYKSCA-UHFFFAOYSA-N,4.810099284650002,4.67895191729,4.852681153730001,4.631265932169996
OCNT-2315252,WXHNIZSHBMNFPP-UHFFFAOYSA-N,5.075082214939999,5.202827061540002,4.78065027227,5.121657764500001
OCNT-2315259,FKGZTTKABGMFKO-UHFFFAOYSA-N,5.601542844090003,5.16752500862,4.441950717559998,5.209444693789999
OCNT-2315263,MZFRIUHVVSLKNK-UHFFFAOYSA-N,5.133809867989999,4.786317643089999,4.69611645127,4.468695802130002
OCNT-2315296,HZJWQJHQWQCMTO-UHFFFAOYSA-N,5.248253985830001,5.332199639960002,3.7434763282099994,5.075041190080001
OCNT-2315308,LKYSPIBWGJDZSC-RDJZCZTQSA-N,4.91637789426,4.042083003539999,4.82144137049,3.4245279467000005
OCNT-2315329,RASGZHDTHAJHKS-UHFFFAOYSA-N,4.5979556077799995,5.006922264910001,4.1581021792499975,4.759581407120002
OCNT-2315331,NVIPJYUDRHGQJO-UHFFFAOYSA-N,5.215378913030001,5.151936377620003,4.289979957880001,4.770178845529999
OCNT-2315333,CJHXDOWULUIHLK-UHFFFAOYSA-N,5.0059609924199995,4.630595737219999,4.19667306651,4.50994386368
OCNT-2315338,DJMHLIDBQJJDOT-UHFFFAOYSA-N,5.217571197609999,4.6787340202399985,4.73005130232,4.56066118555
OCNT-2315342,AJLGKZFVBQWOMF-UHFFFAOYSA-N,4.666917893980002,4.3279939906100005,4.54940520575,3.85099304379
OCNT-2315349,WFVSDBTXMRGQAP-UHFFFAOYSA-N,5.602909906080002,5.32417097631,5.171629210970001,5.268153410829998
OCNT-2315363,YBMMVWJJHJIUIW-ZIAGYGMSSA-N,4.752400954340003,4.125270560170001,4.44554002761,3.9818770191799997
OCNT-2315371,YVQWEUNHKAAVOA-UHFFFAOYSA-N,4.4011155215699995,3.7300885923899996,4.190612072510003,3.358249556149999
OCNT-2315417,FQTOHOCJEYDRRG-UHFFFAOYSA-N,4.539116278720001,4.281222067780002,4.45400670529,4.23231618387
OCNT-2315433,KBOZBGOGXVJYQF-BRQZFJGMSA-N,4.36304846995,4.331661597539998,4.737194394770001,4.415439107200001
OCNT-2315444,LINUEMAWVXHAKO-CRAIPNDOSA-N,4.949612545810002,4.783151145849998,4.922329558709997,4.432668210349999
OCNT-2315460,FROSMHXGVUTODR-UHFFFAOYSA-N,3.988247344439999,4.307293420299998,4.943226045170002,3.800863588000001
OCNT-2315505,HLRHRWSRSVLASR-UHFFFAOYSA-N,4.775512416059997,5.281044977420002,5.09845229245,5.065023781969999
OCNT-2315508,UERZMAGKKQJDCW-UHFFFAOYSA-N,3.980114980259998,4.52811639579,4.5496453721400005,3.6372339796400013
OCNT-2315514,IUZLYQRADKSHLN-UHFFFAOYSA-N,4.111581448179997,4.683831327610001,4.710704721050002,4.628818621060001
OCNT-2315543,GHBJCJPSHWBOJK-UHFFFAOYSA-N,5.316934795270003,5.07749614463,5.3720237849200005,4.825228577399999
OCNT-2315568,GCZWMXIZJQSSJV-UHFFFAOYSA-N,5.407717711140002,4.5231356508700005,4.816156797840002,3.9521962252500002
OCNT-2315583,HYJXGOGSQCUIGI-UHFFFAOYSA-N,4.697724265690002,4.628217199729998,4.669209863910001,4.73964830044
OCNT-2315589,QAWOQFIMBHMFMT-UHFFFAOYSA-N,5.29087546555,5.5985927591000015,3.7855673836599992,5.177553272640001
OCNT-2315610,RUAGYLLVGYPLQJ-UHFFFAOYSA-N,4.74256714019,4.0857860718999985,4.061004994510001,4.260407592530001
OCNT-2315611,GRHXBVIMQMYABG-UHFFFAOYSA-N,5.237123120299999,4.62666796555,4.349365733049998,3.859789196990002
OCNT-2315615,PERIRYDITADLRX-UHFFFAOYSA-N,4.086412848410001,3.9189934205199983,4.7391806919,3.59865941957
OCNT-2315618,OQNXHUMGKSWJDA-UHFFFAOYSA-N,5.614012668039997,5.1366747777600015,4.777976428989999,4.880120642909999
OCNT-2315621,DUVALDLJIYQNBJ-UHFFFAOYSA-N,4.60073110894,4.33009744682,4.713069477259997,4.072313485800001
OCNT-2315654,OLJFNVZJUWIQBA-UHFFFAOYSA-N,4.270617183990002,3.8068650824900003,5.01961277085,3.27816792636
OCNT-2315684,PDLOAELCEZJLJG-UHFFFAOYSA-N,4.755539115680001,4.4535248004899985,4.56082373572,3.9995352174599996
OCNT-2315688,QJHGNLFVGCRXSJ-CQSZACIVSA-N,4.476258269540001,4.10794339895,4.794833209120001,3.6602589426599996
OCNT-2315690,CCOWGWCBXJNVNW-UHFFFAOYSA-N,5.216659770419999,4.916152838050001,4.595437303240001,4.491203236480003
OCNT-2315702,SLSYBPBKTDBVFO-UHFFFAOYSA-N,4.189859627240001,3.97405469924,4.50799803322,3.0611408410800003
OCNT-2315727,BKVJWZUCLLNQBZ-UHFFFAOYSA-N,4.688295244110002,4.363452649879998,4.745649760369999,4.2414968368500015
OCNT-2315765,RNTOIGRBODRYSF-UHFFFAOYSA-N,4.43798294103,5.139000203249997,4.22561822503,5.16239600283
OCNT-2315778,MHUIEAVAYPDUIK-UHFFFAOYSA-N,4.855466542079999,4.81656350834,4.80651786121,5.013352642260002
OCNT-2315779,VTXNZXOBDCSWOG-UHFFFAOYSA-N,4.240997511629999,4.286833008680001,4.371228066550001,3.8887222756600015
OCNT-2315780,ZUWJKCQLZRWURZ-UHFFFAOYSA-N,4.521844187160002,5.010600657289998,4.584164419229998,4.69471140004
OCNT-2315799,KSABBJQXOFJFMB-IEBWSBKVSA-N,4.672254363990001,5.030120206039998,4.951477799739999,4.5476597085599995
OCNT-2315832,RKIRNVHTEYUZIG-UHFFFAOYSA-N,4.83841778692,4.410792944570001,5.146188546940002,3.994781603589999
OCNT-2315840,LAIDWRUPIKZGLH-UHFFFAOYSA-N,4.249972223690001,3.9613702676000018,5.00526806421,3.4508607691900015
OCNT-2315851,ABEXPSKBOVMHEU-UHFFFAOYSA-N,4.307018577030002,4.64993681839,4.889465112340002,4.731828158329998
OCNT-2315865,GNYQIMZCLGCRDQ-UHFFFAOYSA-N,4.941765748220001,4.6964651384,4.823086441829999,4.974111935610001
OCNT-2315870,COGRYNSHDIJCGF-UHFFFAOYSA-N,4.9223156857,3.925597589859996,4.8708341297999995,2.7613281792400013
OCNT-2315878,OAKQXSLAVRBBFO-UHFFFAOYSA-N,4.130317665620001,3.7537827013500022,4.9338977785600004,2.80627625419
OCNT-2315893,NJWPFCZHUWORBI-UHFFFAOYSA-N,4.881141835519999,4.16603492079,4.727340732600002,3.65980005219
OCNT-2315895,XSYKQYURMSKXHU-UHFFFAOYSA-N,4.524938860399999,3.9164707494599993,4.979861391860002,3.5393214729199998
OCNT-2315903,AUWZLAUAWCSWCW-UHFFFAOYSA-N,4.53708622149,4.19270994387,5.00894666618,3.580395911050002
OCNT-2315906,FJQDILFBCXCGIP-UHFFFAOYSA-N,5.686126766639997,4.8686004828600025,4.521699464880002,3.9439913376400013
OCNT-2315908,WMYCJMKODWMDQF-UHFFFAOYSA-N,5.1561675107200005,5.22633201611,4.731373778639999,4.8033702955600015
OCNT-2315912,OCEJKASXGMZNKH-UHFFFAOYSA-N,5.248530978240001,4.56222520693,4.5507511623,4.3468125858699995
OCNT-2315934,FFOPUDGTPLZMOT-UHFFFAOYSA-N,4.88490158526,4.289194668610001,4.68934777417,4.037555281459998
OCNT-2315937,RVDWAGALOWZBAV-UHFFFAOYSA-N,5.253914281390003,4.770721880370002,4.87280742364,4.506259248570001
OCNT-2315945,BSDLDEUSTRLQEY-UHFFFAOYSA-N,3.536341215569999,3.9178049339399994,4.389823222020002,3.5690729053500014
OCNT-2315946,MIOSQEBNSUQYQJ-UHFFFAOYSA-N,5.12794725493,4.626174378320001,4.886651331320003,4.308526921560001
OCNT-2315950,SQUDKELOJLLRRO-UHFFFAOYSA-N,4.971476324980001,5.100727635669998,4.546545201980002,4.988076056240003
OCNT-2315965,OGVLLYXHLIYWNR-UHFFFAOYSA-N,3.8850789605899996,4.187041607340003,4.5644062379,3.739873633710002
OCNT-2315982,WSRRLCNILMYAGW-UHFFFAOYSA-N,3.6389516018700006,4.751085858370001,4.4408212683700015,4.7198369956
OCNT-2315988,KDWINTKNCFXETQ-UHFFFAOYSA-N,4.658462399630001,4.187957435599998,4.814202230019999,4.099984493379999
OCNT-2315990,HDIABXPHKYTLHK-UHFFFAOYSA-N,4.843900461720001,5.13130292215,4.656699970059998,5.267227876030001
OCNT-2315991,OXEBQHUGNKQHBU-UHFFFAOYSA-N,5.120653254330001,5.20971730245,4.891266300759998,5.249353955269998
OCNT-2315992,PHMDDIHADNUCSF-HZPDHXFCSA-N,4.0410039950800005,4.22473855749,4.854315862319999,3.0821376169700003
OCNT-2315994,LQLLHNXDSQWNGR-UHFFFAOYSA-N,5.482596005500002,5.009053833410002,5.112172755049999,5.43923501392
OCNT-2316037,XGQFKAWKVLIBAF-UHFFFAOYSA-N,4.69525755956,4.36633034874,4.615675744189999,3.9131435537299994
OCNT-2316049,WDWXLGUKGPSCJB-UHFFFAOYSA-N,5.016289057660001,5.166446568390001,4.555471012910002,4.964060056179999
OCNT-2316070,JGORGCVKTVDGCF-IYBDPMFKSA-N,4.345047732630001,4.486812575639999,4.81508638474,3.674620807330001
OCNT-2316093,GGQJTMVJNYFFAV-UHFFFAOYSA-N,4.997426953989998,5.059367619360001,4.926683026499999,5.02583405365
OCNT-2316110,XGAWENUTRCFJDI-CYBMUJFWSA-N,4.770402671920001,4.44710370038,5.1271370798800024,3.7886074834800008
OCNT-2316121,HBIXLLBPTHZDRI-UHFFFAOYSA-N,5.413275813360001,5.389540290060003,4.830643408380003,4.991138508540001
OCNT-2316132,GUDHSXTUPPEPPK-UHFFFAOYSA-N,5.2868327932,4.434405929970001,4.6432256379,4.182927882839998
OCNT-2316141,NLJQZNHEMSUVFB-VQIMIIECSA-N,4.667313015210002,4.147262615940001,4.854132364270001,4.15842207815
OCNT-2316170,WQSJTLOSKGORSG-UHFFFAOYSA-N,4.953416193589999,4.745387711529999,4.65260741004,4.513995403850001
OCNT-2316180,CLOQRBMETQXCIE-UHFFFAOYSA-N,5.076156126699999,5.0675854652100005,4.99638998277,4.861149575109999
OCNT-2316181,JMYYWDLLJQSPOB-UHFFFAOYSA-N,5.3357747998899985,4.610397801239999,4.0771427993600025,4.404973555190002
OCNT-2316196,UPXQXMXYQKKYRX-UHFFFAOYSA-N,4.2835135378699984,4.091350440900001,4.527008372209998,3.7290096435000004
OCNT-2316204,IAUITTZWSOAVCK-UHFFFAOYSA-N,5.063075497930002,4.549212586799999,4.787955649119999,4.5794993242699995
OCNT-2316207,UDWPCCDEHUZNNF-UHFFFAOYSA-N,4.990510190850002,4.8114166147200015,5.24347083271,4.610537802649999
OCNT-2316216,RUVPZLYIFRKSKE-UHFFFAOYSA-N,4.359682885289996,4.26352380983,4.72700291863,3.8477174071299993
OCNT-2316225,FAADDWZKJJDRAC-UHFFFAOYSA-N,5.11528263971,4.68052891337,4.773504504409999,4.58646481276
OCNT-2316228,WXMVGDCAVYRQJH-DLBZAZTESA-N,4.823746336700001,4.471121673800002,5.053458131090002,3.982212651240002
OCNT-2316252,PQYPFFASSMZDMA-UHFFFAOYSA-N,4.205157463440002,3.76475684326,4.92351172709,3.571558010080001
OCNT-2316255,TXHULZCABKAZOB-UHFFFAOYSA-N,4.05941681021,4.209308374130002,4.36661764498,3.7742981244299996
OCNT-2316270,FQIGRACDNIOPES-UHFFFAOYSA-N,4.910836091910001,4.40493583735,4.173758492410001,4.366246309699999
OCNT-2316287,SIPKZGGJKLNGKF-UHFFFAOYSA-N,5.352307424240003,4.771384649579999,5.100363701059996,4.713794867649999
OCNT-2316305,ZQWNBUUGCZZBQG-UHFFFAOYSA-N,4.04089022268,3.5893110950399993,4.78274479558,2.746136309249999
OCNT-2316311,GXYHSKJJUTYTCB-UHFFFAOYSA-N,4.343949185050001,4.87195362827,4.4805184112999985,4.97997110115
OCNT-2316329,ZETLBFHKRJQWQU-UHFFFAOYSA-N,4.492292900459999,4.80757151374,4.68599090986,4.427920693780001
OCNT-2316339,GDDJOHRLSPNVNU-UHFFFAOYSA-N,4.885262034240001,4.345187228460001,4.7309757744,3.74169890704
OCNT-2316344,ZOJWIUJADMWDPN-JKSUJKDBSA-N,4.30731726407,4.199046764499999,4.7717716361599996,3.9611248755500013
OCNT-2316352,WRXFOSGHPGKFAY-UHFFFAOYSA-N,4.580828663860003,4.689910832619999,4.57976588432,4.65179844734
OCNT-2316354,MYIUSFVPFKJEDS-GXTWGEPZSA-N,4.265409421340001,3.85343014074,4.633354625289999,3.01247276978
OCNT-2316397,MQCGWNQRZSSMDW-UHFFFAOYSA-N,3.8526204061800002,3.714801195519999,4.600725532580001,3.0361466619400006
OCNT-2316403,HIOCORNYUDAROQ-UHFFFAOYSA-N,4.5985340596299995,4.29248502343,4.7222303847500005,3.61909647359
OCNT-2316436,MXKIROVYBHRNBM-UHFFFAOYSA-N,5.202892844490001,4.6997837613,4.957465485860001,4.44703357082
OCNT-2316494,JPKNAFFCNYNTAM-UHFFFAOYSA-N,3.9060750660499997,4.640539634659998,4.2153930947200005,4.36049196074
OCNT-2316516,ANRTUOAFXNQUJO-UHFFFAOYSA-N,5.186756092370001,4.77100279206,4.644224925749999,4.593619347279999
OCNT-2316527,UNVBSCDOHAKYON-UHFFFAOYSA-N,4.773960497210001,4.33858337163,4.79084341803,4.285583150510002
OCNT-2316551,CNOXQHATWRFZGS-UHFFFAOYSA-N,3.7324925524200006,3.627607295599999,4.654235594419999,2.614444479769999
OCNT-2316555,RWYLVXALJMAJFG-UHFFFAOYSA-N,4.17762727461,4.500539337309999,4.950064722940001,4.479482538119998
OCNT-2316557,UCGHBZIAFOPHKJ-UHFFFAOYSA-N,4.858019541900001,5.327543463330003,4.172440922410001,4.847337346369999
OCNT-2316612,RJMHLGGYHZCNAH-UHFFFAOYSA-N,5.050054440590002,4.831360235039999,4.99203604772,4.484259389650001
OCNT-2316619,MPCLHVLNOSGXLY-UHFFFAOYSA-N,4.809674992339998,4.7202388054,4.74575086121,4.852788647330002
OCNT-2316633,XTRQCVSHVGEAGT-UHFFFAOYSA-N,5.40785762407,5.338850848249999,4.08210554512,5.228834622300002
OCNT-2316662,GFEAUAXVPJUYQZ-MRXNPFEDSA-N,4.439287010619999,4.344766679720001,4.98907309387,3.9118614478099976
OCNT-2316671,YEOSBNSNNIDEDA-UHFFFAOYSA-N,5.031698717790002,4.621048489990001,4.588634128679998,3.9973362877800014
OCNT-2316691,KIEYDKIZZGRRKU-UHFFFAOYSA-N,4.153884164050001,3.9931196676200034,4.637373386569998,2.8629136715599994
OCNT-2316693,NOZNOJWPUJFYMU-UHFFFAOYSA-N,4.80694380866,4.29412691909,4.33915077382,3.6314032012900013
OCNT-2316697,FMZDTWSZRNKGID-UHFFFAOYSA-M,4.628423752150002,3.5101630844900007,4.43195505393,2.6348603699900006
OCNT-2316726,IAPQKELLCZVBPB-UHFFFAOYSA-N,4.62731197707,4.232921580359998,4.04536668192,2.561869843710001
OCNT-2316738,ARBBCNULKSAECM-UHFFFAOYSA-N,5.264769428770002,4.99726285919,4.683857242910003,4.811969677880004
OCNT-2316749,WFGGFDOFVZDCKZ-UHFFFAOYSA-N,5.520321298050003,4.835091554179996,4.58812327307,4.536454394970002
OCNT-2316765,XJRBRUYSMPGAIC-UHFFFAOYSA-N,4.451629499609998,4.1938020693999984,4.383582295940003,4.078181582919998
OCNT-2316766,BDQYOLWAPOQQPP-UHFFFAOYSA-N,4.5562545533000005,4.506359422239999,4.49910536411,4.0884816517299996
OCNT-2316815,GPXQDQQBCYIEQW-UHFFFAOYSA-N,4.801795625770001,3.993108031190002,4.4151532908099975,3.7887817842599993
OCNT-2316823,QCFYGHVLNYVDSM-UHFFFAOYSA-N,5.129369937470001,4.597857529749999,4.36719207497,4.20431464757
OCNT-2316832,DDCURYRYFVHMIV-HUUCEWRRSA-N,4.280788571660003,4.350613103109998,4.85322376688,3.69630535004
OCNT-2316839,JZRPLMWWIVBQRB-UHFFFAOYSA-N,4.37294608064,4.10111521819,4.500754869729999,3.4048440749499984
OCNT-2316848,STVYLEUNMSOYBO-UHFFFAOYSA-N,5.353846445420003,4.81297507554,4.575046265229999,4.41702071119
OCNT-2316874,SZJSBHKXVHLSPM-UHFFFAOYSA-N,5.3835359817400015,4.981725040800002,4.828138355619999,5.196005416510001
OCNT-2316883,ZFXKUGZDRRZDIF-UHFFFAOYSA-N,5.03209304959,4.57416216417,4.749102585280001,4.143648431599999
OCNT-2316890,YDVJSEIEXHHXLM-UHFFFAOYSA-N,4.29246785757,4.18503438949,4.619934185110003,3.8054025314399973
OCNT-2316904,SVKGNUYZKALPQP-UHFFFAOYSA-N,4.49821629707,4.887878308660001,5.022458261649999,4.492495839389999
OCNT-2316911,PLXLXZYCMPMUNV-UHFFFAOYSA-N,5.21617806225,4.668514904089999,4.525695248579999,4.403974838600002
OCNT-2316915,CCDKNPYYXSSWEW-YNODCEANSA-N,4.321713151350001,3.62786851151,4.685943409589999,2.7993336212199993
OCNT-2316937,JLCNBMAIKIRJSZ-OAHLLOKOSA-N,3.2834653649499996,3.498587090099999,4.40304996945,2.8097262013800006
OCNT-2316947,GDCXYFNYLMNNOC-UHFFFAOYSA-N,5.2312652994899995,4.649908954630001,4.871471125529999,4.530372484619998
OCNT-2316959,QCFAHERSFSXCNA-PREGVCBESA-N,4.170498323790003,4.36133358116,4.836411221570001,3.4652397142800004
OCNT-2316976,XMGORMGYUQDAAL-UHFFFAOYSA-N,5.62073602085,4.997215212309999,4.51827652421,4.509516830609999
OCNT-2317002,LPKNBEGSMBPPJL-UHFFFAOYSA-N,5.13976180197,4.22456219661,4.634591070550001,3.6947483203100018
OCNT-2317014,ZBXAGLGMQFXFON-UHFFFAOYSA-N,5.209268830770002,4.511805859150001,4.74411636373,4.64656433888
OCNT-2317025,OCPSMTDXYDJWPR-UHFFFAOYSA-N,4.835692272550001,4.310256341330001,4.7655638647900025,4.276618818260001
OCNT-2317039,NDVHKGFDQOULIT-LBPRGKRZSA-N,5.098419454090001,4.5312775835500005,4.57448197163,4.154263856540001
OCNT-2317066,FDVDBGNSFJGCJV-UHFFFAOYSA-N,3.360514022500001,4.09622538152,4.612483832159999,3.3251959508800013
OCNT-2317068,DXEUVDBJOPEUPK-VPHXOMNUSA-N,4.733714905010001,4.1277377290400015,4.951665424520001,3.621621726170001
OCNT-2317070,BVSPVPUOGZRITE-UHFFFAOYSA-N,5.085180629179999,3.8498091351499983,4.563128573969999,3.502510179840002
OCNT-2317086,ORIAPXGWHWRMEQ-UHFFFAOYSA-N,4.26429066918,4.020861858430001,4.458979866979999,2.2227086247700005
OCNT-2317105,WJZHHMLLNOOCCB-UHFFFAOYSA-N,4.789465643340001,4.149003057080001,4.653931684310001,3.6450777858400003
OCNT-2317118,AQJAPFHFJNHFNT-UHFFFAOYSA-N,4.6220389407599995,4.241122076139999,4.713758896399999,3.672744405530001
OCNT-2317123,JHJNVPMWROZEOJ-UHFFFAOYSA-N,4.475023186969999,4.847830020410001,4.539597704039999,4.403700682380002
OCNT-2317148,PWRBFCMKSFQIPY-UHFFFAOYSA-N,4.502536291369999,4.749777851659998,4.910255628089999,4.594078540620001
OCNT-2317170,YJOJLVRDJYKCNH-UHFFFAOYSA-N,4.85868914061,4.720815336889999,4.856195088300001,4.518740392719998
OCNT-2317171,NGTSBRMBKVYBED-UHFFFAOYSA-N,5.0170063924500035,4.920654198560002,4.419666339210001,4.7052327374999985
OCNT-2317181,CGTNELINAFTBOA-UHFFFAOYSA-N,3.763183317890001,4.183532638139997,4.556977927219999,4.204306374279998
OCNT-2317204,QDQYRQVQOSZPRQ-UHFFFAOYSA-N,4.077790629980002,4.409025202380001,4.580826173070001,4.576252462670002
OCNT-2317207,SBRNEVNAKYTEQV-UHFFFAOYSA-N,4.565933491979999,3.7141177169600006,4.825576504310001,3.27214267453
OCNT-2317216,LIVJZDMANQVUDP-UHFFFAOYSA-N,4.830017707550003,4.064677652890001,4.7582839337500005,3.816302895590001
OCNT-2317220,HYZUFGFQMUOIJF-UHFFFAOYSA-N,4.499530777690001,4.580715875700001,4.62876835756,4.710989353029998
OCNT-2317252,UTTDKKQDHATASO-UHFFFAOYSA-N,4.708746192929999,4.571502800400001,5.140136856310002,4.27762371932
OCNT-2317263,GZGKRCBJVUVISK-UHFFFAOYSA-N,4.215686892680003,4.679848099739998,4.765485649599998,4.6937545936300005
OCNT-2317281,RFABKPISPKENOC-UHFFFAOYSA-N,5.21641033529,4.449448026349999,4.281867590310001,4.277871744729999
OCNT-2317282,WYQJUGXXFFDBFP-UHFFFAOYSA-N,4.75518520423,4.56209195132,4.896328794830001,4.248451701890001
OCNT-2317285,ZYGIEWYSBUXBOA-UHFFFAOYSA-N,4.84989966265,4.7333053532100005,4.947922479629998,4.405755017190001
OCNT-2317295,LWUJMSUADQVSHD-UHFFFAOYSA-N,4.117465152820002,3.8091932581099996,4.627614770739999,2.685561885250001
OCNT-2317316,HXTZWUVDAMAHMH-UHFFFAOYSA-N,5.25837548214,4.89657041592,4.788720801489999,4.478880120439998
OCNT-2317331,JQXBWGKXKGRNEM-UHFFFAOYSA-N,5.2963799964,4.957094623709998,4.5662833756099985,4.659801987
OCNT-2317338,LUIQXOKUNHJUSI-UHFFFAOYSA-N,4.796981063100001,4.624130077910001,4.581834076499998,4.53686989238
OCNT-2317340,UBQFGIHFQCAKOP-UHFFFAOYSA-N,4.3790432413900024,3.833693038769999,4.76291107925,2.69582267978
OCNT-2317346,GWBBYACWVZJDHF-UHFFFAOYSA-N,4.593528986810001,4.917534022749999,5.008614742229998,5.00053917816
OCNT-2317347,BYQXMJFFQMJEPC-UHFFFAOYSA-N,4.80570687899,4.877329735940002,4.47406712274,4.833331674059998
OCNT-2317363,BJXMAUKDMFDOBJ-UHFFFAOYSA-N,4.9208582340200016,4.5283288066299985,4.927807386359999,4.03454374201
OCNT-2317386,DLRFNZBVVYAGCE-UHFFFAOYSA-N,5.07087650115,5.153617079449999,5.117996976359997,4.741346102870004
OCNT-2317449,WPIPWESKVFABQC-UHFFFAOYSA-N,4.34973722936,4.23689374168,4.728479967259999,3.9719988293100017
OCNT-2317471,GJXZQMFHDZQUFG-STQMWFEESA-N,3.8904705471799996,3.6162610050700006,5.065281168329996,3.1834739874100006
OCNT-2317493,DOLLPRXGPWPBSF-UHFFFAOYSA-N,4.5904451032299995,4.820909500250002,4.958437619819999,4.634441790170002
OCNT-2317505,NHUSIRABIVGDSH-UHFFFAOYSA-N,5.540323620210001,5.028078281380001,4.9880875111,4.741541110539999
OCNT-2317520,LTUCBBUWUBLJCT-UHFFFAOYSA-N,3.7141438894900007,4.38154684281,4.55995267186,3.980357542780001
OCNT-2317521,VCCHGKDAEXTHKW-UHFFFAOYSA-N,4.818760053970001,3.98793628724,4.724569859559999,3.683252701400001
OCNT-2317589,PIDYXGYPPPDVSK-UHFFFAOYSA-N,4.172001337399998,4.757848774270001,4.78681615743,4.73746418
OCNT-2317597,BRLQLLYRNCGYQA-UHFFFAOYSA-N,5.110608061349999,4.6423361982000015,4.75414359183,4.289467387779999
OCNT-2317609,LAHOEQWHOHUDPV-XPUUQOCRSA-N,3.5981614945600007,3.989716923679999,4.1341980451000016,3.2406854823900018
OCNT-2317641,MWBQPWYUYIBGDJ-UHFFFAOYSA-N,4.070662544130001,4.154455065280001,4.60635112871,3.55911429745
OCNT-2317654,YPMXQDDNHLQSDB-UHFFFAOYSA-N,4.544351428620001,4.615636901030001,5.013400609199998,4.25553160483
OCNT-2317655,PPBPKFPLNHJZQP-UHFFFAOYSA-N,5.068273485310002,4.86052554128,4.997011422730003,4.734549387850001
OCNT-2317667,XFLKWYMYPBGZDG-UHFFFAOYSA-N,4.051534460410001,3.872122260720002,4.816603264999999,3.18068222436
OCNT-2317671,TVFLKHRRTFZHMJ-UHFFFAOYSA-N,4.713736776020003,4.06593949242,4.434073317220001,3.0487205542300004
OCNT-2317673,GFMXIBGNFZXSSH-AWEZNQCLSA-N,5.5229116199499995,4.80133905118,4.84550235733,4.6813304562
OCNT-2317690,NTFPMYZCRLAQNU-UHFFFAOYSA-N,4.0336194079400025,4.681055480629998,4.610065956059999,4.575640310210001
OCNT-2317717,NCTLRULTXWYPMC-UHFFFAOYSA-N,5.18382942995,4.66817698077,4.3711682517999995,3.934142029190001
OCNT-2317719,IWFPOYLMDJDZHA-CYBMUJFWSA-N,4.083280913160003,3.7293669502499993,4.5527961694000005,2.3749559277500016
OCNT-2317738,ZSNITEJMAJILMZ-UHFFFAOYSA-N,4.992329401619999,5.0878083093,5.317842314129999,5.229671024769999
OCNT-2317749,RXKVFHONEONTJU-UHFFFAOYSA-N,5.461047950550002,4.882453082309999,4.781759451759999,4.531947920090001
OCNT-2317750,BLSSOUSOURPNPD-UHFFFAOYSA-N,3.8144230331899998,3.3128306145500006,4.650290980199998,2.651504856000001
OCNT-2317761,JMXRCYKGNHZSPJ-UHFFFAOYSA-N,6.044645894890001,4.784882102110003,4.825997854799999,4.097009150019999
OCNT-2317762,YOAQHNSVDHIMRD-UHFFFAOYSA-N,4.62515289653,4.243631792740001,4.6428395915500005,4.032416212370002
OCNT-2317811,RDGKSCRDHZDING-UHFFFAOYSA-N,5.048398478919999,4.6149011278100005,4.79231963144,4.083041762860003
OCNT-2317813,OVLHSAROUBUOGS-UHFFFAOYSA-N,5.17208442191,4.636212027340002,4.514003743129999,4.3368141057999985
OCNT-2317818,CPILBGUKHQTHAL-UHFFFAOYSA-N,4.678616913720001,4.693247039189999,4.960587360940001,4.810185111960001
OCNT-2317832,OTSKWPLKWNHXNG-UHFFFAOYSA-N,4.594511930180002,5.313127499219999,4.513341681110003,4.946602056240001
OCNT-2317846,UTVVBMSWJXFZIO-UHFFFAOYSA-N,5.37058744414,3.775400972020001,4.784904345470002,4.28343958408
OCNT-2317868,LAFOGORSVWQSJI-UHFFFAOYSA-N,5.199667968860001,5.013385551340001,4.842020651229999,4.409339163140003
OCNT-2317887,CJFRLVSASAMBRI-UHFFFAOYSA-N,4.843612673259999,4.571037046260002,4.682916586240003,4.63732288901
OCNT-2317895,CWBRZGJTIAQEGN-UHFFFAOYSA-N,3.9339882553099987,3.76305717986,4.948816479960001,3.6961990418500004
OCNT-2317916,OHJTXRFTXHDJSZ-UHFFFAOYSA-N,4.6396082856100005,4.64784502906,4.914690694859998,4.6716220066000025
OCNT-2317931,LOCCFUQBAHYDIZ-UHFFFAOYSA-N,4.43403827474,4.19498217724,4.351166381400001,2.3199703847500017
OCNT-2317940,LCRMGOKGLDCROM-UHFFFAOYSA-N,4.9371489828699975,4.846575069419999,4.54521503212,4.73946820012
OCNT-2317951,HCERZQWQSYZVFX-AWEZNQCLSA-N,5.139039770930001,4.8763048581599975,4.922172818060002,4.782558972509999
OCNT-2317954,AECHNCUKRVJPMR-UHFFFAOYSA-N,5.466280315569999,4.6265294515500015,5.146698220729999,4.29818341838
OCNT-2317968,JRLDABZBMFCURG-UHFFFAOYSA-N,3.7594809016100004,4.127073618429997,4.51994174925,3.0912311462600006
OCNT-2317979,GDPHPXILXSNLGE-UHFFFAOYSA-N,4.49046972831,4.210345080559998,4.870943699550001,4.639058906959999
OCNT-2317983,VRWZGQHEAVYSMP-UHFFFAOYSA-N,5.7443368686600005,5.428717974040001,4.6955927442500025,4.771729665590002
OCNT-2317986,FHXLUKSIGDILGD-UHFFFAOYSA-N,5.003121519570002,4.464063042090003,4.465832993379999,3.9625652474899993
OCNT-2317990,GGVQQOGVQIQAAR-UHFFFAOYSA-N,5.65890321285,4.489177420520001,4.57078071987,4.46114451295
OCNT-2318008,MZCSBMOLDFPPDR-UHFFFAOYSA-N,5.219006227580001,4.961678318359997,4.278874754930002,4.705525317970001
OCNT-2318014,XZUOPKZBRIBBTC-UHFFFAOYSA-N,3.990840337630002,4.46388500236,4.71494164054,4.492719832860001
OCNT-2318022,NGLQWYBBWZPWAG-UHFFFAOYSA-N,3.9530302189500004,4.684282694289997,4.56525744352,4.490359868380001
OCNT-2318037,QGTCUSWJSRWNHW-UHFFFAOYSA-N,4.6956761931700015,3.9349771647200003,4.954941340009999,3.1722567210799992
OCNT-2318057,BAJXDLICMYECHQ-UHFFFAOYSA-N,4.38829577898,4.0594485773899995,4.858497728770001,3.940388222279999
OCNT-2318058,LHKPZQCRTJSJBZ-UHFFFAOYSA-N,4.09541892263,5.027577943810001,4.649115044110001,4.765229643739999
OCNT-2318059,LGBXJZIKTPOPEY-UHFFFAOYSA-N,5.113653051780002,4.990768997639998,4.938223262960001,5.133238402429999
OCNT-2318060,BQDVZEIIVADUJR-UHFFFAOYSA-N,3.512696716750002,4.242112283519998,4.673143748110001,4.467197314270002
OCNT-2318103,SFHLFNWOCGHDOA-UHFFFAOYSA-N,4.052837159320001,4.077843616720001,5.0141280600600036,3.706805754730001
OCNT-2318114,CHGWIMCJKOUHGM-UHFFFAOYSA-N,4.4714289042100015,3.738167958240001,4.62724813327,2.9984663418599995
OCNT-2318130,MVJRPLRVGMQACD-UHFFFAOYSA-N,4.5076462716300005,4.565814734439999,4.57365902914,4.809091013280001
OCNT-2318175,CLGIMEFNCIRTPK-UHFFFAOYSA-N,4.16559237273,4.61221093786,4.43536565538,4.63048929418
OCNT-2318207,JGGPCIRSTZSSMU-UHFFFAOYSA-N,4.656876756680001,4.530810917739998,4.936514966699999,3.9301563378200024
OCNT-2318242,ZHIHTRGKAIBXBP-UHFFFAOYSA-N,3.82086954761,4.006392250430002,4.707090902319999,3.595204597099999
OCNT-2318243,FPLPOQIKBRHTGT-UHFFFAOYSA-N,5.056249104610001,4.3896078774200005,4.6172007956800005,3.826267641850001
OCNT-2318253,XDVGRJCMNYKMJE-DLBZAZTESA-N,4.968406166570001,4.82315132777,4.666055254229999,4.940300406450001
OCNT-2318261,DYGIIYMCZAKMPG-UHFFFAOYSA-N,4.552329445669999,4.40844547429,4.743236208,4.20719051683
OCNT-2318277,KSDJFGQHRCKMIH-OAHLLOKOSA-N,4.436281645990002,4.283913477819999,4.921854387030001,3.818547883709999
OCNT-2318286,IWZLNPIFCWXPLP-UHFFFAOYSA-N,4.679155785300001,4.634648195759999,4.86771354565,4.38577545751
OCNT-2318290,ZQHUBTBJNOFDIR-UHFFFAOYSA-N,3.977967793479999,4.065596344979999,4.9958987122,3.8873290764000012
OCNT-2318294,WERKMJOGKJEZGI-UHFFFAOYSA-N,5.174599769200001,4.933557532300001,4.80377209444,4.622314212049999
OCNT-2318329,RNMDHLPABCGGFP-UHFFFAOYSA-N,4.80700491115,5.078224539989998,4.569085766859998,4.82543260565
OCNT-2318351,CCXULBUUIBWSSY-UHFFFAOYSA-N,4.903672018350001,5.296538261560001,4.72672091249,5.02465120643
OCNT-2318364,PEOQYHHOEUVRKO-UHFFFAOYSA-N,5.8492887735600005,5.1275286498899995,4.359288165319999,4.267121648850001
OCNT-2318369,ZGVBQHVFIPSHHN-GOSISDBHSA-N,4.3938626148200015,4.26048297584,4.91284284168,3.7892451493199997
OCNT-2318394,JVVLSCNLUICXDH-UHFFFAOYSA-N,5.364312880480002,4.637617960290002,4.8528700563800005,4.32661325434
OCNT-2318395,HIXHOKUXAQVXNT-UHFFFAOYSA-N,4.173007206799998,4.62742191849,3.912997661010002,4.89613897456
OCNT-2318397,IYDFTEKHSVJCIL-UHFFFAOYSA-N,4.1037274785,4.06931235707,4.62059006301,3.26861599152
OCNT-2318420,YJRZDAXNMXGWAN-UHFFFAOYSA-N,4.4654107020400025,4.417870365219998,4.751542270710001,4.035299948680001
OCNT-2318463,PVCJAHQCQKVCAF-UHFFFAOYSA-N,4.289067835330002,4.040784794100001,4.087942579510001,2.411598455850001
OCNT-2318487,KMEXCRYMZXZMKV-UHFFFAOYSA-N,3.9933965737799997,4.644829807979998,4.49251012535,4.555606362209999
OCNT-2318512,DXYZQPFEVYKJRQ-UHFFFAOYSA-N,4.376091108730002,5.334556874910001,3.8530462280300015,5.37778475907
OCNT-2318522,VNHATLSVIPZWCF-UHFFFAOYSA-N,4.140535117670001,3.7796351126399976,4.545643157750003,2.8638607727700016
OCNT-2318529,ROJMQXCYXDRWHC-UHFFFAOYSA-N,3.9548473416800003,4.59726170013,4.518940999399999,4.468764244840001
OCNT-2318536,KXNLLVASRWGPAE-CHWSQXEVSA-N,4.771733072389997,5.1686036482299995,4.0730449784000005,5.092049289570001
OCNT-2318549,TWIRHCAHDDBYNY-UHFFFAOYSA-N,5.798501784800002,4.763429712559998,4.32615847658,4.29155306134
OCNT-2318583,LRWJIQBFQXCVOD-UHFFFAOYSA-N,4.88516101155,4.74351946197,4.305198103570002,4.391939198969998
OCNT-2318618,FBIXRJHKNHRXFQ-UHFFFAOYSA-N,4.7083434508899975,4.8663952158700035,4.449659883980001,4.61189331258
OCNT-2318628,SSTBQYZOJAYQSM-UHFFFAOYSA-N,4.1427556038099995,5.149433134660003,4.70535158785,4.923343610270001
OCNT-2318639,MNPGBPBPRIRZDE-UHFFFAOYSA-N,4.38588766451,4.643381199219999,4.723912836250001,4.71919238289
OCNT-2318659,YKAIMSBMSJLSGC-YTPLPTRZSA-N,4.546605525950003,4.657345360309999,4.696721397459999,4.434413893920001
OCNT-2318675,SKJNEGPDPYJBMI-UHFFFAOYSA-N,3.5637572576099994,4.534249463949999,4.138231871480001,3.7132933826800008
OCNT-2328323,XYCMOTOFHFTUIU-UHFFFAOYSA-N,5.2306973246299995,4.362564158519999,5.259273997380002,3.740039726180001
OCNT-2328326,VYQNWZOUAUKGHI-UHFFFAOYSA-N,5.147198348050001,4.694704260919998,4.413201750430001,4.21177855977
OCNT-2328329,INDBQLZJXZLFIT-UHFFFAOYSA-N,5.50482194121,4.16738639204,4.858647577180001,4.0011817974699975
OCNT-2328330,CPEUVMUXAHMANV-UHFFFAOYSA-N,5.40178797537,4.806512357699998,4.180755230359999,4.453993671730001
OCNT-2328331,GJSURZIOUXUGAL-UHFFFAOYSA-N,5.4507610902,3.4227465677699995,4.698183140929999,4.089843364610002
OCNT-2328344,TTWJBBZEZQICBI-UHFFFAOYSA-N,4.8149725748100005,3.9107380437599994,4.740000349509999,3.957030888410001
OCNT-2328376,KNHUKKLJHYUCFP-UHFFFAOYSA-N,5.316636734490001,4.28041985328,4.64659457614,3.633834716989999
OCNT-2328380,AZFLJNIPTRTECV-FUMNGEBKSA-N,4.978912189170002,4.341850712209999,4.598964475670002,4.487219886919998
OCNT-2328402,KSGXQBZTULBEEQ-UHFFFAOYSA-N,3.8879393255399988,4.94954810839,4.137057109749999,4.952595439269998
OCNT-2328420,RHDJRPPFURBGLQ-UHFFFAOYSA-N,5.580521514640001,3.8447008593800014,4.928091576790003,4.003998451929999
OCNT-2328449,HTQMVQVXFRQIKW-UHFFFAOYSA-N,4.303255582349999,4.727454962240003,4.16639237114,2.9390764080599983
OCNT-2328485,REYFJDPCWQRWAA-UHFFFAOYSA-N,5.176944478250002,4.469085174700002,4.86895785782,4.360569838550001
OCNT-2328496,IYIKLHRQXLHMJQ-UHFFFAOYSA-N,4.523611493720002,5.00519137439,4.518249730759997,5.067396833230001
OCNT-2328518,OOGJQPCLVADCPB-HXUWFJFHSA-N,4.462715218360002,4.834652188120001,5.468464520920003,4.566821805679998
OCNT-2328533,CBEQULMOCCWAQT-WOJGMQOQSA-N,5.058471820469999,4.572720381450001,5.324676595550001,4.156003465139998
OCNT-2328558,RDOIQAHITMMDAJ-UHFFFAOYSA-N,4.563146351890001,5.054892396840001,4.762015061540001,5.016006398859999
OCNT-2328583,VLPIATFUUWWMKC-UHFFFAOYSA-N,4.983611625060002,3.300006525240001,4.818353406510002,3.8456499067300007
OCNT-2328648,JAUOIFJMECXRGI-UHFFFAOYSA-N,4.5894630550599995,4.877139185540001,4.98147215202,4.702645920839999
OCNT-2328663,SPIUTQOUKAMGCX-UHFFFAOYSA-N,4.469214732080001,5.2918220661,4.682805039319998,5.093380301030001
OCNT-2328691,GIKNHHRFLCDOEU-UHFFFAOYSA-N,5.137868322199998,3.0526441327499994,4.286042693769998,3.4870203412800005
OCNT-2328714,QVYRGXJJSLMXQH-UHFFFAOYSA-N,5.3509730898,4.756355888149999,5.162004326969997,4.35418010641
OCNT-2328731,ZBBHBTPTTSWHBA-UHFFFAOYSA-N,3.8057983915200015,4.877833990989999,4.314815564300001,4.922958627059999
OCNT-2328745,NIVZHWNOUVJHKV-UHFFFAOYSA-N,5.104818608890001,3.0892711880000006,4.797543247960001,3.958877353449998
OCNT-2328753,OBWASQILIWPZMG-QZMOQZSNSA-N,4.4189830089600015,4.5996982507799995,4.815403206780001,3.800035441570001
OCNT-2328767,DBEPLOCGEIEOCV-WSBQPABSSA-N,3.9216973323200004,4.724872491559999,4.75617221368,4.7180638065
OCNT-2328781,MJIHNNLFOKEZEW-UHFFFAOYSA-N,5.335938593950004,5.176528515819999,5.034082121409996,4.95095842105
OCNT-2328788,VGKDLMBJGBXTGI-SJCJKPOMSA-N,5.582082893519996,4.777993567369999,5.161251056519998,4.69639649461
OCNT-2328794,MJVAVZPDRWSRRC-UHFFFAOYSA-N,4.969980377090001,3.284240116270001,4.306120590130002,3.386927715230001
OCNT-2328798,NUVBSKCKDOMJSU-UHFFFAOYSA-N,5.276652601399999,3.0688752324600013,4.430257953489998,2.8489638207799994
OCNT-2328820,GHMLBKRAJCXXBS-UHFFFAOYSA-N,4.979436423589999,3.1120563395700027,3.7472360490699974,3.4744049347500003
OCNT-2328824,VDNLFJGJEQUWRB-UHFFFAOYSA-N,3.8631748430899986,5.014333693940001,3.370301380550001,3.3535899264799975
OCNT-2328835,MBUVEWMHONZEQD-UHFFFAOYSA-N,4.5215580176199985,4.99030547614,5.04790153134,4.94377767391
OCNT-2328839,WSEQXVZVJXJVFP-FQEVSTJZSA-N,5.165634555230002,4.7298680512099995,5.237412409629999,4.611368959049998
OCNT-2328849,JVTAAEKCZFNVCJ-UHFFFAOYSA-N,4.482341761180002,3.0440859275300016,4.115724223249997,2.9004541178899994
OCNT-2328857,YQGDEPYYFWUPGO-UHFFFAOYSA-N,4.648120739440001,3.2186815549700016,4.295332473169998,2.76845514469
OCNT-2328864,ZEUITGRIYCTCEM-KRWDZBQOSA-N,5.744412340820002,5.19077981167,5.264741219550002,4.965030441690001
OCNT-2328892,XUIIKFGFIJCVMT-LBPRGKRZSA-M,4.4764210370500015,4.202912648629999,3.9128338873900024,3.3372243113499973
OCNT-2328916,ABJKWBDEJIDSJZ-UHFFFAOYSA-N,4.740336521720001,4.773848470710003,5.4153938247500015,4.640808165769999
OCNT-2328938,WUZYKBABMWJHDL-UHFFFAOYSA-N,4.426981509529999,5.007860891400001,5.063779887649999,5.12211171262
OCNT-2328950,OUBMGJOQLXMSNT-UHFFFAOYSA-N,5.2365700672200015,4.918679009789999,4.840953287809999,4.562861687939999
OCNT-2328955,FPIPGXGPPPQFEQ-OVSJKPMPSA-N,4.9642296480200025,5.017345411489999,5.50119267555,4.664173905729999
OCNT-2328993,RDJGLLICXDHJDY-UHFFFAOYSA-N,4.911967056679999,4.528519025779998,4.54192876549,3.075412125719999
OCNT-2395287,RJJZTKVXXCCXQF-UHFFFAOYSA-N,4.953274355500001,4.58183777713,4.603708048700001,4.135246092510001
OCNT-2395290,UDVCSWPMFIKVAP-UHFFFAOYSA-N,3.1384746847100002,3.5882085548100013,4.42801744334,2.7233405954700007
OCNT-2395291,BGJFRMNKWBUDET-UHFFFAOYSA-N,5.319211562940003,4.854255681399999,4.9601088628,4.40248632177
OCNT-2395293,XOXUUFNTCJYHHW-UHFFFAOYSA-N,4.244599207759999,4.2846979242000005,4.632508575390001,3.865796298440001
OCNT-2395309,TXJZXCYMSCFYJB-UHFFFAOYSA-N,4.7527610987600015,4.082196182779998,4.623878643089999,3.6235093008999995
OCNT-2395315,YFEAWONHDZRTON-UHFFFAOYSA-N,5.319528500209999,4.848625520279998,4.325025731729999,4.64719186914
OCNT-2395323,PVCAHDNVFNPUKE-UHFFFAOYSA-N,5.1041327371300005,4.482138148020001,3.6514929573900003,4.34383754891
OCNT-2395324,ADOOOKDJTDHGHX-UHFFFAOYSA-N,4.315920438669998,4.596506741440001,4.692275717589998,4.692330650779998
OCNT-2395331,FWGOMKHOFNHOSZ-UHFFFAOYSA-N,4.953989649690001,4.612271499289999,4.770708895430001,4.487262626490001
OCNT-2395332,VMKFDGZZTLOMLG-UHFFFAOYSA-N,5.2478605300200005,5.465163985130002,3.9133163841799994,4.981478901719999
OCNT-2395336,RRMQRUZATNRUIE-UHFFFAOYSA-N,4.445281872699999,3.798963928300002,4.671399918139999,3.3480741208599976
OCNT-2395337,XNAJDXNGXZSOOT-UHFFFAOYSA-N,5.2271797092600005,4.284657182940001,4.981561278670001,4.231589179120003
OCNT-2395362,MPFAPLWWRCZTHK-UHFFFAOYSA-N,4.38947416451,5.099068017209999,3.8230889128199994,5.106719720750002
OCNT-2395370,UIDFVDUTWBJQGU-UHFFFAOYSA-N,4.571917590070002,3.9895922660099994,4.7489243226100015,3.105263381229999
OCNT-2395374,XXIDEZIPVPUJRR-UHFFFAOYSA-N,4.15729324995,4.062099352789998,4.944671262490001,2.9500639546700005
OCNT-2395376,ORTWNJZUAIUYKM-UHFFFAOYSA-N,5.089271662950001,5.157775519889998,4.227227838139999,4.970707001110001
OCNT-2395377,DHOGCLBDWIPOBU-UHFFFAOYSA-N,4.7179325208100025,4.695463430499999,4.51835462374,4.9482354442700025
OCNT-2395379,KGQGNVXQLYFAOR-UHFFFAOYSA-N,5.419741824160002,4.96442607112,4.768856757109998,4.719774803710001
OCNT-2395394,JBGUJZDWPHNSHD-UHFFFAOYSA-N,4.31869755779,4.777055403589999,4.295690578270004,4.5058850103599974
OCNT-2395395,GKBSFXJAHNHBDN-HWWDLCQESA-N,4.1806698230300015,4.64577527404,4.640257382570001,4.817026822239999
OCNT-2395398,QBTKYQSQDNYSJW-UHFFFAOYSA-N,5.081498429130003,4.589352572029998,4.864629577830001,4.55509383316
OCNT-2395399,DWOHXLUDTPAGGR-UHFFFAOYSA-N,5.0742667088,4.4386707255300015,4.381145630829998,3.9497293884099993
OCNT-2395403,NQCVIFUTOQVPDB-UHFFFAOYSA-N,4.856238458870001,4.914234029369998,5.122988403330002,4.703926161899999
OCNT-2395404,MUXQTGKIVRSWAN-UHFFFAOYSA-N,4.103561411249999,3.5155868280300013,4.412542673749998,2.56494945153
OCNT-2395407,WWLISLZNGXQQLF-UHFFFAOYSA-N,5.253350367700001,4.033824774809999,4.75822966499,3.99646525616
OCNT-2395414,GUVDEBQYZLFNCP-UHFFFAOYSA-N,5.342498940000002,5.24296924864,4.519039598039999,4.782878082540003
OCNT-2395416,BMZLZQHDDRYCEU-UHFFFAOYSA-N,4.060369873319997,4.478479516159998,4.529954081579999,4.455791785919998
OCNT-2395418,FSDPMVRINSSCJT-UHFFFAOYSA-N,3.83181385826,4.71128356503,4.658191145540001,4.5456257327600005
OCNT-2395428,YZZRKGPDASBVGM-UHFFFAOYSA-N,5.1253819521100015,4.641962489320002,4.929784632569999,4.586005363020002
OCNT-2395431,MKSMCTOLENWCGA-UHFFFAOYSA-N,3.8152850835800005,4.09465630411,4.681589004619999,3.1166523360999996
OCNT-2395435,DXLJVPKHMCRJMN-UHFFFAOYSA-N,4.4646930228200015,3.481726060420001,4.712454607640002,2.7642838474700007
OCNT-2395437,PHDCPFQMZFUTAS-UHFFFAOYSA-N,5.261135784809998,4.638545876379999,4.807907966520001,4.601039831989999
OCNT-2395438,STPVSAJYHZTWPV-UHFFFAOYSA-N,4.6665950298100025,3.6759900885200008,4.26955253701,3.4697128411100016
OCNT-2395439,TYZSFHHKSSQPJU-UHFFFAOYSA-N,3.9605517986700005,4.768000640599999,4.20348421706,2.9767665196000017
OCNT-2395443,TVTPOERDJDYHCW-UHFFFAOYSA-N,5.1696335069299995,4.602043686099998,4.698013534289998,4.485063422340001
OCNT-2395452,DMZMESXZSXERBS-UHFFFAOYSA-N,4.13629123462,3.874033793410001,4.7145449253399985,3.0880213622599997
OCNT-2395455,CMOXMEILBPKQHC-UHFFFAOYSA-N,4.249746157779999,4.438382165350001,4.5438211486999975,4.872782809010001
OCNT-2395458,OXLGYDLAQVKNCK-UONOGXRCSA-N,4.0788835279399995,3.9469883001699997,4.929044192199998,3.073331536390002
OCNT-2395466,RVBYSOSSNDRWFO-UHFFFAOYSA-N,4.310146659580003,4.294295147099999,4.125540321630001,4.10795770374
OCNT-2395471,ZAWLZKHAQFWKAY-UHFFFAOYSA-N,4.02327055839,3.99988754753,4.52108704071,2.1561681942100015
OCNT-2395481,ANKYSPAPZXZRKL-UHFFFAOYSA-N,4.7898675642600015,3.773104403600002,4.5841770302499985,3.40906132504
OCNT-2395489,NMVHDBFXWRCWPL-UHFFFAOYSA-N,4.1706422862800006,3.9851935265200003,4.5980356779400005,2.4524684086800006
OCNT-2395491,CMJHYIYEZVPEKX-UHFFFAOYSA-N,5.299968701670004,4.48607036331,4.583279858509999,4.42153314723
OCNT-2395495,LORROHMPLWAYJF-UHFFFAOYSA-N,5.109708333880002,4.7587920026,4.35569649567,4.707823752420001
OCNT-2395496,PEZCWYOLOOOVQM-UHFFFAOYSA-N,4.8650689317800015,5.11535628086,4.97842959987,4.982253866339999
OCNT-2395500,AATKRDLDTAZTJL-UHFFFAOYSA-N,5.339489641130001,4.727107449390001,5.3132511424299995,4.77019232277
OCNT-2395501,FQOWCVFDUZFHLA-UHFFFAOYSA-N,5.077593950669999,5.305332699039999,4.383646385240001,5.264699714580001
OCNT-2395504,JDULGAIJOJJFGG-UHFFFAOYSA-N,5.191242239930002,4.444715699509999,4.74079434588,4.659537032799999
OCNT-2395520,GODHPEISNMRQSM-UHFFFAOYSA-N,4.901583641550001,4.351289739449999,4.705595766269999,3.9442490675200013
OCNT-2395528,QWXPXVPCPNYPHO-UHFFFAOYSA-N,5.1643814119,4.979994915270001,4.4617265026799995,4.866104577589997
OCNT-2395529,NRYADSRCTBFWRF-JBAPVGOWSA-N,4.949162225990001,4.45532229934,4.632301986669997,4.37850462107
OCNT-2395532,KTQKEHUXYRBZQZ-UHFFFAOYSA-N,4.781124111739999,5.082475512580002,5.075492394079999,5.095370710529998
OCNT-2395537,OWZIUSPJOOLACL-UHFFFAOYSA-N,4.016570987100001,4.739786735290001,4.411298532450003,4.36772778736
OCNT-2395543,RUNGUEZWZTVFCU-UHFFFAOYSA-N,4.866763358209999,4.756329417029999,4.486389548630002,5.109424242180004
OCNT-2395548,WOULMLSTCVMSPN-UHFFFAOYSA-N,5.344552198559998,5.366765505130001,4.612607154559998,5.425854740369998
OCNT-2395556,FKDGSNNIFHGRKN-UHFFFAOYSA-N,5.029546420040004,4.7122075792899984,4.32992874791,4.260283639869998
OCNT-2395557,JFXRKJJBUPVDID-UHFFFAOYSA-N,4.377231676749999,3.720369388860001,4.8739315561300005,2.9950584386200005
OCNT-2395566,YBCQCDKLRZBYPI-UHFFFAOYSA-N,4.61503026668,4.335838533539999,4.443865627109997,3.9717960889600006
OCNT-2395569,HEPXFCPIBMRRBZ-UHFFFAOYSA-N,4.036975750750002,3.6596842129200002,4.584425792499999,2.762214404579999
OCNT-2395576,YXTNAXUFAGFNGO-UHFFFAOYSA-N,5.15339921427,4.723728618660001,5.10663420357,4.489652377770002
OCNT-2395582,DTWGQURLWJYWCB-UHFFFAOYSA-N,5.508526908240001,5.2777877477100015,4.822683966220001,4.93063073691
OCNT-2395588,COBJIQXSNFUCNG-UHFFFAOYSA-N,4.474653179810002,4.2634956323700015,4.1724102645100025,4.361129914470001
OCNT-2395599,GAJPAQZXVDIPFZ-UHFFFAOYSA-N,5.019146491989999,4.7052890554800015,4.6665984830100005,4.565950288579999
OCNT-2395602,INPVMHGBOBZEPM-UHFFFAOYSA-N,5.031401720350001,5.1312620745599995,4.498476921479998,5.002924370130004
OCNT-2395603,SZQLDCNOSRKNKT-UHFFFAOYSA-N,5.343649925630001,4.692818882260001,4.719989806900002,4.642129538379999
OCNT-2395606,OYBCLJJKAIHXRC-UHFFFAOYSA-N,5.277023209319999,5.263538598400001,4.150733951320001,5.222384557119998
OCNT-2395615,OWDQVZHOEPSCRJ-UHFFFAOYSA-N,4.198260460660004,5.157417084169998,4.308075206929999,5.015584155400001
OCNT-2395617,ZFLNQKJXJYGVKM-UHFFFAOYSA-N,4.446937389739998,4.5546526852,4.617177146939999,4.3650704469600035
OCNT-2395621,RQUJRQRACFINJM-UHFFFAOYSA-N,4.900064007539998,4.6761895416599994,4.807594890000001,4.6486252933799985
OCNT-2395627,NJTUJJIKAYUDGD-UHFFFAOYSA-N,4.63914565302,5.29445059825,3.776848350300002,4.597836401970004
OCNT-2395631,YDVFKKIYGVLNGT-UHFFFAOYSA-N,5.03612306566,4.461419805829998,4.233272329750003,4.468080983820005
OCNT-2395638,DOHJYNWDMIJJRO-UHFFFAOYSA-N,4.278934707530001,4.733351807040001,4.5370523745200035,4.8258503449
OCNT-2395651,FFEDIEBSLQQKEK-UHFFFAOYSA-N,4.4171323999,4.840961881619999,3.8987662428300003,3.4846403693700005
OCNT-2395662,IRKYFFBPASUKKZ-UHFFFAOYSA-N,3.611518158239999,3.6494969164500013,4.359806910790001,2.2082301882800013
OCNT-2395670,ANKJZMOSISEFKF-UHFFFAOYSA-N,5.095564277010001,4.657782718779999,4.518012943,4.63951457618
OCNT-2395672,QOWDANZXWYEGPT-UHFFFAOYSA-N,3.9029198533400002,3.8682804716499986,4.409544776770002,3.1442468084299993
OCNT-2395675,RUTPHZIFPKYSDE-UHFFFAOYSA-N,4.169622603430004,4.407170720219998,4.93861399276,5.038049516940003
OCNT-2395681,ZHAARJLDFPNKLT-UHFFFAOYSA-N,5.105252039940002,4.073780724860001,4.301906591480001,3.902143052870001
OCNT-2395682,YSXFALBFZPSVAY-UHFFFAOYSA-N,4.34477805798,4.522501974839999,4.8487081856,4.0889709388
OCNT-2395683,FBNCMWHMXUYLJC-UHFFFAOYSA-N,3.4233490577400003,3.71639645593,4.530213921230001,3.1940562815
OCNT-2395687,OLRZPWDVYYEKGN-UHFFFAOYSA-N,4.8075192426100015,4.38010502122,4.275616322909999,4.0675474967200005
OCNT-2395689,HLGONRSHXFEINO-UHFFFAOYSA-N,4.8240822438,4.3476393488900005,4.356782009720001,3.9145919258899977
OCNT-2395692,IOWRIDUXZXMMQU-UHFFFAOYSA-N,4.909385947789999,4.7103921866,4.24112596919,4.098196078170002
OCNT-2395696,ZWQZJLBSHIQICX-UHFFFAOYSA-N,5.571961875229999,4.924353087279999,4.465829609239997,4.324196511650002
OCNT-2395697,AVVYSOUEAQUFBT-UHFFFAOYSA-N,4.770682774820002,4.042704145770002,4.631339517039999,3.08955142297
OCNT-2395704,CGPCPBSMPYTZMC-UHFFFAOYSA-N,5.2330051302300005,5.401803465459998,4.154208956120002,5.01778876471
OCNT-2395706,SXDMWIXDSQCASC-UHFFFAOYSA-N,4.684366485800002,4.727693870240001,4.628211134380002,4.38324258536
OCNT-2395712,SPZQDXGBZLHTIG-UHFFFAOYSA-N,4.834051197870002,4.08543285106,4.73691823045,4.20563005581
OCNT-2395714,DUKICPCHQPYURE-UHFFFAOYSA-N,5.08812834992,4.864696048360001,3.805235805089999,4.424147162489999
OCNT-2395718,ASTDCICFPQKUIL-UHFFFAOYSA-N,4.550853280350001,4.101979969919999,4.702080895220002,4.142717511910001
OCNT-2395719,ARMHNKPKRVBKDE-UHFFFAOYSA-N,5.24072771798,3.724545686470001,4.2100482997899995,3.804380981840002
OCNT-2395723,JQVSAVSOQRGLPR-UHFFFAOYSA-N,4.59183273139,3.682134611490001,4.677463219409998,2.9790287974000007
OCNT-2395726,JHKSVXWGJPSVPH-UHFFFAOYSA-N,5.004270248020003,3.912524924649998,4.752737840149999,3.4985347395300024
OCNT-2395729,ABBNLJTZTQVBCG-UHFFFAOYSA-N,5.125093213890002,4.337879532680002,4.784336722789998,4.546226401060001
OCNT-2395730,JHOHCIQEHBJHIY-UHFFFAOYSA-N,5.082685285220001,3.6786005581800003,4.46348400366,3.650649836890001
OCNT-2395739,MNLLGQAENHHBIN-UHFFFAOYSA-N,4.269482934790002,4.7970912829799985,3.80071622983,4.502457385420001
OCNT-2395740,FOIRYFMSWXZVCR-UHFFFAOYSA-N,4.871941802380001,4.55281538737,4.764553413939998,4.978906965530001
OCNT-2395742,KIFQBAROWBDCDH-UHFFFAOYSA-N,4.844019641310004,4.249922361529998,4.735156380810001,3.894871203130003
OCNT-2395743,VTTWZHQHBBSLPE-UHFFFAOYSA-N,4.656184061300003,4.4724161443499995,4.844698490379999,4.92855957574
OCNT-2395754,RDLVSGOVJOSIHV-UHFFFAOYSA-N,4.53213417468,4.265492060949999,4.521725074660002,2.4880402043300007
OCNT-2395758,VGKTZOSSNOYRLG-UHFFFAOYSA-N,5.02278714054,5.324128035580002,4.65897999737,5.490632594710004
OCNT-2395762,SGCOMSXBUQWSBL-UHFFFAOYSA-N,5.159828650470001,4.695062887889998,4.675634148669999,4.6745378762500005
OCNT-2395775,ZTFVHUMBZXGEFS-UHFFFAOYSA-N,4.580170134070001,4.07864159329,4.682160253489999,3.863507197759998
OCNT-2395777,XHMRHVMVFSPYOG-UHFFFAOYSA-N,4.890725021179998,4.763099651659998,4.117057718770001,4.379131468490001
OCNT-2395781,JNMBUNCAVAQQQX-UHFFFAOYSA-N,5.5862521217,4.264959061090002,4.98501617449,4.692962147110001
OCNT-2395783,HZYLYVJGIBASSW-UHFFFAOYSA-N,5.30733839071,4.197199146880002,4.732088044139999,3.97293993325
OCNT-2395795,SCPRVCRZHVPKLD-UHFFFAOYSA-N,4.553636322630001,3.863245058089999,4.79371549521,3.670578027820001
OCNT-2395796,FUKVXEGKZLQFNL-UHFFFAOYSA-N,4.98824118744,5.146625731189999,4.481416626730001,5.0114711924
