Molecule_Name,inchikey,CYP1A2_pIC50_direct_inhibition,CYP2C9_pIC50_direct_inhibition,CYP2D6_pIC50_direct_inhibition,CYP3A4_pIC50_direct_inhibition
OCNT-0021943,QZAYGJVTTNCVMB-UHFFFAOYSA-N,5.160959077570001,3.37460290278,4.400876522540003,3.0130210646699997
OCNT-0022066,IENZQIKPVFGBNW-UHFFFAOYSA-N,4.208644831560001,4.268872460589998,4.522614111529998,3.649607248330001
OCNT-0022127,LNEPOXFFQSENCJ-UHFFFAOYSA-N,5.070132962630001,4.962857039599999,5.041105188729999,4.8115814637
OCNT-0022129,ZUXABONWMNSFBN-UHFFFAOYSA-N,4.544008354929999,4.18703764248,4.545294606980002,3.859873833710002
OCNT-0022141,KLBQZWRITKRQQV-UHFFFAOYSA-N,5.037411689869998,4.878413258330002,5.534398918859998,5.144912819809998
OCNT-0022234,YRCWQPVGYLYSOX-UHFFFAOYSA-N,4.4960838279100015,3.3199628141299997,4.525730506310001,2.8761692406200012
OCNT-0022246,ZEWQUBUPAILYHI-UHFFFAOYSA-N,4.9778463221199996,4.7152004174499975,5.6073190007800005,5.077063727839998
OCNT-0022266,PWWVAXIEGOYWEE-UHFFFAOYSA-N,5.191820473740003,5.004244397600002,5.480956844879993,4.526862213959998
OCNT-0022268,WIKYUJGCLQQFNW-UHFFFAOYSA-N,5.016085247829999,4.676834722479999,5.671573056910001,5.053225475139999
OCNT-0022314,FPCCSQOGAWCVBH-UHFFFAOYSA-N,3.9324937963800024,4.374292492149999,4.5394939222599975,4.1983959142800025
OCNT-0022316,VCKUSRYTPJJLNI-UHFFFAOYSA-N,3.99024262142,3.7168835198099996,4.658369158499998,2.7035966548100006
OCNT-0200796,FBOZXECLQNJBKD-ZDUSSCGKSA-N,3.5106975275400014,3.7028545543200004,4.299543817529998,3.03201861088
OCNT-0319465,CDQSUAXVLAUUPS-UHFFFAOYSA-N,4.8945407138100006,4.640480783979999,4.5686696751400016,4.033098024630002
OCNT-0478539,DRLFMBDRBRZALE-UHFFFAOYSA-N,4.882876575200001,3.5438003587800018,4.663337714819999,4.1675461595500005
OCNT-0483502,DOBMPNYZJYQDGZ-UHFFFAOYSA-N,5.380919016320002,4.53343256517,4.6692675794600005,4.402131575290002
OCNT-0492977,PIXMJBOEBUQEEW-UHFFFAOYSA-N,4.691151345930001,4.239927641369999,4.5793319971900015,3.479638305520001
OCNT-0493312,JCCNYMKQOSZNPW-UHFFFAOYSA-N,4.07976631125,5.297631506199999,4.907792941950001,5.059169456390002
OCNT-0493346,LPEPZBJOKDYZAD-UHFFFAOYSA-N,5.518171234000001,5.1936681684299995,4.4822021942,4.402478043059998
OCNT-0493951,KKZJGLLVHKMTCM-UHFFFAOYSA-N,3.869010523590002,4.071899775490002,4.329665264070001,3.1041874107600025
OCNT-0493990,MLDQJTXFUGDVEO-UHFFFAOYSA-N,4.78081284003,5.1837267993700005,4.041964926590003,5.292630513259999
OCNT-0494162,BFPYWIDHMRZLRN-SLHNCBLASA-N,5.381079784980001,4.880133815820004,4.845139976450002,4.609392777059999
OCNT-0494195,YQNQNVDNTFHQSW-UHFFFAOYSA-N,4.862468552769998,4.298012834720001,4.50583728704,3.6976648953200004
OCNT-0494638,RUDATBOHQWOJDD-BSWAIDMHSA-N,5.015043338530001,4.4396800179,4.6798710551700005,5.164003570410001
OCNT-0494698,ZNNLBTZKUZBEKO-UHFFFAOYSA-N,4.952234996030001,5.09511820562,4.662102861679998,4.981006579629998
OCNT-0495039,QIVBCDIJIAJPQS-VIFPVBQESA-N,4.866459254500004,3.418777767320002,4.2587221459999975,3.1336558105199996
OCNT-0495153,OCJYIGYOJCODJL-UHFFFAOYSA-N,4.961577586030001,4.532644962310004,5.628832829889998,5.03313436122
OCNT-0495303,WHTVZRBIWZFKQO-UHFFFAOYSA-N,5.314108639370001,4.569392305259998,4.903937797329997,4.628366696670002
OCNT-0495620,KXGVEGMKQFWNSR-LLQZFEROSA-N,4.85003875349,4.39345240321,4.5116090505500015,5.1972338572700005
OCNT-0497934,YJGVMLPVUAXIQN-XVVDYKMHSA-N,4.284390991470001,4.562456027339999,4.725045811039999,4.3398283991100035
OCNT-0497954,WSPOMRSOLSGNFJ-AUWJEWJLSA-N,5.074188726050001,4.540890372020001,5.489462009129999,4.24770865918
OCNT-0498064,RUZYUOTYCVRMRZ-UHFFFAOYSA-N,3.9534689078200014,4.40852395773,4.644451574459998,3.6968702896900005
OCNT-0498090,VKQFCGNPDRICFG-UHFFFAOYSA-N,4.6206794350100004,4.722316382580002,3.640425028230001,4.8279502686499995
OCNT-0498121,JNMRHUJNCSQMMB-UHFFFAOYSA-N,4.974189841480001,3.430283372010001,4.158237133129999,3.3720872183300004
OCNT-0498160,MBGGBVCUIVRRBF-UHFFFAOYSA-N,4.876196878000001,4.9312948825100005,4.430834502399998,5.070805444090001
OCNT-1411118,PBJUNZJWGZTSKL-MRXNPFEDSA-N,4.860848619460001,4.687364434140002,4.855769396744998,5.0352007149499975
OCNT-1893991,JXZZEXZZKAWDSP-UHFFFAOYSA-N,5.03550669409,4.668064788129999,4.798886896769997,4.649927277790002
OCNT-1893994,ZKMNUMMKYBVTFN-HNNXBMFYSA-N,4.986658003700002,4.477830619699999,4.961826243542503,4.13741941432
OCNT-1893998,RGOVYLWUIBMPGK-UHFFFAOYSA-N,5.502447392360002,4.765640538200004,4.5934878765925,4.169287616589998
OCNT-1911794,LOUPRKONTZGTKE-LHHVKLHASA-N,4.963530942460003,4.6999683781299995,4.966983803699997,4.51301357731
OCNT-1965960,INWLQCZOYSRPNW-UHFFFAOYSA-N,5.040688451680001,3.6210489632700007,4.921474206370002,4.01786314544
OCNT-2308470,RQGVCACJTCSQTN-UHFFFAOYSA-N,5.3911901412,4.8043138127399985,4.796944896299999,4.878407644879999
OCNT-2308474,RMOQOPSUZCJLMR-UHFFFAOYSA-N,5.27772134531,4.9262111488599984,4.7436724446500005,4.112438595369998
OCNT-2308494,HNTSVSUJRBPIDS-UHFFFAOYSA-N,4.786745065100003,4.66438110412,4.749698227239999,4.393332666859998
OCNT-2308501,WCGOAKBBDHZUDP-UHFFFAOYSA-N,3.9153630532200014,4.448968200730001,4.672277620430003,4.369221352679998
OCNT-2308504,WNVJJXBDZXMAAQ-UHFFFAOYSA-N,4.008193593390001,4.144406665649998,4.635234113609999,3.3672959055300002
OCNT-2308512,HJAMHWGDBJJRCC-UHFFFAOYSA-N,5.283842742089999,4.787175624700001,5.117531810920001,4.659696207715
OCNT-2308529,KBIFFZFLJCHRSB-UHFFFAOYSA-N,4.672625953359999,4.38454645078,4.165203248129999,4.027576525289998
OCNT-2308531,BZQFGNJQXVEMQC-UHFFFAOYSA-N,4.5610395208000005,4.800244833529999,4.770840015820002,4.790664419843333
OCNT-2308539,ZWRLRPADEBXZJB-UHFFFAOYSA-N,4.267697876890002,5.061589496440003,4.321617545189998,4.981496425840001
OCNT-2308543,AAUDAIVFRROHGC-UHFFFAOYSA-N,4.555044967670002,4.1351009339900004,4.886378815219998,3.4113366782199988
OCNT-2308553,PVLYROGYOCQWRM-UHFFFAOYSA-N,4.978813728000002,4.663983000480001,4.560587763249999,4.234660818029999
OCNT-2308560,KGGXLTJOCZBYMP-UHFFFAOYSA-N,4.861691671389998,4.799830970940001,4.663490755349996,4.904339199339999
OCNT-2308571,JBLWNFFRBGGQRJ-UHFFFAOYSA-N,5.58728839546,5.030897621860002,4.4589277126099995,4.555912331420001
OCNT-2308585,KOJVPCIQCXWRGV-LRDDRELGSA-N,4.12394242815,3.5748394001800006,4.7509329645100005,2.30643453441
OCNT-2308594,DLIWZFLURZGWCN-AZUAARDMSA-N,5.46134646759,4.861952297819998,4.8516547417850004,5.163963113540001
OCNT-2308603,JLAOTGNFFLOXRH-UHFFFAOYSA-N,5.566616231470001,4.7564424589700005,4.7353070969900015,5.0315506674699995
OCNT-2308624,HCZDJIDHWJKQNL-UHFFFAOYSA-N,4.530991580070002,4.407531177839998,4.917900343290001,3.8852832809699964
OCNT-2308626,HQIXODCYFGBKNG-UHFFFAOYSA-N,4.162953281419999,3.7532818514999997,4.79177774165,3.0196710802599993
OCNT-2308632,BNVYMBNZHADONN-UHFFFAOYSA-N,5.325066471129999,5.057164370280003,4.484475719619999,4.570481377089998
OCNT-2308640,AAYXDSMALIOPQB-UHFFFAOYSA-N,4.628220834340001,5.3114148710999975,4.542253417579999,5.373762537330002
OCNT-2308649,NECXPRJZRYCKAT-UHFFFAOYSA-N,5.024515314870001,4.710084647600001,4.927352874,4.266915894300003
OCNT-2308656,SFFQJAZXVFNTET-UHFFFAOYSA-N,5.18011021643,5.138012024880001,4.491849642510001,5.060807809650002
OCNT-2308660,KGJRVDOHNIXDMY-UHFFFAOYSA-N,5.093975714519999,5.121536589139998,4.58626884444,4.520639234325
OCNT-2308682,JZKCGQFNKIROBD-UHFFFAOYSA-N,4.814921553210003,4.656652144850001,4.53299741501,3.7655036575999987
OCNT-2308687,BOENRGZTNSTROB-UHFFFAOYSA-N,4.639576991149998,4.779816304779999,4.6600362259900034,4.14254162481
OCNT-2308689,RBIQMTORZFPEDR-UHFFFAOYSA-N,4.1189588007600015,4.383358001329998,4.471862596360001,3.518845861190002
OCNT-2308693,JKRHRSTTXYTARO-UHFFFAOYSA-N,5.1423178083900005,4.993576618810003,4.651292161380001,5.01780793722
OCNT-2308760,CZPCBSYPEXOWNN-KXBFYZLASA-N,4.998530976610003,4.68975747076,4.934175971959999,4.44677976465
OCNT-2308768,SLVCIRWUTNDVDY-UHFFFAOYSA-N,4.829973214200001,4.346267918059999,4.383935802800001,3.736254087540002
OCNT-2308794,FGQIIXMRZKWIQS-UHFFFAOYSA-N,4.913035928240003,3.76104709963,4.693358062829999,3.757063294620001
OCNT-2308803,JIFHBVQNLSIJPG-UHFFFAOYSA-N,5.239476041470003,4.723408891510002,4.897341342490002,4.5923031071899985
OCNT-2308808,GCIKBYNGPPOSAR-UHFFFAOYSA-N,4.860342115689999,4.361767479810002,4.42107967786,3.6475252701800014
OCNT-2308818,FZCCZRTVIJFQKN-UHFFFAOYSA-N,5.365028681159999,4.956226400920001,5.21564020013,5.34764501927
OCNT-2308821,JAPPCCYAUPAWPQ-UHFFFAOYSA-N,4.84107635084,5.026808138769999,4.71076736292,4.853399889500003
OCNT-2308822,QECPZZNXERNMLC-HJWAUIETSA-N,4.166030459190003,4.209154141549999,4.3786804527899985,3.736994140679999
OCNT-2308842,FQCKBCZETREUQU-UHFFFAOYSA-N,5.246721651559999,4.731178748369998,4.76102819667,5.2434148805
OCNT-2308851,ANWFMPNNWUQEGN-UHFFFAOYSA-N,4.31490930292,3.9592826528900007,4.4463102574599995,3.09060117539
OCNT-2308852,JTEWTVFVNPJYQY-UHFFFAOYSA-N,4.2768542133,4.282257289660001,4.5953081097899995,3.94828460805
OCNT-2308860,GENBLLCBSGBWSV-UHFFFAOYSA-N,5.654703525979996,4.580491311009999,4.441378576040002,4.333510157659999
OCNT-2308866,TZHCGVRZHACKPM-UHFFFAOYSA-N,5.06472461851,4.49999517508,4.524552766500002,3.918305011790001
OCNT-2308872,PFOQBJFOBMXIFQ-OLZOCXBDSA-N,4.968174137360002,4.480396076050002,4.696279015000001,4.32814855151
OCNT-2308951,CFCALRFTJMJNCF-UHFFFAOYSA-N,4.8513470553500015,4.40804477394,4.5647467521100005,3.638346032840001
OCNT-2308952,YRYRQKCRFQZBJZ-UHFFFAOYSA-N,5.142628233160002,4.434874926630003,4.62168709067,4.309724751149999
OCNT-2308958,APCKBGSTXTVQIO-UHFFFAOYSA-N,4.561700715910003,5.0296366616,5.053550409964999,4.930605911229998
OCNT-2308997,GDMXBTJFBFUQPG-UHFFFAOYSA-N,5.44520148638,4.997908544820001,4.876656334979999,4.81620625929
OCNT-2308998,SMUXAFUMKFMQDV-UHFFFAOYSA-N,5.5638852533300005,4.693069544009998,4.588563130839998,4.815154229430003
OCNT-2309004,CJEBHGVZWZPWSG-UHFFFAOYSA-N,5.0771649626599995,4.698824131609999,4.472595256550001,4.93357454124
OCNT-2309012,CYDNTBXARFNHOK-UHFFFAOYSA-N,4.236500867220001,3.7146563224200015,4.6106839283899985,2.7068740937899998
OCNT-2309019,YVFXCMLVGKSGDB-UHFFFAOYSA-N,4.880000561990001,5.28802265969,4.44339575803,5.423235440950002
OCNT-2309024,XSVIVDYCHPPUGK-UHFFFAOYSA-N,3.990701531179999,4.099369856409999,4.7578034044300015,2.24611692035
OCNT-2309042,MLWJNKOKQZCQFM-UHFFFAOYSA-N,4.849400063100003,3.950136144490001,4.353891824689998,3.13188047285
OCNT-2309070,CFGZXKWGGSEENY-UHFFFAOYSA-N,5.283039281910001,4.727984815919999,4.648417912159999,3.7372284165700007
OCNT-2309134,WOGAEFGJGCXZAZ-UHFFFAOYSA-N,4.448768198910002,3.8314215411499997,4.630560801449999,2.7758027201500006
OCNT-2309139,XEASEVMEKOGXHQ-UHFFFAOYSA-N,5.599523004610002,5.344246369330001,5.474591042600002,5.6548612044699995
OCNT-2309149,HOLZORPNZUZFLM-UHFFFAOYSA-N,4.990255736759998,4.93684873154,4.663914699520001,4.4728126253800005
OCNT-2309151,QJWGFXLKMHWCMY-UHFFFAOYSA-N,4.444388787140001,4.636898926550001,4.500896543940002,4.610593923760001
OCNT-2309164,PNCMDCHZNMXPME-UHFFFAOYSA-N,4.407795924209999,4.464993581870001,4.54011654638,3.89306084726
OCNT-2309175,QTYQHQWTDLCRNC-UHFFFAOYSA-N,4.234786608230003,4.8044701215500005,4.224820541190001,4.716634923669997
OCNT-2309179,BWWQNTFNKYNBID-UHFFFAOYSA-N,5.729669232369998,5.252868248319999,5.3012647597800004,5.667231575289999
OCNT-2309196,AWUCBRVUTSPZQP-UHFFFAOYSA-N,4.502398008260001,5.056216673300001,4.6819559585900015,4.764431289799999
OCNT-2309207,FCZNJMSICLCNRK-UHFFFAOYSA-N,4.763741045689999,4.378992832469999,4.563261006179997,4.028909850130001
OCNT-2309232,MKUCLUPMYFFFGY-UHFFFAOYSA-N,4.638066388930001,4.094123899130001,4.54218722628,3.693782551679999
OCNT-2309246,HZJAEDMXWJCPPZ-UHFFFAOYSA-N,5.03494611139,4.59966885719,4.926009120959998,3.994734320960001
OCNT-2309266,ORECJXVOVYEVDN-UHFFFAOYSA-N,4.956026972710003,4.271424679930002,4.44361358922,3.88629047214
OCNT-2309274,ZXIVUUXCTPHHAO-UHFFFAOYSA-N,4.67525651019,4.6753722996499985,4.667782217180001,4.475881239480001
OCNT-2309279,TXZYYKDEFUKJEH-UHFFFAOYSA-N,3.8518359000099993,3.46395911845,4.636353436920001,2.3711278282799997
OCNT-2309286,CKULYSVCWINHRD-UHFFFAOYSA-N,4.593185111950001,4.371122192199999,4.60247961666,3.974254071910001
OCNT-2309290,BILGZUNWWFGLCD-UHFFFAOYSA-N,4.372923457029999,4.66275998235,4.591429043809998,4.03056667383
OCNT-2309299,GAABTIDOVCUIJA-PIVQAISJSA-N,4.646409296650001,4.643829007619998,4.58671631992,4.44568025185
OCNT-2309323,SOPSTNOHBNLMBW-UHFFFAOYSA-N,4.201551930830002,4.067752924779999,4.41106260025,2.74245110316
OCNT-2309324,QQISPTBFJAYJMO-UHFFFAOYSA-N,4.792973150390001,4.38792059815,4.767880423870002,4.231541834109997
OCNT-2309338,FDGYVGAIXDSNLL-UHFFFAOYSA-N,5.323312862290003,5.21246865262,4.635863155119999,5.04891078158
OCNT-2309345,AKNWHDZNSOSXGU-UHFFFAOYSA-N,5.136336166470001,4.61678097617,3.9470341047499993,4.363184782962502
OCNT-2309347,SCYVZKJFARRCOF-SKDRFNHKSA-N,4.98655794389,4.483006831060001,4.404473755309999,4.169370172180001
OCNT-2309366,NUDCKBSXSMSSHR-UHFFFAOYSA-N,4.8641976262499975,4.6486549111099995,4.63490200243,4.5630663175600015
OCNT-2309376,GBUSLTPPAQKFHD-UHFFFAOYSA-N,5.679258826720002,4.78362221905,4.479342484920001,4.554984862030002
OCNT-2309395,ZRPRJIZEXFJPDS-UHFFFAOYSA-N,4.40504744419,4.104651998119998,4.547067682720001,3.37608978587
OCNT-2309415,SZIZNFZWYZMKGP-UHFFFAOYSA-N,4.680794068990002,4.312209261450004,4.736762380800001,4.261480024480001
OCNT-2309434,FKZOSNVMEGROHU-UHFFFAOYSA-N,4.4980274833800005,4.389825847549997,4.944676220410001,4.737104763900001
OCNT-2309443,LTXRCYPELJYQOB-UHFFFAOYSA-N,4.577294770450001,4.4149159423699995,4.545741341450001,4.885885177980001
OCNT-2309447,SRJYGDXJLJWAOP-UHFFFAOYSA-N,5.097826208430002,5.20260560412,3.877485463940001,5.321022984379999
OCNT-2309448,PYIWSJVAJVCDJD-UHFFFAOYSA-N,5.490695831890001,4.86524772745,4.70771745007,4.8330479796000025
OCNT-2309458,VRHSIWRFSPQEBM-UHFFFAOYSA-N,5.122395564349997,4.714801833269998,4.511371631089999,4.305820121110002
OCNT-2309469,CEXGDSRWXPGELQ-UONOGXRCSA-N,4.982004274240001,4.870271724240001,4.716830575419998,4.657236591099999
OCNT-2309492,YRYCNCAAIQZHCQ-UHFFFAOYSA-N,3.9631495218900015,4.367488940920003,4.691452885519999,4.187646504350001
OCNT-2309498,NZGXZMLTWAOIJJ-UHFFFAOYSA-N,4.0619614033800024,4.05778632988,4.6059906985599985,3.3627749530799997
OCNT-2309505,VHRWMNXPYKUVDY-UHFFFAOYSA-N,5.411233883060001,4.436061066079998,4.864703789389999,4.713173932170001
OCNT-2309520,PQDNSHRLKSHCPF-IUODEOHRSA-N,3.8905801602200007,4.505495511719999,4.2121333411899995,3.7025823166899996
OCNT-2309524,OQWALVNPZPFZNB-UHFFFAOYSA-N,5.19352667789,5.227123055469998,4.142359552759998,5.042725027459999
OCNT-2309550,TUNYSDUUJNGBOO-UHFFFAOYSA-N,4.611007570370003,4.594407792090001,4.098581424879999,4.000782957309999
OCNT-2309560,UGLQFTQKYFIXRS-UHFFFAOYSA-N,4.10825283112,3.8234612197500017,4.632605046569998,3.5537058790400007
OCNT-2309567,WUJHRFRBGPBFFB-UHFFFAOYSA-N,4.819704053750001,4.711590312249999,4.93875744544,4.751699544249998
OCNT-2309576,VJOLPRXCRRLZKY-UHFFFAOYSA-N,4.962213091040003,5.181961621609998,4.830701288560001,5.391625460499999
OCNT-2309581,XAKQUAVVZRFGRT-UHFFFAOYSA-N,4.8179789500300005,3.4652335323699996,4.412655314930002,2.76007990329
OCNT-2309593,ICQPYVZPTBHWKX-UHFFFAOYSA-N,5.380276416080001,4.882983343099998,4.807970936419999,4.657429009370002
OCNT-2309596,IXNDBORQXCOCSN-UHFFFAOYSA-N,4.94493972375,4.299639220940001,4.580648984460001,4.140831587470001
OCNT-2309598,XWCLCJYWVJRTHA-UHFFFAOYSA-N,5.0630409258,4.417207107000001,4.346920364299999,3.3098879140599995
OCNT-2309599,PZBMCIRQTJSXEM-UHFFFAOYSA-N,4.536400369489999,5.07369314511,4.48863509628,4.771533492160002
OCNT-2309603,NJASTDRCXHCKCI-UHFFFAOYSA-N,4.923927465250002,4.991520332130001,4.58164427365,5.245018314810002
OCNT-2309606,MFIXXYBDPKWHOV-UHFFFAOYSA-N,4.379816322200001,4.81653066708,4.009030927269999,4.851769106710002
OCNT-2309655,RXWSOBRRXFTSLA-UHFFFAOYSA-N,4.643745312309999,4.432982914199999,4.818044006600002,4.509389752690001
OCNT-2309659,QDMSJHDEIZETOH-UHFFFAOYSA-N,5.190401845290001,5.1871088381799995,4.735270372079999,4.931454951289999
OCNT-2309661,RSUDJUKPYSQPJM-UHFFFAOYSA-N,5.4142640223199985,4.861407573500003,4.2850509143399975,4.517474332320001
OCNT-2309663,BBRIXFTZIRVEEF-UHFFFAOYSA-N,5.693595459860002,5.521035093540002,4.429870825890002,4.959117028540002
OCNT-2309686,XQSMMYKKUBTICB-UHFFFAOYSA-N,4.372842887260001,5.15152894086,4.486188971370002,5.045768654760002
OCNT-2309704,QMUPVRYCKBCCRT-UHFFFAOYSA-N,4.205991546310001,4.5134707573499995,4.228973522609999,4.073873667090001
OCNT-2309709,TUNHMOUQIPHTBW-UHFFFAOYSA-N,4.459398679930003,3.8896605587999993,4.30919997244,2.79667867215
OCNT-2309734,XKOYXYRROUYVSA-UHFFFAOYSA-N,4.688349341890003,3.999035809759997,4.56465691326,3.1411427874099997
OCNT-2309742,PDQLPNSIVZNUDK-UHFFFAOYSA-N,4.723149004060001,4.525799116,4.49100908184,4.036715289150001
OCNT-2309746,ZRDDUQNCPHKPCT-UHFFFAOYSA-N,4.890604162800002,4.104706690160004,4.083660541249997,3.7156720023700003
OCNT-2309768,OOPGWPZBSRALIG-UHFFFAOYSA-N,3.8757627353200013,3.8867996514200014,4.667915276200002,2.4599301186200004
OCNT-2309776,JEIGWQHMZMNNGN-UHFFFAOYSA-N,5.200442185470001,4.6403185127,4.870500115000001,4.667430891969998
OCNT-2309800,GIFUCGYPMBHNPM-UHFFFAOYSA-N,4.380351775280001,5.101900491950002,4.348980080939999,5.0046737276
OCNT-2309801,LTKHJAAHPNJLHY-UHFFFAOYSA-N,5.103402832950001,4.794689614639999,4.749644758789999,4.43921541999
OCNT-2309809,JZKURPYQVDAOOL-UHFFFAOYSA-N,4.883233768779999,5.46199749973,4.845903592680002,5.088174275179998
OCNT-2309811,GAAAACRGNMPWJY-UHFFFAOYSA-N,4.975242520990003,4.789879970900001,4.21580943016,4.479423071079997
OCNT-2309844,GGSBXNSPXLOOHI-UHFFFAOYSA-N,5.00731260648,4.398419564969999,6.226018056310003,5.289481690389998
OCNT-2309846,FGUQAYRHKXYOTM-UHFFFAOYSA-N,5.499090196350002,4.776394731729999,4.857831667830001,5.333997024699999
OCNT-2309877,YKVLNDDAPLQHQD-UHFFFAOYSA-N,3.84021275113,4.406746610620002,4.673297794819999,3.5184939527899974
OCNT-2309905,LVJWCKKQYYBYRC-UHFFFAOYSA-N,4.138915207209999,4.78085977011,3.9092657006800007,4.759122952039999
OCNT-2309918,SVDYMXAJCOKQLE-UHFFFAOYSA-N,4.33038578545,4.5067835800600005,4.7414094486500025,4.123601569719999
OCNT-2309920,OXVAKGJWUUTGGP-UHFFFAOYSA-N,5.412060152620001,5.008467164840001,4.123335856650001,5.203553057290001
OCNT-2309926,LECHJNCDFRJREW-UHFFFAOYSA-N,4.87087523057,4.37935262665,4.816929882980004,4.1653730261850015
OCNT-2309942,AAJANOIUSFNLGX-UHFFFAOYSA-N,5.029105192189999,4.446068442979999,4.67265213236,4.459632940959999
OCNT-2309950,UWGSRPLGVVOCMK-UHFFFAOYSA-N,5.2035009619,4.608391721579999,4.5687417299499975,4.321879103950002
OCNT-2309955,KAIXLFHXPRCWAS-UHFFFAOYSA-N,4.24403272155,4.312004341259998,4.543242989039999,3.54374826121
OCNT-2309987,ZPRQFKSHIREKOP-UHFFFAOYSA-N,4.857693492149998,4.859099252330001,4.6698438747000015,5.100793722900001
OCNT-2309993,HJDIMWOEKKJXFJ-UHFFFAOYSA-N,3.9743717006300003,4.465491696199999,4.6564556426,3.4490658070300015
OCNT-2310008,YZDDODJEXHDWEE-UHFFFAOYSA-N,5.531059003719999,5.486991927570001,4.7523521574,4.978058799669999
OCNT-2310021,YXVXGYRWFHPXRG-UHFFFAOYSA-N,5.26517764264,4.9257523991,4.503855077230003,4.7475637161899975
OCNT-2310024,YDDBBPMIFIWYPM-UHFFFAOYSA-N,4.71175853396,3.974801450739999,4.9604807856000015,3.739729103680001
OCNT-2310036,YUSOQWDLAGAIHW-UHFFFAOYSA-N,5.561987092469999,4.730942871870002,4.602835644959999,4.227348492040002
OCNT-2310041,OQNCBOFIXGDOFI-UHFFFAOYSA-N,4.888923887489999,4.674495854099999,4.54520429476,4.847448491399999
OCNT-2310043,ZSKKBENNGKLPHJ-UHFFFAOYSA-N,4.8483105055600015,4.80146265354,4.602321638680002,4.230805373119998
OCNT-2310072,RPIPASCIKGRQNW-UHFFFAOYSA-N,4.777961070210002,5.043774679420001,3.945311000679997,5.024605011760002
OCNT-2310094,QLJSPTQLWJJXDU-UHFFFAOYSA-N,4.810466415540002,3.960149373209999,4.25268060607,2.627780880209999
OCNT-2310110,ZLNSOSPUFUUSJT-UHFFFAOYSA-N,4.10645856346,4.006267164039998,4.51313621937,2.5475487945699995
OCNT-2310119,OPPFQRUPYDGASZ-UHFFFAOYSA-N,5.211155901900001,5.081680048230001,4.619784007969999,4.897279946080004
OCNT-2310121,OSVJTIWAVNSEQH-UHFFFAOYSA-N,4.310660082280003,3.75133534449,4.68788193916,2.955352944939999
OCNT-2310123,GJSIXZKKNDJEAL-UHFFFAOYSA-N,4.70767702736,5.141097429089999,4.73582292972,4.934027192549999
OCNT-2310131,KTFISXUNCYDJBB-UHFFFAOYSA-N,4.178643317990001,4.103524309169997,4.186704326770001,2.783145508880001
OCNT-2310137,HJSCMXIXVZQQOK-UHFFFAOYSA-N,4.24061222569,4.920840586500001,3.76224650879,4.50918195093
OCNT-2310144,HZHXSHXBAHLQCN-UHFFFAOYSA-N,4.662751447080001,4.787502965659997,4.79811666413,4.918655766980001
OCNT-2310155,HKZQTGCONNDGDA-UHFFFAOYSA-N,4.88931867199,4.633306091810005,4.628378740570002,4.219213974289999
OCNT-2310156,ZRNDQMAKMCTGGO-UHFFFAOYSA-N,4.84235707339,4.719253804780001,4.741888172470002,4.206222733430001
OCNT-2310157,LVUXIUDKFQBCBA-UHFFFAOYSA-N,4.4707798509800005,4.2190521312400024,4.70407148219,3.7580525666000004
OCNT-2310192,IETCJVWWRSDVEL-MRXNPFEDSA-N,3.7983732829299997,4.217270173420001,4.279120457140004,3.4147546938299995
OCNT-2310199,BMDUEAJNHZCKOW-UHFFFAOYSA-N,4.2847734167399985,4.389583314050002,4.3222041544300005,3.885585455330002
OCNT-2310202,AIOAUDKSZPZHDV-UHFFFAOYSA-N,5.460512361400001,4.899007064680002,4.755221918379999,4.511861285559999
OCNT-2310216,AJTSNWUPSBKAJK-MRVPVSSYSA-N,4.156352460149998,4.50699026483,4.06903823112,3.7540234525300025
OCNT-2310225,SOWHXMPYVHVKNM-UHFFFAOYSA-N,4.063730422259999,3.5740333737000003,4.809675983650001,2.5574731461399995
OCNT-2310227,UFIOPUNMLAUYND-UHFFFAOYSA-N,4.130412149379998,4.301470015599999,4.48048720882,3.26806416462
OCNT-2310261,TWKXRJAUKSDMNC-UHFFFAOYSA-N,5.1961979350800025,5.19781424861,4.2531546455700004,5.034103187480001
OCNT-2310265,NQKFCFZXAAUFSR-UHFFFAOYSA-N,3.98099953684,4.278755862060001,4.591208552400002,3.9907562478300003
OCNT-2310319,LRCVBALEVVGLFE-UHFFFAOYSA-N,5.288171303590001,4.8257156745200005,4.492806639669999,4.68701103281
OCNT-2310323,MBYHTKURRZPUOJ-CQSZACIVSA-N,4.166011371600002,3.902003749329999,4.560291257990001,3.027946596000001
OCNT-2310327,NANLFGLVROKLFB-UHFFFAOYSA-N,4.71430933956,5.318315056860001,4.642361782259999,5.00975144633
OCNT-2310342,FTPBHHGBIJXPBQ-UHFFFAOYSA-N,5.134582771600001,5.205891755570002,4.422832778540002,4.947650648600002
OCNT-2310346,CCWBISGBXAFNFY-UHFFFAOYSA-N,5.06263924599,4.258747090530001,4.46637737697,4.001459616489999
OCNT-2310350,IULOBWFWYDMECP-UHFFFAOYSA-N,5.105186402710002,4.502896627169999,4.88149330423,2.80133196979
OCNT-2310383,FJNCYMDRTAXCFI-UHFFFAOYSA-N,5.488039498690003,4.420630920269999,4.612904613799999,4.37819173959
OCNT-2310396,GPUPVYRGIRMSAG-UHFFFAOYSA-N,4.031799088020001,4.707236165679999,4.3407336051800005,5.249244833090004
OCNT-2310404,NOKWLBSHOIIUFJ-SAABIXHNSA-N,4.921515796800001,4.971583098960001,4.527884430150001,4.70409195422
OCNT-2310431,GFTTWKOXOFWXTR-UHFFFAOYSA-N,4.374399112960001,4.345104967030002,4.247815000509999,4.071782132200003
OCNT-2310432,CNIMFKSPIWBXRR-UHFFFAOYSA-N,5.01143956451,4.8784948784100015,4.53942513929,4.783725895560001
OCNT-2310438,YFMFZOQOJHZEAM-UHFFFAOYSA-N,4.148796983580001,4.519278712010002,4.524136714440001,4.434609742039998
OCNT-2310448,LEQOABJBJQUSIJ-UHFFFAOYSA-N,4.529512558129999,4.30641815803,4.512590942529999,3.652743305230002
OCNT-2310458,SYXTXXKDVIEGLV-UHFFFAOYSA-N,5.036805565539999,5.431098294840001,4.6210389559400005,5.0853284184
OCNT-2310470,CSLBMVDUODQHOM-UHFFFAOYSA-N,4.394652481790003,5.598269871099997,5.10272988089,5.429043979539999
OCNT-2310498,IUGBKTDUGLZNFN-UHFFFAOYSA-N,4.98945922177,3.986893039649999,4.75932946234,4.02428386316
OCNT-2310511,HIOBZJFAABUCKU-UHFFFAOYSA-N,4.85902226936,4.557342633899999,4.477403516799996,3.868058737350002
OCNT-2310522,SHFKEHYHFQIENX-LBPRGKRZSA-N,4.136914856710001,3.4018290979099994,4.728585119980002,2.8896078390099995
OCNT-2310576,CSWBZQAJADZJPJ-UHFFFAOYSA-N,5.3592252709100014,4.482867171060001,4.76273457584,3.2516660503700017
OCNT-2310580,XVRHQCGPDQBZJL-UHFFFAOYSA-N,4.916391280330002,4.938845401830004,5.084246603169999,4.988060073920001
OCNT-2310589,FUJRKPHFQJPPJN-UHFFFAOYSA-N,5.19180500855,4.781341494179999,4.435026615350001,4.6443982360300025
OCNT-2310613,FNSPOGKBLVJSPX-UHFFFAOYSA-N,5.154865166600001,4.530695532020001,4.96264863345,4.385694914840001
OCNT-2310630,KZSUIFPZSDMWRV-UHFFFAOYSA-N,4.437195854530002,4.12717960311,4.5051982531900014,3.6850752389100006
OCNT-2310634,AZIRSKUMMWCLMP-UHFFFAOYSA-N,4.78982872869,4.648766356980001,4.8805628993899965,4.340910069570001
OCNT-2310640,MOGCAEVCBIAYAG-UHFFFAOYSA-N,5.104098846159999,4.05592360653,4.523560471369997,3.6559657848700016
OCNT-2310641,YKXGBOCHBJEVRD-UHFFFAOYSA-N,4.8802796741000005,4.439546591440001,4.61002765902,3.765145014486667
OCNT-2310648,LVKGJVDHSRWRLM-UHFFFAOYSA-N,4.58229463374,4.653460797990001,4.66125820512,4.45296997373
OCNT-2310653,BSJLYSNMYGWDGZ-UHFFFAOYSA-N,3.715008973620001,3.24545015602,4.600747815660001,2.7691171242400014
OCNT-2310658,GXPGHNGKEYVVSJ-UHFFFAOYSA-N,3.9856668563899973,4.408871105140001,4.509714646380002,4.2562251283700006
OCNT-2310680,AXXIEJDVBYZXLK-UHFFFAOYSA-N,4.930992714479999,5.288034269759999,4.816876958019998,5.303196136200004
OCNT-2310685,SRJUQDSPYDJJMF-UHFFFAOYSA-N,4.88080122487,4.75844518626,4.715564159120001,4.68285739071
OCNT-2310690,HCYSRWCEBFYUAA-CQSZACIVSA-N,4.731248197750002,4.678192953409998,4.729840627240001,4.261742707830001
OCNT-2310693,RSAHXYUKVAIXGK-UHFFFAOYSA-N,3.870006214289999,4.096253051439998,4.597906738229997,3.2643748876499994
OCNT-2310698,HAVCMUREFRIDQM-UHFFFAOYSA-N,5.04051782672,4.598628230230001,4.920347172779999,4.260015421470001
OCNT-2310707,RZGDXDYNQPUJNA-UHFFFAOYSA-N,3.6415533727100002,3.2067591164700016,4.6814229876099995,2.7202783086400006
OCNT-2310716,BZLXGFYLRNUUNG-UHFFFAOYSA-N,4.429531008070001,4.1133883967900005,4.548907059,3.7206693373899986
OCNT-2310717,BOWLVPUQMMJWEC-UHFFFAOYSA-N,5.145572833249997,4.809807987459999,4.44206965429,4.329714750020001
OCNT-2310726,GOHPXULFFDBKGC-UHFFFAOYSA-N,5.21289124305,4.623812484700001,4.033214263569999,4.24373562638
OCNT-2310747,MOMOPKAZNASMQJ-UHFFFAOYSA-N,4.294900448239999,4.426955083169999,4.441299091379999,3.7393419159499994
OCNT-2310751,KZIDFUMZLWTNPB-UHFFFAOYSA-N,4.979938939060001,4.344839202649999,4.366300386110002,4.145425482189999
OCNT-2310755,BIGAOOHPAKZTOZ-UHFFFAOYSA-N,4.96179554703,4.508220286939999,4.636419910240001,4.135731914159999
OCNT-2310779,LWTKTABHWXYFOZ-UHFFFAOYSA-N,5.211523916180003,4.245577057219999,4.557357577969999,4.18943415029
OCNT-2310797,WRRMQFMQWRSQBI-UHFFFAOYSA-N,4.018143194279999,4.159910157599999,4.631139118120002,3.4607724949000005
OCNT-2310804,IWKOXNCMURNVKR-UHFFFAOYSA-N,4.64369527048,4.888591330740001,4.833911538460001,4.265750958099999
OCNT-2310808,JZLNLPFYEPHWQX-UHFFFAOYSA-N,4.841311794130002,4.762686050500003,4.132472276590001,5.1255126592200035
OCNT-2310822,PAZGEARGQQZYLI-UHFFFAOYSA-N,4.690848894090001,4.4869632166899995,4.607816670849998,4.237524654950003
OCNT-2310829,WIPMLMLIKXSIFW-UHFFFAOYSA-N,5.057145327890002,4.3198591747599995,4.85437400902,4.751851823179999
OCNT-2310839,HZOOOFYSGYSMTG-UHFFFAOYSA-N,5.059434215890004,4.558377701679997,4.607834862699997,4.016671305760001
OCNT-2310843,UHBYZUKYPMONRO-UHFFFAOYSA-N,4.704330110110001,4.7526777848599995,4.9119000139899995,4.47567326406
OCNT-2310859,RUVLBPWZPKTFQY-UHFFFAOYSA-N,4.670628764639998,4.690303068870002,4.70447180493,4.497118970655
OCNT-2310880,UPACZLZVVYCCPQ-UHFFFAOYSA-N,4.525831047730001,4.57988372289,4.519280765050001,4.151008578619999
OCNT-2310901,HDXXWIMMIYDYQO-UHFFFAOYSA-N,5.549015445559998,5.08293456022,4.86561038598,4.79257890275
OCNT-2310935,PYENDQAOQUXIML-UHFFFAOYSA-N,5.04359085156,4.8365939869700005,4.322512615850001,5.133493333850001
OCNT-2310939,FMPOGJMGFDQNLR-UHFFFAOYSA-N,4.245807929950001,4.255739298610001,4.5384939521300005,4.219776870940002
OCNT-2310945,ZCFOZFFAVPLQDU-UHFFFAOYSA-N,4.709897043320001,4.413977486110001,4.823120455939997,3.9320123960399997
OCNT-2310948,WECBRMODQWSFSC-UHFFFAOYSA-N,4.094023590179999,3.787751286550001,3.945571967699998,2.6083863830300005
OCNT-2310953,JNUPUTJOTQNJHS-UHFFFAOYSA-N,5.044198593780001,4.92562693672,4.920944088010001,4.809042805910001
OCNT-2310955,ZNYHVNPTYPXHIV-UHFFFAOYSA-N,4.07289731593,4.448987666210001,4.436956007130001,4.0255852049500005
OCNT-2310971,QUMDTFYGSJHRPL-UHFFFAOYSA-N,3.929159873270001,3.8916592542899995,4.7594889064,2.7972109711200006
OCNT-2310979,ZNZJGCOJFHWZII-UHFFFAOYSA-N,5.4474178037000005,4.86675004212,4.74669576511,4.936453112760001
OCNT-2310997,SIPWPCZRIOWTLN-UHFFFAOYSA-N,3.55352153987,4.384154922879999,4.581701292860001,4.28495961211
OCNT-2311017,HGMVMOMRKMPRSR-VHSXEESVSA-N,5.166447154950001,4.349208406889997,4.788560600680002,3.5510138777800004
OCNT-2311028,MQXPCGHXWRPKCK-UHFFFAOYSA-N,4.175040445560001,4.2381899245,4.65022817199,3.78975118216
OCNT-2311032,KXQCKBJACHMFEZ-UHFFFAOYSA-N,4.9161985012299985,4.630543564610003,4.78465352767,4.611045225030001
OCNT-2311050,RRHHUYUAXCKIRN-UHFFFAOYSA-N,4.349610497920001,4.495192031299999,4.494113803890002,4.32340329304
OCNT-2311059,IADLBRMVZTZASR-UHFFFAOYSA-N,4.783438007720001,4.960858357950001,4.689522876459999,5.147138212760001
OCNT-2311060,FEGQQHPUTSRZAG-UHFFFAOYSA-N,4.794538645320001,4.37608083844,4.688076139720002,4.422734547865001
OCNT-2311061,YAHHSHNEDFLSFO-UHFFFAOYSA-N,5.131722154610002,4.464715365340001,4.462217495349998,4.087402237910001
OCNT-2311086,LHTZKKBQVHDQAX-UHFFFAOYSA-N,4.662121133580002,4.408825439179998,4.368223697330002,4.082869364170001
OCNT-2311091,NLPVWZDQUHNWNN-UHFFFAOYSA-N,5.344074674940001,4.659599062409999,4.639983741529999,5.31339951253
OCNT-2311102,OPNWCLOHWSTTAH-UHFFFAOYSA-N,5.01805917771,4.307594497850001,4.440255069029999,3.5372650837999986
OCNT-2311106,XKPXTMLDEUTWQU-UHFFFAOYSA-N,4.444321449690001,4.221628660759999,4.39195470696,3.4869210029200004
OCNT-2311133,DAOAPMJKVUJXID-UHFFFAOYSA-N,5.068664088869999,4.5297515157,4.888082354670001,4.55653437064
OCNT-2311145,GJUVVFXCXYLPPF-UHFFFAOYSA-N,5.123197857700003,5.29256769447,4.01756786494,5.141606301750001
OCNT-2311148,FXKCHSYNXXKFEX-UHFFFAOYSA-N,5.22744914425,5.0442868781199985,4.925661031370001,5.102007626709998
OCNT-2311150,ZHERNWQWOSHVNC-UHFFFAOYSA-N,5.026282248030004,4.542424115100002,4.68715529478,4.451697097709999
OCNT-2311164,KXAWYHBBFHVSLR-UHFFFAOYSA-N,4.661292622990004,4.095505682060001,4.810445761069999,2.5228571440400005
OCNT-2311175,LOHPAHJRSDGXHU-UHFFFAOYSA-N,4.40706232803,4.333986142890001,4.511032277640001,3.987774280630001
OCNT-2311200,NVPSOSIRMJDRPU-UHFFFAOYSA-N,4.819891600489999,4.26802018346,4.5092132952325,3.7279470162100017
OCNT-2311225,VAZPOTJURGQWAP-STQMWFEESA-N,5.3037689830199986,4.58611123122,4.285192560100002,4.947237933029999
OCNT-2311231,XLDINVXKZGIJLA-CQSZACIVSA-N,4.530251638940001,4.4183876719500015,4.69622739637,4.495379271400001
OCNT-2311291,RQDDMLORJHULQP-UHFFFAOYSA-N,4.42617193349,4.75691895282,4.377749986609999,4.59382871966
OCNT-2311293,SSOJFUYLKIYITA-UONOGXRCSA-N,4.026779728090003,3.691446989590002,4.258245150710001,3.0266622872599993
OCNT-2311294,SWUBLAYQXQUNCO-UHFFFAOYSA-N,3.5677535490600003,3.3577583295500006,4.600634950200001,2.6254418381200013
OCNT-2311311,JSEDCBYKKMTEPF-UHFFFAOYSA-N,4.661494505470001,4.224083934799998,4.62272349565,3.85875851716
OCNT-2311320,LCCOAQYOJSHIPJ-UHFFFAOYSA-N,4.902084986540001,4.764849726560003,4.663537834039999,4.613206067979998
OCNT-2311331,CDQDNPHFGYWSOR-UHFFFAOYSA-N,5.0772491865200005,4.374452910569998,4.741104042920001,3.9115080195250034
OCNT-2311336,LQKJYHIZCLRVAA-UHFFFAOYSA-N,4.70016942921,4.594015133439999,5.2876025680300005,4.0298990339300005
OCNT-2311343,SASVNHDDQBDFCM-UHFFFAOYSA-N,4.738161499260001,4.632539647060001,4.179628995710001,4.475180150639998
OCNT-2311402,OGIYBCQWFOZLPG-UHFFFAOYSA-N,4.686337922380002,4.35551243705,3.9222959694100026,3.25131367435
OCNT-2311437,JHVLKXIDWMPJMT-UHFFFAOYSA-N,4.729153588560002,5.259400696980001,4.341287179079999,5.208639126049999
OCNT-2311438,FLLMSOQAWLVNEM-UHFFFAOYSA-N,4.398855107250001,3.9831357260200013,4.654517151890002,3.2898744462399985
OCNT-2311450,DBUJZAYXHSBDLC-UHFFFAOYSA-N,4.793974937940002,4.350994456219999,5.112759493270001,3.704736809310001
OCNT-2311453,FVWJNTSKIAGKNF-UHFFFAOYSA-N,5.372672208170001,4.740531395350001,4.716505886630003,4.155694017460001
OCNT-2311507,KNHOKGYXVGIUBR-UHFFFAOYSA-N,4.526336555930001,3.2693547071600015,4.651751222510001,2.53509360517
OCNT-2311542,KWIFZAZOFYUVCZ-UHFFFAOYSA-N,3.5368288153000016,3.934727211099998,4.799029917929997,3.2595248298599997
OCNT-2311547,BHEAZNHFSNJYDJ-UHFFFAOYSA-N,5.180189655359998,4.84197049936,4.7090343271199995,4.794427669240001
OCNT-2311574,IXIWLXFULLNPDO-UHFFFAOYSA-N,5.1634354183300015,4.65868761963,4.473447741519999,4.18293022558
OCNT-2311588,ATLZEXPCGWQKDL-UHFFFAOYSA-N,4.158505836840001,4.17514258018,4.197128736739999,3.2328181215200003
OCNT-2311602,AIDXPYZJTIDUSC-UHFFFAOYSA-N,4.513006688590003,5.468511267399999,4.668021295879999,5.082514374260001
OCNT-2311604,GKRCFAAHQZDGMF-UHFFFAOYSA-N,4.33442456536,4.23095747959,4.67909078683,3.451642845950001
OCNT-2311606,JISJHJWHBGLITM-UHFFFAOYSA-N,4.751697705069999,4.789466317329999,4.604575845919998,4.448713014999999
OCNT-2311619,YYKMRMTYTUHGAM-UHFFFAOYSA-N,4.529446135670002,3.755293288539999,4.45093445191,2.87907867777
OCNT-2311620,GKIZKNATVXCLLF-UHFFFAOYSA-N,4.66035732992,3.8060658224500012,4.808100296269999,3.3929629489100006
OCNT-2311624,FHLMPSUVVSVTAJ-UHFFFAOYSA-N,4.5607435045799996,4.4287955618,4.452398379890002,4.31904594942
OCNT-2311626,JBQGWNQLFCYYOB-UHFFFAOYSA-N,4.246632851990003,3.5394922069800003,4.86399723338,2.689995952670001
OCNT-2311627,BZSQFVKPLZFAMM-UHFFFAOYSA-N,4.855200210860002,5.369982787470002,4.4649466352100005,5.116394796990001
OCNT-2311636,QUGHBKJKLUPSCI-UHFFFAOYSA-N,5.045050569120003,4.981920716259999,4.63044256444,5.2179666106600004
OCNT-2311655,FLRYEXYQVHVJHQ-UHFFFAOYSA-N,5.369116727770002,5.12248037381,4.356195218749999,4.794412510630002
OCNT-2311664,YDNMVMFHJDBZIM-UHFFFAOYSA-N,5.006381704520002,4.82797450584,4.6311383139999975,4.276650446280002
OCNT-2311689,FMIDPHAHVCLBIS-UHFFFAOYSA-N,5.004338455159999,5.031778382620001,3.951234105439998,5.0953549415
OCNT-2311721,SWRIFYKPRHINJT-UHFFFAOYSA-N,4.844681882519999,5.250680711430002,4.387802509599998,5.164273660300001
OCNT-2311723,YTNJKWXYWVIMPG-SMDDNHRTSA-N,4.90515082847,4.736849390440001,4.726698144789999,4.34616756647
OCNT-2311724,BDFIQPRMLMCODG-JWCMVYSZSA-N,4.30723073656,4.3663049997300005,4.913311849259998,3.6749478543699996
OCNT-2311727,QPBXRIKKGPQSAW-UHFFFAOYSA-N,5.175369921410002,4.376010818859998,5.03321421085,3.9054514020800006
OCNT-2311728,LQUSNRYERYWFOJ-UHFFFAOYSA-N,4.9719901688500014,4.399884909600002,4.6586587992,4.306892323710001
OCNT-2311731,VWXNHHNSTRKTRD-YUZWYKEKSA-N,5.37379404748,4.79718923102,5.018943417339997,5.3200921290700025
OCNT-2311737,QSAMUNMEBYLCKD-UHFFFAOYSA-N,4.5260715341100015,4.827660477170002,4.6861084996399995,4.78181068177
OCNT-2311745,NDYIXONJSDUIQJ-UHFFFAOYSA-N,5.0509752750900025,4.73529223537,4.285306517319997,4.348766405149999
OCNT-2311748,OLKFTJZESRFYGM-UHFFFAOYSA-N,5.769206738829997,5.422149891060001,4.8401440971400005,5.17960389847
OCNT-2311752,TXHFRSPUYJGUOC-UHFFFAOYSA-N,5.27902152507,4.88444413595,4.14560483784,5.337358912469999
OCNT-2311765,ZQZSFKJELGBYHA-GWCFXTLKSA-N,3.9166139476300015,3.7409816014700015,4.93958790619,2.4611909170199997
OCNT-2311769,PLTRVIGXBYDJLW-UHFFFAOYSA-N,5.141224202999997,4.5918926663000015,4.626359646510001,4.344631553630001
OCNT-2311783,VTTXKWNUEYBJHG-UHFFFAOYSA-N,5.35330575788,4.906190676449999,4.28997553556,4.508526636489999
OCNT-2311797,OQWDBCXAINMZFS-UHFFFAOYSA-N,5.4472830126,4.7561185112199995,4.435426209169999,4.016287229719999
OCNT-2311800,BIJKXSIAIACXNV-UHFFFAOYSA-N,5.021662362290002,4.524783759649999,4.75671164417,4.30098528455
OCNT-2311805,ZUCYBEULVWTNIR-UHFFFAOYSA-N,5.586013372310003,5.159363710550001,4.751840594340001,5.474749134949999
OCNT-2311818,BDXZIUPCZHDUKE-UHFFFAOYSA-N,3.700220596820001,3.5089532836600004,4.925535835272499,2.3920065052799995
OCNT-2311829,ZMMHEFMEZJBPCK-XIKOKIGWSA-N,3.107422671159999,3.831022093290002,4.797356245400002,2.3490370703600005
OCNT-2311831,HOSNJLMMVKABFA-UHFFFAOYSA-N,4.177565777060001,4.47439875097,4.751134220250001,4.30415477835
OCNT-2311834,DGUHWPMRKMJECE-UHFFFAOYSA-N,4.50276765623,4.720544512499999,4.83128673523,4.6797247279750005
OCNT-2311839,GSZWDSMTOYIIMS-UHFFFAOYSA-N,4.6196804597,4.565767311719998,4.132307501310001,4.823051883900001
OCNT-2311840,PWJXIYCMKSEYTR-UHFFFAOYSA-N,4.477637202080001,4.282552848590002,4.811446865920001,4.045144468430004
OCNT-2311846,JTSNGDOVWZSFLB-MLGOLLRUSA-N,4.150167381679999,3.782105507840002,4.74200504586,3.3345223407799995
OCNT-2311855,QEGXZVYYVBUXIG-UHFFFAOYSA-N,5.388492386280001,4.9026249435,4.210403836080002,4.859223798870002
OCNT-2311862,AOBRDNBXUPBCHC-UHFFFAOYSA-N,4.151180394619999,4.808935722110001,4.473036884549999,4.743561516510001
OCNT-2311886,WQIMXLYTESNREJ-UHFFFAOYSA-N,4.25078170785,3.5374045751899996,4.686427838539998,3.070200089369999
OCNT-2311889,RBVFRCIGZGGBTF-UHFFFAOYSA-N,5.253034017689999,4.70098619575,4.057563459330001,4.107596549945002
OCNT-2311892,NAOJMNUZHUNOKN-UHFFFAOYSA-N,5.107603049479999,4.852872598690001,4.686082462390002,4.480899112899999
OCNT-2311897,NSBQHSGIUPTPOI-UHFFFAOYSA-N,5.631121697010001,4.928991055330002,4.863513607740001,5.304157488609999
OCNT-2311909,VDVJUEFMOAEWCR-UHFFFAOYSA-N,3.9281343819400014,4.685360553380002,4.969370756120001,4.1922795104700015
OCNT-2311916,WYWNLPSNCOQRHL-UHFFFAOYSA-N,5.01301285372,4.787903099320001,4.253328442679998,5.187897871809998
OCNT-2311937,JERSGWYTALKMNY-HNNXBMFYSA-N,5.35413121203,5.166106362680001,4.8081260964300006,5.414630132689999
OCNT-2311956,QMPNSZFQZAWABV-UHFFFAOYSA-N,4.37565157045,4.6357453582399994,5.082140941720002,4.573030587640003
OCNT-2311971,GLFWAGLXPAJCLJ-UHFFFAOYSA-N,6.082879517829998,5.5771968756999994,4.843511675920001,5.2114079542199985
OCNT-2311975,XKCNZKKZCLFYSV-UHFFFAOYSA-N,5.52842917505,5.204102500359999,4.737302709540001,5.215493015410001
OCNT-2311997,PLLPKUFSZTVBTH-SFIRGFGWSA-N,5.231876633410001,4.711421376190001,4.90853004406,4.350878584550003
OCNT-2312000,FRTQFAFJPFTPEO-UHFFFAOYSA-N,4.946222634880001,4.67114229541,5.0509329966799985,4.783712238259998
OCNT-2312016,CXMFJZYJIIGCDT-UHFFFAOYSA-N,5.056209551940003,5.10908417705,4.936519622519999,4.99542444707
OCNT-2312020,DPQLVVYCRUDESV-UHFFFAOYSA-N,5.385208882870001,4.45996634094,4.824219948390001,4.06523565665
OCNT-2312033,ZSOHLKDAXCTETM-MEBBXXQBSA-N,4.4496938786600015,3.934380359919999,4.662370211959999,3.268343590920001
OCNT-2312041,HFJBOFQTRHHVPS-NSCUHMNNSA-N,4.955876483310002,4.45615594254,4.792936156370001,4.150088771789999
OCNT-2312063,ACLZYKQVCOTFGN-UHFFFAOYSA-N,4.1024798557899995,4.357121179640003,4.596884880299998,4.166990905410002
OCNT-2312069,LMIAIOODQVMDQA-WJYNOGRTSA-N,5.311198398530001,4.698244254539999,4.535945462400001,4.66295950698
OCNT-2312074,JBYHKBDJPAJRIB-UHFFFAOYSA-N,5.05758704642,4.839086170380001,4.105763369999999,4.751523804049999
OCNT-2312103,ZXXMWZBQFMKETN-UHFFFAOYSA-N,5.090768824809999,3.6180377837899997,4.413364370159998,3.01461090353
OCNT-2312107,UHEMPWQRYZEJBV-UHFFFAOYSA-N,5.05937355599,3.8766784093199993,4.341154953250001,3.2433164276299995
OCNT-2312162,VGDYEJHSCSQLGY-LBPRGKRZSA-N,5.1983200186600005,5.048646129280001,4.69940531025,4.738276037370002
OCNT-2312189,OQOYJJXISGSEFD-UHFFFAOYSA-N,4.6711901013100015,4.5638522952099985,4.644063879889999,4.323444553709999
OCNT-2312204,YCLBQJAVZIWBNG-UHFFFAOYSA-N,5.00615285729,4.70289179466,4.80453724954,4.59477919229
OCNT-2312258,GTFXEPGXKWPROT-WKILWMFISA-N,5.1189994610000005,4.514865142000001,4.638227441419998,4.442666071779998
OCNT-2312272,ZFONBGVUTOBBAZ-UHFFFAOYSA-N,4.627079468019999,4.794851444680003,4.58194876205,4.283227591869999
OCNT-2312280,PJEMYXKINDARDB-UHFFFAOYSA-N,4.993331810859998,4.5438953127099975,4.6473315385425,4.435459255090001
OCNT-2312308,GYNQRMHTTCULMF-UHFFFAOYSA-N,5.216011203580003,5.355702714239999,4.732152002299999,5.30176695117
OCNT-2312322,SFBJQTXZKXTYKE-UHFFFAOYSA-N,4.684583487370002,4.846091177599999,4.550961341139999,4.837998667960003
OCNT-2312351,IDXOTOSTBGIMFM-LLVKDONJSA-N,4.9500103936799995,4.7780264945200015,4.759988246040002,4.35615731143
OCNT-2312358,WCXGBOSREZEJPV-UHFFFAOYSA-N,4.495228588230001,4.72150157699,5.266560887640001,4.75003086196
OCNT-2312373,ZUSNMOKJMOPBJW-UHFFFAOYSA-N,5.12933353169,4.628296881070001,4.657272524389999,3.82299832849
OCNT-2312376,UIPHQHVWOXUIQY-UHFFFAOYSA-N,5.329710682429997,4.965324053660001,4.421882072,4.623850431030002
OCNT-2312385,KKWSFYUJRQXGAA-UHFFFAOYSA-N,4.9895536804,4.710734116479999,4.524510714710001,4.596140352100001
OCNT-2312387,RDFSDZSZRPSGPR-JTQLQIEISA-N,5.224007027020001,4.697718018749999,4.661295669649999,4.611272529739999
OCNT-2312389,FFPBQUADYURRAR-UHFFFAOYSA-N,5.599316857760004,5.186502215309999,5.118322665620001,5.127730149300001
OCNT-2312392,PQAMIQVSIIWVLA-UHFFFAOYSA-N,5.114042222040001,4.140170572600001,4.867418322519999,3.24187427291
OCNT-2312400,VHWWQLJLNMECEF-UHFFFAOYSA-N,4.916313328600001,4.973101825400002,4.44453435281,4.963338842839998
OCNT-2312407,YCGWTNODMPQGJL-UHFFFAOYSA-N,5.243199048969999,4.83269625441,4.98454646018,4.863531519870001
OCNT-2312422,UNUXWZHOGXQRBK-UHFFFAOYSA-N,4.1909728184900015,4.177900508390002,5.10235251373,3.7619189912300004
OCNT-2312443,RNYJQENSIQGTFO-UHFFFAOYSA-N,4.82038596339,5.04836071361,4.597336076620001,4.880584041750001
OCNT-2312465,JUDIGWCSUCRCTM-UHFFFAOYSA-N,5.157619793159999,4.78908620462,5.06741663617,4.88540464374
OCNT-2312480,USKDSEPSXFSQII-UHFFFAOYSA-N,4.76636349828,4.581065951760002,3.8792139657400027,4.595077398780001
OCNT-2312493,LPKCTGUWFTZGHX-UHFFFAOYSA-N,5.45934809675,4.5468895518800005,4.651213370630001,4.167963100220001
OCNT-2312511,PVQWMGIQWLAPQO-KGLIPLIRSA-N,4.2959043432,4.352293336080001,4.011826728920002,3.9226502898100004
OCNT-2312530,JGAKLUHQBWJHCU-UHFFFAOYSA-N,4.111207821110003,4.4372806767399995,4.60139630451,3.8345590939100007
OCNT-2312537,OFBSKHGQUHTUAK-UHFFFAOYSA-N,5.166785029290002,4.425195329690002,4.647142897269998,4.122833810579998
OCNT-2312558,JMUPJYABPJKPMN-UHFFFAOYSA-N,4.172233295070002,3.7186591143599994,4.722608789050001,2.3000476218400006
OCNT-2312567,IRHNGEVFACBSDS-UHFFFAOYSA-N,4.33723140573,3.90702889767,4.634927511100001,4.03933311847
OCNT-2312581,DXIJNEODHVKRKU-UHFFFAOYSA-N,4.638977537760001,4.443516994190002,4.6468705669800014,4.0594405798299995
OCNT-2312592,BTIVUGONCMEKNX-UHFFFAOYSA-N,4.7813319552100015,4.46674261994,4.036989847420002,3.8104074301300006
OCNT-2312607,QIHYSNAOCJNIRD-UHFFFAOYSA-N,3.84952102213,4.4768702761400005,4.711786204859999,4.577287640720002
OCNT-2312608,DBDCGPKJFAXMNC-UHFFFAOYSA-N,5.22229508472,4.63098838411,4.665697444020001,4.203158483934999
OCNT-2312616,NNSLNWDCBLFAMQ-UHFFFAOYSA-N,4.79942777951,4.673910941279996,4.6797320433900005,4.41599072553
OCNT-2312624,AEAYDVXZPKDZCK-KBPBESRZSA-N,4.544096351160001,3.5392112187100015,4.75249868947,3.1019054425400014
OCNT-2312656,XWDHGERTKVTTNK-OCCSQVGLSA-N,4.972094719649999,4.47675711769,4.67143461676,3.857392382920001
OCNT-2312659,FPZDMQCYMFEBKJ-UHFFFAOYSA-N,5.133002480710001,4.71381708742,4.98144748125,4.282838894249999
OCNT-2312668,XITUDUKCDZPINF-UHFFFAOYSA-N,5.105691882160002,4.597019720430003,4.4464418071199985,4.256926180120002
OCNT-2312714,WUAZOSQKECLJFW-UHFFFAOYSA-N,5.019606076030001,4.650632150139998,4.678985870969998,4.327249082109999
OCNT-2312721,LFVLCVXPWUQACU-WFASDCNBSA-N,4.81493974772,4.569681818730001,4.770688679569999,3.9515566437300014
OCNT-2312728,WFMZVSWBAHEUAY-UHFFFAOYSA-N,4.283718515190002,4.206140394539999,4.682880449769999,3.44136613888
OCNT-2312731,DWVAWAZUSUBEMQ-UHFFFAOYSA-N,4.038747593780001,3.7933489279700026,4.85841843423,2.59753027632
OCNT-2312732,QPKBSKVSPWCCIR-UHFFFAOYSA-N,5.044120719330001,4.540394311730001,4.386029249099998,4.11505614203
OCNT-2312741,ZZFSIEKTPZLRNW-UHFFFAOYSA-N,5.22190211504,4.797203773659998,5.054022490490002,4.593667561180001
OCNT-2312742,JBILOGVIBNCUSD-UHFFFAOYSA-N,4.096988038220004,3.6917813031600013,4.55473220341,2.6197791120200007
OCNT-2312743,CTEXNEUTVYKFTD-WBVHZDCISA-N,4.483527379860003,4.340195717369999,4.6674633834399994,3.7874197214999983
OCNT-2312749,ZAFLASWCWZQRCU-UHFFFAOYSA-N,5.079069016100002,4.85866088742,4.659948877090001,4.24006161967
OCNT-2312760,MJSHQBKOOKTKQV-LBPRGKRZSA-N,5.284315020180002,4.58324044043,4.671497789540003,4.669298963240002
OCNT-2312779,IAZSTIBERROYCJ-UHFFFAOYSA-N,4.356571392129998,4.5453597061699975,4.4923946820600005,4.409524918800002
OCNT-2312781,AQTJUFQKRCVXHV-UHFFFAOYSA-N,4.566353676350001,4.48359200377,4.742392035859998,4.318611006139999
OCNT-2312807,SDSCCHIAXZKJFU-UHFFFAOYSA-N,4.744709635379998,4.728887494189999,4.93562862751,4.710620267510002
OCNT-2312822,WYEUZHWYVCUYQY-UHFFFAOYSA-N,3.5728760637700008,4.435304518749996,4.5713766599,3.8666402576599994
OCNT-2312830,MEDIVWVWIKCMBU-UHFFFAOYSA-N,4.115583412620001,4.57562877989,4.440364461150002,4.562502773369998
OCNT-2312847,XVEOZZDPTYFUNW-UHFFFAOYSA-N,5.236400799470001,4.5423525773600035,4.275580085269999,4.289398903439999
OCNT-2312853,KBMGYZFUIIVYPK-UHFFFAOYSA-N,4.96485936837,4.68368916631,4.50252240458,4.50823283369
OCNT-2312860,OWRGYPSJKIWUAT-UHFFFAOYSA-N,3.7265394342200016,4.266293847640002,3.9738522341100007,3.8431838050100002
OCNT-2312906,WGYQLXGWKYLPFA-UHFFFAOYSA-N,5.018657752529999,4.76112287017,4.67505630933,4.414226589400001
OCNT-2312921,ZIGNJPLWUJFGKO-UHFFFAOYSA-N,5.72310889668,5.015851897390002,5.860021781940003,5.381590063349997
OCNT-2312967,XLHZRAFTJKNKHX-UHFFFAOYSA-N,4.23635244712,4.154667055849999,4.587714573880001,3.3020544821300013
OCNT-2312969,BVPRAXPGVAOBHM-UHFFFAOYSA-N,5.38150882966,5.088673398569999,4.81988176798,4.892640293990001
OCNT-2312973,XZTFOQBCMPUHSK-UHFFFAOYSA-N,5.270677325699998,4.334537481060001,3.9925501855499976,3.886365317600001
OCNT-2312992,YUDPHUQAJSBUDT-UHFFFAOYSA-N,4.146366015860001,4.52008152313,4.633935422830001,3.9986825229299994
OCNT-2313019,WRAOZYOLOJSJKB-UHFFFAOYSA-N,4.8725251078500005,4.531169716320001,4.332329308009998,4.062447130720002
OCNT-2313031,RZFIMRUQWQTVLX-UHFFFAOYSA-N,4.715794309490002,4.654461896430001,4.496146570929997,4.80062666764
OCNT-2313046,IPBKBWMBTUWLTQ-UHFFFAOYSA-N,4.848215376330001,4.707217789789999,4.774860078440002,4.791672154750001
OCNT-2313067,BKMRUBBEUPJYLU-UHFFFAOYSA-N,4.96451466875,4.020548153659998,4.737886535649999,4.341842458320001
OCNT-2313094,WFTNCVLBOBLEGN-UONOGXRCSA-N,4.081498363360001,4.403131238709999,4.511361032500001,3.627659637690001
OCNT-2313099,XMGSKHFJBUJBTI-UHFFFAOYSA-N,5.069074683770003,4.489584591410001,4.632892895119999,3.92878213985
OCNT-2313103,WNBIMBZYKXPHFP-UHFFFAOYSA-N,4.54907977763,4.524892318530001,4.359655149249999,4.056454794419999
OCNT-2313107,OXSKBKVLTNYZJZ-UHFFFAOYSA-N,4.979408925270001,4.560170575090001,4.913003225870001,4.45012462261
OCNT-2313120,HNPLJDLBILRTDZ-UHFFFAOYSA-N,5.037987617540001,4.838791363820003,4.112778594909999,4.965993453520002
OCNT-2313133,DMKVLYVYLQRBKM-UHFFFAOYSA-N,4.883973078990003,4.661363605839999,4.6431837311100015,3.8339876543000013
OCNT-2313145,BLHIRVBNLSHBMK-UHFFFAOYSA-N,4.658566909730002,4.324823102410002,4.837948796850001,4.106027243509999
OCNT-2313174,KUEFKGHTPSBWEL-UHFFFAOYSA-N,5.318363080760003,5.125055199830004,4.6790565104000015,5.056829537200001
OCNT-2313175,BQFFKKCJFAURMU-UHFFFAOYSA-N,4.47144157545,5.05207802734,4.107206087060002,4.908170851630001
OCNT-2313198,JOBIHDLHMORTRY-UHFFFAOYSA-N,5.083191821890001,4.42991024356,4.71212351368,4.242259516250001
OCNT-2313211,LYSMXLVEIFJYBM-SJORKVTESA-N,4.831019067360001,4.310499131899998,4.56205030513,4.0517283069199985
OCNT-2313243,JTRQTLSPUXJTCE-UHFFFAOYSA-N,5.314019518940001,4.950502600119999,4.7579431968199986,4.21557903979
OCNT-2313255,FSRWABFDKDBIDA-UHFFFAOYSA-N,4.556585308100002,4.066740962020001,4.9088303908699995,3.7164756224700004
OCNT-2313271,LDIZCMIHDANSED-UHFFFAOYSA-M,4.485724384360003,3.6634370631600013,4.62230040986,2.9304211238600004
OCNT-2313287,PSPNJHJLCZRMIA-UHFFFAOYSA-N,4.9578117294799995,4.140180365690001,4.455273950039999,3.447576430880001
OCNT-2313300,AMGUHAQZHHPZGU-UHFFFAOYSA-N,5.660283061569999,5.196246117529998,5.378326432660002,5.37721235151
OCNT-2313314,RTATWVVYZGOVFV-UHFFFAOYSA-N,5.415351160900003,4.96791467807,4.4778966002399985,5.130992793980002
OCNT-2313326,FYIVOYFZRCZICX-UHFFFAOYSA-N,4.818571282169999,4.69971747984,4.702437829640002,4.92347457381
OCNT-2313366,RCUPFXKTPISMDD-UHFFFAOYSA-N,4.988650711649999,3.9794590759500004,4.757865359599998,4.191937256600002
OCNT-2313374,OFYRXFGVIZMXNC-UHFFFAOYSA-N,5.205038871509998,4.5754171034099995,4.8057998165099995,4.09453805598
OCNT-2313386,OSXYWHPJKFSHBZ-UHFFFAOYSA-N,4.954903444740001,4.797619731659999,4.536961680969998,4.797441461000003
OCNT-2313393,JTFCFWFAKZPANV-UHFFFAOYSA-N,4.180120245920001,4.3645830619299995,4.577888801229999,3.7731103791100002
OCNT-2313401,CFKFIYOZBUCKGU-UHFFFAOYSA-N,4.89155642159,4.311636546559998,4.58187437522,3.9302310811200014
OCNT-2313421,UEZFUSJYOQQFGV-UHFFFAOYSA-N,4.362793519849999,4.360319221409999,4.684320357300001,4.217741988670003
OCNT-2313433,QSCFSMUONJJUJB-UHFFFAOYSA-N,5.041730069720002,4.879851513069999,4.802760929830002,4.748078966900003
OCNT-2313460,PPLFVYMZLYWYGR-UHFFFAOYSA-N,5.1629235452,4.791728223400001,4.520433260169997,4.544306193995001
OCNT-2313504,RUWDIHYCVZUURS-UHFFFAOYSA-N,5.410824915989998,5.112008583130003,4.349137484049999,4.719685183030001
OCNT-2313509,YTUXANBXYDOALA-UHFFFAOYSA-N,3.7534349666799995,3.6136095272100017,4.48025693323,2.989148786849999
OCNT-2313515,AMFIZLVJCNIIFQ-UHFFFAOYSA-N,4.32983005328,4.247502809340003,4.266409033979999,3.3868734482599985
OCNT-2313521,KAIWQGPNSLOCDD-UHFFFAOYSA-N,5.014716073099999,4.6480175486199995,4.62737275753,4.40656006888
OCNT-2313522,NXAQFXFUPZLHKK-UHFFFAOYSA-N,4.54766075757,5.712064999819996,4.85911049785,4.75216958327
OCNT-2313532,DBEMDJCSEVHWPT-UHFFFAOYSA-N,4.9180908722100005,4.789036864420002,4.693766253529999,4.541716073570002
OCNT-2313558,OIPJIZBECNFXGT-UHFFFAOYSA-N,4.705498707280003,4.312760526760002,4.822206375769999,4.040274409923334
OCNT-2313567,DHNZZMXDGCZABY-UHFFFAOYSA-N,4.957009735590001,4.65829405144,4.741607564889998,3.7677405171300022
OCNT-2313581,RJDNHGAQACJKRG-UHFFFAOYSA-N,4.84159140081,4.430782007749999,4.74110585941,3.93894404016
OCNT-2313639,UUDRQUDXXFGXLQ-UHFFFAOYSA-N,4.830223792620001,4.4474017222899995,4.615976356240001,4.087398429039999
OCNT-2313642,GGXUBOXSDLLLRW-UHFFFAOYSA-N,5.192468642660001,4.306275418490002,4.57036924064,3.8945707500700006
OCNT-2313643,YQHXRQUOFRLUFK-UHFFFAOYSA-N,4.156390590560002,4.34011290682,4.205429561300002,4.131111256150001
OCNT-2313645,FRCQMDKKZZBGTP-UHFFFAOYSA-N,5.056735300320001,4.89929712413,4.30916518581,4.6193498578900005
OCNT-2313652,CEMCKNGTJNXVBU-DNVCBOLYSA-N,4.86632024618,4.20838525739,5.048937156840001,3.8713154813800013
OCNT-2313664,PDHFEWSJRAAGIE-GUYCJALGSA-N,4.189051109930002,3.926298338460003,5.050849927619997,2.4617976426
OCNT-2313666,SSOPMQGHWIWDLU-UHFFFAOYSA-N,4.588896816130001,3.3853504479199996,4.67624292376,3.3020804972700013
OCNT-2313667,NWIQZCQGBSFWSR-UHFFFAOYSA-N,4.493567346260005,4.086579543239998,4.8358016884,3.886055780330002
OCNT-2313671,WGKDQQWFANDLEP-UHFFFAOYSA-N,3.98952893467,4.493629755950001,4.641215652860001,4.15286539597
OCNT-2313675,YDFOSAZBCLLMBO-UHFFFAOYSA-N,4.10856979209,4.457472705110001,4.5765635713399995,3.858359041390004
OCNT-2313684,KTXGZAHGTOTYGL-UHFFFAOYSA-N,5.357192937599998,5.04723573368,4.5260102167700005,4.802727383549998
OCNT-2313708,NDFPYBQHVQZPMN-UHFFFAOYSA-N,4.33411682735,4.069187419320001,4.690677933962499,3.245667114090001
OCNT-2313710,BIFLDVCMWKAYEW-UHFFFAOYSA-N,5.0737418232400024,4.704856568669999,4.66353196909,4.61647312496
OCNT-2313789,OORSXFVBXLFCHO-UHFFFAOYSA-N,5.224026767150001,4.745919422590001,5.015264925340002,4.694639528800001
OCNT-2313792,UFRFFDWQHAVRIU-UHFFFAOYSA-N,4.504539621389999,4.47788543832,3.878924741599998,4.360176254319999
OCNT-2313804,UTFJVWIFVHWOCG-QMTHXVAHSA-N,4.928023233440002,4.494623626130002,4.32320697447,3.9042116265550004
OCNT-2313808,MKQBWARPRLEMRM-UHFFFAOYSA-N,4.80772231589,4.11835169494,4.98171572805,3.510372534870001
OCNT-2313826,OSJLPZDRGKVMAN-KBPBESRZSA-N,5.184278424080002,4.50854093906,4.483775708040001,3.6879364955833323
OCNT-2313839,GPJFIUFMOSAZGL-UHFFFAOYSA-N,4.1877329802900025,3.8136837974700017,4.464199338219999,3.06790098195
OCNT-2313845,CEZWATQPKVMJIE-UHFFFAOYSA-N,5.22825494748,5.100925107890001,4.484300730940001,4.856549171960004
OCNT-2313867,XCJBZSLPRJLGAD-UHFFFAOYSA-N,4.92766605447,4.7122522045899995,4.242772403619998,4.674862018372501
OCNT-2313871,LYIQMTLUFSULDO-UHFFFAOYSA-N,4.0319594056599986,4.010063079929999,4.163054697170002,3.2737573670900013
OCNT-2313887,PEIDMFGKYSEABD-UHFFFAOYSA-N,4.805590413139999,4.598273928139999,4.048048270019999,4.079631174229998
OCNT-2313897,QVFHSMGCYHVHEX-UHFFFAOYSA-N,4.523951037980002,4.491708593669998,4.872401654499998,3.9903056134600003
OCNT-2313909,UZRQOSFDZJTFGF-UHFFFAOYSA-N,4.596604810489999,4.485945812329999,4.301927155469999,4.072385451890001
OCNT-2313910,LSRTWYOTIFENKS-UHFFFAOYSA-N,5.17084896039,4.77497728393,4.60044576844,4.71116367931
OCNT-2313912,MFQUCJFOGBKLIU-UHFFFAOYSA-N,5.112219463380001,4.5437720737400005,4.727140102819999,4.1482346121099996
OCNT-2313939,LCJHPXYBKAHYBP-YPMHNXCESA-N,4.587733819000003,4.435046153579999,4.627650568849999,3.780237847350001
OCNT-2313944,NUKPHKXLLJXVFK-UHFFFAOYSA-N,4.39632892896,5.335396407060002,4.383109145699997,4.881574180189998
OCNT-2313949,HYDMJJIQJHFVMR-UHFFFAOYSA-N,4.43410195715,3.778987727750001,4.702500871649999,2.56761804043
OCNT-2313954,WGRJKHRILGAHPP-UHFFFAOYSA-N,4.98610332838,4.19816555229,4.47936553172,4.51922573421
OCNT-2313984,CVPBNALLHHKCFW-UHFFFAOYSA-N,5.0551976545200015,5.134445149860003,4.53673491554,5.137907540400001
OCNT-2314011,UXHPOOLMZAWLIS-UHFFFAOYSA-N,4.855468045910004,4.424127608070002,4.56706994424,4.340914913345001
OCNT-2314017,LEQSLZQFYHLUIU-UHFFFAOYSA-N,5.071385099340002,4.683357591770001,4.62464739554,4.515169659015
OCNT-2314033,RJCXPEGJXBHJKB-UHFFFAOYSA-N,4.19010509768,4.23733936191,4.707624067189999,3.47138869869
OCNT-2314036,GJSVSPJKICEEPA-UHFFFAOYSA-N,4.038013080480002,3.8751472365500006,4.427693372809999,2.83843088783
OCNT-2314041,ZUYXKEDIFSQYBY-UHFFFAOYSA-N,4.601715916980001,4.357973976519999,4.419595229290002,4.157846370649999
OCNT-2314054,VQVPXYROELRNLE-LBPRGKRZSA-N,5.25700063431,5.0218977494500034,4.661867285199999,4.77649571513
OCNT-2314062,NEGKAPWDJURIMH-UHFFFAOYSA-N,5.0574068179200005,4.973066996660002,4.24330733071,4.84649066796
OCNT-2314067,BBVBTGGZKHONFX-UHFFFAOYSA-N,4.347283907390002,4.909075202040001,4.72878479786,4.65977518196
OCNT-2314073,DIYUFBAIKTZZNR-UHFFFAOYSA-N,4.398720310360002,3.933777105059999,4.510666825709996,3.634450696530001
OCNT-2314074,GHSVIASTMJPJAL-UHFFFAOYSA-N,4.863484424639999,4.611036287570001,4.676918633320001,4.525099463819999
OCNT-2314127,ZWKPLPQOZQTTCU-WDEVSDKISA-N,5.091359742769999,4.53802529813,4.811927508410002,3.78717919003
OCNT-2314135,UHKMGEDTTFFMSI-UHFFFAOYSA-N,5.622978138490001,5.21475190561,4.998299004689998,4.773481626100001
OCNT-2314148,RVTZNVLWCXLJPL-UHFFFAOYSA-N,4.734630881410002,4.626831234699998,4.634218786800002,4.41074417962
OCNT-2314151,LXJKAAXWGFNAFK-UHFFFAOYSA-N,5.434928737170001,5.543300878390004,4.577516483899999,5.339824232669997
OCNT-2314172,VEUVBVWSGSYXGX-FZMZJTMJSA-N,4.32783577893,3.31144300582,4.400087640080001,2.698721803359999
OCNT-2314176,ZERPZYBRMRUZEU-UHFFFAOYSA-N,5.3073072465700015,4.841795297729999,5.249979862540003,4.809075874159999
OCNT-2314182,IVCDGKPHARCRJC-UHFFFAOYSA-N,5.626723052469999,5.103466287649999,4.95263721716,5.043953506349998
OCNT-2314199,JATURAANLPDRKL-UHFFFAOYSA-N,4.446878447010001,5.128526044410002,4.4009529782225,5.05063506214
OCNT-2314210,MVNQOYNSBTYFJP-UHFFFAOYSA-N,5.30376830413,4.6569904934599995,4.574075254489999,4.440757649960002
OCNT-2314213,VLJKAMHQYUPXEX-UHFFFAOYSA-N,5.197611393480002,5.213726121200001,4.686629860000001,5.192010088180001
OCNT-2314215,DIPOULUMVHFNBF-UHFFFAOYSA-N,5.004729989440001,4.60755105815,4.754060711319999,4.299193742380002
OCNT-2314254,PNZYMSWQEYPOPA-UHFFFAOYSA-N,5.1462736826699995,4.671440282179998,4.952888861450001,4.454523473510001
OCNT-2314266,VHVGLSGEIFKTCG-UHFFFAOYSA-N,5.219227404830001,4.482949088040001,4.680324096979999,4.175191310693334
OCNT-2314267,KLULEELEFHAFLA-UHFFFAOYSA-N,4.784269940520001,4.655932941280001,4.568546377960001,4.87694934035
OCNT-2314275,UOAZSMRAKRPPSF-UHFFFAOYSA-N,4.815819508420002,4.580788655210001,4.7828501795400005,4.090640392990001
OCNT-2314279,NVQLRNPGJMCFJN-UHFFFAOYSA-N,4.763611269829999,4.741194462240002,4.613684034560002,4.550833434889999
OCNT-2314283,LKHLFUHYEJGOEG-UHFFFAOYSA-N,4.16319736552,4.640529155849999,4.710168737519999,4.358538998500003
OCNT-2314295,KFADPKUTZZVLIQ-OAHLLOKOSA-N,4.385845866080002,4.637140655139999,4.56167999878,3.4210864961600005
OCNT-2314306,FAIPFRSDTGEWBZ-UHFFFAOYSA-N,5.096958930720001,4.837220992740001,4.5033236542749995,4.649743612569999
OCNT-2314310,CRRWDCQIGUFMTL-UHFFFAOYSA-N,4.49665288676,5.090429067890002,3.5339669904400015,5.062718604150002
OCNT-2314321,WDVWPZGOCHWSJT-ZETCQYMHSA-N,4.1285346153099995,4.0668705648,4.231047498030001,3.7698561875900016
OCNT-2314341,KBTGNWQIXXNKTI-UHFFFAOYSA-N,4.6159821949800035,4.303755892180001,4.36335870169,3.269549358510001
OCNT-2314354,MILIOGNESIKGOH-UHFFFAOYSA-N,4.357019836230001,3.750959363490003,4.555589831280001,3.0894634285400016
OCNT-2314381,AVLOASHADGUSOL-UHFFFAOYSA-N,4.93474663015,4.73828591588,4.82113119203,4.5887417950649985
OCNT-2314387,ZPNRFLVQUATPER-UHFFFAOYSA-N,4.4194713418800005,4.441342133060002,4.598872187449998,4.4893200549999985
OCNT-2314397,UAHSWNYRQYPIEV-UHFFFAOYSA-N,4.919599167350003,4.641360077779999,5.22764633235,4.56666412436
OCNT-2314402,XTZRHLYNKPNFJU-UHFFFAOYSA-N,5.826499050389998,4.474608871559999,4.607722322520003,4.86192930746
OCNT-2314405,BFEUJJDBPNVUAZ-UHFFFAOYSA-N,4.980199462140002,4.838616325600001,4.39898510153,4.861272336930003
OCNT-2314433,PDCGVJNVWODTOB-UHFFFAOYSA-N,5.226893739410002,4.3445852150399995,4.651603118170002,4.243192488500002
OCNT-2314454,XXQZZAVTJKDDAX-UHFFFAOYSA-N,4.580961516120002,4.146899907209998,4.550560376340001,3.1192939643099997
OCNT-2314482,SCENQOKIKYBZGN-UHFFFAOYSA-N,5.064848754459999,4.717021208290001,4.608526703689999,4.703565573929998
OCNT-2314502,UPDFXVMQTKYTKC-UHFFFAOYSA-N,4.4934237351999995,5.36162975675,3.8984044352900002,4.912214050560004
OCNT-2314524,LQVTYUIEGKMZHO-UHFFFAOYSA-N,4.54432095679,4.733003686740002,4.435907233830001,4.651410444959998
OCNT-2314537,DSQFTSWIPOKTPP-UHFFFAOYSA-N,3.5550236055600006,4.052260728769999,4.659380300140002,3.1603055771700004
OCNT-2314539,CDMXNTHBKPPMIJ-INIZCTEOSA-N,4.308910019720002,4.641930440080002,4.30470756046,4.55621587386
OCNT-2314547,LATOOSZSOUGHJE-UHFFFAOYSA-N,4.2160856949399985,4.202649615920003,4.21583955967,3.9996910704299995
OCNT-2314559,BRLCJROZNOOQAY-UHFFFAOYSA-N,4.990851382729997,4.902331426330001,4.913858763820001,4.888138818060003
OCNT-2314574,VMMAOGVIBOQCRR-UHFFFAOYSA-N,4.202931583700001,3.583107029740002,4.5402177013800005,2.755077961499999
OCNT-2314575,LOQPWSNDFNSRCO-YOEHRIQHSA-N,4.19026647234,4.39793769125,4.811178637229999,3.35142946835
OCNT-2314586,SMPWASMRDISMMM-INSVYWFGSA-N,3.779757985149999,3.71570035278,4.709310907500001,2.5905500530500003
OCNT-2314588,SGAGKBYBXBBBFW-UHFFFAOYSA-N,5.423211322070001,5.1112095128199995,4.917157066409999,5.24607741953
OCNT-2314592,QKNOSEMAOFCOMM-UHFFFAOYSA-N,4.753096752070003,4.08822034238,4.597851122690001,2.9014642969699995
OCNT-2314609,RASBLIZWRZHKCZ-ZDUSSCGKSA-N,4.65293317369,4.176221700939999,4.40490664857,3.5775123244700002
OCNT-2314616,HUIABVFTVYHWJJ-UHFFFAOYSA-N,4.334586090099999,4.403035014599997,4.7362458588,4.13805491731
OCNT-2314630,LSLIEHCSXLSEBB-UHFFFAOYSA-N,5.055466574599998,4.660059217739999,4.807909296899999,4.37124618776
OCNT-2314632,LAXFUTMBNOBLAP-UHFFFAOYSA-N,4.7246910712,3.7154938877700006,4.42085115041,3.068958737750001
OCNT-2314682,PHJZMKYHWKGXEO-UHFFFAOYSA-N,4.7692830843500005,4.45289619667,4.835758083829998,4.416338287979998
OCNT-2314683,GKYGLOCHFIRIIR-UHFFFAOYSA-N,5.16854744987,4.999795694560001,4.465028460990001,4.5924029646900015
OCNT-2314705,PALLJXRWIIGYCG-UHFFFAOYSA-N,4.814981722100001,3.9914157950099995,4.711299701420002,2.99646329218
OCNT-2314706,QXPYQRMVAGAKQV-UHFFFAOYSA-N,5.369396227569999,5.16166207356,4.569557728690002,5.03816474251
OCNT-2314724,RXXQUZGRACSXLB-UHFFFAOYSA-N,4.373521511260003,3.85899174629,4.74406704752,3.27667820079
OCNT-2314726,USHNZYKNXBMNCZ-UHFFFAOYSA-N,3.6827317656100003,3.4100687871999993,4.6787040267,2.930674609110001
OCNT-2314744,RDICYFQRZMFODS-MFKMUULPSA-N,4.513330669360003,4.297942600289999,4.883058442099999,4.024350300540002
OCNT-2314750,HDZXPBGQDAEJGU-UHFFFAOYSA-N,4.550018595730002,3.7725229219700016,4.950791768489999,2.9796885876599997
OCNT-2314759,YWMOZLLJWDAVMV-UHFFFAOYSA-N,4.784990414,4.511459148810001,4.54695197565,4.55852404996
OCNT-2314770,CVYZOTQELJXXRO-UHFFFAOYSA-N,5.203116008070001,4.501123816330001,5.12559471666,4.357100394519999
OCNT-2314796,QWGZRNQOLUAEIB-UHFFFAOYSA-N,4.396751127730002,4.969725200380001,5.260250689180001,4.93766524038
OCNT-2314805,OWUMXLCYZSGLOQ-UHFFFAOYSA-N,4.677791121660001,4.68992515125,5.042637730529997,4.449077922430002
OCNT-2314816,UVTFRJCSVXDRSZ-UHFFFAOYSA-N,5.070421331100003,4.57668964326,4.84414417082,4.359009580581001
OCNT-2314820,YDZMNLGKLZGCSU-UHFFFAOYSA-N,5.086277148379999,4.86112075763,4.620135575079999,4.348865017379998
OCNT-2314853,PUEJSMDTGQUQIA-UHFFFAOYSA-N,5.52058799824,4.758548072389998,5.05737123826,4.8440472003499995
OCNT-2314859,GTHFTMXIWHJARY-UHFFFAOYSA-N,5.0303835143,5.170715694649998,4.798313168329998,5.16849698849
OCNT-2314864,IZSWTCQKDZJSHD-UHFFFAOYSA-N,5.257768995760002,5.79011182649,4.6268893443599985,5.416872466920001
OCNT-2314866,PUVFNUJBXLULQY-UHFFFAOYSA-N,4.8514207996500005,4.218258582380001,4.80944956475,4.047882298200001
OCNT-2314875,KLXUZEOQTNJRRF-UHFFFAOYSA-N,5.342502737289998,4.883123916010002,3.9563465646000013,5.161642066190001
OCNT-2314895,KNTPHJCKWPHKJW-UHFFFAOYSA-N,5.158400956239998,5.2726898043600015,4.050795939410001,5.2894627225900015
OCNT-2314899,NZQDVNRULUOBED-UHFFFAOYSA-N,4.813238827309999,5.205098250560001,4.038319231609999,5.16584586641
OCNT-2314929,WYRQUHYUCVJXLF-UHFFFAOYSA-N,4.877668452170001,4.693196211530003,4.355305888759999,3.9500972809500023
OCNT-2314960,CTBCAGWGSNTRHE-UHFFFAOYSA-N,4.647084704679998,4.33683736828,4.877750950780001,3.8277426757700024
OCNT-2314992,ZBKBXXMIEOKEDU-UHFFFAOYSA-N,5.311785477219998,4.521756244550001,4.69883274078,4.209013321170001
OCNT-2314993,PHELUAMDTXQCHI-UHFFFAOYSA-N,3.6750465432299997,4.027281040910001,4.6434679659,3.1403317529500003
OCNT-2315001,BXAIWANBKAGJGC-UHFFFAOYSA-N,5.032119306340001,4.61642127277,4.50257269252,4.03276852896
OCNT-2315007,KPZHOTAFRDKLBB-UHFFFAOYSA-N,4.3498048308499975,4.741567826179998,4.44379857172,3.8592211596000006
OCNT-2315036,BUVFEHNROMUBNS-UHFFFAOYSA-N,3.939292573999997,4.018583495089999,4.5930011113599996,3.58054045066
OCNT-2315050,VXFXFMMWFUFBAR-JOCQHMNTSA-N,5.1465401423,4.210848094810001,4.675706420880001,4.117697273939998
OCNT-2315056,LBCJOUUDNYKSSR-KRWDZBQOSA-N,4.777413053510002,4.686728420769997,4.897337272360001,4.3948077663700005
OCNT-2315079,YCHNKCQNPQJYSD-UHFFFAOYSA-N,4.167340088069999,4.5119160661899995,4.163881111099998,4.001651058510001
OCNT-2315082,WCQPNTIVTWMJSZ-UHFFFAOYSA-N,4.191103711480001,4.2682423420800015,4.473619114439999,4.089477897220002
OCNT-2315103,FWQGELGUVIJUCC-UHFFFAOYSA-N,4.389979483450001,4.487698813719998,4.556987566,4.443022137080002
OCNT-2315126,VJHDBUJUYUPJJI-UHFFFAOYSA-N,5.460823211869999,4.604881981099999,4.654512303679998,4.07375924699
OCNT-2315131,FDGLXIWOBFIFIJ-UHFFFAOYSA-N,4.357391324549999,4.672363499910002,3.9433699824200015,4.05475746302
OCNT-2315133,AHQNKQQOLTVRAI-UHFFFAOYSA-N,5.206668671149999,4.453862056740001,4.67837005894,5.310740025449998
OCNT-2315149,YCVRUZSBJRNHDW-VQIMIIECSA-N,5.03728072635,5.2272173774400015,4.7404558138200015,4.82718956338
OCNT-2315153,FEROKVSYPLWBAJ-UHFFFAOYSA-N,4.409816743780002,4.26949469288,4.693829832880001,3.9064017768399992
OCNT-2315165,PJVFRSPLCNBIGM-UHFFFAOYSA-N,4.613422708400001,3.8877810155100008,4.41663442475,2.81323211439
OCNT-2315172,SUGLTFAJWIOHPU-UHFFFAOYSA-N,4.363427129980002,4.403755479570002,4.70204317666,3.9891049865400015
OCNT-2315178,NMGBMHHLXGGQSX-UHFFFAOYSA-N,4.311275569180002,4.5062824854,4.7755526011199985,4.01595738788
OCNT-2315186,MVVQOOQOXKXXNX-UHFFFAOYSA-N,4.712931509320002,4.72890197324,4.409392954130002,4.434761940190001
OCNT-2315195,NMOWDWMKIBNABG-UHFFFAOYSA-N,4.60933105678,4.4818920777399995,4.430700263859999,4.426232315240001
OCNT-2315200,XDSNDYXIMICPRR-UHFFFAOYSA-N,4.144032134199998,5.060987070229999,4.1759519207,5.065490578280001
OCNT-2315201,FLSQQEOSBFMSDU-UHFFFAOYSA-N,5.07183288237,4.490591976040002,4.498780729130001,4.56649187135
OCNT-2315213,DGRCPXUHDLNDFW-NSHDSACASA-N,4.318127645820003,4.2924055258700005,3.788008543549999,3.228095426180001
OCNT-2315226,HRGHCIWBUYKSCA-UHFFFAOYSA-N,5.0905574106300016,4.92993053321,4.6067171380000005,4.78256147763
OCNT-2315252,WXHNIZSHBMNFPP-UHFFFAOYSA-N,5.779861349910001,5.045955701299999,4.773752832720002,5.497836787219999
OCNT-2315259,FKGZTTKABGMFKO-UHFFFAOYSA-N,5.303095451970003,5.005068889180002,4.567937642809999,5.057433973549998
OCNT-2315263,MZFRIUHVVSLKNK-UHFFFAOYSA-N,4.733892322699999,4.731380783189998,4.355685489369998,4.510711402690001
OCNT-2315296,HZJWQJHQWQCMTO-UHFFFAOYSA-N,5.153329793710001,5.0366107633100015,4.38341273578,5.182694383560001
OCNT-2315308,LKYSPIBWGJDZSC-RDJZCZTQSA-N,4.91503117098,3.95591951913,5.0138655646,3.969362664179998
OCNT-2315329,RASGZHDTHAJHKS-UHFFFAOYSA-N,5.039254377430001,4.87942111165,4.653160680819999,4.681492170250003
OCNT-2315331,NVIPJYUDRHGQJO-UHFFFAOYSA-N,5.306511998739998,4.70965906298,4.784725671559999,4.398665984289998
OCNT-2315333,CJHXDOWULUIHLK-UHFFFAOYSA-N,4.565162159629998,4.6377430985400006,4.0353981667999985,4.33282211494
OCNT-2315338,DJMHLIDBQJJDOT-UHFFFAOYSA-N,4.77606656016,4.730681408429999,4.190393690379998,4.26993574112
OCNT-2315342,AJLGKZFVBQWOMF-UHFFFAOYSA-N,4.737844587070002,4.216341927109999,4.55890585018,3.84910685744
OCNT-2315349,WFVSDBTXMRGQAP-UHFFFAOYSA-N,5.397760667960001,5.044625927649999,4.7369073226500005,4.800749314610003
OCNT-2315363,YBMMVWJJHJIUIW-ZIAGYGMSSA-N,4.997651620300002,3.8543831850399983,4.556767023400002,3.7783118069599992
OCNT-2315371,YVQWEUNHKAAVOA-UHFFFAOYSA-N,4.123489427760002,3.9523568892700003,4.668569984900001,2.9811171042100004
OCNT-2315417,FQTOHOCJEYDRRG-UHFFFAOYSA-N,4.402569797249998,4.374498249539999,4.552019807959999,4.254394065269999
OCNT-2315433,KBOZBGOGXVJYQF-BRQZFJGMSA-N,4.590655363230001,4.362590922819999,4.761877177899997,4.253873410699998
OCNT-2315444,LINUEMAWVXHAKO-CRAIPNDOSA-N,5.536127292639999,4.760000854329999,5.322862150540003,5.1705989595599995
OCNT-2315460,FROSMHXGVUTODR-UHFFFAOYSA-N,3.9392727281700006,4.020422439179997,4.455496769960002,3.5951915934900014
OCNT-2315505,HLRHRWSRSVLASR-UHFFFAOYSA-N,5.0712998343999995,4.9966910359700005,4.929389320199999,5.2835816501499995
OCNT-2315508,UERZMAGKKQJDCW-UHFFFAOYSA-N,4.0556795142899995,4.05438711657,4.699323324950002,3.4141031289600012
OCNT-2315514,IUZLYQRADKSHLN-UHFFFAOYSA-N,4.3705263169699995,4.5131895790100005,4.554697192639998,4.63745078155
OCNT-2315543,GHBJCJPSHWBOJK-UHFFFAOYSA-N,5.13265842473,4.860134623489999,4.594273365950002,4.637605119419999
OCNT-2315568,GCZWMXIZJQSSJV-UHFFFAOYSA-N,5.296607106000003,4.898008556140002,4.85127341443,3.91108063418
OCNT-2315583,HYJXGOGSQCUIGI-UHFFFAOYSA-N,5.0492278207800005,4.8336475403699986,4.538997671590002,4.723842573300001
OCNT-2315589,QAWOQFIMBHMFMT-UHFFFAOYSA-N,5.28707404665,5.283789663139999,4.706363982199998,4.8794701988
OCNT-2315610,RUAGYLLVGYPLQJ-UHFFFAOYSA-N,4.187824669249999,4.181734186150001,4.651464445910002,3.838505485899999
OCNT-2315611,GRHXBVIMQMYABG-UHFFFAOYSA-N,5.074187873310001,4.331963975250001,4.633178987099998,3.260043487180001
OCNT-2315615,PERIRYDITADLRX-UHFFFAOYSA-N,4.522346895100001,4.20583381149,4.61601001077,3.6940785754700003
OCNT-2315618,OQNXHUMGKSWJDA-UHFFFAOYSA-N,5.372891569300001,4.82714031376,4.5406493370600005,4.897819656790002
OCNT-2315621,DUVALDLJIYQNBJ-UHFFFAOYSA-N,4.43776064631,4.200398904479999,4.6751468751699985,4.057859395300002
OCNT-2315654,OLJFNVZJUWIQBA-UHFFFAOYSA-N,4.274755078390002,3.665607553390001,4.880646519439999,2.569272963900001
OCNT-2315684,PDLOAELCEZJLJG-UHFFFAOYSA-N,4.571058722810001,4.42152620788,4.48694654033,3.9067852655900026
OCNT-2315688,QJHGNLFVGCRXSJ-CQSZACIVSA-N,4.535613059740003,4.13681037104,4.639499873749998,3.6672113688900017
OCNT-2315690,CCOWGWCBXJNVNW-UHFFFAOYSA-N,4.966429799309999,4.681092528310001,4.623579441750003,4.2356000364999975
OCNT-2315702,SLSYBPBKTDBVFO-UHFFFAOYSA-N,4.18511398999,3.9800151460400013,4.524148800360001,2.73585421943
OCNT-2315727,BKVJWZUCLLNQBZ-UHFFFAOYSA-N,5.011859899480001,4.506837309340001,4.6592446304,4.2225577042900015
OCNT-2315765,RNTOIGRBODRYSF-UHFFFAOYSA-N,4.38866603092,5.214362004190001,4.199580951990002,4.965143414190001
OCNT-2315778,MHUIEAVAYPDUIK-UHFFFAOYSA-N,4.766539660389999,4.77789400972,4.858381252600001,4.822612908810001
OCNT-2315779,VTXNZXOBDCSWOG-UHFFFAOYSA-N,4.264342005990002,4.5165635364000005,4.639299557819999,4.23445942988
OCNT-2315780,ZUWJKCQLZRWURZ-UHFFFAOYSA-N,4.731909270799999,5.200537343919999,4.7545930275399995,4.794329656749998
OCNT-2315799,KSABBJQXOFJFMB-IEBWSBKVSA-N,4.966983065790003,4.7132287252100005,4.410348538579998,4.451475575469998
OCNT-2315832,RKIRNVHTEYUZIG-UHFFFAOYSA-N,4.971023217240002,4.4201940345700015,4.839948578240002,4.179098979749999
OCNT-2315840,LAIDWRUPIKZGLH-UHFFFAOYSA-N,4.250774910230001,4.086934399150001,4.75272272839,2.7930015778200006
OCNT-2315851,ABEXPSKBOVMHEU-UHFFFAOYSA-N,5.1700256289999995,5.153994943410001,4.861990857530002,5.117758301100002
OCNT-2315865,GNYQIMZCLGCRDQ-UHFFFAOYSA-N,4.87824235058,4.771459251500003,4.56484851455,4.85080916774
OCNT-2315870,COGRYNSHDIJCGF-UHFFFAOYSA-N,5.112655381830002,4.198556516719998,4.88411777025,3.0731098533299996
OCNT-2315878,OAKQXSLAVRBBFO-UHFFFAOYSA-N,4.541626158420001,4.001651098219999,4.853545425720001,2.3959985522400005
OCNT-2315893,NJWPFCZHUWORBI-UHFFFAOYSA-N,4.625804774,4.1640181623600006,4.6119042072799985,2.868725299270001
OCNT-2315895,XSYKQYURMSKXHU-UHFFFAOYSA-N,4.342669724660002,4.402656432640001,4.739740166100002,3.443006928849999
OCNT-2315903,AUWZLAUAWCSWCW-UHFFFAOYSA-N,4.564470867620002,3.9952308798800016,4.77339106628,3.14106697064
OCNT-2315906,FJQDILFBCXCGIP-UHFFFAOYSA-N,5.664409863949999,4.844132601360001,4.31675493502,4.57627326789
OCNT-2315908,WMYCJMKODWMDQF-UHFFFAOYSA-N,4.9421181977,5.2293555856500005,4.862196514689999,4.913660747909999
OCNT-2315912,OCEJKASXGMZNKH-UHFFFAOYSA-N,5.098715782780002,4.494236849729998,4.3607640095199995,4.258454662539998
OCNT-2315934,FFOPUDGTPLZMOT-UHFFFAOYSA-N,4.879006384400001,4.404884448500001,4.38141465386,4.08723731462
OCNT-2315937,RVDWAGALOWZBAV-UHFFFAOYSA-N,5.16770979087,4.527761635800002,4.68342739721,4.355493424765002
OCNT-2315945,BSDLDEUSTRLQEY-UHFFFAOYSA-N,3.8930953408400018,4.2508876663100015,4.591267241010001,3.2878847046999997
OCNT-2315946,MIOSQEBNSUQYQJ-UHFFFAOYSA-N,4.831492517479998,4.78344184996,4.8923212428800005,4.4891052398300015
OCNT-2315950,SQUDKELOJLLRRO-UHFFFAOYSA-N,5.05550837507,4.83122917127,4.544584742849999,4.789260643070001
OCNT-2315965,OGVLLYXHLIYWNR-UHFFFAOYSA-N,3.9387954464899995,3.9962541614399987,4.50153469057,3.68302068429
OCNT-2315982,WSRRLCNILMYAGW-UHFFFAOYSA-N,4.168527597760002,4.49036149498,4.438531812070002,4.589757827549999
OCNT-2315988,KDWINTKNCFXETQ-UHFFFAOYSA-N,4.9282069377800015,4.490204514199998,4.318734725000001,4.04710844585
OCNT-2315990,HDIABXPHKYTLHK-UHFFFAOYSA-N,5.34422089321,5.051416873169999,4.218381659059999,5.390489847670003
OCNT-2315991,OXEBQHUGNKQHBU-UHFFFAOYSA-N,4.331098539290002,5.319928307109999,4.440175392990001,5.22659833025
OCNT-2315992,PHMDDIHADNUCSF-HZPDHXFCSA-N,4.472551912400004,3.9144871051599996,4.758241008880001,3.1689822414299993
OCNT-2315994,LQLLHNXDSQWNGR-UHFFFAOYSA-N,5.40526650131,5.37710110083,5.0720300779000045,5.666354291319999
OCNT-2316037,XGQFKAWKVLIBAF-UHFFFAOYSA-N,4.68275306523,4.4653744725700015,4.467622690740002,3.705610517549999
OCNT-2316049,WDWXLGUKGPSCJB-UHFFFAOYSA-N,4.95654867759,4.7907007971,5.135441205289997,4.40992329725
OCNT-2316070,JGORGCVKTVDGCF-IYBDPMFKSA-N,5.15059876892,4.798836297760001,5.143426201580001,4.390629030260001
OCNT-2316093,GGQJTMVJNYFFAV-UHFFFAOYSA-N,4.725012480590002,5.100380861830001,4.796813349459998,5.13730082546
OCNT-2316110,XGAWENUTRCFJDI-CYBMUJFWSA-N,4.833842761810001,4.317272935779999,4.736303006550001,4.10801436879
OCNT-2316121,HBIXLLBPTHZDRI-UHFFFAOYSA-N,5.13749817581,5.40945056894,4.907877206940002,4.956805279220001
OCNT-2316132,GUDHSXTUPPEPPK-UHFFFAOYSA-N,5.055187052040001,4.201126544959999,4.457290339310002,3.794343445299999
OCNT-2316141,NLJQZNHEMSUVFB-VQIMIIECSA-N,4.618996331829999,4.418085596220001,4.51056493127,4.0144257745399985
OCNT-2316170,WQSJTLOSKGORSG-UHFFFAOYSA-N,5.068376776800001,4.572227889940001,5.002929283659999,4.295830141789999
OCNT-2316180,CLOQRBMETQXCIE-UHFFFAOYSA-N,5.004770737549999,5.244644713520001,4.888618166880001,4.992006180250002
OCNT-2316181,JMYYWDLLJQSPOB-UHFFFAOYSA-N,5.238680048609998,4.8725052375799995,4.469250925450001,4.896202983520001
OCNT-2316196,UPXQXMXYQKKYRX-UHFFFAOYSA-N,4.1345014751599996,4.194317384260001,4.732795423030001,3.5974395471200014
OCNT-2316204,IAUITTZWSOAVCK-UHFFFAOYSA-N,4.847116487949998,4.557199591470001,4.823153955990003,4.72805348856
OCNT-2316207,UDWPCCDEHUZNNF-UHFFFAOYSA-N,4.9792149964900005,4.809225215800001,4.923115549259999,4.8465813541600005
OCNT-2316216,RUVPZLYIFRKSKE-UHFFFAOYSA-N,4.207825017260003,4.07213166636,4.72002722607,3.4018008121800016
OCNT-2316225,FAADDWZKJJDRAC-UHFFFAOYSA-N,5.5088286045500015,4.593707812039998,4.58759703145,5.09331700187
OCNT-2316228,WXMVGDCAVYRQJH-DLBZAZTESA-N,4.944239358990001,4.19906886458,4.7120083407300015,3.988428561499999
OCNT-2316252,PQYPFFASSMZDMA-UHFFFAOYSA-N,4.257201022150002,3.9972590509900026,4.527095875200001,3.85107735017
OCNT-2316255,TXHULZCABKAZOB-UHFFFAOYSA-N,4.52372860057,4.137042498140001,4.423615196900001,3.8177660916199976
OCNT-2316270,FQIGRACDNIOPES-UHFFFAOYSA-N,5.0799016830299975,4.438259182010003,4.459786707590002,4.003166247509999
OCNT-2316287,SIPKZGGJKLNGKF-UHFFFAOYSA-N,5.05997710719,4.599498189219999,5.191831105000001,4.325024954074999
OCNT-2316305,ZQWNBUUGCZZBQG-UHFFFAOYSA-N,4.605409893930004,4.14914204332,5.0673934443899995,3.55343782817
OCNT-2316311,GXYHSKJJUTYTCB-UHFFFAOYSA-N,4.87109479491,5.178747892460002,3.8722195835500006,4.854013597970002
OCNT-2316329,ZETLBFHKRJQWQU-UHFFFAOYSA-N,4.766575595750001,4.54430122108,4.62792151884,4.330735846080003
OCNT-2316339,GDDJOHRLSPNVNU-UHFFFAOYSA-N,4.712129570590002,4.091146534089999,4.41691565497,3.843874037690002
OCNT-2316344,ZOJWIUJADMWDPN-JKSUJKDBSA-N,4.514255994550001,4.369324069179999,5.042309752689998,3.7837217469499977
OCNT-2316352,WRXFOSGHPGKFAY-UHFFFAOYSA-N,5.082206216570001,4.743779977899998,4.616541038570002,4.488098821469999
OCNT-2316354,MYIUSFVPFKJEDS-GXTWGEPZSA-N,4.367206599180001,3.643635208809999,4.503699334180001,3.0848777950099993
OCNT-2316397,MQCGWNQRZSSMDW-UHFFFAOYSA-N,4.200257926000001,3.6851597132899996,4.645886224370001,2.809101377
OCNT-2316403,HIOCORNYUDAROQ-UHFFFAOYSA-N,4.489706576939999,4.172111375920001,4.114456086770003,3.135530758029998
OCNT-2316436,MXKIROVYBHRNBM-UHFFFAOYSA-N,5.235736434170004,4.892347803500001,5.0527700169699985,4.704315756360002
OCNT-2316494,JPKNAFFCNYNTAM-UHFFFAOYSA-N,5.183766220210001,4.6827984362700015,4.406364325670002,4.247391915489998
OCNT-2316516,ANRTUOAFXNQUJO-UHFFFAOYSA-N,5.326490425979999,4.8319474517100005,4.351345604519999,5.259855091059999
OCNT-2316527,UNVBSCDOHAKYON-UHFFFAOYSA-N,4.736525057010001,4.623805813610001,4.46365738304,4.263950910669999
OCNT-2316551,CNOXQHATWRFZGS-UHFFFAOYSA-N,4.226277456200001,3.3876520869700006,4.488767024450001,2.6319925778900006
OCNT-2316555,RWYLVXALJMAJFG-UHFFFAOYSA-N,5.391444320560001,4.728677626050001,4.751088370159999,5.192311006980003
OCNT-2316557,UCGHBZIAFOPHKJ-UHFFFAOYSA-N,5.27324384125,5.179738787450001,4.56948799089,4.87356959467
OCNT-2316612,RJMHLGGYHZCNAH-UHFFFAOYSA-N,4.976582651299998,5.14197047183,5.080018727640001,4.6737810041099985
OCNT-2316619,MPCLHVLNOSGXLY-UHFFFAOYSA-N,5.007698924900001,4.772197411890001,4.983376356919998,4.793709210259999
OCNT-2316633,XTRQCVSHVGEAGT-UHFFFAOYSA-N,4.60975055775,5.247032649420005,4.50141597051,5.28607829589
OCNT-2316662,GFEAUAXVPJUYQZ-MRXNPFEDSA-N,4.83654905313,4.35953593673,4.772759552079998,4.110154904969998
OCNT-2316671,YEOSBNSNNIDEDA-UHFFFAOYSA-N,4.399876941009999,4.2891074725100005,4.628983478590002,3.881732738369998
OCNT-2316691,KIEYDKIZZGRRKU-UHFFFAOYSA-N,4.206035183970002,3.811107362380001,4.23534313898,2.5018641553900016
OCNT-2316693,NOZNOJWPUJFYMU-UHFFFAOYSA-N,4.419661569519998,4.444451727300001,4.758164058960001,3.9403090945400003
OCNT-2316697,FMZDTWSZRNKGID-UHFFFAOYSA-M,4.701476808860001,3.371015205830003,4.718404714789998,2.695612621860001
OCNT-2316726,IAPQKELLCZVBPB-UHFFFAOYSA-N,4.590373894620002,4.096269205939997,4.367243488590001,2.7440955130300004
OCNT-2316738,ARBBCNULKSAECM-UHFFFAOYSA-N,5.1882354109700035,4.985400173280001,4.501225928220002,4.830953808080001
OCNT-2316749,WFGGFDOFVZDCKZ-UHFFFAOYSA-N,5.237437447630001,4.5365333030300015,4.53049627351,4.647892611269999
OCNT-2316765,XJRBRUYSMPGAIC-UHFFFAOYSA-N,4.72467194782,4.5512203392699995,4.4705974193,4.22876584203
OCNT-2316766,BDQYOLWAPOQQPP-UHFFFAOYSA-N,4.2831610983800035,4.22248384428,4.241200145000002,3.707978965819998
OCNT-2316815,GPXQDQQBCYIEQW-UHFFFAOYSA-N,4.78294019343,4.017481363870001,4.3539004296199995,3.5561284532100013
OCNT-2316823,QCFYGHVLNYVDSM-UHFFFAOYSA-N,4.646703462080001,4.50761697339,4.374847865549999,3.9722805137599995
OCNT-2316832,DDCURYRYFVHMIV-HUUCEWRRSA-N,4.636287573490001,4.087748047119999,4.83848072566,3.594130951429999
OCNT-2316839,JZRPLMWWIVBQRB-UHFFFAOYSA-N,3.666099877019999,3.737525850530001,4.7983296843000005,2.64889366821
OCNT-2316848,STVYLEUNMSOYBO-UHFFFAOYSA-N,5.213752368310004,4.5973273864,4.88764769282,3.968604100340002
OCNT-2316874,SZJSBHKXVHLSPM-UHFFFAOYSA-N,5.016626781480002,5.035064827310002,4.793213959549999,5.36760360322
OCNT-2316883,ZFXKUGZDRRZDIF-UHFFFAOYSA-N,4.96773966452,4.955071089350002,4.69214274902,4.531089692840004
OCNT-2316890,YDVJSEIEXHHXLM-UHFFFAOYSA-N,4.4492258551400035,4.402037492230001,4.783403455750001,3.9816463596200014
OCNT-2316904,SVKGNUYZKALPQP-UHFFFAOYSA-N,4.36047512799,4.75250413833,4.754219273029999,4.450874039380002
OCNT-2316911,PLXLXZYCMPMUNV-UHFFFAOYSA-N,5.1658427139,4.683110561820001,3.9997461110299986,4.52719331505
OCNT-2316915,CCDKNPYYXSSWEW-YNODCEANSA-N,4.123609270470001,3.6365286690999996,4.57143558467,2.8702713250899996
OCNT-2316937,JLCNBMAIKIRJSZ-OAHLLOKOSA-N,3.2464402491100004,3.3239463752800016,4.66829111857,2.5427965256099996
OCNT-2316947,GDCXYFNYLMNNOC-UHFFFAOYSA-N,5.14687831278,4.482877988259999,4.903881237980001,4.43510262351
OCNT-2316959,QCFAHERSFSXCNA-PREGVCBESA-N,4.583438685,4.46040601464,5.18666022126,3.3308936979599997
OCNT-2316976,XMGORMGYUQDAAL-UHFFFAOYSA-N,5.459970716130003,4.890646725520001,4.70559701222,4.3230093116600035
OCNT-2317002,LPKNBEGSMBPPJL-UHFFFAOYSA-N,4.48235426762,4.389946098370001,4.440748204259998,3.9468313016200005
OCNT-2317014,ZBXAGLGMQFXFON-UHFFFAOYSA-N,5.108653057200002,4.4874559325500005,4.44410926679,4.321502911185
OCNT-2317025,OCPSMTDXYDJWPR-UHFFFAOYSA-N,4.81320612262,4.156367020129999,4.937074241110002,3.8663059825960016
OCNT-2317039,NDVHKGFDQOULIT-LBPRGKRZSA-N,5.247051071350001,5.0932935814499976,4.94333422414,5.075416339959999
OCNT-2317066,FDVDBGNSFJGCJV-UHFFFAOYSA-N,3.90798081446,3.9409578282400015,4.660295493660002,3.2070241031
OCNT-2317068,DXEUVDBJOPEUPK-VPHXOMNUSA-N,4.9345536185900025,4.08329477771,4.673240165520001,4.054751938780002
OCNT-2317070,BVSPVPUOGZRITE-UHFFFAOYSA-N,4.851758140360002,3.8745571029300003,4.5423321140600015,3.3807349854100006
OCNT-2317086,ORIAPXGWHWRMEQ-UHFFFAOYSA-N,4.3357010229999995,4.161604654040002,4.5326273721,2.5132031609000007
OCNT-2317105,WJZHHMLLNOOCCB-UHFFFAOYSA-N,4.463292531459999,4.064925267939999,4.838319270629999,3.326789848019999
OCNT-2317118,AQJAPFHFJNHFNT-UHFFFAOYSA-N,4.675313628660001,4.165819980520002,4.713430767510001,3.7037789908
OCNT-2317123,JHJNVPMWROZEOJ-UHFFFAOYSA-N,4.31926395389,4.155988722819998,4.541131564569999,3.578612638379999
OCNT-2317148,PWRBFCMKSFQIPY-UHFFFAOYSA-N,4.910659670249999,4.647852998399999,4.779611518190003,4.885189334540002
OCNT-2317170,YJOJLVRDJYKCNH-UHFFFAOYSA-N,5.079764392120003,5.239273503869998,4.895088958650001,5.12576330454
OCNT-2317171,NGTSBRMBKVYBED-UHFFFAOYSA-N,4.8944467953099995,4.6106243967500005,4.552012298370002,4.380592274509999
OCNT-2317181,CGTNELINAFTBOA-UHFFFAOYSA-N,4.838740950929999,4.544475941079999,4.521626852929999,4.34977140658
OCNT-2317204,QDQYRQVQOSZPRQ-UHFFFAOYSA-N,4.899409744089998,4.18162837618,4.68712480534,4.3423728519
OCNT-2317207,SBRNEVNAKYTEQV-UHFFFAOYSA-N,4.532860190670002,3.581436222560002,4.7466188329599985,2.95486274683
OCNT-2317216,LIVJZDMANQVUDP-UHFFFAOYSA-N,4.75697952863,4.04651063152,4.47999904913,3.3829461352699997
OCNT-2317220,HYZUFGFQMUOIJF-UHFFFAOYSA-N,4.631132562820002,4.773824924740001,4.463829394110003,4.573680265170001
OCNT-2317252,UTTDKKQDHATASO-UHFFFAOYSA-N,5.193155318330002,4.897624035679999,5.237776354599998,4.3567982482100005
OCNT-2317263,GZGKRCBJVUVISK-UHFFFAOYSA-N,4.617087462499999,4.496863787709999,3.8461094773,4.819193823499998
OCNT-2317281,RFABKPISPKENOC-UHFFFAOYSA-N,5.125612724900002,4.723729279240001,4.391058761450001,4.536562293429999
OCNT-2317282,WYQJUGXXFFDBFP-UHFFFAOYSA-N,5.0076100545600015,4.437611979809998,5.021177860899999,4.24947035976
OCNT-2317285,ZYGIEWYSBUXBOA-UHFFFAOYSA-N,4.687618102080003,5.15337186499,4.740367341560002,5.06613691205
OCNT-2317295,LWUJMSUADQVSHD-UHFFFAOYSA-N,4.3401661097,3.8592161956599993,4.42163499594,2.4585446617200004
OCNT-2317316,HXTZWUVDAMAHMH-UHFFFAOYSA-N,4.658972554719999,4.774406264140001,4.83315179209,5.322299782939999
OCNT-2317331,JQXBWGKXKGRNEM-UHFFFAOYSA-N,4.891815882630002,4.9936197076600015,4.682829206490001,4.7224352320200005
OCNT-2317338,LUIQXOKUNHJUSI-UHFFFAOYSA-N,4.6438065376700015,4.623433350660001,4.584952116899999,4.428089088619998
OCNT-2317340,UBQFGIHFQCAKOP-UHFFFAOYSA-N,3.7702566247299996,3.5122329793100007,4.79285579161,2.4147875137300003
OCNT-2317346,GWBBYACWVZJDHF-UHFFFAOYSA-N,5.16069844848,4.780330198600001,5.292418654480002,5.334716691189999
OCNT-2317347,BYQXMJFFQMJEPC-UHFFFAOYSA-N,4.658505225629999,4.848084844079999,4.06210060084,4.75552796901
OCNT-2317363,BJXMAUKDMFDOBJ-UHFFFAOYSA-N,4.948161152320001,4.711795232240002,4.5739512448,4.508251998479999
OCNT-2317386,DLRFNZBVVYAGCE-UHFFFAOYSA-N,4.789613065679999,5.222576669150003,4.648958856454999,4.948895725490001
OCNT-2317449,WPIPWESKVFABQC-UHFFFAOYSA-N,4.1740075242999986,4.08525087852,4.68913702589,3.5873856210399997
OCNT-2317471,GJXZQMFHDZQUFG-STQMWFEESA-N,4.712787110700002,4.095195241000001,5.045446447389995,3.451911575630001
OCNT-2317493,DOLLPRXGPWPBSF-UHFFFAOYSA-N,5.2258638478899995,4.8610895449800005,4.64978620972,4.476824205859999
OCNT-2317505,NHUSIRABIVGDSH-UHFFFAOYSA-N,5.591225208370002,4.940800852800002,4.86665534293,5.275857595119999
OCNT-2317520,LTUCBBUWUBLJCT-UHFFFAOYSA-N,4.442255924909999,4.505313906300001,4.496577161419999,4.052053796980001
OCNT-2317521,VCCHGKDAEXTHKW-UHFFFAOYSA-N,4.692059433920002,4.065709787360001,4.624599914669999,3.6346470783100004
OCNT-2317589,PIDYXGYPPPDVSK-UHFFFAOYSA-N,4.757646096870001,4.717965157129999,4.708243159340001,4.739223679490001
OCNT-2317597,BRLQLLYRNCGYQA-UHFFFAOYSA-N,5.1082114595100006,4.6556566034500015,4.327612383809999,4.395628053279999
OCNT-2317609,LAHOEQWHOHUDPV-XPUUQOCRSA-N,3.749521581570001,3.8145210193000008,4.7759478496,2.920721902420001
OCNT-2317641,MWBQPWYUYIBGDJ-UHFFFAOYSA-N,3.778793103399999,4.03834427181,4.382415786890002,3.259573052919998
OCNT-2317654,YPMXQDDNHLQSDB-UHFFFAOYSA-N,4.24123795946,4.2340574126099995,4.5504756108899995,4.198742595880001
OCNT-2317655,PPBPKFPLNHJZQP-UHFFFAOYSA-N,4.950765317279999,4.64490175991,4.741920780140001,4.68013705422
OCNT-2317667,XFLKWYMYPBGZDG-UHFFFAOYSA-N,4.66765549265,4.1905774630499995,4.532221102880002,4.005293111830003
OCNT-2317671,TVFLKHRRTFZHMJ-UHFFFAOYSA-N,4.271937698960001,3.6924392336300014,4.398486882699998,2.7366239986499994
OCNT-2317673,GFMXIBGNFZXSSH-AWEZNQCLSA-N,5.260325747819999,4.536644087249999,4.67971268714,4.3754601740500005
OCNT-2317690,NTFPMYZCRLAQNU-UHFFFAOYSA-N,4.453639120290001,4.641397469230001,4.6567247063499995,4.612317227120001
OCNT-2317717,NCTLRULTXWYPMC-UHFFFAOYSA-N,4.665902399709999,4.68663673763,4.520394900849999,3.573074147320001
OCNT-2317719,IWFPOYLMDJDZHA-CYBMUJFWSA-N,4.546056634860001,4.190139560540001,4.732900923829997,3.3143464680400005
OCNT-2317738,ZSNITEJMAJILMZ-UHFFFAOYSA-N,5.374648095339999,4.8278782941600005,4.77088727151,5.4815626543899985
OCNT-2317749,RXKVFHONEONTJU-UHFFFAOYSA-N,4.97384067311,4.637071119020001,4.625436437720001,4.485044255499999
OCNT-2317750,BLSSOUSOURPNPD-UHFFFAOYSA-N,4.116258358500002,3.048003417920001,5.047301484200002,2.460441962520001
OCNT-2317761,JMXRCYKGNHZSPJ-UHFFFAOYSA-N,5.52649656618,4.9706836764,3.867746954190002,3.8812118372849995
OCNT-2317762,YOAQHNSVDHIMRD-UHFFFAOYSA-N,5.0132520343300015,4.398020594350002,4.64034153435,4.411120580549998
OCNT-2317811,RDGKSCRDHZDING-UHFFFAOYSA-N,4.9667145256,4.642050866700001,4.750686826210001,4.266344230855
OCNT-2317813,OVLHSAROUBUOGS-UHFFFAOYSA-N,5.028978621710003,4.712947108619999,4.573495927510001,4.57501990454
OCNT-2317818,CPILBGUKHQTHAL-UHFFFAOYSA-N,4.798195196770001,4.648361409799999,5.484475996090001,5.41598654265
OCNT-2317832,OTSKWPLKWNHXNG-UHFFFAOYSA-N,3.8275297995499984,5.622425266289997,5.11188792695,4.995637249760001
OCNT-2317846,UTVVBMSWJXFZIO-UHFFFAOYSA-N,5.553614568879999,4.244451604590001,4.685933722279999,4.708598515699999
OCNT-2317868,LAFOGORSVWQSJI-UHFFFAOYSA-N,4.43057426811,4.52221454139,4.80864604738,4.239346731839999
OCNT-2317887,CJFRLVSASAMBRI-UHFFFAOYSA-N,4.925031543260001,4.76407173876,4.670723317520001,4.51385753133
OCNT-2317895,CWBRZGJTIAQEGN-UHFFFAOYSA-N,4.29638469115,4.12043402794,4.653252660070001,4.138159896249999
OCNT-2317916,OHJTXRFTXHDJSZ-UHFFFAOYSA-N,5.355947069399998,4.293450304779998,4.8990705751500006,5.0124206827
OCNT-2317931,LOCCFUQBAHYDIZ-UHFFFAOYSA-N,4.83995996134,4.29699288599,4.577281298399999,3.4613624078800016
OCNT-2317940,LCRMGOKGLDCROM-UHFFFAOYSA-N,5.114907222490002,4.71238321285,4.6628984713,4.5967077731899995
OCNT-2317951,HCERZQWQSYZVFX-AWEZNQCLSA-N,5.024122040689999,5.030888498060001,5.039333058780001,4.990448974250001
OCNT-2317954,AECHNCUKRVJPMR-UHFFFAOYSA-N,5.1762327948300015,4.871875494080002,5.1947010465700005,4.023708683950002
OCNT-2317968,JRLDABZBMFCURG-UHFFFAOYSA-N,3.9594432822600014,3.8886707062099988,4.68989876064,2.8608698390799994
OCNT-2317979,GDPHPXILXSNLGE-UHFFFAOYSA-N,4.601053805150001,4.556486064079999,4.58108197392,4.5916373237700014
OCNT-2317983,VRWZGQHEAVYSMP-UHFFFAOYSA-N,5.374517079269998,5.044963801499996,4.76761091833,4.759130799309999
OCNT-2317986,FHXLUKSIGDILGD-UHFFFAOYSA-N,4.839963466800003,4.316637741789998,4.24181819491,3.778305169200001
OCNT-2317990,GGVQQOGVQIQAAR-UHFFFAOYSA-N,5.0774642639,4.238869532119997,4.377547898230001,3.8259433148300004
OCNT-2318008,MZCSBMOLDFPPDR-UHFFFAOYSA-N,5.105868005750004,4.7333605202700015,4.343024225519999,4.349588506805
OCNT-2318014,XZUOPKZBRIBBTC-UHFFFAOYSA-N,4.154160225220002,4.40329438698,4.3934518671500005,4.28234665968
OCNT-2318022,NGLQWYBBWZPWAG-UHFFFAOYSA-N,4.402335527740002,4.668288870639999,4.211168540519999,4.447697534079999
OCNT-2318037,QGTCUSWJSRWNHW-UHFFFAOYSA-N,4.515718979680003,4.079849722010002,4.6235344501,4.023218459300001
OCNT-2318057,BAJXDLICMYECHQ-UHFFFAOYSA-N,4.68561620259,4.532152776179999,5.08254271454,4.16882311522
OCNT-2318058,LHKPZQCRTJSJBZ-UHFFFAOYSA-N,4.749831476830002,4.808034020349999,4.631645590370002,4.924332916130002
OCNT-2318059,LGBXJZIKTPOPEY-UHFFFAOYSA-N,5.259328089650003,5.18579263603,4.7198058412199995,5.02968048368
OCNT-2318060,BQDVZEIIVADUJR-UHFFFAOYSA-N,4.253960151920001,4.3969947186499985,4.5903335512700005,4.538618231639999
OCNT-2318103,SFHLFNWOCGHDOA-UHFFFAOYSA-N,4.720572577440002,4.335484834499999,4.647624591140001,4.197776624
OCNT-2318114,CHGWIMCJKOUHGM-UHFFFAOYSA-N,4.18206235206,3.6786275676700018,4.411527117130001,2.8808220485300016
OCNT-2318130,MVJRPLRVGMQACD-UHFFFAOYSA-N,4.5488224535400015,4.821212116419999,4.46511821037,4.667504278409998
OCNT-2318175,CLGIMEFNCIRTPK-UHFFFAOYSA-N,4.173668700600001,4.668097854700001,4.520723083199999,4.4796223266799995
OCNT-2318207,JGGPCIRSTZSSMU-UHFFFAOYSA-N,4.46027343138,4.33551916552,4.669062956019999,3.859355392859998
OCNT-2318242,ZHIHTRGKAIBXBP-UHFFFAOYSA-N,4.233527814370001,3.983526395509998,4.706910034179999,3.634672601790001
OCNT-2318243,FPLPOQIKBRHTGT-UHFFFAOYSA-N,4.806443569450002,4.210328238630002,4.5320129380799985,3.224035321000001
OCNT-2318253,XDVGRJCMNYKMJE-DLBZAZTESA-N,5.03256172876,4.725773531140001,4.844575100689999,4.78412671934
OCNT-2318261,DYGIIYMCZAKMPG-UHFFFAOYSA-N,4.802351216440001,4.465556795700001,4.737334231829999,4.293917978660001
OCNT-2318277,KSDJFGQHRCKMIH-OAHLLOKOSA-N,4.562015495930002,3.767442596049999,4.61543245195,3.7627727840399974
OCNT-2318286,IWZLNPIFCWXPLP-UHFFFAOYSA-N,4.91263430911,4.667511180640001,4.694334542119998,4.343302711280003
OCNT-2318290,ZQHUBTBJNOFDIR-UHFFFAOYSA-N,4.215863932120002,4.39155676545,4.66298408065,4.615274839359997
OCNT-2318294,WERKMJOGKJEZGI-UHFFFAOYSA-N,5.176861444470001,4.808963918730002,4.724058811369998,4.276409050699999
OCNT-2318329,RNMDHLPABCGGFP-UHFFFAOYSA-N,4.26561512549,4.3966885615899995,4.647349951339997,4.816143189300001
OCNT-2318351,CCXULBUUIBWSSY-UHFFFAOYSA-N,4.781888869,5.06456112679,4.57303242429,5.01001113173
OCNT-2318364,PEOQYHHOEUVRKO-UHFFFAOYSA-N,5.315589510769997,4.566849872750002,4.714084608829999,3.931751400595001
OCNT-2318369,ZGVBQHVFIPSHHN-GOSISDBHSA-N,3.80856854318,4.34791812624,4.76570908348,3.7679255722499994
OCNT-2318394,JVVLSCNLUICXDH-UHFFFAOYSA-N,5.06230157704,4.482758463670001,4.7408620423200025,4.330300256690001
OCNT-2318395,HIXHOKUXAQVXNT-UHFFFAOYSA-N,4.612932186919998,5.0730152564100015,3.684859231050001,4.960406659230002
OCNT-2318397,IYDFTEKHSVJCIL-UHFFFAOYSA-N,4.873684868330002,4.52267952646,4.2891810991399995,3.6677965749700014
OCNT-2318420,YJRZDAXNMXGWAN-UHFFFAOYSA-N,4.520985959950002,3.9500707160799977,4.673152913429998,3.15656641617
OCNT-2318463,PVCJAHQCQKVCAF-UHFFFAOYSA-N,4.246438048950001,4.492324044789999,4.296438541079999,2.70115688846
OCNT-2318487,KMEXCRYMZXZMKV-UHFFFAOYSA-N,4.493978071010001,4.523130334430004,4.531200796490003,4.408850413200001
OCNT-2318512,DXYZQPFEVYKJRQ-UHFFFAOYSA-N,4.999491378979999,5.080723926089999,4.531665930640001,5.178061943410003
OCNT-2318522,VNHATLSVIPZWCF-UHFFFAOYSA-N,3.8514093955699984,3.44038785912,4.4569492565000015,3.0048938922300006
OCNT-2318529,ROJMQXCYXDRWHC-UHFFFAOYSA-N,4.283552865380001,4.55491774159,4.583612657460001,4.374901704240002
OCNT-2318536,KXNLLVASRWGPAE-CHWSQXEVSA-N,5.04419454186,5.345383721070001,4.090831113900001,5.1575439452700005
OCNT-2318549,TWIRHCAHDDBYNY-UHFFFAOYSA-N,5.648963238760002,4.678637762200004,4.66970204169,4.2910459914749985
OCNT-2318583,LRWJIQBFQXCVOD-UHFFFAOYSA-N,4.5535544309599985,4.800800966039999,4.58765066016,4.1703533462
OCNT-2318618,FBIXRJHKNHRXFQ-UHFFFAOYSA-N,4.464775978759998,4.726995098750002,4.685738945210002,4.854023483630001
OCNT-2318628,SSTBQYZOJAYQSM-UHFFFAOYSA-N,4.91680109603,4.966948605200001,4.5195982102,4.9325108879599995
OCNT-2318639,MNPGBPBPRIRZDE-UHFFFAOYSA-N,4.663554842880001,4.63276557787,4.55662056876,4.857817827250003
OCNT-2318659,YKAIMSBMSJLSGC-YTPLPTRZSA-N,4.7449175443,4.864090763740003,4.841362874469999,4.653887963879999
OCNT-2318675,SKJNEGPDPYJBMI-UHFFFAOYSA-N,3.806822255970001,4.191095596849999,4.209790291690002,3.30216227255
OCNT-2328323,XYCMOTOFHFTUIU-UHFFFAOYSA-N,5.4253699003700016,4.34690815469,5.200270032030002,4.102529758900001
OCNT-2328326,VYQNWZOUAUKGHI-UHFFFAOYSA-N,5.242359022780001,4.23764136325,4.843054740299999,3.762663549674999
OCNT-2328329,INDBQLZJXZLFIT-UHFFFAOYSA-N,5.310192442970001,4.11928971833,4.73007511584,4.065485484870001
OCNT-2328330,CPEUVMUXAHMANV-UHFFFAOYSA-N,5.477250147019998,4.620957865869998,4.76543311668,4.2623123649000005
OCNT-2328331,GJSURZIOUXUGAL-UHFFFAOYSA-N,5.187455393770001,3.223376011650002,4.65778247471,4.0267369232300005
OCNT-2328344,TTWJBBZEZQICBI-UHFFFAOYSA-N,4.90476327052,4.247846839470001,4.633870750249999,3.7988032554199997
OCNT-2328376,KNHUKKLJHYUCFP-UHFFFAOYSA-N,5.346667039040001,4.125116128380001,4.185618708590002,3.889043689370002
OCNT-2328380,AZFLJNIPTRTECV-FUMNGEBKSA-N,5.2601429287700014,4.923365614990003,4.686683572190002,4.747218192829997
OCNT-2328402,KSGXQBZTULBEEQ-UHFFFAOYSA-N,4.20975792395,4.762015643990001,4.22089029863,4.5292883252800005
OCNT-2328420,RHDJRPPFURBGLQ-UHFFFAOYSA-N,5.327034847210001,3.826056130790002,4.682760856320001,4.04860217861
OCNT-2328449,HTQMVQVXFRQIKW-UHFFFAOYSA-N,5.15947535915,5.25470011713,4.369925887180003,4.287714352409999
OCNT-2328485,REYFJDPCWQRWAA-UHFFFAOYSA-N,5.335895780090001,3.700952260450001,5.05039989171,3.8833822399099995
OCNT-2328496,IYIKLHRQXLHMJQ-UHFFFAOYSA-N,5.094850957499998,4.79733606945,4.613230625370001,4.718668068540001
OCNT-2328518,OOGJQPCLVADCPB-HXUWFJFHSA-N,5.270197746700002,4.797301622370001,5.438533973389997,4.9217879645399965
OCNT-2328533,CBEQULMOCCWAQT-WOJGMQOQSA-N,5.033869096320001,4.666664637350003,4.636038012989999,4.5208713005200005
OCNT-2328558,RDOIQAHITMMDAJ-UHFFFAOYSA-N,4.98964468125,4.965908407200001,4.704932512059999,5.21379619906
OCNT-2328583,VLPIATFUUWWMKC-UHFFFAOYSA-N,4.944620060330001,3.480727790810001,4.661095731630001,3.9236926640700007
OCNT-2328648,JAUOIFJMECXRGI-UHFFFAOYSA-N,4.769003411950003,5.21785058936,4.73155908499,4.5629891986299995
OCNT-2328663,SPIUTQOUKAMGCX-UHFFFAOYSA-N,5.088942321839998,4.811683962490002,4.802267406290001,5.148803655929999
OCNT-2328691,GIKNHHRFLCDOEU-UHFFFAOYSA-N,5.058578521280003,3.476686188490002,4.513298446910002,3.4683380253099996
OCNT-2328714,QVYRGXJJSLMXQH-UHFFFAOYSA-N,4.606565248499999,4.61811387441,4.958899148289996,4.35905159943
OCNT-2328731,ZBBHBTPTTSWHBA-UHFFFAOYSA-N,4.60993732918,4.967188829100003,3.214147930259999,5.141391411870003
OCNT-2328745,NIVZHWNOUVJHKV-UHFFFAOYSA-N,4.826080153360001,3.11755771921,4.732844092510001,2.981730541959999
OCNT-2328753,OBWASQILIWPZMG-QZMOQZSNSA-N,4.209094800800002,4.251016352960001,4.87730263413,3.7557300452700026
OCNT-2328767,DBEPLOCGEIEOCV-WSBQPABSSA-N,5.081872626300001,4.599470953809999,4.5726312603200014,4.99711497039
OCNT-2328781,MJIHNNLFOKEZEW-UHFFFAOYSA-N,5.44941457786,4.91096031193,4.914550604129993,5.128531074
OCNT-2328788,VGKDLMBJGBXTGI-SJCJKPOMSA-N,5.1270944743000015,5.190665971190002,5.592839081369999,4.7605188079800005
OCNT-2328794,MJVAVZPDRWSRRC-UHFFFAOYSA-N,5.203392487020003,3.3670986265900016,4.418251547239999,3.812193712710001
OCNT-2328798,NUVBSKCKDOMJSU-UHFFFAOYSA-N,5.094715858600004,3.3398616675600006,4.53042228372,3.28043859766
OCNT-2328820,GHMLBKRAJCXXBS-UHFFFAOYSA-N,4.835474631220001,3.3637054167200002,4.606188581600001,3.5924395895799996
OCNT-2328824,VDNLFJGJEQUWRB-UHFFFAOYSA-N,5.025849352189999,5.065738860799999,4.434096142320002,4.664193278430003
OCNT-2328835,MBUVEWMHONZEQD-UHFFFAOYSA-N,4.641802634299998,5.10771915209,4.6291766782,5.074884592649999
OCNT-2328839,WSEQXVZVJXJVFP-FQEVSTJZSA-N,4.8457424637800015,4.616922057770001,5.005096056000002,4.716173525649999
OCNT-2328849,JVTAAEKCZFNVCJ-UHFFFAOYSA-N,4.2486420345500004,3.4141814747500008,4.457455304910001,2.72110728573
OCNT-2328857,YQGDEPYYFWUPGO-UHFFFAOYSA-N,4.284905251660002,3.3926961997000022,4.35723924432,2.3556489191000005
OCNT-2328864,ZEUITGRIYCTCEM-KRWDZBQOSA-N,5.364747323040003,5.268496496150002,5.136870556980003,4.888548312945
OCNT-2328892,XUIIKFGFIJCVMT-LBPRGKRZSA-M,4.58646936909,4.965093409259999,4.388923287539998,4.781016456280001
OCNT-2328916,ABJKWBDEJIDSJZ-UHFFFAOYSA-N,5.308251392450002,5.33615727839,5.709786101330003,4.86738577041
OCNT-2328938,WUZYKBABMWJHDL-UHFFFAOYSA-N,5.23584939888,4.926031396550003,5.184531383679997,5.343379276289999
OCNT-2328950,OUBMGJOQLXMSNT-UHFFFAOYSA-N,5.663636221579997,5.07831488457,4.877015029969999,4.70174406542
OCNT-2328955,FPIPGXGPPPQFEQ-OVSJKPMPSA-N,5.065358733010001,5.047038426400001,5.2558925630700015,4.356449743099999
OCNT-2328993,RDJGLLICXDHJDY-UHFFFAOYSA-N,5.453066506639996,4.688995230820001,4.638731069590001,4.23539438128
OCNT-2395287,RJJZTKVXXCCXQF-UHFFFAOYSA-N,4.888928113510001,4.469378743700002,4.822612582100003,4.16304090153
OCNT-2395290,UDVCSWPMFIKVAP-UHFFFAOYSA-N,3.356162708309999,3.4924475833899997,5.073446948590002,2.3136948055200004
OCNT-2395291,BGJFRMNKWBUDET-UHFFFAOYSA-N,5.298919213909999,5.314056064610001,4.9216543211999975,4.745720669459999
OCNT-2395293,XOXUUFNTCJYHHW-UHFFFAOYSA-N,4.687794152210002,4.472919872940001,4.1940665922900005,4.37354948982
OCNT-2395309,TXJZXCYMSCFYJB-UHFFFAOYSA-N,4.725640600120001,4.193602746540002,4.632618636569999,3.3948233058399984
OCNT-2395315,YFEAWONHDZRTON-UHFFFAOYSA-N,4.483708234670001,4.65161744351,4.472284009980002,4.711866482920003
OCNT-2395323,PVCAHDNVFNPUKE-UHFFFAOYSA-N,4.8011002550600015,4.75176110539,4.301961952279999,4.489110138040001
OCNT-2395324,ADOOOKDJTDHGHX-UHFFFAOYSA-N,5.1549097562899995,4.853305087770002,4.645222762950001,4.95835522254
OCNT-2395331,FWGOMKHOFNHOSZ-UHFFFAOYSA-N,5.1874339824,4.549856255729998,4.205819594660003,4.0639420935900015
OCNT-2395332,VMKFDGZZTLOMLG-UHFFFAOYSA-N,5.147920650890003,4.9281649336900015,4.164402005029996,4.645771230539999
OCNT-2395336,RRMQRUZATNRUIE-UHFFFAOYSA-N,4.69151364286,3.8897461837000007,4.806563809880002,3.3014760161399983
OCNT-2395337,XNAJDXNGXZSOOT-UHFFFAOYSA-N,4.968391420690002,4.595643794050002,4.91858128765,4.30045208451
OCNT-2395362,MPFAPLWWRCZTHK-UHFFFAOYSA-N,4.9588801091000025,5.112020882409998,3.9660930865499995,5.081607481490005
OCNT-2395370,UIDFVDUTWBJQGU-UHFFFAOYSA-N,4.46898258024,3.8131874637000003,4.900929872339998,3.00407578672
OCNT-2395374,XXIDEZIPVPUJRR-UHFFFAOYSA-N,4.870941253420001,3.8800892291599984,4.414907879359999,2.772285499669999
OCNT-2395376,ORTWNJZUAIUYKM-UHFFFAOYSA-N,4.957085251659999,5.005793748599998,4.445399686630001,5.035088552999999
OCNT-2395377,DHOGCLBDWIPOBU-UHFFFAOYSA-N,4.86126674085,5.178849463769999,4.60507275543,5.008518943100002
OCNT-2395379,KGQGNVXQLYFAOR-UHFFFAOYSA-N,5.229558633589996,4.638413118210001,4.453096836580001,4.0940875527500005
OCNT-2395394,JBGUJZDWPHNSHD-UHFFFAOYSA-N,5.083912039339998,4.75465117982,4.513661851429999,4.7254806585799995
OCNT-2395395,GKBSFXJAHNHBDN-HWWDLCQESA-N,5.251570518930004,5.363457789919995,4.918423198840001,5.192350482769999
OCNT-2395398,QBTKYQSQDNYSJW-UHFFFAOYSA-N,4.782489260300002,4.479687853210001,4.580576626150002,4.27623903891
OCNT-2395399,DWOHXLUDTPAGGR-UHFFFAOYSA-N,5.131420281050002,4.603591849299999,5.117608357030001,3.820129031740001
OCNT-2395403,NQCVIFUTOQVPDB-UHFFFAOYSA-N,5.095727295880003,4.785830711939999,4.47742897213,4.451652781900001
OCNT-2395404,MUXQTGKIVRSWAN-UHFFFAOYSA-N,4.210517319760004,3.8469399327600002,4.750412793130003,2.4493225134700003
OCNT-2395407,WWLISLZNGXQQLF-UHFFFAOYSA-N,4.892015284590001,4.61233848823,4.650083186899999,4.2389023214699995
OCNT-2395414,GUVDEBQYZLFNCP-UHFFFAOYSA-N,5.168170506619998,4.964605372590003,4.550832833350002,4.507016044780003
OCNT-2395416,BMZLZQHDDRYCEU-UHFFFAOYSA-N,4.4325412984899994,4.607795546489999,4.4156977615,4.42653325517
OCNT-2395418,FSDPMVRINSSCJT-UHFFFAOYSA-N,4.871278163370004,4.696192692589998,4.62009166703,4.52453327268
OCNT-2395428,YZZRKGPDASBVGM-UHFFFAOYSA-N,5.150728740639998,4.60322585479,4.38532953528,4.10327657451
OCNT-2395431,MKSMCTOLENWCGA-UHFFFAOYSA-N,4.113155185500002,3.83165622898,4.50896358412,3.0678480810999997
OCNT-2395435,DXLJVPKHMCRJMN-UHFFFAOYSA-N,4.298928532570003,3.517429207230001,4.7060370806700025,2.6436454420300004
OCNT-2395437,PHDCPFQMZFUTAS-UHFFFAOYSA-N,4.716873918849999,4.56233175876,4.435341611269999,4.593997732819999
OCNT-2395438,STPVSAJYHZTWPV-UHFFFAOYSA-N,4.81525156012,3.6429531490699993,4.880709079069998,3.9094486472500005
OCNT-2395439,TYZSFHHKSSQPJU-UHFFFAOYSA-N,5.2424062966100005,4.647489911899998,4.469321902199996,3.248020394010001
OCNT-2395443,TVTPOERDJDYHCW-UHFFFAOYSA-N,5.348821956759999,4.329975139509998,4.37486815238,4.846598842760002
OCNT-2395452,DMZMESXZSXERBS-UHFFFAOYSA-N,4.54849608709,3.447014070530001,4.996884848270002,2.92218474916
OCNT-2395455,CMOXMEILBPKQHC-UHFFFAOYSA-N,4.95073768858,4.755093118659999,4.593905238009999,4.782419162560003
OCNT-2395458,OXLGYDLAQVKNCK-UONOGXRCSA-N,4.1977770652499995,3.782774728690002,4.651395579349999,3.3803845468500002
OCNT-2395466,RVBYSOSSNDRWFO-UHFFFAOYSA-N,4.39166508233,4.347693715539998,4.968232220850001,3.9443656023700013
OCNT-2395471,ZAWLZKHAQFWKAY-UHFFFAOYSA-N,4.228135410110002,4.435565021039999,4.5017003543400005,2.353248428910001
OCNT-2395481,ANKYSPAPZXZRKL-UHFFFAOYSA-N,4.634736926160001,4.029270832200001,4.711022122159998,3.532002670270001
OCNT-2395489,NMVHDBFXWRCWPL-UHFFFAOYSA-N,4.384366444169998,4.279856049839999,5.093704349420002,2.461757075400001
OCNT-2395491,CMJHYIYEZVPEKX-UHFFFAOYSA-N,5.314210696990001,4.7900967972499995,4.091195568609999,4.363965453289998
OCNT-2395495,LORROHMPLWAYJF-UHFFFAOYSA-N,5.245953373389999,4.78391072788,4.58546943259,4.52084263462
OCNT-2395496,PEZCWYOLOOOVQM-UHFFFAOYSA-N,4.666489130939999,5.03107482829,4.869854953319998,4.73795551584
OCNT-2395500,AATKRDLDTAZTJL-UHFFFAOYSA-N,5.253836672580002,4.79390416814,4.47255451634,4.758801728729999
OCNT-2395501,FQOWCVFDUZFHLA-UHFFFAOYSA-N,5.1440428339199995,5.2082105176,4.052294120730002,5.22521917691
OCNT-2395504,JDULGAIJOJJFGG-UHFFFAOYSA-N,5.188219337930002,4.38924573449,4.645013313749998,4.655368418579999
OCNT-2395520,GODHPEISNMRQSM-UHFFFAOYSA-N,5.077196367070002,4.745893876130001,4.534351391719999,4.1610897982
OCNT-2395528,QWXPXVPCPNYPHO-UHFFFAOYSA-N,5.113915491719999,4.90191655106,4.49536835381,4.940360412950001
OCNT-2395529,NRYADSRCTBFWRF-JBAPVGOWSA-N,5.004520974120004,4.4941122028799985,4.488493350769999,4.15623467233
OCNT-2395532,KTQKEHUXYRBZQZ-UHFFFAOYSA-N,4.928188664250001,4.985274408919999,4.120168798579999,4.826382143300001
OCNT-2395537,OWZIUSPJOOLACL-UHFFFAOYSA-N,4.9716633036300015,4.653475372280001,4.53872827817,4.430302881549999
OCNT-2395543,RUNGUEZWZTVFCU-UHFFFAOYSA-N,5.004164749670001,4.975843648299999,4.1872019758,5.217275342260003
OCNT-2395548,WOULMLSTCVMSPN-UHFFFAOYSA-N,5.259529474789999,5.1098948879699995,4.71422476471,5.4241949254299975
OCNT-2395556,FKDGSNNIFHGRKN-UHFFFAOYSA-N,5.12540449471,4.89560439342,4.182805677289998,4.583402845989999
OCNT-2395557,JFXRKJJBUPVDID-UHFFFAOYSA-N,4.5506167290300015,3.8350798582700008,4.37929868651,3.2982330148100005
OCNT-2395566,YBCQCDKLRZBYPI-UHFFFAOYSA-N,4.666906949710002,4.219329285609999,4.730730364709999,3.9804029157699987
OCNT-2395569,HEPXFCPIBMRRBZ-UHFFFAOYSA-N,4.472708474509999,3.5494941437300014,4.3451149566400025,2.6338553051500004
OCNT-2395576,YXTNAXUFAGFNGO-UHFFFAOYSA-N,5.012707049140001,4.5679831466900005,4.58383050203,4.44319885287
OCNT-2395582,DTWGQURLWJYWCB-UHFFFAOYSA-N,5.209819993789999,5.199093637149998,4.3128708077099995,4.8591011545199985
OCNT-2395588,COBJIQXSNFUCNG-UHFFFAOYSA-N,4.49745754826,4.348523003390001,4.646818767940002,4.28992740065
OCNT-2395599,GAJPAQZXVDIPFZ-UHFFFAOYSA-N,5.1564036160799995,4.522614987229999,4.769905449149999,4.45590014539
OCNT-2395602,INPVMHGBOBZEPM-UHFFFAOYSA-N,4.88262529068,5.59291860093,4.664105950509999,5.1795164276600065
OCNT-2395603,SZQLDCNOSRKNKT-UHFFFAOYSA-N,5.1844888425399995,4.56366865193,4.743029838659998,4.48188083154
OCNT-2395606,OYBCLJJKAIHXRC-UHFFFAOYSA-N,5.07627148656,5.5336300201999995,4.634223051949999,5.041945910879997
OCNT-2395615,OWDQVZHOEPSCRJ-UHFFFAOYSA-N,5.169641835819999,5.735880764299999,5.07810236145,5.412550329729998
OCNT-2395617,ZFLNQKJXJYGVKM-UHFFFAOYSA-N,4.05922347969,4.298713609300002,4.41954477647,4.174732548300003
OCNT-2395621,RQUJRQRACFINJM-UHFFFAOYSA-N,5.078305566730001,4.68759162613,4.64094385043,4.3409431355675006
OCNT-2395627,NJTUJJIKAYUDGD-UHFFFAOYSA-N,5.247865003020001,4.96380631038,4.303001385919998,4.827441102180003
OCNT-2395631,YDVFKKIYGVLNGT-UHFFFAOYSA-N,5.118689923370001,4.5585999648,4.331608273870001,4.643362777050002
OCNT-2395638,DOHJYNWDMIJJRO-UHFFFAOYSA-N,4.487275446020002,4.877205237810001,4.840504641400001,4.7204411002299995
OCNT-2395651,FFEDIEBSLQQKEK-UHFFFAOYSA-N,5.164587087520001,4.96557530301,4.39838070641,4.153941501030001
OCNT-2395662,IRKYFFBPASUKKZ-UHFFFAOYSA-N,4.132120349930001,3.576479777080002,4.819787030790001,2.3439332709699996
OCNT-2395670,ANKJZMOSISEFKF-UHFFFAOYSA-N,4.778572706310002,4.49390444043,4.538200553509999,4.395075459049999
OCNT-2395672,QOWDANZXWYEGPT-UHFFFAOYSA-N,4.344627947240001,3.941072452079999,4.53207997212,2.747050311169998
OCNT-2395675,RUTPHZIFPKYSDE-UHFFFAOYSA-N,4.704612801290002,4.77848416334,4.553997170660001,5.431981702580003
OCNT-2395681,ZHAARJLDFPNKLT-UHFFFAOYSA-N,5.045857577040004,3.9888434168600004,4.216900487119999,3.4603873287266675
OCNT-2395682,YSXFALBFZPSVAY-UHFFFAOYSA-N,5.070238862200001,4.651508300440001,4.701770321740001,4.136251566570001
OCNT-2395683,FBNCMWHMXUYLJC-UHFFFAOYSA-N,3.6434558196799993,4.0615052826500015,4.492206223670003,3.251618508040001
OCNT-2395687,OLRZPWDVYYEKGN-UHFFFAOYSA-N,4.729388951539999,4.6927509925200015,5.12611909886,4.024682401403334
OCNT-2395689,HLGONRSHXFEINO-UHFFFAOYSA-N,4.44655789776,4.511509479129999,4.72250242808,3.9238432585399994
OCNT-2395692,IOWRIDUXZXMMQU-UHFFFAOYSA-N,4.942130609250002,4.925324474749999,4.608639234070001,3.222434485759999
OCNT-2395696,ZWQZJLBSHIQICX-UHFFFAOYSA-N,5.2469367767399975,4.624354921420001,4.01819031889,3.8785285913549985
OCNT-2395697,AVVYSOUEAQUFBT-UHFFFAOYSA-N,4.578527878600001,3.93658397088,4.644493767190003,3.14945322622
OCNT-2395704,CGPCPBSMPYTZMC-UHFFFAOYSA-N,5.199213881260002,5.035457506420003,4.71124313339,4.979046753500001
OCNT-2395706,SXDMWIXDSQCASC-UHFFFAOYSA-N,5.1268477389600005,4.502943087510002,4.5760654771399984,4.36149885296
OCNT-2395712,SPZQDXGBZLHTIG-UHFFFAOYSA-N,4.762982619370001,4.349990632150002,4.787471758270001,4.131463278
OCNT-2395714,DUKICPCHQPYURE-UHFFFAOYSA-N,5.170699720300003,4.788764335880001,4.480332008629998,4.75149590579
OCNT-2395718,ASTDCICFPQKUIL-UHFFFAOYSA-N,4.542963084240001,4.39391048253,4.77163290764,3.881954231709999
OCNT-2395719,ARMHNKPKRVBKDE-UHFFFAOYSA-N,4.73252743807,3.807611095290002,4.510182811859999,4.233256988140002
OCNT-2395723,JQVSAVSOQRGLPR-UHFFFAOYSA-N,4.147481417610001,3.6055825434199993,4.377390745799999,3.5586501058800013
OCNT-2395726,JHKSVXWGJPSVPH-UHFFFAOYSA-N,4.512470636480003,4.352834041529999,4.747770567149999,3.687041848780002
OCNT-2395729,ABBNLJTZTQVBCG-UHFFFAOYSA-N,4.915457841249999,4.386461072530002,4.6134931122800005,4.282265534110001
OCNT-2395730,JHOHCIQEHBJHIY-UHFFFAOYSA-N,4.662551237850002,4.060119725380001,4.05010721605,3.740946471789999
OCNT-2395739,MNLLGQAENHHBIN-UHFFFAOYSA-N,4.66157516493,4.739491794259999,3.928430560419999,4.475436795370001
OCNT-2395740,FOIRYFMSWXZVCR-UHFFFAOYSA-N,4.922156704780003,4.538733936159999,4.501050636519999,4.90049783477
OCNT-2395742,KIFQBAROWBDCDH-UHFFFAOYSA-N,4.591291154640001,4.420065676360002,5.304730767960001,3.8679599496299994
OCNT-2395743,VTTWZHQHBBSLPE-UHFFFAOYSA-N,5.14293073168,4.77724570953,4.536314485859997,4.897814502030001
OCNT-2395754,RDLVSGOVJOSIHV-UHFFFAOYSA-N,4.571689102780002,4.036870106729999,4.903263648530001,3.243851460779999
OCNT-2395758,VGKTZOSSNOYRLG-UHFFFAOYSA-N,5.104013502389999,5.06130271576,4.528476033640001,5.580758409620001
OCNT-2395762,SGCOMSXBUQWSBL-UHFFFAOYSA-N,5.055824317020003,4.944677562479999,4.457223935119998,4.76412533095
OCNT-2395775,ZTFVHUMBZXGEFS-UHFFFAOYSA-N,4.5153497212400024,4.333294063949998,4.444307739580001,3.6863189398600027
OCNT-2395777,XHMRHVMVFSPYOG-UHFFFAOYSA-N,4.597127196020002,4.64525462427,4.517911891060001,4.846692507399999
OCNT-2395781,JNMBUNCAVAQQQX-UHFFFAOYSA-N,5.276096913829999,4.581398320949998,4.507876040520002,4.583619016990001
OCNT-2395783,HZYLYVJGIBASSW-UHFFFAOYSA-N,4.847311869600001,4.205159182720001,4.2899582128299985,4.024659410899999
OCNT-2395795,SCPRVCRZHVPKLD-UHFFFAOYSA-N,4.820865954960001,4.111348481909999,4.668380737360001,3.7995850012100005
OCNT-2395796,FUKVXEGKZLQFNL-UHFFFAOYSA-N,4.902116264709997,4.8865896840700005,4.575106648129997,5.087207804040003
