Molecule_Name,inchikey,CYP1A2_pIC50_direct_inhibition,CYP2C9_pIC50_direct_inhibition,CYP2D6_pIC50_direct_inhibition,CYP3A4_pIC50_direct_inhibition
OCNT-0021943,QZAYGJVTTNCVMB-UHFFFAOYSA-N,5.101960481163552,3.865226945518308,4.661492573296621,3.4695198850211493
OCNT-0022066,IENZQIKPVFGBNW-UHFFFAOYSA-N,4.437456115657091,4.661168821408286,4.096997406138425,3.832484102708718
OCNT-0022127,LNEPOXFFQSENCJ-UHFFFAOYSA-N,4.717386891564977,5.2930694129597,5.259268450180804,4.628849899236521
OCNT-0022129,ZUXABONWMNSFBN-UHFFFAOYSA-N,4.140713606615285,4.689279695924173,4.4186440301582115,4.095979332460443
OCNT-0022141,KLBQZWRITKRQQV-UHFFFAOYSA-N,5.013233339179903,4.882469152102055,5.326404746764205,4.29722806979382
OCNT-0022234,YRCWQPVGYLYSOX-UHFFFAOYSA-N,5.13596318434015,3.3759009051254014,4.603356910657016,2.8864356944225262
OCNT-0022246,ZEWQUBUPAILYHI-UHFFFAOYSA-N,4.730149300060346,4.877809826354223,5.326272856736015,4.864198802329003
OCNT-0022266,PWWVAXIEGOYWEE-UHFFFAOYSA-N,5.327335546224667,5.0195606288652055,5.402598200137205,4.380468242742438
OCNT-0022268,WIKYUJGCLQQFNW-UHFFFAOYSA-N,4.843672150288847,4.932344009538737,5.08537977003761,4.4858526275902895
OCNT-0022314,FPCCSQOGAWCVBH-UHFFFAOYSA-N,3.0708745790944034,4.1715712029138,4.467688589155186,4.038923812169344
OCNT-0022316,VCKUSRYTPJJLNI-UHFFFAOYSA-N,4.412938118966358,4.188867901924854,4.248263927112425,3.2994836644755723
OCNT-0200796,FBOZXECLQNJBKD-ZDUSSCGKSA-N,3.418224051840823,3.4558742687239565,4.0580044067525805,2.4500411180225368
OCNT-0319465,CDQSUAXVLAUUPS-UHFFFAOYSA-N,4.934627071267792,4.538101109242078,4.49713214776933,3.7456033291986337
OCNT-0478539,DRLFMBDRBRZALE-UHFFFAOYSA-N,5.064215297150211,3.6728442421397904,4.568229389981811,4.125852368044675
OCNT-0483502,DOBMPNYZJYQDGZ-UHFFFAOYSA-N,4.978702372265525,5.076168191932589,4.010378346201508,5.448502802788148
OCNT-0492977,PIXMJBOEBUQEEW-UHFFFAOYSA-N,4.461257095841637,4.1079526189514,4.981894352344997,3.6412033113286926
OCNT-0493312,JCCNYMKQOSZNPW-UHFFFAOYSA-N,4.541129301117861,5.028900917239693,4.772114390807692,5.06627840805242
OCNT-0493346,LPEPZBJOKDYZAD-UHFFFAOYSA-N,5.747776680806027,5.000035719170604,4.193762933120137,3.261786534313583
OCNT-0493951,KKZJGLLVHKMTCM-UHFFFAOYSA-N,4.418908353421607,4.136934311616851,4.269763562787264,3.056059629651796
OCNT-0493990,MLDQJTXFUGDVEO-UHFFFAOYSA-N,5.205588474347436,5.348476979778044,3.6674353852568027,5.576832893368622
OCNT-0494162,BFPYWIDHMRZLRN-SLHNCBLASA-N,4.792331728311815,4.71093951005283,4.921634996380942,4.906573721799832
OCNT-0494195,YQNQNVDNTFHQSW-UHFFFAOYSA-N,4.433387974520883,3.8713746825902167,3.9801087054605997,3.4544582063987224
OCNT-0494638,RUDATBOHQWOJDD-BSWAIDMHSA-N,3.819705883755674,4.214635306472872,5.122883290469398,3.268668146665586
OCNT-0494698,ZNNLBTZKUZBEKO-UHFFFAOYSA-N,4.54435081436068,4.990733859969526,4.330147219444583,5.06273514112344
OCNT-0495039,QIVBCDIJIAJPQS-VIFPVBQESA-N,4.825079036680621,3.248427249899519,4.57500523287656,2.207447509460799
OCNT-0495153,OCJYIGYOJCODJL-UHFFFAOYSA-N,4.458576447090558,4.937514473338578,5.5735489169390275,4.867603831940789
OCNT-0495303,WHTVZRBIWZFKQO-UHFFFAOYSA-N,4.714424056830585,4.73867744038532,4.914165069967896,4.05289344402199
OCNT-0495620,KXGVEGMKQFWNSR-LLQZFEROSA-N,3.828823396283358,4.214635306472872,5.0236156449859894,3.2537736126406736
OCNT-0497934,YJGVMLPVUAXIQN-XVVDYKMHSA-N,4.533585436752547,4.565412101773895,4.166284942064128,4.034737322375773
OCNT-0497954,WSPOMRSOLSGNFJ-AUWJEWJLSA-N,5.575407487935584,4.86617569243643,5.147441035822993,4.472821563786373
OCNT-0498064,RUZYUOTYCVRMRZ-UHFFFAOYSA-N,4.64599398904772,4.713488969175488,4.322297505746555,4.361722933579408
OCNT-0498090,VKQFCGNPDRICFG-UHFFFAOYSA-N,3.348160803751718,4.626784531753578,4.5741838870957965,5.142423573256281
OCNT-0498121,JNMRHUJNCSQMMB-UHFFFAOYSA-N,4.937616838833022,3.819694211619412,4.412856766297509,3.469370429808751
OCNT-0498160,MBGGBVCUIVRRBF-UHFFFAOYSA-N,4.654146861940942,5.170021727742179,3.8417089115963012,5.138072785249188
OCNT-1411118,PBJUNZJWGZTSKL-MRXNPFEDSA-N,4.4120263827237,4.384767668639212,4.808652465030469,3.4729496534497875
OCNT-1893991,JXZZEXZZKAWDSP-UHFFFAOYSA-N,5.0168629063206795,4.79152415749366,5.284459255929932,4.2780780162739855
OCNT-1893994,ZKMNUMMKYBVTFN-HNNXBMFYSA-N,4.425879895741768,4.541323513272008,5.12592319963295,3.735228880945236
OCNT-1893998,RGOVYLWUIBMPGK-UHFFFAOYSA-N,4.975178699602867,4.636660420857656,4.273905028267723,3.809183786179077
OCNT-1911794,LOUPRKONTZGTKE-LHHVKLHASA-N,4.5275674523129545,4.564269654228271,5.068423574556216,4.750868604150314
OCNT-1965960,INWLQCZOYSRPNW-UHFFFAOYSA-N,4.962733290023018,3.609604075300498,4.8822013261761885,3.0770239200132443
OCNT-2308470,RQGVCACJTCSQTN-UHFFFAOYSA-N,5.6967970080428145,4.762706133931335,4.827966616709534,4.44455098075462
OCNT-2308474,RMOQOPSUZCJLMR-UHFFFAOYSA-N,5.856615717526911,5.065026437682905,5.113328157138147,5.415211351815407
OCNT-2308494,HNTSVSUJRBPIDS-UHFFFAOYSA-N,5.2993746429098625,4.840472909473111,4.608290509175087,3.6988379826633606
OCNT-2308501,WCGOAKBBDHZUDP-UHFFFAOYSA-N,3.7635474942502016,4.112223373710636,4.706345046851777,3.5813899537259632
OCNT-2308504,WNVJJXBDZXMAAQ-UHFFFAOYSA-N,3.771266833155554,4.313980821046244,4.65192819019855,3.9241692802857058
OCNT-2308512,HJAMHWGDBJJRCC-UHFFFAOYSA-N,4.690170772150636,4.442346307898501,4.2676475070938675,4.653173815559168
OCNT-2308529,KBIFFZFLJCHRSB-UHFFFAOYSA-N,4.519353572128688,4.468514582087971,4.409410630905961,3.3339927309816284
OCNT-2308531,BZQFGNJQXVEMQC-UHFFFAOYSA-N,5.330625364538918,4.860805494705948,4.9379708804010365,4.4295494630541405
OCNT-2308539,ZWRLRPADEBXZJB-UHFFFAOYSA-N,3.935356762893299,4.832808450379645,4.666177493618532,4.7224116025813645
OCNT-2308543,AAUDAIVFRROHGC-UHFFFAOYSA-N,4.035175302549971,4.2846216106509365,4.696601861036969,3.91698442834482
OCNT-2308553,PVLYROGYOCQWRM-UHFFFAOYSA-N,4.689166801569576,4.485666549136979,4.552250217957841,3.888255295432259
OCNT-2308560,KGGXLTJOCZBYMP-UHFFFAOYSA-N,4.815496712705966,4.479685463946473,4.145651359763017,4.852257263684132
OCNT-2308571,JBLWNFFRBGGQRJ-UHFFFAOYSA-N,5.412182419664306,5.412739205900382,4.0723361468939725,4.571962716866002
OCNT-2308585,KOJVPCIQCXWRGV-LRDDRELGSA-N,4.52776673244866,3.734811570167984,4.6799109129124306,2.2651590881197574
OCNT-2308594,DLIWZFLURZGWCN-AZUAARDMSA-N,4.689500355215439,4.671124520698137,4.341446726825606,4.695341009168872
OCNT-2308603,JLAOTGNFFLOXRH-UHFFFAOYSA-N,5.403291155250658,4.865319794535284,5.459512590119906,5.059935792577111
OCNT-2308624,HCZDJIDHWJKQNL-UHFFFAOYSA-N,4.705343297947157,4.289916279879005,4.894635043945754,3.8303464371033984
OCNT-2308626,HQIXODCYFGBKNG-UHFFFAOYSA-N,4.398089128128896,4.110589882715823,4.855288360008473,2.9587495752556388
OCNT-2308632,BNVYMBNZHADONN-UHFFFAOYSA-N,5.272558390134789,4.952929204483299,4.271071252529669,4.851954274084363
OCNT-2308640,AAYXDSMALIOPQB-UHFFFAOYSA-N,4.569515074843126,5.295321102149349,4.483136224639265,5.716594109574022
OCNT-2308649,NECXPRJZRYCKAT-UHFFFAOYSA-N,4.935735127865365,4.995747901018355,5.040699872877868,4.192375223751355
OCNT-2308656,SFFQJAZXVFNTET-UHFFFAOYSA-N,5.04564906803262,5.222624293458749,4.230623974375798,5.145735855751985
OCNT-2308660,KGJRVDOHNIXDMY-UHFFFAOYSA-N,5.712457487312115,4.970331029827092,5.212505342126341,5.3762126969328365
OCNT-2308682,JZKCGQFNKIROBD-UHFFFAOYSA-N,4.842607677937506,4.747630418034703,4.6024090258380745,4.193948456319466
OCNT-2308687,BOENRGZTNSTROB-UHFFFAOYSA-N,4.112639339542732,4.769322303653063,4.562264641099744,4.5758145824433845
OCNT-2308689,RBIQMTORZFPEDR-UHFFFAOYSA-N,4.285930475240773,3.7493223179593795,4.463132834998489,3.6068269539469755
OCNT-2308693,JKRHRSTTXYTARO-UHFFFAOYSA-N,5.418261580765531,4.878559086625233,4.622306776778459,4.916909273764935
OCNT-2308760,CZPCBSYPEXOWNN-KXBFYZLASA-N,4.769425690256816,4.729954508849296,4.333251977372988,4.639901125175305
OCNT-2308768,SLVCIRWUTNDVDY-UHFFFAOYSA-N,5.227210432829159,4.242866083528131,4.303633574065203,3.653156499357811
OCNT-2308794,FGQIIXMRZKWIQS-UHFFFAOYSA-N,4.297738880042464,4.058096502722222,5.030933795568003,3.4321694503584075
OCNT-2308803,JIFHBVQNLSIJPG-UHFFFAOYSA-N,4.889257153715586,4.809400127903063,5.295184431664193,4.466294546316918
OCNT-2308808,GCIKBYNGPPOSAR-UHFFFAOYSA-N,4.990444257070449,3.7607427068283004,4.374625073734779,3.6357280470292785
OCNT-2308818,FZCCZRTVIJFQKN-UHFFFAOYSA-N,5.4716343778332694,4.914946896724417,4.967325371097343,5.518100830314032
OCNT-2308821,JAPPCCYAUPAWPQ-UHFFFAOYSA-N,4.698570621749916,4.790253816901367,4.564325672245667,4.720726583900589
OCNT-2308822,QECPZZNXERNMLC-HJWAUIETSA-N,3.702237663033259,4.3874126383285965,4.852359374296483,4.110003817110323
OCNT-2308842,FQCKBCZETREUQU-UHFFFAOYSA-N,5.077153070051001,4.85324902312988,5.010905911890741,4.43190443864123
OCNT-2308851,ANWFMPNNWUQEGN-UHFFFAOYSA-N,4.264729038502226,4.277896866970799,4.76276247056922,4.059778887358948
OCNT-2308852,JTEWTVFVNPJYQY-UHFFFAOYSA-N,3.7426906904542725,3.903378525327035,4.705294274493362,3.1229083891582476
OCNT-2308860,GENBLLCBSGBWSV-UHFFFAOYSA-N,5.391115891680395,4.760096921978862,4.395145364632696,3.756309179674174
OCNT-2308866,TZHCGVRZHACKPM-UHFFFAOYSA-N,5.178039021374837,4.324383085289171,4.852557243715604,3.841445158836405
OCNT-2308872,PFOQBJFOBMXIFQ-OLZOCXBDSA-N,5.447274441300701,4.383997035648267,4.599010460361618,4.10443515673536
OCNT-2308951,CFCALRFTJMJNCF-UHFFFAOYSA-N,5.369642788531546,4.596124236441723,4.498539354652626,4.220838937134817
OCNT-2308952,YRYRQKCRFQZBJZ-UHFFFAOYSA-N,5.238709661359664,4.860737488238249,5.095695753270688,4.693945206123308
OCNT-2308958,APCKBGSTXTVQIO-UHFFFAOYSA-N,4.882983981569046,4.788693156177321,5.031732339060135,4.762212632650032
OCNT-2308997,GDMXBTJFBFUQPG-UHFFFAOYSA-N,5.399207494830354,5.244958822800041,4.573410582443892,4.932136932615441
OCNT-2308998,SMUXAFUMKFMQDV-UHFFFAOYSA-N,5.376266322079567,4.856208118450698,4.794278203994955,4.245690880144796
OCNT-2309004,CJEBHGVZWZPWSG-UHFFFAOYSA-N,4.9869021924046155,4.656636583743469,4.979515328679012,4.2855536747777085
OCNT-2309012,CYDNTBXARFNHOK-UHFFFAOYSA-N,4.089923900548455,3.4313457628250856,4.517180019602053,2.489385448567504
OCNT-2309019,YVFXCMLVGKSGDB-UHFFFAOYSA-N,4.816127674335038,5.294589856770651,4.041541088212998,5.3040184644825965
OCNT-2309024,XSVIVDYCHPPUGK-UHFFFAOYSA-N,3.6653790528561894,3.4695733818493957,3.949316463226508,2.0705680397286494
OCNT-2309042,MLWJNKOKQZCQFM-UHFFFAOYSA-N,4.935312423879959,4.102026869297161,4.293957136984088,2.876309542787351
OCNT-2309070,CFGZXKWGGSEENY-UHFFFAOYSA-N,5.207527649644349,3.9918713367665295,4.0919157462836635,3.5289601003267697
OCNT-2309134,WOGAEFGJGCXZAZ-UHFFFAOYSA-N,3.852436960110382,3.6476554644675616,4.435360615108375,2.7009131098531807
OCNT-2309139,XEASEVMEKOGXHQ-UHFFFAOYSA-N,5.621513839017258,5.1464276761961205,5.2200178586993395,5.529926859883925
OCNT-2309149,HOLZORPNZUZFLM-UHFFFAOYSA-N,4.931642345514978,4.7963596755833,4.212053437115929,4.015831839524459
OCNT-2309151,QJWGFXLKMHWCMY-UHFFFAOYSA-N,4.727661833204608,4.762882153763158,4.738183848818786,4.592236495557692
OCNT-2309164,PNCMDCHZNMXPME-UHFFFAOYSA-N,4.913941916790443,4.266171590197769,4.738406259915082,3.7553335558947456
OCNT-2309175,QTYQHQWTDLCRNC-UHFFFAOYSA-N,5.201783148346204,5.036060584496899,4.724560569900804,4.525033867898768
OCNT-2309179,BWWQNTFNKYNBID-UHFFFAOYSA-N,5.599189240680212,5.012149489519116,5.2145423350679065,4.604568493426277
OCNT-2309196,AWUCBRVUTSPZQP-UHFFFAOYSA-N,4.229359208094089,4.868680799552172,4.702889300054347,5.138205301145915
OCNT-2309207,FCZNJMSICLCNRK-UHFFFAOYSA-N,4.523311756732668,4.209483157682277,4.436958373792369,4.152885109738597
OCNT-2309232,MKUCLUPMYFFFGY-UHFFFAOYSA-N,4.815663964282801,4.531464905212721,4.797751846448851,4.335082596426587
OCNT-2309246,HZJAEDMXWJCPPZ-UHFFFAOYSA-N,5.269666341916186,4.741837632935082,4.307344780457092,4.808316002075118
OCNT-2309266,ORECJXVOVYEVDN-UHFFFAOYSA-N,4.358660867340579,4.1990380528280555,4.432744550235727,3.7343441734575276
OCNT-2309274,ZXIVUUXCTPHHAO-UHFFFAOYSA-N,4.294457222850267,4.716079338448602,4.539145384131556,5.050311319150602
OCNT-2309279,TXZYYKDEFUKJEH-UHFFFAOYSA-N,4.045582745327523,3.664961711871066,4.658411222233484,2.556054246989596
OCNT-2309286,CKULYSVCWINHRD-UHFFFAOYSA-N,4.454582571512823,4.851624123916857,4.507454433577571,4.046135253764468
OCNT-2309290,BILGZUNWWFGLCD-UHFFFAOYSA-N,5.155617939514401,4.9081147770502564,4.794025214800274,4.8322651480431285
OCNT-2309299,GAABTIDOVCUIJA-PIVQAISJSA-N,4.474477090799895,4.137575304458906,4.891829003923211,4.571958539266995
OCNT-2309323,SOPSTNOHBNLMBW-UHFFFAOYSA-N,3.3397427008897758,3.988594102363146,4.264990740953727,2.6323191103726775
OCNT-2309324,QQISPTBFJAYJMO-UHFFFAOYSA-N,4.963601198069447,4.5811597572899165,4.769229905497467,4.17182706922766
OCNT-2309338,FDGYVGAIXDSNLL-UHFFFAOYSA-N,4.6171793832586285,4.935081762621861,4.464758779072236,4.6105529392683415
OCNT-2309345,AKNWHDZNSOSXGU-UHFFFAOYSA-N,4.580328428993473,4.589288734688669,4.642247524786174,4.358436400163773
OCNT-2309347,SCYVZKJFARRCOF-SKDRFNHKSA-N,5.004164003874095,4.223814540026705,4.894236883398918,4.2807905847589165
OCNT-2309366,NUDCKBSXSMSSHR-UHFFFAOYSA-N,4.26170498465014,4.651814332014872,4.667897969188771,4.427028304935189
OCNT-2309376,GBUSLTPPAQKFHD-UHFFFAOYSA-N,5.5219044193009745,4.896470236729232,4.729662818481245,4.790507268140794
OCNT-2309395,ZRPRJIZEXFJPDS-UHFFFAOYSA-N,3.7011934853538144,4.050617537558509,4.507222860759021,3.172187801061555
OCNT-2309415,SZIZNFZWYZMKGP-UHFFFAOYSA-N,4.849222082177565,4.0893978469863885,4.638542185722846,3.6611396173987054
OCNT-2309434,FKZOSNVMEGROHU-UHFFFAOYSA-N,4.232367690894943,4.287834759666514,4.920024562938703,4.649356823811353
OCNT-2309443,LTXRCYPELJYQOB-UHFFFAOYSA-N,3.712661540279249,4.686033417099192,4.193064928232794,4.8508842818832365
OCNT-2309447,SRJYGDXJLJWAOP-UHFFFAOYSA-N,4.964209238250318,4.807674126508613,3.4503584886825656,4.912532507204853
OCNT-2309448,PYIWSJVAJVCDJD-UHFFFAOYSA-N,5.303233782345822,4.8816871166137235,5.031557394296956,4.772090448601615
OCNT-2309458,VRHSIWRFSPQEBM-UHFFFAOYSA-N,4.6052282465863605,4.759990572782687,4.882218420372264,4.758908274735087
OCNT-2309469,CEXGDSRWXPGELQ-UONOGXRCSA-N,5.937591780584107,5.200736566073484,4.510573211255651,5.178410798923696
OCNT-2309492,YRYCNCAAIQZHCQ-UHFFFAOYSA-N,4.7156483431503995,4.590602336846815,4.6616102415227445,4.661876703658112
OCNT-2309498,NZGXZMLTWAOIJJ-UHFFFAOYSA-N,3.9461434445096852,4.21793439949122,4.610275359106122,3.566687112648816
OCNT-2309505,VHRWMNXPYKUVDY-UHFFFAOYSA-N,4.615687485746058,4.6043896109010145,5.093447538730991,4.334984670945407
OCNT-2309520,PQDNSHRLKSHCPF-IUODEOHRSA-N,3.7369062743760018,3.755097755991258,4.481635364709267,3.83134181898496
OCNT-2309524,OQWALVNPZPFZNB-UHFFFAOYSA-N,4.076899993429047,4.472434349731524,5.039930212064667,4.329155634586963
OCNT-2309550,TUNYSDUUJNGBOO-UHFFFAOYSA-N,4.172974937257101,4.234970531940084,4.100114949317881,3.830180673992131
OCNT-2309560,UGLQFTQKYFIXRS-UHFFFAOYSA-N,4.239688451858049,4.468247115537923,4.831512764870564,3.1687479576477875
OCNT-2309567,WUJHRFRBGPBFFB-UHFFFAOYSA-N,5.378678780531479,4.713080199885418,4.69443204539075,4.976437126803488
OCNT-2309576,VJOLPRXCRRLZKY-UHFFFAOYSA-N,5.191528543301295,4.850504677292894,4.891824450079186,4.744278806108091
OCNT-2309581,XAKQUAVVZRFGRT-UHFFFAOYSA-N,4.703163290697442,3.787980379780239,4.53976876051445,2.557182086338152
OCNT-2309593,ICQPYVZPTBHWKX-UHFFFAOYSA-N,5.2455290623458675,4.8266753190981415,5.041514000175281,5.131746984786729
OCNT-2309596,IXNDBORQXCOCSN-UHFFFAOYSA-N,4.61152777591943,4.184774818740284,4.478777260553223,3.8095481782514278
OCNT-2309598,XWCLCJYWVJRTHA-UHFFFAOYSA-N,4.739772847429631,4.079282779830456,4.561437211125363,2.1723781431264797
OCNT-2309599,PZBMCIRQTJSXEM-UHFFFAOYSA-N,4.62299969601823,4.996885660009946,4.151032811661076,5.161966195054298
OCNT-2309603,NJASTDRCXHCKCI-UHFFFAOYSA-N,3.671224486748193,5.40988033150431,3.456101681608436,5.126665460619839
OCNT-2309606,MFIXXYBDPKWHOV-UHFFFAOYSA-N,4.691210008963609,4.566624632486361,4.340406482651289,4.870681368269427
OCNT-2309655,RXWSOBRRXFTSLA-UHFFFAOYSA-N,4.764964917812146,4.351506403518038,4.90086808600959,4.071432898377329
OCNT-2309659,QDMSJHDEIZETOH-UHFFFAOYSA-N,5.497580893724289,5.2926354894552565,4.251792631940699,5.204749130556625
OCNT-2309661,RSUDJUKPYSQPJM-UHFFFAOYSA-N,5.665018529059289,5.270182844955058,3.855876142289139,5.35738277130771
OCNT-2309663,BBRIXFTZIRVEEF-UHFFFAOYSA-N,5.224534914266793,5.351051346799502,3.9047828278770766,5.485110453885582
OCNT-2309686,XQSMMYKKUBTICB-UHFFFAOYSA-N,3.840511103545402,4.730703767308445,4.523372140815815,5.23670722999762
OCNT-2309704,QMUPVRYCKBCCRT-UHFFFAOYSA-N,4.77288740376094,4.328590518458339,3.9246420431307474,3.684241360364871
OCNT-2309709,TUNHMOUQIPHTBW-UHFFFAOYSA-N,3.851061871624111,4.099352391645326,4.837236660607597,3.599933279293844
OCNT-2309734,XKOYXYRROUYVSA-UHFFFAOYSA-N,3.6726907379048592,4.067432880468217,3.8173297191829896,2.771358260871986
OCNT-2309742,PDQLPNSIVZNUDK-UHFFFAOYSA-N,4.876787731336601,4.325185380482392,4.224227165271103,3.5489623988060166
OCNT-2309746,ZRDDUQNCPHKPCT-UHFFFAOYSA-N,4.917453764328598,4.226251867976552,4.289128402612148,3.254592290550102
OCNT-2309768,OOPGWPZBSRALIG-UHFFFAOYSA-N,3.541241660850356,4.315378585027263,4.999011343330975,3.5265909725343803
OCNT-2309776,JEIGWQHMZMNNGN-UHFFFAOYSA-N,4.988465680812003,4.502870698486074,5.018042256356883,4.401045809856238
OCNT-2309800,GIFUCGYPMBHNPM-UHFFFAOYSA-N,4.359960233050355,5.596566896772162,4.753764991692984,4.851258187557315
OCNT-2309801,LTKHJAAHPNJLHY-UHFFFAOYSA-N,5.367997743236386,4.821974483829308,4.791939949114427,4.569516237178525
OCNT-2309809,JZKURPYQVDAOOL-UHFFFAOYSA-N,5.095762090024739,5.069540941059758,4.891143140370168,5.253314192908952
OCNT-2309811,GAAAACRGNMPWJY-UHFFFAOYSA-N,4.636884854520302,4.757963282819647,4.554961828078073,4.474932406065664
OCNT-2309844,GGSBXNSPXLOOHI-UHFFFAOYSA-N,4.808470034783542,4.461821021285434,4.9923952932000555,5.055799951163481
OCNT-2309846,FGUQAYRHKXYOTM-UHFFFAOYSA-N,4.67396504177156,4.940414791733573,4.898815556295792,5.282358922557309
OCNT-2309877,YKVLNDDAPLQHQD-UHFFFAOYSA-N,3.357424030746536,4.380197611266,4.373572999986505,3.77679292903223
OCNT-2309905,LVJWCKKQYYBYRC-UHFFFAOYSA-N,3.0722627257522515,4.426789408726617,4.575503945899531,4.695608389880621
OCNT-2309918,SVDYMXAJCOKQLE-UHFFFAOYSA-N,4.6626365634705635,4.3287930051818755,4.455965949632687,3.982741769479907
OCNT-2309920,OXVAKGJWUUTGGP-UHFFFAOYSA-N,5.224812317418721,4.717488981776108,4.034740801876337,4.865364368348677
OCNT-2309926,LECHJNCDFRJREW-UHFFFAOYSA-N,4.84756235477799,4.313483574316179,4.9656181399643105,3.710377588257496
OCNT-2309942,AAJANOIUSFNLGX-UHFFFAOYSA-N,4.478401604238948,4.443997878657514,4.558623580838915,4.560912308419038
OCNT-2309950,UWGSRPLGVVOCMK-UHFFFAOYSA-N,5.369924577815337,4.536938860221867,4.552608209951493,4.671600852162501
OCNT-2309955,KAIXLFHXPRCWAS-UHFFFAOYSA-N,4.3551032132121295,4.245974056472672,5.329102202331409,3.561986461000468
OCNT-2309987,ZPRQFKSHIREKOP-UHFFFAOYSA-N,4.629329244167043,4.958137036637811,4.815179366673551,5.488697200276706
OCNT-2309993,HJDIMWOEKKJXFJ-UHFFFAOYSA-N,3.557899662265052,4.196118635956574,4.561120199684874,4.5845349651461005
OCNT-2310008,YZDDODJEXHDWEE-UHFFFAOYSA-N,4.573543990615136,4.620159043455341,4.116576018700954,4.961874951608661
OCNT-2310021,YXVXGYRWFHPXRG-UHFFFAOYSA-N,5.166175087619832,5.115939221142479,4.116934849696255,4.487784090195066
OCNT-2310024,YDDBBPMIFIWYPM-UHFFFAOYSA-N,4.845778716538408,4.405145858968112,5.218694060867624,3.9713669448499536
OCNT-2310036,YUSOQWDLAGAIHW-UHFFFAOYSA-N,5.572242651795797,5.061217650715747,3.93986452752343,4.799021986334658
OCNT-2310041,OQNCBOFIXGDOFI-UHFFFAOYSA-N,4.678536441524075,5.278298671209107,4.210040472306215,5.00677849393164
OCNT-2310043,ZSKKBENNGKLPHJ-UHFFFAOYSA-N,4.449923851599405,3.863942738550144,4.761837882255272,4.03533125595688
OCNT-2310072,RPIPASCIKGRQNW-UHFFFAOYSA-N,4.818564894148012,5.532270603858049,3.743924222381054,5.023389304950676
OCNT-2310094,QLJSPTQLWJJXDU-UHFFFAOYSA-N,5.257335142505969,4.0157752626029914,4.498832729131106,3.059151768299767
OCNT-2310110,ZLNSOSPUFUUSJT-UHFFFAOYSA-N,4.2883289733040515,4.288655853973599,4.544231714679238,3.1611931716562855
OCNT-2310119,OPPFQRUPYDGASZ-UHFFFAOYSA-N,5.349432770678269,5.164161739578472,4.434579725345421,5.13372537420446
OCNT-2310121,OSVJTIWAVNSEQH-UHFFFAOYSA-N,4.4747896889265935,4.259296233995142,4.662703109727935,3.0225047327684798
OCNT-2310123,GJSIXZKKNDJEAL-UHFFFAOYSA-N,4.458574739550063,5.037241775392049,4.807421459509408,4.947601267163191
OCNT-2310131,KTFISXUNCYDJBB-UHFFFAOYSA-N,3.5586785502220186,3.9793792207849505,4.761794715716176,3.0746710048829815
OCNT-2310137,HJSCMXIXVZQQOK-UHFFFAOYSA-N,4.2671547323671835,4.676249477642376,4.843037701425583,4.677487805674347
OCNT-2310144,HZHXSHXBAHLQCN-UHFFFAOYSA-N,4.296338831490182,4.812471526521032,4.8036986658244585,4.289447200165339
OCNT-2310155,HKZQTGCONNDGDA-UHFFFAOYSA-N,4.78054465161817,4.582517386942076,4.610202143595305,3.84246386529264
OCNT-2310156,ZRNDQMAKMCTGGO-UHFFFAOYSA-N,4.904062788383147,4.472142448868709,3.977958951186802,4.257697800646397
OCNT-2310157,LVUXIUDKFQBCBA-UHFFFAOYSA-N,3.2945707443124723,3.6223548174415727,4.631777263292573,3.5173818325476276
OCNT-2310192,IETCJVWWRSDVEL-MRXNPFEDSA-N,3.9130020028280867,4.273058432692389,4.3570880937170084,2.7596349762456516
OCNT-2310199,BMDUEAJNHZCKOW-UHFFFAOYSA-N,4.999363515345738,4.247517407737578,4.314000165781051,4.181305792047304
OCNT-2310202,AIOAUDKSZPZHDV-UHFFFAOYSA-N,5.361025925118959,5.353723546637293,4.204242484766473,5.0929809295132324
OCNT-2310216,AJTSNWUPSBKAJK-MRVPVSSYSA-N,4.907023034424589,4.544991149311211,4.404754470097872,3.7920209604055897
OCNT-2310225,SOWHXMPYVHVKNM-UHFFFAOYSA-N,4.624031423724937,3.674732034091291,4.643479428508387,2.61262353642527
OCNT-2310227,UFIOPUNMLAUYND-UHFFFAOYSA-N,4.5944305586008225,3.98964397559964,4.667685341148137,3.01672997409669
OCNT-2310261,TWKXRJAUKSDMNC-UHFFFAOYSA-N,5.141034881618137,5.266482455484399,3.3110524766359797,4.964961454385524
OCNT-2310265,NQKFCFZXAAUFSR-UHFFFAOYSA-N,3.580980334357533,4.044158395940782,4.620468626401196,3.794379618676944
OCNT-2310319,LRCVBALEVVGLFE-UHFFFAOYSA-N,5.10085495351384,4.781109460970627,5.0026071616656065,5.136857517562132
OCNT-2310323,MBYHTKURRZPUOJ-CQSZACIVSA-N,3.71200162333035,3.7473269519229744,4.666427518969301,2.9874473681688327
OCNT-2310327,NANLFGLVROKLFB-UHFFFAOYSA-N,5.0181301199945,5.026451074415666,4.833513577227462,5.007117055115927
OCNT-2310342,FTPBHHGBIJXPBQ-UHFFFAOYSA-N,4.725982305939452,5.3872302654430255,4.0336589752891365,5.379491091149617
OCNT-2310346,CCWBISGBXAFNFY-UHFFFAOYSA-N,5.548524676740939,4.468890989697692,4.725069977256204,4.609898001132795
OCNT-2310350,IULOBWFWYDMECP-UHFFFAOYSA-N,4.846474184429273,4.401297903845637,4.170028840151558,2.5022851918687734
OCNT-2310383,FJNCYMDRTAXCFI-UHFFFAOYSA-N,5.1746781711449525,3.870513216416366,4.743924063874169,3.721951087598161
OCNT-2310396,GPUPVYRGIRMSAG-UHFFFAOYSA-N,4.363406065367676,4.92853485196283,4.6301264294887785,5.068465530426676
OCNT-2310404,NOKWLBSHOIIUFJ-SAABIXHNSA-N,4.715084293717201,4.893082544492496,4.79647034636985,5.158690831053179
OCNT-2310431,GFTTWKOXOFWXTR-UHFFFAOYSA-N,5.161444768550733,5.017062974075419,4.97011251158907,4.3580081745328885
OCNT-2310432,CNIMFKSPIWBXRR-UHFFFAOYSA-N,5.141143096127252,4.811911289055517,4.762832527660733,4.816469347121304
OCNT-2310438,YFMFZOQOJHZEAM-UHFFFAOYSA-N,4.685446993699029,4.924373158994092,4.331014146370653,5.008892915247552
OCNT-2310448,LEQOABJBJQUSIJ-UHFFFAOYSA-N,4.61387340330767,4.667955243469366,4.211688846100509,3.3130937792773936
OCNT-2310458,SYXTXXKDVIEGLV-UHFFFAOYSA-N,5.646612403044699,5.241153356754566,4.5012614700501885,5.5972340981272914
OCNT-2310470,CSLBMVDUODQHOM-UHFFFAOYSA-N,4.418399537302532,5.0755921745591515,4.964284970740507,5.350433780232519
OCNT-2310498,IUGBKTDUGLZNFN-UHFFFAOYSA-N,4.527692815859804,4.0068463300648345,5.341612272767952,3.4711240219762955
OCNT-2310511,HIOBZJFAABUCKU-UHFFFAOYSA-N,4.752282234640662,4.865361229189427,4.391552164183515,4.522655178012354
OCNT-2310522,SHFKEHYHFQIENX-LBPRGKRZSA-N,3.89404488093119,4.000339208695608,4.687723312996831,2.7944770176111726
OCNT-2310576,CSWBZQAJADZJPJ-UHFFFAOYSA-N,5.041161493377016,4.327619769170785,4.72030132360342,4.215492213165819
OCNT-2310580,XVRHQCGPDQBZJL-UHFFFAOYSA-N,5.289482882736078,4.902499479767373,5.084584281323805,4.863132526745482
OCNT-2310589,FUJRKPHFQJPPJN-UHFFFAOYSA-N,4.875285288530412,4.945673181025593,4.943211288585039,5.100741588700014
OCNT-2310613,FNSPOGKBLVJSPX-UHFFFAOYSA-N,4.441085075458481,4.543076687115694,4.9278969118200555,3.9843418984291645
OCNT-2310630,KZSUIFPZSDMWRV-UHFFFAOYSA-N,4.780172799310442,4.048486988164176,4.491577143917455,3.1903709286448363
OCNT-2310634,AZIRSKUMMWCLMP-UHFFFAOYSA-N,4.590313409867055,4.702472963273297,4.861260212482526,4.610246859780513
OCNT-2310640,MOGCAEVCBIAYAG-UHFFFAOYSA-N,5.120157192990431,3.9900380770548103,4.732381761277475,3.3465383215354514
OCNT-2310641,YKXGBOCHBJEVRD-UHFFFAOYSA-N,5.120646206417146,4.313664670598004,4.466280695694948,3.9221955785807388
OCNT-2310648,LVKGJVDHSRWRLM-UHFFFAOYSA-N,4.7622259246843255,4.660436465707371,4.830144673027873,4.665331296123279
OCNT-2310653,BSJLYSNMYGWDGZ-UHFFFAOYSA-N,3.313323495178554,3.549080527310248,4.517921697979986,2.6573988170075995
OCNT-2310658,GXPGHNGKEYVVSJ-UHFFFAOYSA-N,4.3953521804265785,4.011387932154306,4.631560111530536,4.071556823372856
OCNT-2310680,AXXIEJDVBYZXLK-UHFFFAOYSA-N,4.106588968063763,4.895664854495039,4.794624274377441,4.9906486590676735
OCNT-2310685,SRJUQDSPYDJJMF-UHFFFAOYSA-N,4.916256464145043,4.500481237121705,4.812414293282364,4.542405984452901
OCNT-2310690,HCYSRWCEBFYUAA-CQSZACIVSA-N,3.714225086667789,4.30232914900228,4.670540101131976,4.363702995980792
OCNT-2310693,RSAHXYUKVAIXGK-UHFFFAOYSA-N,4.867998313253725,3.847298385633196,4.641852659963756,3.7864023861377705
OCNT-2310698,HAVCMUREFRIDQM-UHFFFAOYSA-N,4.805583089538978,4.560601208047926,4.574693313139935,3.654562360214097
OCNT-2310707,RZGDXDYNQPUJNA-UHFFFAOYSA-N,4.426525212348304,3.551275499613438,4.658116096647711,2.316734436758738
OCNT-2310716,BZLXGFYLRNUUNG-UHFFFAOYSA-N,4.4919397287614755,4.240643970212068,4.65765235589718,3.5110696898445894
OCNT-2310717,BOWLVPUQMMJWEC-UHFFFAOYSA-N,5.650167679763908,4.780385070238349,4.317759374627418,4.345885280074659
OCNT-2310726,GOHPXULFFDBKGC-UHFFFAOYSA-N,4.699949525620783,4.763694517509647,4.661432583085761,4.157237658755341
OCNT-2310747,MOMOPKAZNASMQJ-UHFFFAOYSA-N,4.169182704483633,4.640943021684111,4.604340265845292,3.8863817856974077
OCNT-2310751,KZIDFUMZLWTNPB-UHFFFAOYSA-N,5.150068367778716,4.7342072878283705,4.389812585377378,5.075391350712678
OCNT-2310755,BIGAOOHPAKZTOZ-UHFFFAOYSA-N,4.541948639071389,4.746592878264446,4.9525554206711035,4.022167821213084
OCNT-2310779,LWTKTABHWXYFOZ-UHFFFAOYSA-N,5.50847858802793,4.490177599341637,4.4785438352530855,4.437771806867548
OCNT-2310797,WRRMQFMQWRSQBI-UHFFFAOYSA-N,3.953178880546805,4.414726536771976,4.62765110680126,3.3748174156308406
OCNT-2310804,IWKOXNCMURNVKR-UHFFFAOYSA-N,5.11179564826148,4.384410682413777,4.6987693862277204,4.491701805166611
OCNT-2310808,JZLNLPFYEPHWQX-UHFFFAOYSA-N,3.915288962913369,4.567003094087392,4.46387140327819,4.804371975400337
OCNT-2310822,PAZGEARGQQZYLI-UHFFFAOYSA-N,4.435179090443664,4.539898288602781,4.707497912824936,4.212518284063535
OCNT-2310829,WIPMLMLIKXSIFW-UHFFFAOYSA-N,4.682971494462339,4.258371699886488,4.678026881435355,3.6226044599691716
OCNT-2310839,HZOOOFYSGYSMTG-UHFFFAOYSA-N,4.7437223818473475,4.59363864289931,4.960957554849475,4.034851218682545
OCNT-2310843,UHBYZUKYPMONRO-UHFFFAOYSA-N,3.7547209478040213,4.235379520107918,4.860435046269133,4.314228184967257
OCNT-2310859,RUVLBPWZPKTFQY-UHFFFAOYSA-N,4.478839922103652,4.722130883936761,4.640371230224307,4.544267869183097
OCNT-2310880,UPACZLZVVYCCPQ-UHFFFAOYSA-N,5.2436650452684725,4.733777473581976,4.341136727497935,4.50070701253226
OCNT-2310901,HDXXWIMMIYDYQO-UHFFFAOYSA-N,5.8732431029339685,4.653646250610405,4.762751025114309,4.21604184810355
OCNT-2310935,PYENDQAOQUXIML-UHFFFAOYSA-N,4.638945512658255,4.960791444340843,4.7512359241365765,4.916225218376029
OCNT-2310939,FMPOGJMGFDQNLR-UHFFFAOYSA-N,3.6381890686442637,4.644375330948158,4.520504340290864,4.511611428209283
OCNT-2310945,ZCFOZFFAVPLQDU-UHFFFAOYSA-N,4.812057921043563,4.27522718716637,4.801476801328497,4.068802513291055
OCNT-2310948,WECBRMODQWSFSC-UHFFFAOYSA-N,3.3187252744861095,4.256616234440467,4.821202532943097,2.903783204243049
OCNT-2310953,JNUPUTJOTQNJHS-UHFFFAOYSA-N,4.995109436608559,4.893930380211419,4.631837928985308,4.873061383824918
OCNT-2310955,ZNYHVNPTYPXHIV-UHFFFAOYSA-N,4.4907611396861755,4.1904388937007715,4.698890626603145,3.9485878567144765
OCNT-2310971,QUMDTFYGSJHRPL-UHFFFAOYSA-N,3.786729304059084,4.046793045492698,4.370257212650726,3.311168889366055
OCNT-2310979,ZNZJGCOJFHWZII-UHFFFAOYSA-N,5.395075396534467,4.7333393375858375,4.643096901769155,4.89952300615104
OCNT-2310997,SIPWPCZRIOWTLN-UHFFFAOYSA-N,4.33805654208148,4.402210825510241,4.790170524573125,4.2639444404369105
OCNT-2311017,HGMVMOMRKMPRSR-VHSXEESVSA-N,5.460737583632544,4.255192467468853,4.17852753653592,3.4957120292830686
OCNT-2311028,MQXPCGHXWRPKCK-UHFFFAOYSA-N,4.042891059982594,3.7382795079237567,4.685853699436089,2.9295577133314086
OCNT-2311032,KXQCKBJACHMFEZ-UHFFFAOYSA-N,4.713506316547359,4.8471833773078385,5.005281844233164,4.65344573799775
OCNT-2311050,RRHHUYUAXCKIRN-UHFFFAOYSA-N,3.675522901731684,4.318662395672968,4.677718853940964,4.599113492998485
OCNT-2311059,IADLBRMVZTZASR-UHFFFAOYSA-N,4.944181442691398,5.163550819090603,4.531795582624042,5.287052557306154
OCNT-2311060,FEGQQHPUTSRZAG-UHFFFAOYSA-N,4.02873296224502,4.439052535921965,4.442837753222313,4.604303901112984
OCNT-2311061,YAHHSHNEDFLSFO-UHFFFAOYSA-N,5.316765322082901,4.978432586446193,4.712777249555235,5.019268254509055
OCNT-2311086,LHTZKKBQVHDQAX-UHFFFAOYSA-N,4.620342207950309,4.449660442399806,4.587306584359521,4.159631862548624
OCNT-2311091,NLPVWZDQUHNWNN-UHFFFAOYSA-N,5.712778489884002,4.757114805080802,4.487972811487346,4.584967291866605
OCNT-2311102,OPNWCLOHWSTTAH-UHFFFAOYSA-N,4.663839033147366,4.20067374600638,4.26394427715668,3.531958851686336
OCNT-2311106,XKPXTMLDEUTWQU-UHFFFAOYSA-N,4.39595623213841,4.501871363784101,4.686614233209887,3.62578268387501
OCNT-2311133,DAOAPMJKVUJXID-UHFFFAOYSA-N,4.670344956516544,4.449413340513297,4.782553016161723,3.8454188465406665
OCNT-2311145,GJUVVFXCXYLPPF-UHFFFAOYSA-N,5.23669565026455,5.444869937280862,4.247928777856631,5.504257451854552
OCNT-2311148,FXKCHSYNXXKFEX-UHFFFAOYSA-N,5.043363587375141,4.6129179315855415,5.291416673262422,4.448879025062873
OCNT-2311150,ZHERNWQWOSHVNC-UHFFFAOYSA-N,4.543128888282172,4.662106508619241,4.388736215520412,4.4828080119134
OCNT-2311164,KXAWYHBBFHVSLR-UHFFFAOYSA-N,4.640623245724754,3.555530183207164,4.547377194059383,3.1448401655103404
OCNT-2311175,LOHPAHJRSDGXHU-UHFFFAOYSA-N,3.678976388318949,4.3682854569142595,4.590365013168774,3.750764498231448
OCNT-2311200,NVPSOSIRMJDRPU-UHFFFAOYSA-N,4.74543386777445,4.256174336615697,4.5875323786334885,3.699518850475454
OCNT-2311225,VAZPOTJURGQWAP-STQMWFEESA-N,4.518988517804273,4.568535642458949,4.992235746462762,4.943490093788405
OCNT-2311231,XLDINVXKZGIJLA-CQSZACIVSA-N,4.3501526819449055,4.541524247570567,4.860032151545524,4.422129857950573
OCNT-2311291,RQDDMLORJHULQP-UHFFFAOYSA-N,4.626731055835983,4.463510687812812,5.003751565303445,4.326035887113827
OCNT-2311293,SSOJFUYLKIYITA-UONOGXRCSA-N,4.180008138625636,3.9468589197246025,4.676205634357612,3.4587855397835257
OCNT-2311294,SWUBLAYQXQUNCO-UHFFFAOYSA-N,3.218777289366853,3.6013501389287534,4.702157318940246,2.414303891127498
OCNT-2311311,JSEDCBYKKMTEPF-UHFFFAOYSA-N,4.4817925515359525,4.143775815987134,4.5323220503337,3.7549645802901415
OCNT-2311320,LCCOAQYOJSHIPJ-UHFFFAOYSA-N,4.3587274489966505,4.721443352462171,4.506124867285508,4.652145511914979
OCNT-2311331,CDQDNPHFGYWSOR-UHFFFAOYSA-N,5.3118727926320854,4.409100876912372,4.676012509023126,3.8895974113280256
OCNT-2311336,LQKJYHIZCLRVAA-UHFFFAOYSA-N,4.917683455106452,4.593535659631432,5.317639998535845,4.605970674918569
OCNT-2311343,SASVNHDDQBDFCM-UHFFFAOYSA-N,4.839920625240308,4.804284493328009,4.68597406365615,4.315109971024792
OCNT-2311402,OGIYBCQWFOZLPG-UHFFFAOYSA-N,3.971097413418303,4.075376180556333,4.3883510269780315,4.08842610201272
OCNT-2311437,JHVLKXIDWMPJMT-UHFFFAOYSA-N,4.720001216919161,5.283438873982637,4.162124605644546,5.173763474576712
OCNT-2311438,FLLMSOQAWLVNEM-UHFFFAOYSA-N,4.369490287188312,4.0650687160564445,4.984781714444574,2.8939224781571404
OCNT-2311450,DBUJZAYXHSBDLC-UHFFFAOYSA-N,4.725661582404498,4.294807844926709,5.225492407091012,2.9496193215524484
OCNT-2311453,FVWJNTSKIAGKNF-UHFFFAOYSA-N,5.287987387064239,4.934041538043075,4.503823726397603,4.895650539792964
OCNT-2311507,KNHOKGYXVGIUBR-UHFFFAOYSA-N,5.172703058376597,3.6657176886100973,4.251808419137067,2.173604129076632
OCNT-2311542,KWIFZAZOFYUVCZ-UHFFFAOYSA-N,4.214499548585609,3.673043099196506,4.737426267513968,3.3470670080876586
OCNT-2311547,BHEAZNHFSNJYDJ-UHFFFAOYSA-N,5.525106813130274,5.072990553579386,3.890859917465616,5.162246434726862
OCNT-2311574,IXIWLXFULLNPDO-UHFFFAOYSA-N,5.127227406485464,4.3054895872318335,4.667769312625547,4.3615614767359006
OCNT-2311588,ATLZEXPCGWQKDL-UHFFFAOYSA-N,4.255490079498133,4.30167537264536,4.822904984457459,3.2750858233423963
OCNT-2311602,AIDXPYZJTIDUSC-UHFFFAOYSA-N,5.066124167843925,4.96822099936084,4.6571319232543935,4.536462835856234
OCNT-2311604,GKRCFAAHQZDGMF-UHFFFAOYSA-N,4.135886339950144,4.175261690553145,4.753987081625159,3.3032266789916997
OCNT-2311606,JISJHJWHBGLITM-UHFFFAOYSA-N,4.645235613760647,4.783891324154738,5.092326304406408,4.039909690087696
OCNT-2311619,YYKMRMTYTUHGAM-UHFFFAOYSA-N,4.808753554017134,3.832059508620728,4.60596290754428,2.837472243814904
OCNT-2311620,GKIZKNATVXCLLF-UHFFFAOYSA-N,4.388388882149468,3.848876247807546,4.650088637296361,3.5637874625268497
OCNT-2311624,FHLMPSUVVSVTAJ-UHFFFAOYSA-N,4.701300731769503,4.767359560432556,4.555726967513472,4.516640470831951
OCNT-2311626,JBQGWNQLFCYYOB-UHFFFAOYSA-N,4.044864571719284,3.828349565700161,4.929699318041934,2.957666204467794
OCNT-2311627,BZSQFVKPLZFAMM-UHFFFAOYSA-N,4.074733857446233,5.382289006411523,4.0412204494090895,4.814620139323259
OCNT-2311636,QUGHBKJKLUPSCI-UHFFFAOYSA-N,4.651546940095159,4.977179184143991,4.99460669183535,4.87633987035394
OCNT-2311655,FLRYEXYQVHVJHQ-UHFFFAOYSA-N,5.501563934492321,5.089273761011494,4.531837809764043,5.173627014703565
OCNT-2311664,YDNMVMFHJDBZIM-UHFFFAOYSA-N,5.015899436513189,4.617468668713304,4.707851548593734,3.957449209809708
OCNT-2311689,FMIDPHAHVCLBIS-UHFFFAOYSA-N,5.079422685661497,5.337124482720619,4.157707145553568,5.2522051958157965
OCNT-2311721,SWRIFYKPRHINJT-UHFFFAOYSA-N,5.408743115362441,5.198719004099137,4.7122558448383325,4.926231834541162
OCNT-2311723,YTNJKWXYWVIMPG-SMDDNHRTSA-N,4.58972019488839,4.479918234320704,4.688087307341419,4.302648894172706
OCNT-2311724,BDFIQPRMLMCODG-JWCMVYSZSA-N,4.27908511103376,4.4743513669593,5.090592567543753,3.5145881595223005
OCNT-2311727,QPBXRIKKGPQSAW-UHFFFAOYSA-N,5.151734552557811,4.232814654964308,4.480506804672831,4.650781191625841
OCNT-2311728,LQUSNRYERYWFOJ-UHFFFAOYSA-N,5.433451266409863,4.228192027934384,4.434956971295429,3.129361731349069
OCNT-2311731,VWXNHHNSTRKTRD-YUZWYKEKSA-N,5.1544259598543025,4.70096317021967,4.910492854872219,5.1441793858807765
OCNT-2311737,QSAMUNMEBYLCKD-UHFFFAOYSA-N,4.75837549861653,4.676237750960268,4.441924487157923,4.991151598679414
OCNT-2311745,NDYIXONJSDUIQJ-UHFFFAOYSA-N,4.710704530143542,4.62598249153289,5.1058318110508365,4.616439434875089
OCNT-2311748,OLKFTJZESRFYGM-UHFFFAOYSA-N,5.581459037413448,4.902630584460788,4.536114340451391,5.349451847133533
OCNT-2311752,TXHFRSPUYJGUOC-UHFFFAOYSA-N,5.109862214433467,5.106404670081585,4.603180326044982,5.190196777061187
OCNT-2311765,ZQZSFKJELGBYHA-GWCFXTLKSA-N,4.821367815545449,4.071674280254378,4.639906444771723,2.8474105571745927
OCNT-2311769,PLTRVIGXBYDJLW-UHFFFAOYSA-N,5.084328864412846,4.681937382365984,4.741379097922904,4.658796614226155
OCNT-2311783,VTTXKWNUEYBJHG-UHFFFAOYSA-N,5.562628040267332,4.869194723594727,4.562810659074947,4.505036074162803
OCNT-2311797,OQWDBCXAINMZFS-UHFFFAOYSA-N,5.347622066544566,4.6622305010119485,4.19212549102961,3.5603511941991317
OCNT-2311800,BIJKXSIAIACXNV-UHFFFAOYSA-N,4.8179597851381475,4.466865440162066,5.354398473151321,4.575646706546124
OCNT-2311805,ZUCYBEULVWTNIR-UHFFFAOYSA-N,4.849879262836773,5.083377023701768,4.838724587030411,4.808509593893228
OCNT-2311818,BDXZIUPCZHDUKE-UHFFFAOYSA-N,3.711927407263259,3.746614659397805,4.573642072245028,2.2966095429824125
OCNT-2311829,ZMMHEFMEZJBPCK-XIKOKIGWSA-N,3.4593028292422137,3.9134582108573746,4.807831859108793,2.4311574599242967
OCNT-2311831,HOSNJLMMVKABFA-UHFFFAOYSA-N,4.06528474294518,4.148522379186062,4.8214596535973175,3.857465745321535
OCNT-2311834,DGUHWPMRKMJECE-UHFFFAOYSA-N,4.274711604052055,4.703860890068888,4.820679712351045,4.821340817569488
OCNT-2311839,GSZWDSMTOYIIMS-UHFFFAOYSA-N,4.736447969479477,5.124142481177962,4.4189353788550285,4.424547925113645
OCNT-2311840,PWJXIYCMKSEYTR-UHFFFAOYSA-N,3.9297743547234396,4.279873188416591,4.886267612872747,3.285616659289452
OCNT-2311846,JTSNGDOVWZSFLB-MLGOLLRUSA-N,3.80259409009493,3.9142792011626266,4.739543922168028,2.8182580537618334
OCNT-2311855,QEGXZVYYVBUXIG-UHFFFAOYSA-N,5.305026621002877,5.059712322945322,4.82866113890293,4.70976686786153
OCNT-2311862,AOBRDNBXUPBCHC-UHFFFAOYSA-N,4.773109528479085,4.798904202394202,4.497331503605206,4.698521248430878
OCNT-2311886,WQIMXLYTESNREJ-UHFFFAOYSA-N,3.623110480840604,3.8963758105047064,4.61218201493277,3.1313064268273747
OCNT-2311889,RBVFRCIGZGGBTF-UHFFFAOYSA-N,5.763926376726673,5.0282329455984485,4.2845457892742616,4.591214201655918
OCNT-2311892,NAOJMNUZHUNOKN-UHFFFAOYSA-N,5.634033502636306,5.00006869070645,4.230831455020997,4.856287857235886
OCNT-2311897,NSBQHSGIUPTPOI-UHFFFAOYSA-N,5.11496272395429,4.931377607664608,5.043765210101844,4.872635923649448
OCNT-2311909,VDVJUEFMOAEWCR-UHFFFAOYSA-N,4.79644631622426,4.955373035442121,5.003398894440674,4.43124026451912
OCNT-2311916,WYWNLPSNCOQRHL-UHFFFAOYSA-N,4.9245779437845485,4.762773842485787,4.36794705363435,4.951600027795573
OCNT-2311937,JERSGWYTALKMNY-HNNXBMFYSA-N,5.281592707585921,5.211842146525238,4.815324356892846,5.128590270882807
OCNT-2311956,QMPNSZFQZAWABV-UHFFFAOYSA-N,4.763841052485093,4.873674862137756,4.4099332008847085,4.341888614084688
OCNT-2311971,GLFWAGLXPAJCLJ-UHFFFAOYSA-N,5.603389714973298,4.841621091469145,5.019476406700578,4.919994049322584
OCNT-2311975,XKCNZKKZCLFYSV-UHFFFAOYSA-N,5.641282607638462,5.541002450769285,4.537833582944352,5.32895397358245
OCNT-2311997,PLLPKUFSZTVBTH-SFIRGFGWSA-N,5.048402803102653,4.937357671231987,4.734840423011683,4.266538336706288
OCNT-2312000,FRTQFAFJPFTPEO-UHFFFAOYSA-N,5.296826162451426,5.188286860372894,4.840021860459472,4.729168684302119
OCNT-2312016,CXMFJZYJIIGCDT-UHFFFAOYSA-N,4.197982917511016,4.770781844045573,5.076689179458697,5.156836918307278
OCNT-2312020,DPQLVVYCRUDESV-UHFFFAOYSA-N,5.141202098016542,4.849582138652202,4.579400172181926,4.646247251197294
OCNT-2312033,ZSOHLKDAXCTETM-MEBBXXQBSA-N,4.453849809411706,4.35385350544645,4.672051335826205,3.4450438101925642
OCNT-2312041,HFJBOFQTRHHVPS-NSCUHMNNSA-N,4.485961952356561,4.303091359270305,4.882871152907213,4.5148015483560915
OCNT-2312063,ACLZYKQVCOTFGN-UHFFFAOYSA-N,2.94044196641369,4.5295168110089055,4.812435802213341,3.998713928231488
OCNT-2312069,LMIAIOODQVMDQA-WJYNOGRTSA-N,5.623392676363502,4.946844403115295,4.491772866861546,4.896125608423348
OCNT-2312074,JBYHKBDJPAJRIB-UHFFFAOYSA-N,5.319546415905489,4.732473114844933,4.139745180585194,4.609618116150738
OCNT-2312103,ZXXMWZBQFMKETN-UHFFFAOYSA-N,4.97034014581992,4.292095674574575,4.9133517053171,3.687100834564218
OCNT-2312107,UHEMPWQRYZEJBV-UHFFFAOYSA-N,4.979153500043775,3.927888530934164,4.592830022433289,3.680663525904479
OCNT-2312162,VGDYEJHSCSQLGY-LBPRGKRZSA-N,5.616073421166497,5.038235749338747,4.540748199733375,4.983438610634453
OCNT-2312189,OQOYJJXISGSEFD-UHFFFAOYSA-N,4.735545143747985,4.948073052492504,4.57756413261222,4.3295599275381385
OCNT-2312204,YCLBQJAVZIWBNG-UHFFFAOYSA-N,4.994525901640821,4.645356193629714,5.099099016347648,4.540493195561316
OCNT-2312258,GTFXEPGXKWPROT-WKILWMFISA-N,4.093423362089282,4.632339974605589,4.721900389245483,4.473404950236411
OCNT-2312272,ZFONBGVUTOBBAZ-UHFFFAOYSA-N,4.914623812312713,4.770355183764135,4.8789125502175,3.933707577770627
OCNT-2312280,PJEMYXKINDARDB-UHFFFAOYSA-N,5.189228028566136,4.693922722745845,4.846174322449756,5.025765264622098
OCNT-2312308,GYNQRMHTTCULMF-UHFFFAOYSA-N,5.5095169467385,5.1327341642165845,4.587805875502038,5.274241901293451
OCNT-2312322,SFBJQTXZKXTYKE-UHFFFAOYSA-N,4.988144887669537,4.658146866732093,4.557272863026259,4.752735598548954
OCNT-2312351,IDXOTOSTBGIMFM-LLVKDONJSA-N,5.166869897966126,4.499126652811603,4.897263382987998,4.058922204364314
OCNT-2312358,WCXGBOSREZEJPV-UHFFFAOYSA-N,5.092207753488272,4.943490851508311,4.79401498902956,4.828304461851522
OCNT-2312373,ZUSNMOKJMOPBJW-UHFFFAOYSA-N,5.163213406169135,4.925158788439613,4.334036080409069,4.2276797228768865
OCNT-2312376,UIPHQHVWOXUIQY-UHFFFAOYSA-N,5.134712497693248,4.811108165995224,4.537178873950336,4.963765829710921
OCNT-2312385,KKWSFYUJRQXGAA-UHFFFAOYSA-N,4.879285447525062,4.883635403718011,4.87746487365572,4.29992305781562
OCNT-2312387,RDFSDZSZRPSGPR-JTQLQIEISA-N,5.110779615492127,4.67679409308016,4.785433690697468,4.902626402237482
OCNT-2312389,FFPBQUADYURRAR-UHFFFAOYSA-N,5.340595316729208,4.766038888153898,4.668855600315114,4.7812435754191895
OCNT-2312392,PQAMIQVSIIWVLA-UHFFFAOYSA-N,5.1045978362808135,3.928180659554836,4.4522281288809555,3.206556970936942
OCNT-2312400,VHWWQLJLNMECEF-UHFFFAOYSA-N,4.429379097811537,5.061324264440001,4.462837324738531,5.073486328850889
OCNT-2312407,YCGWTNODMPQGJL-UHFFFAOYSA-N,5.121065857616966,4.549839301192605,5.04440736711375,4.336042134222303
OCNT-2312422,UNUXWZHOGXQRBK-UHFFFAOYSA-N,4.326533373782237,3.976946564961822,5.007925966645975,3.671844426628264
OCNT-2312443,RNYJQENSIQGTFO-UHFFFAOYSA-N,5.127087791319789,5.0706934056723,4.779601673498145,4.40368665935777
OCNT-2312465,JUDIGWCSUCRCTM-UHFFFAOYSA-N,5.104578240126607,4.6467167749891605,3.9136231232284424,4.302287452265767
OCNT-2312480,USKDSEPSXFSQII-UHFFFAOYSA-N,4.121308185574266,4.4388197397985545,4.437408556009279,4.23214528792685
OCNT-2312493,LPKCTGUWFTZGHX-UHFFFAOYSA-N,5.249183406687848,4.788260085811231,4.789475141001202,4.070271083851359
OCNT-2312511,PVQWMGIQWLAPQO-KGLIPLIRSA-N,4.218875505348465,3.9021264740110984,4.741474317159482,3.7362622771176195
OCNT-2312530,JGAKLUHQBWJHCU-UHFFFAOYSA-N,3.7500350164797362,4.560894835396456,4.433415536222278,4.434434347776925
OCNT-2312537,OFBSKHGQUHTUAK-UHFFFAOYSA-N,5.053995804895962,4.293358570924111,4.962818797680496,3.3270652481954484
OCNT-2312558,JMUPJYABPJKPMN-UHFFFAOYSA-N,4.427101202439464,3.9767540216915678,4.7154196531091275,2.2380679904001615
OCNT-2312567,IRHNGEVFACBSDS-UHFFFAOYSA-N,4.52157347253457,4.35762332078278,4.896404974321798,3.2492766742543973
OCNT-2312581,DXIJNEODHVKRKU-UHFFFAOYSA-N,4.600773362502755,4.726439799806297,4.684915159529949,4.085818927624203
OCNT-2312592,BTIVUGONCMEKNX-UHFFFAOYSA-N,4.858210612702755,4.444582851910488,4.590234175752121,4.223265918311303
OCNT-2312607,QIHYSNAOCJNIRD-UHFFFAOYSA-N,4.959262931054238,4.640106128149905,4.383282869889243,4.502580862382022
OCNT-2312608,DBDCGPKJFAXMNC-UHFFFAOYSA-N,5.6894955148301225,4.626920757244769,5.003827472350019,4.761366068075812
OCNT-2312616,NNSLNWDCBLFAMQ-UHFFFAOYSA-N,4.063565551175801,4.401836614803675,4.937263681413723,4.646882737025349
OCNT-2312624,AEAYDVXZPKDZCK-KBPBESRZSA-N,4.618310263279338,4.099708457328229,4.991708677295232,2.957342844787566
OCNT-2312656,XWDHGERTKVTTNK-OCCSQVGLSA-N,5.012693442205642,4.349826192873556,4.975438679271381,4.060661812169296
OCNT-2312659,FPZDMQCYMFEBKJ-UHFFFAOYSA-N,5.314251476340487,4.8168665015435375,4.800085675924549,4.872764092041696
OCNT-2312668,XITUDUKCDZPINF-UHFFFAOYSA-N,4.892513893962371,4.657152824828444,4.610554702384335,4.2373672559624165
OCNT-2312714,WUAZOSQKECLJFW-UHFFFAOYSA-N,4.547906076017576,4.616368710194244,4.834088704687718,4.307976817543601
OCNT-2312721,LFVLCVXPWUQACU-WFASDCNBSA-N,4.636088635885956,4.528059958003759,4.6879348859910674,3.678920559306381
OCNT-2312728,WFMZVSWBAHEUAY-UHFFFAOYSA-N,4.3375829695314625,4.042758199690848,4.830173245672901,3.2439905974473384
OCNT-2312731,DWVAWAZUSUBEMQ-UHFFFAOYSA-N,4.07892726931628,4.091867131335902,4.534061644665806,2.6182850665208868
OCNT-2312732,QPKBSKVSPWCCIR-UHFFFAOYSA-N,4.9953578366189175,4.470695958068217,4.293050608591041,3.7931091371162005
OCNT-2312741,ZZFSIEKTPZLRNW-UHFFFAOYSA-N,5.247181438532792,4.809999560581334,4.897959606152186,5.284497892747391
OCNT-2312742,JBILOGVIBNCUSD-UHFFFAOYSA-N,4.042199200548219,3.7463439610518923,4.883269880063653,2.9951376799811764
OCNT-2312743,CTEXNEUTVYKFTD-WBVHZDCISA-N,4.637174490126578,4.636271972462142,4.83810250891335,3.1269034425526216
OCNT-2312749,ZAFLASWCWZQRCU-UHFFFAOYSA-N,5.320398357271535,4.803443450346677,4.811170480854877,4.333262026603213
OCNT-2312760,MJSHQBKOOKTKQV-LBPRGKRZSA-N,5.2282622991696535,4.783877388896832,5.013503446481259,4.730075102923408
OCNT-2312779,IAZSTIBERROYCJ-UHFFFAOYSA-N,4.236529273295739,4.238357729215303,4.488677157706648,4.315875992000096
OCNT-2312781,AQTJUFQKRCVXHV-UHFFFAOYSA-N,4.081252709771654,4.534869512868419,4.480761805716758,4.409729306426796
OCNT-2312807,SDSCCHIAXZKJFU-UHFFFAOYSA-N,4.082973128755322,4.83113481075864,4.724194597239035,4.754281615795795
OCNT-2312822,WYEUZHWYVCUYQY-UHFFFAOYSA-N,2.8514112403152674,3.903825906224855,4.20227404805828,4.219426589163184
OCNT-2312830,MEDIVWVWIKCMBU-UHFFFAOYSA-N,4.711731603950641,4.895951824999993,4.666045570165794,4.208519918876473
OCNT-2312847,XVEOZZDPTYFUNW-UHFFFAOYSA-N,5.048368089577808,4.29115070871632,4.822330385083531,4.607329839299219
OCNT-2312853,KBMGYZFUIIVYPK-UHFFFAOYSA-N,5.250259397542478,4.557640261914804,4.79911066057369,4.706063518524087
OCNT-2312860,OWRGYPSJKIWUAT-UHFFFAOYSA-N,3.7555779861641927,4.197131832224942,4.259988802083203,4.126061467125394
OCNT-2312906,WGYQLXGWKYLPFA-UHFFFAOYSA-N,5.298064669443696,4.720513759991953,4.547843239022558,5.154390683026475
OCNT-2312921,ZIGNJPLWUJFGKO-UHFFFAOYSA-N,5.591263659065733,4.918563504458764,5.2173468025089145,4.91203625496289
OCNT-2312967,XLHZRAFTJKNKHX-UHFFFAOYSA-N,4.555474404883181,4.26127047445184,4.829053859748237,3.974341803698096
OCNT-2312969,BVPRAXPGVAOBHM-UHFFFAOYSA-N,5.749192451491586,5.135898406392361,4.96836038504157,4.968180895721484
OCNT-2312973,XZTFOQBCMPUHSK-UHFFFAOYSA-N,4.935026637457014,4.006602179601332,4.377710896879945,4.141409165655391
OCNT-2312992,YUDPHUQAJSBUDT-UHFFFAOYSA-N,4.281364503162035,4.263433359215079,4.997193343839682,4.10931315541024
OCNT-2313019,WRAOZYOLOJSJKB-UHFFFAOYSA-N,5.023805634622399,4.225909813694707,4.444706976496234,3.8835161090436126
OCNT-2313031,RZFIMRUQWQTVLX-UHFFFAOYSA-N,3.8126414307851264,4.187468538702985,4.403753411062432,4.733905462143885
OCNT-2313046,IPBKBWMBTUWLTQ-UHFFFAOYSA-N,4.6821671666463,4.585665756893043,4.8462733337548105,4.608925044408797
OCNT-2313067,BKMRUBBEUPJYLU-UHFFFAOYSA-N,3.758753556295491,3.954024496800145,4.6547843282277634,3.672333579365663
OCNT-2313094,WFTNCVLBOBLEGN-UONOGXRCSA-N,3.3223971204651708,3.722048825921063,4.879513592562159,3.2096440798676698
OCNT-2313099,XMGSKHFJBUJBTI-UHFFFAOYSA-N,5.760189240881045,4.300619648247408,4.771742413411666,4.303209041668729
OCNT-2313103,WNBIMBZYKXPHFP-UHFFFAOYSA-N,4.174507701973337,4.407324481383102,5.067311168234047,4.419663573148161
OCNT-2313107,OXSKBKVLTNYZJZ-UHFFFAOYSA-N,4.739696801910194,4.779788285948817,4.608854919188803,4.589165822457581
OCNT-2313120,HNPLJDLBILRTDZ-UHFFFAOYSA-N,5.283463076106247,4.959745729082821,3.848296052544462,5.068453851577099
OCNT-2313133,DMKVLYVYLQRBKM-UHFFFAOYSA-N,4.526025099189819,4.071789503168333,4.520737672154822,3.6988125143193202
OCNT-2313145,BLHIRVBNLSHBMK-UHFFFAOYSA-N,3.9124270572720974,4.398666659063874,4.3345316109548895,3.3947420009469846
OCNT-2313174,KUEFKGHTPSBWEL-UHFFFAOYSA-N,3.9298373046203907,4.805222815210216,3.9334587502231364,5.132277232735984
OCNT-2313175,BQFFKKCJFAURMU-UHFFFAOYSA-N,4.691433932656722,5.189107319972032,4.192219233807092,5.1627205524487385
OCNT-2313198,JOBIHDLHMORTRY-UHFFFAOYSA-N,5.1734035011567965,4.680717361398853,4.8376430041751854,3.70481094512361
OCNT-2313211,LYSMXLVEIFJYBM-SJORKVTESA-N,4.135315542171425,4.165253250849817,4.486148061790856,4.016373020514986
OCNT-2313243,JTRQTLSPUXJTCE-UHFFFAOYSA-N,5.471558018789336,5.013144262288061,4.7022565683293225,4.401505014652251
OCNT-2313255,FSRWABFDKDBIDA-UHFFFAOYSA-N,4.862529733378503,4.3680624946252,4.337603284063352,3.589655035712121
OCNT-2313271,LDIZCMIHDANSED-UHFFFAOYSA-M,4.057614096211221,3.8947938408093976,4.32249071766044,2.9441399644339508
OCNT-2313287,PSPNJHJLCZRMIA-UHFFFAOYSA-N,4.913181226891592,3.9212400060903994,4.226098719383069,3.684205557203127
OCNT-2313300,AMGUHAQZHHPZGU-UHFFFAOYSA-N,5.6908332797784364,4.8793508960418155,5.027046278717456,5.21097709319184
OCNT-2313314,RTATWVVYZGOVFV-UHFFFAOYSA-N,5.07529223586037,5.233481724404153,4.357736555011477,4.863172371249115
OCNT-2313326,FYIVOYFZRCZICX-UHFFFAOYSA-N,4.997383065337603,5.013659323602922,4.022304862323777,5.061691883894358
OCNT-2313366,RCUPFXKTPISMDD-UHFFFAOYSA-N,5.072926753821603,3.9800869853157077,4.467193231821922,4.519109996311263
OCNT-2313374,OFYRXFGVIZMXNC-UHFFFAOYSA-N,4.460967169743974,4.648858949949425,4.705608626887248,4.324448754010496
OCNT-2313386,OSXYWHPJKFSHBZ-UHFFFAOYSA-N,4.8628476808507335,5.088395374136267,4.349505319875293,4.97253549948779
OCNT-2313393,JTFCFWFAKZPANV-UHFFFAOYSA-N,4.550980157408264,4.45863699597871,4.6522668858816525,3.865748477433325
OCNT-2313401,CFKFIYOZBUCKGU-UHFFFAOYSA-N,5.130887818200544,4.366028414573935,4.748452916018052,4.757898838737607
OCNT-2313421,UEZFUSJYOQQFGV-UHFFFAOYSA-N,5.432151076597699,4.409391324080603,4.051804892971631,4.15571061581793
OCNT-2313433,QSCFSMUONJJUJB-UHFFFAOYSA-N,5.5021870662249,4.962423533035262,5.207570501570132,4.9974960598765215
OCNT-2313460,PPLFVYMZLYWYGR-UHFFFAOYSA-N,5.508476181467288,4.742960248087076,4.707463150227142,4.767380195866621
OCNT-2313504,RUWDIHYCVZUURS-UHFFFAOYSA-N,5.4895147336338646,5.21916201948997,4.358438200358474,5.373808928105649
OCNT-2313509,YTUXANBXYDOALA-UHFFFAOYSA-N,4.13564776897732,3.9483184429146627,4.970781415502882,3.368336547785325
OCNT-2313515,AMFIZLVJCNIIFQ-UHFFFAOYSA-N,4.396248717003409,4.489816432345337,4.452585485195972,3.362942887873172
OCNT-2313521,KAIWQGPNSLOCDD-UHFFFAOYSA-N,5.023208352640096,4.666706176665115,4.651694652094247,4.356990573130313
OCNT-2313522,NXAQFXFUPZLHKK-UHFFFAOYSA-N,5.080695400124125,4.902099949505953,5.2896449202023526,4.600622411504707
OCNT-2313532,DBEMDJCSEVHWPT-UHFFFAOYSA-N,5.637219476105239,5.1175612631717025,4.08949053003438,4.6521761627368186
OCNT-2313558,OIPJIZBECNFXGT-UHFFFAOYSA-N,5.16400656042258,4.5122209342429835,4.8293670484240865,3.9221423382385434
OCNT-2313567,DHNZZMXDGCZABY-UHFFFAOYSA-N,4.404211142517523,4.408527116974288,5.020236348837197,3.9151396811556007
OCNT-2313581,RJDNHGAQACJKRG-UHFFFAOYSA-N,4.7441640876378575,4.31191504332828,4.552043205481301,3.44597832051758
OCNT-2313639,UUDRQUDXXFGXLQ-UHFFFAOYSA-N,4.586065595205676,4.33439425322423,4.534246872415329,4.399474776385514
OCNT-2313642,GGXUBOXSDLLLRW-UHFFFAOYSA-N,4.7115895182937,3.8749252245399712,4.530781721853672,4.036527221492184
OCNT-2313643,YQHXRQUOFRLUFK-UHFFFAOYSA-N,4.090086398830627,4.457799016082493,4.257560445022908,4.070879029145538
OCNT-2313645,FRCQMDKKZZBGTP-UHFFFAOYSA-N,5.1997372570544185,4.931880732517988,4.676553483925487,3.569409654701319
OCNT-2313652,CEMCKNGTJNXVBU-DNVCBOLYSA-N,4.652325306071196,4.471867580406737,5.090693843366807,3.760805363200745
OCNT-2313664,PDHFEWSJRAAGIE-GUYCJALGSA-N,4.245386015857362,4.300214953852648,4.855418317275424,3.1714232546613657
OCNT-2313666,SSOPMQGHWIWDLU-UHFFFAOYSA-N,4.636575321626372,4.063381637311313,4.8047409987104475,2.558363695471321
OCNT-2313667,NWIQZCQGBSFWSR-UHFFFAOYSA-N,4.337583872529335,3.896400704928851,5.132335113005467,3.679661287986052
OCNT-2313671,WGKDQQWFANDLEP-UHFFFAOYSA-N,5.07036187927623,4.413606516795262,4.232006144916134,4.376894630952486
OCNT-2313675,YDFOSAZBCLLMBO-UHFFFAOYSA-N,4.2896867670727525,4.490519091804495,4.025050013152141,4.259055086954797
OCNT-2313684,KTXGZAHGTOTYGL-UHFFFAOYSA-N,5.473497779389448,5.193638326153991,4.86747089553209,5.288701036040563
OCNT-2313708,NDFPYBQHVQZPMN-UHFFFAOYSA-N,4.347397473495515,3.625540821066157,5.083761891946425,2.828781014399357
OCNT-2313710,BIFLDVCMWKAYEW-UHFFFAOYSA-N,4.355548046064014,4.827336329711319,4.725267311108986,4.5392077046872075
OCNT-2313789,OORSXFVBXLFCHO-UHFFFAOYSA-N,5.352256457646797,4.910854241895513,4.732813922454091,5.025452244503784
OCNT-2313792,UFRFFDWQHAVRIU-UHFFFAOYSA-N,4.716695657339224,4.584134143745519,4.435599768169074,4.39171404433961
OCNT-2313804,UTFJVWIFVHWOCG-QMTHXVAHSA-N,4.913572387065752,4.188037305366532,4.492840583419088,3.614116232203187
OCNT-2313808,MKQBWARPRLEMRM-UHFFFAOYSA-N,4.646319060566424,4.248853069584426,5.2385063856363265,3.37725306415025
OCNT-2313826,OSJLPZDRGKVMAN-KBPBESRZSA-N,5.1123036526960846,4.287087542870605,4.531573551655606,3.7127137419695795
OCNT-2313839,GPJFIUFMOSAZGL-UHFFFAOYSA-N,4.085300064943289,3.907399614450718,4.824576852470268,3.297163105689792
OCNT-2313845,CEZWATQPKVMJIE-UHFFFAOYSA-N,5.4052538562989545,5.081673891957531,4.931361488373031,4.7747936979329495
OCNT-2313867,XCJBZSLPRJLGAD-UHFFFAOYSA-N,4.558430394283232,4.825446376892685,4.61764397429466,4.802823231420539
OCNT-2313871,LYIQMTLUFSULDO-UHFFFAOYSA-N,3.9804547852102288,4.386511258625531,4.76412227237681,3.9567659459493303
OCNT-2313887,PEIDMFGKYSEABD-UHFFFAOYSA-N,4.116178173615714,4.657532424132785,4.358468776810433,4.1779681817522505
OCNT-2313897,QVFHSMGCYHVHEX-UHFFFAOYSA-N,5.1752603030324495,4.558068875406654,4.664763098942036,3.9374400002851195
OCNT-2313909,UZRQOSFDZJTFGF-UHFFFAOYSA-N,4.262843010344655,4.694365626521086,4.263079051896896,4.540261857368292
OCNT-2313910,LSRTWYOTIFENKS-UHFFFAOYSA-N,5.1161555084208175,4.544387680810592,4.832716774871146,4.6352801728843
OCNT-2313912,MFQUCJFOGBKLIU-UHFFFAOYSA-N,5.010470175761001,4.527407983204134,4.631346595973677,4.473217829395472
OCNT-2313939,LCJHPXYBKAHYBP-YPMHNXCESA-N,5.121950648703699,4.478130075145777,4.6265602006650814,3.07424419366835
OCNT-2313944,NUKPHKXLLJXVFK-UHFFFAOYSA-N,3.7653088087404423,5.125729322971992,4.954469243285335,5.061868593390845
OCNT-2313949,HYDMJJIQJHFVMR-UHFFFAOYSA-N,4.344741968433357,3.705383006687115,4.659803825557641,2.212446116622479
OCNT-2313954,WGRJKHRILGAHPP-UHFFFAOYSA-N,4.694577504967936,3.8027136865740063,4.894629014333195,4.186092809094317
OCNT-2313984,CVPBNALLHHKCFW-UHFFFAOYSA-N,4.762244349724,4.846988757978759,4.687054936296229,4.14467558898203
OCNT-2314011,UXHPOOLMZAWLIS-UHFFFAOYSA-N,4.841213941493814,4.8424112257862575,4.975772794611983,4.901191268583322
OCNT-2314017,LEQSLZQFYHLUIU-UHFFFAOYSA-N,4.856091738862847,4.650993107395348,4.881507335884405,4.993679114056806
OCNT-2314033,RJCXPEGJXBHJKB-UHFFFAOYSA-N,4.0661349955141795,4.142192078141721,4.665368863824592,3.3169618568278016
OCNT-2314036,GJSVSPJKICEEPA-UHFFFAOYSA-N,3.832780162735993,4.270417955624922,4.201707221017548,2.71260335911577
OCNT-2314041,ZUYXKEDIFSQYBY-UHFFFAOYSA-N,4.942726282581029,4.187633045059251,4.676088524781221,3.905833315191115
OCNT-2314054,VQVPXYROELRNLE-LBPRGKRZSA-N,5.4651548534203345,5.243393724694065,4.020301537760089,5.137407574950794
OCNT-2314062,NEGKAPWDJURIMH-UHFFFAOYSA-N,5.51185451646693,5.301731207069457,4.799267746137449,5.387920492397417
OCNT-2314067,BBVBTGGZKHONFX-UHFFFAOYSA-N,5.238552301700142,4.842282576268578,4.9909307741730595,4.78540679191178
OCNT-2314073,DIYUFBAIKTZZNR-UHFFFAOYSA-N,4.257895568313106,4.5344219177295155,4.681474267081286,3.5755513058299977
OCNT-2314074,GHSVIASTMJPJAL-UHFFFAOYSA-N,4.440837158284135,4.086357835213739,4.294541508004393,2.7834245486260927
OCNT-2314127,ZWKPLPQOZQTTCU-WDEVSDKISA-N,5.032154630269032,4.545448583401892,5.088877172154865,4.279061174320584
OCNT-2314135,UHKMGEDTTFFMSI-UHFFFAOYSA-N,5.473338107785216,4.829802599806134,4.838956073744366,4.302181641926001
OCNT-2314148,RVTZNVLWCXLJPL-UHFFFAOYSA-N,5.017705033038625,4.820371253532272,4.603207673038642,4.708692363358694
OCNT-2314151,LXJKAAXWGFNAFK-UHFFFAOYSA-N,5.246206209257086,5.2304341821811855,3.9853612349193788,5.497804581252941
OCNT-2314172,VEUVBVWSGSYXGX-FZMZJTMJSA-N,3.5883594107074743,3.4736806373212907,4.06571018339418,2.6491871642905354
OCNT-2314176,ZERPZYBRMRUZEU-UHFFFAOYSA-N,5.173745369921574,4.446140911763491,4.822456328742493,3.864852718960606
OCNT-2314182,IVCDGKPHARCRJC-UHFFFAOYSA-N,5.619795471434636,4.844457216702429,4.2533041588819795,5.202648899977121
OCNT-2314199,JATURAANLPDRKL-UHFFFAOYSA-N,4.871777136862754,5.428316587209606,4.300743941061236,5.223765025837251
OCNT-2314210,MVNQOYNSBTYFJP-UHFFFAOYSA-N,5.4160807586051884,4.66036153865247,4.191804855162475,4.4741035679564485
OCNT-2314213,VLJKAMHQYUPXEX-UHFFFAOYSA-N,4.181238071955305,5.081284701389498,4.007253598321899,4.99419166994031
OCNT-2314215,DIPOULUMVHFNBF-UHFFFAOYSA-N,4.476377942565516,4.8706977751163665,4.44581933695499,4.909602502733608
OCNT-2314254,PNZYMSWQEYPOPA-UHFFFAOYSA-N,5.1935900720726185,4.844254316602259,4.591932135927225,4.73934071289747
OCNT-2314266,VHVGLSGEIFKTCG-UHFFFAOYSA-N,5.077751956046403,4.3965017019105455,4.767534821398281,4.34300559703198
OCNT-2314267,KLULEELEFHAFLA-UHFFFAOYSA-N,5.152511909711113,5.041602716715588,4.590456367361799,5.055070938863554
OCNT-2314275,UOAZSMRAKRPPSF-UHFFFAOYSA-N,5.2981695912168165,4.90397059968439,5.66103907870397,4.557740343974839
OCNT-2314279,NVQLRNPGJMCFJN-UHFFFAOYSA-N,4.93951174925484,4.606074069248602,4.836567767909312,4.17570823291211
OCNT-2314283,LKHLFUHYEJGOEG-UHFFFAOYSA-N,4.069148399430037,4.886955614074073,4.5103069544076035,4.86936160574779
OCNT-2314295,KFADPKUTZZVLIQ-OAHLLOKOSA-N,4.392803887337057,4.9009588634132335,4.670115262131801,4.423462088906962
OCNT-2314306,FAIPFRSDTGEWBZ-UHFFFAOYSA-N,5.085247870180232,4.713431258389667,4.054480229579271,4.571589502697331
OCNT-2314310,CRRWDCQIGUFMTL-UHFFFAOYSA-N,4.571782674601591,5.330019040383129,4.083984969742607,5.077644270191647
OCNT-2314321,WDVWPZGOCHWSJT-ZETCQYMHSA-N,4.947296956315995,4.370566759821073,4.301501887616999,3.5159164276848913
OCNT-2314341,KBTGNWQIXXNKTI-UHFFFAOYSA-N,4.2341881564922765,4.1330867224954,4.807408909750642,3.119580196371474
OCNT-2314354,MILIOGNESIKGOH-UHFFFAOYSA-N,4.619528836835707,4.269534017467645,5.058396954606754,3.784007551058841
OCNT-2314381,AVLOASHADGUSOL-UHFFFAOYSA-N,5.157614127752034,4.7561595471870985,5.064616875799841,5.37254430414686
OCNT-2314387,ZPNRFLVQUATPER-UHFFFAOYSA-N,4.914524474510578,4.873448274578028,4.674529473463092,3.9876646228953754
OCNT-2314397,UAHSWNYRQYPIEV-UHFFFAOYSA-N,5.247127029208119,4.379208469286406,4.776671262334062,4.589802984402931
OCNT-2314402,XTZRHLYNKPNFJU-UHFFFAOYSA-N,5.717881656042211,4.902883288497286,4.819411683951017,4.814270694070928
OCNT-2314405,BFEUJJDBPNVUAZ-UHFFFAOYSA-N,4.968736690994078,4.850694175638104,4.655524889933799,4.938424478578939
OCNT-2314433,PDCGVJNVWODTOB-UHFFFAOYSA-N,4.8711797192220185,4.571557555764384,4.780640013865624,4.543083112883497
OCNT-2314454,XXQZZAVTJKDDAX-UHFFFAOYSA-N,4.6261218493380865,4.188541639515598,4.2276462568907744,3.1132731167395837
OCNT-2314482,SCENQOKIKYBZGN-UHFFFAOYSA-N,5.364225009162517,5.016108623642458,5.002420925209042,4.559178878218949
OCNT-2314502,UPDFXVMQTKYTKC-UHFFFAOYSA-N,4.759275578091007,5.43584456042346,3.5667807218143954,5.503398693876077
OCNT-2314524,LQVTYUIEGKMZHO-UHFFFAOYSA-N,3.9786477391304413,4.510088059849558,4.561067369176292,4.407103526605885
OCNT-2314537,DSQFTSWIPOKTPP-UHFFFAOYSA-N,3.197103609310408,4.217839630303363,4.09419269689275,3.505560797450069
OCNT-2314539,CDMXNTHBKPPMIJ-INIZCTEOSA-N,3.944016406296914,4.329711126636615,4.744970620560541,4.462782395823426
OCNT-2314547,LATOOSZSOUGHJE-UHFFFAOYSA-N,4.463377500350775,3.971243236982219,4.442250882877839,3.6368130054350822
OCNT-2314559,BRLCJROZNOOQAY-UHFFFAOYSA-N,4.792551147309072,4.736460488101736,4.553097956437417,5.127595480132394
OCNT-2314574,VMMAOGVIBOQCRR-UHFFFAOYSA-N,4.0645969455786295,3.9478188007987645,4.356192808488236,2.6353296960605515
OCNT-2314575,LOQPWSNDFNSRCO-YOEHRIQHSA-N,3.8817044294883747,4.245812742945791,4.43708039380615,3.850968907742792
OCNT-2314586,SMPWASMRDISMMM-INSVYWFGSA-N,3.3933400539916816,3.6161607259670903,4.454799956159804,2.6096677662987786
OCNT-2314588,SGAGKBYBXBBBFW-UHFFFAOYSA-N,4.979583347274551,4.8843120806754206,5.356446712001783,5.20609079771104
OCNT-2314592,QKNOSEMAOFCOMM-UHFFFAOYSA-N,4.560726850112434,4.381420456282557,4.626100991174465,3.502115305746288
OCNT-2314609,RASBLIZWRZHKCZ-ZDUSSCGKSA-N,4.656081888421795,4.234800793254176,4.689261932314812,3.536680813052095
OCNT-2314616,HUIABVFTVYHWJJ-UHFFFAOYSA-N,4.432958773455477,4.283697923915065,5.086072874237454,4.050767311931274
OCNT-2314630,LSLIEHCSXLSEBB-UHFFFAOYSA-N,5.025437593638679,4.59220156879938,4.487442186669142,4.091614083494815
OCNT-2314632,LAXFUTMBNOBLAP-UHFFFAOYSA-N,4.6183571083530035,4.0135633222709215,4.5514670034228955,3.1172133006509775
OCNT-2314682,PHJZMKYHWKGXEO-UHFFFAOYSA-N,4.696610701036914,4.477801794527762,4.953073585678926,4.546891233751476
OCNT-2314683,GKYGLOCHFIRIIR-UHFFFAOYSA-N,5.110405801761406,4.983917175860852,4.088907554798894,4.963089068480963
OCNT-2314705,PALLJXRWIIGYCG-UHFFFAOYSA-N,4.284800892198015,4.25787622599553,4.4520766502384586,3.3731522166399746
OCNT-2314706,QXPYQRMVAGAKQV-UHFFFAOYSA-N,5.543903615851033,5.572821546169777,4.248180380044964,5.417525309582973
OCNT-2314724,RXXQUZGRACSXLB-UHFFFAOYSA-N,4.6964369785665045,4.427192081591081,4.7392483028511645,3.1702813184339
OCNT-2314726,USHNZYKNXBMNCZ-UHFFFAOYSA-N,3.268687359068881,3.5767293312716473,4.788594652155735,2.896144377797885
OCNT-2314744,RDICYFQRZMFODS-MFKMUULPSA-N,4.510201996432779,4.384890285302521,4.7456981342683235,3.9606265224460873
OCNT-2314750,HDZXPBGQDAEJGU-UHFFFAOYSA-N,3.6158254610962923,3.3992764191392815,4.838448562641246,2.9593756407668113
OCNT-2314759,YWMOZLLJWDAVMV-UHFFFAOYSA-N,4.38945167424268,4.5676606532871045,5.067998444155073,4.540679306667718
OCNT-2314770,CVYZOTQELJXXRO-UHFFFAOYSA-N,4.563948793479544,4.250174686184811,5.170048835831809,4.3557166604714554
OCNT-2314796,QWGZRNQOLUAEIB-UHFFFAOYSA-N,4.4099554194710056,4.9188023822646105,4.8016499039296345,5.275087316085217
OCNT-2314805,OWUMXLCYZSGLOQ-UHFFFAOYSA-N,2.8946046315275455,4.474560405758147,4.82042837875643,4.95362859367891
OCNT-2314816,UVTFRJCSVXDRSZ-UHFFFAOYSA-N,4.570848425860115,4.3863833904380805,4.553298119474305,4.114254672602735
OCNT-2314820,YDZMNLGKLZGCSU-UHFFFAOYSA-N,4.951957702181758,4.648297818457267,4.560050992437228,4.570974504547175
OCNT-2314853,PUEJSMDTGQUQIA-UHFFFAOYSA-N,5.033520098391264,4.528542173409091,4.6376464006159654,4.769410193483591
OCNT-2314859,GTHFTMXIWHJARY-UHFFFAOYSA-N,4.778615011615647,4.738015093285248,4.957635626753757,4.580313994338042
OCNT-2314864,IZSWTCQKDZJSHD-UHFFFAOYSA-N,5.650635580559612,5.500020360346342,4.977077021269696,5.281429657219038
OCNT-2314866,PUVFNUJBXLULQY-UHFFFAOYSA-N,5.014525262179763,4.142525667201191,4.6287263709862945,4.392524356898108
OCNT-2314875,KLXUZEOQTNJRRF-UHFFFAOYSA-N,5.279419849854843,5.032187215691895,4.174053472680835,4.991990885806408
OCNT-2314895,KNTPHJCKWPHKJW-UHFFFAOYSA-N,5.149768460787699,5.255774497322151,4.312942789417896,5.096105745695653
OCNT-2314899,NZQDVNRULUOBED-UHFFFAOYSA-N,4.475520020835155,5.145917785496212,4.063689700356639,5.161854784027275
OCNT-2314929,WYRQUHYUCVJXLF-UHFFFAOYSA-N,4.863877930072803,4.216467256223584,4.341257344235739,3.516222487077362
OCNT-2314960,CTBCAGWGSNTRHE-UHFFFAOYSA-N,4.849330008767338,3.8509260948321407,4.962393001747926,3.7787964770580027
OCNT-2314992,ZBKBXXMIEOKEDU-UHFFFAOYSA-N,5.7092416306473,4.657030316940945,4.427611396781379,4.875985210002401
OCNT-2314993,PHELUAMDTXQCHI-UHFFFAOYSA-N,3.3873462842315223,4.014305141348579,4.57590232548169,3.320334555222839
OCNT-2315001,BXAIWANBKAGJGC-UHFFFAOYSA-N,5.533253029563628,5.078093095458295,4.404033953046964,4.249870719807253
OCNT-2315007,KPZHOTAFRDKLBB-UHFFFAOYSA-N,5.087245769049286,4.407874352815448,4.682246636880954,4.380113368217562
OCNT-2315036,BUVFEHNROMUBNS-UHFFFAOYSA-N,3.870336209955,4.054036419669029,4.949110157616008,3.7381083128189165
OCNT-2315050,VXFXFMMWFUFBAR-JOCQHMNTSA-N,4.81807716956463,3.780482219752885,4.642084080754678,4.52326347607226
OCNT-2315056,LBCJOUUDNYKSSR-KRWDZBQOSA-N,4.073845472484872,4.507389741154868,4.448029248359586,4.403211488406337
OCNT-2315079,YCHNKCQNPQJYSD-UHFFFAOYSA-N,4.0690211765803825,4.193013203312499,4.9759697217513,3.597509322670251
OCNT-2315082,WCQPNTIVTWMJSZ-UHFFFAOYSA-N,4.592781100178301,4.648454007744859,3.9873474440149326,4.039557988542591
OCNT-2315103,FWQGELGUVIJUCC-UHFFFAOYSA-N,4.277671956218143,4.681410867063921,4.667584927033878,4.377735096727307
OCNT-2315126,VJHDBUJUYUPJJI-UHFFFAOYSA-N,5.6062828110193585,4.577244036215516,4.154695518783333,4.2329126446181515
OCNT-2315131,FDGLXIWOBFIFIJ-UHFFFAOYSA-N,4.105077909813371,4.796915416611368,4.672212844152877,4.316594814895613
OCNT-2315133,AHQNKQQOLTVRAI-UHFFFAOYSA-N,4.613083832863343,4.454661534882256,5.12597705791913,4.241972367575532
OCNT-2315149,YCVRUZSBJRNHDW-VQIMIIECSA-N,5.273820924576133,4.943628351606328,4.670076540323676,5.011266877810023
OCNT-2315153,FEROKVSYPLWBAJ-UHFFFAOYSA-N,3.555173359966614,4.491861427245801,4.3237072715266365,3.7097331205532833
OCNT-2315165,PJVFRSPLCNBIGM-UHFFFAOYSA-N,4.384055232249792,4.269713532675099,4.718795893630636,3.0938499875637464
OCNT-2315172,SUGLTFAJWIOHPU-UHFFFAOYSA-N,4.456625769243309,4.631611303476506,4.879631585632748,3.782739999631332
OCNT-2315178,NMGBMHHLXGGQSX-UHFFFAOYSA-N,5.262678943425191,4.589056983849083,4.561213610836997,4.247639225060029
OCNT-2315186,MVVQOOQOXKXXNX-UHFFFAOYSA-N,4.829766249887545,4.617427082977446,4.681036435708708,4.499674499283396
OCNT-2315195,NMOWDWMKIBNABG-UHFFFAOYSA-N,5.186588916534183,4.7332011815606485,4.2437574594729615,4.98990461399971
OCNT-2315200,XDSNDYXIMICPRR-UHFFFAOYSA-N,4.217471602298074,4.948773926427885,4.501085121015941,4.27915793979891
OCNT-2315201,FLSQQEOSBFMSDU-UHFFFAOYSA-N,5.02599634353497,4.723924610890277,4.938257193800447,4.664484161310869
OCNT-2315213,DGRCPXUHDLNDFW-NSHDSACASA-N,5.15346985563501,4.335963996948739,4.738705805427072,3.5013854661254293
OCNT-2315226,HRGHCIWBUYKSCA-UHFFFAOYSA-N,4.631724723817876,4.755481067419399,4.7650823450588415,4.7074825250818995
OCNT-2315252,WXHNIZSHBMNFPP-UHFFFAOYSA-N,5.273340818904766,4.930101902317126,4.800326584888691,5.473499440161244
OCNT-2315259,FKGZTTKABGMFKO-UHFFFAOYSA-N,5.563148000004972,5.047076794840186,3.7029816223128136,4.774550107120899
OCNT-2315263,MZFRIUHVVSLKNK-UHFFFAOYSA-N,5.386594108921345,4.57767925130022,4.499639360204725,4.380336751161013
OCNT-2315296,HZJWQJHQWQCMTO-UHFFFAOYSA-N,5.2899344161614446,5.333360484002891,3.576945399223394,4.939503394877117
OCNT-2315308,LKYSPIBWGJDZSC-RDJZCZTQSA-N,4.789669557543701,4.072512788405659,4.72580045939652,3.542276893891989
OCNT-2315329,RASGZHDTHAJHKS-UHFFFAOYSA-N,4.369552802103478,5.035148828404913,4.139737912680872,4.6892037613068505
OCNT-2315331,NVIPJYUDRHGQJO-UHFFFAOYSA-N,5.070774277719903,5.252795786560757,4.28866690583386,5.147487339014969
OCNT-2315333,CJHXDOWULUIHLK-UHFFFAOYSA-N,4.720264903522181,4.535942816359431,3.934623313748007,4.715035534838983
OCNT-2315338,DJMHLIDBQJJDOT-UHFFFAOYSA-N,4.832032796477883,4.706878792210499,4.603857023561359,4.787579414993537
OCNT-2315342,AJLGKZFVBQWOMF-UHFFFAOYSA-N,4.471301885969808,4.398006954657359,4.66596417369593,3.707893361910908
OCNT-2315349,WFVSDBTXMRGQAP-UHFFFAOYSA-N,5.526009240100209,5.274074942801838,5.179140095585892,5.431214819481228
OCNT-2315363,YBMMVWJJHJIUIW-ZIAGYGMSSA-N,5.020423791904428,4.167850108851378,4.622172248407915,3.8279288303862633
OCNT-2315371,YVQWEUNHKAAVOA-UHFFFAOYSA-N,4.331470782663393,3.931909606977957,4.100367316876717,3.5431950584214436
OCNT-2315417,FQTOHOCJEYDRRG-UHFFFAOYSA-N,4.428135979725503,4.318987765176663,4.647057756961475,3.7582840022205515
OCNT-2315433,KBOZBGOGXVJYQF-BRQZFJGMSA-N,4.329449144127733,4.262666309065578,5.135186128977321,4.603742758354282
OCNT-2315444,LINUEMAWVXHAKO-CRAIPNDOSA-N,5.149052651083509,4.831291526816387,5.15050966514214,4.447945234862146
OCNT-2315460,FROSMHXGVUTODR-UHFFFAOYSA-N,4.345486607776628,4.287159237882282,4.383211322565129,3.788096359570651
OCNT-2315505,HLRHRWSRSVLASR-UHFFFAOYSA-N,4.902840252120566,5.220850613310426,4.862421863772759,5.248510462777036
OCNT-2315508,UERZMAGKKQJDCW-UHFFFAOYSA-N,3.5807614778000745,4.484492767497152,4.67349023503912,3.4690359756012374
OCNT-2315514,IUZLYQRADKSHLN-UHFFFAOYSA-N,3.856343655267388,4.823143987260831,4.655899212976729,4.53214146954199
OCNT-2315543,GHBJCJPSHWBOJK-UHFFFAOYSA-N,5.3990562124914225,5.004144888547664,5.247894798384615,4.743074759235515
OCNT-2315568,GCZWMXIZJQSSJV-UHFFFAOYSA-N,5.268833167542827,4.553519516836051,4.6221498365536435,3.4774687934804365
OCNT-2315583,HYJXGOGSQCUIGI-UHFFFAOYSA-N,4.842225263266454,4.79187554368715,4.822227704314449,4.746785168130946
OCNT-2315589,QAWOQFIMBHMFMT-UHFFFAOYSA-N,5.6990410369606,5.334905235780529,4.171520750370255,5.16461955086896
OCNT-2315610,RUAGYLLVGYPLQJ-UHFFFAOYSA-N,4.380141977131716,4.158092002759416,3.8396030376465493,3.9016560426941624
OCNT-2315611,GRHXBVIMQMYABG-UHFFFAOYSA-N,5.608724908044884,4.715754404914547,4.34087839998836,3.856876049003991
OCNT-2315615,PERIRYDITADLRX-UHFFFAOYSA-N,4.111844341583709,3.8545617919142208,4.598031261574657,3.343427223390356
OCNT-2315618,OQNXHUMGKSWJDA-UHFFFAOYSA-N,5.680733097687614,5.092595764476026,4.547270409044333,5.2148175320393495
OCNT-2315621,DUVALDLJIYQNBJ-UHFFFAOYSA-N,4.759072100728364,4.436332618503734,4.596884348488784,3.808149573645909
OCNT-2315654,OLJFNVZJUWIQBA-UHFFFAOYSA-N,4.099480823563101,3.847727324054544,4.984345580891454,3.09183841835973
OCNT-2315684,PDLOAELCEZJLJG-UHFFFAOYSA-N,4.435377986403263,4.637971817005005,4.666013598626107,4.043601413364951
OCNT-2315688,QJHGNLFVGCRXSJ-CQSZACIVSA-N,4.506266322914929,4.005870673364952,4.8406210987497715,3.2302962388859555
OCNT-2315690,CCOWGWCBXJNVNW-UHFFFAOYSA-N,5.073101795142182,4.959103658907214,4.627774506622856,4.7587707433057505
OCNT-2315702,SLSYBPBKTDBVFO-UHFFFAOYSA-N,4.230649854672751,4.025008492159034,4.591805901630073,2.5458800451239947
OCNT-2315727,BKVJWZUCLLNQBZ-UHFFFAOYSA-N,4.681523859124915,4.448339939177892,5.174370653351846,4.265604676701641
OCNT-2315765,RNTOIGRBODRYSF-UHFFFAOYSA-N,4.745265284201913,4.901277283645109,4.167005621049512,5.126955210280572
OCNT-2315778,MHUIEAVAYPDUIK-UHFFFAOYSA-N,4.788252010639017,4.915348795511775,5.073155083381501,5.005419766747277
OCNT-2315779,VTXNZXOBDCSWOG-UHFFFAOYSA-N,4.245133895620562,4.409122208471354,4.3988401271773165,3.9779208373092207
OCNT-2315780,ZUWJKCQLZRWURZ-UHFFFAOYSA-N,4.578360506709798,4.654937094753188,4.354703774623477,4.620432477084372
OCNT-2315799,KSABBJQXOFJFMB-IEBWSBKVSA-N,4.400455693906139,4.660844981072563,4.901820015952801,4.520211186861045
OCNT-2315832,RKIRNVHTEYUZIG-UHFFFAOYSA-N,4.773221407852738,4.528884102171184,5.120905984179758,3.8201919238767066
OCNT-2315840,LAIDWRUPIKZGLH-UHFFFAOYSA-N,4.535747297154297,3.9908109038089,5.232257601652709,3.3878690852019466
OCNT-2315851,ABEXPSKBOVMHEU-UHFFFAOYSA-N,4.384924916993339,4.554493980905508,5.017284730051514,4.924643930362259
OCNT-2315865,GNYQIMZCLGCRDQ-UHFFFAOYSA-N,4.740978881862668,4.972722523325129,4.636977571026876,4.853669038332244
OCNT-2315870,COGRYNSHDIJCGF-UHFFFAOYSA-N,4.718324744871225,3.9847495340467978,4.709248434071538,2.8142349109487594
OCNT-2315878,OAKQXSLAVRBBFO-UHFFFAOYSA-N,3.924628647826598,3.944079901721914,4.673278599836538,2.774427113132206
OCNT-2315893,NJWPFCZHUWORBI-UHFFFAOYSA-N,4.804513589302961,4.35894274948843,4.77019384175812,3.481623981673973
OCNT-2315895,XSYKQYURMSKXHU-UHFFFAOYSA-N,4.640988683754016,4.041370480569846,5.0156617376260515,3.583991916728411
OCNT-2315903,AUWZLAUAWCSWCW-UHFFFAOYSA-N,4.872368946323821,4.294701523660772,4.907959708313961,3.875714480393649
OCNT-2315906,FJQDILFBCXCGIP-UHFFFAOYSA-N,5.631167109464121,4.591848028021955,4.473490891970869,4.337501748458133
OCNT-2315908,WMYCJMKODWMDQF-UHFFFAOYSA-N,4.977543831939513,5.1098287742770365,4.816556854190229,4.725462154369148
OCNT-2315912,OCEJKASXGMZNKH-UHFFFAOYSA-N,5.056792388072784,4.651784512733822,4.613007590008876,4.265917518824195
OCNT-2315934,FFOPUDGTPLZMOT-UHFFFAOYSA-N,4.8361238121989265,4.559292775984437,4.863368937925738,3.7610361900586993
OCNT-2315937,RVDWAGALOWZBAV-UHFFFAOYSA-N,5.061320519272943,4.580298950458132,4.918615755778568,4.516785943174088
OCNT-2315945,BSDLDEUSTRLQEY-UHFFFAOYSA-N,3.251640588272133,3.748530687746726,4.30764877220638,3.609229870647621
OCNT-2315946,MIOSQEBNSUQYQJ-UHFFFAOYSA-N,5.186303978316112,4.790869837826418,5.257870385866549,4.283299084075444
OCNT-2315950,SQUDKELOJLLRRO-UHFFFAOYSA-N,4.630646367768242,5.1686456807484396,4.357115717536505,4.83201766170074
OCNT-2315965,OGVLLYXHLIYWNR-UHFFFAOYSA-N,3.513548134130218,4.209138411135809,4.734336945415862,3.4239250685012186
OCNT-2315982,WSRRLCNILMYAGW-UHFFFAOYSA-N,3.418722573097897,4.392617322871682,4.241204430594636,4.423662778293942
OCNT-2315988,KDWINTKNCFXETQ-UHFFFAOYSA-N,4.326143527781509,3.882258782141555,4.665227168068195,3.77694226756301
OCNT-2315990,HDIABXPHKYTLHK-UHFFFAOYSA-N,5.119955626360054,5.405129450711583,4.923459762851419,5.372405812712596
OCNT-2315991,OXEBQHUGNKQHBU-UHFFFAOYSA-N,5.523088846615401,5.062119032323874,4.678296943250795,5.138604686666368
OCNT-2315992,PHMDDIHADNUCSF-HZPDHXFCSA-N,4.389251513849355,4.408109776583205,4.992648254289388,3.6171466881876246
OCNT-2315994,LQLLHNXDSQWNGR-UHFFFAOYSA-N,5.373998394447374,5.343109723731064,5.245020783424338,5.79868861952659
OCNT-2316037,XGQFKAWKVLIBAF-UHFFFAOYSA-N,5.217592128998541,4.434892457955181,4.599210763568078,3.8610114284394816
OCNT-2316049,WDWXLGUKGPSCJB-UHFFFAOYSA-N,5.242792455894604,5.22166589068885,4.868547083748459,5.323072831760621
OCNT-2316070,JGORGCVKTVDGCF-IYBDPMFKSA-N,4.441647371340968,4.481845152400618,5.035548009529982,3.859488473941535
OCNT-2316093,GGQJTMVJNYFFAV-UHFFFAOYSA-N,5.2492801468393155,4.868779286868631,4.78906226104377,5.139953392150845
OCNT-2316110,XGAWENUTRCFJDI-CYBMUJFWSA-N,4.5716299846833754,4.462809045196286,5.268294798746066,3.5125644769297284
OCNT-2316121,HBIXLLBPTHZDRI-UHFFFAOYSA-N,5.239266142783424,5.455487133032523,4.886656366276113,5.227662757783771
OCNT-2316132,GUDHSXTUPPEPPK-UHFFFAOYSA-N,5.515526205796857,4.333954186009807,4.530539982346815,4.253488261698687
OCNT-2316141,NLJQZNHEMSUVFB-VQIMIIECSA-N,4.219293083766855,4.041941263325957,4.680636298696195,3.8220082525846855
OCNT-2316170,WQSJTLOSKGORSG-UHFFFAOYSA-N,5.001676202273128,4.716919525760204,4.742536370571191,4.569632686664581
OCNT-2316180,CLOQRBMETQXCIE-UHFFFAOYSA-N,5.302721336860839,5.054109743261811,4.948858630759898,4.7641177219363104
OCNT-2316181,JMYYWDLLJQSPOB-UHFFFAOYSA-N,5.4478250435901385,4.744779239915716,4.291649289943503,4.657734800478054
OCNT-2316196,UPXQXMXYQKKYRX-UHFFFAOYSA-N,4.253384131517939,4.0577582178131335,4.705448278235125,3.3114938359242885
OCNT-2316204,IAUITTZWSOAVCK-UHFFFAOYSA-N,5.160228003387657,4.696393937650276,4.682635278254449,4.79674487277697
OCNT-2316207,UDWPCCDEHUZNNF-UHFFFAOYSA-N,4.804785250431537,4.666330666888651,5.440612548746573,4.440302593872335
OCNT-2316216,RUVPZLYIFRKSKE-UHFFFAOYSA-N,4.65283748458479,4.274245022435946,4.94018006914628,3.7990505830453554
OCNT-2316225,FAADDWZKJJDRAC-UHFFFAOYSA-N,5.58813384204663,4.605830408898932,4.580148596010906,4.873737351915388
OCNT-2316228,WXMVGDCAVYRQJH-DLBZAZTESA-N,4.630904467846317,4.564627960348905,5.2489007614570244,3.8981955248365723
OCNT-2316252,PQYPFFASSMZDMA-UHFFFAOYSA-N,4.534810656290873,3.9285998079987436,4.958175514689424,3.5114420181930996
OCNT-2316255,TXHULZCABKAZOB-UHFFFAOYSA-N,4.284953258053971,4.166172691470712,4.5779125129932385,3.572328426155025
OCNT-2316270,FQIGRACDNIOPES-UHFFFAOYSA-N,4.770385553021095,4.278661015384013,4.434743341624592,4.117630129367168
OCNT-2316287,SIPKZGGJKLNGKF-UHFFFAOYSA-N,5.312319808115504,4.7722239882576805,5.199359337846083,4.572422119842902
OCNT-2316305,ZQWNBUUGCZZBQG-UHFFFAOYSA-N,3.8669204963682544,3.595736512152079,4.883966057195231,2.5952074857258425
OCNT-2316311,GXYHSKJJUTYTCB-UHFFFAOYSA-N,4.281553118490813,4.88420077184946,4.119867945253239,4.990265154952852
OCNT-2316329,ZETLBFHKRJQWQU-UHFFFAOYSA-N,4.473184917922585,4.871645806595675,4.752675857353149,4.284323645830195
OCNT-2316339,GDDJOHRLSPNVNU-UHFFFAOYSA-N,4.452791338730861,4.225484294314738,4.599375142098257,4.066601577617866
OCNT-2316344,ZOJWIUJADMWDPN-JKSUJKDBSA-N,4.323917349387465,4.264085487790369,5.030462349417346,4.084351706436259
OCNT-2316352,WRXFOSGHPGKFAY-UHFFFAOYSA-N,4.628743095687799,4.776848802992035,4.769397390312861,4.771768138298711
OCNT-2316354,MYIUSFVPFKJEDS-GXTWGEPZSA-N,4.8171155130228955,4.066398466842848,4.706940915140851,3.2068773528390078
OCNT-2316397,MQCGWNQRZSSMDW-UHFFFAOYSA-N,4.051026194514604,3.925890276395427,4.5412396411695255,3.5798147785533323
OCNT-2316403,HIOCORNYUDAROQ-UHFFFAOYSA-N,4.138439992386342,4.2634329304824,4.8898442757089065,3.7604390993456276
OCNT-2316436,MXKIROVYBHRNBM-UHFFFAOYSA-N,5.157131002909117,4.600961349080992,4.998893444101625,4.200459842599257
OCNT-2316494,JPKNAFFCNYNTAM-UHFFFAOYSA-N,4.139008922606159,4.390429061903544,3.908680880603958,3.9056259370745052
OCNT-2316516,ANRTUOAFXNQUJO-UHFFFAOYSA-N,5.452806191862231,4.833684851351424,4.629893220123948,4.613111563609053
OCNT-2316527,UNVBSCDOHAKYON-UHFFFAOYSA-N,4.716532337964365,4.37544321608464,4.910863778988117,4.187053140341484
OCNT-2316551,CNOXQHATWRFZGS-UHFFFAOYSA-N,4.145076003113689,3.6045419747034546,4.663858556509556,2.3803638715802147
OCNT-2316555,RWYLVXALJMAJFG-UHFFFAOYSA-N,4.0641485540536335,4.5050626999256105,4.87846306072119,4.682564374396889
OCNT-2316557,UCGHBZIAFOPHKJ-UHFFFAOYSA-N,4.928212258730647,5.035748459173167,4.1475896444134515,4.933895402883163
OCNT-2316612,RJMHLGGYHZCNAH-UHFFFAOYSA-N,5.168954875526173,4.848589531038087,4.608837273046433,4.41254648838378
OCNT-2316619,MPCLHVLNOSGXLY-UHFFFAOYSA-N,4.677019276477278,4.716818754025219,4.87756059819582,4.792606317968722
OCNT-2316633,XTRQCVSHVGEAGT-UHFFFAOYSA-N,4.967274640774339,5.516703621937149,3.3731283794055935,5.2966838692656735
OCNT-2316662,GFEAUAXVPJUYQZ-MRXNPFEDSA-N,4.148571445268723,4.340365573004345,5.00222426342783,3.1950527911946844
OCNT-2316671,YEOSBNSNNIDEDA-UHFFFAOYSA-N,4.82790384329549,4.788817639716017,4.64986790844301,3.5631125184133894
OCNT-2316691,KIEYDKIZZGRRKU-UHFFFAOYSA-N,4.047367845513367,3.8641326391405015,4.5801650011890676,2.8103952765537024
OCNT-2316693,NOZNOJWPUJFYMU-UHFFFAOYSA-N,4.429948859796519,4.129776738192537,4.430865258010668,3.7928464848155796
OCNT-2316697,FMZDTWSZRNKGID-UHFFFAOYSA-M,4.8727536223634536,3.4160576478733837,4.126200004195015,2.9791825953544735
OCNT-2316726,IAPQKELLCZVBPB-UHFFFAOYSA-N,4.515453974933955,4.069628376336259,4.512824815868139,2.3991198307314736
OCNT-2316738,ARBBCNULKSAECM-UHFFFAOYSA-N,4.961692780396687,5.190257855498992,4.6434287363938145,4.828478962292528
OCNT-2316749,WFGGFDOFVZDCKZ-UHFFFAOYSA-N,5.660806520384394,4.723399200464737,4.360196071840343,4.585097589884908
OCNT-2316765,XJRBRUYSMPGAIC-UHFFFAOYSA-N,4.724213217111677,4.120981250629017,4.2289092028418285,4.035816530300208
OCNT-2316766,BDQYOLWAPOQQPP-UHFFFAOYSA-N,4.307603394283669,4.598499416750074,4.320017003056667,3.433174882252787
OCNT-2316815,GPXQDQQBCYIEQW-UHFFFAOYSA-N,4.800373386255402,4.13866038655134,4.73565169948369,3.4997738451955294
OCNT-2316823,QCFYGHVLNYVDSM-UHFFFAOYSA-N,5.151375825998681,4.568633720651054,4.398244484846748,4.112612900372003
OCNT-2316832,DDCURYRYFVHMIV-HUUCEWRRSA-N,4.1645336560577055,4.369631194744608,5.061396320505288,3.3881283464896224
OCNT-2316839,JZRPLMWWIVBQRB-UHFFFAOYSA-N,4.431716558840306,3.9726279778372677,4.7836642067331825,3.3764056210210076
OCNT-2316848,STVYLEUNMSOYBO-UHFFFAOYSA-N,5.546262485017995,4.8809723966292395,4.943748526313605,3.9970561430857163
OCNT-2316874,SZJSBHKXVHLSPM-UHFFFAOYSA-N,5.343780598476536,4.862667016642297,4.336923768609392,5.006085195572257
OCNT-2316883,ZFXKUGZDRRZDIF-UHFFFAOYSA-N,5.379618877855076,4.615713094867495,4.72504104616273,4.385965652762565
OCNT-2316890,YDVJSEIEXHHXLM-UHFFFAOYSA-N,3.8413652784361583,4.152185693281939,4.808831979573216,3.4865885357166393
OCNT-2316904,SVKGNUYZKALPQP-UHFFFAOYSA-N,4.662338002964274,4.8786368587059386,5.059136653164753,4.407616719007982
OCNT-2316911,PLXLXZYCMPMUNV-UHFFFAOYSA-N,5.133839285487162,4.630324298587535,4.715456691990111,4.523478652964743
OCNT-2316915,CCDKNPYYXSSWEW-YNODCEANSA-N,4.288257903125214,3.5527571305949315,4.55619430044202,2.972819685956976
OCNT-2316937,JLCNBMAIKIRJSZ-OAHLLOKOSA-N,3.2450097458666196,3.5932541925467616,4.796821496689518,3.100222710118165
OCNT-2316947,GDCXYFNYLMNNOC-UHFFFAOYSA-N,5.407164889347569,4.667662421261219,4.932138074627762,4.488826165614563
OCNT-2316959,QCFAHERSFSXCNA-PREGVCBESA-N,4.283729603157597,4.527160886094047,4.743831179523876,3.6030940229553035
OCNT-2316976,XMGORMGYUQDAAL-UHFFFAOYSA-N,5.6208778918240885,5.071815187307215,4.289072809963643,4.592150876135717
OCNT-2317002,LPKNBEGSMBPPJL-UHFFFAOYSA-N,5.117520517064072,4.126175820731308,4.4311576546652205,3.4716538164491304
OCNT-2317014,ZBXAGLGMQFXFON-UHFFFAOYSA-N,5.610231093634775,4.5912971568126295,4.929550444469293,4.580266008639449
OCNT-2317025,OCPSMTDXYDJWPR-UHFFFAOYSA-N,4.632966168350348,4.473982475318345,4.672117311320416,4.273508741902928
OCNT-2317039,NDVHKGFDQOULIT-LBPRGKRZSA-N,4.998318953108706,4.332475418811571,4.571368575411747,4.333649156887752
OCNT-2317066,FDVDBGNSFJGCJV-UHFFFAOYSA-N,3.2699778407132447,4.597381864494857,4.752938419579941,2.7083168012770584
OCNT-2317068,DXEUVDBJOPEUPK-VPHXOMNUSA-N,4.4212052740816805,4.068907980022985,4.6323154798312585,2.83622041562554
OCNT-2317070,BVSPVPUOGZRITE-UHFFFAOYSA-N,5.126673488158174,3.6016911661012925,4.320212991371006,3.42476414857538
OCNT-2317086,ORIAPXGWHWRMEQ-UHFFFAOYSA-N,4.150160639513595,4.088861199911015,4.537343254049637,2.08947165480181
OCNT-2317105,WJZHHMLLNOOCCB-UHFFFAOYSA-N,4.734971532204062,4.147408485851577,4.806014632828697,4.26785701862431
OCNT-2317118,AQJAPFHFJNHFNT-UHFFFAOYSA-N,4.562645546724926,4.225012425589,4.732067571024203,3.5899863682268016
OCNT-2317123,JHJNVPMWROZEOJ-UHFFFAOYSA-N,4.730186102422875,4.85566478358151,4.233108753987394,4.626794872886936
OCNT-2317148,PWRBFCMKSFQIPY-UHFFFAOYSA-N,4.511795903204937,4.743678141533217,4.979704527303951,4.745024777851698
OCNT-2317170,YJOJLVRDJYKCNH-UHFFFAOYSA-N,4.934412163941106,4.527353300106759,4.970602913872155,4.550580985081866
OCNT-2317171,NGTSBRMBKVYBED-UHFFFAOYSA-N,4.647707630908832,5.069001242421943,4.66265852259988,4.5943372682300785
OCNT-2317181,CGTNELINAFTBOA-UHFFFAOYSA-N,3.943813699625224,3.833819671133856,4.574215448562049,3.8889977763779178
OCNT-2317204,QDQYRQVQOSZPRQ-UHFFFAOYSA-N,4.088169120703497,4.582193285446504,4.474544525297718,4.407596129463304
OCNT-2317207,SBRNEVNAKYTEQV-UHFFFAOYSA-N,4.58688819903597,3.820842677749119,4.890419568600772,3.4146649609076856
OCNT-2317216,LIVJZDMANQVUDP-UHFFFAOYSA-N,4.753691155456514,4.261134846885071,5.051312875735613,4.206827801027836
OCNT-2317220,HYZUFGFQMUOIJF-UHFFFAOYSA-N,4.713145851587901,4.604838239586569,4.54558811873811,4.742338075820276
OCNT-2317252,UTTDKKQDHATASO-UHFFFAOYSA-N,4.930222327628871,4.773418166942737,5.1774980984821575,4.596036052594893
OCNT-2317263,GZGKRCBJVUVISK-UHFFFAOYSA-N,4.255906156481854,4.612065774875031,4.833126863706601,4.680504402172841
OCNT-2317281,RFABKPISPKENOC-UHFFFAOYSA-N,5.304004511268891,4.896535140460687,4.197882928616432,3.868934684126144
OCNT-2317282,WYQJUGXXFFDBFP-UHFFFAOYSA-N,4.432547663229107,4.511833874560215,4.661460408202827,3.873412785810198
OCNT-2317285,ZYGIEWYSBUXBOA-UHFFFAOYSA-N,5.0197804139508815,4.698865608006999,4.803792930372099,4.71368973907079
OCNT-2317295,LWUJMSUADQVSHD-UHFFFAOYSA-N,4.315704800502173,3.718141740701845,4.346513108196585,2.403933851621112
OCNT-2317316,HXTZWUVDAMAHMH-UHFFFAOYSA-N,4.9991519891317,4.6877933016926026,4.927489739397468,4.543825785111005
OCNT-2317331,JQXBWGKXKGRNEM-UHFFFAOYSA-N,4.91733510813497,5.024291435964288,4.241978373078115,4.51174948882146
OCNT-2317338,LUIQXOKUNHJUSI-UHFFFAOYSA-N,4.76314476861497,4.757409789875981,4.52941895356364,4.426540712087664
OCNT-2317340,UBQFGIHFQCAKOP-UHFFFAOYSA-N,4.109303744246891,3.9131755210744372,4.83452143366257,2.391961197675862
OCNT-2317346,GWBBYACWVZJDHF-UHFFFAOYSA-N,4.792006588941829,4.9214698420585234,5.208632951269843,5.232892618854155
OCNT-2317347,BYQXMJFFQMJEPC-UHFFFAOYSA-N,4.763529785188114,4.86652835257324,4.557525857398561,4.859876689275477
OCNT-2317363,BJXMAUKDMFDOBJ-UHFFFAOYSA-N,4.656993794681997,4.730310834988217,4.558242478086958,4.1970652362861305
OCNT-2317386,DLRFNZBVVYAGCE-UHFFFAOYSA-N,5.221066452475253,4.963191077332208,4.849548816249411,4.5207127671964065
OCNT-2317449,WPIPWESKVFABQC-UHFFFAOYSA-N,4.40414220116691,4.387840941054038,4.371419902566557,4.08450566824911
OCNT-2317471,GJXZQMFHDZQUFG-STQMWFEESA-N,3.923856132219397,3.557632720417856,4.9969950175461,2.928158923496725
OCNT-2317493,DOLLPRXGPWPBSF-UHFFFAOYSA-N,4.5651208922058,4.5511985057115325,5.007361558949284,4.4211831031330275
OCNT-2317505,NHUSIRABIVGDSH-UHFFFAOYSA-N,5.778021311369152,5.064115878185704,4.75450740789616,5.244452452308938
OCNT-2317520,LTUCBBUWUBLJCT-UHFFFAOYSA-N,3.47605662803699,4.4559901442055745,4.555892322984146,3.9474713739068203
OCNT-2317521,VCCHGKDAEXTHKW-UHFFFAOYSA-N,4.231070149918901,3.7456192116457228,4.743078025955066,3.3773701654434487
OCNT-2317589,PIDYXGYPPPDVSK-UHFFFAOYSA-N,4.0606244891185,4.645679459426742,5.229468773495662,4.7558156911942335
OCNT-2317597,BRLQLLYRNCGYQA-UHFFFAOYSA-N,4.99939285200991,4.519232692356722,4.820315536986668,4.037119583078135
OCNT-2317609,LAHOEQWHOHUDPV-XPUUQOCRSA-N,3.803976661415165,4.0642797319008075,4.138845204512869,3.3607547466878183
OCNT-2317641,MWBQPWYUYIBGDJ-UHFFFAOYSA-N,3.811942648943119,4.2249778579755555,4.617603038612671,3.2126835612268416
OCNT-2317654,YPMXQDDNHLQSDB-UHFFFAOYSA-N,4.418552998310318,4.725419898938409,5.174954011417198,3.7654117744606417
OCNT-2317655,PPBPKFPLNHJZQP-UHFFFAOYSA-N,4.744705793031902,4.827139194224181,4.705225347089128,5.118492473038361
OCNT-2317667,XFLKWYMYPBGZDG-UHFFFAOYSA-N,4.003041520330465,3.9976124560228192,4.639394820331729,3.764046909357757
OCNT-2317671,TVFLKHRRTFZHMJ-UHFFFAOYSA-N,5.179445843455379,4.0398711843220605,4.486922691708827,3.1970904417850794
OCNT-2317673,GFMXIBGNFZXSSH-AWEZNQCLSA-N,5.420312267452587,4.718957735603631,4.796277448575494,4.646966175509948
OCNT-2317690,NTFPMYZCRLAQNU-UHFFFAOYSA-N,4.401418546864127,4.598836407729685,4.641265258643506,3.871352843439714
OCNT-2317717,NCTLRULTXWYPMC-UHFFFAOYSA-N,4.951132572436247,4.700469108338718,4.580864128608158,3.5664863229522323
OCNT-2317719,IWFPOYLMDJDZHA-CYBMUJFWSA-N,4.26878048459389,3.600808612974453,4.787006824550822,2.5186656711403486
OCNT-2317738,ZSNITEJMAJILMZ-UHFFFAOYSA-N,5.334253732625596,5.078958852766544,4.896710599976446,5.340601490121417
OCNT-2317749,RXKVFHONEONTJU-UHFFFAOYSA-N,5.217319437756895,4.863716218286547,4.93048946918459,4.456495741868623
OCNT-2317750,BLSSOUSOURPNPD-UHFFFAOYSA-N,3.7067304363553557,3.4891653634860296,4.779582929465128,2.8451158096190547
OCNT-2317761,JMXRCYKGNHZSPJ-UHFFFAOYSA-N,5.184285307269967,4.538091343574603,4.62403232934945,4.537750187826424
OCNT-2317762,YOAQHNSVDHIMRD-UHFFFAOYSA-N,5.054545041658253,4.3997023359342045,4.7534858487770455,4.058653174351618
OCNT-2317811,RDGKSCRDHZDING-UHFFFAOYSA-N,5.005090879407809,4.672589294050683,4.394285383644334,4.476552092755265
OCNT-2317813,OVLHSAROUBUOGS-UHFFFAOYSA-N,5.1551522537450145,4.549189877597832,4.113853503203321,4.135671700700627
OCNT-2317818,CPILBGUKHQTHAL-UHFFFAOYSA-N,4.735730489882387,4.9305851231413005,4.95101041587892,4.5275286913670625
OCNT-2317832,OTSKWPLKWNHXNG-UHFFFAOYSA-N,4.5656180548101295,5.039065810996815,4.27210733032732,5.065778165638801
OCNT-2317846,UTVVBMSWJXFZIO-UHFFFAOYSA-N,5.150468821558811,3.9665055403289577,5.293594772813177,4.709958726240484
OCNT-2317868,LAFOGORSVWQSJI-UHFFFAOYSA-N,5.299067423532244,5.108673661010759,4.947601294641304,4.449858424871469
OCNT-2317887,CJFRLVSASAMBRI-UHFFFAOYSA-N,5.140548681482255,4.553625370097516,4.748215246903919,4.723199138228899
OCNT-2317895,CWBRZGJTIAQEGN-UHFFFAOYSA-N,4.11731846582345,3.9807722367451386,4.844333219885585,4.041644434018076
OCNT-2317916,OHJTXRFTXHDJSZ-UHFFFAOYSA-N,4.703210919137556,4.673287084800427,4.704342318521016,4.835232187356377
OCNT-2317931,LOCCFUQBAHYDIZ-UHFFFAOYSA-N,4.365158571372009,4.138271773390908,4.220886561992786,2.373275337298224
OCNT-2317940,LCRMGOKGLDCROM-UHFFFAOYSA-N,4.669384236322805,4.901864525498606,4.787710651818943,4.765015559574114
OCNT-2317951,HCERZQWQSYZVFX-AWEZNQCLSA-N,5.300307337864918,4.842373629550917,4.720444287049142,4.540923126066203
OCNT-2317954,AECHNCUKRVJPMR-UHFFFAOYSA-N,5.547155986774585,4.465567657400062,5.080764975037086,4.156049676737836
OCNT-2317968,JRLDABZBMFCURG-UHFFFAOYSA-N,3.6955904332970753,3.9343484714160613,4.330677101061051,2.4850040006544827
OCNT-2317979,GDPHPXILXSNLGE-UHFFFAOYSA-N,4.661601170051239,4.358283586255052,5.021859965226237,4.461469993922766
OCNT-2317983,VRWZGQHEAVYSMP-UHFFFAOYSA-N,5.69221843624517,5.4438312645072875,4.268025462571486,4.823605856752341
OCNT-2317986,FHXLUKSIGDILGD-UHFFFAOYSA-N,4.733420026163914,4.306130764401278,4.541233865957019,3.729501729555251
OCNT-2317990,GGVQQOGVQIQAAR-UHFFFAOYSA-N,5.6079740611809905,4.237978081993941,4.807072828904515,4.619638225713763
OCNT-2318008,MZCSBMOLDFPPDR-UHFFFAOYSA-N,5.0749782733567255,4.807650961749727,4.075348472430691,4.677116351797658
OCNT-2318014,XZUOPKZBRIBBTC-UHFFFAOYSA-N,3.489859254451537,4.200741442450696,4.696076930821464,4.369421632323861
OCNT-2318022,NGLQWYBBWZPWAG-UHFFFAOYSA-N,3.548788852480522,4.407019390027077,4.465372127395107,4.370607837909886
OCNT-2318037,QGTCUSWJSRWNHW-UHFFFAOYSA-N,4.614335508513366,4.043710050148565,5.235533286683098,3.248440174745315
OCNT-2318057,BAJXDLICMYECHQ-UHFFFAOYSA-N,4.374084532903088,4.364227619328925,4.9669496225826695,3.6460118926361127
OCNT-2318058,LHKPZQCRTJSJBZ-UHFFFAOYSA-N,4.483290886519886,4.887607015950174,4.488875536586557,5.237657804033079
OCNT-2318059,LGBXJZIKTPOPEY-UHFFFAOYSA-N,5.091139056312516,5.043651260451352,4.550874054268481,5.018445994835231
OCNT-2318060,BQDVZEIIVADUJR-UHFFFAOYSA-N,3.247310092650152,3.8232288262934038,4.572006492332664,4.527877255041874
OCNT-2318103,SFHLFNWOCGHDOA-UHFFFAOYSA-N,3.9566002824928383,4.053840177112123,4.939751013371971,4.117209322551536
OCNT-2318114,CHGWIMCJKOUHGM-UHFFFAOYSA-N,4.247891058049967,3.818404724098791,4.47713857763702,2.7034181946627074
OCNT-2318130,MVJRPLRVGMQACD-UHFFFAOYSA-N,4.247045213194404,4.693690837299424,4.435615398145388,5.132489405553718
OCNT-2318175,CLGIMEFNCIRTPK-UHFFFAOYSA-N,3.976393972930065,4.416591908657334,4.723421148208183,4.486653799559064
OCNT-2318207,JGGPCIRSTZSSMU-UHFFFAOYSA-N,4.792382480851448,4.684716539056411,4.575494433798879,3.5376646150265123
OCNT-2318242,ZHIHTRGKAIBXBP-UHFFFAOYSA-N,3.942505074784517,4.179963618343501,4.557286283574652,3.284508300251041
OCNT-2318243,FPLPOQIKBRHTGT-UHFFFAOYSA-N,4.9656227498299055,4.253773599982466,4.746837976787601,3.7479277326262035
OCNT-2318253,XDVGRJCMNYKMJE-DLBZAZTESA-N,5.233820514782522,4.838773685524969,4.826445810568696,4.901499968508598
OCNT-2318261,DYGIIYMCZAKMPG-UHFFFAOYSA-N,4.832162005349552,4.377703424006299,4.401886376469886,4.014332889198245
OCNT-2318277,KSDJFGQHRCKMIH-OAHLLOKOSA-N,4.3713665736418355,4.336300244627876,4.757017702571751,3.5123958955444614
OCNT-2318286,IWZLNPIFCWXPLP-UHFFFAOYSA-N,5.061176515407856,4.556145517434953,4.77763460015121,4.151199958646099
OCNT-2318290,ZQHUBTBJNOFDIR-UHFFFAOYSA-N,3.9956811695287264,3.8770650812643535,4.990656501107483,3.6755489106196952
OCNT-2318294,WERKMJOGKJEZGI-UHFFFAOYSA-N,5.2838193485328615,4.917970321561112,4.734309210626985,4.115725709015684
OCNT-2318329,RNMDHLPABCGGFP-UHFFFAOYSA-N,4.633243568193848,4.731678420699558,4.489288075875323,4.978428854653389
OCNT-2318351,CCXULBUUIBWSSY-UHFFFAOYSA-N,5.187057118991701,5.056680711924631,4.707600167521933,4.939359200008004
OCNT-2318364,PEOQYHHOEUVRKO-UHFFFAOYSA-N,5.741535818959083,4.9103122746184855,4.180411159586048,4.180353434486415
OCNT-2318369,ZGVBQHVFIPSHHN-GOSISDBHSA-N,4.2590888844875145,4.401737576848034,4.822077541640038,4.244922878110733
OCNT-2318394,JVVLSCNLUICXDH-UHFFFAOYSA-N,5.228052008022239,4.477202025036163,4.513628562877659,4.129872159952239
OCNT-2318395,HIXHOKUXAQVXNT-UHFFFAOYSA-N,4.200915192236378,4.768344654780217,4.008511727489048,4.766034403914113
OCNT-2318397,IYDFTEKHSVJCIL-UHFFFAOYSA-N,4.163031733032507,4.0176853492184845,4.720923720549869,3.1196396066397947
OCNT-2318420,YJRZDAXNMXGWAN-UHFFFAOYSA-N,4.968030300299999,4.4908544921683475,4.901262838432723,3.6721702380993717
OCNT-2318463,PVCJAHQCQKVCAF-UHFFFAOYSA-N,4.813843979675608,3.755330368250627,4.281481937470229,2.2708560317042115
OCNT-2318487,KMEXCRYMZXZMKV-UHFFFAOYSA-N,3.7899551659148103,4.581487065142476,4.341349705830033,4.253918857599195
OCNT-2318512,DXYZQPFEVYKJRQ-UHFFFAOYSA-N,4.202990214705327,5.022954956309838,4.337379126870422,5.2081831331333355
OCNT-2318522,VNHATLSVIPZWCF-UHFFFAOYSA-N,4.526794703012149,3.7807630888097594,4.462803945795366,2.575625100608115
OCNT-2318529,ROJMQXCYXDRWHC-UHFFFAOYSA-N,3.7565582759833527,4.663454722847915,4.477654949684414,4.2261340864911014
OCNT-2318536,KXNLLVASRWGPAE-CHWSQXEVSA-N,5.074787092533987,5.034835798890503,4.122291506004168,4.941746842996657
OCNT-2318549,TWIRHCAHDDBYNY-UHFFFAOYSA-N,5.255300518134405,4.573454130739958,4.377942449240688,4.132004175610747
OCNT-2318583,LRWJIQBFQXCVOD-UHFFFAOYSA-N,5.2369773375238875,4.702967281603469,4.0128299134818715,4.334998206199395
OCNT-2318618,FBIXRJHKNHRXFQ-UHFFFAOYSA-N,4.894239287134821,4.758257657364255,4.26795036381679,4.901497168385442
OCNT-2318628,SSTBQYZOJAYQSM-UHFFFAOYSA-N,3.859211632896446,4.9336871098989175,4.7488486413265,5.265940400065701
OCNT-2318639,MNPGBPBPRIRZDE-UHFFFAOYSA-N,4.158800052601968,4.5680291318317305,4.567840185251832,4.979213060358067
OCNT-2318659,YKAIMSBMSJLSGC-YTPLPTRZSA-N,4.586698675282827,4.742783526467784,4.512252942381084,4.098517263796249
OCNT-2318675,SKJNEGPDPYJBMI-UHFFFAOYSA-N,3.6757679775351573,4.582154436817226,4.433316298642644,3.8230530900155975
OCNT-2328323,XYCMOTOFHFTUIU-UHFFFAOYSA-N,5.042827795184858,4.31571423780413,5.0725803648452965,3.3103485670535426
OCNT-2328326,VYQNWZOUAUKGHI-UHFFFAOYSA-N,5.232678134684732,4.47871152114538,4.147983440523937,4.491406863726344
OCNT-2328329,INDBQLZJXZLFIT-UHFFFAOYSA-N,5.2583713721559135,4.338415546707753,4.483789389209987,3.8365777523419604
OCNT-2328330,CPEUVMUXAHMANV-UHFFFAOYSA-N,5.387620689137799,4.710312686868553,4.080384131746082,4.226952943150085
OCNT-2328331,GJSURZIOUXUGAL-UHFFFAOYSA-N,5.533814640821349,3.694403323517595,4.7138359734376225,3.7937692390539373
OCNT-2328344,TTWJBBZEZQICBI-UHFFFAOYSA-N,4.841448176069961,4.034179847252811,4.695976738810754,4.062093630370898
OCNT-2328376,KNHUKKLJHYUCFP-UHFFFAOYSA-N,5.387190860184442,4.261600850630232,4.378169146093175,3.5415597782749306
OCNT-2328380,AZFLJNIPTRTECV-FUMNGEBKSA-N,4.824452163667536,4.441935511183285,4.39162285203473,4.390950288858697
OCNT-2328402,KSGXQBZTULBEEQ-UHFFFAOYSA-N,3.393987071483387,5.093624423837046,4.900202542904289,5.016720052662835
OCNT-2328420,RHDJRPPFURBGLQ-UHFFFAOYSA-N,5.262437800811012,4.1380774541431435,4.70892437688147,4.234160492138055
OCNT-2328449,HTQMVQVXFRQIKW-UHFFFAOYSA-N,4.750301095522903,4.8445468420203515,4.123750969035065,3.0965451316645227
OCNT-2328485,REYFJDPCWQRWAA-UHFFFAOYSA-N,5.1481385930860055,4.265308027367039,4.921383798286351,4.633369507008413
OCNT-2328496,IYIKLHRQXLHMJQ-UHFFFAOYSA-N,4.482505134600176,4.978959195554127,4.972559003248624,5.331862277089746
OCNT-2328518,OOGJQPCLVADCPB-HXUWFJFHSA-N,4.474551119498554,4.984474348008755,5.5023228789044785,4.788932958431531
OCNT-2328533,CBEQULMOCCWAQT-WOJGMQOQSA-N,4.991946213601948,4.656891677369286,5.344355801288778,4.3177441763881745
OCNT-2328558,RDOIQAHITMMDAJ-UHFFFAOYSA-N,4.193615965923043,5.046803081225967,5.337972349438156,4.546155202580943
OCNT-2328583,VLPIATFUUWWMKC-UHFFFAOYSA-N,4.839933182895662,3.602525890576314,4.311147479914995,3.775545134120159
OCNT-2328648,JAUOIFJMECXRGI-UHFFFAOYSA-N,4.585054420017221,4.993402011715704,4.767324404178853,4.757781486099823
OCNT-2328663,SPIUTQOUKAMGCX-UHFFFAOYSA-N,4.189689465748426,5.000392976518539,4.795841048224303,4.584079138782521
OCNT-2328691,GIKNHHRFLCDOEU-UHFFFAOYSA-N,5.022886269887969,3.5804575005233192,4.326845508943537,3.407762756182937
OCNT-2328714,QVYRGXJJSLMXQH-UHFFFAOYSA-N,5.137413451788765,4.722799809776986,4.939767768129307,3.6651954171517422
OCNT-2328731,ZBBHBTPTTSWHBA-UHFFFAOYSA-N,3.3995525202860857,4.730372448066744,4.619058766919653,4.562663359543064
OCNT-2328745,NIVZHWNOUVJHKV-UHFFFAOYSA-N,5.165433755214924,3.3564786772975146,4.836307640118751,3.8844809641365114
OCNT-2328753,OBWASQILIWPZMG-QZMOQZSNSA-N,4.0535257923263295,4.530943502593519,5.013622602385575,4.191546197365257
OCNT-2328767,DBEPLOCGEIEOCV-WSBQPABSSA-N,3.945351841024849,4.53439387744128,5.042536137463253,5.069819052192772
OCNT-2328781,MJIHNNLFOKEZEW-UHFFFAOYSA-N,5.514210075673584,5.303915886765445,4.8412798732191655,4.657816722521908
OCNT-2328788,VGKDLMBJGBXTGI-SJCJKPOMSA-N,5.075589866057901,4.980885387284433,5.604879379150355,4.615664471233793
OCNT-2328794,MJVAVZPDRWSRRC-UHFFFAOYSA-N,5.026178783178474,3.6775936683343264,4.065402264567791,3.3109427248412326
OCNT-2328798,NUVBSKCKDOMJSU-UHFFFAOYSA-N,5.196152770711215,3.5326886617590914,4.371475329291921,2.860033111098372
OCNT-2328820,GHMLBKRAJCXXBS-UHFFFAOYSA-N,5.094315803627827,3.3899275883393307,4.249748680074709,3.075176132937896
OCNT-2328824,VDNLFJGJEQUWRB-UHFFFAOYSA-N,4.729514039660041,4.642047039743521,3.7029874325954393,3.2572114364225273
OCNT-2328835,MBUVEWMHONZEQD-UHFFFAOYSA-N,4.6193056534561,4.773571605489282,4.722957214145409,4.357000289598676
OCNT-2328839,WSEQXVZVJXJVFP-FQEVSTJZSA-N,4.925871524261588,4.638427835194743,5.295539211590469,4.488860919392357
OCNT-2328849,JVTAAEKCZFNVCJ-UHFFFAOYSA-N,4.823581476006145,3.1677357141154565,4.234250670922468,2.2490560030799283
OCNT-2328857,YQGDEPYYFWUPGO-UHFFFAOYSA-N,4.639420404658787,3.1677357141154565,4.385777394735478,2.168505980318465
OCNT-2328864,ZEUITGRIYCTCEM-KRWDZBQOSA-N,5.834971394044433,5.122876899162602,5.494401002939587,5.12228316054911
OCNT-2328892,XUIIKFGFIJCVMT-LBPRGKRZSA-M,4.984933534764342,4.376210829621527,4.458265119920792,3.5141414737982672
OCNT-2328916,ABJKWBDEJIDSJZ-UHFFFAOYSA-N,4.843550654403059,4.8473060179875604,5.37492830764833,4.867952611154593
OCNT-2328938,WUZYKBABMWJHDL-UHFFFAOYSA-N,4.425105899560642,4.973025038442709,5.157774621526308,5.33445649137709
OCNT-2328950,OUBMGJOQLXMSNT-UHFFFAOYSA-N,5.221680229409496,5.103043181921187,4.905338486944193,4.457621537603843
OCNT-2328955,FPIPGXGPPPQFEQ-OVSJKPMPSA-N,4.951286280051031,4.88610001111965,5.48193233237232,4.973795585686509
OCNT-2328993,RDJGLLICXDHJDY-UHFFFAOYSA-N,5.845862003674797,4.3583809723204965,4.313929972977656,3.0137953987009234
OCNT-2395287,RJJZTKVXXCCXQF-UHFFFAOYSA-N,4.9869350943012,4.646961224166752,4.725194813247001,4.136066451243645
OCNT-2395290,UDVCSWPMFIKVAP-UHFFFAOYSA-N,2.787672430867908,3.7664020660682387,4.673069494286591,2.5238074193606512
OCNT-2395291,BGJFRMNKWBUDET-UHFFFAOYSA-N,5.006878528433351,4.968791407260302,4.7669411975053775,4.656277731463681
OCNT-2395293,XOXUUFNTCJYHHW-UHFFFAOYSA-N,4.228778871303598,4.285686382728643,4.760820541833185,4.0239098635091795
OCNT-2395309,TXJZXCYMSCFYJB-UHFFFAOYSA-N,4.922481373348799,3.996543389253331,4.661409343172959,3.1080510382305837
OCNT-2395315,YFEAWONHDZRTON-UHFFFAOYSA-N,5.535766068166757,4.982186614724962,4.559955860125122,4.500958607516633
OCNT-2395323,PVCAHDNVFNPUKE-UHFFFAOYSA-N,5.084925568594593,4.663628345803989,4.308189603266565,4.04154660484525
OCNT-2395324,ADOOOKDJTDHGHX-UHFFFAOYSA-N,4.315097203382993,4.481179766357323,4.474338761091199,4.628599275506674
OCNT-2395331,FWGOMKHOFNHOSZ-UHFFFAOYSA-N,4.670671265158311,4.717777097250759,4.711727876126546,4.709953093056485
OCNT-2395332,VMKFDGZZTLOMLG-UHFFFAOYSA-N,5.7022998523294035,5.264109963283332,4.333171957809634,4.920413449210325
OCNT-2395336,RRMQRUZATNRUIE-UHFFFAOYSA-N,4.387868122440498,3.8440732506176887,4.410920846838123,3.694741645909654
OCNT-2395337,XNAJDXNGXZSOOT-UHFFFAOYSA-N,5.230307588485548,4.253435465319435,4.810194614098451,3.973215365069279
OCNT-2395362,MPFAPLWWRCZTHK-UHFFFAOYSA-N,4.26843925086021,5.126662351848392,3.9362152940253523,5.565433076058838
OCNT-2395370,UIDFVDUTWBJQGU-UHFFFAOYSA-N,5.041760933723145,3.813901423762617,4.739182844196761,2.9042322405296845
OCNT-2395374,XXIDEZIPVPUJRR-UHFFFAOYSA-N,4.012145741800153,4.012601710340186,4.8820606565499896,3.1172108484635674
OCNT-2395376,ORTWNJZUAIUYKM-UHFFFAOYSA-N,4.855456455814679,4.8744729081165685,4.021482944981063,4.821508088204328
OCNT-2395377,DHOGCLBDWIPOBU-UHFFFAOYSA-N,4.622781249434944,4.82067084410528,4.53930175749923,4.942338122187363
OCNT-2395379,KGQGNVXQLYFAOR-UHFFFAOYSA-N,5.5932078491900175,4.92364797441304,4.473110513555574,4.6235015662670955
OCNT-2395394,JBGUJZDWPHNSHD-UHFFFAOYSA-N,4.421822942674221,4.61656932940608,4.149374373777724,4.341953339633337
OCNT-2395395,GKBSFXJAHNHBDN-HWWDLCQESA-N,3.798982450772818,4.709142865996139,4.714715438883962,4.576709630947398
OCNT-2395398,QBTKYQSQDNYSJW-UHFFFAOYSA-N,5.143400774093029,4.5379848517525865,4.991559752896549,4.740356180574487
OCNT-2395399,DWOHXLUDTPAGGR-UHFFFAOYSA-N,4.828403448928189,4.5177625189238215,4.7575611568253695,3.833847432587601
OCNT-2395403,NQCVIFUTOQVPDB-UHFFFAOYSA-N,5.10125606422119,4.961492904645781,4.908028170472936,4.546914558448644
OCNT-2395404,MUXQTGKIVRSWAN-UHFFFAOYSA-N,4.42078156892734,3.54716703300455,4.433394760370367,2.604813282578182
OCNT-2395407,WWLISLZNGXQQLF-UHFFFAOYSA-N,4.801206319527557,3.7730615392421782,4.553729137457295,3.691407135216063
OCNT-2395414,GUVDEBQYZLFNCP-UHFFFAOYSA-N,5.597102872516296,5.02798368646467,4.020995972295741,4.8775657390087845
OCNT-2395416,BMZLZQHDDRYCEU-UHFFFAOYSA-N,3.6507979763719725,4.221319650370238,4.605643564110481,4.345201773824542
OCNT-2395418,FSDPMVRINSSCJT-UHFFFAOYSA-N,4.101007563162623,4.695112526488198,4.386914209267836,4.342746422470813
OCNT-2395428,YZZRKGPDASBVGM-UHFFFAOYSA-N,5.370339664617027,4.385008914612857,5.01308706010787,4.440110863312265
OCNT-2395431,MKSMCTOLENWCGA-UHFFFAOYSA-N,3.503337457774929,4.234423963764595,4.734899787071828,3.1244763363532613
OCNT-2395435,DXLJVPKHMCRJMN-UHFFFAOYSA-N,4.170381954302234,3.7109231205721183,4.083276402082766,2.9292385653023585
OCNT-2395437,PHDCPFQMZFUTAS-UHFFFAOYSA-N,5.126515929503119,4.521605060566878,4.787803517189229,4.985413053188581
OCNT-2395438,STPVSAJYHZTWPV-UHFFFAOYSA-N,4.626842941542271,3.7318481985578504,4.358714372954932,2.5664477842447186
OCNT-2395439,TYZSFHHKSSQPJU-UHFFFAOYSA-N,5.2518380669490385,4.595841457295173,4.241470616944662,2.6690741962831335
OCNT-2395443,TVTPOERDJDYHCW-UHFFFAOYSA-N,5.4593487331883885,4.856002610683686,4.5002847131816335,4.551774633979488
OCNT-2395452,DMZMESXZSXERBS-UHFFFAOYSA-N,4.4883672042549385,4.087742403998563,4.518013390434214,3.1542188032425225
OCNT-2395455,CMOXMEILBPKQHC-UHFFFAOYSA-N,4.23097436289091,4.457966912244013,4.678342244321548,4.912650305978047
OCNT-2395458,OXLGYDLAQVKNCK-UONOGXRCSA-N,4.5375234937048825,4.279917687730647,5.055904855438455,3.1375060327832744
OCNT-2395466,RVBYSOSSNDRWFO-UHFFFAOYSA-N,4.3828661261803035,4.269851878598054,4.218666839676368,3.697584425571489
OCNT-2395471,ZAWLZKHAQFWKAY-UHFFFAOYSA-N,3.945981418029793,4.018733733418887,4.4371428556169885,2.374745496908332
OCNT-2395481,ANKYSPAPZXZRKL-UHFFFAOYSA-N,4.691993835198222,3.7028718122254607,4.477390050370897,3.324485713558735
OCNT-2395489,NMVHDBFXWRCWPL-UHFFFAOYSA-N,4.8581772453387435,4.039491931440059,4.525735881123766,1.9992868713023795
OCNT-2395491,CMJHYIYEZVPEKX-UHFFFAOYSA-N,5.394531691156181,4.249345704044274,4.800958274923797,4.543539248005557
OCNT-2395495,LORROHMPLWAYJF-UHFFFAOYSA-N,4.826721180962156,4.784941659254299,4.661947045560992,4.930742573778426
OCNT-2395496,PEZCWYOLOOOVQM-UHFFFAOYSA-N,4.865680965485812,4.900811152409912,5.3246754589711305,4.941661721478454
OCNT-2395500,AATKRDLDTAZTJL-UHFFFAOYSA-N,5.526667278163713,4.929862076862518,5.026936354322532,4.911688699747082
OCNT-2395501,FQOWCVFDUZFHLA-UHFFFAOYSA-N,5.0369953888216115,5.190249845033244,4.702760801157023,5.100674112757163
OCNT-2395504,JDULGAIJOJJFGG-UHFFFAOYSA-N,5.257575897773787,4.231523283390386,5.017754966507383,4.547069517517871
OCNT-2395520,GODHPEISNMRQSM-UHFFFAOYSA-N,4.885907672692785,4.5273446790077845,4.402948720672196,4.016351078239034
OCNT-2395528,QWXPXVPCPNYPHO-UHFFFAOYSA-N,5.044110614149596,5.014238159110745,4.554623204969602,4.9926926266900145
OCNT-2395529,NRYADSRCTBFWRF-JBAPVGOWSA-N,4.944736420949265,4.585903450725611,4.682499480225144,4.218593381143434
OCNT-2395532,KTQKEHUXYRBZQZ-UHFFFAOYSA-N,5.183748830705706,4.915327766779451,5.087111604553515,5.252514900110432
OCNT-2395537,OWZIUSPJOOLACL-UHFFFAOYSA-N,4.2895904040012445,4.635680440098612,4.3128732903906855,4.235747456426219
OCNT-2395543,RUNGUEZWZTVFCU-UHFFFAOYSA-N,5.028655083201643,4.7174903264396715,4.45819734796503,5.3912697065532695
OCNT-2395548,WOULMLSTCVMSPN-UHFFFAOYSA-N,4.92596305348013,5.228602147564935,4.416266128697499,5.3893383155579135
OCNT-2395556,FKDGSNNIFHGRKN-UHFFFAOYSA-N,5.003262848087335,4.513306459412509,4.435303801972799,4.220378436371636
OCNT-2395557,JFXRKJJBUPVDID-UHFFFAOYSA-N,3.875653403564925,3.8357753394418928,4.986223852703905,3.0501766065808718
OCNT-2395566,YBCQCDKLRZBYPI-UHFFFAOYSA-N,4.231514417805494,4.447403180824905,4.506528522123598,4.078089764284038
OCNT-2395569,HEPXFCPIBMRRBZ-UHFFFAOYSA-N,4.162275419673182,3.614455497135287,4.3564115746890115,2.62942158845352
OCNT-2395576,YXTNAXUFAGFNGO-UHFFFAOYSA-N,5.712140837907425,4.659672031907401,4.92502617717492,4.759570470267057
OCNT-2395582,DTWGQURLWJYWCB-UHFFFAOYSA-N,5.578895554803611,5.276303996989414,4.735922113957876,4.847159090404743
OCNT-2395588,COBJIQXSNFUCNG-UHFFFAOYSA-N,4.128319923228413,4.2831754167396765,4.697039346169948,4.414606036168591
OCNT-2395599,GAJPAQZXVDIPFZ-UHFFFAOYSA-N,5.029558885085449,4.599184766599309,4.400702143217348,4.851181879672315
OCNT-2395602,INPVMHGBOBZEPM-UHFFFAOYSA-N,4.819028453900978,5.096316314871123,4.426722124303441,5.095855446975768
OCNT-2395603,SZQLDCNOSRKNKT-UHFFFAOYSA-N,5.109353526428832,4.626054065119209,4.347871486961359,4.876687934478499
OCNT-2395606,OYBCLJJKAIHXRC-UHFFFAOYSA-N,5.003769791341192,5.041037396259208,3.58939244598196,4.738347884899985
OCNT-2395615,OWDQVZHOEPSCRJ-UHFFFAOYSA-N,4.184726990167516,5.2064672704828245,4.18103346720285,4.863620778484466
OCNT-2395617,ZFLNQKJXJYGVKM-UHFFFAOYSA-N,4.501544251664864,4.3569417363767515,4.4001965297251,4.002942092746976
OCNT-2395621,RQUJRQRACFINJM-UHFFFAOYSA-N,5.224383225218697,4.451259987928446,4.814358721390397,4.343326125981549
OCNT-2395627,NJTUJJIKAYUDGD-UHFFFAOYSA-N,5.155445174129654,5.083489768340691,3.8291729817617175,4.448160345406597
OCNT-2395631,YDVFKKIYGVLNGT-UHFFFAOYSA-N,5.4255290448218245,4.516007525693813,4.565041119730945,4.448670336085845
OCNT-2395638,DOHJYNWDMIJJRO-UHFFFAOYSA-N,4.226514241404538,4.890800399704995,4.440004420204461,4.669011375413832
OCNT-2395651,FFEDIEBSLQQKEK-UHFFFAOYSA-N,5.248252515583881,4.610340991229137,3.9682887072686275,3.1150301973645425
OCNT-2395662,IRKYFFBPASUKKZ-UHFFFAOYSA-N,3.0917469987744246,3.621809186983306,4.7451920249666735,2.2717991140611287
OCNT-2395670,ANKJZMOSISEFKF-UHFFFAOYSA-N,5.119686100976343,4.75410894406466,4.727766010364079,4.989689977026298
OCNT-2395672,QOWDANZXWYEGPT-UHFFFAOYSA-N,3.6298813541298656,3.958429389176839,4.310699551278071,3.5686918477770386
OCNT-2395675,RUTPHZIFPKYSDE-UHFFFAOYSA-N,3.7876845883719508,4.322670201668058,4.8629135896368965,5.177519193895563
OCNT-2395681,ZHAARJLDFPNKLT-UHFFFAOYSA-N,4.769392056324277,4.057510934480637,4.505125650886742,4.071830975450858
OCNT-2395682,YSXFALBFZPSVAY-UHFFFAOYSA-N,4.740048031415065,4.3614938211846175,4.626110792458827,4.443344704377268
OCNT-2395683,FBNCMWHMXUYLJC-UHFFFAOYSA-N,3.054608658930081,3.8929271164110344,4.567913253707653,3.208225062157616
OCNT-2395687,OLRZPWDVYYEKGN-UHFFFAOYSA-N,4.617331879557655,4.5002831518262445,4.698801915106406,4.029859331710457
OCNT-2395689,HLGONRSHXFEINO-UHFFFAOYSA-N,4.654853053573911,4.294822358206875,4.291027320078624,3.7145434625478266
OCNT-2395692,IOWRIDUXZXMMQU-UHFFFAOYSA-N,5.157914067044667,4.698431105394873,4.501714796750239,4.182955253141919
OCNT-2395696,ZWQZJLBSHIQICX-UHFFFAOYSA-N,5.793621263177347,4.879351826972463,4.392234214109963,4.476065421467612
OCNT-2395697,AVVYSOUEAQUFBT-UHFFFAOYSA-N,4.553037543694232,4.014079631194486,4.479871451708091,2.9255448333940004
OCNT-2395704,CGPCPBSMPYTZMC-UHFFFAOYSA-N,5.557089770416825,5.417751912800662,4.430120346130452,5.039978064582082
OCNT-2395706,SXDMWIXDSQCASC-UHFFFAOYSA-N,4.933813327938893,4.514664483017305,4.591126928635551,4.364756406229717
OCNT-2395712,SPZQDXGBZLHTIG-UHFFFAOYSA-N,4.902264864088988,4.257119796138227,5.001891610482191,4.072593632278541
OCNT-2395714,DUKICPCHQPYURE-UHFFFAOYSA-N,5.2187843464633605,4.621455642633987,4.418877272609774,4.378826821675185
OCNT-2395718,ASTDCICFPQKUIL-UHFFFAOYSA-N,4.244939303866115,4.362015847137973,4.642230921533496,4.289092610522602
OCNT-2395719,ARMHNKPKRVBKDE-UHFFFAOYSA-N,5.177444489535692,3.8563478500913693,4.16682070059641,4.188694383500468
OCNT-2395723,JQVSAVSOQRGLPR-UHFFFAOYSA-N,4.649392325377616,3.72965323184137,4.5497977457596415,3.0341498544591428
OCNT-2395726,JHKSVXWGJPSVPH-UHFFFAOYSA-N,4.851748651756339,4.128977385406764,4.616179945747343,3.6790359658162264
OCNT-2395729,ABBNLJTZTQVBCG-UHFFFAOYSA-N,5.199474102469768,4.469226183267281,4.9315800367839415,4.747427478334024
OCNT-2395730,JHOHCIQEHBJHIY-UHFFFAOYSA-N,4.961503379053053,3.884899631203381,4.484896065429744,3.603972866895564
OCNT-2395739,MNLLGQAENHHBIN-UHFFFAOYSA-N,3.9814260745107743,4.516680631887337,3.8603579783661406,4.641435199191235
OCNT-2395740,FOIRYFMSWXZVCR-UHFFFAOYSA-N,4.838218324020569,4.545609925191692,4.9766991399656035,4.898126083388372
OCNT-2395742,KIFQBAROWBDCDH-UHFFFAOYSA-N,4.77492380430454,4.289486728834185,4.70654547643221,3.44911763029221
OCNT-2395743,VTTWZHQHBBSLPE-UHFFFAOYSA-N,4.427888155758244,4.440305727365257,4.978053012100902,4.946590974187642
OCNT-2395754,RDLVSGOVJOSIHV-UHFFFAOYSA-N,4.553713120085179,4.194095141618759,4.447739567353793,2.622107972297461
OCNT-2395758,VGKTZOSSNOYRLG-UHFFFAOYSA-N,5.2874762613563835,5.061761398449341,4.538414975519703,5.302741970604921
OCNT-2395762,SGCOMSXBUQWSBL-UHFFFAOYSA-N,4.9881704804947695,4.570987489949668,4.623729955190776,4.959426247241017
OCNT-2395775,ZTFVHUMBZXGEFS-UHFFFAOYSA-N,4.835241431121681,4.2196161161753265,4.8168866797960534,4.265169907592768
OCNT-2395777,XHMRHVMVFSPYOG-UHFFFAOYSA-N,4.905914462801481,4.881737846143268,4.093306855250845,4.64024209112357
OCNT-2395781,JNMBUNCAVAQQQX-UHFFFAOYSA-N,5.752491707804932,4.284519051375635,4.818407457426869,5.008358552739923
OCNT-2395783,HZYLYVJGIBASSW-UHFFFAOYSA-N,5.216876397421596,4.308905071571525,4.645287504726054,4.4443097731679755
OCNT-2395795,SCPRVCRZHVPKLD-UHFFFAOYSA-N,4.3212213159529025,3.7208053795608773,4.799215951621202,3.5524003562295547
OCNT-2395796,FUKVXEGKZLQFNL-UHFFFAOYSA-N,4.952881851596774,5.078090281729044,4.35996139059701,5.131396449302095
