Molecule_Name,inchikey,CYP1A2_pIC50_direct_inhibition,CYP2C9_pIC50_direct_inhibition,CYP2D6_pIC50_direct_inhibition,CYP3A4_pIC50_direct_inhibition
OCNT-0021943,QZAYGJVTTNCVMB-UHFFFAOYSA-N,5.0910536553986,3.489001777859887,4.732375239060548,3.717722245538872
OCNT-0022066,IENZQIKPVFGBNW-UHFFFAOYSA-N,3.9453126345415575,4.408578022528119,4.67143143060749,3.6129700077810885
OCNT-0022127,LNEPOXFFQSENCJ-UHFFFAOYSA-N,5.010201428125143,4.804550566705412,5.001378368425053,4.606070906016565
OCNT-0022129,ZUXABONWMNSFBN-UHFFFAOYSA-N,4.84325277706324,4.212740574303107,4.951172591736857,3.946197071814672
OCNT-0022141,KLBQZWRITKRQQV-UHFFFAOYSA-N,5.169745105857966,4.978448639321562,5.479679005550674,5.481128849375881
OCNT-0022234,YRCWQPVGYLYSOX-UHFFFAOYSA-N,4.280520558536716,3.3530690678762816,4.823797787688976,3.1740849180536697
OCNT-0022246,ZEWQUBUPAILYHI-UHFFFAOYSA-N,4.811621986622949,4.928591337321751,5.231027693557692,4.902590824353808
OCNT-0022266,PWWVAXIEGOYWEE-UHFFFAOYSA-N,5.490398775895069,4.719419637038924,5.349826235625133,4.9139385944478375
OCNT-0022268,WIKYUJGCLQQFNW-UHFFFAOYSA-N,5.157541423718773,4.905276458101348,5.302740703171766,4.930238562518534
OCNT-0022314,FPCCSQOGAWCVBH-UHFFFAOYSA-N,4.0001880251092645,4.285149481674254,4.438157736855838,3.8913036870395294
OCNT-0022316,VCKUSRYTPJJLNI-UHFFFAOYSA-N,3.7342888720032485,3.913957759532359,4.607352750033551,2.7389571033555518
OCNT-0200796,FBOZXECLQNJBKD-ZDUSSCGKSA-N,3.8261545468712703,3.784258832290526,4.478966038451528,2.4627032188425084
OCNT-0319465,CDQSUAXVLAUUPS-UHFFFAOYSA-N,5.192565622715796,4.438563240969871,4.645682362000586,4.044706925124613
OCNT-0478539,DRLFMBDRBRZALE-UHFFFAOYSA-N,4.873209907147919,3.5922501047079463,4.544892121128349,4.578494885923234
OCNT-0483502,DOBMPNYZJYQDGZ-UHFFFAOYSA-N,5.2756249297631586,4.6377871069071235,4.632948245143223,4.819573586249584
OCNT-0492977,PIXMJBOEBUQEEW-UHFFFAOYSA-N,4.671085427305271,4.337349345243894,4.86374361050329,3.7299019043714114
OCNT-0493312,JCCNYMKQOSZNPW-UHFFFAOYSA-N,4.773866333031498,5.095755047237797,4.744933388402873,4.788005169299482
OCNT-0493346,LPEPZBJOKDYZAD-UHFFFAOYSA-N,5.658057208397297,5.046517618522752,4.34997078678804,3.288172956125949
OCNT-0493951,KKZJGLLVHKMTCM-UHFFFAOYSA-N,4.242749067356849,3.7803365015863597,4.407277883880576,3.1515161127896794
OCNT-0493990,MLDQJTXFUGDVEO-UHFFFAOYSA-N,4.542772177026296,5.132371862876328,4.407928507927471,5.091237845771744
OCNT-0494162,BFPYWIDHMRZLRN-SLHNCBLASA-N,5.120360953362796,4.642796139030288,4.854226474596199,4.88267390520248
OCNT-0494195,YQNQNVDNTFHQSW-UHFFFAOYSA-N,4.982178276417988,4.119884531748228,4.3699570819262,3.6801756377724852
OCNT-0494638,RUDATBOHQWOJDD-BSWAIDMHSA-N,4.6528910741163685,4.5838109370979705,4.644663733516456,4.1471341288184265
OCNT-0494698,ZNNLBTZKUZBEKO-UHFFFAOYSA-N,5.221971203607519,4.878870997640798,4.394870811769233,5.203855556006878
OCNT-0495039,QIVBCDIJIAJPQS-VIFPVBQESA-N,4.532080879928106,3.4231170638694284,4.252962450925324,3.2191058163404223
OCNT-0495153,OCJYIGYOJCODJL-UHFFFAOYSA-N,4.564347545524471,4.749791328637293,5.494348698600426,5.347055576235113
OCNT-0495303,WHTVZRBIWZFKQO-UHFFFAOYSA-N,5.627742282179761,4.753507617088776,5.057945523806345,4.406354866160656
OCNT-0495620,KXGVEGMKQFWNSR-LLQZFEROSA-N,4.60867367237692,4.5838109370979705,4.644663733516456,4.34538601889551
OCNT-0497934,YJGVMLPVUAXIQN-XVVDYKMHSA-N,4.65639083018293,4.601793831380625,4.628193129428213,4.7071639747015155
OCNT-0497954,WSPOMRSOLSGNFJ-AUWJEWJLSA-N,4.764271979030179,5.063682551186227,5.375147874574561,4.79682239031882
OCNT-0498064,RUZYUOTYCVRMRZ-UHFFFAOYSA-N,3.9706672931970934,4.381057389653753,4.580678531127551,3.707919663929588
OCNT-0498090,VKQFCGNPDRICFG-UHFFFAOYSA-N,4.563946747711981,4.317545950180554,4.074143889740075,5.0263251016009995
OCNT-0498121,JNMRHUJNCSQMMB-UHFFFAOYSA-N,4.87224467580429,3.4866004479590202,4.360773951674535,3.457236433654636
OCNT-0498160,MBGGBVCUIVRRBF-UHFFFAOYSA-N,4.629689101915541,4.744675490144333,4.253231520277947,5.0311552530859345
OCNT-1411118,PBJUNZJWGZTSKL-MRXNPFEDSA-N,4.692757781292236,4.751178823226536,4.944189734208532,4.8346657937370505
OCNT-1893991,JXZZEXZZKAWDSP-UHFFFAOYSA-N,5.01854725500782,4.896247953710461,5.054292988166269,4.741339452785023
OCNT-1893994,ZKMNUMMKYBVTFN-HNNXBMFYSA-N,5.020458633761989,4.3621174059358125,4.841426283443816,4.036245810732044
OCNT-1893998,RGOVYLWUIBMPGK-UHFFFAOYSA-N,5.531408518565899,5.190760950499826,4.544380544460069,4.120215081371829
OCNT-1911794,LOUPRKONTZGTKE-LHHVKLHASA-N,5.06152759815806,4.557643192364642,4.992958002336199,4.432997208320206
OCNT-1965960,INWLQCZOYSRPNW-UHFFFAOYSA-N,5.001616438107538,3.6099341683701316,4.875309761964534,3.9997001306056528
OCNT-2308470,RQGVCACJTCSQTN-UHFFFAOYSA-N,5.271407993313842,4.985297124128055,4.889147859054438,4.8812782162354305
OCNT-2308474,RMOQOPSUZCJLMR-UHFFFAOYSA-N,5.164634191572142,5.0531138634833335,4.618030638395308,3.8202715220490058
OCNT-2308494,HNTSVSUJRBPIDS-UHFFFAOYSA-N,4.813667182221892,4.754097631584018,4.73381528351444,4.13342773919126
OCNT-2308501,WCGOAKBBDHZUDP-UHFFFAOYSA-N,4.289065069028632,4.521038904994472,4.308841867339233,4.129474992488168
OCNT-2308504,WNVJJXBDZXMAAQ-UHFFFAOYSA-N,3.964103104924599,4.02854306400565,4.594463692326997,3.739110185256968
OCNT-2308512,HJAMHWGDBJJRCC-UHFFFAOYSA-N,5.0092890770791305,4.794365185236328,4.9393691206593155,4.739135111062445
OCNT-2308529,KBIFFZFLJCHRSB-UHFFFAOYSA-N,4.756050984100585,4.489833498527167,4.247067207429686,3.6541291450596263
OCNT-2308531,BZQFGNJQXVEMQC-UHFFFAOYSA-N,4.751303065313314,4.670259656866107,4.566703388615804,4.210153355126482
OCNT-2308539,ZWRLRPADEBXZJB-UHFFFAOYSA-N,3.9803247078082475,4.939449731439837,4.467352106828383,4.998652078497472
OCNT-2308543,AAUDAIVFRROHGC-UHFFFAOYSA-N,4.347279795363901,4.387453137078372,4.46029277574014,3.131000811260699
OCNT-2308553,PVLYROGYOCQWRM-UHFFFAOYSA-N,4.804759131719105,4.504451792227992,4.480953282357473,3.576639513440142
OCNT-2308560,KGGXLTJOCZBYMP-UHFFFAOYSA-N,4.560364352227489,4.73080963481281,4.790771503968541,4.6922148240629316
OCNT-2308571,JBLWNFFRBGGQRJ-UHFFFAOYSA-N,5.500853925971395,5.019792290530836,4.4535407288328965,4.343551652840527
OCNT-2308585,KOJVPCIQCXWRGV-LRDDRELGSA-N,3.960707590357265,3.708738714772585,4.775566804565019,2.346054825094009
OCNT-2308594,DLIWZFLURZGWCN-AZUAARDMSA-N,5.386264585651069,4.6320667532892745,5.185865539943093,5.268044434432308
OCNT-2308603,JLAOTGNFFLOXRH-UHFFFAOYSA-N,5.7845990181876354,4.728997332611666,4.7826959012922625,5.704742060171297
OCNT-2308624,HCZDJIDHWJKQNL-UHFFFAOYSA-N,4.408911336096715,4.572163405592722,4.997494314301527,4.406510242035327
OCNT-2308626,HQIXODCYFGBKNG-UHFFFAOYSA-N,4.530778004197342,3.867614948979817,4.8109130543933745,3.1246668586088515
OCNT-2308632,BNVYMBNZHADONN-UHFFFAOYSA-N,5.206647728810965,4.952023630764736,4.45573630824726,4.445704679802611
OCNT-2308640,AAYXDSMALIOPQB-UHFFFAOYSA-N,3.9181841972377702,5.351575691254534,4.36864952310911,5.507778711761831
OCNT-2308649,NECXPRJZRYCKAT-UHFFFAOYSA-N,5.3761372789127595,4.726395033154713,5.078102912318036,4.625929968241289
OCNT-2308656,SFFQJAZXVFNTET-UHFFFAOYSA-N,4.921263440428877,4.927481390582903,4.484712362788633,4.778580579972104
OCNT-2308660,KGJRVDOHNIXDMY-UHFFFAOYSA-N,5.4191190438775205,4.858641266413135,4.400116367673917,5.434314758947467
OCNT-2308682,JZKCGQFNKIROBD-UHFFFAOYSA-N,4.843534629249866,4.721089304927592,4.3884979267636215,4.4701486206245
OCNT-2308687,BOENRGZTNSTROB-UHFFFAOYSA-N,4.632827441264944,4.599148173248679,4.667122279878752,4.410162134439243
OCNT-2308689,RBIQMTORZFPEDR-UHFFFAOYSA-N,4.027294125874271,4.395725357680346,4.524751261531124,3.3985279046282475
OCNT-2308693,JKRHRSTTXYTARO-UHFFFAOYSA-N,5.052554853390498,4.970728488348452,4.268690393390137,4.640937520217683
OCNT-2308760,CZPCBSYPEXOWNN-KXBFYZLASA-N,4.529700710959335,4.376412933787058,5.130746585780994,4.326272305852085
OCNT-2308768,SLVCIRWUTNDVDY-UHFFFAOYSA-N,4.286363204054021,4.110975323695885,4.465901063627694,3.615982368984682
OCNT-2308794,FGQIIXMRZKWIQS-UHFFFAOYSA-N,4.477662016678338,3.6064790156564386,4.7266547394323295,3.260013941881654
OCNT-2308803,JIFHBVQNLSIJPG-UHFFFAOYSA-N,5.473413684504347,4.61445072829294,4.739130140971547,4.664983914105944
OCNT-2308808,GCIKBYNGPPOSAR-UHFFFAOYSA-N,4.963179886849239,4.184059907178712,4.658684662990562,3.1443587137155475
OCNT-2308818,FZCCZRTVIJFQKN-UHFFFAOYSA-N,5.116929910085381,5.088586681533176,5.036511111553575,5.330858178252451
OCNT-2308821,JAPPCCYAUPAWPQ-UHFFFAOYSA-N,4.849531435799782,5.072580104907402,4.697518980655838,4.670647741118697
OCNT-2308822,QECPZZNXERNMLC-HJWAUIETSA-N,4.517620224229801,4.417308983315852,4.672867859204962,3.428920805937657
OCNT-2308842,FQCKBCZETREUQU-UHFFFAOYSA-N,5.7166756547980695,4.8895365882614845,4.655089715935745,5.50863844609812
OCNT-2308851,ANWFMPNNWUQEGN-UHFFFAOYSA-N,4.56790655103771,4.039218646369958,4.7232401320682165,3.5491897115942312
OCNT-2308852,JTEWTVFVNPJYQY-UHFFFAOYSA-N,3.8579862346270595,4.161768537794121,4.758312542634969,3.8361784785687294
OCNT-2308860,GENBLLCBSGBWSV-UHFFFAOYSA-N,5.569495642073052,4.670024206790016,4.708705281206452,4.46978640706163
OCNT-2308866,TZHCGVRZHACKPM-UHFFFAOYSA-N,4.95115122834943,4.287928814057854,4.892549856857331,4.042203048670413
OCNT-2308872,PFOQBJFOBMXIFQ-OLZOCXBDSA-N,5.013582751535785,4.719780754032411,5.136547350470049,4.206308056998811
OCNT-2308951,CFCALRFTJMJNCF-UHFFFAOYSA-N,5.036650182672607,4.246468262913062,4.766531186659737,4.052165083697272
OCNT-2308952,YRYRQKCRFQZBJZ-UHFFFAOYSA-N,5.210410792334725,4.560892340626323,5.127747474267552,4.337754562246137
OCNT-2308958,APCKBGSTXTVQIO-UHFFFAOYSA-N,4.762137314999793,4.685451054845694,4.9933287056887385,4.632055269708152
OCNT-2308997,GDMXBTJFBFUQPG-UHFFFAOYSA-N,5.264351042790662,4.924576324731722,4.7810478652798425,5.331068787977077
OCNT-2308998,SMUXAFUMKFMQDV-UHFFFAOYSA-N,5.684592589424038,4.997306946841056,4.586020334554837,4.820472623748129
OCNT-2309004,CJEBHGVZWZPWSG-UHFFFAOYSA-N,5.491682442816779,4.702228962421661,4.801792854198958,4.7103431186688365
OCNT-2309012,CYDNTBXARFNHOK-UHFFFAOYSA-N,4.226945143213208,3.696406161585485,4.746903553921082,2.031127852296768
OCNT-2309019,YVFXCMLVGKSGDB-UHFFFAOYSA-N,4.666693220544921,5.183715775839405,4.258213278100569,4.997099922397049
OCNT-2309024,XSVIVDYCHPPUGK-UHFFFAOYSA-N,4.253522092531262,3.639460990714028,4.47682790635073,1.9634803983055
OCNT-2309042,MLWJNKOKQZCQFM-UHFFFAOYSA-N,4.879978080048569,4.065100740771242,4.13016907286669,3.4938958331477887
OCNT-2309070,CFGZXKWGGSEENY-UHFFFAOYSA-N,5.523983059814194,4.238129718982721,4.247443801955177,4.2661970046735345
OCNT-2309134,WOGAEFGJGCXZAZ-UHFFFAOYSA-N,4.114430079778337,3.7316920327110137,4.71276832998627,3.5067568568535807
OCNT-2309139,XEASEVMEKOGXHQ-UHFFFAOYSA-N,5.552833488325073,5.003067236803468,5.41721879105179,6.320492219279514
OCNT-2309149,HOLZORPNZUZFLM-UHFFFAOYSA-N,4.819942600438584,4.872765312460295,4.777006723065425,4.6350550920652545
OCNT-2309151,QJWGFXLKMHWCMY-UHFFFAOYSA-N,4.554660027183166,4.4442819369633515,4.563919164998033,4.690750019788565
OCNT-2309164,PNCMDCHZNMXPME-UHFFFAOYSA-N,4.304413194133617,4.1986265793650075,4.641393848792491,2.968532772775486
OCNT-2309175,QTYQHQWTDLCRNC-UHFFFAOYSA-N,4.004261045244411,4.883383932527457,4.754716399742619,4.586846217592257
OCNT-2309179,BWWQNTFNKYNBID-UHFFFAOYSA-N,5.611988031787372,5.017705365365087,5.357168634516285,5.581083923922717
OCNT-2309196,AWUCBRVUTSPZQP-UHFFFAOYSA-N,4.395886389967348,4.714366638869637,4.59178930562844,4.723881130027116
OCNT-2309207,FCZNJMSICLCNRK-UHFFFAOYSA-N,4.852354412099652,3.8523463408641057,4.677169904228168,3.972965633196628
OCNT-2309232,MKUCLUPMYFFFGY-UHFFFAOYSA-N,4.569685321736719,4.1724971101449215,4.564031249433994,3.5466296628160054
OCNT-2309246,HZJAEDMXWJCPPZ-UHFFFAOYSA-N,4.9898896962452985,4.6659132625009265,4.678791695822501,4.109725915778664
OCNT-2309266,ORECJXVOVYEVDN-UHFFFAOYSA-N,4.704071168994319,4.477279711269606,4.556491297655234,3.550582931454924
OCNT-2309274,ZXIVUUXCTPHHAO-UHFFFAOYSA-N,5.001705614482801,4.739985012056192,4.976766091130572,4.947662100119447
OCNT-2309279,TXZYYKDEFUKJEH-UHFFFAOYSA-N,3.8324039844437263,3.676958179323109,4.675930416755975,2.393373572948365
OCNT-2309286,CKULYSVCWINHRD-UHFFFAOYSA-N,4.648843775346006,4.628526534925706,4.219899278782955,4.109800103562301
OCNT-2309290,BILGZUNWWFGLCD-UHFFFAOYSA-N,4.370482617281314,4.756986116913574,4.661268478306508,4.776857417601199
OCNT-2309299,GAABTIDOVCUIJA-PIVQAISJSA-N,4.722872773711397,4.7413428495890155,4.693049964595524,4.596003423503751
OCNT-2309323,SOPSTNOHBNLMBW-UHFFFAOYSA-N,4.100523178475902,4.020127739273024,4.720470820025899,3.056140741332317
OCNT-2309324,QQISPTBFJAYJMO-UHFFFAOYSA-N,4.95770427911332,4.51179860223387,4.90560686189698,4.354906828083058
OCNT-2309338,FDGYVGAIXDSNLL-UHFFFAOYSA-N,4.89968881851467,4.922459922757091,4.77129800153379,4.811616315699298
OCNT-2309345,AKNWHDZNSOSXGU-UHFFFAOYSA-N,4.717847042526871,4.660240196300337,4.470767125563094,4.692744419499879
OCNT-2309347,SCYVZKJFARRCOF-SKDRFNHKSA-N,4.618398952849873,4.45776522904062,4.846615511915414,4.505066445396792
OCNT-2309366,NUDCKBSXSMSSHR-UHFFFAOYSA-N,4.744771120196142,4.673868191879356,4.38718219398498,4.804275093137324
OCNT-2309376,GBUSLTPPAQKFHD-UHFFFAOYSA-N,5.653879318217323,4.627442500642135,3.8286348226973757,4.277947784735921
OCNT-2309395,ZRPRJIZEXFJPDS-UHFFFAOYSA-N,4.467865475089508,4.314871082720019,4.435603400327299,2.7319573932641186
OCNT-2309415,SZIZNFZWYZMKGP-UHFFFAOYSA-N,4.564881796615775,4.570728943746362,4.889054614983836,3.980775941172936
OCNT-2309434,FKZOSNVMEGROHU-UHFFFAOYSA-N,4.480652856635919,4.559824916062169,5.032502554933211,4.036603946781439
OCNT-2309443,LTXRCYPELJYQOB-UHFFFAOYSA-N,3.894649043949933,4.762699388857536,4.892497157160301,4.5814493358010315
OCNT-2309447,SRJYGDXJLJWAOP-UHFFFAOYSA-N,4.805888359912096,5.065116280070205,3.8344366804317405,5.241441577043834
OCNT-2309448,PYIWSJVAJVCDJD-UHFFFAOYSA-N,5.51927782085405,5.03115048852031,4.80929945117333,5.568687078874705
OCNT-2309458,VRHSIWRFSPQEBM-UHFFFAOYSA-N,5.455790506247586,4.748209841097594,4.751990554003519,4.308968202457923
OCNT-2309469,CEXGDSRWXPGELQ-UONOGXRCSA-N,5.1928215574335965,4.796200193518047,4.976523158944795,5.208790360606883
OCNT-2309492,YRYCNCAAIQZHCQ-UHFFFAOYSA-N,4.546770289711997,4.409355562576916,4.9107615978260855,4.365792529835742
OCNT-2309498,NZGXZMLTWAOIJJ-UHFFFAOYSA-N,3.889246228322235,4.117022630775496,4.693626262368766,4.003524318420215
OCNT-2309505,VHRWMNXPYKUVDY-UHFFFAOYSA-N,4.487420841005487,4.624073610324122,4.5125818534064965,5.118383115673711
OCNT-2309520,PQDNSHRLKSHCPF-IUODEOHRSA-N,3.6498523191468655,4.207227852342375,4.713987760810277,3.8904417403717053
OCNT-2309524,OQWALVNPZPFZNB-UHFFFAOYSA-N,5.224509281229314,5.010687367971928,4.927228400959565,5.351278788549929
OCNT-2309550,TUNYSDUUJNGBOO-UHFFFAOYSA-N,3.9691171212029497,3.960764525481381,4.394221058345036,4.074462860726903
OCNT-2309560,UGLQFTQKYFIXRS-UHFFFAOYSA-N,4.134954385038107,3.8666359277579625,4.820983680291573,3.0639095439599813
OCNT-2309567,WUJHRFRBGPBFFB-UHFFFAOYSA-N,5.325401560920598,4.837784944698101,5.006139795322753,5.3322381249173825
OCNT-2309576,VJOLPRXCRRLZKY-UHFFFAOYSA-N,5.074169863955351,5.274847558280136,4.850124185821089,5.243785184635306
OCNT-2309581,XAKQUAVVZRFGRT-UHFFFAOYSA-N,4.761619048097572,3.5761547830019915,4.454706588810614,2.569591137943882
OCNT-2309593,ICQPYVZPTBHWKX-UHFFFAOYSA-N,5.45277166091628,4.730239250212651,4.630204076160627,4.642809420232773
OCNT-2309596,IXNDBORQXCOCSN-UHFFFAOYSA-N,5.094523939902645,4.2292772360548945,4.679586756346847,4.596013055961194
OCNT-2309598,XWCLCJYWVJRTHA-UHFFFAOYSA-N,4.811845884464999,4.2064218027565285,4.3451728465431785,2.8236609050294694
OCNT-2309599,PZBMCIRQTJSXEM-UHFFFAOYSA-N,4.364312727078649,5.045632934763436,4.221148847333664,5.031083833630941
OCNT-2309603,NJASTDRCXHCKCI-UHFFFAOYSA-N,4.559858650874534,5.016424181447012,4.4070779073940365,4.808147412475871
OCNT-2309606,MFIXXYBDPKWHOV-UHFFFAOYSA-N,4.378002436412033,4.583985290678514,4.772690589227963,4.879506220007319
OCNT-2309655,RXWSOBRRXFTSLA-UHFFFAOYSA-N,4.840327488147495,4.424149678611267,4.934249637332427,4.530410141386555
OCNT-2309659,QDMSJHDEIZETOH-UHFFFAOYSA-N,5.2338985107897935,5.250186367094037,4.391126595826423,4.918908203525851
OCNT-2309661,RSUDJUKPYSQPJM-UHFFFAOYSA-N,5.557138180986785,5.056919083214954,4.270533868428622,4.6588563055617325
OCNT-2309663,BBRIXFTZIRVEEF-UHFFFAOYSA-N,5.480436138281671,5.482416606553943,4.542858653782951,5.041387758472102
OCNT-2309686,XQSMMYKKUBTICB-UHFFFAOYSA-N,4.282252681550148,4.876706978259496,5.0546218563070004,5.172045832305752
OCNT-2309704,QMUPVRYCKBCCRT-UHFFFAOYSA-N,4.279419886720563,4.376641474641644,4.641366817829652,4.012050996469122
OCNT-2309709,TUNHMOUQIPHTBW-UHFFFAOYSA-N,4.350552174864879,3.9518238721038044,4.709175425823087,2.8616696668133588
OCNT-2309734,XKOYXYRROUYVSA-UHFFFAOYSA-N,4.693543124628326,4.130248796382307,4.528112819669849,2.98212423698107
OCNT-2309742,PDQLPNSIVZNUDK-UHFFFAOYSA-N,4.633325505294502,4.653696894700453,4.727155024224406,3.8892822363342434
OCNT-2309746,ZRDDUQNCPHKPCT-UHFFFAOYSA-N,4.537087118128624,4.149344613176436,4.816943536038596,4.295493168368573
OCNT-2309768,OOPGWPZBSRALIG-UHFFFAOYSA-N,4.193007455493914,4.027798060641077,4.485262269856827,2.9272588319026727
OCNT-2309776,JEIGWQHMZMNNGN-UHFFFAOYSA-N,4.943234076610812,4.426869237642818,4.95093914976542,4.404565803486544
OCNT-2309800,GIFUCGYPMBHNPM-UHFFFAOYSA-N,4.121185843979224,5.091385025265105,4.546898647853648,4.875517044310671
OCNT-2309801,LTKHJAAHPNJLHY-UHFFFAOYSA-N,5.339895273172052,4.978522537357721,4.297096145750658,4.5742798792476
OCNT-2309809,JZKURPYQVDAOOL-UHFFFAOYSA-N,5.007813952039389,5.383189046484885,4.922274672112415,5.325331772441405
OCNT-2309811,GAAAACRGNMPWJY-UHFFFAOYSA-N,5.273687480075266,4.687699522213305,4.716497897241236,4.4601623829083366
OCNT-2309844,GGSBXNSPXLOOHI-UHFFFAOYSA-N,5.230262483678267,4.6572711694725815,5.539556769427752,5.533592029171213
OCNT-2309846,FGUQAYRHKXYOTM-UHFFFAOYSA-N,5.816441836019803,4.720434437936638,5.078610086125655,5.526320432829135
OCNT-2309877,YKVLNDDAPLQHQD-UHFFFAOYSA-N,3.6797331936596858,4.262081807653573,4.775895194280063,3.7418569088886895
OCNT-2309905,LVJWCKKQYYBYRC-UHFFFAOYSA-N,4.229960499083387,4.625117303523925,4.645968889021899,4.460720677995925
OCNT-2309918,SVDYMXAJCOKQLE-UHFFFAOYSA-N,4.124396470261789,4.520007698267661,4.540826571486851,4.347960118644681
OCNT-2309920,OXVAKGJWUUTGGP-UHFFFAOYSA-N,5.147520908954086,4.968347823477096,4.307176158868731,4.849167917559804
OCNT-2309926,LECHJNCDFRJREW-UHFFFAOYSA-N,4.923846070653294,4.613346921512428,4.5053384028587,4.145348760673301
OCNT-2309942,AAJANOIUSFNLGX-UHFFFAOYSA-N,4.2892302438440515,4.488710877271367,4.675284851639171,4.418459149370339
OCNT-2309950,UWGSRPLGVVOCMK-UHFFFAOYSA-N,5.6359074321648555,4.575639075073186,4.264416719744572,4.462187478095665
OCNT-2309955,KAIXLFHXPRCWAS-UHFFFAOYSA-N,4.510258050731727,4.1460933988655855,4.485425844916522,3.1241293208165573
OCNT-2309987,ZPRQFKSHIREKOP-UHFFFAOYSA-N,4.918959592751793,4.903059348466487,4.572301316835528,5.246248543635373
OCNT-2309993,HJDIMWOEKKJXFJ-UHFFFAOYSA-N,3.8606994223725004,4.320551903215048,4.532568435181718,3.909165724020987
OCNT-2310008,YZDDODJEXHDWEE-UHFFFAOYSA-N,5.1206485164432145,5.235812060091548,4.640278828129253,4.975499493569066
OCNT-2310021,YXVXGYRWFHPXRG-UHFFFAOYSA-N,5.381572058880821,5.080884495268121,4.396960326737745,4.342795691331958
OCNT-2310024,YDDBBPMIFIWYPM-UHFFFAOYSA-N,4.729544358521945,3.951109327290851,4.878258667920039,3.910637042769917
OCNT-2310036,YUSOQWDLAGAIHW-UHFFFAOYSA-N,5.648189259732477,4.96564575445471,4.330311270337214,3.6901091421485344
OCNT-2310041,OQNCBOFIXGDOFI-UHFFFAOYSA-N,5.1586223279596926,4.616288982302086,4.420177786144439,5.076579779357933
OCNT-2310043,ZSKKBENNGKLPHJ-UHFFFAOYSA-N,5.121536425174344,4.397489702203211,4.480634374483349,4.343825264674124
OCNT-2310072,RPIPASCIKGRQNW-UHFFFAOYSA-N,4.720386232758288,4.98657995386647,4.250342224602091,4.802200258240219
OCNT-2310094,QLJSPTQLWJJXDU-UHFFFAOYSA-N,5.015338479746446,4.228279670509264,4.344695521495109,2.95914713224416
OCNT-2310110,ZLNSOSPUFUUSJT-UHFFFAOYSA-N,4.000636892270557,4.162778708255305,4.7198401698769565,2.5599710281349504
OCNT-2310119,OPPFQRUPYDGASZ-UHFFFAOYSA-N,4.762648418078997,4.933534023103997,4.739980370092374,4.668805764155604
OCNT-2310121,OSVJTIWAVNSEQH-UHFFFAOYSA-N,4.5963412337444085,4.009780626708744,4.6236416827586675,3.4259439893662855
OCNT-2310123,GJSIXZKKNDJEAL-UHFFFAOYSA-N,4.542586771873793,4.891522608582935,4.752293201042568,4.809063114690818
OCNT-2310131,KTFISXUNCYDJBB-UHFFFAOYSA-N,4.346621740249433,4.126303972394175,4.700414026920419,2.953105967487962
OCNT-2310137,HJSCMXIXVZQQOK-UHFFFAOYSA-N,4.136660598389897,4.676239342049584,4.859234507630855,4.272585784416409
OCNT-2310144,HZHXSHXBAHLQCN-UHFFFAOYSA-N,4.606295004669618,4.82570708944786,4.849495983393066,4.654087848178501
OCNT-2310155,HKZQTGCONNDGDA-UHFFFAOYSA-N,4.645642240961196,4.5160116827401255,4.635118713192338,3.9856998761754525
OCNT-2310156,ZRNDQMAKMCTGGO-UHFFFAOYSA-N,5.20420867512972,4.543613768619049,4.782661279156177,4.944913588896908
OCNT-2310157,LVUXIUDKFQBCBA-UHFFFAOYSA-N,4.357109381924994,4.096557619524529,4.674095750568669,3.8524073805472776
OCNT-2310192,IETCJVWWRSDVEL-MRXNPFEDSA-N,3.7809653639960943,3.848531712529351,4.5779454419627825,3.1797908247165783
OCNT-2310199,BMDUEAJNHZCKOW-UHFFFAOYSA-N,4.458466721284871,4.30604353825783,4.231629996510308,4.474125831288172
OCNT-2310202,AIOAUDKSZPZHDV-UHFFFAOYSA-N,5.140921567444399,4.887789802297041,4.649866080196092,4.657223234937589
OCNT-2310216,AJTSNWUPSBKAJK-MRVPVSSYSA-N,4.494500230514348,4.309279445444141,4.263368187112646,3.0378872096136385
OCNT-2310225,SOWHXMPYVHVKNM-UHFFFAOYSA-N,3.9466762321401907,3.609433685288283,4.714587410816551,2.850681690453105
OCNT-2310227,UFIOPUNMLAUYND-UHFFFAOYSA-N,4.27597437262893,4.232533873695702,4.679355703056711,3.1078910142411185
OCNT-2310261,TWKXRJAUKSDMNC-UHFFFAOYSA-N,4.523918127958535,4.992896972776409,4.051737148863175,4.9179365662857055
OCNT-2310265,NQKFCFZXAAUFSR-UHFFFAOYSA-N,3.8111411226645013,4.610007094982719,4.512152923263707,4.086308732313725
OCNT-2310319,LRCVBALEVVGLFE-UHFFFAOYSA-N,5.196982500445319,4.901501527801731,4.6889680956986695,4.681791543218209
OCNT-2310323,MBYHTKURRZPUOJ-CQSZACIVSA-N,4.145113252968641,3.6886821682142066,4.67398175598072,2.8244550816614984
OCNT-2310327,NANLFGLVROKLFB-UHFFFAOYSA-N,5.092489669262318,5.082688675707762,4.5577981692378895,5.064282435760446
OCNT-2310342,FTPBHHGBIJXPBQ-UHFFFAOYSA-N,4.704831925735381,5.117476457808189,4.265694944329582,5.690551420688516
OCNT-2310346,CCWBISGBXAFNFY-UHFFFAOYSA-N,5.009198400938259,4.514198901211697,4.856945328823773,4.2926075138676705
OCNT-2310350,IULOBWFWYDMECP-UHFFFAOYSA-N,4.981687861002808,4.450469905260817,4.745987790883198,3.088257008809528
OCNT-2310383,FJNCYMDRTAXCFI-UHFFFAOYSA-N,4.815332095689603,4.515317634300116,4.730752210715647,4.511092643989062
OCNT-2310396,GPUPVYRGIRMSAG-UHFFFAOYSA-N,3.8150319250640754,4.657843398622513,4.781583079390215,5.200400013807565
OCNT-2310404,NOKWLBSHOIIUFJ-SAABIXHNSA-N,4.879187406390474,4.599765542953054,4.538575758894096,4.75343923724227
OCNT-2310431,GFTTWKOXOFWXTR-UHFFFAOYSA-N,4.295979821904802,4.50056895092688,4.027212640517109,4.387476438372306
OCNT-2310432,CNIMFKSPIWBXRR-UHFFFAOYSA-N,5.235836589702787,4.810642404028924,4.454913088585312,4.429089367751768
OCNT-2310438,YFMFZOQOJHZEAM-UHFFFAOYSA-N,3.8263407859878398,4.468454885763186,4.357045322236721,4.3778420446810395
OCNT-2310448,LEQOABJBJQUSIJ-UHFFFAOYSA-N,4.676466566949893,4.302698761011263,4.389714061232088,3.5524401424204513
OCNT-2310458,SYXTXXKDVIEGLV-UHFFFAOYSA-N,5.148307590736914,5.301077422068787,4.431273748632331,5.3256372858608945
OCNT-2310470,CSLBMVDUODQHOM-UHFFFAOYSA-N,4.980823372990259,5.223619296608112,5.093247267818595,5.826208455099844
OCNT-2310498,IUGBKTDUGLZNFN-UHFFFAOYSA-N,5.1170736230519624,3.9372592244732445,4.683927345700295,3.5779314183005275
OCNT-2310511,HIOBZJFAABUCKU-UHFFFAOYSA-N,4.787171365668592,4.378931115979716,4.709018804474266,3.9701996960566475
OCNT-2310522,SHFKEHYHFQIENX-LBPRGKRZSA-N,3.9888786762957924,3.8137905201043196,4.823190928510391,3.188928169733019
OCNT-2310576,CSWBZQAJADZJPJ-UHFFFAOYSA-N,4.918521541640999,4.98220268872012,4.643155446666099,3.919880674088597
OCNT-2310580,XVRHQCGPDQBZJL-UHFFFAOYSA-N,5.291303576747504,4.857702269299921,5.001300870384446,5.1834572975916515
OCNT-2310589,FUJRKPHFQJPPJN-UHFFFAOYSA-N,4.939454821041014,4.712176733877208,4.973757139542885,4.969701769251439
OCNT-2310613,FNSPOGKBLVJSPX-UHFFFAOYSA-N,5.10841582312009,4.429449380702593,4.612492345302214,4.053268283178054
OCNT-2310630,KZSUIFPZSDMWRV-UHFFFAOYSA-N,5.012231965030117,4.022831986423596,4.8365497925201195,3.6167133477672926
OCNT-2310634,AZIRSKUMMWCLMP-UHFFFAOYSA-N,4.825114340705047,4.870624278336186,4.8534964549483375,4.458000835831481
OCNT-2310640,MOGCAEVCBIAYAG-UHFFFAOYSA-N,5.148719761759466,4.358278526540031,4.653611752287193,3.6281157989741954
OCNT-2310641,YKXGBOCHBJEVRD-UHFFFAOYSA-N,4.671573466480364,4.400681933354305,4.8832295572827435,3.2672627285822458
OCNT-2310648,LVKGJVDHSRWRLM-UHFFFAOYSA-N,4.819617762373413,4.448505273833489,4.454188319618261,5.007926645978899
OCNT-2310653,BSJLYSNMYGWDGZ-UHFFFAOYSA-N,3.8069686281074935,3.5164291694161802,4.779494152299726,2.5112175661133604
OCNT-2310658,GXPGHNGKEYVVSJ-UHFFFAOYSA-N,3.635968143689505,4.3102198666551255,4.780369006126523,3.9606846346429787
OCNT-2310680,AXXIEJDVBYZXLK-UHFFFAOYSA-N,4.949420662054515,5.248923703589291,4.8946121358597505,5.44915842869532
OCNT-2310685,SRJUQDSPYDJJMF-UHFFFAOYSA-N,4.688163572887573,4.54299395402009,4.799181859269389,4.441748607830287
OCNT-2310690,HCYSRWCEBFYUAA-CQSZACIVSA-N,4.583611898904352,4.631084902685186,4.766821487565353,4.752046857645761
OCNT-2310693,RSAHXYUKVAIXGK-UHFFFAOYSA-N,4.2552419432941875,3.935939711499312,4.89629109806266,2.5161817020246633
OCNT-2310698,HAVCMUREFRIDQM-UHFFFAOYSA-N,4.9645330704498685,4.6617649061744055,4.717739082704951,4.565650295063365
OCNT-2310707,RZGDXDYNQPUJNA-UHFFFAOYSA-N,3.797285657317205,3.376867310794622,4.84139657458517,2.482632044697499
OCNT-2310716,BZLXGFYLRNUUNG-UHFFFAOYSA-N,4.4029946921769065,4.010402022936543,4.5286976455772185,3.029335116588589
OCNT-2310717,BOWLVPUQMMJWEC-UHFFFAOYSA-N,5.282577632958939,4.650555745429903,4.1808823975187535,4.587102374850913
OCNT-2310726,GOHPXULFFDBKGC-UHFFFAOYSA-N,4.210537916392661,4.715497238792511,4.438853146028785,3.9683279557145754
OCNT-2310747,MOMOPKAZNASMQJ-UHFFFAOYSA-N,4.6538502555789245,4.657051568998945,4.439663967030387,3.748979217457598
OCNT-2310751,KZIDFUMZLWTNPB-UHFFFAOYSA-N,5.046290489803891,4.374894757579324,4.576357539717429,4.27568142491364
OCNT-2310755,BIGAOOHPAKZTOZ-UHFFFAOYSA-N,4.864266481630687,4.426198818272242,4.838876092936516,4.0956699369826115
OCNT-2310779,LWTKTABHWXYFOZ-UHFFFAOYSA-N,5.34619328735025,4.734629315123181,4.735086729032328,4.504524774292759
OCNT-2310797,WRRMQFMQWRSQBI-UHFFFAOYSA-N,3.9327607910571487,4.448946652989259,4.659190377679249,3.0237538894446416
OCNT-2310804,IWKOXNCMURNVKR-UHFFFAOYSA-N,4.507793002992793,4.504101423379905,4.696586103523337,4.594800204880982
OCNT-2310808,JZLNLPFYEPHWQX-UHFFFAOYSA-N,4.574733027443315,4.479436421858754,4.928545287254953,4.874932496783756
OCNT-2310822,PAZGEARGQQZYLI-UHFFFAOYSA-N,4.439974926291812,4.512504525240635,4.446146180529601,4.269183034231659
OCNT-2310829,WIPMLMLIKXSIFW-UHFFFAOYSA-N,5.037184047263901,4.537775780085885,4.9460518456819065,4.909510969753588
OCNT-2310839,HZOOOFYSGYSMTG-UHFFFAOYSA-N,5.0998092133201895,4.572228503102211,4.723392590609023,4.487530834978042
OCNT-2310843,UHBYZUKYPMONRO-UHFFFAOYSA-N,5.040390459399381,4.349887130457582,4.895806936477641,5.033869119756333
OCNT-2310859,RUVLBPWZPKTFQY-UHFFFAOYSA-N,4.911753795876392,4.659732353811463,4.662093572940619,5.054879312233562
OCNT-2310880,UPACZLZVVYCCPQ-UHFFFAOYSA-N,4.774808566678036,4.67874927541989,4.713853697801679,4.180326173227934
OCNT-2310901,HDXXWIMMIYDYQO-UHFFFAOYSA-N,5.587223152875169,5.206173967771232,4.8408289999148115,5.04658132377315
OCNT-2310935,PYENDQAOQUXIML-UHFFFAOYSA-N,4.780862079480601,4.7471839631000465,4.703185175774095,4.695499360184635
OCNT-2310939,FMPOGJMGFDQNLR-UHFFFAOYSA-N,4.647378509288304,4.594225679280831,4.293429815891221,4.271716050674745
OCNT-2310945,ZCFOZFFAVPLQDU-UHFFFAOYSA-N,4.798405623852852,4.472549968769804,4.5340905559831866,3.600966729826628
OCNT-2310948,WECBRMODQWSFSC-UHFFFAOYSA-N,3.987834761349545,3.973373024464728,4.403086594853862,3.138123403547798
OCNT-2310953,JNUPUTJOTQNJHS-UHFFFAOYSA-N,5.129269722513314,5.246855812269861,4.874194970834048,4.971734106671787
OCNT-2310955,ZNYHVNPTYPXHIV-UHFFFAOYSA-N,3.6724397706110974,4.118093833569901,4.633358648728306,3.544153236488435
OCNT-2310971,QUMDTFYGSJHRPL-UHFFFAOYSA-N,3.9977153173779287,3.7382997475836635,4.765742398982458,2.9784330472358795
OCNT-2310979,ZNZJGCOJFHWZII-UHFFFAOYSA-N,5.6762497742802625,4.8839630272830785,4.680251720504203,5.225964309005414
OCNT-2310997,SIPWPCZRIOWTLN-UHFFFAOYSA-N,3.8223560174533717,4.39120787425311,4.876476923896562,4.483312516606197
OCNT-2311017,HGMVMOMRKMPRSR-VHSXEESVSA-N,5.286327563978859,4.18202923448409,4.75986324359812,3.2138996150317745
OCNT-2311028,MQXPCGHXWRPKCK-UHFFFAOYSA-N,4.247973919408108,4.372010310285857,4.746736996861817,3.9454179568378662
OCNT-2311032,KXQCKBJACHMFEZ-UHFFFAOYSA-N,4.921357725150659,4.831821669184343,4.931526514965049,5.193543142294265
OCNT-2311050,RRHHUYUAXCKIRN-UHFFFAOYSA-N,4.2169563671115355,4.414237213152401,4.6644928705814825,3.9578255625696803
OCNT-2311059,IADLBRMVZTZASR-UHFFFAOYSA-N,4.692770639437784,4.795305288278719,4.906129981588353,5.2339222075136185
OCNT-2311060,FEGQQHPUTSRZAG-UHFFFAOYSA-N,4.17052548206412,4.253792589579664,4.5448339810720375,4.127627160047615
OCNT-2311061,YAHHSHNEDFLSFO-UHFFFAOYSA-N,5.084684886542555,4.772963869881408,4.787299960680649,4.168289581391764
OCNT-2311086,LHTZKKBQVHDQAX-UHFFFAOYSA-N,4.8854503679259755,4.2409340128543445,4.693869822279762,4.0299500364878265
OCNT-2311091,NLPVWZDQUHNWNN-UHFFFAOYSA-N,5.571195542395155,4.873799806165227,4.671400052250721,5.579507572553098
OCNT-2311102,OPNWCLOHWSTTAH-UHFFFAOYSA-N,5.192794697137233,4.331351239469515,4.429912664818202,3.3908575460022266
OCNT-2311106,XKPXTMLDEUTWQU-UHFFFAOYSA-N,4.747416773913044,4.208017606535556,4.790448784001212,3.5861427969881
OCNT-2311133,DAOAPMJKVUJXID-UHFFFAOYSA-N,5.022062368798935,4.856019768226865,4.9716690892732505,5.004425902466782
OCNT-2311145,GJUVVFXCXYLPPF-UHFFFAOYSA-N,5.18597653404722,5.116604307086533,4.287782396544477,4.794118210351478
OCNT-2311148,FXKCHSYNXXKFEX-UHFFFAOYSA-N,5.216969039822827,5.134878207053208,4.867520700687359,5.512404848964114
OCNT-2311150,ZHERNWQWOSHVNC-UHFFFAOYSA-N,4.7407470792553505,4.4877403617675915,4.1489734840237205,4.1599623838129025
OCNT-2311164,KXAWYHBBFHVSLR-UHFFFAOYSA-N,4.435896414065155,3.9229290824812955,4.624173213082118,3.1756837305826653
OCNT-2311175,LOHPAHJRSDGXHU-UHFFFAOYSA-N,4.9741102302699245,4.382688362376806,4.61267177142898,4.387949693094504
OCNT-2311200,NVPSOSIRMJDRPU-UHFFFAOYSA-N,4.872793207463025,4.152535544436294,4.254398853747825,3.7871352920667984
OCNT-2311225,VAZPOTJURGQWAP-STQMWFEESA-N,5.081953077967075,4.694601744964294,4.787825012821839,5.021915677589916
OCNT-2311231,XLDINVXKZGIJLA-CQSZACIVSA-N,4.447665861343498,4.627576174323595,4.746464988231303,4.546222240548924
OCNT-2311291,RQDDMLORJHULQP-UHFFFAOYSA-N,4.15400947265174,4.662395622405403,4.444918067657906,4.457068487775517
OCNT-2311293,SSOJFUYLKIYITA-UONOGXRCSA-N,4.413010086564983,4.053273615683922,4.733011174888536,2.8462640198047193
OCNT-2311294,SWUBLAYQXQUNCO-UHFFFAOYSA-N,3.7140966345421442,3.4664579487779257,4.7932397311906385,2.3891905538189135
OCNT-2311311,JSEDCBYKKMTEPF-UHFFFAOYSA-N,3.984436932615194,4.42953603221057,4.581152868636413,3.3834306141117985
OCNT-2311320,LCCOAQYOJSHIPJ-UHFFFAOYSA-N,4.970048990676423,4.99775789812985,4.697404814603319,4.513736166823228
OCNT-2311331,CDQDNPHFGYWSOR-UHFFFAOYSA-N,5.062386538121479,4.2803496146037485,4.540474311280223,3.196088437096021
OCNT-2311336,LQKJYHIZCLRVAA-UHFFFAOYSA-N,5.040466272738192,4.50439279585768,5.070053359848022,4.463385395143416
OCNT-2311343,SASVNHDDQBDFCM-UHFFFAOYSA-N,4.643535169088088,4.706825164868244,4.622239028513885,4.520702838425972
OCNT-2311402,OGIYBCQWFOZLPG-UHFFFAOYSA-N,5.091634714227574,4.46281523979809,4.580534982540095,3.3592117234206715
OCNT-2311437,JHVLKXIDWMPJMT-UHFFFAOYSA-N,4.773205067121197,5.126625836950317,4.6944335843820815,5.438032578372737
OCNT-2311438,FLLMSOQAWLVNEM-UHFFFAOYSA-N,4.539983462884167,3.908887693150538,4.742545032090689,3.496910893567737
OCNT-2311450,DBUJZAYXHSBDLC-UHFFFAOYSA-N,4.536303880596968,4.167964484704577,5.037997312887422,4.157825722205976
OCNT-2311453,FVWJNTSKIAGKNF-UHFFFAOYSA-N,5.453762571604372,4.628163776809495,4.913301778352198,3.8995958590389295
OCNT-2311507,KNHOKGYXVGIUBR-UHFFFAOYSA-N,5.1558683670676055,3.4776876171983178,4.824556435902261,2.037469515838455
OCNT-2311542,KWIFZAZOFYUVCZ-UHFFFAOYSA-N,4.294929845437487,3.8464736878172583,4.8969281851985285,2.856107154827992
OCNT-2311547,BHEAZNHFSNJYDJ-UHFFFAOYSA-N,5.258168313143662,4.9031381021328375,4.663318103297797,4.84126217764174
OCNT-2311574,IXIWLXFULLNPDO-UHFFFAOYSA-N,5.176779013031724,4.374166737958643,4.872754717941882,3.6805608478348546
OCNT-2311588,ATLZEXPCGWQKDL-UHFFFAOYSA-N,3.9527863154339116,4.351635787089799,4.77990789999104,3.125806507654087
OCNT-2311602,AIDXPYZJTIDUSC-UHFFFAOYSA-N,4.717893159748358,5.275421078268753,4.752415021752118,4.733517728063472
OCNT-2311604,GKRCFAAHQZDGMF-UHFFFAOYSA-N,4.435302641809265,4.214096161657659,4.28108142243263,3.464101172853797
OCNT-2311606,JISJHJWHBGLITM-UHFFFAOYSA-N,4.552790917067995,4.717799254468118,4.832866881133728,4.417981595077394
OCNT-2311619,YYKMRMTYTUHGAM-UHFFFAOYSA-N,4.751540130640418,3.7522826404108094,4.785864889808781,3.0055595192261806
OCNT-2311620,GKIZKNATVXCLLF-UHFFFAOYSA-N,5.3174483305852664,3.9468178075730154,4.711079188860199,3.5560126662007074
OCNT-2311624,FHLMPSUVVSVTAJ-UHFFFAOYSA-N,4.433167741705165,4.527805398626719,4.610370010506856,4.225878782510302
OCNT-2311626,JBQGWNQLFCYYOB-UHFFFAOYSA-N,4.336042913490055,3.7368467583388365,4.710286146080445,3.132029382459426
OCNT-2311627,BZSQFVKPLZFAMM-UHFFFAOYSA-N,4.2876906658206835,5.214723569232296,4.351484323258523,5.398251019620078
OCNT-2311636,QUGHBKJKLUPSCI-UHFFFAOYSA-N,5.36255166008331,4.905192211720209,4.752816070526275,5.213314146365405
OCNT-2311655,FLRYEXYQVHVJHQ-UHFFFAOYSA-N,5.27057109802723,5.157925683013383,4.656775715616211,4.592625808391155
OCNT-2311664,YDNMVMFHJDBZIM-UHFFFAOYSA-N,4.857517717502771,4.5641382528105,4.699347750123147,4.018382514170487
OCNT-2311689,FMIDPHAHVCLBIS-UHFFFAOYSA-N,4.731211431478151,5.069284139738277,4.08441888241047,5.125051169102979
OCNT-2311721,SWRIFYKPRHINJT-UHFFFAOYSA-N,4.673428484738881,5.149731721147896,4.490511452627929,5.166948543220327
OCNT-2311723,YTNJKWXYWVIMPG-SMDDNHRTSA-N,4.852000086232671,4.271770829607011,4.632441602921347,3.516385011016584
OCNT-2311724,BDFIQPRMLMCODG-JWCMVYSZSA-N,4.651974584158188,4.391834863633851,5.059914493292184,3.9017529344429502
OCNT-2311727,QPBXRIKKGPQSAW-UHFFFAOYSA-N,5.245241034086107,4.372706772595756,4.914804022061594,3.5093925664406638
OCNT-2311728,LQUSNRYERYWFOJ-UHFFFAOYSA-N,4.881805933600336,4.732995276106027,4.47963683404504,4.025965912941564
OCNT-2311731,VWXNHHNSTRKTRD-YUZWYKEKSA-N,5.556191023473447,4.822075200412441,5.182236549801148,5.623112991385013
OCNT-2311737,QSAMUNMEBYLCKD-UHFFFAOYSA-N,4.928072800044381,4.527728915451781,4.7505245117055335,4.589002862402353
OCNT-2311745,NDYIXONJSDUIQJ-UHFFFAOYSA-N,4.859767733950883,4.525376473896207,4.898620921261408,4.649111938031303
OCNT-2311748,OLKFTJZESRFYGM-UHFFFAOYSA-N,5.85850439813571,5.368709260699391,4.809861490846075,5.71821353847542
OCNT-2311752,TXHFRSPUYJGUOC-UHFFFAOYSA-N,5.109581008171307,4.940910740295147,4.180363904132812,4.775020237155386
OCNT-2311765,ZQZSFKJELGBYHA-GWCFXTLKSA-N,4.152461031949332,4.005320910236618,4.7121178205841865,2.524956241188156
OCNT-2311769,PLTRVIGXBYDJLW-UHFFFAOYSA-N,5.065873672166127,4.4721361592875075,4.62732032286944,4.536526390659324
OCNT-2311783,VTTXKWNUEYBJHG-UHFFFAOYSA-N,5.437382869265123,4.973937001327104,4.143237308678886,4.504082491676143
OCNT-2311797,OQWDBCXAINMZFS-UHFFFAOYSA-N,5.850923332218051,4.578622501632919,4.240490815107149,3.5095659907053514
OCNT-2311800,BIJKXSIAIACXNV-UHFFFAOYSA-N,4.857118500317105,4.51380878381519,4.821785170973377,4.2302057682853835
OCNT-2311805,ZUCYBEULVWTNIR-UHFFFAOYSA-N,5.720155150812239,5.020592011104907,4.955186292939458,5.646016803918442
OCNT-2311818,BDXZIUPCZHDUKE-UHFFFAOYSA-N,4.255421366104993,3.8282737143801366,4.790592962404132,1.9632158390982635
OCNT-2311829,ZMMHEFMEZJBPCK-XIKOKIGWSA-N,3.453892533772681,3.912430934937117,4.6220248238087285,2.378548784527548
OCNT-2311831,HOSNJLMMVKABFA-UHFFFAOYSA-N,4.410975368275356,4.165521653813072,4.819902271271294,4.455415072326831
OCNT-2311834,DGUHWPMRKMJECE-UHFFFAOYSA-N,4.4282385533085,4.588507990948412,4.698400172292773,4.448175077863257
OCNT-2311839,GSZWDSMTOYIIMS-UHFFFAOYSA-N,4.835696425889408,4.616154373445986,4.190159832716026,5.033930631038146
OCNT-2311840,PWJXIYCMKSEYTR-UHFFFAOYSA-N,4.5055294674635356,4.275491553428483,5.196921806081413,4.399072770314263
OCNT-2311846,JTSNGDOVWZSFLB-MLGOLLRUSA-N,4.103503211507761,4.12593234458211,4.6507634397890225,3.783058175658463
OCNT-2311855,QEGXZVYYVBUXIG-UHFFFAOYSA-N,5.482417929580569,4.747562970935164,4.685314921585424,4.770426856644065
OCNT-2311862,AOBRDNBXUPBCHC-UHFFFAOYSA-N,3.9503955915779425,4.6792917835406955,4.670681478667082,4.749960378266042
OCNT-2311886,WQIMXLYTESNREJ-UHFFFAOYSA-N,4.311073108367591,3.6204135471525625,4.700076378400888,2.940270551310743
OCNT-2311889,RBVFRCIGZGGBTF-UHFFFAOYSA-N,5.6453822639100215,4.826304912700023,4.0087511959879665,3.987344888896156
OCNT-2311892,NAOJMNUZHUNOKN-UHFFFAOYSA-N,5.219477010507837,5.067404951643891,4.7591146220215155,4.2539725039866365
OCNT-2311897,NSBQHSGIUPTPOI-UHFFFAOYSA-N,5.758245199176385,5.1944235971600925,5.02477974123651,5.646708038352545
OCNT-2311909,VDVJUEFMOAEWCR-UHFFFAOYSA-N,5.338555362665134,4.697187303678191,4.779247413035037,4.950422824702521
OCNT-2311916,WYWNLPSNCOQRHL-UHFFFAOYSA-N,5.141564469848387,4.7063110707038875,4.121602979350162,4.622067323058494
OCNT-2311937,JERSGWYTALKMNY-HNNXBMFYSA-N,5.751250736024946,5.039607170492802,4.8919734025587385,5.409889906847151
OCNT-2311956,QMPNSZFQZAWABV-UHFFFAOYSA-N,4.6404128305535215,4.2564553520227735,4.847295222420223,4.679649101745949
OCNT-2311971,GLFWAGLXPAJCLJ-UHFFFAOYSA-N,6.184320798441109,5.293822874871362,4.653932779431232,5.507742376914549
OCNT-2311975,XKCNZKKZCLFYSV-UHFFFAOYSA-N,5.5466673075598125,5.276872140432377,4.809604619992281,5.641490459686279
OCNT-2311997,PLLPKUFSZTVBTH-SFIRGFGWSA-N,5.27238297016745,4.734575793273543,4.797582566221959,3.998362887937352
OCNT-2312000,FRTQFAFJPFTPEO-UHFFFAOYSA-N,5.021137897484497,4.6654776854544355,4.698755878011913,4.8790704409081505
OCNT-2312016,CXMFJZYJIIGCDT-UHFFFAOYSA-N,4.888063437822526,5.019943686405244,4.772922870846296,4.956374150523994
OCNT-2312020,DPQLVVYCRUDESV-UHFFFAOYSA-N,4.899514178376891,4.609452947513298,4.765637893350007,4.561471017199304
OCNT-2312033,ZSOHLKDAXCTETM-MEBBXXQBSA-N,4.3650023809211715,4.305336969584533,4.619771616168964,3.445053857273312
OCNT-2312041,HFJBOFQTRHHVPS-NSCUHMNNSA-N,5.157962581281841,4.5640365703469135,4.729063528314462,4.2666036665190665
OCNT-2312063,ACLZYKQVCOTFGN-UHFFFAOYSA-N,4.41364470518107,4.791394585130546,4.780118927526877,4.157310406797889
OCNT-2312069,LMIAIOODQVMDQA-WJYNOGRTSA-N,4.891966762670735,4.669768015817526,4.941432206528001,4.234560663261818
OCNT-2312074,JBYHKBDJPAJRIB-UHFFFAOYSA-N,4.541959321777249,4.680408535792122,4.196725368156611,4.766208677817164
OCNT-2312103,ZXXMWZBQFMKETN-UHFFFAOYSA-N,5.334822693238467,3.5807585082519977,4.752341277714461,3.377620785280733
OCNT-2312107,UHEMPWQRYZEJBV-UHFFFAOYSA-N,5.10525501737378,3.9364522217248648,4.314003005858648,2.9552756766364383
OCNT-2312162,VGDYEJHSCSQLGY-LBPRGKRZSA-N,5.561528443378947,4.877190916250144,4.646127196701903,4.325910760405446
OCNT-2312189,OQOYJJXISGSEFD-UHFFFAOYSA-N,4.827618083169456,4.345219175960975,4.889649004058658,3.970309599908877
OCNT-2312204,YCLBQJAVZIWBNG-UHFFFAOYSA-N,5.260498322181275,4.6943863311870215,4.718500536963944,4.78767919829841
OCNT-2312258,GTFXEPGXKWPROT-WKILWMFISA-N,4.843544068419067,4.2620856576362485,4.840886068457273,4.168711268743089
OCNT-2312272,ZFONBGVUTOBBAZ-UHFFFAOYSA-N,4.984400394791679,4.629565717454559,4.719025880606151,4.970483428220117
OCNT-2312280,PJEMYXKINDARDB-UHFFFAOYSA-N,4.974371442794369,4.727643764760143,4.809145325011791,4.35029896587559
OCNT-2312308,GYNQRMHTTCULMF-UHFFFAOYSA-N,5.3019782155856205,5.302923350038799,4.6689293292599725,5.687491304791572
OCNT-2312322,SFBJQTXZKXTYKE-UHFFFAOYSA-N,4.857686060313232,5.035302549506603,4.484708710469445,5.106219800664818
OCNT-2312351,IDXOTOSTBGIMFM-LLVKDONJSA-N,4.808328876838692,4.8478859791457385,4.686085154116978,4.28359015790267
OCNT-2312358,WCXGBOSREZEJPV-UHFFFAOYSA-N,4.616581462155476,4.556723289615254,4.919378272321205,4.73026736546605
OCNT-2312373,ZUSNMOKJMOPBJW-UHFFFAOYSA-N,5.036366400748455,4.731501365747508,4.564863841202826,4.2849750722575415
OCNT-2312376,UIPHQHVWOXUIQY-UHFFFAOYSA-N,5.453576981970608,4.645616857825905,4.383270738575263,4.828262147265312
OCNT-2312385,KKWSFYUJRQXGAA-UHFFFAOYSA-N,4.986629708240012,4.501619233224537,4.819838720512281,4.658467536114028
OCNT-2312387,RDFSDZSZRPSGPR-JTQLQIEISA-N,5.222867016858963,4.584365145496914,4.55831280213397,4.779693927338503
OCNT-2312389,FFPBQUADYURRAR-UHFFFAOYSA-N,5.590651391806188,5.103910416286318,4.758361015457492,5.427503612086315
OCNT-2312392,PQAMIQVSIIWVLA-UHFFFAOYSA-N,5.007863902221111,4.073095526143406,4.700489987031356,2.816851965559828
OCNT-2312400,VHWWQLJLNMECEF-UHFFFAOYSA-N,4.7608534943623955,4.707412981232234,4.6324255772839855,5.017447855181082
OCNT-2312407,YCGWTNODMPQGJL-UHFFFAOYSA-N,5.281996940397998,4.719716031171573,4.715133584737833,5.175495060166159
OCNT-2312422,UNUXWZHOGXQRBK-UHFFFAOYSA-N,4.1902725023495275,4.122742535802428,5.044061353076622,3.3073571537072097
OCNT-2312443,RNYJQENSIQGTFO-UHFFFAOYSA-N,4.722912760996227,5.10015700214614,4.772464023232324,4.613422975951625
OCNT-2312465,JUDIGWCSUCRCTM-UHFFFAOYSA-N,5.190918487586811,4.404839460569682,4.774074480126327,4.354449994106664
OCNT-2312480,USKDSEPSXFSQII-UHFFFAOYSA-N,4.83734907724876,4.712563191868967,4.364165341943452,5.278404975485916
OCNT-2312493,LPKCTGUWFTZGHX-UHFFFAOYSA-N,5.498639674093326,4.751237624438483,4.613434202382026,4.199614259610175
OCNT-2312511,PVQWMGIQWLAPQO-KGLIPLIRSA-N,4.786998960355542,4.221684250219671,4.873886577773101,3.66268255231418
OCNT-2312530,JGAKLUHQBWJHCU-UHFFFAOYSA-N,4.055262537034075,4.388031296874707,4.436371957324757,4.345197768608326
OCNT-2312537,OFBSKHGQUHTUAK-UHFFFAOYSA-N,4.958038021304518,4.220546511715478,4.315296415136024,4.042323249070684
OCNT-2312558,JMUPJYABPJKPMN-UHFFFAOYSA-N,3.6063231698243343,3.7089756639992806,4.615493187496353,2.335267075514445
OCNT-2312567,IRHNGEVFACBSDS-UHFFFAOYSA-N,4.586079846906644,4.152074485807117,4.762517717294887,3.5429539996718784
OCNT-2312581,DXIJNEODHVKRKU-UHFFFAOYSA-N,4.683383245044815,4.457014850709978,4.973107835878461,4.332120093659667
OCNT-2312592,BTIVUGONCMEKNX-UHFFFAOYSA-N,4.72882982165513,4.505069198413006,4.137918560312742,3.8585810691047766
OCNT-2312607,QIHYSNAOCJNIRD-UHFFFAOYSA-N,4.437419892888929,4.961115623739463,4.458679204954615,4.61767308192703
OCNT-2312608,DBDCGPKJFAXMNC-UHFFFAOYSA-N,5.207745950436895,4.236328851148618,4.955636027239585,3.617086125140489
OCNT-2312616,NNSLNWDCBLFAMQ-UHFFFAOYSA-N,4.642602491374237,4.361942338748183,4.744821133141837,4.405208435389281
OCNT-2312624,AEAYDVXZPKDZCK-KBPBESRZSA-N,4.822113989325242,4.005664408513715,4.331903214694479,3.3719515616261058
OCNT-2312656,XWDHGERTKVTTNK-OCCSQVGLSA-N,4.978019697482291,4.422354361193279,4.564893419269203,3.615129487351115
OCNT-2312659,FPZDMQCYMFEBKJ-UHFFFAOYSA-N,4.722121645876865,4.7493992291274765,4.7554789521208995,4.050647623812848
OCNT-2312668,XITUDUKCDZPINF-UHFFFAOYSA-N,4.954749298170856,4.376783210548277,4.417227430725222,4.8959658851977865
OCNT-2312714,WUAZOSQKECLJFW-UHFFFAOYSA-N,4.701403268090439,4.585777080530395,4.749763491785993,4.241801887660737
OCNT-2312721,LFVLCVXPWUQACU-WFASDCNBSA-N,5.011774345326217,4.667302829066696,4.769261016743776,3.8214670503116657
OCNT-2312728,WFMZVSWBAHEUAY-UHFFFAOYSA-N,4.541443618582177,4.160712423411912,4.6185328758854505,3.1311282161537233
OCNT-2312731,DWVAWAZUSUBEMQ-UHFFFAOYSA-N,3.9412614563871347,3.8994840003165794,4.97253747931142,2.987121952475935
OCNT-2312732,QPKBSKVSPWCCIR-UHFFFAOYSA-N,5.074461481382057,4.3172575620143245,4.516724070883061,3.997289370864127
OCNT-2312741,ZZFSIEKTPZLRNW-UHFFFAOYSA-N,5.3070786673703445,4.6453894646060405,4.955541756142714,4.693809858241662
OCNT-2312742,JBILOGVIBNCUSD-UHFFFAOYSA-N,3.83596553577687,3.697675463261029,4.685707808828099,2.459690590047034
OCNT-2312743,CTEXNEUTVYKFTD-WBVHZDCISA-N,4.19082783093603,4.302506247447042,4.7460515853905445,4.003730272375191
OCNT-2312749,ZAFLASWCWZQRCU-UHFFFAOYSA-N,5.110392839218991,4.872163023421229,4.832880005259514,4.101164071420962
OCNT-2312760,MJSHQBKOOKTKQV-LBPRGKRZSA-N,5.142426842229736,4.625906563253231,4.877239037187678,4.401333602885056
OCNT-2312779,IAZSTIBERROYCJ-UHFFFAOYSA-N,4.756070168212778,4.375680135526881,4.634605314254927,3.975682320844367
OCNT-2312781,AQTJUFQKRCVXHV-UHFFFAOYSA-N,4.662249342315317,4.583055558574016,4.694091277892161,4.019165425105475
OCNT-2312807,SDSCCHIAXZKJFU-UHFFFAOYSA-N,5.057427686307231,4.70476802855514,4.96658319781039,4.919064360273484
OCNT-2312822,WYEUZHWYVCUYQY-UHFFFAOYSA-N,3.4435604403782314,4.203002746594207,4.546289421908823,3.928771298665767
OCNT-2312830,MEDIVWVWIKCMBU-UHFFFAOYSA-N,4.182907376754113,4.574295601147217,4.612341399967561,4.312849449961336
OCNT-2312847,XVEOZZDPTYFUNW-UHFFFAOYSA-N,5.042469058993731,4.436924389243995,4.530894297867231,4.858036048980247
OCNT-2312853,KBMGYZFUIIVYPK-UHFFFAOYSA-N,4.938012623578067,4.738070038523923,4.784970074918571,4.371151494267518
OCNT-2312860,OWRGYPSJKIWUAT-UHFFFAOYSA-N,3.643319117948732,4.548049453097471,4.589831821089419,4.24016527451095
OCNT-2312906,WGYQLXGWKYLPFA-UHFFFAOYSA-N,4.911406253147671,4.630664914595108,4.671189738035182,4.5940761228418445
OCNT-2312921,ZIGNJPLWUJFGKO-UHFFFAOYSA-N,6.017905704706775,5.153619168013679,5.518434395032604,5.878466790861155
OCNT-2312967,XLHZRAFTJKNKHX-UHFFFAOYSA-N,4.279541557833192,4.17705169280805,4.642423178890249,3.5656945213638886
OCNT-2312969,BVPRAXPGVAOBHM-UHFFFAOYSA-N,5.374501290831394,5.078753600445095,4.5878463313634805,5.37967719016566
OCNT-2312973,XZTFOQBCMPUHSK-UHFFFAOYSA-N,4.513564220302765,4.118526656935179,4.3980094503451,3.503227179445468
OCNT-2312992,YUDPHUQAJSBUDT-UHFFFAOYSA-N,4.333561204440215,4.358754265581869,4.553472257562498,3.8484299724224433
OCNT-2313019,WRAOZYOLOJSJKB-UHFFFAOYSA-N,5.09652451825988,4.6477931189605215,4.542940311011439,3.9660874946842912
OCNT-2313031,RZFIMRUQWQTVLX-UHFFFAOYSA-N,4.2458815911313765,4.603362183245381,4.788872859637846,4.735342825652011
OCNT-2313046,IPBKBWMBTUWLTQ-UHFFFAOYSA-N,4.795272970140612,4.619155790556974,4.562139002940013,4.747599823673882
OCNT-2313067,BKMRUBBEUPJYLU-UHFFFAOYSA-N,4.510680797058622,4.200919386267118,4.681686396619396,4.220694809104321
OCNT-2313094,WFTNCVLBOBLEGN-UONOGXRCSA-N,4.54624049957273,4.382856854229879,4.717538029763693,3.744804347292505
OCNT-2313099,XMGSKHFJBUJBTI-UHFFFAOYSA-N,5.153830488355855,4.261953183693587,4.722602371309112,3.525882584276709
OCNT-2313103,WNBIMBZYKXPHFP-UHFFFAOYSA-N,4.27773157499415,4.3989921391948545,4.6151351432549514,3.6532857223391306
OCNT-2313107,OXSKBKVLTNYZJZ-UHFFFAOYSA-N,5.043927308615757,4.649333501992347,5.027226947215744,4.635258326669952
OCNT-2313120,HNPLJDLBILRTDZ-UHFFFAOYSA-N,4.8142628155787905,4.91639569356463,4.376491896937464,5.333592497884943
OCNT-2313133,DMKVLYVYLQRBKM-UHFFFAOYSA-N,5.077391842346051,4.226083773414816,4.157888330841651,3.496571648231805
OCNT-2313145,BLHIRVBNLSHBMK-UHFFFAOYSA-N,4.31056608292779,4.445638221304312,5.056614616286184,3.8091242924558637
OCNT-2313174,KUEFKGHTPSBWEL-UHFFFAOYSA-N,5.1516713115695625,4.851028757528414,4.340399395386395,4.914351213609619
OCNT-2313175,BQFFKKCJFAURMU-UHFFFAOYSA-N,4.338698832439731,5.067397750358987,4.469963837740331,5.011810350699784
OCNT-2313198,JOBIHDLHMORTRY-UHFFFAOYSA-N,4.971640960525919,4.4741050283695945,4.65915341094108,3.7232926800486386
OCNT-2313211,LYSMXLVEIFJYBM-SJORKVTESA-N,4.63160649998653,4.328733080586643,4.495169537946267,4.144747973445339
OCNT-2313243,JTRQTLSPUXJTCE-UHFFFAOYSA-N,5.2929590255977095,4.704090695385501,4.1607195643807415,3.955181916608068
OCNT-2313255,FSRWABFDKDBIDA-UHFFFAOYSA-N,4.357107387753848,4.342354923788551,4.658117835983328,4.224742168640979
OCNT-2313271,LDIZCMIHDANSED-UHFFFAOYSA-M,4.4413989483984775,3.801872288415966,4.57095807441221,3.5324468622680705
OCNT-2313287,PSPNJHJLCZRMIA-UHFFFAOYSA-N,4.830730383333138,4.117261541079996,4.635756563129697,3.01879368694503
OCNT-2313300,AMGUHAQZHHPZGU-UHFFFAOYSA-N,5.6290450642787775,4.416814879755046,5.355065679945992,5.745553841212357
OCNT-2313314,RTATWVVYZGOVFV-UHFFFAOYSA-N,5.322410568880642,5.088008359255993,4.092243179113442,4.913700759885788
OCNT-2313326,FYIVOYFZRCZICX-UHFFFAOYSA-N,4.760352027992896,4.875726348198231,4.167700142741928,4.274638262253246
OCNT-2313366,RCUPFXKTPISMDD-UHFFFAOYSA-N,4.891135055587328,3.9145601465012043,4.900152550422131,5.116158934056847
OCNT-2313374,OFYRXFGVIZMXNC-UHFFFAOYSA-N,5.154268712178154,4.498066727311722,4.6592172710088535,4.043346921982461
OCNT-2313386,OSXYWHPJKFSHBZ-UHFFFAOYSA-N,4.955271196736554,4.833478207598848,4.000961764301194,5.1358041432345045
OCNT-2313393,JTFCFWFAKZPANV-UHFFFAOYSA-N,3.810339370602554,4.226615968978263,4.619839596178256,4.142716320780667
OCNT-2313401,CFKFIYOZBUCKGU-UHFFFAOYSA-N,5.198292292194509,4.4013547868866425,4.6001060583220275,4.5592461259446955
OCNT-2313421,UEZFUSJYOQQFGV-UHFFFAOYSA-N,3.818488485200317,4.113677896486471,4.7779885428708235,4.406093264367285
OCNT-2313433,QSCFSMUONJJUJB-UHFFFAOYSA-N,5.121377700275667,4.838435044638703,4.8564495433249855,5.225263757179486
OCNT-2313460,PPLFVYMZLYWYGR-UHFFFAOYSA-N,5.352788833305308,5.124040421643468,4.756188566665632,4.622753682177789
OCNT-2313504,RUWDIHYCVZUURS-UHFFFAOYSA-N,5.44377091486557,5.01640377161507,4.253527171568728,4.914469898432986
OCNT-2313509,YTUXANBXYDOALA-UHFFFAOYSA-N,3.954758344607345,3.696444723466529,4.952309636947229,3.453704373686517
OCNT-2313515,AMFIZLVJCNIIFQ-UHFFFAOYSA-N,4.3929319107953155,4.25883843103672,4.60952537816065,3.1952926888392614
OCNT-2313521,KAIWQGPNSLOCDD-UHFFFAOYSA-N,5.005589948810362,4.734995780577141,4.449000866887518,4.264474088798018
OCNT-2313522,NXAQFXFUPZLHKK-UHFFFAOYSA-N,4.405238664160658,4.826642873957128,4.650892311430214,4.917390815016195
OCNT-2313532,DBEMDJCSEVHWPT-UHFFFAOYSA-N,5.113324982647606,4.7733883590602195,4.331845846115142,4.683625902739619
OCNT-2313558,OIPJIZBECNFXGT-UHFFFAOYSA-N,4.364815938801071,4.210611302679428,4.765876504110226,3.6484432085441783
OCNT-2313567,DHNZZMXDGCZABY-UHFFFAOYSA-N,5.313099797972033,4.581252095643474,4.985322493803776,4.202671953781848
OCNT-2313581,RJDNHGAQACJKRG-UHFFFAOYSA-N,4.135483149812229,4.29621941889376,4.8020341274078335,4.224581162475854
OCNT-2313639,UUDRQUDXXFGXLQ-UHFFFAOYSA-N,4.782249898678259,4.754537907718802,4.423355494139528,4.161538901000628
OCNT-2313642,GGXUBOXSDLLLRW-UHFFFAOYSA-N,4.970122514478482,4.140689982250802,4.632604977241446,3.943116085215654
OCNT-2313643,YQHXRQUOFRLUFK-UHFFFAOYSA-N,3.7802809665610693,3.933131780178482,4.511670096198831,3.934983493482936
OCNT-2313645,FRCQMDKKZZBGTP-UHFFFAOYSA-N,5.444000266813533,5.026296239732072,4.765734064412627,4.553315585548261
OCNT-2313652,CEMCKNGTJNXVBU-DNVCBOLYSA-N,4.619453088690632,4.30256688115598,4.942164454612266,4.2116243139374285
OCNT-2313664,PDHFEWSJRAAGIE-GUYCJALGSA-N,4.304377030254844,3.9482715850947643,4.640055991928407,2.8898597824919747
OCNT-2313666,SSOPMQGHWIWDLU-UHFFFAOYSA-N,4.181463267996549,4.041099929130813,4.759484741031444,2.6776598357267094
OCNT-2313667,NWIQZCQGBSFWSR-UHFFFAOYSA-N,4.497012873491549,4.250025539726246,4.92296194441683,3.8908802221969627
OCNT-2313671,WGKDQQWFANDLEP-UHFFFAOYSA-N,3.9963941527780023,4.368842748050905,4.7735493966731415,4.311948841836978
OCNT-2313675,YDFOSAZBCLLMBO-UHFFFAOYSA-N,3.68207475987437,3.999609792395426,4.5342038328182666,3.7512862132011215
OCNT-2313684,KTXGZAHGTOTYGL-UHFFFAOYSA-N,5.57806796294297,5.2747078527955775,4.386158078139994,5.006994928155154
OCNT-2313708,NDFPYBQHVQZPMN-UHFFFAOYSA-N,4.2484589128665755,4.334409552245336,4.689784652683033,3.322894274884408
OCNT-2313710,BIFLDVCMWKAYEW-UHFFFAOYSA-N,4.7102988867094355,4.847328445980522,4.785839657249694,4.741361876100052
OCNT-2313789,OORSXFVBXLFCHO-UHFFFAOYSA-N,5.059832002329141,4.837851376030817,4.82189266847409,5.016548685496871
OCNT-2313792,UFRFFDWQHAVRIU-UHFFFAOYSA-N,4.617140221481237,4.690696084901973,4.351574640104247,3.946095003702138
OCNT-2313804,UTFJVWIFVHWOCG-QMTHXVAHSA-N,4.563072726614351,4.560337663745275,4.563669840847358,3.220109356269737
OCNT-2313808,MKQBWARPRLEMRM-UHFFFAOYSA-N,4.344825440967325,4.132533216005778,4.76685113147846,3.626778607552814
OCNT-2313826,OSJLPZDRGKVMAN-KBPBESRZSA-N,4.627451004422649,4.589310694451847,4.700332298527761,3.594581408618615
OCNT-2313839,GPJFIUFMOSAZGL-UHFFFAOYSA-N,4.448235824254019,3.9707565736261246,4.7245523082248635,2.80616967422266
OCNT-2313845,CEZWATQPKVMJIE-UHFFFAOYSA-N,5.105632699617628,5.06008717671532,4.579940532849738,4.827242656414234
OCNT-2313867,XCJBZSLPRJLGAD-UHFFFAOYSA-N,4.866537415877879,4.767779084810295,4.898712555549104,5.21371711262594
OCNT-2313871,LYIQMTLUFSULDO-UHFFFAOYSA-N,4.299587419106031,3.965857046885807,4.614795107218122,3.378570831855991
OCNT-2313887,PEIDMFGKYSEABD-UHFFFAOYSA-N,4.62121819159068,4.328770730663135,4.7831896681750665,4.040407682766293
OCNT-2313897,QVFHSMGCYHVHEX-UHFFFAOYSA-N,4.404599450960722,4.35977394009948,4.836879394694484,3.8138221207230516
OCNT-2313909,UZRQOSFDZJTFGF-UHFFFAOYSA-N,4.721360623363518,4.681043754513188,4.320709999838889,4.217247987781584
OCNT-2313910,LSRTWYOTIFENKS-UHFFFAOYSA-N,4.750567393578652,4.707626177893693,4.699180837682185,4.590671293819823
OCNT-2313912,MFQUCJFOGBKLIU-UHFFFAOYSA-N,5.047281502724922,4.605954731689406,4.70294592235694,4.348185203601912
OCNT-2313939,LCJHPXYBKAHYBP-YPMHNXCESA-N,4.990139910556468,4.37569125009127,4.768211723916573,3.7366907240314093
OCNT-2313944,NUKPHKXLLJXVFK-UHFFFAOYSA-N,4.169422877691682,4.950690578165911,4.593739624183213,5.2429329913201785
OCNT-2313949,HYDMJJIQJHFVMR-UHFFFAOYSA-N,4.486714986742103,3.9140190547862197,4.6962493245450245,2.4337455821955984
OCNT-2313954,WGRJKHRILGAHPP-UHFFFAOYSA-N,4.8891491462238825,4.492591357374346,4.804859291449146,5.069261319220522
OCNT-2313984,CVPBNALLHHKCFW-UHFFFAOYSA-N,4.933847976367799,5.138440983212436,4.46209448800926,5.156130228891869
OCNT-2314011,UXHPOOLMZAWLIS-UHFFFAOYSA-N,4.495663142673008,4.409454721023117,4.937194844715009,4.235514601210502
OCNT-2314017,LEQSLZQFYHLUIU-UHFFFAOYSA-N,4.880219355431117,4.812653786309154,4.705899584985319,4.920858684819724
OCNT-2314033,RJCXPEGJXBHJKB-UHFFFAOYSA-N,4.3593984657568,4.015023633030782,4.8026043078610225,3.2819822106384353
OCNT-2314036,GJSVSPJKICEEPA-UHFFFAOYSA-N,4.239066934689772,3.709301496609808,4.564218887570722,2.604339104609308
OCNT-2314041,ZUYXKEDIFSQYBY-UHFFFAOYSA-N,4.706303779534962,4.1221392592414166,4.9044194705854505,3.4904892470348217
OCNT-2314054,VQVPXYROELRNLE-LBPRGKRZSA-N,5.202763735204583,5.050153584932291,4.496851519791306,4.681709910021506
OCNT-2314062,NEGKAPWDJURIMH-UHFFFAOYSA-N,5.384865059989663,4.874714249035476,4.124324276763346,4.76742309245676
OCNT-2314067,BBVBTGGZKHONFX-UHFFFAOYSA-N,4.260275042871333,4.931577810649389,4.678772106824972,5.191178936429736
OCNT-2314073,DIYUFBAIKTZZNR-UHFFFAOYSA-N,4.214497668755423,3.9658691848020844,4.64242502514936,3.4116680186740256
OCNT-2314074,GHSVIASTMJPJAL-UHFFFAOYSA-N,4.7896770863291165,4.459392030774016,4.7944772082751665,4.146006862610492
OCNT-2314127,ZWKPLPQOZQTTCU-WDEVSDKISA-N,5.22189270089474,4.1703095387426234,5.070576806339116,3.5847637320507446
OCNT-2314135,UHKMGEDTTFFMSI-UHFFFAOYSA-N,5.255261596825992,5.09545234067012,4.830560571079517,5.0719683959816155
OCNT-2314148,RVTZNVLWCXLJPL-UHFFFAOYSA-N,4.619731675991143,4.664699028398143,4.966511168579945,4.691661190248458
OCNT-2314151,LXJKAAXWGFNAFK-UHFFFAOYSA-N,5.425412032228071,5.3373879847559165,4.106222120514362,5.293426740652625
OCNT-2314172,VEUVBVWSGSYXGX-FZMZJTMJSA-N,4.376318837661595,3.7502796070009303,4.4356463172126475,3.0710654027971014
OCNT-2314176,ZERPZYBRMRUZEU-UHFFFAOYSA-N,5.5407727834629315,4.897402829793416,4.943805787150903,4.931963761009165
OCNT-2314182,IVCDGKPHARCRJC-UHFFFAOYSA-N,6.007111308551761,5.24876210825227,5.192394385017476,5.737890410270551
OCNT-2314199,JATURAANLPDRKL-UHFFFAOYSA-N,4.220051489418446,5.2443837104957085,4.34655800960298,5.406653365479829
OCNT-2314210,MVNQOYNSBTYFJP-UHFFFAOYSA-N,5.35750614157535,4.520522892237161,4.711275408499334,4.700756388048905
OCNT-2314213,VLJKAMHQYUPXEX-UHFFFAOYSA-N,4.677844025609795,5.043255781879563,4.25979252611457,5.043750968412258
OCNT-2314215,DIPOULUMVHFNBF-UHFFFAOYSA-N,4.81547021125195,4.590556765211156,4.98313797130778,4.158353429565062
OCNT-2314254,PNZYMSWQEYPOPA-UHFFFAOYSA-N,5.080575504796659,4.58231565165212,4.4885108035091275,4.946841546791499
OCNT-2314266,VHVGLSGEIFKTCG-UHFFFAOYSA-N,5.170644909083388,4.418041343698434,4.538551374299348,4.553276579608243
OCNT-2314267,KLULEELEFHAFLA-UHFFFAOYSA-N,4.730993280175131,4.610198488223026,4.746535895945849,4.9627988243230226
OCNT-2314275,UOAZSMRAKRPPSF-UHFFFAOYSA-N,4.704001093252855,4.42994224776266,4.803088909003638,3.8819945152371393
OCNT-2314279,NVQLRNPGJMCFJN-UHFFFAOYSA-N,4.670723993536994,4.775101167484421,4.501691178385116,4.499456398346175
OCNT-2314283,LKHLFUHYEJGOEG-UHFFFAOYSA-N,4.446988886023277,4.632267454067914,4.722796317020563,4.602397533687334
OCNT-2314295,KFADPKUTZZVLIQ-OAHLLOKOSA-N,4.499812329520448,4.5541727642115974,4.397235256857463,3.700839911778067
OCNT-2314306,FAIPFRSDTGEWBZ-UHFFFAOYSA-N,5.315013667324602,4.981591504765922,4.726315384357547,4.710280816341505
OCNT-2314310,CRRWDCQIGUFMTL-UHFFFAOYSA-N,4.371781176090483,5.297743509083754,4.618268345172621,5.381776790450926
OCNT-2314321,WDVWPZGOCHWSJT-ZETCQYMHSA-N,4.059008417871754,4.218060795151742,4.357399168687839,3.934462647123039
OCNT-2314341,KBTGNWQIXXNKTI-UHFFFAOYSA-N,4.945220001425934,4.368540759980706,4.557354536104814,3.1047775296614635
OCNT-2314354,MILIOGNESIKGOH-UHFFFAOYSA-N,4.316185292957952,3.97210214710989,4.735821783968012,3.0216704134804218
OCNT-2314381,AVLOASHADGUSOL-UHFFFAOYSA-N,5.108885418423352,4.60311230185373,4.830399083440454,4.9612929065292555
OCNT-2314387,ZPNRFLVQUATPER-UHFFFAOYSA-N,4.450150161217088,4.653136546201509,4.6354781156157845,4.255557985168841
OCNT-2314397,UAHSWNYRQYPIEV-UHFFFAOYSA-N,5.442527333130227,4.658641948085561,5.14189819173826,4.398209329282279
OCNT-2314402,XTZRHLYNKPNFJU-UHFFFAOYSA-N,5.486023409677851,4.683763674261086,4.843830905910119,5.404202720858204
OCNT-2314405,BFEUJJDBPNVUAZ-UHFFFAOYSA-N,4.896550219663939,4.80273903253343,4.688970113792879,4.690647089524151
OCNT-2314433,PDCGVJNVWODTOB-UHFFFAOYSA-N,5.3456679318969575,4.266087770120755,4.7025860824989225,4.646561296001212
OCNT-2314454,XXQZZAVTJKDDAX-UHFFFAOYSA-N,4.966156060573505,4.1853753209471565,4.481000817781684,3.697550401754178
OCNT-2314482,SCENQOKIKYBZGN-UHFFFAOYSA-N,5.104176139376001,4.80221491156471,4.508147451040576,4.658546581258663
OCNT-2314502,UPDFXVMQTKYTKC-UHFFFAOYSA-N,4.668714122302672,5.346881325894943,3.881095337387192,4.869649357846035
OCNT-2314524,LQVTYUIEGKMZHO-UHFFFAOYSA-N,4.393517513871966,4.409710516648827,4.746212867303544,4.343936816824472
OCNT-2314537,DSQFTSWIPOKTPP-UHFFFAOYSA-N,4.092715172112169,4.030929003423302,4.6098125576002555,3.1748552268689836
OCNT-2314539,CDMXNTHBKPPMIJ-INIZCTEOSA-N,4.142341658467697,4.732071053160635,4.838499548825327,4.384557420568123
OCNT-2314547,LATOOSZSOUGHJE-UHFFFAOYSA-N,3.884259096676665,4.497086001782691,4.547708960752203,4.00181248482791
OCNT-2314559,BRLCJROZNOOQAY-UHFFFAOYSA-N,4.704830629380653,4.843516407177811,4.793383804969243,4.458700573782088
OCNT-2314574,VMMAOGVIBOQCRR-UHFFFAOYSA-N,4.210467895909127,3.71949330445387,4.523090753933029,2.661659536869239
OCNT-2314575,LOQPWSNDFNSRCO-YOEHRIQHSA-N,4.3525678564462975,4.182735664493711,4.909784669996435,3.621260510283168
OCNT-2314586,SMPWASMRDISMMM-INSVYWFGSA-N,3.901512437522334,3.7121924623480003,4.778187638016061,2.604109439139933
OCNT-2314588,SGAGKBYBXBBBFW-UHFFFAOYSA-N,5.516215820814187,5.325889992319787,4.800591160151107,5.766170367118126
OCNT-2314592,QKNOSEMAOFCOMM-UHFFFAOYSA-N,4.634028510973479,4.084389890302975,4.549311954029191,3.079991691518593
OCNT-2314609,RASBLIZWRZHKCZ-ZDUSSCGKSA-N,4.618457896691979,3.9150839475865786,4.47375866701253,3.1700115497284918
OCNT-2314616,HUIABVFTVYHWJJ-UHFFFAOYSA-N,4.331162553960497,4.154041554069552,4.661952405173628,3.993575770529015
OCNT-2314630,LSLIEHCSXLSEBB-UHFFFAOYSA-N,5.099202983603552,4.872344791280504,4.785213880789319,4.375312610071955
OCNT-2314632,LAXFUTMBNOBLAP-UHFFFAOYSA-N,4.882604451326426,4.201295611830468,4.515269515392783,3.4086079439455985
OCNT-2314682,PHJZMKYHWKGXEO-UHFFFAOYSA-N,4.868075517853867,4.507611205898789,4.992124744174019,4.058103422618249
OCNT-2314683,GKYGLOCHFIRIIR-UHFFFAOYSA-N,4.977840245402254,5.13157509023414,4.362112077038991,4.802093163796778
OCNT-2314705,PALLJXRWIIGYCG-UHFFFAOYSA-N,4.7470371974826415,3.8088582258477968,4.8422080601218624,3.282574721633223
OCNT-2314706,QXPYQRMVAGAKQV-UHFFFAOYSA-N,5.173444515240585,5.153979668408846,4.5567930569915305,4.88404801758144
OCNT-2314724,RXXQUZGRACSXLB-UHFFFAOYSA-N,4.977381210738263,4.288034945219881,4.673657842610719,3.058912180982726
OCNT-2314726,USHNZYKNXBMNCZ-UHFFFAOYSA-N,3.682651126491482,3.4594334068512107,4.73814977829583,2.997319869926951
OCNT-2314744,RDICYFQRZMFODS-MFKMUULPSA-N,4.299474362792119,4.421328365784455,4.896480849600072,4.294305817083418
OCNT-2314750,HDZXPBGQDAEJGU-UHFFFAOYSA-N,4.390934462168204,3.4485699642862953,4.985091254082722,3.12742197999773
OCNT-2314759,YWMOZLLJWDAVMV-UHFFFAOYSA-N,4.946961202026186,4.524606181405132,4.725139478050649,4.674979177167177
OCNT-2314770,CVYZOTQELJXXRO-UHFFFAOYSA-N,4.82968976244477,4.423681199136393,4.934910316127378,4.075166464609067
OCNT-2314796,QWGZRNQOLUAEIB-UHFFFAOYSA-N,4.34224095515005,4.810930017098847,5.351066292815573,5.5096440763692875
OCNT-2314805,OWUMXLCYZSGLOQ-UHFFFAOYSA-N,4.279289391860027,4.363953761285968,4.85647738118203,4.6343956432037885
OCNT-2314816,UVTFRJCSVXDRSZ-UHFFFAOYSA-N,5.132106114364905,4.2297118304203485,4.833203057989276,4.359550278113605
OCNT-2314820,YDZMNLGKLZGCSU-UHFFFAOYSA-N,5.153029789928752,4.61985610820415,4.5387714439215605,4.350231356328163
OCNT-2314853,PUEJSMDTGQUQIA-UHFFFAOYSA-N,4.791256761185181,4.642733669771612,5.03094729184402,4.853420550991591
OCNT-2314859,GTHFTMXIWHJARY-UHFFFAOYSA-N,5.005360383259492,5.08068506082475,4.718121975913597,4.616568861945012
OCNT-2314864,IZSWTCQKDZJSHD-UHFFFAOYSA-N,5.785796170915297,5.539967384030392,4.756366275045687,5.843955634903792
OCNT-2314866,PUVFNUJBXLULQY-UHFFFAOYSA-N,4.2984797211395644,3.7389500156586677,4.6387643155365295,3.8054359610062285
OCNT-2314875,KLXUZEOQTNJRRF-UHFFFAOYSA-N,5.5760302769283205,4.980588755415042,4.542290631355522,4.859996987475158
OCNT-2314895,KNTPHJCKWPHKJW-UHFFFAOYSA-N,4.898486530917774,5.219647027374879,4.132696381908455,5.126637322710374
OCNT-2314899,NZQDVNRULUOBED-UHFFFAOYSA-N,4.667490627175822,5.0110875816480105,3.981075237647212,5.357197299299192
OCNT-2314929,WYRQUHYUCVJXLF-UHFFFAOYSA-N,4.671837444641893,4.5214091632931215,4.5358701815643485,4.348188239380805
OCNT-2314960,CTBCAGWGSNTRHE-UHFFFAOYSA-N,4.285446653090875,3.941233551021336,4.720487844362522,3.64395658334992
OCNT-2314992,ZBKBXXMIEOKEDU-UHFFFAOYSA-N,5.235488490821321,4.2405246540031625,4.473865871030042,4.098083043226166
OCNT-2314993,PHELUAMDTXQCHI-UHFFFAOYSA-N,3.849736569505724,4.096392854880629,4.5468188375550165,3.0303565753252513
OCNT-2315001,BXAIWANBKAGJGC-UHFFFAOYSA-N,5.252326532148253,4.70788959112269,4.348003396784883,4.014687533997357
OCNT-2315007,KPZHOTAFRDKLBB-UHFFFAOYSA-N,4.628416349232988,4.454617774845996,4.648442486313144,4.188172587733406
OCNT-2315036,BUVFEHNROMUBNS-UHFFFAOYSA-N,3.954152616496836,3.6875284570149116,4.807016565108378,3.869216651207135
OCNT-2315050,VXFXFMMWFUFBAR-JOCQHMNTSA-N,5.187290856173718,4.456087820101313,4.633357390811506,4.369250298300425
OCNT-2315056,LBCJOUUDNYKSSR-KRWDZBQOSA-N,4.4105664191033425,4.270372952240477,4.866889776961476,4.416431447402799
OCNT-2315079,YCHNKCQNPQJYSD-UHFFFAOYSA-N,4.352670854343027,4.333991298583866,4.59273706193125,4.193731809209528
OCNT-2315082,WCQPNTIVTWMJSZ-UHFFFAOYSA-N,3.7778675895344227,4.241894680859573,4.520759300394343,4.107154177215217
OCNT-2315103,FWQGELGUVIJUCC-UHFFFAOYSA-N,4.381563616352054,4.523299287362518,4.622781022139713,4.495699257368774
OCNT-2315126,VJHDBUJUYUPJJI-UHFFFAOYSA-N,5.02313403268615,4.530353583307367,4.600178445909401,3.6015915747108096
OCNT-2315131,FDGLXIWOBFIFIJ-UHFFFAOYSA-N,4.662933672437094,4.672752878854975,4.535206128265253,4.705097150995546
OCNT-2315133,AHQNKQQOLTVRAI-UHFFFAOYSA-N,5.329638290164878,4.750961004158337,4.984697044062185,5.58656634158656
OCNT-2315149,YCVRUZSBJRNHDW-VQIMIIECSA-N,5.209801730736325,5.038047610926928,4.77028018347737,5.2956420527431005
OCNT-2315153,FEROKVSYPLWBAJ-UHFFFAOYSA-N,4.244167292328555,4.388137763097992,4.603543921675008,3.9474991819964838
OCNT-2315165,PJVFRSPLCNBIGM-UHFFFAOYSA-N,4.467433211832308,3.8658261989295846,4.628176248039535,2.2910576548176182
OCNT-2315172,SUGLTFAJWIOHPU-UHFFFAOYSA-N,4.461050760975693,4.156681299386411,4.9232919993009014,4.093329909905657
OCNT-2315178,NMGBMHHLXGGQSX-UHFFFAOYSA-N,4.796449718298911,4.249767964517132,4.534489948437454,3.9440487357063727
OCNT-2315186,MVVQOOQOXKXXNX-UHFFFAOYSA-N,4.41884309955439,4.627755828880625,4.796782205629046,4.496493561097207
OCNT-2315195,NMOWDWMKIBNABG-UHFFFAOYSA-N,4.847249389235117,4.547912975249897,4.333003591288511,4.3196320170140545
OCNT-2315200,XDSNDYXIMICPRR-UHFFFAOYSA-N,4.0659948782620665,4.938635231909714,4.616652323353707,4.928394987378829
OCNT-2315201,FLSQQEOSBFMSDU-UHFFFAOYSA-N,4.939500595640045,4.639826280558079,4.891854426795207,5.136048352658316
OCNT-2315213,DGRCPXUHDLNDFW-NSHDSACASA-N,4.39297603789358,4.06509015781433,4.776280375210506,2.9033193401491797
OCNT-2315226,HRGHCIWBUYKSCA-UHFFFAOYSA-N,5.008098918086796,4.918858468631327,4.717761389814795,4.59670010103413
OCNT-2315252,WXHNIZSHBMNFPP-UHFFFAOYSA-N,5.676215869434432,5.098898363784664,4.959705909210085,5.831997119160785
OCNT-2315259,FKGZTTKABGMFKO-UHFFFAOYSA-N,5.27184286900009,5.00819399807443,4.544657334404383,5.275027726684554
OCNT-2315263,MZFRIUHVVSLKNK-UHFFFAOYSA-N,5.258494814032701,4.569866080033401,4.611505166558004,3.7432429221967487
OCNT-2315296,HZJWQJHQWQCMTO-UHFFFAOYSA-N,5.327594854032218,5.084176901205149,4.25340724808318,5.133003261634288
OCNT-2315308,LKYSPIBWGJDZSC-RDJZCZTQSA-N,4.922274715518545,3.9301490868068347,4.864532744769315,4.238563681805464
OCNT-2315329,RASGZHDTHAJHKS-UHFFFAOYSA-N,5.142076638561009,5.103814098807294,4.4232535904205745,4.8661074536971025
OCNT-2315331,NVIPJYUDRHGQJO-UHFFFAOYSA-N,5.227114594575434,4.538634427804672,4.894418183411962,4.45352070451599
OCNT-2315333,CJHXDOWULUIHLK-UHFFFAOYSA-N,4.179440818757206,4.594045098046546,4.047098883636588,4.866949238029863
OCNT-2315338,DJMHLIDBQJJDOT-UHFFFAOYSA-N,4.475631883822198,4.790130260838535,5.00620558591122,4.740891024293843
OCNT-2315342,AJLGKZFVBQWOMF-UHFFFAOYSA-N,4.413171479932162,4.076702189646244,4.593552749896237,3.9516386522325324
OCNT-2315349,WFVSDBTXMRGQAP-UHFFFAOYSA-N,5.572240825500955,5.049493133916941,4.643786311063671,5.944611608672835
OCNT-2315363,YBMMVWJJHJIUIW-ZIAGYGMSSA-N,5.286875326640351,4.510329106308218,4.806401055712063,3.397424579570309
OCNT-2315371,YVQWEUNHKAAVOA-UHFFFAOYSA-N,4.105926520032213,3.979676699718158,4.546303466412625,3.1898133770989916
OCNT-2315417,FQTOHOCJEYDRRG-UHFFFAOYSA-N,4.1890830873176625,4.337008272599086,4.482256207963197,4.086092583259205
OCNT-2315433,KBOZBGOGXVJYQF-BRQZFJGMSA-N,4.690773203983826,4.473836849463015,4.819943801494518,4.00076223521899
OCNT-2315444,LINUEMAWVXHAKO-CRAIPNDOSA-N,5.441254476259338,4.716965116212661,5.186978798351545,5.348010121726098
OCNT-2315460,FROSMHXGVUTODR-UHFFFAOYSA-N,4.3308525905158515,4.224729543031394,4.53589225617522,3.9594011896651047
OCNT-2315505,HLRHRWSRSVLASR-UHFFFAOYSA-N,5.104935300119448,5.111107393255125,4.933469707972823,5.3105451988858166
OCNT-2315508,UERZMAGKKQJDCW-UHFFFAOYSA-N,3.8296902318495025,4.321024207237417,4.544658869957686,3.2458730739073043
OCNT-2315514,IUZLYQRADKSHLN-UHFFFAOYSA-N,4.608191250869339,4.419060374983426,4.767776212288447,4.978897207910071
OCNT-2315543,GHBJCJPSHWBOJK-UHFFFAOYSA-N,5.168417237908112,4.696623914091729,4.665233198495052,4.884340636392203
OCNT-2315568,GCZWMXIZJQSSJV-UHFFFAOYSA-N,5.250424347153333,4.7062644762016745,4.831735248873675,3.4545141175379377
OCNT-2315583,HYJXGOGSQCUIGI-UHFFFAOYSA-N,4.743515084656496,4.736718743549179,4.6752159077704265,4.503929091516811
OCNT-2315589,QAWOQFIMBHMFMT-UHFFFAOYSA-N,5.201758954116111,5.074090889102815,4.30318608002424,4.9678592477700905
OCNT-2315610,RUAGYLLVGYPLQJ-UHFFFAOYSA-N,3.9045437948381725,4.502487625980233,4.241858729277774,4.010126319414741
OCNT-2315611,GRHXBVIMQMYABG-UHFFFAOYSA-N,4.622021516193752,4.317693512643155,4.2659776924482635,3.389256558172115
OCNT-2315615,PERIRYDITADLRX-UHFFFAOYSA-N,4.175550519206963,4.053579690112459,4.702074248854541,3.549049329779794
OCNT-2315618,OQNXHUMGKSWJDA-UHFFFAOYSA-N,5.401336905500988,5.119790406716712,4.398886667496646,4.69337373646717
OCNT-2315621,DUVALDLJIYQNBJ-UHFFFAOYSA-N,5.182460107336071,4.368179559069891,4.551959242141122,4.253887447455215
OCNT-2315654,OLJFNVZJUWIQBA-UHFFFAOYSA-N,4.111913166149698,3.5409369587129937,5.091568739437265,2.7449101696898044
OCNT-2315684,PDLOAELCEZJLJG-UHFFFAOYSA-N,4.802700057055663,4.41950972642876,4.853975889092368,3.339358737836917
OCNT-2315688,QJHGNLFVGCRXSJ-CQSZACIVSA-N,4.382804212400043,3.9833583782279267,4.946129762165087,3.7707456457796393
OCNT-2315690,CCOWGWCBXJNVNW-UHFFFAOYSA-N,4.956585595903688,4.669980831879359,4.891937528071382,4.22354512632241
OCNT-2315702,SLSYBPBKTDBVFO-UHFFFAOYSA-N,4.158541423458404,4.0430130742931425,4.391887598714796,2.73076945217516
OCNT-2315727,BKVJWZUCLLNQBZ-UHFFFAOYSA-N,5.180580026975326,4.606366415037124,4.663235339227373,3.514671069124616
OCNT-2315765,RNTOIGRBODRYSF-UHFFFAOYSA-N,3.915469001970112,5.039234763016651,4.662919559391302,5.2592163622939685
OCNT-2315778,MHUIEAVAYPDUIK-UHFFFAOYSA-N,4.518909764033428,4.9712554166967395,4.692195205852842,4.895532546047615
OCNT-2315779,VTXNZXOBDCSWOG-UHFFFAOYSA-N,3.99746264993531,4.217117558757481,4.534764897885274,4.400416171164531
OCNT-2315780,ZUWJKCQLZRWURZ-UHFFFAOYSA-N,4.911416414395507,5.0408241111462395,4.765226976269478,5.066849721840457
OCNT-2315799,KSABBJQXOFJFMB-IEBWSBKVSA-N,4.810783215316432,4.551316039159546,4.734851091499682,4.095296990637589
OCNT-2315832,RKIRNVHTEYUZIG-UHFFFAOYSA-N,4.888303138088067,4.509550116831775,4.796725582582283,3.9626372915874972
OCNT-2315840,LAIDWRUPIKZGLH-UHFFFAOYSA-N,4.29751288906722,4.0185659636251865,4.8781663681544725,2.70995975906042
OCNT-2315851,ABEXPSKBOVMHEU-UHFFFAOYSA-N,4.953973461542979,4.853498375497568,4.619724774617754,4.69735735575852
OCNT-2315865,GNYQIMZCLGCRDQ-UHFFFAOYSA-N,4.819782752445319,4.936656934337419,4.8386075728273505,4.962008988594973
OCNT-2315870,COGRYNSHDIJCGF-UHFFFAOYSA-N,4.748605941531148,4.2143860674619384,4.7647088530503705,2.9044495023460284
OCNT-2315878,OAKQXSLAVRBBFO-UHFFFAOYSA-N,4.375759559158189,4.025107201486109,4.695767536432927,2.390011201439393
OCNT-2315893,NJWPFCZHUWORBI-UHFFFAOYSA-N,4.705617199715738,4.107214404814614,4.638823499407015,3.2630716364014383
OCNT-2315895,XSYKQYURMSKXHU-UHFFFAOYSA-N,4.020411179785716,3.907695602071324,4.9197704544958825,3.3307485755911923
OCNT-2315903,AUWZLAUAWCSWCW-UHFFFAOYSA-N,4.728437789932653,4.144757916049328,4.981987911740335,3.43702148634276
OCNT-2315906,FJQDILFBCXCGIP-UHFFFAOYSA-N,5.954900816899075,4.827677300865838,4.398016584627751,4.71090639709441
OCNT-2315908,WMYCJMKODWMDQF-UHFFFAOYSA-N,4.974346139711537,5.028635589752267,4.675999712450521,4.256566239697339
OCNT-2315912,OCEJKASXGMZNKH-UHFFFAOYSA-N,5.073890559099405,4.369956378588919,4.799343889466099,4.60905181289404
OCNT-2315934,FFOPUDGTPLZMOT-UHFFFAOYSA-N,4.410395351087619,4.143573274477139,4.9857979389028575,3.956759345745676
OCNT-2315937,RVDWAGALOWZBAV-UHFFFAOYSA-N,4.50555622858873,4.302404082472349,4.703820810883798,4.460685583167342
OCNT-2315945,BSDLDEUSTRLQEY-UHFFFAOYSA-N,3.3275802441510485,4.223653153680931,4.851461631997154,3.1750406537669265
OCNT-2315946,MIOSQEBNSUQYQJ-UHFFFAOYSA-N,5.269369002778889,4.734316909142622,5.027423183536432,4.600220737079163
OCNT-2315950,SQUDKELOJLLRRO-UHFFFAOYSA-N,4.6694258856133075,4.880868752942904,4.724996402063376,4.861549219383679
OCNT-2315965,OGVLLYXHLIYWNR-UHFFFAOYSA-N,3.8708845727712373,4.0438603687867,4.4959360409120865,3.7193394068929932
OCNT-2315982,WSRRLCNILMYAGW-UHFFFAOYSA-N,3.997302479099805,4.317886791847117,4.662315940263063,4.74087983087563
OCNT-2315988,KDWINTKNCFXETQ-UHFFFAOYSA-N,5.017878637238051,4.14667351665964,4.7326814205881735,4.077302591598409
OCNT-2315990,HDIABXPHKYTLHK-UHFFFAOYSA-N,5.3429232077110225,4.967697031927474,4.5699661797293585,5.714014731961576
OCNT-2315991,OXEBQHUGNKQHBU-UHFFFAOYSA-N,4.1596156240207165,5.1742022223919335,4.6769993520577735,5.445898084062136
OCNT-2315992,PHMDDIHADNUCSF-HZPDHXFCSA-N,4.937886578781353,4.23186583231513,4.8308047884701155,3.9514384758834593
OCNT-2315994,LQLLHNXDSQWNGR-UHFFFAOYSA-N,5.766953127549083,4.991487900532042,5.065889311328541,5.248542994073096
OCNT-2316037,XGQFKAWKVLIBAF-UHFFFAOYSA-N,4.895579792153281,4.48350648859234,5.0615317122387,3.1481112721922457
OCNT-2316049,WDWXLGUKGPSCJB-UHFFFAOYSA-N,5.077081062326849,4.867416122044492,4.777460970895031,4.390787123625853
OCNT-2316070,JGORGCVKTVDGCF-IYBDPMFKSA-N,5.618256930203415,4.8751552926685395,5.186166304308276,4.7396183861623244
OCNT-2316093,GGQJTMVJNYFFAV-UHFFFAOYSA-N,4.752858174229692,4.8362985629049335,4.791750562488939,5.566684152487467
OCNT-2316110,XGAWENUTRCFJDI-CYBMUJFWSA-N,5.015729032564838,4.709362167142801,4.960904209286678,4.06414562849688
OCNT-2316121,HBIXLLBPTHZDRI-UHFFFAOYSA-N,5.4196508816135935,5.441359764038698,4.842235093764522,5.199477122173419
OCNT-2316132,GUDHSXTUPPEPPK-UHFFFAOYSA-N,4.996501312373344,4.16402862020556,4.569965043976431,3.8215511823520703
OCNT-2316141,NLJQZNHEMSUVFB-VQIMIIECSA-N,4.737471585851269,4.293459587217569,4.80895882490647,4.328742130908035
OCNT-2316170,WQSJTLOSKGORSG-UHFFFAOYSA-N,4.891341763254922,4.598434100931405,4.596132252374579,4.561102711977392
OCNT-2316180,CLOQRBMETQXCIE-UHFFFAOYSA-N,5.1546767906081685,5.294557046602169,4.669841494520192,5.131245026402176
OCNT-2316181,JMYYWDLLJQSPOB-UHFFFAOYSA-N,5.495561908575307,5.162832607104481,4.40405189843488,5.095020522339849
OCNT-2316196,UPXQXMXYQKKYRX-UHFFFAOYSA-N,4.153155425435886,4.562535106823886,4.828191175721592,3.7733369235350036
OCNT-2316204,IAUITTZWSOAVCK-UHFFFAOYSA-N,4.975220867066818,4.392296449700849,4.74680995162652,4.82762935536495
OCNT-2316207,UDWPCCDEHUZNNF-UHFFFAOYSA-N,4.802419080748285,4.5676665736768385,4.87269314772539,5.1383488566281565
OCNT-2316216,RUVPZLYIFRKSKE-UHFFFAOYSA-N,4.467509949556829,4.440545315298197,4.708644603308748,3.5457428113824028
OCNT-2316225,FAADDWZKJJDRAC-UHFFFAOYSA-N,5.528111870702165,4.95128117563966,4.652907577711647,5.540911388395803
OCNT-2316228,WXMVGDCAVYRQJH-DLBZAZTESA-N,4.689008650317581,4.0729398150604545,5.1204026749994735,4.281894403228757
OCNT-2316252,PQYPFFASSMZDMA-UHFFFAOYSA-N,4.157045647091895,4.0597037564932625,4.959881431145789,3.553596487685102
OCNT-2316255,TXHULZCABKAZOB-UHFFFAOYSA-N,4.637068141337758,4.20881706707448,4.3443353988685125,3.8760112111269445
OCNT-2316270,FQIGRACDNIOPES-UHFFFAOYSA-N,4.840351587176953,4.172887903044127,4.126382118483808,3.630545038886071
OCNT-2316287,SIPKZGGJKLNGKF-UHFFFAOYSA-N,5.321886724749452,4.715808202499865,5.0424225265242715,4.561463079669669
OCNT-2316305,ZQWNBUUGCZZBQG-UHFFFAOYSA-N,4.6836581330113445,3.8024486672156215,5.152072026538452,3.8170669765827205
OCNT-2316311,GXYHSKJJUTYTCB-UHFFFAOYSA-N,4.899643010274422,5.129392648821216,4.981378255909384,5.108449533772588
OCNT-2316329,ZETLBFHKRJQWQU-UHFFFAOYSA-N,4.80344520669804,4.34598333370147,4.542857103297478,4.551535301256096
OCNT-2316339,GDDJOHRLSPNVNU-UHFFFAOYSA-N,4.7130765163605615,4.344170157871443,4.760638914395922,4.188232706062541
OCNT-2316344,ZOJWIUJADMWDPN-JKSUJKDBSA-N,4.774042074683764,4.380188539301734,5.150056617519122,4.0189571347437365
OCNT-2316352,WRXFOSGHPGKFAY-UHFFFAOYSA-N,4.830031961159504,4.5614454726518785,4.698599198376713,4.278541872926883
OCNT-2316354,MYIUSFVPFKJEDS-GXTWGEPZSA-N,5.0501541979463855,4.032446062633159,4.8345091804467,3.7065093780865856
OCNT-2316397,MQCGWNQRZSSMDW-UHFFFAOYSA-N,3.6733316837528953,3.718751925687683,4.919909214069419,3.225583172168231
OCNT-2316403,HIOCORNYUDAROQ-UHFFFAOYSA-N,4.540683852652402,4.140273732609734,4.609129122553313,3.497889937534351
OCNT-2316436,MXKIROVYBHRNBM-UHFFFAOYSA-N,5.254468588727799,4.637624854570891,4.598515374109882,4.331997021820857
OCNT-2316494,JPKNAFFCNYNTAM-UHFFFAOYSA-N,4.814471418309799,4.435536804553463,4.301776007711944,4.369941008314786
OCNT-2316516,ANRTUOAFXNQUJO-UHFFFAOYSA-N,5.396262135801714,5.109539048746835,4.574308159820692,5.642304463818351
OCNT-2316527,UNVBSCDOHAKYON-UHFFFAOYSA-N,4.308481460482732,4.327540520440577,4.46220958212809,4.10464020288205
OCNT-2316551,CNOXQHATWRFZGS-UHFFFAOYSA-N,4.272274784883289,3.610743350199716,4.5721226118637635,2.5545968960487846
OCNT-2316555,RWYLVXALJMAJFG-UHFFFAOYSA-N,4.931862425080155,4.866260959045888,4.8073005105949544,5.528911188305435
OCNT-2316557,UCGHBZIAFOPHKJ-UHFFFAOYSA-N,4.9783448347000485,4.998106769150776,4.855781316863146,4.733292336093499
OCNT-2316612,RJMHLGGYHZCNAH-UHFFFAOYSA-N,4.916893436159427,5.126595134967765,4.657531207658741,4.80856753827533
OCNT-2316619,MPCLHVLNOSGXLY-UHFFFAOYSA-N,4.553968966839837,4.917344242607924,4.89415126538188,4.223579484888258
OCNT-2316633,XTRQCVSHVGEAGT-UHFFFAOYSA-N,4.561834128722466,5.146519511887479,4.459631399365353,4.73498220594694
OCNT-2316662,GFEAUAXVPJUYQZ-MRXNPFEDSA-N,4.462087386535672,4.423166276560695,4.845294336744064,4.0660913435817445
OCNT-2316671,YEOSBNSNNIDEDA-UHFFFAOYSA-N,5.026077851172209,4.226559957724357,4.671587194403819,3.7487570117599915
OCNT-2316691,KIEYDKIZZGRRKU-UHFFFAOYSA-N,4.3017721005565575,3.617905025190981,4.493766052264082,2.6178939252720363
OCNT-2316693,NOZNOJWPUJFYMU-UHFFFAOYSA-N,4.879623247776607,4.388323111845168,4.774416523704559,3.7043913284510093
OCNT-2316697,FMZDTWSZRNKGID-UHFFFAOYSA-M,4.7294215932456325,3.414733417518185,4.689233330544557,2.643125538098196
OCNT-2316726,IAPQKELLCZVBPB-UHFFFAOYSA-N,4.410134620624746,4.319292585844238,3.965406993687364,2.5954966352084163
OCNT-2316738,ARBBCNULKSAECM-UHFFFAOYSA-N,5.164002547482488,5.09744121846785,4.54299187067211,4.934919977910378
OCNT-2316749,WFGGFDOFVZDCKZ-UHFFFAOYSA-N,5.16069788841156,4.58171585959765,4.347564981039995,4.461414029590219
OCNT-2316765,XJRBRUYSMPGAIC-UHFFFAOYSA-N,4.926232526821513,4.714010251016081,4.659054788108605,3.766537436332656
OCNT-2316766,BDQYOLWAPOQQPP-UHFFFAOYSA-N,4.320703581812,4.461265838225077,4.447675362753785,4.187253182411122
OCNT-2316815,GPXQDQQBCYIEQW-UHFFFAOYSA-N,4.685496242421355,4.15736159444455,4.580150479850712,3.246763110712728
OCNT-2316823,QCFYGHVLNYVDSM-UHFFFAOYSA-N,4.9902683644074886,4.7800513386720445,4.643099435320293,4.3090641408820005
OCNT-2316832,DDCURYRYFVHMIV-HUUCEWRRSA-N,4.873871410628257,4.266996173209689,4.89771838672364,3.483882953550201
OCNT-2316839,JZRPLMWWIVBQRB-UHFFFAOYSA-N,4.131278157546413,3.58759578666124,4.761162063452769,2.696134566537108
OCNT-2316848,STVYLEUNMSOYBO-UHFFFAOYSA-N,5.273083018512286,4.642135416769958,4.589810280855772,3.9228082526903894
OCNT-2316874,SZJSBHKXVHLSPM-UHFFFAOYSA-N,5.215588074925128,4.937582991132175,4.899957812754561,5.582377466397334
OCNT-2316883,ZFXKUGZDRRZDIF-UHFFFAOYSA-N,4.8892258750596636,4.814422080255257,4.605828147698124,5.176283519022141
OCNT-2316890,YDVJSEIEXHHXLM-UHFFFAOYSA-N,4.032068428546953,4.2660895792656515,4.80507961786322,3.693824319738649
OCNT-2316904,SVKGNUYZKALPQP-UHFFFAOYSA-N,4.556651120849602,4.715107177924543,4.865890073752454,4.2769479561469455
OCNT-2316911,PLXLXZYCMPMUNV-UHFFFAOYSA-N,4.885810889340559,4.441355350858107,4.641299096037784,3.8899535118533626
OCNT-2316915,CCDKNPYYXSSWEW-YNODCEANSA-N,4.0503447958256755,3.613952402232325,4.510626650787557,3.0390668891495514
OCNT-2316937,JLCNBMAIKIRJSZ-OAHLLOKOSA-N,3.900173692929585,3.43100176875118,4.8028567402615225,2.589446193411849
OCNT-2316947,GDCXYFNYLMNNOC-UHFFFAOYSA-N,5.09954841522732,4.5975969369177285,4.846304131889322,4.106493475336431
OCNT-2316959,QCFAHERSFSXCNA-PREGVCBESA-N,4.349151805182788,4.529995471765648,5.179947086701897,3.8599673505401197
OCNT-2316976,XMGORMGYUQDAAL-UHFFFAOYSA-N,5.447573754327967,4.9400815970248075,4.503511751164879,4.959417947238329
OCNT-2317002,LPKNBEGSMBPPJL-UHFFFAOYSA-N,4.996889228091752,4.192172602246828,4.345657367211426,3.5302256656631634
OCNT-2317014,ZBXAGLGMQFXFON-UHFFFAOYSA-N,5.18535307873803,4.427086708000194,4.3982016263187,4.3970634938009
OCNT-2317025,OCPSMTDXYDJWPR-UHFFFAOYSA-N,4.365393859478288,4.344473497069219,5.003806464773404,3.163443400939867
OCNT-2317039,NDVHKGFDQOULIT-LBPRGKRZSA-N,5.285998953054226,5.2141995298619115,4.839498639705614,5.516418986693824
OCNT-2317066,FDVDBGNSFJGCJV-UHFFFAOYSA-N,4.191609886017113,4.062571926427705,4.771666508385547,2.8313097370326927
OCNT-2317068,DXEUVDBJOPEUPK-VPHXOMNUSA-N,5.137522771439735,4.196458396569444,4.7267573160657586,3.637874727406019
OCNT-2317070,BVSPVPUOGZRITE-UHFFFAOYSA-N,4.815291197241513,4.006985355292283,4.616429332766251,3.005220646319046
OCNT-2317086,ORIAPXGWHWRMEQ-UHFFFAOYSA-N,4.42580441996813,4.538765984469195,4.589425354990849,2.688044838733532
OCNT-2317105,WJZHHMLLNOOCCB-UHFFFAOYSA-N,4.2790970696887385,3.7884900780268667,4.740639110616293,3.959701029571017
OCNT-2317118,AQJAPFHFJNHFNT-UHFFFAOYSA-N,4.171364453125642,4.3493674749343825,4.638517929702133,4.062810184705411
OCNT-2317123,JHJNVPMWROZEOJ-UHFFFAOYSA-N,4.170074766076846,4.319880786999717,4.693509787241717,3.7873906180992587
OCNT-2317148,PWRBFCMKSFQIPY-UHFFFAOYSA-N,4.3185827499926885,4.75542248494369,4.684824399949582,4.906869568479389
OCNT-2317170,YJOJLVRDJYKCNH-UHFFFAOYSA-N,5.210208263469787,5.039575519665109,5.013798779064417,5.33230866479454
OCNT-2317171,NGTSBRMBKVYBED-UHFFFAOYSA-N,4.713313676649491,4.8441208836364344,4.494672311655547,4.027326417195307
OCNT-2317181,CGTNELINAFTBOA-UHFFFAOYSA-N,4.805125021976451,4.370396676576201,4.483132971144828,4.439150565890281
OCNT-2317204,QDQYRQVQOSZPRQ-UHFFFAOYSA-N,4.636158424385967,4.017645309031265,4.620111848088536,4.4223569553729485
OCNT-2317207,SBRNEVNAKYTEQV-UHFFFAOYSA-N,4.558587656864365,3.5602431582485616,4.630865017360264,3.2601821212638606
OCNT-2317216,LIVJZDMANQVUDP-UHFFFAOYSA-N,4.764492459236015,4.052560390638781,4.7925007855752035,3.6106237857490875
OCNT-2317220,HYZUFGFQMUOIJF-UHFFFAOYSA-N,4.398958045503215,4.642097672131267,4.576620915610894,4.752180627593487
OCNT-2317252,UTTDKKQDHATASO-UHFFFAOYSA-N,5.191320079545434,4.677766138307299,5.252788071301205,4.970443319449769
OCNT-2317263,GZGKRCBJVUVISK-UHFFFAOYSA-N,4.630732605257635,4.663106749078272,4.768661357804527,4.957433998485153
OCNT-2317281,RFABKPISPKENOC-UHFFFAOYSA-N,4.968148870868766,5.005614372383127,4.732355202633215,4.1963643992856
OCNT-2317282,WYQJUGXXFFDBFP-UHFFFAOYSA-N,4.729775314480696,4.658462390541511,5.090891331354101,3.83645361967425
OCNT-2317285,ZYGIEWYSBUXBOA-UHFFFAOYSA-N,5.119503840351297,5.178930344175604,4.934985844182288,5.581968798249013
OCNT-2317295,LWUJMSUADQVSHD-UHFFFAOYSA-N,4.335727575812606,3.8856114649258457,4.783008723252677,2.3579008399046897
OCNT-2317316,HXTZWUVDAMAHMH-UHFFFAOYSA-N,5.2370608463828106,4.976429788081447,4.802193550032686,5.470074487972904
OCNT-2317331,JQXBWGKXKGRNEM-UHFFFAOYSA-N,4.767473664200947,4.937740198113084,4.5276523339641805,4.535454939756717
OCNT-2317338,LUIQXOKUNHJUSI-UHFFFAOYSA-N,5.037143696051897,4.760511531803128,4.612798304109553,4.268650714071544
OCNT-2317340,UBQFGIHFQCAKOP-UHFFFAOYSA-N,3.9603740716384257,3.6099491273868183,4.908136424482197,2.6264712799478027
OCNT-2317346,GWBBYACWVZJDHF-UHFFFAOYSA-N,5.751686069844688,4.735261744809332,5.269914220296343,5.66322934500012
OCNT-2317347,BYQXMJFFQMJEPC-UHFFFAOYSA-N,4.841487282035783,4.7445056430658905,4.650987473655935,5.001632100778303
OCNT-2317363,BJXMAUKDMFDOBJ-UHFFFAOYSA-N,5.036188890590386,4.489638402480404,4.939162641264634,4.406373149586292
OCNT-2317386,DLRFNZBVVYAGCE-UHFFFAOYSA-N,4.940943526279926,5.104959589846356,4.709867947063818,5.112164582654451
OCNT-2317449,WPIPWESKVFABQC-UHFFFAOYSA-N,4.184657045802745,4.408267264939198,4.827725798064361,3.8248440827298706
OCNT-2317471,GJXZQMFHDZQUFG-STQMWFEESA-N,4.687901145091612,4.270719378968132,4.693855448937667,3.2831735491005833
OCNT-2317493,DOLLPRXGPWPBSF-UHFFFAOYSA-N,4.912545462707204,4.567629273493907,4.914333515910787,4.595819385982617
OCNT-2317505,NHUSIRABIVGDSH-UHFFFAOYSA-N,6.042695548723987,5.017189452597741,4.524270566346559,5.489465152988606
OCNT-2317520,LTUCBBUWUBLJCT-UHFFFAOYSA-N,4.427888154414129,4.362183996225912,4.528588331579514,3.855923499726348
OCNT-2317521,VCCHGKDAEXTHKW-UHFFFAOYSA-N,4.8209705719785205,4.102282295833837,4.647576148443218,3.661991711725851
OCNT-2317589,PIDYXGYPPPDVSK-UHFFFAOYSA-N,5.005234038983715,4.581525932059328,4.854313911612481,4.940817904566245
OCNT-2317597,BRLQLLYRNCGYQA-UHFFFAOYSA-N,5.003202091229514,4.490204338142209,4.5205756428726644,4.6613606564000705
OCNT-2317609,LAHOEQWHOHUDPV-XPUUQOCRSA-N,4.433823302708845,3.7536420891065005,4.541044478541139,2.844885037793643
OCNT-2317641,MWBQPWYUYIBGDJ-UHFFFAOYSA-N,4.24704694610839,4.276520093071992,4.467454795198386,2.8973617874314463
OCNT-2317654,YPMXQDDNHLQSDB-UHFFFAOYSA-N,4.077474893673055,4.533292195036941,5.010991891496391,3.740711340012924
OCNT-2317655,PPBPKFPLNHJZQP-UHFFFAOYSA-N,4.898087632608444,4.677841081799451,4.8102926614337465,4.6599306053907705
OCNT-2317667,XFLKWYMYPBGZDG-UHFFFAOYSA-N,4.506106335133901,4.457392520464634,4.843665945882671,3.912217050750192
OCNT-2317671,TVFLKHRRTFZHMJ-UHFFFAOYSA-N,4.691061251291905,3.957802644089012,4.4045212870224075,2.8279720426278683
OCNT-2317673,GFMXIBGNFZXSSH-AWEZNQCLSA-N,5.102447394742937,4.552146017070689,5.112998652933964,3.76215732721724
OCNT-2317690,NTFPMYZCRLAQNU-UHFFFAOYSA-N,4.547336366468589,4.629550170935718,4.811712974653404,4.6309571596779895
OCNT-2317717,NCTLRULTXWYPMC-UHFFFAOYSA-N,4.018602227678542,4.158188401344249,4.09894045024629,3.2338756489173366
OCNT-2317719,IWFPOYLMDJDZHA-CYBMUJFWSA-N,4.312409257436661,4.0444247357500425,3.9717361490528993,3.8070876126644673
OCNT-2317738,ZSNITEJMAJILMZ-UHFFFAOYSA-N,5.13842795918859,4.928484628541311,4.772161006524367,5.652003766217487
OCNT-2317749,RXKVFHONEONTJU-UHFFFAOYSA-N,4.88174307233785,4.8231285887644715,4.677175800642094,4.1059272904434
OCNT-2317750,BLSSOUSOURPNPD-UHFFFAOYSA-N,4.0635750000469315,3.3961999358802464,4.713414849710854,2.630876604555062
OCNT-2317761,JMXRCYKGNHZSPJ-UHFFFAOYSA-N,4.77381205214967,4.504519743319177,3.9312970295257252,4.379768444060639
OCNT-2317762,YOAQHNSVDHIMRD-UHFFFAOYSA-N,4.641154536855835,4.63695236636927,4.796507751289057,4.438548396342742
OCNT-2317811,RDGKSCRDHZDING-UHFFFAOYSA-N,5.223712544696858,4.319527256198385,4.951342437556366,4.384646783123847
OCNT-2317813,OVLHSAROUBUOGS-UHFFFAOYSA-N,4.87784855321499,4.971302166282806,4.731841927376103,4.648846516511553
OCNT-2317818,CPILBGUKHQTHAL-UHFFFAOYSA-N,4.870677319711894,4.84741889088262,5.112399005003624,5.471936614977863
OCNT-2317832,OTSKWPLKWNHXNG-UHFFFAOYSA-N,4.044147335057084,5.480805922469607,4.796531402542053,5.297709679138357
OCNT-2317846,UTVVBMSWJXFZIO-UHFFFAOYSA-N,5.0518575222056405,3.7123543357800806,4.759266293360559,4.722786400079372
OCNT-2317868,LAFOGORSVWQSJI-UHFFFAOYSA-N,4.346251642584474,4.978834242846405,4.772710102424705,4.448820465127754
OCNT-2317887,CJFRLVSASAMBRI-UHFFFAOYSA-N,4.361417180324039,4.813988181923973,4.708983259384902,4.426629954354368
OCNT-2317895,CWBRZGJTIAQEGN-UHFFFAOYSA-N,3.752327844178606,4.12492420237017,4.616273815863469,3.8774924909733635
OCNT-2317916,OHJTXRFTXHDJSZ-UHFFFAOYSA-N,5.4982488997887,4.3837941080943645,4.915845818071809,5.139635781410535
OCNT-2317931,LOCCFUQBAHYDIZ-UHFFFAOYSA-N,4.361858956273976,4.681814373541109,4.44695160640514,2.603353731604137
OCNT-2317940,LCRMGOKGLDCROM-UHFFFAOYSA-N,5.126734481690283,4.815326823899753,4.709976524266881,4.667489461921965
OCNT-2317951,HCERZQWQSYZVFX-AWEZNQCLSA-N,5.099569501405666,4.9711244638770475,4.730298735731441,4.656432749153431
OCNT-2317954,AECHNCUKRVJPMR-UHFFFAOYSA-N,5.277140093131856,4.945256906427715,4.979451151380927,5.076913873889237
OCNT-2317968,JRLDABZBMFCURG-UHFFFAOYSA-N,4.150799601822219,3.7583802216747944,4.66169636087837,2.685738679215384
OCNT-2317979,GDPHPXILXSNLGE-UHFFFAOYSA-N,4.157957075197571,4.684198198803162,4.641155452011444,4.303687113316118
OCNT-2317983,VRWZGQHEAVYSMP-UHFFFAOYSA-N,5.460341321044693,5.01288668608437,4.639347179882703,5.117209317158889
OCNT-2317986,FHXLUKSIGDILGD-UHFFFAOYSA-N,4.964368486976169,4.129242909920158,4.809948155166568,4.214814771516849
OCNT-2317990,GGVQQOGVQIQAAR-UHFFFAOYSA-N,4.752398634175183,3.7648192565642673,4.59560911203409,3.452417615159377
OCNT-2318008,MZCSBMOLDFPPDR-UHFFFAOYSA-N,4.985249193665796,4.573944538508956,4.5756419228427765,4.020046178321393
OCNT-2318014,XZUOPKZBRIBBTC-UHFFFAOYSA-N,3.9158225438580856,4.212856798964136,4.72401846652952,4.651677384377703
OCNT-2318022,NGLQWYBBWZPWAG-UHFFFAOYSA-N,4.287732696852183,4.547148723127624,4.648386000378208,4.481901853805025
OCNT-2318037,QGTCUSWJSRWNHW-UHFFFAOYSA-N,4.621216372664923,4.523626506769835,4.914896887036947,3.2561701167452166
OCNT-2318057,BAJXDLICMYECHQ-UHFFFAOYSA-N,4.41226981863256,4.311410014880054,5.194384333158187,4.17568229922169
OCNT-2318058,LHKPZQCRTJSJBZ-UHFFFAOYSA-N,4.8340438755767074,4.794846085689316,4.30056959931907,5.0901566508250875
OCNT-2318059,LGBXJZIKTPOPEY-UHFFFAOYSA-N,4.9240348063065476,5.000773826546698,4.669851372162958,5.341371375527088
OCNT-2318060,BQDVZEIIVADUJR-UHFFFAOYSA-N,3.980734531580491,4.448226808821748,4.718094645762013,5.072628539139348
OCNT-2318103,SFHLFNWOCGHDOA-UHFFFAOYSA-N,4.78632888231509,4.592083207288161,4.709202132970994,4.3827754913529935
OCNT-2318114,CHGWIMCJKOUHGM-UHFFFAOYSA-N,3.947026860082674,3.578072163568177,4.558463591855199,2.539140774298806
OCNT-2318130,MVJRPLRVGMQACD-UHFFFAOYSA-N,4.253813134072165,4.468202049254907,4.861323825200549,4.470767962411928
OCNT-2318175,CLGIMEFNCIRTPK-UHFFFAOYSA-N,4.138288317989156,4.6958020823187425,4.712786045636,4.443187235057176
OCNT-2318207,JGGPCIRSTZSSMU-UHFFFAOYSA-N,4.689094466626103,4.2597819547902285,4.856103830644754,3.6889496225178466
OCNT-2318242,ZHIHTRGKAIBXBP-UHFFFAOYSA-N,4.286652431300437,4.157416472418042,4.706057305545311,3.266485915799132
OCNT-2318243,FPLPOQIKBRHTGT-UHFFFAOYSA-N,4.84037962133615,4.414947836678265,4.59675016463645,3.874848617436157
OCNT-2318253,XDVGRJCMNYKMJE-DLBZAZTESA-N,5.317989664023374,4.800958749006851,4.736000925218015,4.988627405722592
OCNT-2318261,DYGIIYMCZAKMPG-UHFFFAOYSA-N,5.237957372600384,4.650847990901506,4.430096480789288,4.391252966395437
OCNT-2318277,KSDJFGQHRCKMIH-OAHLLOKOSA-N,4.462734621903707,3.7221547647664006,4.993471842139404,3.513651950198693
OCNT-2318286,IWZLNPIFCWXPLP-UHFFFAOYSA-N,4.863555844173698,4.702276659618617,4.756054218939229,3.7606600674063007
OCNT-2318290,ZQHUBTBJNOFDIR-UHFFFAOYSA-N,4.335403302562547,4.619819682472761,4.783698799109822,4.525243426204269
OCNT-2318294,WERKMJOGKJEZGI-UHFFFAOYSA-N,5.268493660470385,4.8461762086688855,4.774180229226821,3.9019025396155085
OCNT-2318329,RNMDHLPABCGGFP-UHFFFAOYSA-N,4.12266541216922,4.436307664837379,4.535787280655192,4.325369704021394
OCNT-2318351,CCXULBUUIBWSSY-UHFFFAOYSA-N,4.67491872959888,5.054011408208118,4.649869857480432,5.123121049982272
OCNT-2318364,PEOQYHHOEUVRKO-UHFFFAOYSA-N,5.372342956920894,4.686462978388791,4.711792400238568,2.9765539004189776
OCNT-2318369,ZGVBQHVFIPSHHN-GOSISDBHSA-N,4.445878507410608,4.3635847146705435,4.706827018566346,4.163667924668275
OCNT-2318394,JVVLSCNLUICXDH-UHFFFAOYSA-N,5.040863717419719,4.193588042331013,4.676571898677978,4.198676914812674
OCNT-2318395,HIXHOKUXAQVXNT-UHFFFAOYSA-N,4.358848123662533,4.7057240803467595,4.11558138366992,4.824438491551691
OCNT-2318397,IYDFTEKHSVJCIL-UHFFFAOYSA-N,4.962122450297824,4.662487589849165,4.83756058529989,3.3745559730123307
OCNT-2318420,YJRZDAXNMXGWAN-UHFFFAOYSA-N,4.378290295819799,3.8604610281745857,4.935930580599353,3.58223210074833
OCNT-2318463,PVCJAHQCQKVCAF-UHFFFAOYSA-N,4.431051618032463,4.230195067753786,4.388001600491937,2.5628758657268236
OCNT-2318487,KMEXCRYMZXZMKV-UHFFFAOYSA-N,4.4472657310469925,4.533071361302418,4.690819350452772,4.212160750363615
OCNT-2318512,DXYZQPFEVYKJRQ-UHFFFAOYSA-N,4.938526214997097,4.795851043380546,4.2326499383829885,4.869455818907034
OCNT-2318522,VNHATLSVIPZWCF-UHFFFAOYSA-N,3.5951798269249147,3.6690691470486634,4.753271715741308,2.717942762174989
OCNT-2318529,ROJMQXCYXDRWHC-UHFFFAOYSA-N,4.417427391041998,4.23404013591182,4.4637829400152444,3.950480554498105
OCNT-2318536,KXNLLVASRWGPAE-CHWSQXEVSA-N,4.777193019753896,4.897814101312796,4.777507881517622,4.867001012374369
OCNT-2318549,TWIRHCAHDDBYNY-UHFFFAOYSA-N,5.690230820276639,4.782835637436052,4.795320224469676,4.285654482830229
OCNT-2318583,LRWJIQBFQXCVOD-UHFFFAOYSA-N,4.361729023244799,4.864260064095572,4.515540709179218,4.583886530487299
OCNT-2318618,FBIXRJHKNHRXFQ-UHFFFAOYSA-N,4.601896723842574,4.629573280001219,4.841416457788526,5.039028967977873
OCNT-2318628,SSTBQYZOJAYQSM-UHFFFAOYSA-N,4.683709242792907,4.916737375924264,4.506907148269686,4.935995065280355
OCNT-2318639,MNPGBPBPRIRZDE-UHFFFAOYSA-N,4.645939772152493,4.6407267493710185,4.731907238691793,4.891019160028308
OCNT-2318659,YKAIMSBMSJLSGC-YTPLPTRZSA-N,5.0287679967959145,4.6542141539777235,4.872760970241096,4.199106222474825
OCNT-2318675,SKJNEGPDPYJBMI-UHFFFAOYSA-N,3.963001153434796,4.2591865490307,4.225011601430241,3.6863404772590425
OCNT-2328323,XYCMOTOFHFTUIU-UHFFFAOYSA-N,5.245533068859067,4.492669016541363,4.70919619198411,3.50617129246023
OCNT-2328326,VYQNWZOUAUKGHI-UHFFFAOYSA-N,5.288644717099444,4.228787573524556,4.8968664754248294,3.6962472118332665
OCNT-2328329,INDBQLZJXZLFIT-UHFFFAOYSA-N,5.324322476724343,4.323470420170541,5.028396919174329,4.259858848734886
OCNT-2328330,CPEUVMUXAHMANV-UHFFFAOYSA-N,5.348109685929101,4.4255141360128585,4.314089666798318,4.403175433894409
OCNT-2328331,GJSURZIOUXUGAL-UHFFFAOYSA-N,4.890209066168223,3.5797915195921663,4.8149692665651935,4.187522130677248
OCNT-2328344,TTWJBBZEZQICBI-UHFFFAOYSA-N,5.302847656459132,4.076816303751937,4.488410520667824,3.666539599331352
OCNT-2328376,KNHUKKLJHYUCFP-UHFFFAOYSA-N,5.163508629630224,4.285759695311344,4.506716018929031,3.661871572712567
OCNT-2328380,AZFLJNIPTRTECV-FUMNGEBKSA-N,4.962506459121662,4.628301674977495,4.654586916904113,4.891220887790143
OCNT-2328402,KSGXQBZTULBEEQ-UHFFFAOYSA-N,4.065701087534554,5.065215511313835,4.775582373578675,4.149167848388061
OCNT-2328420,RHDJRPPFURBGLQ-UHFFFAOYSA-N,5.1458493400094305,3.6136236781528495,4.867961447865312,5.1946867986987515
OCNT-2328449,HTQMVQVXFRQIKW-UHFFFAOYSA-N,4.781878018596582,5.301327243198765,4.036116499976875,2.9592628781799624
OCNT-2328485,REYFJDPCWQRWAA-UHFFFAOYSA-N,5.226863703904142,3.7160377106436266,4.94266185797832,3.909076193490996
OCNT-2328496,IYIKLHRQXLHMJQ-UHFFFAOYSA-N,4.956717592708989,5.140710407216435,4.409585120715617,4.7516899325227335
OCNT-2328518,OOGJQPCLVADCPB-HXUWFJFHSA-N,5.084987362728142,4.807054125979352,5.551636877899314,5.125013943102109
OCNT-2328533,CBEQULMOCCWAQT-WOJGMQOQSA-N,4.747097123983146,4.4348541997754864,4.768270251031636,4.56849405194362
OCNT-2328558,RDOIQAHITMMDAJ-UHFFFAOYSA-N,4.712307697963365,4.875115911373172,4.987961707000869,5.008494209782278
OCNT-2328583,VLPIATFUUWWMKC-UHFFFAOYSA-N,5.319826611667355,3.541433784233806,4.875464271066951,4.221247987452816
OCNT-2328648,JAUOIFJMECXRGI-UHFFFAOYSA-N,5.180529293034967,5.063004219174554,4.660003552760098,4.838622209044805
OCNT-2328663,SPIUTQOUKAMGCX-UHFFFAOYSA-N,4.5002300599570235,4.924170822335232,4.939358414232431,5.155736186655156
OCNT-2328691,GIKNHHRFLCDOEU-UHFFFAOYSA-N,5.040020049428526,3.473376125237875,4.728555165259263,3.718267836198646
OCNT-2328714,QVYRGXJJSLMXQH-UHFFFAOYSA-N,4.652166990900115,4.447935233426606,5.130893364904663,4.1392100456661245
OCNT-2328731,ZBBHBTPTTSWHBA-UHFFFAOYSA-N,4.5358066139294735,4.706949737059648,3.920404678305243,5.000869160125422
OCNT-2328745,NIVZHWNOUVJHKV-UHFFFAOYSA-N,4.761287448344471,3.372881691051841,4.812572520667467,2.7912110283291907
OCNT-2328753,OBWASQILIWPZMG-QZMOQZSNSA-N,4.710119903360642,4.550307818203793,5.004906541590204,3.52685931691441
OCNT-2328767,DBEPLOCGEIEOCV-WSBQPABSSA-N,4.495732634459161,4.5941242210884035,4.79990608033696,4.773859138110575
OCNT-2328781,MJIHNNLFOKEZEW-UHFFFAOYSA-N,5.352043939540995,4.825160270174206,4.60543209915687,5.069457937404703
OCNT-2328788,VGKDLMBJGBXTGI-SJCJKPOMSA-N,5.420059372165233,4.884919807067927,5.465316077143191,4.849174009931663
OCNT-2328794,MJVAVZPDRWSRRC-UHFFFAOYSA-N,5.339515774441359,3.541433784233806,4.543965878502612,3.7458632163972503
OCNT-2328798,NUVBSKCKDOMJSU-UHFFFAOYSA-N,4.952558954288982,3.442929687044988,4.6540458812710455,3.163146686432958
OCNT-2328820,GHMLBKRAJCXXBS-UHFFFAOYSA-N,4.866070108084018,3.539260839228334,4.780367993626846,3.1414839486268673
OCNT-2328824,VDNLFJGJEQUWRB-UHFFFAOYSA-N,4.707322452614868,5.256357801004937,4.271845474761319,4.089580057674474
OCNT-2328835,MBUVEWMHONZEQD-UHFFFAOYSA-N,4.645000758498732,5.1443920492437085,4.908007829802959,4.899598213277988
OCNT-2328839,WSEQXVZVJXJVFP-FQEVSTJZSA-N,4.653188876707248,4.843121309196377,5.140666868795558,4.967999059294803
OCNT-2328849,JVTAAEKCZFNVCJ-UHFFFAOYSA-N,4.682878584287094,3.3530690678762816,4.582790526073465,2.0621428641126034
OCNT-2328857,YQGDEPYYFWUPGO-UHFFFAOYSA-N,4.373368883923182,3.3530690678762816,4.695403936171075,1.83889158158521
OCNT-2328864,ZEUITGRIYCTCEM-KRWDZBQOSA-N,5.554080311982849,5.029245467012482,5.1722543199149165,4.798852978764353
OCNT-2328892,XUIIKFGFIJCVMT-LBPRGKRZSA-M,4.7091621065027285,4.482081204898465,4.44329971528456,5.113122665577023
OCNT-2328916,ABJKWBDEJIDSJZ-UHFFFAOYSA-N,4.92252773124681,5.187418290805538,5.375147874574561,4.584937086630294
OCNT-2328938,WUZYKBABMWJHDL-UHFFFAOYSA-N,5.3628687978480505,5.235113572473116,4.684491935792824,5.3079625211973624
OCNT-2328950,OUBMGJOQLXMSNT-UHFFFAOYSA-N,5.331566495061017,4.904295518863742,5.005461362091579,4.347835959106319
OCNT-2328955,FPIPGXGPPPQFEQ-OVSJKPMPSA-N,4.836024024904736,4.779532461945038,5.09421003661867,4.6833176368083125
OCNT-2328993,RDJGLLICXDHJDY-UHFFFAOYSA-N,5.5146055460210155,4.7785251205553285,4.35621527215234,3.7900136134078872
OCNT-2395287,RJJZTKVXXCCXQF-UHFFFAOYSA-N,4.986569076855276,4.324597314817059,4.587935930407005,4.768277271645984
OCNT-2395290,UDVCSWPMFIKVAP-UHFFFAOYSA-N,3.5678328847129817,3.706061926885772,4.607345838488901,2.3996799905138517
OCNT-2395291,BGJFRMNKWBUDET-UHFFFAOYSA-N,5.437255588384943,5.188598289246367,4.904928157639591,4.930540018016544
OCNT-2395293,XOXUUFNTCJYHHW-UHFFFAOYSA-N,4.95184818418851,4.53285828868416,4.438019536291295,4.1740253571747985
OCNT-2395309,TXJZXCYMSCFYJB-UHFFFAOYSA-N,4.7405622992260446,4.108220161609288,4.470146323394021,3.000629202385156
OCNT-2395315,YFEAWONHDZRTON-UHFFFAOYSA-N,4.643656402952165,4.716979259592808,4.14087955736109,4.916807164697933
OCNT-2395323,PVCAHDNVFNPUKE-UHFFFAOYSA-N,4.581089431086885,4.591244268595808,4.309912774675658,4.069427834734941
OCNT-2395324,ADOOOKDJTDHGHX-UHFFFAOYSA-N,4.8290751786929755,4.8824572760634615,4.524476000206686,4.704007035293439
OCNT-2395331,FWGOMKHOFNHOSZ-UHFFFAOYSA-N,5.140104261684402,4.7714262093157895,4.546390010537642,3.861367326464042
OCNT-2395332,VMKFDGZZTLOMLG-UHFFFAOYSA-N,5.1570496742379,4.898729131033888,4.221109641092383,4.861632519508434
OCNT-2395336,RRMQRUZATNRUIE-UHFFFAOYSA-N,4.76049873180834,3.697273185393884,4.549995318908349,3.2444740543309503
OCNT-2395337,XNAJDXNGXZSOOT-UHFFFAOYSA-N,5.0090403537242905,4.654449315459763,4.689575750287278,4.266312113555073
OCNT-2395362,MPFAPLWWRCZTHK-UHFFFAOYSA-N,4.813437138191221,4.736832318115979,4.553171932195981,5.232834374636104
OCNT-2395370,UIDFVDUTWBJQGU-UHFFFAOYSA-N,4.203197305794998,3.771114431420522,4.768453180336347,3.2250102735568498
OCNT-2395374,XXIDEZIPVPUJRR-UHFFFAOYSA-N,5.218686717842514,4.013141387325102,4.641177922973237,2.5770890542260325
OCNT-2395376,ORTWNJZUAIUYKM-UHFFFAOYSA-N,4.4199299328581105,5.155309730694434,4.507699749451654,4.836096530491018
OCNT-2395377,DHOGCLBDWIPOBU-UHFFFAOYSA-N,4.790434322688205,5.005504415847242,4.352873022157631,5.065674126072022
OCNT-2395379,KGQGNVXQLYFAOR-UHFFFAOYSA-N,5.07858473117338,4.760143118392651,4.6568269360715515,4.145530734452153
OCNT-2395394,JBGUJZDWPHNSHD-UHFFFAOYSA-N,4.780991531078819,4.83502350594429,4.496208387251886,4.686414241658336
OCNT-2395395,GKBSFXJAHNHBDN-HWWDLCQESA-N,5.057261544574408,4.986653796408102,4.9563809712017886,5.344539170759572
OCNT-2395398,QBTKYQSQDNYSJW-UHFFFAOYSA-N,4.680279906565209,4.471469242896619,4.708078028882917,4.054492403393268
OCNT-2395399,DWOHXLUDTPAGGR-UHFFFAOYSA-N,5.321957364627795,4.36675108651646,4.920768196300819,3.577967110336134
OCNT-2395403,NQCVIFUTOQVPDB-UHFFFAOYSA-N,5.032054485048029,4.806706434710259,4.698461961970446,4.243391309470252
OCNT-2395404,MUXQTGKIVRSWAN-UHFFFAOYSA-N,3.8287268970054322,3.8196744178323114,4.749555118389333,2.237188730281547
OCNT-2395407,WWLISLZNGXQQLF-UHFFFAOYSA-N,4.776356582366007,4.464405394629805,4.569202475602349,4.05610878433915
OCNT-2395414,GUVDEBQYZLFNCP-UHFFFAOYSA-N,4.952418945819233,5.140401108543033,4.796782767616389,4.758348215570813
OCNT-2395416,BMZLZQHDDRYCEU-UHFFFAOYSA-N,4.296668665555799,4.418713896319273,4.660909659283493,4.163068895891187
OCNT-2395418,FSDPMVRINSSCJT-UHFFFAOYSA-N,4.680904481503676,4.733477695730064,4.779091364848345,4.582334031218969
OCNT-2395428,YZZRKGPDASBVGM-UHFFFAOYSA-N,5.1276662458013185,4.647271596779104,4.4370376486898495,4.636013770744299
OCNT-2395431,MKSMCTOLENWCGA-UHFFFAOYSA-N,3.9693225081418415,3.952733983115396,4.524821773075354,3.5245987990623
OCNT-2395435,DXLJVPKHMCRJMN-UHFFFAOYSA-N,4.071535512451244,3.622187896625319,4.689332674503881,2.1342701242672915
OCNT-2395437,PHDCPFQMZFUTAS-UHFFFAOYSA-N,5.092405524795381,4.563937794890822,4.5152583844391705,4.406520924748666
OCNT-2395438,STPVSAJYHZTWPV-UHFFFAOYSA-N,4.942418561561076,3.7023664105663405,4.651213832063842,3.323732378179381
OCNT-2395439,TYZSFHHKSSQPJU-UHFFFAOYSA-N,4.911689728974363,4.551675794412205,4.491365495991553,2.902754151056383
OCNT-2395443,TVTPOERDJDYHCW-UHFFFAOYSA-N,5.53909860130931,4.397381125829783,4.564429845902453,5.221460046268188
OCNT-2395452,DMZMESXZSXERBS-UHFFFAOYSA-N,4.493593372424014,3.80069366291253,4.780738598135065,3.333735309835033
OCNT-2395455,CMOXMEILBPKQHC-UHFFFAOYSA-N,4.421716989206138,4.535286204179159,4.6198000463507976,4.732336659439735
OCNT-2395458,OXLGYDLAQVKNCK-UONOGXRCSA-N,4.077620447816439,3.8281569533830764,4.7904529026362335,3.1437351411789636
OCNT-2395466,RVBYSOSSNDRWFO-UHFFFAOYSA-N,4.280298433726976,4.6186761399978264,4.6421868872163925,3.767561403203433
OCNT-2395471,ZAWLZKHAQFWKAY-UHFFFAOYSA-N,3.903026967836708,4.583517086977509,4.677521452089002,3.027702741853499
OCNT-2395481,ANKYSPAPZXZRKL-UHFFFAOYSA-N,4.470844955619499,3.7492550410060383,4.691981936902128,3.5059982030762247
OCNT-2395489,NMVHDBFXWRCWPL-UHFFFAOYSA-N,4.349075457187232,4.299958596709957,5.022222665172435,2.651160918939039
OCNT-2395491,CMJHYIYEZVPEKX-UHFFFAOYSA-N,4.774380869794947,4.372541770938604,4.348155179792799,4.312460631541418
OCNT-2395495,LORROHMPLWAYJF-UHFFFAOYSA-N,4.939302393805344,5.0137706581740815,4.60921033832662,5.044360147823278
OCNT-2395496,PEZCWYOLOOOVQM-UHFFFAOYSA-N,4.267542014113671,4.902352400502292,4.892397422638232,4.980248425385003
OCNT-2395500,AATKRDLDTAZTJL-UHFFFAOYSA-N,5.284898528377087,4.706909742203673,4.907164942109312,4.951258199205447
OCNT-2395501,FQOWCVFDUZFHLA-UHFFFAOYSA-N,5.0751248374537425,5.074699047749339,4.281739150849404,5.106126359173592
OCNT-2395504,JDULGAIJOJJFGG-UHFFFAOYSA-N,4.877174437927922,4.196681745544178,4.62749504305965,4.294381000907478
OCNT-2395520,GODHPEISNMRQSM-UHFFFAOYSA-N,5.486987478927192,4.605960143381263,4.432767413662101,4.525591226873523
OCNT-2395528,QWXPXVPCPNYPHO-UHFFFAOYSA-N,4.951656951988401,4.901061878702655,4.5876359866630265,4.949612315215002
OCNT-2395529,NRYADSRCTBFWRF-JBAPVGOWSA-N,5.1718588503303735,4.431914742863883,4.759209883686194,3.904124092251263
OCNT-2395532,KTQKEHUXYRBZQZ-UHFFFAOYSA-N,5.118434985405433,4.8867399881544715,4.529650966921131,4.820660685541594
OCNT-2395537,OWZIUSPJOOLACL-UHFFFAOYSA-N,4.8150214620206375,4.833667218285357,4.496208387251886,4.280619459882043
OCNT-2395543,RUNGUEZWZTVFCU-UHFFFAOYSA-N,4.892161202810199,4.983990280895687,4.537052412169686,5.200479668826511
OCNT-2395548,WOULMLSTCVMSPN-UHFFFAOYSA-N,5.02423238204668,5.105070842762981,4.851838319651774,5.456055248250933
OCNT-2395556,FKDGSNNIFHGRKN-UHFFFAOYSA-N,5.220644262837548,4.865701877555885,4.301235420487683,4.054309508341279
OCNT-2395557,JFXRKJJBUPVDID-UHFFFAOYSA-N,4.553135110147653,3.6774561256570815,4.722089234449068,3.1272158833416026
OCNT-2395566,YBCQCDKLRZBYPI-UHFFFAOYSA-N,4.655912067573308,4.17644650799468,4.795456666357089,3.954199742773782
OCNT-2395569,HEPXFCPIBMRRBZ-UHFFFAOYSA-N,4.565690142036776,3.7142539746550423,4.683464800097092,2.6707788152012606
OCNT-2395576,YXTNAXUFAGFNGO-UHFFFAOYSA-N,4.809075896120932,4.753728794600056,4.725848535427859,4.135776812272977
OCNT-2395582,DTWGQURLWJYWCB-UHFFFAOYSA-N,5.098232087967065,4.947167378766709,4.497006579571214,4.599902786266162
OCNT-2395588,COBJIQXSNFUCNG-UHFFFAOYSA-N,4.640272052619901,4.421776666374473,4.27616768668546,4.146790048073624
OCNT-2395599,GAJPAQZXVDIPFZ-UHFFFAOYSA-N,4.97071936729357,4.600215085476038,4.866197297968498,4.64335929298779
OCNT-2395602,INPVMHGBOBZEPM-UHFFFAOYSA-N,5.204153503511839,5.1112284890621575,4.815034903439208,5.444158044620084
OCNT-2395603,SZQLDCNOSRKNKT-UHFFFAOYSA-N,5.086434696492615,4.6058370815298915,4.967864800977652,4.586143076122746
OCNT-2395606,OYBCLJJKAIHXRC-UHFFFAOYSA-N,5.254152790051495,5.109590220725475,4.524780029392927,5.021187382062468
OCNT-2395615,OWDQVZHOEPSCRJ-UHFFFAOYSA-N,4.870400347455885,5.337179673469888,4.759180825891776,5.560279530592476
OCNT-2395617,ZFLNQKJXJYGVKM-UHFFFAOYSA-N,3.781475406489454,4.3201540055108305,4.474589096648754,4.443463742227337
OCNT-2395621,RQUJRQRACFINJM-UHFFFAOYSA-N,5.420157298928717,4.54797564249284,4.7822366330894335,4.470458207424147
OCNT-2395627,NJTUJJIKAYUDGD-UHFFFAOYSA-N,5.085093770477031,4.85129190563142,4.324474691079015,4.898305695418789
OCNT-2395631,YDVFKKIYGVLNGT-UHFFFAOYSA-N,5.15546985018278,4.603694191578316,4.272847542824391,4.674238663699462
OCNT-2395638,DOHJYNWDMIJJRO-UHFFFAOYSA-N,4.347309744540042,4.789938550247555,4.891944008956251,4.699748902683014
OCNT-2395651,FFEDIEBSLQQKEK-UHFFFAOYSA-N,5.182677717796369,4.728444303507039,4.547504491251354,3.1291186447768395
OCNT-2395662,IRKYFFBPASUKKZ-UHFFFAOYSA-N,3.7737161079645274,3.766944508081297,4.472080157886452,2.3958899373217375
OCNT-2395670,ANKJZMOSISEFKF-UHFFFAOYSA-N,5.141700090101999,4.57820297510931,4.711332659243929,4.001667237331704
OCNT-2395672,QOWDANZXWYEGPT-UHFFFAOYSA-N,3.943504737487367,4.076479366441174,4.539083104278884,3.31860934139318
OCNT-2395675,RUTPHZIFPKYSDE-UHFFFAOYSA-N,4.33712506889801,5.002505841555537,4.770770486648352,5.567028344383892
OCNT-2395681,ZHAARJLDFPNKLT-UHFFFAOYSA-N,4.6616062993932745,3.7274435317271575,4.552303844923011,3.4115443381182042
OCNT-2395682,YSXFALBFZPSVAY-UHFFFAOYSA-N,4.868442737147229,4.6320828128855585,4.907535935036505,4.4659259033402705
OCNT-2395683,FBNCMWHMXUYLJC-UHFFFAOYSA-N,3.6633545098773013,3.9263395185007766,4.50321044867128,3.3405800055892976
OCNT-2395687,OLRZPWDVYYEKGN-UHFFFAOYSA-N,4.296972853895166,4.326541206930561,4.918063005518066,3.4542165955925292
OCNT-2395689,HLGONRSHXFEINO-UHFFFAOYSA-N,4.1928424133961295,4.510474638182969,4.374538830212692,3.48067939753366
OCNT-2395692,IOWRIDUXZXMMQU-UHFFFAOYSA-N,4.894882831809035,4.620386860827239,4.439112400472748,3.349183336344729
OCNT-2395696,ZWQZJLBSHIQICX-UHFFFAOYSA-N,4.979181156465876,4.430998451543519,4.528653921205299,4.039662567789619
OCNT-2395697,AVVYSOUEAQUFBT-UHFFFAOYSA-N,4.411988721582734,3.6115073770273916,4.733390033537145,3.4185796757812805
OCNT-2395704,CGPCPBSMPYTZMC-UHFFFAOYSA-N,5.044623325335879,4.847992742392255,4.4159467352065285,5.159061965421685
OCNT-2395706,SXDMWIXDSQCASC-UHFFFAOYSA-N,5.016205466189013,4.485351440298421,4.4727456350170645,4.426684268598748
OCNT-2395712,SPZQDXGBZLHTIG-UHFFFAOYSA-N,4.4987338677460675,4.256021182006617,4.717878260674129,4.296490745262251
OCNT-2395714,DUKICPCHQPYURE-UHFFFAOYSA-N,4.893790680965276,4.699429625066567,4.3449450043722795,4.373531184661936
OCNT-2395718,ASTDCICFPQKUIL-UHFFFAOYSA-N,4.793517870909959,4.283869911788568,4.782150771316507,3.4914026305679835
OCNT-2395719,ARMHNKPKRVBKDE-UHFFFAOYSA-N,4.75167217920699,3.9569739705020144,4.500255135743906,4.28370097608707
OCNT-2395723,JQVSAVSOQRGLPR-UHFFFAOYSA-N,4.438280966958164,3.4526086873094664,4.516386132131515,3.442350626619366
OCNT-2395726,JHKSVXWGJPSVPH-UHFFFAOYSA-N,4.756865753991441,4.254947232944916,4.694817606698361,3.6827677158492653
OCNT-2395729,ABBNLJTZTQVBCG-UHFFFAOYSA-N,5.045776235350008,4.445709383292548,4.804703805261998,4.456774140466269
OCNT-2395730,JHOHCIQEHBJHIY-UHFFFAOYSA-N,5.142462214377232,3.595376082505853,4.626999299318761,2.6638194152896384
OCNT-2395739,MNLLGQAENHHBIN-UHFFFAOYSA-N,4.2497614625532725,4.631436193631737,4.336466831460836,4.838523204159075
OCNT-2395740,FOIRYFMSWXZVCR-UHFFFAOYSA-N,4.851350533128889,4.409640311667361,4.488813876796088,5.035079423164423
OCNT-2395742,KIFQBAROWBDCDH-UHFFFAOYSA-N,4.573186290675576,4.476961641514481,4.974620948224049,3.8371703143976252
OCNT-2395743,VTTWZHQHBBSLPE-UHFFFAOYSA-N,5.025878562514089,4.570185285459163,4.455347989132593,4.768438377111708
OCNT-2395754,RDLVSGOVJOSIHV-UHFFFAOYSA-N,4.679719795521551,4.644478966595251,4.838313768518899,2.9398194840553757
OCNT-2395758,VGKTZOSSNOYRLG-UHFFFAOYSA-N,5.048252866191672,4.873416296610394,4.452981413632567,5.638288764324568
OCNT-2395762,SGCOMSXBUQWSBL-UHFFFAOYSA-N,4.789166973294441,4.643266484324706,4.654249998689186,4.918252422298601
OCNT-2395775,ZTFVHUMBZXGEFS-UHFFFAOYSA-N,4.929294356038394,4.270583137615686,4.902312216931428,3.5867150721121526
OCNT-2395777,XHMRHVMVFSPYOG-UHFFFAOYSA-N,4.657113550157308,4.577886484846273,4.299400207430195,4.7097810742830735
OCNT-2395781,JNMBUNCAVAQQQX-UHFFFAOYSA-N,5.552801379640275,4.448426077908264,4.573421080491904,4.726107679046929
OCNT-2395783,HZYLYVJGIBASSW-UHFFFAOYSA-N,4.7908792412691605,3.855608048113615,4.740162926295724,3.9566538836413865
OCNT-2395795,SCPRVCRZHVPKLD-UHFFFAOYSA-N,4.197137472704661,4.151829683284861,4.704064442376965,3.7578698556160632
OCNT-2395796,FUKVXEGKZLQFNL-UHFFFAOYSA-N,4.95687870736491,4.649783754678278,4.41343875208797,5.668632919379007
