Molecule_Name,set,inchikey,heavy_atoms,n_nitrogen,n_basic_n,n_C1,n_C2,n_C3,has_CYP1A2,has_CYP2C9,has_CYP2D6,has_CYP3A4,atoms_C1,atoms_C2,atoms_C3
OCNT-0000422,train,RADKZDMFGJYCBB-UHFFFAOYSA-N,12,1,0,0,1,3,False,False,False,True,,11,"3,9,11"
OCNT-0001882,train,TXCGAZHTZHNUAI-UHFFFAOYSA-N,14,0,0,0,0,1,False,True,False,False,,,13
OCNT-0007477,train,XBJWOGLKABXFJE-UHFFFAOYSA-N,13,1,0,0,0,2,False,False,False,True,,,"7,12"
OCNT-0010068,train,PVNIIMVLHYAWGP-UHFFFAOYSA-N,9,1,0,0,1,2,False,False,False,True,,5,"2,5"
OCNT-0014841,train,TYMRLRRVMHJFTF-UHFFFAOYSA-N,12,2,1,1,1,1,False,False,False,True,0,0,0
OCNT-0018684,train,AQHHHDLHHXJYJD-UHFFFAOYSA-N,19,1,1,1,1,2,True,True,True,False,3,3,"3,6"
OCNT-0020887,train,OEHAYUOVELTAPG-UHFFFAOYSA-N,13,1,1,1,1,1,False,False,True,False,1,1,1
OCNT-0021749,train,NGOGFTYYXHNFQH-UHFFFAOYSA-N,20,3,1,1,2,2,False,False,True,False,17,"9,17","9,17"
OCNT-0021943,train,QZAYGJVTTNCVMB-UHFFFAOYSA-N,13,2,1,1,1,2,True,False,False,False,0,0,"0,10"
OCNT-0021946,train,VOXZDWNPVJITMN-ZBRFXRBCSA-N,20,0,0,0,0,2,False,True,False,False,,,"6,16"
OCNT-0022006,train,GZUITABIAKMVPG-UHFFFAOYSA-N,34,1,1,1,1,3,False,False,True,False,9,9,"9,23,30"
OCNT-0022012,train,HWHLPVGTWGOCJO-UHFFFAOYSA-N,22,1,1,1,1,2,False,False,True,False,4,4,"0,4"
OCNT-0022066,train,IENZQIKPVFGBNW-UHFFFAOYSA-N,28,5,0,0,2,2,False,True,False,True,,"5,20","5,20"
OCNT-0022107,train,VRBKIVRKKCLPHA-UHFFFAOYSA-N,33,5,1,1,2,2,False,True,True,True,8,"3,8","3,8"
OCNT-0022119,train,RGCVKNLCSQQDEP-UHFFFAOYSA-N,27,3,2,2,2,4,True,False,True,False,"3,6","3,6","0,3,6,17"
OCNT-0022125,train,JWZZKOKVBUJMES-UHFFFAOYSA-N,15,1,1,1,1,4,False,False,False,True,3,3,"3,6,10,12"
OCNT-0022126,train,XMXHEBAFVSFQEX-UHFFFAOYSA-N,31,2,1,1,2,2,False,True,True,False,8,"8,13","8,13"
OCNT-0022127,train,LNEPOXFFQSENCJ-UHFFFAOYSA-N,26,1,1,1,1,2,False,False,True,False,5,5,"5,9"
OCNT-0022128,train,CEUORZQYGODEFX-UHFFFAOYSA-N,30,3,1,1,1,1,False,True,True,False,13,13,13
OCNT-0022129,train,ZUXABONWMNSFBN-UHFFFAOYSA-N,23,4,2,2,2,2,True,False,False,True,"1,4","1,4","1,4"
OCNT-0022130,train,WXPNDRBBWZMPQG-UHFFFAOYSA-N,22,4,2,2,2,2,True,False,False,True,"5,8","5,8","5,8"
OCNT-0022137,train,RAPZEAPATHNIPO-UHFFFAOYSA-N,30,4,1,1,3,3,False,False,True,False,5,"5,10,29","5,10,29"
OCNT-0022139,train,XJGVXQDUIWGIRW-UHFFFAOYSA-N,23,3,1,1,1,1,False,False,True,False,1,1,1
OCNT-0022141,train,KLBQZWRITKRQQV-UHFFFAOYSA-N,25,2,1,1,1,3,True,False,True,False,21,21,"1,6,21"
OCNT-0022142,train,KLPWJLBORRMFGK-UHFFFAOYSA-N,20,2,1,1,1,1,False,False,True,False,12,12,12
OCNT-0022215,train,HXGBXQDTNZMWGS-RUZDIDTESA-N,32,2,1,1,1,1,False,False,True,True,19,19,19
OCNT-0022234,train,YRCWQPVGYLYSOX-UHFFFAOYSA-N,12,1,1,1,1,3,False,False,False,True,1,1,"1,4,9"
OCNT-0022235,train,WXFIGDLSSYIKKV-RCOVLWMOSA-N,12,1,1,1,1,3,False,False,False,True,2,2,"2,4,10"
OCNT-0022237,train,YBHILYKTIRIUTE-UHFFFAOYSA-N,25,1,0,0,0,0,False,False,True,False,,,
OCNT-0022246,train,ZEWQUBUPAILYHI-UHFFFAOYSA-N,28,3,2,2,2,3,True,False,True,True,"1,4","1,4","1,4,15"
OCNT-0022254,train,XSCGXQMFQXDFCW-UHFFFAOYSA-N,24,2,1,1,1,2,True,False,True,False,1,1,"1,13"
OCNT-0022266,train,PWWVAXIEGOYWEE-UHFFFAOYSA-N,20,2,1,1,1,2,True,False,True,False,17,17,"10,17"
OCNT-0022267,train,ZGUGWUXLJSTTMA-UHFFFAOYSA-N,20,2,1,1,1,2,False,False,True,False,1,1,"1,13"
OCNT-0022268,train,WIKYUJGCLQQFNW-UHFFFAOYSA-N,25,3,2,2,2,3,True,False,True,False,"1,4","1,4","1,4,15"
OCNT-0022269,train,BTFMCMVEUCGQDX-UHFFFAOYSA-N,29,2,1,1,1,3,True,False,True,False,18,18,"7,18,24"
OCNT-0022271,train,YVUQSNJEYSNKRX-UHFFFAOYSA-N,34,3,1,1,1,1,False,False,True,False,13,13,13
OCNT-0022281,train,DKMFBWQBDIGMHM-UHFFFAOYSA-N,19,1,1,1,1,1,False,False,True,True,4,4,4
OCNT-0022288,train,PLDUPXSUYLZYBN-UHFFFAOYSA-N,30,3,2,2,2,4,True,True,True,False,"3,6","3,6","0,3,6,17"
OCNT-0022291,train,RMEDXOLNCUSCGS-UHFFFAOYSA-N,28,3,1,1,1,1,False,False,True,False,5,5,5
OCNT-0022294,train,ZPEIMTDSQAKGNT-UHFFFAOYSA-N,21,2,1,1,1,2,True,True,True,True,1,1,"1,13"
OCNT-0022297,train,ZKIAIYBUSXZPLP-UHFFFAOYSA-N,31,3,1,1,1,1,False,False,True,False,13,13,13
OCNT-0022301,train,FEBOTPHFXYHVPL-UHFFFAOYSA-N,28,3,1,1,1,1,False,False,True,False,5,5,5
OCNT-0022303,train,QWGDMFLQWFTERH-UHFFFAOYSA-N,22,3,1,1,1,1,False,False,True,False,17,17,17
OCNT-0022314,train,FPCCSQOGAWCVBH-UHFFFAOYSA-N,29,3,1,1,1,1,False,True,False,False,12,12,12
OCNT-0022315,train,HRRBJVNMSRJFHQ-UHFFFAOYSA-N,29,2,1,1,1,2,False,True,True,True,7,7,"7,10"
OCNT-0022316,train,VCKUSRYTPJJLNI-UHFFFAOYSA-N,28,5,0,0,2,2,True,True,False,False,,"10,25","10,25"
OCNT-0022317,train,PNCPYILNMDWPEY-QGZVFWFLSA-N,35,3,1,1,1,2,False,False,True,False,19,19,"18,19"
OCNT-0200796,train,FBOZXECLQNJBKD-ZDUSSCGKSA-N,33,8,0,0,4,6,True,False,False,False,,"5,7,10,14","5,7,10,14,27,30"
OCNT-0200803,train,OBKXEAXTFZPCHS-UHFFFAOYSA-N,12,0,0,0,0,1,False,False,False,True,,,2
OCNT-0283087,train,NNTMZAGJQBDZRO-UHFFFAOYSA-N,23,4,0,0,1,1,True,False,True,False,,15,15
OCNT-0294781,train,WRLYSWVJPNRQTN-UHFFFAOYSA-N,21,4,0,0,1,1,True,False,False,False,,10,10
OCNT-0319465,train,CDQSUAXVLAUUPS-UHFFFAOYSA-N,23,4,0,0,1,1,False,False,False,True,,7,7
OCNT-0381046,train,JWHAUXFOSRPERK-UHFFFAOYSA-N,25,1,1,1,1,2,True,False,True,False,3,3,"3,6"
OCNT-0436875,train,REFJWTPEDVJJIY-UHFFFAOYSA-N,22,0,0,0,0,5,True,False,False,False,,,"3,9,11,17,20"
OCNT-0476452,train,JYGXADMDTFJGBT-VWUMJDOOSA-N,26,0,0,0,0,3,False,False,False,True,,,"4,8,13"
OCNT-0476550,train,GPKJTRJOBQGKQK-UHFFFAOYSA-N,28,3,1,1,2,2,False,True,True,True,2,"2,20","2,20"
OCNT-0476578,train,RBTBFTRPCNLSDE-UHFFFAOYSA-N,20,3,0,0,1,1,True,False,True,False,,7,7
OCNT-0476778,train,WJCNZQLZVWNLKY-UHFFFAOYSA-N,14,3,0,0,2,2,True,False,False,False,,"10,11","10,11"
OCNT-0477348,train,GDLIGKIOYRNHDA-UHFFFAOYSA-N,22,2,1,1,1,1,False,False,True,False,1,1,1
OCNT-0477587,train,OFAIGZWCDGNZGT-UHFFFAOYSA-N,21,1,1,1,1,1,False,False,True,False,2,2,2
OCNT-0478484,train,HCYAFALTSJYZDH-UHFFFAOYSA-N,20,2,1,1,1,1,False,False,True,False,1,1,1
OCNT-0478539,train,DRLFMBDRBRZALE-UHFFFAOYSA-N,17,2,0,0,0,0,False,True,False,False,,,
OCNT-0478585,train,YLJREFDVOIBQDA-UHFFFAOYSA-N,15,2,0,0,1,1,True,False,True,True,,8,8
OCNT-0481618,train,DKNWSYNQZKUICI-UHFFFAOYSA-N,11,1,1,1,1,1,False,False,False,True,0,0,0
OCNT-0483290,train,DERZBLKQOCDDDZ-JLHYYAGUSA-N,28,2,2,2,2,2,False,True,False,False,"9,12","9,12","9,12"
OCNT-0483502,train,DOBMPNYZJYQDGZ-UHFFFAOYSA-N,25,0,0,0,0,2,False,False,True,False,,,"10,15"
OCNT-0483505,train,QXKHYNVANLEOEG-UHFFFAOYSA-N,16,0,0,0,0,0,True,False,True,False,,,
OCNT-0492202,train,RLMUFLVAROGUMJ-UHFFFAOYSA-N,21,2,0,0,0,0,False,False,False,True,,,
OCNT-0492977,train,PIXMJBOEBUQEEW-UHFFFAOYSA-N,22,1,0,0,0,0,False,False,False,True,,,
OCNT-0493312,train,JCCNYMKQOSZNPW-UHFFFAOYSA-N,27,2,0,0,1,1,False,True,True,False,,23,23
OCNT-0493346,train,LPEPZBJOKDYZAD-UHFFFAOYSA-N,20,1,0,0,0,1,False,False,False,True,,,2
OCNT-0493664,train,BRZANEXCSZCZCI-UHFFFAOYSA-N,23,4,0,0,1,1,False,False,True,True,,10,10
OCNT-0493764,train,HXLAFSUPPDYFEO-UHFFFAOYSA-N,25,1,1,1,1,2,False,False,True,False,8,8,"8,11"
OCNT-0493767,train,LAQWXSZWFLYJOE-UHFFFAOYSA-N,21,1,0,0,0,0,False,False,False,True,,,
OCNT-0493792,train,FJHBVJOVLFPMQE-QFIPXVFZSA-N,29,2,0,0,1,3,True,False,False,False,,21,"15,21,26"
OCNT-0493842,train,FTALBRSUTCGOEG-UHFFFAOYSA-N,15,2,0,0,1,1,True,False,False,False,,2,2
OCNT-0493904,train,YWPHCCPCQOJSGZ-UHFFFAOYSA-N,17,1,1,1,1,1,True,False,False,False,13,13,13
OCNT-0493927,train,XPOQHMRABVBWPR-ZDUSSCGKSA-N,21,1,0,0,0,0,True,False,True,False,,,
OCNT-0493940,train,MRBDMNSDAVCSSF-UHFFFAOYSA-N,21,3,0,0,0,1,False,False,True,False,,,17
OCNT-0493951,train,KKZJGLLVHKMTCM-UHFFFAOYSA-N,32,4,2,2,2,6,True,False,False,False,"18,28","18,28","4,8,18,21,28,31"
OCNT-0493990,train,MLDQJTXFUGDVEO-UHFFFAOYSA-N,32,4,0,0,1,1,False,False,True,False,,31,31
OCNT-0494012,train,VHOGYURTWQBHIL-UHFFFAOYSA-N,19,2,0,0,1,1,True,False,False,False,,17,17
OCNT-0494023,train,XGALLCVXEZPNRQ-UHFFFAOYSA-N,31,4,1,1,3,3,False,False,True,True,25,"5,7,25","5,7,25"
OCNT-0494025,train,KTUFNOKKBVMGRW-UHFFFAOYSA-N,37,7,2,2,5,5,False,True,False,False,"13,16","13,16,26,34,36","13,16,26,34,36"
OCNT-0494084,train,OPXLLQIJSORQAM-UHFFFAOYSA-N,22,3,0,0,1,1,False,True,False,False,,6,6
OCNT-0494105,train,XILVEPYQJIOVNB-UHFFFAOYSA-N,26,1,0,0,0,1,True,True,False,True,,,8
OCNT-0494110,train,RGLYKWWBQGJZGM-ISLYRVAYSA-N,20,0,0,0,0,2,False,True,False,True,,,"10,17"
OCNT-0494139,train,RZEKVGVHFLEQIL-UHFFFAOYSA-N,26,3,0,0,1,1,False,False,True,False,,12,12
OCNT-0494160,train,JWJOTENAMICLJG-QWBYCMEYSA-N,37,2,0,0,0,0,False,True,False,False,,,
OCNT-0494161,train,LOUPRKONTZGTKE-WZBLMQSHSA-N,24,2,1,1,2,3,False,False,True,False,4,"4,15","4,11,15"
OCNT-0494162,train,BFPYWIDHMRZLRN-SLHNCBLASA-N,22,0,0,0,0,2,False,True,False,False,,,"3,13"
OCNT-0494164,train,YEEZWCHGZNKEEK-UHFFFAOYSA-N,41,3,0,0,0,0,True,False,False,False,,,
OCNT-0494166,train,WWYNJERNGUHSAO-XUDSTZEESA-N,23,0,0,0,0,1,False,False,True,False,,,3
OCNT-0494195,train,YQNQNVDNTFHQSW-UHFFFAOYSA-N,21,3,0,0,1,1,False,False,False,True,,14,14
OCNT-0494205,train,OOLLAFOLCSJHRE-ZHAKMVSLSA-N,35,1,0,0,0,0,False,True,False,False,,,
OCNT-0494638,train,RUDATBOHQWOJDD-BSWAIDMHSA-N,28,0,0,0,0,3,False,True,False,False,,,"6,13,18"
OCNT-0494698,train,ZNNLBTZKUZBEKO-UHFFFAOYSA-N,33,3,0,0,0,0,False,True,False,False,,,
OCNT-0494717,train,GOTYRUGSSMKFNF-UHFFFAOYSA-N,19,3,0,0,0,0,False,False,False,True,,,
OCNT-0494811,train,YHXISWVBGDMDLQ-UHFFFAOYSA-N,18,2,1,1,1,1,False,False,True,False,5,5,5
OCNT-0495039,train,QIVBCDIJIAJPQS-VIFPVBQESA-N,15,2,1,1,1,2,False,False,False,True,0,0,"0,14"
OCNT-0495153,train,OCJYIGYOJCODJL-UHFFFAOYSA-N,28,2,2,2,2,2,False,False,True,True,"7,10","7,10","7,10"
OCNT-0495157,train,JZFPYUNJRRFVQU-UHFFFAOYSA-N,20,2,0,0,1,2,False,False,False,True,,7,"2,7"
OCNT-0495189,train,ZKLPARSLTMPFCP-UHFFFAOYSA-N,27,2,2,2,2,3,False,True,False,True,"7,10","7,10","2,7,10"
OCNT-0495216,train,XIQVNETUBQGFHX-UHFFFAOYSA-N,26,1,1,1,1,2,True,False,True,True,2,2,"2,13"
OCNT-0495275,train,VKHAHZOOUSRJNA-GCNJZUOMSA-N,32,1,0,0,0,1,False,True,False,True,,,4
OCNT-0495277,train,FELGMEQIXOGIFQ-UHFFFAOYSA-N,22,3,0,0,1,1,True,False,False,False,,2,2
OCNT-0495303,train,WHTVZRBIWZFKQO-UHFFFAOYSA-N,22,3,1,1,2,2,True,False,False,False,2,"2,14","2,14"
OCNT-0495340,train,NCDNCNXCDXHOMX-XGKFQTDJSA-N,50,6,0,0,2,3,False,False,True,False,,"4,42","4,26,42"
OCNT-0495493,train,KJFMBFZCATUALV-UHFFFAOYSA-N,24,0,0,0,0,2,False,False,True,False,,,"8,15"
OCNT-0495620,train,KXGVEGMKQFWNSR-LLQZFEROSA-N,28,0,0,0,0,3,False,False,True,False,,,"6,17,25"
OCNT-0495682,train,WDFKMLRRRCGAKS-UHFFFAOYSA-N,13,1,0,0,1,2,True,False,False,False,,11,"0,11"
OCNT-0496415,train,QJJXYPPXXYFBGM-CLAWHKJSSA-N,57,1,0,0,0,3,False,False,True,False,,,"17,39,47"
OCNT-0496475,train,PHWBOXQYWZNQIN-UHFFFAOYSA-N,17,1,1,1,1,1,True,False,True,False,8,8,8
OCNT-0496647,train,FQQIIPAOSKSOJM-UHFFFAOYSA-N,21,2,1,1,1,1,False,False,True,False,1,1,1
OCNT-0497719,train,PWHROYKAGRUWDQ-UHFFFAOYSA-N,22,2,0,0,1,1,True,True,True,False,,21,21
OCNT-0497724,train,VFLDPWHFBUODDF-UHFFFAOYSA-N,27,0,0,0,0,2,False,True,False,True,,,"18,26"
OCNT-0497798,train,YMTINGFKWWXKFG-UHFFFAOYSA-N,25,0,0,0,0,0,False,True,False,True,,,
OCNT-0497847,train,VYMDGNCVAMGZFE-UHFFFAOYSA-N,23,2,0,0,0,0,False,True,False,False,,,
OCNT-0497901,train,LLJFMFZYVVLQKT-UHFFFAOYSA-N,37,3,0,0,0,0,False,False,False,True,,,
OCNT-0497926,train,OZWKMVRBQXNZKK-UHFFFAOYSA-N,19,1,0,0,0,1,True,False,False,False,,,15
OCNT-0497934,train,YJGVMLPVUAXIQN-XVVDYKMHSA-N,30,0,0,0,0,1,False,True,False,True,,,13
OCNT-0497946,train,IZJRISIINLJVBU-UHFFFAOYSA-N,16,1,0,0,1,1,True,False,False,False,,14,14
OCNT-0497954,train,WSPOMRSOLSGNFJ-AUWJEWJLSA-N,21,1,1,1,1,2,True,True,True,True,1,1,"1,13"
OCNT-0497979,train,DOMXUEMWDBAQBQ-WEVVVXLNSA-N,22,1,1,1,1,1,False,False,True,False,1,1,1
OCNT-0497983,train,BCEHBSKCWLPMDN-MGPLVRAMSA-N,25,5,0,0,4,5,False,False,False,True,,"3,5,14,16","3,5,10,14,16"
OCNT-0497986,train,DMDGGSIALPNSEE-UHFFFAOYSA-N,20,3,0,0,0,0,False,False,True,False,,,
OCNT-0497989,train,UIAGMCDKSXEBJQ-UHFFFAOYSA-N,30,2,1,1,1,1,False,False,False,True,10,10,10
OCNT-0497994,train,RZTAMFZIAATZDJ-UHFFFAOYSA-N,25,1,1,1,1,1,True,False,True,True,8,8,8
OCNT-0498014,train,HYIMSNHJOBLJNT-UHFFFAOYSA-N,25,2,1,1,1,1,True,False,False,False,7,7,7
OCNT-0498030,train,ASFKKFRSMGBFRO-UHFFFAOYSA-N,26,2,0,0,1,1,True,False,True,True,,4,4
OCNT-0498036,train,FAKRSMQSSFJEIM-RQJHMYQMSA-N,14,1,0,0,0,2,False,False,False,True,,,"3,13"
OCNT-0498042,train,OFVLGDICTFRJMM-WESIUVDSSA-N,32,2,1,1,1,6,False,True,False,True,1,1,"1,5,13,15,21,28"
OCNT-0498064,train,RUZYUOTYCVRMRZ-UHFFFAOYSA-N,33,5,0,0,2,2,False,True,False,True,,"5,25","5,25"
OCNT-0498067,train,OLNTVTPDXPETLC-XPWALMASSA-N,30,1,0,0,0,2,False,False,True,False,,,"6,19"
OCNT-0498090,train,VKQFCGNPDRICFG-UHFFFAOYSA-N,28,2,1,1,1,1,True,False,False,False,7,7,7
OCNT-0498121,train,JNMRHUJNCSQMMB-UHFFFAOYSA-N,16,3,0,0,1,1,False,True,False,True,,10,10
OCNT-0498125,train,GZOSMCIZMLWJML-VJLLXTKPSA-N,26,1,0,0,1,2,True,False,False,False,,21,"5,21"
OCNT-0498126,train,TZFWDZFKRBELIQ-UHFFFAOYSA-N,11,1,0,0,0,0,True,False,False,False,,,
OCNT-0498127,train,UREBDLICKHMUKA-DVTGEIKXSA-N,28,0,0,0,0,3,False,False,False,True,,,"18,23,27"
OCNT-0498160,train,MBGGBVCUIVRRBF-UHFFFAOYSA-N,29,2,0,0,0,0,False,True,False,False,,,
OCNT-0498430,train,VSLIUWLPFRVCDL-UHFFFAOYSA-N,19,2,0,0,1,1,True,False,False,False,,16,16
OCNT-0713834,train,PURKAOJPTOLRMP-UHFFFAOYSA-N,29,2,0,0,0,1,False,True,True,True,,,28
OCNT-0713835,train,MVRHVFSOIWFBTE-INIZCTEOSA-N,41,7,0,0,3,3,False,False,True,False,,"2,30,31","2,30,31"
OCNT-1083122,train,IWDCLRJOBJJRNH-UHFFFAOYSA-N,8,0,0,0,0,1,False,True,False,False,,,5
OCNT-1411118,train,PBJUNZJWGZTSKL-MRXNPFEDSA-N,25,1,1,1,1,2,False,False,True,False,7,7,"7,14"
OCNT-1685194,train,ZQPPMHVWECSIRJ-KTKRTIGZSA-N,20,0,0,0,0,1,False,True,False,True,,,19
OCNT-1755345,train,VZZJRYRQSPEMTK-CALCHBBNSA-N,35,3,0,0,1,1,False,True,False,True,,23,23
OCNT-1755349,train,MKXKFYHWDHIYRV-UHFFFAOYSA-N,19,2,0,0,0,0,True,False,False,False,,,
OCNT-1871132,train,QRZAKQDHEVVFRX-UHFFFAOYSA-N,16,0,0,0,0,1,False,True,False,True,,,2
OCNT-1893991,train,JXZZEXZZKAWDSP-UHFFFAOYSA-N,26,3,1,1,1,1,False,False,True,False,6,6,6
OCNT-1893994,train,ZKMNUMMKYBVTFN-HNNXBMFYSA-N,20,2,1,1,1,1,False,False,True,False,3,3,3
OCNT-1893998,train,RGOVYLWUIBMPGK-UHFFFAOYSA-N,21,1,0,0,0,1,False,False,True,False,,,16
OCNT-1911794,train,LOUPRKONTZGTKE-LHHVKLHASA-N,24,2,1,1,2,3,False,False,True,False,4,"4,21","4,11,21"
OCNT-1911799,train,XFYDIVBRZNQMJC-UHFFFAOYSA-N,16,5,0,0,2,2,False,False,True,False,,"10,12","10,12"
OCNT-1911800,train,AHOUBRCZNHFOSL-YOEHRIQHSA-N,24,1,1,1,1,1,True,False,True,False,8,8,8
OCNT-1965886,train,HXYVTAGFYLMHSO-UHFFFAOYSA-N,21,1,0,0,0,1,False,False,False,True,,,20
OCNT-1965934,train,LEBVLXFERQHONN-UHFFFAOYSA-N,21,2,1,1,1,1,False,False,True,False,4,4,4
OCNT-1965960,train,INWLQCZOYSRPNW-UHFFFAOYSA-N,18,2,1,1,1,1,False,True,False,False,16,16,16
OCNT-2077048,train,CJOFXWAVKWHTFT-XSFVSMFZSA-N,22,2,1,1,1,1,False,False,True,False,11,11,11
OCNT-2127780,train,ZZVUWRFHKOJYTH-UHFFFAOYSA-N,19,1,1,1,1,1,False,False,True,False,1,1,1
OCNT-2308460,train,ADCLRPXGARJRNH-UHFFFAOYSA-N,25,5,0,0,3,3,True,False,False,True,,"14,15,21","14,15,21"
OCNT-2308462,train,WJFRXTNVJXUMKZ-UHFFFAOYSA-N,25,3,0,0,0,0,False,False,False,True,,,
OCNT-2308464,train,FOBFOEZLLATUMX-UHFFFAOYSA-N,24,2,0,0,0,0,False,False,False,True,,,
OCNT-2308465,train,YQQDONWJASNYLB-UHFFFAOYSA-N,21,4,0,0,4,4,True,False,False,False,,"7,13,15,17","7,13,15,17"
OCNT-2308466,train,QIISNUQNQVBXSM-UHFFFAOYSA-N,27,5,1,1,3,3,False,False,True,False,7,"7,25,26","7,25,26"
OCNT-2308468,train,DVMAGBMCBPEMHG-UHFFFAOYSA-N,27,6,0,0,3,3,True,True,False,False,,"2,3,22","2,3,22"
OCNT-2308470,train,RQGVCACJTCSQTN-UHFFFAOYSA-N,23,4,0,0,3,3,True,False,False,True,,"13,21,22","13,21,22"
OCNT-2308473,train,MGZZNLHVDYPPJO-UHFFFAOYSA-N,27,2,0,0,0,0,False,True,False,True,,,
OCNT-2308474,train,RMOQOPSUZCJLMR-UHFFFAOYSA-N,26,5,0,0,2,3,True,False,False,False,,"10,24","10,21,24"
OCNT-2308475,train,HCCPDJMGEYCQRE-UHFFFAOYSA-N,21,2,0,0,0,0,True,False,False,True,,,
OCNT-2308476,train,KAQRDYBEHRCINW-UHFFFAOYSA-N,23,3,0,0,0,1,True,True,False,False,,,4
OCNT-2308478,train,LEBMJYFBEYQLMP-PKHIMPSTSA-N,27,4,1,1,2,2,False,True,True,False,23,"17,23","17,23"
OCNT-2308479,train,BMCKPGYQWRVRGW-UHFFFAOYSA-N,26,3,0,0,1,1,False,True,False,True,,17,17
OCNT-2308483,train,SNCVEOXAGGEZHI-UHFFFAOYSA-N,21,3,0,0,2,2,True,False,True,False,,"12,17","12,17"
OCNT-2308492,train,ZUSVERMHGZARGI-UHFFFAOYSA-N,23,2,0,0,0,0,False,False,False,True,,,
OCNT-2308494,train,HNTSVSUJRBPIDS-UHFFFAOYSA-N,24,5,0,0,3,3,False,True,False,True,,"15,20,21","15,20,21"
OCNT-2308499,train,QXUKGGCCARXMOA-UHFFFAOYSA-N,21,4,0,0,1,1,True,False,True,False,,20,20
OCNT-2308501,train,WCGOAKBBDHZUDP-UHFFFAOYSA-N,29,5,2,2,3,3,False,False,False,True,"3,6","3,6,14","3,6,14"
OCNT-2308502,train,NGONJMJRJGVYLJ-UHFFFAOYSA-N,21,5,0,0,3,3,False,False,False,True,,"7,12,14","7,12,14"
OCNT-2308504,train,WNVJJXBDZXMAAQ-UHFFFAOYSA-N,26,5,0,0,2,3,False,False,False,True,,"21,23","6,21,23"
OCNT-2308506,train,GMOUZYGFMNTHBO-RDTXWAMCSA-N,24,3,0,0,2,2,True,False,False,False,,"9,20","9,20"
OCNT-2308508,train,VUWGJWBCZMKTRL-UHFFFAOYSA-N,29,6,0,0,3,3,True,False,False,False,,"6,13,27","6,13,27"
OCNT-2308510,train,LMSNKMVPMRZZCB-UHFFFAOYSA-N,25,7,0,0,4,4,True,False,False,False,,"4,17,18,19","4,17,18,19"
OCNT-2308511,train,DCACQNXHYGCETB-UHFFFAOYSA-N,29,6,0,0,1,1,False,False,False,True,,15,15
OCNT-2308512,train,HJAMHWGDBJJRCC-UHFFFAOYSA-N,25,7,0,0,4,4,False,False,False,True,,"9,13,19,23","9,13,19,23"
OCNT-2308515,train,VOYANXUMGNPLLS-UHFFFAOYSA-N,21,4,0,0,2,2,False,True,False,False,,"9,18","9,18"
OCNT-2308519,train,CPACSLZRDZGWSJ-UHFFFAOYSA-N,23,3,0,0,1,1,True,False,True,False,,4,4
OCNT-2308520,train,FVRLQWKIQOWWAO-UHFFFAOYSA-N,25,5,0,0,2,2,True,False,True,False,,"11,13","11,13"
OCNT-2308522,train,ZQWSUQKQDOTTCE-UHFFFAOYSA-N,27,4,0,0,1,1,False,True,False,False,,18,18
OCNT-2308523,train,PUSXQGIJOIJEEE-UHFFFAOYSA-N,26,4,1,1,2,2,False,False,True,False,2,"2,21","2,21"
OCNT-2308526,train,WYKFILXPIPIWKO-UHFFFAOYSA-N,25,3,2,2,2,3,False,False,True,False,"8,19","8,19","4,8,19"
OCNT-2308529,train,KBIFFZFLJCHRSB-UHFFFAOYSA-N,25,5,0,0,2,2,True,False,False,False,,"14,23","14,23"
OCNT-2308531,train,BZQFGNJQXVEMQC-UHFFFAOYSA-N,25,2,0,0,1,2,False,False,False,True,,24,"20,24"
OCNT-2308536,train,BKRQMPMFIGCEQO-UHFFFAOYSA-N,24,5,0,0,2,2,False,True,False,False,,"20,21","20,21"
OCNT-2308537,train,QCPPGXUAWUBFAE-UHFFFAOYSA-N,26,5,1,1,4,4,False,False,True,True,11,"11,14,15,23","11,14,15,23"
OCNT-2308539,train,ZWRLRPADEBXZJB-UHFFFAOYSA-N,27,3,0,0,1,1,False,True,False,False,,5,5
OCNT-2308543,train,AAUDAIVFRROHGC-UHFFFAOYSA-N,23,3,1,1,2,2,False,False,True,False,9,"9,14","9,14"
OCNT-2308546,train,GNFJDSSWFMORPO-VXGBXAGGSA-N,21,4,0,0,1,1,True,False,True,False,,3,3
OCNT-2308550,train,JCVYGXQQGUWEBI-UHFFFAOYSA-N,29,8,0,0,3,3,False,False,False,True,,"13,22,23","13,22,23"
OCNT-2308553,train,PVLYROGYOCQWRM-UHFFFAOYSA-N,23,4,0,0,2,2,True,False,False,False,,"12,20","12,20"
OCNT-2308554,train,JHNSUBHCHVVGQI-UHFFFAOYSA-N,28,4,0,0,1,1,True,False,False,False,,4,4
OCNT-2308556,train,SWJFEOOTYQNNQB-UHFFFAOYSA-N,29,8,0,0,4,4,False,False,False,True,,"15,16,17,28","15,16,17,28"
OCNT-2308557,train,VEVIEDVOUPSXNL-HOCLYGCPSA-N,24,4,0,0,2,2,False,False,False,True,,"5,17","5,17"
OCNT-2308560,train,KGGXLTJOCZBYMP-UHFFFAOYSA-N,27,6,0,0,4,4,False,False,False,True,,"2,9,10,19","2,9,10,19"
OCNT-2308562,train,PHWUOFXXLTWMIY-UHFFFAOYSA-N,21,2,0,0,1,1,True,True,False,True,,8,8
OCNT-2308571,train,JBLWNFFRBGGQRJ-UHFFFAOYSA-N,24,3,0,0,2,2,True,True,True,False,,"6,7","6,7"
OCNT-2308576,train,RNTIEMUIAFFWHS-UHFFFAOYSA-N,26,2,0,0,1,1,False,True,False,True,,25,25
OCNT-2308578,train,JQMFLSFHACFZKD-UHFFFAOYSA-N,26,2,0,0,0,0,False,True,False,False,,,
OCNT-2308583,train,SZQOFSLZUFSAPQ-UHFFFAOYSA-N,21,4,0,0,2,3,False,True,False,True,,"12,17","4,12,17"
OCNT-2308584,train,ALMQKCCGRABQBO-UHFFFAOYSA-N,24,2,0,0,1,1,False,False,False,True,,22,22
OCNT-2308585,train,KOJVPCIQCXWRGV-LRDDRELGSA-N,22,4,1,1,2,2,False,True,False,False,9,"9,21","9,21"
OCNT-2308588,train,FJUHYDGFHVCIQR-UHFFFAOYSA-N,23,4,1,1,3,3,True,True,True,True,3,"3,9,20","3,9,20"
OCNT-2308589,train,OSXJAFIEDOREKR-UHFFFAOYSA-N,23,4,0,0,2,2,False,False,True,False,,"18,21","18,21"
OCNT-2308592,train,AGHRSHXYCSETRU-UHFFFAOYSA-N,21,3,0,0,1,1,False,False,False,True,,12,12
OCNT-2308594,train,DLIWZFLURZGWCN-AZUAARDMSA-N,26,3,0,0,1,1,True,False,False,False,,7,7
OCNT-2308597,train,CONRZOMJFHPQDZ-UHFFFAOYSA-N,27,4,0,0,2,2,True,False,False,False,,"13,15","13,15"
OCNT-2308599,train,JXYXGAQDRCZGRG-UHFFFAOYSA-N,31,2,0,0,0,0,False,False,True,False,,,
OCNT-2308600,train,NABUIGWXEXMHMS-UHFFFAOYSA-N,25,4,0,0,1,1,True,False,False,False,,7,7
OCNT-2308601,train,QAKYWAMJKFCXEF-UHFFFAOYSA-N,25,4,0,0,2,2,False,False,False,True,,"23,24","23,24"
OCNT-2308603,train,JLAOTGNFFLOXRH-UHFFFAOYSA-N,25,4,1,1,3,4,False,False,True,False,11,"11,22,24","0,11,22,24"
OCNT-2308604,train,GWKKACOWMLNGAU-UHFFFAOYSA-N,27,4,0,0,1,1,False,True,False,True,,19,19
OCNT-2308605,train,FRJHGODPRBMHPF-UHFFFAOYSA-N,22,5,0,0,2,2,True,False,False,False,,"2,19","2,19"
OCNT-2308609,train,RALAWWZGDHUZBU-UHFFFAOYSA-N,23,4,1,1,3,3,False,False,True,False,13,"13,16,17","13,16,17"
OCNT-2308610,train,AVCXISNYMQIPJV-UHFFFAOYSA-N,29,5,0,0,3,3,False,False,True,False,,"8,13,14","8,13,14"
OCNT-2308613,train,GEIMNQZCPAZKBE-UHFFFAOYSA-N,24,4,1,1,2,2,False,True,False,False,7,"7,17","7,17"
OCNT-2308614,train,PMARXGXDUQASRS-SXUUOERCSA-N,26,4,1,1,3,4,False,False,False,True,10,"10,13,24","2,10,13,24"
OCNT-2308619,train,YLTPAJXOVJXXRY-UHFFFAOYSA-N,26,5,0,0,2,2,True,False,False,False,,"24,25","24,25"
OCNT-2308624,train,HCZDJIDHWJKQNL-UHFFFAOYSA-N,23,3,1,1,2,2,False,True,True,False,13,"7,13","7,13"
OCNT-2308626,train,HQIXODCYFGBKNG-UHFFFAOYSA-N,23,1,0,0,0,1,True,False,False,False,,,16
OCNT-2308630,train,KPRTVCJELJEXDA-UHFFFAOYSA-N,24,2,0,0,0,0,False,False,True,False,,,
OCNT-2308632,train,BNVYMBNZHADONN-UHFFFAOYSA-N,22,3,0,0,2,3,True,False,False,False,,"6,7","6,7,9"
OCNT-2308635,train,RJVRSUUZAWJBFO-UHFFFAOYSA-N,24,3,0,0,1,1,True,False,False,False,,16,16
OCNT-2308638,train,MPCZYGOSXOARMM-UWEBFBLFSA-N,23,3,0,0,2,2,True,False,True,False,,"9,11","9,11"
OCNT-2308640,train,AAYXDSMALIOPQB-UHFFFAOYSA-N,31,4,0,0,1,1,False,False,True,False,,27,27
OCNT-2308641,train,PTLQVNHZLMHXGQ-UHFFFAOYSA-N,28,6,0,0,2,2,False,False,True,False,,"18,20","18,20"
OCNT-2308645,train,ANPHAOHEORVOHK-UHFFFAOYSA-N,26,5,0,0,3,3,False,True,False,True,,"9,15,23","9,15,23"
OCNT-2308646,train,DDYGUKULIGNEQA-UHFFFAOYSA-N,21,3,0,0,0,0,True,False,False,True,,,
OCNT-2308647,train,VNQSMJWLAHOHHG-UHFFFAOYSA-N,25,5,1,1,3,4,False,False,True,False,11,"2,11,18","2,11,16,18"
OCNT-2308649,train,NECXPRJZRYCKAT-UHFFFAOYSA-N,28,4,0,0,1,1,True,True,False,True,,25,25
OCNT-2308656,train,SFFQJAZXVFNTET-UHFFFAOYSA-N,29,2,0,0,1,2,False,True,False,True,,13,"13,28"
OCNT-2308660,train,KGJRVDOHNIXDMY-UHFFFAOYSA-N,23,5,0,0,2,2,False,False,True,False,,"8,22","8,22"
OCNT-2308661,train,AZASSXZRDAGZPS-UHFFFAOYSA-N,25,6,0,0,4,5,False,False,True,False,,"11,15,20,21","11,15,18,20,21"
OCNT-2308664,train,IJXKTNXZLUWVPW-UHFFFAOYSA-N,24,6,0,0,2,2,False,False,False,True,,"5,23","5,23"
OCNT-2308666,train,YRULVSZKPXWCAI-UHFFFAOYSA-N,29,4,0,0,1,1,False,False,True,False,,22,22
OCNT-2308667,train,HARMXPWBSOZJFG-UHFFFAOYSA-N,23,3,0,0,2,4,False,True,False,True,,"10,21","2,4,10,21"
OCNT-2308674,train,MTNCBXHNXWKXRE-UHFFFAOYSA-N,26,5,0,0,2,2,False,True,False,True,,"21,25","21,25"
OCNT-2308676,train,XCLONNWVKWTSBY-UHFFFAOYSA-N,29,6,0,0,4,4,False,False,True,False,,"11,14,17,28","11,14,17,28"
OCNT-2308680,train,JMYMUKYHTNJJQP-UHFFFAOYSA-N,28,2,0,0,0,0,False,False,False,True,,,
OCNT-2308682,train,JZKCGQFNKIROBD-UHFFFAOYSA-N,29,7,0,0,5,5,True,False,True,False,,"10,15,17,18,20","10,15,17,18,20"
OCNT-2308683,train,GFMCPOUBFSTUTJ-UHFFFAOYSA-N,28,4,0,0,0,1,False,False,True,False,,,25
OCNT-2308684,train,DHQWOWWYSIXUOX-UHFFFAOYSA-N,32,4,0,0,2,2,False,False,True,True,,"20,23","20,23"
OCNT-2308687,train,BOENRGZTNSTROB-UHFFFAOYSA-N,27,2,0,0,0,0,False,False,False,True,,,
OCNT-2308689,train,RBIQMTORZFPEDR-UHFFFAOYSA-N,24,4,0,0,1,1,False,False,False,True,,23,23
OCNT-2308690,train,CFWFMSIZXRKNNO-UHFFFAOYSA-N,27,3,0,0,0,1,False,False,False,True,,,4
OCNT-2308693,train,JKRHRSTTXYTARO-UHFFFAOYSA-N,23,3,0,0,2,3,True,False,False,False,,"5,6","5,6,8"
OCNT-2308695,train,MRFSFKZEHHILJU-UHFFFAOYSA-N,24,4,0,0,0,1,False,False,False,True,,,3
OCNT-2308698,train,MXXXXMGDCZIZBB-UHFFFAOYSA-N,27,4,0,0,2,2,False,True,False,True,,"3,18","3,18"
OCNT-2308706,train,LPAPGSISEAYHFM-UHFFFAOYSA-N,26,6,0,0,4,4,False,True,False,False,,"4,15,20,25","4,15,20,25"
OCNT-2308707,train,NWPWJRDPPQHNKN-MEDUHNTESA-N,23,3,0,0,1,1,True,False,False,False,,14,14
OCNT-2308709,train,DGAVKHWOPCDSTP-UHFFFAOYSA-N,24,6,1,1,4,4,False,True,False,False,7,"4,7,19,21","4,7,19,21"
OCNT-2308710,train,WHDFCOKAEBTKOH-UHFFFAOYSA-N,26,2,0,0,0,0,False,False,True,False,,,
OCNT-2308711,train,PLMFUTBIWIEIMS-UHFFFAOYSA-N,28,5,0,0,2,3,False,False,False,True,,"18,19","1,18,19"
OCNT-2308715,train,DRNKHGWQMRLKOU-HJWAUIETSA-N,27,6,0,0,3,4,False,False,False,True,,"2,6,20","2,6,20,23"
OCNT-2308723,train,IBLMLYIIJGOTCM-UHFFFAOYSA-N,25,6,0,0,3,3,True,True,False,True,,"16,18,21","16,18,21"
OCNT-2308724,train,CCDBOIJOTSQWKK-UHFFFAOYSA-N,27,6,0,0,3,3,False,False,True,False,,"5,6,7","5,6,7"
OCNT-2308733,train,PTVZTCDGISETJJ-ROUUACIJSA-N,25,3,0,0,1,1,False,True,False,False,,2,2
OCNT-2308739,train,ZTKDJIPAEOPJOD-UHFFFAOYSA-N,24,4,0,0,1,1,False,False,False,True,,2,2
OCNT-2308740,train,XQTHQQRIGKWCMM-TTZKSVMKSA-N,24,7,0,0,4,5,True,False,False,False,,"9,14,22,23","0,9,14,22,23"
OCNT-2308744,train,XFLBADZEIKRUNC-UHFFFAOYSA-N,29,4,0,0,1,1,False,False,False,True,,25,25
OCNT-2308747,train,IDDNPFILCTUATL-UHFFFAOYSA-N,21,4,0,0,2,2,True,False,False,False,,"15,20","15,20"
OCNT-2308748,train,FLKYDMSXMXMDMV-UHFFFAOYSA-N,27,4,0,0,2,2,True,True,False,True,,"11,18","11,18"
OCNT-2308752,train,NKTQBGOJRHMUPR-UHFFFAOYSA-N,24,3,0,0,2,3,False,False,True,False,,"4,23","4,13,23"
OCNT-2308758,train,FXXYHKSHHGBPFH-UHFFFAOYSA-N,27,7,0,0,3,3,True,True,False,False,,"12,23,24","12,23,24"
OCNT-2308759,train,FWUVJXRZTDKDIO-UHFFFAOYSA-N,28,1,0,0,0,1,False,False,False,True,,,21
OCNT-2308760,train,CZPCBSYPEXOWNN-KXBFYZLASA-N,26,2,0,0,0,1,False,True,False,True,,,3
OCNT-2308762,train,WGTVPWWJGGBSDL-UHFFFAOYSA-N,30,5,0,0,2,2,True,False,False,False,,"2,26","2,26"
OCNT-2308763,train,XPFVXDLQPUQWJN-UHFFFAOYSA-N,25,5,0,0,3,3,False,True,False,False,,"12,13,17","12,13,17"
OCNT-2308765,train,JUGYXNPIHCVGNQ-PJYWTSEFSA-N,24,4,0,0,2,3,True,False,False,False,,"11,22","11,14,22"
OCNT-2308766,train,JVBOUMBYROEYMI-UHFFFAOYSA-N,29,3,2,2,2,2,False,False,True,False,"16,20","16,20","16,20"
OCNT-2308768,train,SLVCIRWUTNDVDY-UHFFFAOYSA-N,22,5,0,0,2,2,True,False,False,False,,"8,17","8,17"
OCNT-2308772,train,ZINLPRLSSZVKAU-UHFFFAOYSA-M,22,2,0,0,1,1,False,True,False,False,,16,16
OCNT-2308773,train,QVLXWVMMBVVLLJ-UHFFFAOYSA-N,32,5,0,0,3,4,False,True,False,True,,"14,18,20","14,16,18,20"
OCNT-2308774,train,MXKDWVMKCZFVKO-UHFFFAOYSA-N,25,3,0,0,1,2,True,False,True,False,,12,"12,21"
OCNT-2308775,train,HNCQSEQJZWSJMC-UHFFFAOYSA-N,26,4,0,0,1,1,False,False,True,False,,22,22
OCNT-2308782,train,FYTHBWWFVYEGBA-UHFFFAOYSA-N,22,5,1,1,3,3,False,False,True,False,9,"9,18,19","9,18,19"
OCNT-2308783,train,KTVLLRJMYGKMJX-CQSZACIVSA-N,21,3,0,0,1,1,False,True,False,True,,19,19
OCNT-2308786,train,QEOXVVPEQNNDJI-UHFFFAOYSA-N,22,3,0,0,1,1,True,False,False,False,,20,20
OCNT-2308794,train,FGQIIXMRZKWIQS-UHFFFAOYSA-N,21,4,1,1,2,2,False,False,True,False,5,"5,13","5,13"
OCNT-2308798,train,WPBCUTZPCFFBTO-UHFFFAOYSA-N,25,5,0,0,3,3,False,False,True,True,,"6,7,16","6,7,16"
OCNT-2308800,train,VCLGJYGBQRUEQK-UHFFFAOYSA-N,22,3,1,1,1,2,False,False,True,False,4,4,"2,4"
OCNT-2308803,train,JIFHBVQNLSIJPG-UHFFFAOYSA-N,23,1,0,0,0,0,True,False,False,False,,,
OCNT-2308808,train,GCIKBYNGPPOSAR-UHFFFAOYSA-N,21,4,0,0,2,2,True,False,False,False,,"5,20","5,20"
OCNT-2308810,train,JGLRPGXNNHQDGO-UHFFFAOYSA-N,25,4,0,0,1,1,False,False,True,False,,20,20
OCNT-2308811,train,PNCZMKHABMWZJN-ZIAGYGMSSA-N,28,4,0,0,1,1,False,False,False,True,,24,24
OCNT-2308814,train,PQRKMMCTKGCBAT-UHFFFAOYSA-N,27,5,0,0,4,4,False,True,False,True,,"5,16,20,26","5,16,20,26"
OCNT-2308817,train,LZWPGDLJEWKAJG-UHFFFAOYSA-N,26,5,0,0,2,2,False,False,False,True,,"23,25","23,25"
OCNT-2308818,train,FZCCZRTVIJFQKN-UHFFFAOYSA-N,29,6,0,0,5,5,False,True,True,False,,"5,14,17,26,27","5,14,17,26,27"
OCNT-2308821,train,JAPPCCYAUPAWPQ-UHFFFAOYSA-N,25,3,0,0,1,1,False,True,False,False,,11,11
OCNT-2308822,train,QECPZZNXERNMLC-HJWAUIETSA-N,27,4,0,0,2,3,False,True,False,True,,"5,22","5,22,25"
OCNT-2308829,train,SQNZLQKMVFUELG-UHFFFAOYSA-N,23,2,0,0,1,1,True,False,False,False,,19,19
OCNT-2308832,train,JPQWFLUGYXVHBX-UHFFFAOYSA-N,21,2,0,0,1,2,False,False,True,False,,5,"5,13"
OCNT-2308837,train,IDEYJIBZURGBOJ-UHFFFAOYSA-N,24,3,1,1,2,3,True,False,True,False,2,"2,21","2,6,21"
OCNT-2308838,train,ADFCSRJBTBPUKM-UHFFFAOYSA-N,23,5,0,0,3,3,False,True,False,True,,"12,13,21","12,13,21"
OCNT-2308839,train,XWYFLAJZGXTDDA-UHFFFAOYSA-N,21,3,0,0,2,3,False,False,True,False,,"19,20","5,19,20"
OCNT-2308840,train,CBVFCOZDGIOTGW-UHFFFAOYSA-N,25,4,0,0,3,3,False,False,False,True,,"4,15,19","4,15,19"
OCNT-2308842,train,FQCKBCZETREUQU-UHFFFAOYSA-N,23,3,0,0,1,1,False,True,False,False,,8,8
OCNT-2308847,train,JQGRCFSKLLFIPC-UHFFFAOYSA-N,23,5,1,1,3,3,True,False,False,True,1,"1,10,17","1,10,17"
OCNT-2308850,train,UOEJFTCEQBIHPZ-UHFFFAOYSA-N,22,4,0,0,1,1,False,False,False,True,,20,20
OCNT-2308851,train,ANWFMPNNWUQEGN-UHFFFAOYSA-N,26,5,1,1,3,4,False,True,True,False,4,"4,7,11","4,7,11,25"
OCNT-2308852,train,JTEWTVFVNPJYQY-UHFFFAOYSA-N,22,4,0,0,1,1,False,False,False,True,,3,3
OCNT-2308854,train,SXDCQGPXENGXSP-UHFFFAOYSA-N,25,5,0,0,2,2,True,False,True,False,,"13,24","13,24"
OCNT-2308855,train,LHANYQYWDMCDJS-UHFFFAOYSA-N,22,4,0,0,2,2,True,False,False,True,,"14,21","14,21"
OCNT-2308857,train,JOVSAVNPGWRRBL-UHFFFAOYSA-N,31,3,0,0,0,0,True,True,False,True,,,
OCNT-2308858,train,RPDJRGYDAQZMIA-UHFFFAOYSA-N,25,2,0,0,0,0,False,False,True,False,,,
OCNT-2308859,train,GBMQYCYKGKXERN-UHFFFAOYSA-N,21,2,0,0,1,1,True,False,False,False,,10,10
OCNT-2308860,train,GENBLLCBSGBWSV-UHFFFAOYSA-N,22,2,0,0,1,1,True,True,False,True,,16,16
OCNT-2308864,train,HMLCRQUVBWFOAN-UHFFFAOYSA-N,26,3,0,0,2,2,False,False,True,False,,"2,3","2,3"
OCNT-2308865,train,HLWSELWQVJODKI-UHFFFAOYSA-N,23,1,0,0,1,1,False,True,False,False,,21,21
OCNT-2308866,train,TZHCGVRZHACKPM-UHFFFAOYSA-N,23,2,0,0,0,0,True,False,False,False,,,
OCNT-2308867,train,JPPCYARQPPFARN-AWEZNQCLSA-N,23,4,0,0,2,2,True,False,False,False,,"21,22","21,22"
OCNT-2308870,train,XNMUUYXWCVFULU-UHFFFAOYSA-N,25,4,0,0,0,0,True,False,False,False,,,
OCNT-2308871,train,XGUUIGANFHYZOD-GXSJLCMTSA-N,22,5,0,0,3,3,True,False,False,False,,"12,20,21","12,20,21"
OCNT-2308872,train,PFOQBJFOBMXIFQ-OLZOCXBDSA-N,22,2,0,0,1,1,False,False,True,False,,18,18
OCNT-2308873,train,WFKYDZIZOHIRRU-UHFFFAOYSA-N,22,5,0,0,3,3,False,False,False,True,,"18,19,21","18,19,21"
OCNT-2308874,train,KQKCGQUCCTXYTA-UHFFFAOYSA-N,25,4,1,1,2,2,False,True,False,True,16,"12,16","12,16"
OCNT-2308876,train,LEHCXNHICCYZMN-WFASDCNBSA-N,26,6,0,0,3,3,False,False,False,True,,"6,16,23","6,16,23"
OCNT-2308879,train,CDHJEMYPBYQHIH-UHFFFAOYSA-N,27,3,0,0,1,1,False,False,True,False,,21,21
OCNT-2308881,train,FMCIAELCEAIQAU-UHFFFAOYSA-N,26,3,0,0,0,0,False,True,False,False,,,
OCNT-2308884,train,SDTAXCBCRRJDSR-UHFFFAOYSA-N,25,5,0,0,1,1,False,True,False,True,,11,11
OCNT-2308889,train,GKBBWEMJHFFLAB-UHFFFAOYSA-N,24,3,0,0,0,0,False,True,False,False,,,
OCNT-2308890,train,DXWBHDVTIHPDRA-UHFFFAOYSA-N,22,3,0,0,1,1,False,True,False,False,,21,21
OCNT-2308894,train,RVZPIOQWBDIUBO-UHFFFAOYSA-N,22,1,0,0,0,1,False,False,False,True,,,2
OCNT-2308896,train,IWYYRRQCEGSTII-UHFFFAOYSA-N,24,5,0,0,3,4,True,True,False,False,,"14,22,23","13,14,22,23"
OCNT-2308899,train,RDYYEQXKMUGSDS-UHFFFAOYSA-N,24,5,0,0,3,3,True,False,True,False,,"12,15,19","12,15,19"
OCNT-2308900,train,MNXQQFJGACBPSP-UHFFFAOYSA-N,27,7,0,0,4,4,True,False,False,False,,"11,24,25,26","11,24,25,26"
OCNT-2308903,train,FKSCUJKHJVNOBE-UHFFFAOYSA-N,22,5,0,0,3,4,True,False,True,False,,"3,20,21","3,11,20,21"
OCNT-2308905,train,VEMYZSVGTYLIIE-UHFFFAOYSA-N,24,4,0,0,3,3,True,False,False,False,,"3,19,20","3,19,20"
OCNT-2308908,train,BFNGDQTXXVPZKU-UHFFFAOYSA-N,26,3,0,0,2,2,True,False,False,False,,"7,22","7,22"
OCNT-2308914,train,UEZFBGDNQHATJI-UHFFFAOYSA-N,26,3,0,0,0,0,False,True,False,False,,,
OCNT-2308915,train,RUEWPOBXCDTHHB-UHFFFAOYSA-N,23,4,0,0,1,1,False,True,True,False,,21,21
OCNT-2308918,train,PYWBMSWXRRLTLW-UHFFFAOYSA-N,25,2,0,0,0,0,True,False,False,False,,,
OCNT-2308924,train,JNDMSQNZXYTQFB-UHFFFAOYSA-N,22,3,0,0,1,1,True,False,True,False,,12,12
OCNT-2308925,train,KYHFZEMDHMRWCK-IAGOWNOFSA-N,25,5,0,0,3,4,True,False,False,False,,"5,23,24","5,22,23,24"
OCNT-2308929,train,SHWUGCPLDZAJAU-UHFFFAOYSA-N,22,4,0,0,3,3,True,False,False,False,,"10,13,15","10,13,15"
OCNT-2308938,train,LOWTXHIWNNBQNU-UHFFFAOYSA-N,23,5,0,0,2,2,False,False,False,True,,"6,9","6,9"
OCNT-2308941,train,SVMQOALRDWTTNN-UHFFFAOYSA-N,26,5,0,0,3,3,False,True,True,False,,"14,15,16","14,15,16"
OCNT-2308944,train,WAPHAZUMVRMNGT-UHFFFAOYSA-N,28,5,0,0,3,3,False,True,False,False,,"9,18,26","9,18,26"
OCNT-2308945,train,PLJXPASPUUPXHL-UHFFFAOYSA-N,24,4,0,0,1,1,True,True,True,False,,18,18
OCNT-2308947,train,STFFBHJFCUTUDA-UHFFFAOYSA-N,25,5,0,0,2,2,False,True,False,False,,"5,6","5,6"
OCNT-2308949,train,LXRORHGNSIJWMB-ZIAGYGMSSA-N,24,5,0,0,2,2,False,True,False,False,,"9,16","9,16"
OCNT-2308951,train,CFCALRFTJMJNCF-UHFFFAOYSA-N,23,2,0,0,0,0,False,False,False,True,,,
OCNT-2308952,train,YRYRQKCRFQZBJZ-UHFFFAOYSA-N,21,2,1,1,2,2,True,False,True,False,10,"10,13","10,13"
OCNT-2308953,train,ISPQYOYYXLTZOE-UHFFFAOYSA-N,25,6,0,0,2,2,False,False,False,True,,"7,24","7,24"
OCNT-2308954,train,CKNWPWVGNNGZLM-UHFFFAOYSA-N,26,3,0,0,1,1,False,False,True,False,,22,22
OCNT-2308958,train,APCKBGSTXTVQIO-UHFFFAOYSA-N,24,2,0,0,0,0,True,False,False,False,,,
OCNT-2308961,train,ZVNAFCBCTZCQCO-UHFFFAOYSA-N,23,5,0,0,3,3,True,False,False,False,,"4,13,15","4,13,15"
OCNT-2308964,train,JCZWSASZCSTDIY-UHFFFAOYSA-N,24,2,0,0,0,0,False,True,False,True,,,
OCNT-2308965,train,CFUFBCRJXAPUJE-UHFFFAOYSA-N,25,6,0,0,2,2,True,True,False,True,,"9,11","9,11"
OCNT-2308967,train,FEIVABVHLMDZJB-UHFFFAOYSA-N,27,5,0,0,2,2,False,False,False,True,,"5,10","5,10"
OCNT-2308968,train,BMOCPDTYCNVLRX-UHFFFAOYSA-N,31,4,0,0,1,1,False,False,True,False,,21,21
OCNT-2308971,train,ZEJFPISQRZKEQM-UHFFFAOYSA-N,25,3,0,0,0,0,True,False,True,False,,,
OCNT-2308972,train,LNKXMGZISKGARP-UHFFFAOYSA-N,25,4,0,0,2,2,False,True,False,True,,"14,20","14,20"
OCNT-2308975,train,BCNJVOKAJSJOAF-UHFFFAOYSA-N,23,4,0,0,1,1,True,True,False,True,,18,18
OCNT-2308982,train,UQBSWRKJTBGPQD-STQMWFEESA-N,22,4,1,1,2,2,False,False,True,True,13,"4,13","4,13"
OCNT-2308989,train,IFIUGHBINSMGRJ-UHFFFAOYSA-N,23,4,0,0,3,3,True,False,False,False,,"3,9,22","3,9,22"
OCNT-2308995,train,KELUFBHDMTWQEL-UHFFFAOYSA-N,23,4,0,0,3,3,True,False,False,False,,"3,10,12","3,10,12"
OCNT-2308997,train,GDMXBTJFBFUQPG-UHFFFAOYSA-N,22,4,0,0,2,2,False,True,False,True,,"13,14","13,14"
OCNT-2308998,train,SMUXAFUMKFMQDV-UHFFFAOYSA-N,25,3,0,0,1,1,True,False,True,False,,8,8
OCNT-2309000,train,RRLUAXBCRMRKGJ-UHFFFAOYSA-N,25,2,1,1,1,1,False,False,True,True,15,15,15
OCNT-2309001,train,CWMXYKKRUKUVCU-UHFFFAOYSA-N,23,2,0,0,0,0,False,False,False,True,,,
OCNT-2309003,train,NBGVIXHDZUGCIO-UHFFFAOYSA-N,31,4,0,0,1,1,False,False,True,False,,16,16
OCNT-2309004,train,CJEBHGVZWZPWSG-UHFFFAOYSA-N,21,5,0,0,2,2,True,False,False,False,,"5,18","5,18"
OCNT-2309005,train,FQSPNVWLGQABTO-UHFFFAOYSA-N,23,3,0,0,2,2,False,True,False,True,,"16,17","16,17"
OCNT-2309012,train,CYDNTBXARFNHOK-UHFFFAOYSA-N,21,4,1,1,3,4,False,False,False,True,10,"10,17,19","10,14,17,19"
OCNT-2309014,train,AAFSKRHBWOQJCV-CVEARBPZSA-N,25,2,0,0,0,1,True,True,True,True,,,20
OCNT-2309016,train,PDODIQSMNZENSC-UHFFFAOYSA-N,24,4,1,1,2,2,False,False,False,True,9,"9,12","9,12"
OCNT-2309019,train,YVFXCMLVGKSGDB-UHFFFAOYSA-N,30,4,0,0,2,2,False,False,False,True,,"20,27","20,27"
OCNT-2309022,train,IKDPWPQBEGQURO-UHFFFAOYSA-N,29,2,0,0,0,0,False,True,False,False,,,
OCNT-2309024,train,XSVIVDYCHPPUGK-UHFFFAOYSA-N,21,2,0,0,0,1,False,False,False,True,,,16
OCNT-2309025,train,GPQIHVFVASWNLH-UHFFFAOYSA-N,26,7,0,0,4,4,True,False,False,True,,"3,4,18,25","3,4,18,25"
OCNT-2309026,train,QVQDNCWZNMNGMH-UHFFFAOYSA-N,26,3,0,0,1,1,False,True,False,False,,4,4
OCNT-2309028,train,NPJRQVNMMCQTSZ-UHFFFAOYSA-N,25,5,0,0,0,0,False,False,False,True,,,
OCNT-2309034,train,VAFHQABZUSGLJF-UHFFFAOYSA-N,24,3,0,0,1,1,False,True,False,True,,18,18
OCNT-2309038,train,FEGBIJFBCXKVFZ-LSDHHAIUSA-N,23,4,1,1,2,2,True,False,False,True,2,"2,13","2,13"
OCNT-2309039,train,FVPAAWBIVRGLIW-UHFFFAOYSA-N,27,6,1,1,3,3,True,True,False,True,3,"3,12,25","3,12,25"
OCNT-2309040,train,JUUXTYPOBMENFW-UHFFFAOYSA-N,24,2,0,0,0,0,True,False,False,False,,,
OCNT-2309041,train,WXJSLUQWKZYAAO-UHFFFAOYSA-N,27,6,0,0,3,4,False,False,True,False,,"10,11,25","10,11,13,25"
OCNT-2309042,train,MLWJNKOKQZCQFM-UHFFFAOYSA-N,21,6,0,0,3,3,True,False,False,True,,"4,5,9","4,5,9"
OCNT-2309054,train,LYPIDRQMFHIABL-UHFFFAOYSA-N,25,4,0,0,1,1,False,False,False,True,,24,24
OCNT-2309057,train,AKDZNYOMXNSCJO-UHFFFAOYSA-N,28,4,0,0,2,2,False,False,True,False,,"14,15","14,15"
OCNT-2309062,train,ORSYPTHHRYXLOK-UHFFFAOYSA-N,24,1,0,0,0,0,False,False,False,True,,,
OCNT-2309065,train,WYCQHUTYOYFHBC-UHFFFAOYSA-N,28,3,0,0,3,3,True,False,True,False,,"2,10,26","2,10,26"
OCNT-2309067,train,GGWRVGFNOWKZQX-UHFFFAOYSA-N,25,6,0,0,3,3,False,True,False,False,,"19,20,21","19,20,21"
OCNT-2309070,train,CFGZXKWGGSEENY-UHFFFAOYSA-N,22,3,0,0,1,1,True,False,False,False,,5,5
OCNT-2309071,train,RZCPJCNXPPSDRI-UHFFFAOYSA-N,27,3,0,0,1,1,False,True,False,False,,2,2
OCNT-2309075,train,DIRCWRVYBSIHPW-UHFFFAOYSA-N,29,3,0,0,0,1,False,False,False,True,,,2
OCNT-2309077,train,LYXHVLLAGHBGEM-UHFFFAOYSA-N,25,3,0,0,1,2,True,False,False,False,,11,"11,13"
OCNT-2309082,train,LACFWUBIINCTFC-UHFFFAOYSA-N,24,2,0,0,0,0,False,True,False,False,,,
OCNT-2309084,train,CVLFFLFEHVFVJO-UHFFFAOYSA-N,27,5,0,0,1,1,False,False,True,False,,22,22
OCNT-2309093,train,ZPUJZAHPZRJNIC-UHFFFAOYSA-N,22,4,0,0,3,3,True,False,False,False,,"19,20,21","19,20,21"
OCNT-2309100,train,BZSKUXNWDPSATN-UHFFFAOYSA-N,24,4,0,0,2,2,False,True,False,False,,"20,21","20,21"
OCNT-2309101,train,WGPFWALIPIVDOI-UHFFFAOYSA-N,22,5,1,1,4,4,False,True,True,False,13,"13,18,19,21","13,18,19,21"
OCNT-2309102,train,WYOBHWOJJGJXKQ-UHFFFAOYSA-N,22,2,0,0,0,0,False,False,False,True,,,
OCNT-2309109,train,QYZMJZMDKMMMCM-ZYMOGRSISA-N,23,1,1,1,1,2,True,False,True,False,11,11,"9,11"
OCNT-2309110,train,PIDJDWPBMLIQQG-UHFFFAOYSA-N,24,5,0,0,3,3,True,False,False,False,,"2,8,17","2,8,17"
OCNT-2309111,train,YSUJLOTUTGXMLQ-UHFFFAOYSA-N,23,4,0,0,2,2,True,True,False,True,,"4,22","4,22"
OCNT-2309114,train,TWJYYKRHHZEKKE-UHFFFAOYSA-N,24,1,0,0,0,0,False,False,False,True,,,
OCNT-2309115,train,UFYMXDLTXKFAPB-UHFFFAOYSA-N,27,3,0,0,0,0,False,False,False,True,,,
OCNT-2309126,train,WOGQCARQKBERFP-UHFFFAOYSA-N,24,3,1,1,2,2,True,False,False,False,13,"13,23","13,23"
OCNT-2309130,train,WOQOIRBLWPHBQG-UHFFFAOYSA-N,27,5,1,1,2,2,False,True,False,False,15,"15,23","15,23"
OCNT-2309134,train,WOGAEFGJGCXZAZ-UHFFFAOYSA-N,22,3,0,0,0,0,False,False,False,True,,,
OCNT-2309135,train,CXORMVTZPGEGDP-UHFFFAOYSA-N,21,2,1,1,1,1,False,False,True,False,13,13,13
OCNT-2309137,train,ZRYNHQKLUTZQLA-UHFFFAOYSA-N,26,3,0,0,1,2,False,False,False,True,,25,"11,25"
OCNT-2309138,train,KMZYUSCVDZNVTP-UHFFFAOYSA-N,22,4,0,0,3,3,True,False,False,False,,"3,9,20","3,9,20"
OCNT-2309139,train,XEASEVMEKOGXHQ-UHFFFAOYSA-N,25,5,0,0,2,2,False,False,True,False,,"14,16","14,16"
OCNT-2309149,train,HOLZORPNZUZFLM-UHFFFAOYSA-N,23,3,0,0,2,2,False,False,True,False,,"11,12","11,12"
OCNT-2309151,train,QJWGFXLKMHWCMY-UHFFFAOYSA-N,26,3,0,0,1,2,False,False,False,True,,25,"15,25"
OCNT-2309155,train,SGGJYYXZDHNTMK-UHFFFAOYSA-N,27,3,0,0,1,1,False,True,False,False,,26,26
OCNT-2309156,train,YCIQVSQNWXYRPJ-UHFFFAOYSA-N,21,3,0,0,1,1,False,False,False,True,,19,19
OCNT-2309157,train,ZSEFGWSPICCRSH-UHFFFAOYSA-N,26,6,0,0,2,2,False,False,True,False,,"16,18","16,18"
OCNT-2309158,train,XYLISCWHQABNBV-UHFFFAOYSA-N,24,3,0,0,0,0,True,False,False,True,,,
OCNT-2309162,train,KACFGRDACMIPRI-UHFFFAOYSA-N,22,2,1,1,1,1,False,False,True,False,10,10,10
OCNT-2309164,train,PNCMDCHZNMXPME-UHFFFAOYSA-N,25,4,1,1,2,2,False,False,False,True,3,"3,13","3,13"
OCNT-2309172,train,QSZXRULLHIRBEY-UHFFFAOYSA-N,24,4,0,0,2,3,False,True,False,False,,"14,16","13,14,16"
OCNT-2309173,train,HETBTAMOBRGESM-UHFFFAOYSA-N,25,5,0,0,2,2,False,False,False,True,,"21,22","21,22"
OCNT-2309174,train,OCLAQVJROUPZQL-UHFFFAOYSA-N,24,4,0,0,2,2,False,False,True,False,,"20,21","20,21"
OCNT-2309175,train,QTYQHQWTDLCRNC-UHFFFAOYSA-N,27,3,0,0,0,0,False,False,False,True,,,
OCNT-2309176,train,GJVNMFKPTZEFNJ-UHFFFAOYSA-N,28,3,1,1,2,2,False,False,False,True,20,"5,20","5,20"
OCNT-2309177,train,JGZHGYZQBVTMJC-UHFFFAOYSA-N,23,4,0,0,1,2,False,False,False,True,,22,"20,22"
OCNT-2309179,train,BWWQNTFNKYNBID-UHFFFAOYSA-N,25,5,0,0,2,2,True,False,True,False,,"18,23","18,23"
OCNT-2309181,train,VCYSTMFUUIMIKZ-UHFFFAOYSA-N,25,4,1,1,2,2,False,False,True,False,15,"10,15","10,15"
OCNT-2309184,train,YFANDQOOCNOGQW-UHFFFAOYSA-N,26,4,0,0,1,1,False,True,False,False,,19,19
OCNT-2309185,train,XWBVWKAJUOIHSA-UHFFFAOYSA-N,23,2,0,0,1,2,False,False,False,True,,5,"5,12"
OCNT-2309187,train,KNWNCBRHKNPFKT-UHFFFAOYSA-N,24,4,0,0,1,1,False,False,True,False,,22,22
OCNT-2309190,train,AOJAFUDDLZLWHH-UHFFFAOYSA-N,26,5,0,0,2,2,False,False,False,True,,"16,17","16,17"
OCNT-2309191,train,IKTSFMVVXHSLCO-UHFFFAOYSA-N,26,4,0,0,1,1,False,True,False,True,,24,24
OCNT-2309193,train,UPAWLAQNHCADFI-UHFFFAOYSA-N,23,2,0,0,0,1,False,True,True,False,,,6
OCNT-2309194,train,PDMGIGWBLXENAU-UHFFFAOYSA-N,28,2,1,1,1,1,False,False,True,False,15,15,15
OCNT-2309196,train,AWUCBRVUTSPZQP-UHFFFAOYSA-N,29,2,0,0,0,0,False,True,False,True,,,
OCNT-2309198,train,YTZUUJMIDANMIG-UHFFFAOYSA-N,24,5,1,1,4,4,False,True,False,False,6,"6,13,14,21","6,13,14,21"
OCNT-2309200,train,GNNSHYOJQXNWBX-OOJLDXBWSA-N,25,3,0,0,2,3,False,True,False,True,,"23,24","15,23,24"
OCNT-2309204,train,CXEGWPXHHRYGGB-QGZVFWFLSA-N,25,3,0,0,2,2,True,False,False,False,,"21,22","21,22"
OCNT-2309206,train,WBBYHZIZLZISGE-UHFFFAOYSA-N,28,3,0,0,0,0,False,False,True,False,,,
OCNT-2309207,train,FCZNJMSICLCNRK-UHFFFAOYSA-N,25,3,1,1,1,1,False,False,True,False,10,10,10
OCNT-2309209,train,SKVWVZHLXLOFQI-UHFFFAOYSA-N,24,5,0,0,2,2,False,False,False,True,,"2,18","2,18"
OCNT-2309210,train,KDADLGZFASLHMG-UHFFFAOYSA-N,25,3,1,1,2,2,False,True,False,False,14,"8,14","8,14"
OCNT-2309214,train,WOMRZZBODGVVED-UHFFFAOYSA-N,24,2,1,1,1,1,False,True,True,False,13,13,13
OCNT-2309221,train,WEOLXZUYMDXKFF-UHFFFAOYSA-N,26,5,0,0,0,0,False,True,False,False,,,
OCNT-2309225,train,VLTFPIJIFJIPFV-UHFFFAOYSA-N,25,1,0,0,0,2,False,False,False,True,,,"4,22"
OCNT-2309229,train,BQUZHORXLFIXRF-UHFFFAOYSA-N,26,3,0,0,0,0,False,True,False,False,,,
OCNT-2309232,train,MKUCLUPMYFFFGY-UHFFFAOYSA-N,24,5,0,0,2,2,True,False,False,False,,"15,23","15,23"
OCNT-2309234,train,LJZMBGSJCFOKGN-UHFFFAOYSA-N,21,3,0,0,1,1,False,False,False,True,,3,3
OCNT-2309238,train,NSGIOGNBUWVPIZ-UHFFFAOYSA-N,21,4,0,0,1,1,True,False,False,True,,15,15
OCNT-2309240,train,NNTGBBBLWXRGTB-UHFFFAOYSA-N,25,4,0,0,2,2,False,True,False,False,,"12,13","12,13"
OCNT-2309241,train,TXKSAEYTFYSAHV-UHFFFAOYSA-N,22,3,0,0,1,2,False,False,False,True,,20,"14,20"
OCNT-2309242,train,YBRVKGSUHFCMRG-UHFFFAOYSA-N,28,4,0,0,0,0,True,False,False,True,,,
OCNT-2309243,train,OKRBQLXCTWVFIO-UHFFFAOYSA-N,23,4,0,0,1,1,True,False,False,False,,18,18
OCNT-2309246,train,HZJAEDMXWJCPPZ-UHFFFAOYSA-N,24,4,0,0,1,1,True,False,True,False,,4,4
OCNT-2309248,train,IMHFCXAUGGYESY-UHFFFAOYSA-N,25,4,0,0,4,4,False,True,False,True,,"3,6,22,23","3,6,22,23"
OCNT-2309252,train,OLFYPYMJSGSGAL-UHFFFAOYSA-N,22,3,0,0,2,3,False,True,True,False,,"3,9","3,9,19"
OCNT-2309256,train,FBQVIMAFKOGNEP-UHFFFAOYSA-N,21,2,1,1,1,1,False,False,True,False,14,14,14
OCNT-2309262,train,KQWVGAQCBXYSBL-UHFFFAOYSA-N,22,3,0,0,1,1,False,False,True,True,,12,12
OCNT-2309265,train,BRWOHQLXDDQIIN-UHFFFAOYSA-N,25,7,1,1,5,5,True,False,True,True,9,"3,9,14,16,20","3,9,14,16,20"
OCNT-2309266,train,ORECJXVOVYEVDN-UHFFFAOYSA-N,23,3,0,0,2,2,False,False,False,True,,"21,22","21,22"
OCNT-2309268,train,CCUQFGUNGJUYQM-UHFFFAOYSA-N,27,5,0,0,1,2,False,True,False,False,,9,"9,25"
OCNT-2309274,train,ZXIVUUXCTPHHAO-UHFFFAOYSA-N,27,4,0,0,1,1,False,False,False,True,,20,20
OCNT-2309276,train,ZSYUQJKKMBHOEF-UHFFFAOYSA-N,24,5,0,0,3,3,False,True,False,True,,"2,5,20","2,5,20"
OCNT-2309277,train,RIIRUDJUXUOQHO-UHFFFAOYSA-N,21,1,0,0,0,1,True,False,True,False,,,9
OCNT-2309279,train,TXZYYKDEFUKJEH-UHFFFAOYSA-N,24,5,1,1,2,2,False,False,False,True,3,"3,13","3,13"
OCNT-2309280,train,MAVCGWRYYJRRNY-UHFFFAOYSA-N,22,3,0,0,1,1,False,True,False,False,,19,19
OCNT-2309284,train,UJKUYOWKJWNSKP-UHFFFAOYSA-N,28,6,0,0,3,3,False,False,True,False,,"23,24,25","23,24,25"
OCNT-2309286,train,CKULYSVCWINHRD-UHFFFAOYSA-N,26,6,0,0,3,3,True,False,False,True,,"20,21,22","20,21,22"
OCNT-2309290,train,BILGZUNWWFGLCD-UHFFFAOYSA-N,27,4,0,0,2,2,False,True,False,True,,"21,22","21,22"
OCNT-2309291,train,ZZGFTJPZORQHHM-UHFFFAOYSA-N,22,3,0,0,1,1,False,False,True,False,,17,17
OCNT-2309292,train,ZJVULRBHOWBNCB-UHFFFAOYSA-N,26,4,0,0,1,1,True,True,True,False,,15,15
OCNT-2309293,train,ADQLYKALHDEWPN-UHFFFAOYSA-N,21,2,0,0,0,1,False,True,False,False,,,3
OCNT-2309294,train,VLLMQANKEOMBSB-UHFFFAOYSA-N,23,5,0,0,2,3,False,False,False,True,,"2,21","2,18,21"
OCNT-2309296,train,DQLBLMJRYCQTJT-UHFFFAOYSA-N,29,5,1,1,2,2,False,True,False,False,26,"4,26","4,26"
OCNT-2309299,train,GAABTIDOVCUIJA-PIVQAISJSA-N,23,2,0,0,0,1,False,False,False,True,,,21
OCNT-2309301,train,PGZYJCJLDSAQPW-UHFFFAOYSA-N,29,5,0,0,0,0,False,True,False,False,,,
OCNT-2309302,train,MRDBPJRTBBNVOK-UHFFFAOYSA-N,24,2,0,0,0,0,True,False,True,False,,,
OCNT-2309303,train,LVGZTOUPOSNRMC-UHFFFAOYSA-N,25,6,1,1,4,4,False,False,False,True,4,"4,10,15,16","4,10,15,16"
OCNT-2309308,train,VGLHGPAYQOPNHW-UHFFFAOYSA-N,23,2,0,0,0,0,False,True,False,False,,,
OCNT-2309318,train,KIIQBCWPBZANCO-UHFFFAOYSA-N,23,2,0,0,0,0,False,True,False,False,,,
OCNT-2309319,train,ZCZDVOSSGCOYLO-UHFFFAOYSA-N,22,2,0,0,1,1,False,False,False,True,,6,6
OCNT-2309323,train,SOPSTNOHBNLMBW-UHFFFAOYSA-N,27,6,0,0,3,3,True,False,False,False,,"20,21,22","20,21,22"
OCNT-2309324,train,QQISPTBFJAYJMO-UHFFFAOYSA-N,25,5,0,0,3,3,True,False,False,True,,"15,17,21","15,17,21"
OCNT-2309325,train,SENUHVDQDVFBIN-RLSDIYDTSA-N,22,2,0,0,0,0,False,False,False,True,,,
OCNT-2309326,train,UPVOBTKMTBJMOM-PVQCJRHBSA-N,24,4,1,1,2,2,False,True,False,False,22,"16,22","16,22"
OCNT-2309328,train,UNWSFSVWFQCUTF-UHFFFAOYSA-N,28,4,0,0,0,0,False,True,False,False,,,
OCNT-2309333,train,KEOVIMBXOFYRIX-ZDUSSCGKSA-N,25,3,1,1,2,2,False,True,False,False,3,"3,16","3,16"
OCNT-2309338,train,FDGYVGAIXDSNLL-UHFFFAOYSA-N,23,4,1,1,3,3,False,False,True,False,5,"5,14,15","5,14,15"
OCNT-2309340,train,QEKXJZUZXVJSPD-QWHCGFSZSA-N,21,4,0,0,1,1,False,False,False,True,,20,20
OCNT-2309342,train,SMRUWTFDCWAZON-UHFFFAOYSA-N,26,4,1,1,2,2,False,False,True,True,19,"9,19","9,19"
OCNT-2309343,train,TVMRXBXRLZSHGC-UHFFFAOYSA-N,25,5,1,1,2,2,False,False,False,True,19,"5,19","5,19"
OCNT-2309345,train,AKNWHDZNSOSXGU-UHFFFAOYSA-N,22,3,0,0,1,1,False,True,False,False,,19,19
OCNT-2309346,train,ZBMSVMLZFAQJBK-UHFFFAOYSA-N,24,3,0,0,1,1,False,True,False,True,,2,2
OCNT-2309347,train,SCYVZKJFARRCOF-SKDRFNHKSA-N,23,4,0,0,2,2,False,True,False,False,,"18,20","18,20"
OCNT-2309351,train,XYQUEYBQTCSVQX-UHFFFAOYSA-N,27,3,1,1,1,1,False,True,True,True,15,15,15
OCNT-2309355,train,KXUZCHWWDWUSLP-UHFFFAOYSA-N,26,4,0,0,2,2,True,False,False,True,,"21,23","21,23"
OCNT-2309356,train,QCYJPTYQHOZBTF-UHFFFAOYSA-N,25,1,0,0,0,1,False,False,False,True,,,20
OCNT-2309366,train,NUDCKBSXSMSSHR-UHFFFAOYSA-N,28,4,0,0,2,2,False,False,False,True,,"8,18","8,18"
OCNT-2309368,train,UNXHWBNUCBKFTR-UHFFFAOYSA-N,32,5,0,0,1,1,False,True,True,False,,29,29
OCNT-2309371,train,ZPRUSZIYKMPBOQ-UHFFFAOYSA-N,22,2,0,0,1,1,False,False,True,False,,4,4
OCNT-2309372,train,APLZTWIKOAAHGG-OAHLLOKOSA-N,25,2,1,1,1,1,False,False,True,False,15,15,15
OCNT-2309376,train,GBUSLTPPAQKFHD-UHFFFAOYSA-N,25,6,0,0,3,3,True,True,False,False,,"6,20,22","6,20,22"
OCNT-2309377,train,BDHDGFPUBOQSQB-UHFFFAOYSA-N,25,3,0,0,1,1,False,False,True,True,,24,24
OCNT-2309378,train,JBZFEESAMVTQMT-UHFFFAOYSA-N,23,3,0,0,1,1,True,False,False,True,,10,10
OCNT-2309379,train,PRZNERQKPPAXRZ-MOPGFXCFSA-N,25,3,0,0,1,1,False,False,True,False,,24,24
OCNT-2309390,train,GJLFZZVHBYMJBF-UHFFFAOYSA-N,23,3,0,0,2,3,True,False,True,False,,"14,19","14,16,19"
OCNT-2309393,train,KODSSGBXANVYRN-UHFFFAOYSA-N,26,5,0,0,2,2,False,True,False,False,,"20,25","20,25"
OCNT-2309395,train,ZRPRJIZEXFJPDS-UHFFFAOYSA-N,24,5,0,0,3,3,False,False,False,True,,"2,20,23","2,20,23"
OCNT-2309396,train,KQTXYDRDXSUVEF-UHFFFAOYSA-N,31,5,0,0,2,2,True,False,False,True,,"2,9","2,9"
OCNT-2309398,train,ZYJGGUBSMFRWAS-IRQCGSAXSA-N,29,2,0,0,0,0,False,False,True,False,,,
OCNT-2309399,train,CFMBNIUINYDYCI-UHFFFAOYSA-N,27,4,0,0,1,1,True,False,False,True,,19,19
OCNT-2309401,train,WRTKNJZOHVPRAS-UHFFFAOYSA-N,23,4,0,0,1,1,False,True,False,False,,2,2
OCNT-2309402,train,MZOUBTFGGXQHPW-UHFFFAOYSA-N,26,4,1,1,2,2,False,False,True,True,14,"14,17","14,17"
OCNT-2309415,train,SZIZNFZWYZMKGP-UHFFFAOYSA-N,22,4,0,0,2,2,False,False,False,True,,"2,14","2,14"
OCNT-2309418,train,DKECLTFHSLKIAP-UHFFFAOYSA-N,32,5,0,0,1,1,False,False,False,True,,29,29
OCNT-2309420,train,PTNCWVXXUKCXJP-UHFFFAOYSA-N,24,3,0,0,1,2,False,False,False,True,,15,"15,23"
OCNT-2309424,train,FDTLDSJQJPLLPT-UHFFFAOYSA-N,21,4,1,1,3,4,False,False,True,True,14,"14,19,20","8,14,19,20"
OCNT-2309425,train,RPEWFIPYPJYNEL-UHFFFAOYSA-N,26,3,0,0,1,1,False,True,False,True,,19,19
OCNT-2309426,train,DSKAGMDZAGTBAH-UHFFFAOYSA-N,24,2,0,0,0,0,False,False,False,True,,,
OCNT-2309429,train,XDVBFTZRKVTXJJ-UHFFFAOYSA-N,26,5,0,0,3,3,False,False,True,False,,"15,21,23","15,21,23"
OCNT-2309430,train,QAWUYFWCXHGPBK-UHFFFAOYSA-N,25,4,0,0,3,3,True,True,False,True,,"5,8,23","5,8,23"
OCNT-2309431,train,YFMCBAIBXKSIAP-UHFFFAOYSA-N,27,4,0,0,2,2,True,False,False,True,,"17,20","17,20"
OCNT-2309433,train,FKZFAPLIVCZURN-UHFFFAOYSA-N,24,3,0,0,0,0,False,True,False,False,,,
OCNT-2309434,train,FKZOSNVMEGROHU-UHFFFAOYSA-N,26,4,1,1,2,2,False,False,True,False,1,"1,16","1,16"
OCNT-2309435,train,HAKCDVKQMMAHCO-UHFFFAOYSA-N,24,5,0,0,3,3,False,False,True,False,,"19,21,22","19,21,22"
OCNT-2309439,train,MBZAIEOXKLAHSN-INIZCTEOSA-N,26,3,1,1,1,1,False,False,True,False,17,17,17
OCNT-2309443,train,LTXRCYPELJYQOB-UHFFFAOYSA-N,31,4,0,0,0,0,True,False,False,True,,,
OCNT-2309444,train,YKHUVWHAHXEIJB-UHFFFAOYSA-N,26,5,0,0,3,3,True,False,False,False,,"2,23,25","2,23,25"
OCNT-2309445,train,QOMNZKKELSCABI-UHFFFAOYSA-N,26,5,1,1,3,3,False,False,True,False,3,"3,23,24","3,23,24"
OCNT-2309447,train,SRJYGDXJLJWAOP-UHFFFAOYSA-N,27,3,0,0,0,0,False,False,True,False,,,
OCNT-2309448,train,PYIWSJVAJVCDJD-UHFFFAOYSA-N,26,3,0,0,3,4,True,False,True,False,,"3,16,19","0,3,16,19"
OCNT-2309449,train,IJSBTRZTQNHIPE-UHFFFAOYSA-N,23,3,0,0,1,1,True,False,False,False,,21,21
OCNT-2309451,train,NXGRJPKKRGWPKN-UHFFFAOYSA-N,22,7,0,0,4,4,False,False,False,True,,"13,18,19,20","13,18,19,20"
OCNT-2309455,train,PQEAYEXDNFBSGZ-UHFFFAOYSA-N,33,2,0,0,0,0,False,False,False,True,,,
OCNT-2309458,train,VRHSIWRFSPQEBM-UHFFFAOYSA-N,26,5,0,0,2,2,True,True,False,False,,"10,17","10,17"
OCNT-2309459,train,ZNXSOFTVVXKJCM-UHFFFAOYSA-N,26,6,0,0,3,3,False,True,False,True,,"20,21,25","20,21,25"
OCNT-2309461,train,BMKQCIAAGVYKPA-UHFFFAOYSA-N,21,2,0,0,0,1,False,False,True,False,,,2
OCNT-2309465,train,NHLYQLGKEWBBCF-UHFFFAOYSA-N,30,5,0,0,2,2,False,False,True,False,,"2,20","2,20"
OCNT-2309466,train,JZQDBNRJLWKWSB-UHFFFAOYSA-N,23,4,0,0,2,2,False,False,True,False,,"6,17","6,17"
OCNT-2309468,train,LCBSQLYFAYPDEP-UHFFFAOYSA-N,24,4,0,0,2,2,True,False,False,False,,"6,23","6,23"
OCNT-2309469,train,CEXGDSRWXPGELQ-UONOGXRCSA-N,25,3,0,0,3,3,False,True,False,True,,"9,23,24","9,23,24"
OCNT-2309470,train,XRUYCSOTZWLSMU-UHFFFAOYSA-N,23,5,0,0,1,1,False,True,False,True,,21,21
OCNT-2309471,train,ADEDIGFEFPYZAG-UHFFFAOYSA-N,28,5,0,0,3,3,True,True,False,True,,"13,17,27","13,17,27"
OCNT-2309476,train,XCLSMLMSUUDBJC-UHFFFAOYSA-N,28,4,1,1,2,2,False,False,True,False,15,"4,15","4,15"
OCNT-2309479,train,VVICMZYLPCSMFR-UHFFFAOYSA-N,29,3,0,0,0,1,False,True,False,False,,,3
OCNT-2309480,train,ODSCKOHMVPXOCY-UHFFFAOYSA-N,29,5,0,0,3,3,True,False,False,False,,"9,14,21","9,14,21"
OCNT-2309483,train,RLHVXEPQNQUDCI-UHFFFAOYSA-N,26,2,0,0,0,0,False,False,True,False,,,
OCNT-2309487,train,GCTJEOJLGZLREK-UHFFFAOYSA-N,23,3,0,0,0,0,False,False,True,False,,,
OCNT-2309491,train,NHKYFFIMWRXZCG-UHFFFAOYSA-N,27,4,0,0,2,2,True,False,True,False,,"16,24","16,24"
OCNT-2309492,train,YRYCNCAAIQZHCQ-UHFFFAOYSA-N,29,6,0,0,4,4,False,False,False,True,,"19,22,23,26","19,22,23,26"
OCNT-2309495,train,YXBIHWFOVVALKB-UHFFFAOYSA-N,25,4,0,0,2,2,True,True,False,False,,"17,24","17,24"
OCNT-2309498,train,NZGXZMLTWAOIJJ-UHFFFAOYSA-N,23,5,0,0,2,2,False,True,False,False,,"2,20","2,20"
OCNT-2309499,train,BUVOPHNIEJYTGR-UHFFFAOYSA-N,22,3,0,0,1,1,False,True,False,False,,12,12
OCNT-2309500,train,SPHVEWZRWTZJGL-UHFFFAOYSA-N,23,2,0,0,0,1,True,False,False,True,,,16
OCNT-2309501,train,WHAVHVFYGLIVRF-UHFFFAOYSA-N,25,5,0,0,2,2,True,True,False,False,,"22,24","22,24"
OCNT-2309502,train,FKXADKCFWZZCLK-UHFFFAOYSA-N,22,1,0,0,0,1,True,True,True,True,,,14
OCNT-2309503,train,SPFTVLLFVMGJJE-UHFFFAOYSA-N,24,5,0,0,2,2,True,False,False,False,,"7,21","7,21"
OCNT-2309505,train,VHRWMNXPYKUVDY-UHFFFAOYSA-N,26,2,0,0,1,1,False,False,True,True,,8,8
OCNT-2309506,train,YGHZSNAECIEOIF-UHFFFAOYSA-N,30,3,0,0,0,0,False,True,False,True,,,
OCNT-2309509,train,ZYEPRXLZEIUBNA-UHFFFAOYSA-N,22,5,0,0,2,2,False,False,False,True,,"7,21","7,21"
OCNT-2309511,train,BAVBWDPYCHMZSH-UHFFFAOYSA-N,26,5,1,1,3,3,True,False,True,False,14,"14,22,24","14,22,24"
OCNT-2309515,train,DXWYWLDDFFYRBF-UHFFFAOYSA-N,24,3,0,0,0,0,False,False,False,True,,,
OCNT-2309518,train,WROCZHPTMZEAPU-UHFFFAOYSA-N,27,5,0,0,2,2,True,True,True,True,,"14,17","14,17"
OCNT-2309520,train,PQDNSHRLKSHCPF-IUODEOHRSA-N,25,2,0,0,0,1,False,False,True,False,,,10
OCNT-2309524,train,OQWALVNPZPFZNB-UHFFFAOYSA-N,25,3,0,0,1,1,False,True,False,True,,6,6
OCNT-2309526,train,JZGNANXWSVAKRU-UHFFFAOYSA-N,25,3,0,0,1,1,True,True,False,False,,17,17
OCNT-2309527,train,HIVZUFUERULVAL-UHFFFAOYSA-N,21,3,0,0,2,2,False,False,True,False,,"10,15","10,15"
OCNT-2309532,train,PPXSLCVJCJEMHV-UHFFFAOYSA-N,25,3,0,0,1,1,True,False,False,False,,3,3
OCNT-2309536,train,ITXBLKBOOLVAGY-UHFFFAOYSA-N,24,2,0,0,1,1,True,False,False,False,,9,9
OCNT-2309539,train,ABJJHLHSXMHIRM-UHFFFAOYSA-N,24,4,1,1,3,3,False,False,True,False,17,"9,12,17","9,12,17"
OCNT-2309544,train,BIVGETPZEPQOBV-LBPRGKRZSA-N,27,5,0,0,3,3,True,True,False,True,,"7,15,25","7,15,25"
OCNT-2309546,train,GKWFLKZYXIKUQH-UHFFFAOYSA-N,29,4,0,0,1,1,False,True,True,True,,25,25
OCNT-2309549,train,LXSXXEMTYWLERB-UHFFFAOYSA-N,24,3,1,1,1,1,False,False,True,False,17,17,17
OCNT-2309550,train,TUNYSDUUJNGBOO-UHFFFAOYSA-N,25,7,0,0,4,4,False,True,False,False,,"3,16,21,23","3,16,21,23"
OCNT-2309551,train,PQYCKRCCDROECP-UHFFFAOYSA-N,23,2,0,0,0,1,False,False,False,True,,,19
OCNT-2309554,train,GUMSGYXZMJPIFJ-YPMHNXCESA-N,24,4,1,1,3,3,False,False,True,False,12,"12,19,21","12,19,21"
OCNT-2309558,train,ZLRRPJCHYQOMPH-UHFFFAOYSA-N,22,5,0,0,2,2,False,True,False,False,,"16,18","16,18"
OCNT-2309559,train,GVJRMVGPJLTZIZ-UHFFFAOYSA-N,24,3,0,0,1,1,False,True,False,False,,16,16
OCNT-2309560,train,UGLQFTQKYFIXRS-UHFFFAOYSA-N,23,6,0,0,3,3,False,True,False,True,,"8,10,20","8,10,20"
OCNT-2309565,train,QMJAELYZTXCCRL-UHFFFAOYSA-N,24,4,1,1,4,4,False,False,True,False,5,"5,11,19,20","5,11,19,20"
OCNT-2309567,train,WUJHRFRBGPBFFB-UHFFFAOYSA-N,26,6,0,0,3,3,False,False,True,True,,"14,16,20","14,16,20"
OCNT-2309572,train,JGTVHIAIXYKOTI-UHFFFAOYSA-N,31,5,0,0,2,2,False,False,False,True,,"10,23","10,23"
OCNT-2309576,train,VJOLPRXCRRLZKY-UHFFFAOYSA-N,24,3,0,0,2,3,True,True,True,False,,"19,21","5,19,21"
OCNT-2309577,train,BRKCTOJAKSAOFN-UHFFFAOYSA-N,26,3,0,0,0,0,False,False,True,False,,,
OCNT-2309578,train,CBRQOHPCDLQLPJ-UHFFFAOYSA-N,26,3,0,0,1,1,False,False,True,True,,24,24
OCNT-2309581,train,XAKQUAVVZRFGRT-UHFFFAOYSA-N,21,3,0,0,0,0,False,False,True,False,,,
OCNT-2309582,train,XUWIQIYEULASKP-UHFFFAOYSA-N,22,2,1,1,1,1,False,False,True,False,6,6,6
OCNT-2309583,train,ODOZCRQUSVOLPT-UHFFFAOYSA-N,33,6,0,0,2,2,False,True,False,True,,"13,14","13,14"
OCNT-2309586,train,QYYRMTOPCBSSFG-UHFFFAOYSA-N,23,4,0,0,2,2,True,False,False,False,,"5,14","5,14"
OCNT-2309589,train,DDMGYMGEWRCEQD-UHFFFAOYSA-N,27,2,0,0,0,0,False,False,True,False,,,
OCNT-2309593,train,ICQPYVZPTBHWKX-UHFFFAOYSA-N,27,6,1,1,4,4,True,False,True,False,7,"3,7,18,26","3,7,18,26"
OCNT-2309595,train,ZECSDSYFPHZCCH-UHFFFAOYSA-N,28,4,0,0,1,1,False,False,True,False,,26,26
OCNT-2309596,train,IXNDBORQXCOCSN-UHFFFAOYSA-N,22,2,0,0,0,0,True,False,False,False,,,
OCNT-2309597,train,XYBSIQLXXDTGIG-MRVPVSSYSA-N,21,3,0,0,2,2,True,False,False,True,,"2,18","2,18"
OCNT-2309598,train,XWCLCJYWVJRTHA-UHFFFAOYSA-N,23,3,0,0,1,2,True,False,False,False,,14,"14,21"
OCNT-2309599,train,PZBMCIRQTJSXEM-UHFFFAOYSA-N,32,5,0,0,2,2,True,False,True,True,,"2,9","2,9"
OCNT-2309600,train,YGZAMANWSHREIT-UHFFFAOYSA-N,22,2,1,1,1,2,True,False,False,False,6,6,"6,10"
OCNT-2309602,train,IFNGIJKNTWRPTP-UHFFFAOYSA-N,27,4,0,0,2,2,True,True,True,False,,"5,8","5,8"
OCNT-2309603,train,NJASTDRCXHCKCI-UHFFFAOYSA-N,33,2,0,0,0,0,False,True,False,False,,,
OCNT-2309604,train,YBRLNRZSTFHKMA-UHFFFAOYSA-N,22,1,0,0,0,0,False,True,False,True,,,
OCNT-2309605,train,WKAYZDTUFKNLOE-UHFFFAOYSA-N,21,4,0,0,3,3,False,True,False,False,,"2,3,10","2,3,10"
OCNT-2309606,train,MFIXXYBDPKWHOV-UHFFFAOYSA-N,27,4,0,0,1,1,False,False,False,True,,10,10
OCNT-2309612,train,WUWJAAKBDMWBPG-UHFFFAOYSA-N,22,3,0,0,2,3,True,False,False,False,,"7,8","7,8,10"
OCNT-2309613,train,XBGKGWGJHWEDQP-UHFFFAOYSA-N,25,4,0,0,2,2,False,False,False,True,,"6,15","6,15"
OCNT-2309614,train,FLNIOMXTQNQBJO-RNCFNFMXSA-N,22,7,1,1,5,6,False,False,True,False,17,"3,4,17,18,20","3,4,11,17,18,20"
OCNT-2309615,train,QNLHNCPDDFWRQF-UHFFFAOYSA-N,24,1,0,0,0,0,False,True,False,True,,,
OCNT-2309619,train,LRHLCTNZAXRLDS-UHFFFAOYSA-N,21,3,0,0,1,1,True,False,False,False,,15,15
OCNT-2309623,train,ZKOIMMUZXCGXIF-UHFFFAOYSA-N,28,4,1,1,3,3,True,True,False,False,12,"12,15,25","12,15,25"
OCNT-2309624,train,UHMOGNHSSZMADG-UHFFFAOYSA-N,23,4,0,0,1,1,False,False,False,True,,14,14
OCNT-2309628,train,KDVYIMXKDLLSDZ-UHFFFAOYSA-N,21,3,0,0,1,1,False,False,False,True,,20,20
OCNT-2309630,train,WYXZWQBOJBWGRS-UHFFFAOYSA-N,28,4,0,0,1,1,True,False,False,True,,25,25
OCNT-2309634,train,NKOPTHMKGIKTFB-UHFFFAOYSA-N,29,5,0,0,1,1,True,True,True,False,,4,4
OCNT-2309635,train,YMUVXJZNSRNYFL-UHFFFAOYSA-N,24,5,0,0,2,2,True,False,False,False,,"7,20","7,20"
OCNT-2309639,train,DYYACRROTWDLCN-UHFFFAOYSA-N,27,5,0,0,2,3,False,True,False,False,,"17,18","3,17,18"
OCNT-2309641,train,QVQOHIBPHPVPPB-UHFFFAOYSA-N,29,3,0,0,1,2,True,True,True,True,,2,"2,22"
OCNT-2309645,train,PIONHRJAUQAQPY-UHFFFAOYSA-N,23,4,0,0,2,2,False,False,False,True,,"2,7","2,7"
OCNT-2309646,train,BYZMEVYWUJTTRC-UHFFFAOYSA-N,23,2,1,1,1,1,False,False,True,False,10,10,10
OCNT-2309655,train,RXWSOBRRXFTSLA-UHFFFAOYSA-N,28,6,1,1,3,3,True,True,True,False,22,"22,24,25","22,24,25"
OCNT-2309657,train,ZARWSMZUQFPCDG-UHFFFAOYSA-N,24,4,0,0,3,3,False,True,False,False,,"4,16,21","4,16,21"
OCNT-2309658,train,ODKREHIVWMLQNO-UHFFFAOYSA-N,29,5,0,0,3,3,True,False,False,False,,"6,23,25","6,23,25"
OCNT-2309659,train,QDMSJHDEIZETOH-UHFFFAOYSA-N,25,6,0,0,4,4,True,False,False,False,,"7,20,21,23","7,20,21,23"
OCNT-2309661,train,RSUDJUKPYSQPJM-UHFFFAOYSA-N,25,3,0,0,1,2,True,True,True,False,,14,"12,14"
OCNT-2309663,train,BBRIXFTZIRVEEF-UHFFFAOYSA-N,25,3,0,0,1,2,False,True,False,True,,8,"8,18"
OCNT-2309664,train,NCBDIAFDYAWTPW-UHFFFAOYSA-N,25,4,0,0,1,1,True,False,False,False,,5,5
OCNT-2309665,train,QWZDDQDPRVIWED-UHFFFAOYSA-N,25,4,0,0,2,2,True,False,True,False,,"5,19","5,19"
OCNT-2309670,train,LEPILDQORMQWAC-UHFFFAOYSA-N,32,4,0,0,0,0,False,False,True,True,,,
OCNT-2309671,train,SROIHPUUXSGIAV-UHFFFAOYSA-N,24,5,0,0,2,2,False,False,False,True,,"11,16","11,16"
OCNT-2309676,train,MCMWQUUFOTYOLS-UHFFFAOYSA-N,26,6,1,1,4,4,False,False,True,True,12,"12,23,24,25","12,23,24,25"
OCNT-2309684,train,UISBDOVUEJVHOM-UHFFFAOYSA-N,25,4,1,1,4,4,True,True,False,True,19,"8,12,19,24","8,12,19,24"
OCNT-2309686,train,XQSMMYKKUBTICB-UHFFFAOYSA-N,29,4,0,0,1,1,False,False,False,True,,27,27
OCNT-2309687,train,ZPFIHEDRWNPJPU-UHFFFAOYSA-N,22,4,0,0,1,1,False,True,False,False,,21,21
OCNT-2309689,train,INWLAWNIFOGZLI-UHFFFAOYSA-N,32,5,0,0,3,3,False,False,False,True,,"3,21,30","3,21,30"
OCNT-2309692,train,YSSUBBRJQCDCQC-UHFFFAOYSA-N,34,3,0,0,0,0,False,False,True,False,,,
OCNT-2309695,train,ZBLDFRSUJJPWTO-UHFFFAOYSA-N,32,6,0,0,4,4,True,False,False,False,,"21,22,25,31","21,22,25,31"
OCNT-2309696,train,KAPOLFAWPJLOSG-UHFFFAOYSA-N,26,4,1,1,2,2,False,True,False,False,1,"1,23","1,23"
OCNT-2309697,train,DONMNQYGZGXTJP-UHFFFAOYSA-N,22,2,1,1,1,1,False,False,True,False,13,13,13
OCNT-2309699,train,CVLWFKRNRIYXAE-UHFFFAOYSA-N,27,2,0,0,1,1,False,False,True,False,,17,17
OCNT-2309702,train,HVVUYBCZZBMJOT-OAHLLOKOSA-N,27,3,1,1,1,1,False,False,True,False,9,9,9
OCNT-2309704,train,QMUPVRYCKBCCRT-UHFFFAOYSA-N,23,4,0,0,2,2,False,True,False,True,,"2,3","2,3"
OCNT-2309705,train,SRCWENMLXFLRIA-UHFFFAOYSA-N,22,7,0,0,5,5,False,False,False,True,,"3,4,12,14,17","3,4,12,14,17"
OCNT-2309709,train,TUNHMOUQIPHTBW-UHFFFAOYSA-N,24,5,0,0,2,2,False,True,False,False,,"18,23","18,23"
OCNT-2309711,train,VVSBTNHBLWTLJO-UHFFFAOYSA-N,29,6,0,0,2,2,False,False,False,True,,"7,18","7,18"
OCNT-2309713,train,ATCMVTVKIVRQON-UHFFFAOYSA-N,22,5,0,0,2,2,False,False,False,True,,"18,19","18,19"
OCNT-2309715,train,GVMFXFGUVKNDTJ-UHFFFAOYSA-N,25,5,0,0,1,1,False,False,False,True,,24,24
OCNT-2309719,train,RUBZJFAKOKTNCJ-UHFFFAOYSA-N,25,3,0,0,0,0,False,False,False,True,,,
OCNT-2309724,train,REOPCYQNDVZKQE-UHFFFAOYSA-N,28,4,0,0,1,2,False,False,False,True,,16,"14,16"
OCNT-2309728,train,LWSCUHAHWXGQOH-UHFFFAOYSA-N,26,2,0,0,0,0,False,True,True,True,,,
OCNT-2309730,train,BPSIMDRRYLTHLE-UHFFFAOYSA-N,32,3,1,1,2,2,False,True,True,True,9,"9,19","9,19"
OCNT-2309732,train,BWIJNXAEGQNMGG-UHFFFAOYSA-N,23,3,0,0,1,1,False,False,False,True,,3,3
OCNT-2309734,train,XKOYXYRROUYVSA-UHFFFAOYSA-N,23,2,0,0,0,0,True,False,False,False,,,
OCNT-2309736,train,YTAKQHOGKBKZCK-UHFFFAOYSA-M,26,2,0,0,1,1,True,True,False,False,,10,10
OCNT-2309742,train,PDQLPNSIVZNUDK-UHFFFAOYSA-N,26,4,0,0,2,2,False,True,False,False,,"11,22","11,22"
OCNT-2309743,train,PSDFXZIKKQQXBR-UHFFFAOYSA-N,30,4,0,0,2,2,False,True,False,False,,"18,25","18,25"
OCNT-2309746,train,ZRDDUQNCPHKPCT-UHFFFAOYSA-N,21,3,0,0,1,1,False,False,False,True,,4,4
OCNT-2309747,train,KUGKAQQAZPSIEN-UHFFFAOYSA-N,32,2,0,0,0,0,False,False,False,True,,,
OCNT-2309752,train,IWGOKMFJOUAZQS-UHFFFAOYSA-N,35,5,0,0,1,1,True,False,True,False,,4,4
OCNT-2309754,train,ZGIGLETVJVPGRR-UHFFFAOYSA-N,25,5,0,0,3,4,False,True,False,False,,"13,15,16","13,15,16,23"
OCNT-2309755,train,PZMBVFVMDYSNFQ-UHFFFAOYSA-N,22,4,1,1,2,2,False,False,True,False,6,"2,6","2,6"
OCNT-2309757,train,NKHFHTCTOGEFMC-UHFFFAOYSA-N,22,4,0,0,2,2,True,False,True,True,,"5,21","5,21"
OCNT-2309758,train,FGDFAEAOTKYXNH-UHFFFAOYSA-N,21,4,0,0,2,2,True,False,True,False,,"12,15","12,15"
OCNT-2309762,train,ALHZQEPUCXVZTK-UHFFFAOYSA-N,25,3,0,0,0,0,False,True,False,False,,,
OCNT-2309763,train,PIUBGBAMJLHFCS-UHFFFAOYSA-N,26,5,0,0,3,3,False,False,False,True,,"4,19,20","4,19,20"
OCNT-2309765,train,YFRGVJKAIFHJOM-UHFFFAOYSA-N,24,4,0,0,3,3,True,False,False,False,,"4,19,21","4,19,21"
OCNT-2309767,train,DRRCOMACAPDCJW-UHFFFAOYSA-N,24,4,0,0,1,1,False,True,False,True,,19,19
OCNT-2309768,train,OOPGWPZBSRALIG-UHFFFAOYSA-N,24,6,0,0,3,3,False,False,False,True,,"6,13,17","6,13,17"
OCNT-2309769,train,YCVRTKMAPZFIEU-RDJZCZTQSA-N,27,3,0,0,1,2,False,False,False,True,,7,"7,16"
OCNT-2309776,train,JEIGWQHMZMNNGN-UHFFFAOYSA-N,25,4,2,2,3,3,False,True,True,True,"11,14","6,11,14","6,11,14"
OCNT-2309780,train,GYQHXTMEPJTGGH-UHFFFAOYSA-N,23,4,0,0,1,1,True,True,False,False,,21,21
OCNT-2309782,train,ZKKFKHAXIDJBRO-UHFFFAOYSA-N,24,4,0,0,2,3,True,False,False,False,,"14,15","11,14,15"
OCNT-2309787,train,YRTLYQAIURDYMT-UHFFFAOYSA-N,22,3,1,1,3,3,True,False,True,False,6,"6,9,17","6,9,17"
OCNT-2309792,train,OPUFKIGCXGYZRQ-UHFFFAOYSA-N,28,4,0,0,0,1,False,False,False,True,,,5
OCNT-2309794,train,PBCFLGPIPDSRGV-UHFFFAOYSA-N,22,5,0,0,4,4,True,False,False,False,,"6,15,17,18","6,15,17,18"
OCNT-2309800,train,GIFUCGYPMBHNPM-UHFFFAOYSA-N,31,4,0,0,1,1,False,False,False,True,,7,7
OCNT-2309801,train,LTKHJAAHPNJLHY-UHFFFAOYSA-N,21,3,0,0,1,1,True,False,True,False,,4,4
OCNT-2309804,train,CLSZSOXETXFYPQ-UHFFFAOYSA-N,23,5,0,0,2,2,True,True,True,False,,"17,18","17,18"
OCNT-2309805,train,IELFWVPJXBLMTQ-UHFFFAOYSA-N,24,3,0,0,0,0,True,False,False,False,,,
OCNT-2309806,train,TXWRWZKMDWLPJI-UHFFFAOYSA-N,31,1,0,0,0,0,False,False,False,True,,,
OCNT-2309809,train,JZKURPYQVDAOOL-UHFFFAOYSA-N,27,2,0,0,0,0,True,True,False,True,,,
OCNT-2309810,train,LAKMZUJEPXHSQY-UHFFFAOYSA-N,32,3,0,0,1,1,True,False,False,True,,7,7
OCNT-2309811,train,GAAAACRGNMPWJY-UHFFFAOYSA-N,24,2,0,0,2,2,True,False,False,False,,"5,15","5,15"
OCNT-2309813,train,RVBHNRAKASJYTB-UHFFFAOYSA-N,24,5,0,0,2,2,False,True,False,True,,"17,22","17,22"
OCNT-2309817,train,UAPMKFKSRAQMIU-UHFFFAOYSA-N,21,5,0,0,3,3,False,False,True,False,,"3,18,19","3,18,19"
OCNT-2309819,train,FKWGYVQNEUUREI-UHFFFAOYSA-N,22,3,0,0,1,1,False,True,True,True,,19,19
OCNT-2309829,train,FJDATDAPMIHBSH-UHFFFAOYSA-N,29,5,1,1,2,2,False,True,False,False,17,"17,21","17,21"
OCNT-2309836,train,XLZQKDNFGFOCIC-UHFFFAOYSA-N,30,4,1,1,2,2,True,False,True,False,10,"10,27","10,27"
OCNT-2309840,train,CAQVOVRQUWQGOW-UHFFFAOYSA-N,30,5,0,0,2,2,False,True,False,False,,"2,24","2,24"
OCNT-2309843,train,GMKVOEZHEWMTNN-UHFFFAOYSA-N,31,4,0,0,1,2,False,True,False,False,,10,"10,22"
OCNT-2309844,train,GGSBXNSPXLOOHI-UHFFFAOYSA-N,24,4,0,0,1,1,False,False,True,True,,19,19
OCNT-2309845,train,FOYXEGYOAVQKDP-GFCCVEGCSA-N,21,3,0,0,1,1,False,True,False,False,,2,2
OCNT-2309846,train,FGUQAYRHKXYOTM-UHFFFAOYSA-N,27,4,0,0,1,1,True,False,True,True,,22,22
OCNT-2309850,train,KMSWWUSZWDRAFV-UHFFFAOYSA-N,25,4,0,0,0,0,True,True,False,False,,,
OCNT-2309851,train,FIOKPWAJNHKAHD-UHFFFAOYSA-N,26,2,0,0,0,0,False,True,False,False,,,
OCNT-2309854,train,RWKORWAMCYMUGF-UHFFFAOYSA-N,32,4,0,0,1,2,True,False,False,False,,18,"18,20"
OCNT-2309858,train,GSOOPDXKCPTVNZ-UHFFFAOYSA-N,29,5,0,0,2,2,False,False,False,True,,"24,26","24,26"
OCNT-2309859,train,SNXACLBSLNBILH-UHFFFAOYSA-N,24,1,0,0,0,0,False,False,False,True,,,
OCNT-2309860,train,LMJUHQZHBWIZJQ-UHFFFAOYSA-N,32,5,0,0,1,1,False,True,False,True,,25,25
OCNT-2309864,train,GQSXIGPOISNNMZ-UHFFFAOYSA-N,31,2,0,0,0,1,False,False,True,False,,,16
OCNT-2309866,train,CPCWNLRNPXRRHG-UHFFFAOYSA-N,29,4,1,1,2,3,True,False,True,False,10,"10,26","7,10,26"
OCNT-2309867,train,FWIIXEUDIUGFOZ-UHFFFAOYSA-N,28,5,0,0,3,3,False,False,True,False,,"12,20,21","12,20,21"
OCNT-2309871,train,ZCEYLWXXNMDZEQ-UHFFFAOYSA-N,25,3,0,0,1,1,True,False,True,False,,19,19
OCNT-2309873,train,KEULIPXJNMIZGG-WMLDXEAASA-N,22,3,1,1,2,2,False,False,False,True,5,"5,8","5,8"
OCNT-2309877,train,YKVLNDDAPLQHQD-UHFFFAOYSA-N,28,5,0,0,2,2,False,True,False,True,,"26,27","26,27"
OCNT-2309878,train,ZYPNZGJYNAHGQR-PZORYLMUSA-N,25,3,0,0,0,0,False,False,False,True,,,
OCNT-2309879,train,RTWDTWBKBKIPLM-UHFFFAOYSA-N,23,3,0,0,1,1,True,True,True,False,,11,11
OCNT-2309880,train,FXPCYBRAZNMLOB-UHFFFAOYSA-N,23,2,0,0,1,2,False,False,True,False,,13,"13,19"
OCNT-2309882,train,QLCQSUUIWFLDNX-UHFFFAOYSA-N,23,4,0,0,2,2,False,False,False,True,,"14,21","14,21"
OCNT-2309883,train,OGFBEKYAGBYENM-UHFFFAOYSA-N,23,6,0,0,3,3,True,False,False,False,,"6,8,20","6,8,20"
OCNT-2309885,train,OOQDJWRFWDBFGF-UHFFFAOYSA-N,22,2,0,0,0,1,False,True,True,False,,,17
OCNT-2309893,train,OURCMYKQWKGRFD-UHFFFAOYSA-N,21,5,0,0,1,1,False,False,True,False,,2,2
OCNT-2309896,train,XIOVVNPCXJYUSU-UHFFFAOYSA-N,30,3,0,0,0,0,False,False,False,True,,,
OCNT-2309897,train,CTUPNTLXQZNNQW-UHFFFAOYSA-N,26,5,0,0,2,2,True,False,False,False,,"14,22","14,22"
OCNT-2309900,train,QGVJVDSSUBWUGO-UHFFFAOYSA-N,25,4,0,0,1,1,False,False,True,True,,19,19
OCNT-2309901,train,DZNPQDPYYZENCJ-UHFFFAOYSA-N,27,4,0,0,1,1,True,True,True,True,,18,18
OCNT-2309902,train,PECFKJREUQEETQ-UHFFFAOYSA-N,22,5,0,0,2,2,False,True,False,False,,"4,17","4,17"
OCNT-2309905,train,LVJWCKKQYYBYRC-UHFFFAOYSA-N,32,3,0,0,1,1,False,True,False,False,,2,2
OCNT-2309910,train,UARMHKMOYVCGGT-UHFFFAOYSA-N,29,3,2,2,2,2,False,True,False,False,"3,6","3,6","3,6"
OCNT-2309918,train,SVDYMXAJCOKQLE-UHFFFAOYSA-N,25,3,0,0,0,0,True,False,False,False,,,
OCNT-2309920,train,OXVAKGJWUUTGGP-UHFFFAOYSA-N,23,4,0,0,1,1,False,False,False,True,,6,6
OCNT-2309922,train,YVSNGUCAHVBFFA-UHFFFAOYSA-N,25,2,0,0,1,1,False,False,True,False,,5,5
OCNT-2309924,train,JMMWODBOVJOHLL-MGPUTAFESA-N,26,4,0,0,2,2,False,True,False,False,,"2,23","2,23"
OCNT-2309926,train,LECHJNCDFRJREW-UHFFFAOYSA-N,22,4,0,0,2,2,False,True,False,False,,"4,19","4,19"
OCNT-2309929,train,QVVPHOWUOLZHAY-UHFFFAOYSA-N,24,2,0,0,0,0,True,True,False,True,,,
OCNT-2309931,train,KKGXMRNXJMSNQL-UHFFFAOYSA-N,34,8,0,0,4,4,True,False,False,False,,"18,23,30,33","18,23,30,33"
OCNT-2309933,train,NQKQACGDDZDFGL-UHFFFAOYSA-N,27,5,0,0,3,4,False,True,False,True,,"4,17,26","1,4,17,26"
OCNT-2309935,train,MWUXHAOXKVPJBX-UHFFFAOYSA-N,25,2,0,0,1,1,True,True,True,False,,11,11
OCNT-2309936,train,CSPFCNYGDOGHCC-UHFFFAOYSA-N,22,6,0,0,4,4,False,True,True,False,,"8,15,17,19","8,15,17,19"
OCNT-2309940,train,JOYGWYISRWPUIM-UHFFFAOYSA-N,20,2,1,1,1,1,True,False,True,False,0,0,0
OCNT-2309942,train,AAJANOIUSFNLGX-UHFFFAOYSA-N,24,3,1,1,2,2,False,False,True,False,12,"12,19","12,19"
OCNT-2309948,train,JJYFSKOGQRXRKF-UHFFFAOYSA-N,31,3,0,0,0,0,False,True,False,False,,,
OCNT-2309950,train,UWGSRPLGVVOCMK-UHFFFAOYSA-N,24,4,0,0,2,2,True,False,False,False,,"6,14","6,14"
OCNT-2309955,train,KAIXLFHXPRCWAS-UHFFFAOYSA-N,21,3,0,0,1,1,False,False,False,True,,5,5
OCNT-2309957,train,BNGXYKGPLNBSAF-UHFFFAOYSA-N,21,4,0,0,3,3,False,False,False,True,,"14,16,20","14,16,20"
OCNT-2309961,train,QTBQSCQESLTOKX-UHFFFAOYSA-N,30,4,0,0,1,1,False,True,False,False,,19,19
OCNT-2309963,train,HFMYCXSQSVPMLT-UHFFFAOYSA-N,24,4,0,0,2,3,False,False,True,False,,"17,19","0,17,19"
OCNT-2309967,train,WQPXKISOMALLDG-UHFFFAOYSA-N,27,5,0,0,2,2,True,False,False,True,,"7,21","7,21"
OCNT-2309973,train,WYZFXWKRUGQONW-UHFFFAOYSA-N,23,2,1,1,2,3,False,False,True,False,7,"7,20","7,19,20"
OCNT-2309977,train,WBWNBROSFREOPO-WFASDCNBSA-N,22,2,1,1,1,1,True,False,True,False,19,19,19
OCNT-2309981,train,XUJYEKUGVGQZDR-UHFFFAOYSA-N,22,1,0,0,0,0,True,False,False,False,,,
OCNT-2309987,train,ZPRQFKSHIREKOP-UHFFFAOYSA-N,29,3,1,1,2,2,False,False,True,False,5,"5,15","5,15"
OCNT-2309989,train,FBVVPCSWXYVOTP-UHFFFAOYSA-N,25,5,0,0,2,2,False,False,False,True,,"4,13","4,13"
OCNT-2309990,train,OCQARKZPXFUWDY-VTVVEXCCSA-N,28,4,1,1,3,4,False,False,True,False,5,"5,14,26","5,14,17,26"
OCNT-2309991,train,KAGOYPMUEJNEHR-UHFFFAOYSA-N,23,6,0,0,5,5,True,False,False,False,,"2,5,11,13,16","2,5,11,13,16"
OCNT-2309993,train,HJDIMWOEKKJXFJ-UHFFFAOYSA-N,31,5,0,0,2,2,False,True,False,False,,"16,28","16,28"
OCNT-2309995,train,ZZQHSJYTAWRDDH-UHFFFAOYSA-N,32,4,0,0,1,1,True,True,False,False,,11,11
OCNT-2309997,train,RYILMESYJAREFJ-UHFFFAOYSA-N,31,4,0,0,1,1,False,False,False,True,,17,17
OCNT-2310005,train,HPEDZJJEGPOZNI-UHFFFAOYSA-N,23,3,0,0,1,1,False,True,False,False,,18,18
OCNT-2310006,train,PFNJCNWOBAUXCO-UHFFFAOYSA-N,32,5,0,0,1,1,False,False,True,True,,23,23
OCNT-2310008,train,YZDDODJEXHDWEE-UHFFFAOYSA-N,24,4,0,0,3,3,True,False,True,False,,"6,9,16","6,9,16"
OCNT-2310010,train,YMARYWNDXSNPMK-UHFFFAOYSA-N,28,3,1,1,2,3,False,False,True,True,3,"3,24","3,10,24"
OCNT-2310016,train,SHHJJHGACOTBED-GHMZBOCLSA-N,21,3,0,0,0,1,False,False,False,True,,,20
OCNT-2310018,train,VTXQAUDKIYUBRI-UHFFFAOYSA-N,25,4,0,0,2,3,True,False,True,False,,"9,13","0,9,13"
OCNT-2310019,train,FKQSJZQWYQETSO-UHFFFAOYSA-N,27,0,0,0,0,1,False,False,True,True,,,23
OCNT-2310021,train,YXVXGYRWFHPXRG-UHFFFAOYSA-N,22,4,0,0,3,3,False,False,False,True,,"11,19,21","11,19,21"
OCNT-2310022,train,OAESDRNQJDPPPY-UHFFFAOYSA-N,23,1,0,0,0,0,True,False,False,False,,,
OCNT-2310023,train,GJHOQPYBMAKJRB-UHFFFAOYSA-N,26,3,1,1,1,1,False,True,False,True,10,10,10
OCNT-2310024,train,YDDBBPMIFIWYPM-UHFFFAOYSA-N,21,1,1,1,1,3,False,False,True,False,5,5,"0,5,14"
OCNT-2310028,train,UDOYRVCSKHMUCD-UHFFFAOYSA-N,26,5,0,0,1,1,True,False,False,False,,25,25
OCNT-2310034,train,PMPRQQLVVNFCDL-UHFFFAOYSA-N,28,4,0,0,1,1,False,True,False,False,,14,14
OCNT-2310035,train,SGCPYVGCKOGTOH-UHFFFAOYSA-N,21,3,0,0,1,1,True,False,True,False,,16,16
OCNT-2310036,train,YUSOQWDLAGAIHW-UHFFFAOYSA-N,22,3,0,0,1,1,True,True,False,False,,19,19
OCNT-2310041,train,OQNCBOFIXGDOFI-UHFFFAOYSA-N,27,4,1,1,2,2,False,True,True,False,3,"3,8","3,8"
OCNT-2310043,train,ZSKKBENNGKLPHJ-UHFFFAOYSA-N,23,3,0,0,0,0,False,False,False,True,,,
OCNT-2310045,train,IQFYPMWUTQTIEV-UHFFFAOYSA-N,23,3,0,0,1,1,True,False,False,True,,10,10
OCNT-2310046,train,HDLIXSKRCXKJND-UHFFFAOYSA-N,24,3,0,0,2,2,True,False,False,False,,"8,10","8,10"
OCNT-2310050,train,PITGDDHCRBKQAQ-AWEZNQCLSA-N,21,3,1,1,2,2,False,False,True,False,18,"13,18","13,18"
OCNT-2310052,train,JLVKAGNZNJYDBF-UHFFFAOYSA-N,26,4,0,0,1,1,False,False,False,True,,4,4
OCNT-2310055,train,PCGYMNZMWFXQHG-UHFFFAOYSA-N,21,1,0,0,0,0,True,False,False,False,,,
OCNT-2310056,train,LUYXTBKTNMYWDB-UHFFFAOYSA-N,24,5,0,0,2,2,False,False,False,True,,"2,3","2,3"
OCNT-2310059,train,KNQGOFFYQJABKJ-UHFFFAOYSA-N,27,3,0,0,0,0,False,False,False,True,,,
OCNT-2310061,train,QVXOTODHQDGDHT-QGZVFWFLSA-N,26,6,0,0,3,3,False,False,True,False,,"7,11,13","7,11,13"
OCNT-2310066,train,PSFPWBSLDGMLAJ-UHFFFAOYSA-N,25,5,0,0,2,2,False,False,True,False,,"14,17","14,17"
OCNT-2310067,train,MLQRNUKEFWJQOH-UHFFFAOYSA-N,27,2,0,0,1,1,False,False,True,True,,2,2
OCNT-2310072,train,RPIPASCIKGRQNW-UHFFFAOYSA-N,33,6,0,0,3,3,False,True,False,False,,"8,23,25","8,23,25"
OCNT-2310073,train,MVKYPTGDNYDFBI-UHFFFAOYSA-N,28,2,0,0,0,0,False,True,False,False,,,
OCNT-2310076,train,VLFMKXYXFNVVAG-UHFFFAOYSA-N,25,5,1,1,3,3,False,False,True,False,1,"1,22,23","1,22,23"
OCNT-2310081,train,STDFBBSZPPVDEA-UHFFFAOYSA-N,22,3,0,0,2,2,True,False,False,False,,"12,13","12,13"
OCNT-2310083,train,JCRWIUYNTZFETH-UHFFFAOYSA-N,21,2,1,1,1,1,True,False,False,False,15,15,15
OCNT-2310084,train,BMTOZRGCZGIIQC-UHFFFAOYSA-N,21,3,0,0,0,0,True,False,False,False,,,
OCNT-2310085,train,ICELHAMMSYMKHZ-UHFFFAOYSA-N,23,4,0,0,2,2,False,True,False,False,,"9,14","9,14"
OCNT-2310087,train,SCTUUJRAPGSPSN-UHFFFAOYSA-N,26,3,0,0,3,3,False,False,False,True,,"8,23,25","8,23,25"
OCNT-2310088,train,RRLNFLKKTZKLGB-UHFFFAOYSA-N,27,2,0,0,0,0,True,False,True,False,,,
OCNT-2310089,train,ZHPWDFNJYAKWLT-UHFFFAOYSA-N,26,2,0,0,1,1,False,True,False,False,,10,10
OCNT-2310093,train,OZIGADMZADBKBS-UHFFFAOYSA-N,26,3,0,0,2,2,True,True,False,False,,"4,15","4,15"
OCNT-2310094,train,QLJSPTQLWJJXDU-UHFFFAOYSA-N,22,7,0,0,3,3,True,False,False,False,,"8,18,21","8,18,21"
OCNT-2310095,train,VZNLEGJZPWCFOH-UHFFFAOYSA-N,22,4,1,1,2,2,False,False,True,False,13,"13,18","13,18"
OCNT-2310096,train,XDFOSJLPRLTQAN-UHFFFAOYSA-N,28,4,0,0,2,2,False,False,True,False,,"2,18","2,18"
OCNT-2310097,train,DKSGZKLKCPZDOE-UHFFFAOYSA-N,26,5,0,0,2,2,False,False,False,True,,"13,18","13,18"
OCNT-2310098,train,HOGYNIIRLIDANI-UHFFFAOYSA-N,22,2,0,0,0,0,True,True,False,True,,,
OCNT-2310101,train,OKSVJUULZHAESX-UHFFFAOYSA-N,24,2,0,0,0,0,False,False,False,True,,,
OCNT-2310104,train,UGCWRWQIZCSGIA-UHFFFAOYSA-N,29,4,0,0,1,1,False,True,False,True,,2,2
OCNT-2310110,train,ZLNSOSPUFUUSJT-UHFFFAOYSA-N,24,4,0,0,1,1,True,False,False,False,,23,23
OCNT-2310114,train,NQSOSDHCVFLRCZ-UHFFFAOYSA-N,29,6,0,0,3,3,True,True,True,False,,"21,23,26","21,23,26"
OCNT-2310115,train,YTQYAPSVFJQMCE-UHFFFAOYSA-N,21,4,0,0,1,1,True,False,False,False,,10,10
OCNT-2310117,train,NCWLJEVSBCJHNM-UHFFFAOYSA-N,23,3,0,0,2,2,False,False,False,True,,"8,19","8,19"
OCNT-2310119,train,OPPFQRUPYDGASZ-UHFFFAOYSA-N,24,2,0,0,1,2,True,False,False,False,,6,"4,6"
OCNT-2310120,train,YMJWYDKEGLKYSU-UHFFFAOYSA-N,25,4,0,0,2,2,False,False,True,True,,"3,12","3,12"
OCNT-2310121,train,OSVJTIWAVNSEQH-UHFFFAOYSA-N,23,2,0,0,0,0,False,False,False,True,,,
OCNT-2310122,train,WZGUFSYUDFQWBF-UHFFFAOYSA-N,26,1,0,0,0,1,False,False,False,True,,,18
OCNT-2310123,train,GJSIXZKKNDJEAL-UHFFFAOYSA-N,29,3,0,0,1,1,False,True,True,True,,27,27
OCNT-2310131,train,KTFISXUNCYDJBB-UHFFFAOYSA-N,26,5,1,1,3,3,False,False,False,True,8,"4,8,25","4,8,25"
OCNT-2310136,train,DOGBPISGPDQHJZ-UHFFFAOYSA-N,26,3,0,0,0,0,False,False,True,False,,,
OCNT-2310137,train,HJSCMXIXVZQQOK-UHFFFAOYSA-N,32,4,0,0,1,2,False,False,False,True,,16,"16,29"
OCNT-2310141,train,QXRYBUZYONFBEB-UHFFFAOYSA-N,27,3,0,0,1,2,True,False,False,False,,24,"8,24"
OCNT-2310144,train,HZHXSHXBAHLQCN-UHFFFAOYSA-N,26,3,2,2,2,2,True,False,False,False,"1,5","1,5","1,5"
OCNT-2310149,train,YYUVEDFOWUIFDS-UHFFFAOYSA-N,25,6,0,0,2,2,False,True,False,False,,"4,24","4,24"
OCNT-2310153,train,NXEKYIWIFDTJEQ-UHFFFAOYSA-N,25,5,0,0,2,2,True,False,True,False,,"2,3","2,3"
OCNT-2310155,train,HKZQTGCONNDGDA-UHFFFAOYSA-N,24,6,0,0,4,4,False,True,False,False,,"6,18,20,23","6,18,20,23"
OCNT-2310156,train,ZRNDQMAKMCTGGO-UHFFFAOYSA-N,25,6,0,0,3,3,False,True,False,False,,"2,21,24","2,21,24"
OCNT-2310157,train,LVUXIUDKFQBCBA-UHFFFAOYSA-N,24,5,0,0,2,2,False,True,False,False,,"3,5","3,5"
OCNT-2310158,train,IDTRRSQXKMQLJW-UHFFFAOYSA-N,21,6,0,0,3,3,True,False,False,False,,"2,3,16","2,3,16"
OCNT-2310159,train,KTXIYUIIGBXMLV-UHFFFAOYSA-N,26,4,1,1,2,3,False,True,False,False,1,"1,19","1,6,19"
OCNT-2310161,train,KGAOPTNPBILCQP-UHFFFAOYSA-N,25,5,1,1,3,3,True,False,True,False,5,"5,14,19","5,14,19"
OCNT-2310163,train,IEEKGKCYWRAJSQ-LBPRGKRZSA-N,24,2,0,0,0,0,True,True,False,False,,,
OCNT-2310167,train,GOFAIWOMBJIHPT-UHFFFAOYSA-N,29,3,0,0,0,0,False,False,True,True,,,
OCNT-2310172,train,LYAIAFGFNHULKH-LRDDRELGSA-N,23,5,0,0,2,2,False,False,False,True,,"12,15","12,15"
OCNT-2310174,train,VKSJXCSFVDMTMF-UHFFFAOYSA-N,26,4,1,1,3,3,True,False,True,False,10,"10,13,14","10,13,14"
OCNT-2310175,train,XDVDNBRVUSUIJC-UHFFFAOYSA-N,21,3,0,0,2,2,True,False,False,False,,"7,20","7,20"
OCNT-2310178,train,MQSRMNFIJLKRSM-UHFFFAOYSA-N,24,4,0,0,2,3,True,False,True,False,,"16,20","5,16,20"
OCNT-2310180,train,ZRRPLSAYPNSFPN-UHFFFAOYSA-N,23,3,0,0,1,1,False,False,True,False,,3,3
OCNT-2310181,train,FSPJNFGHZZRNHE-UHFFFAOYSA-N,23,2,0,0,0,0,True,False,False,False,,,
OCNT-2310182,train,XYNXSIRCMZZLAV-UHFFFAOYSA-N,24,5,0,0,3,3,True,False,False,False,,"2,16,21","2,16,21"
OCNT-2310186,train,QTPXTUGCJUMGDQ-UHFFFAOYSA-N,21,5,0,0,3,3,True,False,False,False,,"3,13,20","3,13,20"
OCNT-2310188,train,WYHQUPSNOXIMFX-UHFFFAOYSA-N,22,7,0,0,4,4,False,False,True,False,,"5,6,17,21","5,6,17,21"
OCNT-2310191,train,XKJYAEPYUWOCPY-UHFFFAOYSA-N,21,2,0,0,0,0,False,False,False,True,,,
OCNT-2310192,train,IETCJVWWRSDVEL-MRXNPFEDSA-N,29,6,0,0,3,4,False,False,False,True,,"19,22,23","13,19,22,23"
OCNT-2310193,train,CWJYTKCXWQQNRC-UHFFFAOYSA-N,25,3,0,0,1,1,False,False,True,False,,23,23
OCNT-2310197,train,RMNZTHHCDTUWDA-UHFFFAOYSA-N,22,5,0,0,3,3,False,False,True,False,,"3,4,20","3,4,20"
OCNT-2310199,train,BMDUEAJNHZCKOW-UHFFFAOYSA-N,24,4,0,0,2,2,False,False,False,True,,"19,23","19,23"
OCNT-2310201,train,QWRGZZMJFDQUSJ-UHFFFAOYSA-N,25,3,0,0,1,1,True,True,True,False,,21,21
OCNT-2310202,train,AIOAUDKSZPZHDV-UHFFFAOYSA-N,23,4,0,0,3,3,True,False,False,False,,"5,18,20","5,18,20"
OCNT-2310207,train,WFLMYIUCCYBMSV-UHFFFAOYSA-N,21,1,0,0,0,1,True,False,False,False,,,20
OCNT-2310210,train,CSKXEVZPFYIEKD-UHFFFAOYSA-N,21,3,0,0,1,3,False,True,False,False,,2,"2,10,20"
OCNT-2310212,train,NVYFYGSTPHISCA-MRXNPFEDSA-N,25,4,0,0,2,2,False,True,False,True,,"10,21","10,21"
OCNT-2310214,train,QZKFAVIPPGQIGR-UHFFFAOYSA-N,25,4,0,0,1,1,True,False,True,False,,17,17
OCNT-2310216,train,AJTSNWUPSBKAJK-MRVPVSSYSA-N,26,6,0,0,4,4,False,True,False,False,,"6,13,14,24","6,13,14,24"
OCNT-2310220,train,BXVFIYNWDFDHGV-UHFFFAOYSA-N,24,3,0,0,1,2,False,False,False,True,,22,"20,22"
OCNT-2310222,train,RNAQONVYBHAFLX-UHFFFAOYSA-N,23,3,0,0,0,0,False,False,True,False,,,
OCNT-2310225,train,SOWHXMPYVHVKNM-UHFFFAOYSA-N,21,2,0,0,0,0,False,False,False,True,,,
OCNT-2310227,train,UFIOPUNMLAUYND-UHFFFAOYSA-N,24,3,0,0,0,1,False,True,False,False,,,1
OCNT-2310235,train,JIIKEJGWMPEPPB-UHFFFAOYSA-N,26,2,0,0,1,2,True,True,False,False,,22,"13,22"
OCNT-2310237,train,CSVITYFJUGJDJL-UHFFFAOYSA-N,28,4,0,0,1,1,False,False,False,True,,2,2
OCNT-2310240,train,LIVYGBIZZCPGDX-UHFFFAOYSA-N,29,5,0,0,2,2,False,True,False,False,,"11,26","11,26"
OCNT-2310241,train,ZMWDLJDLAOTMKB-UHFFFAOYSA-N,26,3,0,0,0,0,False,True,False,False,,,
OCNT-2310242,train,LHCOPLUTYHCPEN-UHFFFAOYSA-N,28,4,0,0,2,3,True,False,False,False,,"25,27","16,25,27"
OCNT-2310248,train,XOMFEUVPSSJASA-UHFFFAOYSA-N,24,4,0,0,2,2,False,False,False,True,,"3,21","3,21"
OCNT-2310249,train,VYHRYSNAZJVJNC-LLVKDONJSA-N,22,4,0,0,1,2,False,False,False,True,,18,"16,18"
OCNT-2310250,train,YFWYLSQWPNJHAE-UHFFFAOYSA-N,27,3,0,0,1,1,True,True,True,True,,4,4
OCNT-2310251,train,XSCFQDHSPXTQFT-UHFFFAOYSA-N,21,4,0,0,1,1,False,False,False,True,,20,20
OCNT-2310252,train,HTHQNIFHKWWWJY-UHFFFAOYSA-N,31,5,0,0,2,2,False,False,True,False,,"15,21","15,21"
OCNT-2310256,train,GNJNQIPPAHUGPD-UHFFFAOYSA-N,29,4,0,0,2,2,True,False,False,False,,"14,27","14,27"
OCNT-2310258,train,KKUAFDGZQZBAAV-UHFFFAOYSA-N,28,4,0,0,2,2,True,False,True,False,,"12,26","12,26"
OCNT-2310260,train,JZGFHLNNHVLECJ-UHFFFAOYSA-N,22,3,0,0,1,1,True,False,False,False,,3,3
OCNT-2310261,train,TWKXRJAUKSDMNC-UHFFFAOYSA-N,27,3,0,0,1,1,False,False,False,True,,25,25
OCNT-2310262,train,UXPCXNWXWKQOER-UHFFFAOYSA-N,22,3,0,0,1,1,True,True,True,True,,19,19
OCNT-2310264,train,WNTXLQIWFCPBPY-UHFFFAOYSA-N,25,1,0,0,0,1,False,True,False,True,,,3
OCNT-2310265,train,NQKFCFZXAAUFSR-UHFFFAOYSA-N,27,4,0,0,1,1,False,False,False,True,,26,26
OCNT-2310269,train,QQKWDORZPRHIAU-UHFFFAOYSA-N,30,3,0,0,0,1,False,True,False,False,,,3
OCNT-2310279,train,PUGACJGEPFNKGM-UHFFFAOYSA-N,24,4,0,0,1,1,False,True,False,True,,22,22
OCNT-2310283,train,JSJSFTYUFLJSPW-UHFFFAOYSA-N,22,5,0,0,2,2,True,False,False,True,,"14,15","14,15"
OCNT-2310286,train,LDWRQBCBDUYCBF-UHFFFAOYSA-N,21,3,0,0,1,1,False,False,False,True,,13,13
OCNT-2310288,train,AFUVPNDCVKAFMM-UHFFFAOYSA-N,23,2,0,0,1,2,True,True,False,False,,5,"5,14"
OCNT-2310289,train,YAYNBSVDGNDHKK-UHFFFAOYSA-N,26,2,0,0,1,1,False,False,False,True,,14,14
OCNT-2310291,train,VXSFJIRIMDYAFH-UHFFFAOYSA-N,26,2,0,0,1,1,False,False,False,True,,10,10
OCNT-2310292,train,WCATUHMRMHHKBE-UHFFFAOYSA-N,25,2,0,0,0,0,False,False,True,False,,,
OCNT-2310298,train,HPVSJVHVZJIGJT-UHFFFAOYSA-N,25,3,0,0,2,2,True,False,False,False,,"9,21","9,21"
OCNT-2310303,train,IJNUWPZEBUHKFT-UHFFFAOYSA-N,26,6,0,0,3,3,True,True,True,False,,"12,24,25","12,24,25"
OCNT-2310304,train,ODIUBUVTYKQAIR-UHFFFAOYSA-N,27,4,0,0,4,4,False,False,True,False,,"16,18,24,26","16,18,24,26"
OCNT-2310306,train,BRYHPRVYXOYFFA-UHFFFAOYSA-N,27,4,0,0,1,1,False,True,False,False,,11,11
OCNT-2310310,train,HVARVXFCDPEOMH-UHFFFAOYSA-N,22,5,1,1,4,4,False,False,True,False,6,"6,13,15,20","6,13,15,20"
OCNT-2310311,train,YCKIUQTYJLWMQM-UHFFFAOYSA-N,24,3,1,1,2,3,False,False,True,False,7,"7,12","0,7,12"
OCNT-2310312,train,YQQFMMGTYBYGGL-UHFFFAOYSA-N,34,4,0,0,1,1,False,False,True,False,,20,20
OCNT-2310316,train,OIZIUJHUYPZUHN-UHFFFAOYSA-N,22,2,0,0,1,2,True,False,False,False,,7,"1,7"
OCNT-2310317,train,DYSLBUOTINOYOC-UHFFFAOYSA-N,24,3,0,0,0,0,True,False,False,False,,,
OCNT-2310319,train,LRCVBALEVVGLFE-UHFFFAOYSA-N,26,4,0,0,1,1,False,False,False,True,,14,14
OCNT-2310322,train,ZFKSIGYXOCXTML-UHFFFAOYSA-N,22,2,0,0,0,0,False,False,False,True,,,
OCNT-2310323,train,MBYHTKURRZPUOJ-CQSZACIVSA-N,23,4,0,0,1,1,False,False,False,True,,19,19
OCNT-2310324,train,IVWQVUXCCLQHJG-UHFFFAOYSA-N,22,2,0,0,0,0,True,False,True,True,,,
OCNT-2310327,train,NANLFGLVROKLFB-UHFFFAOYSA-N,27,3,1,1,1,1,True,False,False,False,3,3,3
OCNT-2310332,train,NAWQPGOGQHGLFP-UHFFFAOYSA-N,26,3,0,0,0,1,False,False,False,True,,,20
OCNT-2310335,train,ULVJYNJGXBJXPV-UHFFFAOYSA-N,28,4,0,0,1,1,False,True,False,False,,2,2
OCNT-2310336,train,QTPBGMVTBOLBLI-NKUTVCTDSA-N,28,2,1,1,1,2,False,False,True,False,5,5,"5,24"
OCNT-2310337,train,UIUOCURODLIUQA-HOCLYGCPSA-N,28,5,0,0,2,2,False,True,True,True,,"22,24","22,24"
OCNT-2310338,train,RECBLOHVWNTXCV-UHFFFAOYSA-N,28,5,0,0,1,1,True,False,False,False,,21,21
OCNT-2310340,train,UWEBGWUZVATUQB-CYBMUJFWSA-N,24,5,0,0,3,3,False,False,True,False,,"15,16,19","15,16,19"
OCNT-2310341,train,MQZZCCINAHCTQG-UHFFFAOYSA-N,27,7,0,0,5,6,False,False,False,True,,"6,11,19,22,26","6,9,11,19,22,26"
OCNT-2310342,train,FTPBHHGBIJXPBQ-UHFFFAOYSA-N,31,6,0,0,3,3,False,False,True,False,,"2,27,30","2,27,30"
OCNT-2310343,train,MLXVRHYZAAKFDH-UHFFFAOYSA-N,24,6,0,0,3,3,False,False,False,True,,"2,17,23","2,17,23"
OCNT-2310344,train,SXGCGPZMAHHOEU-UHFFFAOYSA-N,21,3,0,0,1,1,True,False,True,False,,2,2
OCNT-2310345,train,DKRSDRSGLBAHTR-UHFFFAOYSA-N,32,5,0,0,1,1,True,False,False,False,,11,11
OCNT-2310346,train,CCWBISGBXAFNFY-UHFFFAOYSA-N,21,3,0,0,2,3,False,True,False,False,,"5,10","5,10,19"
OCNT-2310348,train,OFJKXSPPICQDKY-UHFFFAOYSA-N,23,5,0,0,2,2,False,True,False,False,,"13,15","13,15"
OCNT-2310349,train,QLSPKYUYXFKWIW-UHFFFAOYSA-N,31,6,0,0,3,4,False,True,False,False,,"25,29,30","2,25,29,30"
OCNT-2310350,train,IULOBWFWYDMECP-UHFFFAOYSA-N,23,1,0,0,0,1,False,True,False,True,,,2
OCNT-2310351,train,KJHJATDGICCULE-UHFFFAOYSA-N,29,4,0,0,2,2,False,True,False,False,,"19,22","19,22"
OCNT-2310353,train,GQMDVEHOCDKMQP-UHFFFAOYSA-N,27,4,1,1,2,2,True,False,True,True,1,"1,5","1,5"
OCNT-2310355,train,UZKDRZIBIHEIJW-UHFFFAOYSA-N,22,5,1,1,4,4,False,False,True,False,7,"7,13,17,19","7,13,17,19"
OCNT-2310359,train,BNIKABFHOCEBJQ-UHFFFAOYSA-N,23,5,0,0,2,2,True,False,False,False,,"2,18","2,18"
OCNT-2310365,train,WOTKHFGJCBUMBM-UHFFFAOYSA-N,27,7,0,0,3,3,True,False,False,False,,"19,20,26","19,20,26"
OCNT-2310368,train,LRAHSUQSFTWJQM-UHFFFAOYSA-N,25,4,0,0,2,2,True,False,False,False,,"13,22","13,22"
OCNT-2310374,train,SNGCTVYQWYRISZ-UHFFFAOYSA-N,24,6,0,0,4,4,False,True,True,False,,"6,15,18,23","6,15,18,23"
OCNT-2310376,train,MGBLKHQGXZBSOK-IJHRGXPZSA-N,30,3,0,0,0,0,True,False,False,False,,,
OCNT-2310378,train,BJEJLVYFCONOIU-UHFFFAOYSA-N,27,6,0,0,3,3,False,False,True,False,,"6,23,25","6,23,25"
OCNT-2310380,train,GMIKJTNOLKWHIN-UHFFFAOYSA-N,24,4,1,1,3,3,True,False,False,False,16,"8,10,16","8,10,16"
OCNT-2310383,train,FJNCYMDRTAXCFI-UHFFFAOYSA-N,22,5,0,0,2,2,False,False,False,True,,"4,20","4,20"
OCNT-2310387,train,JOXMIIQMSQTGDD-UHFFFAOYSA-N,27,2,0,0,0,0,False,True,False,False,,,
OCNT-2310389,train,MTYHBDSLDITDIR-UHFFFAOYSA-N,23,3,1,1,2,2,False,False,False,True,15,"3,15","3,15"
OCNT-2310393,train,RNOXAHDIXCUOSV-INIZCTEOSA-N,29,4,0,0,0,0,True,True,False,False,,,
OCNT-2310396,train,GPUPVYRGIRMSAG-UHFFFAOYSA-N,28,2,0,0,0,0,True,False,False,False,,,
OCNT-2310397,train,WWFMGTFCRSAGKT-UHFFFAOYSA-N,23,3,1,1,1,1,False,False,True,False,3,3,3
OCNT-2310398,train,IBJZPRORRZJCSC-UHFFFAOYSA-N,23,3,0,0,1,1,False,False,True,False,,18,18
OCNT-2310401,train,UKDDZRBOIOQMJY-UHFFFAOYSA-N,26,4,2,2,3,3,False,False,True,False,"8,11","8,11,24","8,11,24"
OCNT-2310404,train,NOKWLBSHOIIUFJ-SAABIXHNSA-N,27,2,0,0,0,0,False,True,True,True,,,
OCNT-2310409,train,RSPCESQETIRETP-UHFFFAOYSA-N,23,4,0,0,2,2,True,False,False,True,,"4,15","4,15"
OCNT-2310411,train,BIPBPUWYTFKMHW-UHFFFAOYSA-N,24,6,0,0,3,3,True,False,False,False,,"2,3,19","2,3,19"
OCNT-2310412,train,CTAQVTWDDJFNTK-UHFFFAOYSA-N,28,6,0,0,3,3,False,True,False,False,,"9,10,11","9,10,11"
OCNT-2310416,train,KNGUSJVQKNAZRI-UHFFFAOYSA-N,35,4,0,0,1,1,False,True,False,False,,34,34
OCNT-2310417,train,BKZFFKDNDJNAOH-UHFFFAOYSA-N,28,7,0,0,4,4,False,False,True,False,,"15,17,21,27","15,17,21,27"
OCNT-2310418,train,MUOUIEPROLPZDM-UHFFFAOYSA-N,30,3,0,0,1,1,False,False,True,False,,8,8
OCNT-2310421,train,IRMMNBSNNIDJSX-UHFFFAOYSA-N,28,6,0,0,2,2,False,True,False,True,,"23,24","23,24"
OCNT-2310423,train,VKKZQUBBITUCLX-UHFFFAOYSA-N,25,5,0,0,2,2,True,True,False,False,,"14,16","14,16"
OCNT-2310427,train,AHFQUVDNKMZQIK-UHFFFAOYSA-N,21,5,0,0,3,3,False,True,False,True,,"9,10,11","9,10,11"
OCNT-2310428,train,VDRSWOOERZZBHM-UHFFFAOYSA-N,26,5,0,0,2,2,False,True,False,False,,"20,25","20,25"
OCNT-2310431,train,GFTTWKOXOFWXTR-UHFFFAOYSA-N,26,7,0,0,4,4,False,True,False,True,,"17,18,22,24","17,18,22,24"
OCNT-2310432,train,CNIMFKSPIWBXRR-UHFFFAOYSA-N,26,2,0,0,1,1,False,False,False,True,,2,2
OCNT-2310433,train,TUTNRJIYQDWINN-UHFFFAOYSA-N,25,4,0,0,2,2,True,True,True,False,,"17,22","17,22"
OCNT-2310436,train,XHIPTQDGABJQTL-UHFFFAOYSA-N,21,2,0,0,1,1,True,False,True,False,,5,5
OCNT-2310437,train,RFHWZVNSOBPKEO-UHFFFAOYSA-N,24,4,0,0,1,1,False,False,True,False,,19,19
OCNT-2310438,train,YFMFZOQOJHZEAM-UHFFFAOYSA-N,31,6,1,1,4,4,False,False,False,True,28,"8,16,26,28","8,16,26,28"
OCNT-2310439,train,FFZBADLRPKHLGM-UHFFFAOYSA-N,22,5,1,1,4,4,False,False,False,True,1,"1,8,11,18","1,8,11,18"
OCNT-2310440,train,QYQRNOKPPBKPEE-UHFFFAOYSA-N,31,4,0,0,1,1,False,False,True,False,,11,11
OCNT-2310442,train,VTMZRYUXSIFDIG-UHFFFAOYSA-N,26,4,2,2,3,3,False,False,True,False,"10,20","10,18,20","10,18,20"
OCNT-2310445,train,UDYHSXCNPDCLFL-CYBMUJFWSA-N,23,3,0,0,1,1,False,False,False,True,,16,16
OCNT-2310447,train,XVCFYPXRSADGLR-UHFFFAOYSA-N,21,4,0,0,2,2,True,False,True,False,,"14,16","14,16"
OCNT-2310448,train,LEQOABJBJQUSIJ-UHFFFAOYSA-N,28,9,0,0,6,6,True,True,True,True,,"11,12,13,18,19,27","11,12,13,18,19,27"
OCNT-2310449,train,XDIJGISKACAZPE-UHFFFAOYSA-N,26,5,0,0,3,3,True,True,False,True,,"3,23,25","3,23,25"
OCNT-2310450,train,IYYSRPHITYNJJB-UHFFFAOYSA-N,28,4,0,0,2,2,False,False,True,False,,"8,17","8,17"
OCNT-2310451,train,GFEPSUUSADSVOE-UHFFFAOYSA-N,21,2,0,0,0,1,True,False,False,False,,,12
OCNT-2310452,train,UPDWNKNNWHTWOZ-UHFFFAOYSA-N,23,3,0,0,0,0,False,True,False,False,,,
OCNT-2310453,train,XJMQMZVTGVHTOH-UHFFFAOYSA-N,24,5,1,1,4,4,False,False,True,False,10,"5,6,7,10","5,6,7,10"
OCNT-2310455,train,KHTLLYHTBRHANX-ZYMOGRSISA-N,26,2,0,0,0,0,False,True,False,True,,,
OCNT-2310458,train,SYXTXXKDVIEGLV-UHFFFAOYSA-N,25,1,0,0,0,0,True,True,True,False,,,
OCNT-2310461,train,COFKGHPLSNWTDM-UHFFFAOYSA-N,24,3,0,0,1,1,False,False,False,True,,16,16
OCNT-2310463,train,JOKFLBUKTHIUOP-UHFFFAOYSA-N,21,4,0,0,3,3,True,False,False,False,,"3,15,18","3,15,18"
OCNT-2310465,train,OKIZSZJYXQZGPI-UHFFFAOYSA-N,24,5,0,0,3,3,False,False,True,False,,"17,18,23","17,18,23"
OCNT-2310469,train,VWNSZFGHZDFUAQ-UHFFFAOYSA-N,25,4,0,0,1,1,False,False,True,False,,21,21
OCNT-2310470,train,CSLBMVDUODQHOM-UHFFFAOYSA-N,29,2,0,0,1,1,False,False,True,False,,21,21
OCNT-2310471,train,ZHWBOZFLNFOECB-UHFFFAOYSA-N,23,4,1,1,2,2,False,True,False,True,16,"4,16","4,16"
OCNT-2310473,train,MTAKEIICAOLKFM-UHFFFAOYSA-N,25,6,1,1,5,5,False,False,False,True,7,"4,7,12,20,24","4,7,12,20,24"
OCNT-2310478,train,KHXGLECBIVVOEH-UHFFFAOYSA-N,25,3,2,2,3,4,False,False,True,False,"7,10","7,10,24","7,10,13,24"
OCNT-2310479,train,KRVFRBXSBYEUED-UHFFFAOYSA-N,23,6,1,1,4,4,False,False,False,True,12,"12,15,17,21","12,15,17,21"
OCNT-2310481,train,LGYSCTIZOHPFJD-UHFFFAOYSA-N,26,6,0,0,2,2,True,False,True,True,,"2,21","2,21"
OCNT-2310482,train,DLOMJSNDIHDMTK-UHFFFAOYSA-N,21,4,0,0,1,1,False,False,False,True,,6,6
OCNT-2310486,train,FIFZZZAYJPOCGX-UHFFFAOYSA-N,24,5,0,0,2,2,False,False,True,False,,"15,23","15,23"
OCNT-2310487,train,KVNXUPQXALPVSH-UHFFFAOYSA-N,22,2,0,0,1,1,False,True,False,False,,19,19
OCNT-2310488,train,DCBIPDXNVYUXEE-UHFFFAOYSA-N,25,3,0,0,1,1,True,True,False,False,,11,11
OCNT-2310489,train,BEGOXMGRIYSGIP-UHFFFAOYSA-N,28,6,0,0,2,2,False,False,False,True,,"2,3","2,3"
OCNT-2310491,train,YYJZYIAUSCSXAH-UHFFFAOYSA-N,26,3,0,0,1,1,False,True,False,False,,18,18
OCNT-2310492,train,UKJZPHJJLAGPCH-UHFFFAOYSA-N,30,4,1,1,3,3,False,False,True,False,11,"11,24,28","11,24,28"
OCNT-2310494,train,SJMZHOSSMCLHCV-UHFFFAOYSA-N,23,5,0,0,3,3,False,True,True,False,,"16,21,22","16,21,22"
OCNT-2310497,train,DVAALKBJTDHWBA-UHFFFAOYSA-N,25,2,0,0,0,0,False,True,False,True,,,
OCNT-2310498,train,IUGBKTDUGLZNFN-UHFFFAOYSA-N,21,3,1,1,2,2,False,False,True,False,11,"1,11","1,11"
OCNT-2310499,train,LCUZZQUMVBHUNL-UHFFFAOYSA-N,29,4,0,0,1,1,False,False,False,True,,17,17
OCNT-2310500,train,DJASTDXLHIIVHO-UHFFFAOYSA-N,22,1,1,1,1,2,False,False,True,False,6,6,"2,6"
OCNT-2310506,train,GFEVTRLHNWWRAS-UHFFFAOYSA-N,26,4,0,0,1,1,False,False,False,True,,18,18
OCNT-2310507,train,FCCLPWSWOKEMKO-UHFFFAOYSA-N,21,5,1,1,2,2,True,False,False,False,10,"10,18","10,18"
OCNT-2310511,train,HIOBZJFAABUCKU-UHFFFAOYSA-N,24,2,0,0,0,0,False,True,False,False,,,
OCNT-2310512,train,HGGUFAVHOKJVIP-UHFFFAOYSA-N,23,6,0,0,4,4,False,False,False,True,,"4,13,16,17","4,13,16,17"
OCNT-2310513,train,HANYAPMMDGMJBS-UHFFFAOYSA-N,29,5,0,0,2,2,False,True,True,True,,"17,22","17,22"
OCNT-2310514,train,GXQJFCYAODGNDD-UHFFFAOYSA-N,28,4,0,0,1,2,True,False,True,False,,12,"12,19"
OCNT-2310515,train,DZKIVBMSEPJVDO-UHFFFAOYSA-N,27,2,0,0,0,0,False,True,False,True,,,
OCNT-2310516,train,FLCKKFHSFGWPIQ-GHTZIAJQSA-N,28,2,0,0,1,1,False,True,False,False,,4,4
OCNT-2310518,train,XDYLETNFYYCZIL-UHFFFAOYSA-N,29,3,0,0,1,1,True,False,True,False,,26,26
OCNT-2310519,train,GUPBZGPYECDPGZ-UHFFFAOYSA-N,24,4,0,0,0,0,False,False,False,True,,,
OCNT-2310522,train,SHFKEHYHFQIENX-LBPRGKRZSA-N,25,5,0,0,1,1,False,False,False,True,,17,17
OCNT-2310525,train,MIRCFTRZBYOCQX-UHFFFAOYSA-N,21,2,0,0,2,2,False,True,False,False,,"4,16","4,16"
OCNT-2310526,train,PJTUXNCFVJUKOI-UHFFFAOYSA-N,24,5,0,0,1,1,True,False,False,True,,19,19
OCNT-2310527,train,PMTIFLNMPUNFAI-UHFFFAOYSA-N,22,5,0,0,2,2,False,True,False,False,,"20,21","20,21"
OCNT-2310528,train,HPIDJQRYXWRJQT-UHFFFAOYSA-N,30,2,0,0,0,0,False,True,False,False,,,
OCNT-2310532,train,XZFNSPBVNWVTJC-UHFFFAOYSA-N,26,1,0,0,0,1,False,False,False,True,,,7
OCNT-2310534,train,PSMOSYOPNQRHNZ-UHFFFAOYSA-N,25,4,0,0,1,1,True,False,False,True,,21,21
OCNT-2310539,train,DLKJZMONGZUVHF-UHFFFAOYSA-N,23,2,0,0,0,0,False,False,True,False,,,
OCNT-2310546,train,FYIOQDMRMALGLF-UHFFFAOYSA-N,24,2,0,0,0,0,True,False,False,False,,,
OCNT-2310549,train,FGMFVAQQFBHWOE-UHFFFAOYSA-N,25,4,0,0,1,1,False,False,False,True,,4,4
OCNT-2310551,train,GGBBLNXTXLEKSN-UHFFFAOYSA-N,25,4,0,0,2,2,True,True,False,False,,"3,23","3,23"
OCNT-2310555,train,NOCBHRIGICTARN-UHFFFAOYSA-N,28,6,0,0,3,3,False,True,True,True,,"2,12,17","2,12,17"
OCNT-2310560,train,ZDGFSUMOXCBGQT-UHFFFAOYSA-N,24,2,1,1,2,3,False,False,True,False,9,"9,23","5,9,23"
OCNT-2310562,train,HSFFJASGMZOXAD-UHFFFAOYSA-N,29,2,0,0,0,0,False,True,True,False,,,
OCNT-2310565,train,SBEVTKDZMAJRNX-UHFFFAOYSA-N,26,4,0,0,1,1,False,True,False,True,,24,24
OCNT-2310566,train,PNIGJPMOIGYDGC-UHFFFAOYSA-N,22,3,0,0,2,2,True,True,False,False,,"7,20","7,20"
OCNT-2310569,train,WTFXQTNMNBBFAO-UHFFFAOYSA-N,21,4,0,0,2,2,False,True,False,True,,"2,13","2,13"
OCNT-2310576,train,CSWBZQAJADZJPJ-UHFFFAOYSA-N,23,5,0,0,4,4,False,True,False,False,,"6,7,17,19","6,7,17,19"
OCNT-2310579,train,ADAXQGHVJCOVAG-UHFFFAOYSA-N,23,3,0,0,1,1,False,True,False,False,,21,21
OCNT-2310580,train,XVRHQCGPDQBZJL-UHFFFAOYSA-N,26,4,1,1,2,3,False,False,True,False,10,"10,15","0,10,15"
OCNT-2310581,train,QQULOXRKJYHTLY-UHFFFAOYSA-N,23,3,0,0,1,1,True,False,True,False,,17,17
OCNT-2310583,train,MPLFNWDKKKLLJT-UHFFFAOYSA-N,23,4,0,0,1,1,False,False,True,False,,17,17
OCNT-2310589,train,FUJRKPHFQJPPJN-UHFFFAOYSA-N,26,1,0,0,0,0,True,False,False,False,,,
OCNT-2310597,train,XFZCRXMAVTZECJ-UHFFFAOYSA-N,23,4,0,0,2,2,False,True,False,False,,"2,21","2,21"
OCNT-2310598,train,VTEFNVUORQIXJU-UHFFFAOYSA-N,23,4,1,1,3,3,True,False,True,False,6,"6,11,16","6,11,16"
OCNT-2310599,train,GNHURIKDCLLVDG-UHFFFAOYSA-N,22,3,0,0,1,1,False,False,False,True,,13,13
OCNT-2310600,train,LQFYSEAFVDYONG-UHFFFAOYSA-N,25,2,0,0,0,1,False,True,False,True,,,16
OCNT-2310603,train,WQGFIJIPLDIGQT-UHFFFAOYSA-N,26,2,1,1,1,1,False,False,False,True,3,3,3
OCNT-2310605,train,XTNMZHDMZGRSBV-UHFFFAOYSA-N,24,4,0,0,2,2,True,False,True,False,,"20,22","20,22"
OCNT-2310606,train,DTKNSZIBMSDKHW-UHFFFAOYSA-N,24,3,0,0,1,1,True,False,True,True,,11,11
OCNT-2310610,train,HZNBGOJIRVQVMT-UHFFFAOYSA-N,25,5,0,0,2,2,True,False,False,False,,"10,19","10,19"
OCNT-2310611,train,QAROPJJFLVXWSM-UHFFFAOYSA-N,27,2,0,0,0,0,False,True,True,True,,,
OCNT-2310612,train,JMYVKSYNRSDSAR-UHFFFAOYSA-N,26,5,0,0,2,2,False,True,False,True,,"10,25","10,25"
OCNT-2310613,train,FNSPOGKBLVJSPX-UHFFFAOYSA-N,23,2,1,1,1,1,False,False,True,False,6,6,6
OCNT-2310615,train,OPLLJXSZBDSWKY-UHFFFAOYSA-N,26,4,1,1,1,1,False,False,False,True,17,17,17
OCNT-2310620,train,RSZIAKRTNAXOPH-UHFFFAOYSA-N,24,2,0,0,0,1,False,False,False,True,,,4
OCNT-2310621,train,ZVCOHKRDENFSPM-UHFFFAOYSA-N,24,4,0,0,1,1,False,False,False,True,,18,18
OCNT-2310624,train,YTNLLJSTXDVXNM-UHFFFAOYSA-N,31,6,0,0,3,3,False,False,True,False,,"24,28,29","24,28,29"
OCNT-2310626,train,MZRBPGRDMPKRBD-UHFFFAOYSA-N,26,5,1,1,3,3,False,True,False,False,7,"7,16,17","7,16,17"
OCNT-2310627,train,YFUROBGDXNFDCC-UHFFFAOYSA-N,26,5,0,0,1,1,False,False,True,False,,19,19
OCNT-2310629,train,OBFXQQDABBGHKA-UHFFFAOYSA-N,26,4,0,0,2,2,False,False,False,True,,"19,23","19,23"
OCNT-2310630,train,KZSUIFPZSDMWRV-UHFFFAOYSA-N,25,6,0,0,3,3,False,False,False,True,,"2,6,13","2,6,13"
OCNT-2310632,train,PAIPIHSNHNHBEQ-UHFFFAOYSA-N,26,5,1,1,4,4,False,False,True,False,18,"4,10,18,25","4,10,18,25"
OCNT-2310634,train,AZIRSKUMMWCLMP-UHFFFAOYSA-N,26,3,1,1,1,1,False,False,True,False,21,21,21
OCNT-2310635,train,IZWCUJPEJUAMOS-UHFFFAOYSA-N,24,3,0,0,0,0,False,True,True,False,,,
OCNT-2310637,train,LKHRRVQZULYLAS-UONOGXRCSA-N,24,3,0,0,1,2,False,False,False,True,,5,"5,20"
OCNT-2310639,train,MSMMDODZVKXGBJ-UHFFFAOYSA-N,27,6,1,1,4,4,False,False,True,False,7,"7,19,23,25","7,19,23,25"
OCNT-2310640,train,MOGCAEVCBIAYAG-UHFFFAOYSA-N,22,5,0,0,3,3,False,False,False,True,,"13,20,21","13,20,21"
OCNT-2310641,train,YKXGBOCHBJEVRD-UHFFFAOYSA-N,23,3,0,0,1,1,False,False,False,True,,11,11
OCNT-2310643,train,PRNRLKFWWFHYKW-UHFFFAOYSA-N,22,3,0,0,2,2,False,False,False,True,,"18,19","18,19"
OCNT-2310648,train,LVKGJVDHSRWRLM-UHFFFAOYSA-N,28,5,1,1,3,3,False,False,True,False,11,"8,11,21","8,11,21"
OCNT-2310650,train,MQCGKFMBSSLQAT-UHFFFAOYSA-N,23,6,0,0,4,4,True,False,True,False,,"12,15,18,22","12,15,18,22"
OCNT-2310653,train,BSJLYSNMYGWDGZ-UHFFFAOYSA-N,25,4,1,1,1,1,False,False,False,True,19,19,19
OCNT-2310655,train,ZHOAWILOHNXOST-UHFFFAOYSA-N,26,4,1,1,2,2,False,False,True,False,7,"3,7","3,7"
OCNT-2310657,train,HTXRGYGCSCJNGY-UHFFFAOYSA-N,27,4,1,1,2,2,False,False,False,True,16,"2,16","2,16"
OCNT-2310658,train,GXPGHNGKEYVVSJ-UHFFFAOYSA-N,26,4,0,0,1,1,False,False,False,True,,9,9
OCNT-2310662,train,GBWWSIQMFCLPIJ-UHFFFAOYSA-N,22,3,0,0,1,1,False,False,False,True,,21,21
OCNT-2310664,train,IVVZZDLGAISABT-UHFFFAOYSA-N,26,7,0,0,4,5,True,False,False,False,,"5,8,9,21","5,8,9,21,25"
OCNT-2310665,train,WAIBMCXZPPOQPU-UHFFFAOYSA-N,26,2,1,1,1,1,False,False,True,False,6,6,6
OCNT-2310667,train,DWLXAHZVVKKAMK-UHFFFAOYSA-N,27,4,0,0,0,0,False,False,False,True,,,
OCNT-2310670,train,UEAQTSBMPDYYBH-UHFFFAOYSA-N,22,3,0,0,1,2,True,False,False,False,,21,"8,21"
OCNT-2310673,train,RVKFZTLIFOTNKJ-UHFFFAOYSA-N,25,6,0,0,3,3,False,False,False,True,,"2,14,19","2,14,19"
OCNT-2310674,train,FLYOLZFPQYWAFT-UHFFFAOYSA-N,23,5,0,0,2,2,True,False,False,False,,"2,20","2,20"
OCNT-2310677,train,SDWWLTJQJIPGEO-UHFFFAOYSA-N,24,3,0,0,1,1,False,True,False,True,,19,19
OCNT-2310680,train,AXXIEJDVBYZXLK-UHFFFAOYSA-N,26,3,0,0,1,1,False,True,True,False,,18,18
OCNT-2310682,train,XRGZOHMGCBNGDO-UHFFFAOYSA-N,21,2,0,0,0,0,True,False,False,False,,,
OCNT-2310684,train,SJDGSALYCQVKOO-SHTZXODSSA-N,24,2,0,0,0,0,True,False,False,False,,,
OCNT-2310685,train,SRJUQDSPYDJJMF-UHFFFAOYSA-N,24,4,0,0,1,1,True,True,False,False,,23,23
OCNT-2310686,train,CEPJBSAWUZGPOV-UHFFFAOYSA-N,26,2,0,0,0,0,True,True,False,False,,,
OCNT-2310689,train,MHTCFZKRQSMNPD-UHFFFAOYSA-N,24,2,0,0,1,1,False,True,False,False,,16,16
OCNT-2310690,train,HCYSRWCEBFYUAA-CQSZACIVSA-N,26,3,0,0,0,0,False,False,False,True,,,
OCNT-2310692,train,CSFWMXKMLAAALY-UHFFFAOYSA-N,22,3,0,0,1,1,False,True,False,True,,4,4
OCNT-2310693,train,RSAHXYUKVAIXGK-UHFFFAOYSA-N,23,4,1,1,2,2,False,False,False,True,1,"1,18","1,18"
OCNT-2310696,train,DXKSETYAFIGXSE-CUVJYRNJSA-N,24,4,0,0,2,2,False,False,False,True,,"2,22","2,22"
OCNT-2310697,train,PQGTYOYGKAPMNB-UHFFFAOYSA-N,22,2,0,0,0,0,False,False,False,True,,,
OCNT-2310698,train,HAVCMUREFRIDQM-UHFFFAOYSA-N,21,2,0,0,0,0,False,False,False,True,,,
OCNT-2310699,train,ZWRLXEBVMZHHPI-UHFFFAOYSA-N,22,4,0,0,3,3,True,False,False,False,,"2,19,21","2,19,21"
OCNT-2310706,train,SDFDUAQZYLINDJ-UHFFFAOYSA-N,22,4,0,0,2,2,True,False,True,False,,"6,21","6,21"
OCNT-2310707,train,RZGDXDYNQPUJNA-UHFFFAOYSA-N,22,4,1,1,1,1,False,False,False,True,14,14,14
OCNT-2310716,train,BZLXGFYLRNUUNG-UHFFFAOYSA-N,22,6,0,0,3,3,True,False,False,False,,"2,9,18","2,9,18"
OCNT-2310717,train,BOWLVPUQMMJWEC-UHFFFAOYSA-N,26,6,0,0,3,3,False,True,False,False,,"2,3,14","2,3,14"
OCNT-2310721,train,FRIHMUFJBJMGQK-UHFFFAOYSA-N,26,5,0,0,1,1,False,False,False,True,,25,25
OCNT-2310722,train,QPAJEUJMJBPJOL-UHFFFAOYSA-N,21,5,0,0,2,2,False,False,False,True,,"14,17","14,17"
OCNT-2310724,train,BGRGEAOBJZGPLW-UHFFFAOYSA-N,22,4,0,0,1,1,False,False,False,True,,5,5
OCNT-2310726,train,GOHPXULFFDBKGC-UHFFFAOYSA-N,26,2,0,0,1,1,False,False,False,True,,25,25
OCNT-2310727,train,NESANQMBMJHHBO-UHFFFAOYSA-N,26,3,0,0,2,2,False,True,False,False,,"22,25","22,25"
OCNT-2310728,train,VZQKPWAYHAGELX-UHFFFAOYSA-N,21,3,0,0,1,1,True,False,False,False,,20,20
OCNT-2310732,train,XJTWDTHIQQHNBE-UHFFFAOYSA-N,28,4,0,0,2,2,False,False,False,True,,"19,22","19,22"
OCNT-2310733,train,AHWMKKZARBTOBB-UHFFFAOYSA-N,24,4,0,0,1,1,False,False,False,True,,23,23
OCNT-2310735,train,XTDCITUSGXXBBG-UHFFFAOYSA-N,28,8,0,0,4,4,False,False,False,True,,"20,21,22,27","20,21,22,27"
OCNT-2310736,train,ABVGSGYZENIXJG-UHFFFAOYSA-N,28,5,0,0,1,1,True,False,True,False,,19,19
OCNT-2310737,train,NWKIVQRDXUXRFI-UHFFFAOYSA-N,26,4,0,0,1,1,False,False,False,True,,23,23
OCNT-2310740,train,WXEFSQURADWXMQ-UHFFFAOYSA-N,27,3,0,0,0,0,False,True,True,False,,,
OCNT-2310742,train,HEWYXUQCRFPUCU-UHFFFAOYSA-N,28,4,1,1,2,2,False,False,False,True,3,"3,12","3,12"
OCNT-2310745,train,JHNGSMKZGVLQAP-UHFFFAOYSA-N,28,5,0,0,2,2,False,False,False,True,,"24,26","24,26"
OCNT-2310746,train,FUUHUJROWQNVPP-UHFFFAOYSA-N,29,5,1,1,2,2,False,True,False,False,3,"3,12","3,12"
OCNT-2310747,train,MOMOPKAZNASMQJ-UHFFFAOYSA-N,29,6,0,0,3,3,False,False,False,True,,"7,16,28","7,16,28"
OCNT-2310751,train,KZIDFUMZLWTNPB-UHFFFAOYSA-N,26,7,0,0,4,4,True,False,False,False,,"2,7,19,23","2,7,19,23"
OCNT-2310755,train,BIGAOOHPAKZTOZ-UHFFFAOYSA-N,24,4,0,0,2,2,False,True,False,False,,"2,20","2,20"
OCNT-2310757,train,CTXBUXYAYCIUHD-UHFFFAOYSA-N,24,6,0,0,4,4,False,False,True,False,,"3,11,14,22","3,11,14,22"
OCNT-2310758,train,POVWSOQNXDNFPG-UHFFFAOYSA-N,22,5,0,0,2,2,True,False,True,True,,"4,11","4,11"
OCNT-2310759,train,FJRUVLPXIUVCHI-UHFFFAOYSA-N,26,3,0,0,0,0,False,True,False,False,,,
OCNT-2310760,train,DPLKWDRKFGHJOW-UHFFFAOYSA-N,27,3,0,0,1,1,False,True,True,False,,20,20
OCNT-2310763,train,KFQPBBXBJHWEEF-UHFFFAOYSA-N,24,3,0,0,0,0,False,True,False,False,,,
OCNT-2310764,train,CTSCRLQWGPGKHZ-UHFFFAOYSA-N,23,3,0,0,1,1,True,True,False,True,,3,3
OCNT-2310770,train,FHODOMIFICWBMN-UHFFFAOYSA-N,21,4,1,1,1,1,False,True,False,False,8,8,8
OCNT-2310776,train,IESVKFAJCKMTNV-UHFFFAOYSA-N,28,3,0,0,0,0,False,False,False,True,,,
OCNT-2310779,train,LWTKTABHWXYFOZ-UHFFFAOYSA-N,24,4,0,0,2,2,True,False,False,False,,"12,14","12,14"
OCNT-2310782,train,SJYXGKSCAKTUBG-UHFFFAOYSA-N,25,3,1,1,1,1,False,True,False,True,14,14,14
OCNT-2310785,train,PDTMEWBSGOMXMQ-UHFFFAOYSA-N,23,5,0,0,3,3,True,False,True,False,,"6,21,22","6,21,22"
OCNT-2310791,train,LAUGLWXKYQTNRM-UHFFFAOYSA-N,22,4,1,1,1,1,True,False,False,False,12,12,12
OCNT-2310795,train,YIVMQZCQVWWLET-UHFFFAOYSA-N,23,2,0,0,0,0,True,False,False,True,,,
OCNT-2310796,train,VXYWJYHOQJEMKQ-UHFFFAOYSA-N,21,2,0,0,1,2,True,False,True,False,,5,"5,10"
OCNT-2310797,train,WRRMQFMQWRSQBI-UHFFFAOYSA-N,27,5,0,0,2,2,False,True,False,True,,"23,25","23,25"
OCNT-2310798,train,ZMXPQYBGJYNFMM-UHFFFAOYSA-N,27,4,0,0,1,1,True,True,False,True,,20,20
OCNT-2310801,train,QKIICPDXFBIHFL-UHFFFAOYSA-N,27,6,1,1,3,3,True,False,False,False,13,"3,13,22","3,13,22"
OCNT-2310802,train,FUPMVALOMRMPTI-UHFFFAOYSA-N,27,4,0,0,0,0,False,False,False,True,,,
OCNT-2310804,train,IWKOXNCMURNVKR-UHFFFAOYSA-N,26,5,1,1,3,3,False,True,True,False,25,"10,13,25","10,13,25"
OCNT-2310808,train,JZLNLPFYEPHWQX-UHFFFAOYSA-N,28,3,0,0,1,1,False,True,False,False,,27,27
OCNT-2310809,train,WNKBDLGLBVTBPF-UHFFFAOYSA-N,26,2,0,0,0,1,False,True,False,False,,,18
OCNT-2310813,train,ZOBNNUJODGRTRA-UHFFFAOYSA-N,27,4,1,1,2,2,False,True,False,True,1,"1,19","1,19"
OCNT-2310815,train,NIYLZQUBRIFSKU-UHFFFAOYSA-N,26,4,0,0,2,2,False,False,False,True,,"14,15","14,15"
OCNT-2310816,train,BYAVFGPTBAFTNM-UHFFFAOYSA-N,21,5,0,0,3,3,True,False,True,False,,"10,17,20","10,17,20"
OCNT-2310817,train,KTPFMDBAMVMZNA-MJGOQNOKSA-N,26,3,1,1,2,2,False,False,False,True,17,"5,17","5,17"
OCNT-2310822,train,PAZGEARGQQZYLI-UHFFFAOYSA-N,24,3,0,0,1,1,False,True,False,True,,22,22
OCNT-2310823,train,TXBFDVNVXDBSMI-UHFFFAOYSA-N,25,6,0,0,3,3,False,False,False,True,,"3,11,23","3,11,23"
OCNT-2310824,train,CFCGQLSDFTVXKM-UHFFFAOYSA-N,25,3,1,1,1,1,False,False,False,True,11,11,11
OCNT-2310825,train,FCJGAYGSJLTNQU-UHFFFAOYSA-N,21,2,0,0,1,1,True,False,False,False,,3,3
OCNT-2310826,train,VAHWRSZAURKYGM-UHFFFAOYSA-N,24,3,1,1,1,1,False,False,True,True,15,15,15
OCNT-2310827,train,LJFXZOYYLNSQSQ-UHFFFAOYSA-N,25,4,0,0,2,2,True,True,True,False,,"23,24","23,24"
OCNT-2310828,train,XMBDBAFIEQZCRV-UHFFFAOYSA-N,22,4,0,0,2,2,True,False,False,False,,"15,16","15,16"
OCNT-2310829,train,WIPMLMLIKXSIFW-UHFFFAOYSA-N,23,3,1,1,2,2,False,False,True,False,6,"6,19","6,19"
OCNT-2310830,train,LZVXIPIFSGLYMM-UHFFFAOYSA-N,26,5,1,1,3,3,False,True,True,False,2,"2,14,18","2,14,18"
OCNT-2310831,train,VNCFAVVBLJJAFO-UHFFFAOYSA-N,25,5,0,0,3,3,True,False,False,True,,"15,20,23","15,20,23"
OCNT-2310833,train,WEMDNGXFLHBHKC-UXHICEINSA-N,27,4,0,0,1,2,False,False,True,True,,26,"24,26"
OCNT-2310834,train,MLYVEOMHGDYSSG-UHFFFAOYSA-N,25,3,1,1,1,1,False,False,False,True,15,15,15
OCNT-2310835,train,DNRJMNNSKUUPGI-UHFFFAOYSA-N,22,2,0,0,0,0,True,False,False,False,,,
OCNT-2310837,train,HYLFNAOUPUAGAI-UHFFFAOYSA-N,24,6,0,0,4,4,False,True,False,True,,"10,19,21,23","10,19,21,23"
OCNT-2310839,train,HZOOOFYSGYSMTG-UHFFFAOYSA-N,22,3,0,0,2,2,False,False,False,True,,"14,20","14,20"
OCNT-2310840,train,VRIJJQIANJTUDW-UHFFFAOYSA-N,22,1,0,0,1,1,True,False,False,False,,20,20
OCNT-2310843,train,UHBYZUKYPMONRO-UHFFFAOYSA-N,25,2,0,0,0,1,False,False,True,False,,,20
OCNT-2310845,train,SQXMBABHTNNZOC-UHFFFAOYSA-N,26,2,0,0,0,0,False,True,False,True,,,
OCNT-2310846,train,KVTKQEIQALRUSE-QWRGUYRKSA-N,23,3,0,0,0,0,False,True,False,False,,,
OCNT-2310851,train,RWLXVOZONVHWTI-UHFFFAOYSA-N,27,4,0,0,2,2,False,False,False,True,,"17,18","17,18"
OCNT-2310852,train,AANYBGWKEBERHG-UHFFFAOYSA-N,29,8,0,0,3,3,False,True,False,False,,"3,17,22","3,17,22"
OCNT-2310853,train,ZSRIHZUWEGOQNF-UHFFFAOYSA-N,24,3,0,0,1,1,True,False,True,False,,21,21
OCNT-2310854,train,MNAGYZJQDLFINB-UHFFFAOYSA-N,29,4,0,0,1,1,False,False,False,True,,18,18
OCNT-2310856,train,KCWMYGVPLYXBFF-LSDHHAIUSA-N,25,4,0,0,2,2,False,True,False,False,,"22,23","22,23"
OCNT-2310858,train,RBJYOPLZTXEOMT-UHFFFAOYSA-N,26,4,0,0,2,2,False,False,False,True,,"17,25","17,25"
OCNT-2310859,train,RUVLBPWZPKTFQY-UHFFFAOYSA-N,25,4,0,0,2,2,False,False,True,True,,"10,12","10,12"
OCNT-2310861,train,VTVBUASSJXZDDC-UHFFFAOYSA-N,24,4,0,0,2,2,False,True,False,False,,"5,23","5,23"
OCNT-2310864,train,HPRJCYLZBJNKRA-UHFFFAOYSA-N,26,4,0,0,1,2,False,False,True,False,,11,"11,20"
OCNT-2310867,train,WHGJFJLSFMSHAM-UHFFFAOYSA-N,25,4,0,0,1,1,False,False,False,True,,3,3
OCNT-2310868,train,QKSASFITOIEIMX-UHFFFAOYSA-N,21,2,0,0,1,1,False,True,False,True,,14,14
OCNT-2310871,train,QHDXLICNFIMBCQ-UHFFFAOYSA-N,26,5,1,1,3,3,False,True,False,False,21,"2,15,21","2,15,21"
OCNT-2310873,train,XBCRVGWLQRTWNS-UHFFFAOYSA-N,23,3,0,0,1,1,False,False,True,False,,5,5
OCNT-2310875,train,LVMMPXSCGLEWBU-VOBHOPKGSA-N,27,5,0,0,2,3,False,False,True,False,,"10,22","10,22,26"
OCNT-2310878,train,QNTYSVXEXCRUEK-UHFFFAOYSA-N,23,3,0,0,1,1,True,False,False,False,,7,7
OCNT-2310880,train,UPACZLZVVYCCPQ-UHFFFAOYSA-N,25,2,0,0,0,0,True,True,False,False,,,
OCNT-2310884,train,ACOCBYLGXYWEIH-UHFFFAOYSA-N,23,3,1,1,3,4,True,False,True,False,12,"6,7,12","6,7,9,12"
OCNT-2310885,train,BUXYXJYXRNYXPO-UHFFFAOYSA-N,29,7,1,1,4,4,False,True,False,True,10,"5,10,20,23","5,10,20,23"
OCNT-2310886,train,SZDKPJLXICNJPK-HUUCEWRRSA-N,21,2,1,1,1,1,False,False,True,False,15,15,15
OCNT-2310888,train,SDIDXGLXZHVECY-UHFFFAOYSA-N,21,3,0,0,2,2,True,False,False,False,,"6,17","6,17"
OCNT-2310890,train,PVJKSRBNYFPBRX-UHFFFAOYSA-N,24,5,0,0,2,2,True,True,True,False,,"11,13","11,13"
OCNT-2310893,train,ORXMZBQPCWIHBW-UHFFFAOYSA-N,25,4,0,0,1,1,False,False,False,True,,12,12
OCNT-2310899,train,BHGLMKBPWDQJDH-UHFFFAOYSA-N,24,5,0,0,2,2,False,True,False,True,,"22,23","22,23"
OCNT-2310900,train,RNJALEGEKJSKHV-UHFFFAOYSA-N,22,2,0,0,0,0,True,True,False,False,,,
OCNT-2310901,train,HDXXWIMMIYDYQO-UHFFFAOYSA-N,22,3,0,0,2,2,False,True,False,True,,"9,12","9,12"
OCNT-2310904,train,SALPRQGNBKYGBL-UHFFFAOYSA-N,26,3,0,0,0,0,False,False,False,True,,,
OCNT-2310905,train,UZHDJKQNKUZILN-UHFFFAOYSA-N,25,2,0,0,0,0,True,True,False,False,,,
OCNT-2310907,train,YQEUJIXYCBLYGH-UHFFFAOYSA-N,25,2,0,0,0,0,False,False,False,True,,,
OCNT-2310909,train,COPXFKFWXTVARK-UHFFFAOYSA-N,23,4,1,1,2,2,False,False,True,False,1,"1,6","1,6"
OCNT-2310910,train,APVVXJIVTKDFLO-UHFFFAOYSA-N,28,4,0,0,0,0,False,False,False,True,,,
OCNT-2310911,train,XHJCHAYXQKWCFX-UHFFFAOYSA-N,24,5,0,0,2,2,False,False,False,True,,"19,21","19,21"
OCNT-2310913,train,NADVEOZBBSLZOC-UHFFFAOYSA-N,27,6,0,0,3,3,True,False,True,False,,"13,14,23","13,14,23"
OCNT-2310916,train,NYYZVQXHZBMEEA-UHFFFAOYSA-N,28,5,0,0,2,2,False,False,True,False,,"22,24","22,24"
OCNT-2310917,train,RGJLGHOKRSIVNB-UHFFFAOYSA-N,25,5,0,0,2,2,False,True,False,True,,"4,14","4,14"
OCNT-2310919,train,NIKYSSZTCHVNNJ-UHFFFAOYSA-N,22,4,0,0,2,2,True,False,True,False,,"11,18","11,18"
OCNT-2310920,train,YBYGTINUNXLUDL-UHFFFAOYSA-N,22,2,0,0,1,1,False,False,True,False,,2,2
OCNT-2310923,train,LVSFHOYLHXXXOV-UHFFFAOYSA-N,21,3,0,0,1,1,True,False,False,False,,4,4
OCNT-2310924,train,OHCUCUCQFUWXGJ-UHFFFAOYSA-N,24,4,0,0,1,1,False,True,False,False,,19,19
OCNT-2310925,train,REIBCFLOVHGSRJ-UHFFFAOYSA-N,25,5,1,1,3,3,False,True,False,False,8,"8,22,24","8,22,24"
OCNT-2310927,train,CZRKFQOESBEGAC-UHFFFAOYSA-N,25,4,0,0,2,2,False,True,False,True,,"5,7","5,7"
OCNT-2310928,train,KCVGBSCOBIITGF-UHFFFAOYSA-N,23,4,0,0,2,2,False,False,False,True,,"18,19","18,19"
OCNT-2310932,train,AUGRFJVNNHVTMY-UHFFFAOYSA-N,23,3,0,0,1,1,True,False,False,True,,13,13
OCNT-2310935,train,PYENDQAOQUXIML-UHFFFAOYSA-N,25,3,0,0,1,1,False,True,False,True,,24,24
OCNT-2310937,train,QICVHYIQFRIWFR-UHFFFAOYSA-N,24,2,0,0,1,1,True,False,False,False,,13,13
OCNT-2310939,train,FMPOGJMGFDQNLR-UHFFFAOYSA-N,29,5,1,1,3,3,False,False,False,True,13,"13,25,26","13,25,26"
OCNT-2310941,train,ADLJMNFOAKAODD-UHFFFAOYSA-N,23,3,0,0,1,1,False,True,False,False,,12,12
OCNT-2310942,train,OLJDXACHTKESBX-UHFFFAOYSA-N,22,5,0,0,3,3,True,False,True,False,,"7,9,18","7,9,18"
OCNT-2310944,train,MYNPLOLLAZKXJX-UHFFFAOYSA-N,21,5,1,1,3,3,True,False,True,False,5,"5,10,12","5,10,12"
OCNT-2310945,train,ZCFOZFFAVPLQDU-UHFFFAOYSA-N,23,4,1,1,3,3,False,True,True,True,11,"3,11,22","3,11,22"
OCNT-2310946,train,MJUBBVQASBHOHI-UHFFFAOYSA-N,25,6,0,0,3,3,False,False,False,True,,"2,20,24","2,20,24"
OCNT-2310948,train,WECBRMODQWSFSC-UHFFFAOYSA-N,26,6,0,0,2,2,True,False,False,False,,"21,23","21,23"
OCNT-2310949,train,DBKUYEVWAUISPH-UHFFFAOYSA-N,22,3,0,0,1,1,False,False,True,False,,11,11
OCNT-2310952,train,JLRAETYKLGVMOF-UHFFFAOYSA-N,23,3,0,0,0,0,False,False,False,True,,,
OCNT-2310953,train,JNUPUTJOTQNJHS-UHFFFAOYSA-N,26,3,0,0,1,1,True,True,False,True,,17,17
OCNT-2310955,train,ZNYHVNPTYPXHIV-UHFFFAOYSA-N,24,4,0,0,1,1,False,True,False,False,,20,20
OCNT-2310956,train,NXFYQARCVGKCRR-UHFFFAOYSA-N,22,7,0,0,5,5,True,True,False,False,,"2,4,13,15,21","2,4,13,15,21"
OCNT-2310958,train,QBAQGPOEDSHISC-UHFFFAOYSA-N,25,5,0,0,2,2,False,False,True,False,,"15,16","15,16"
OCNT-2310962,train,AKKOBRZLXBWVCY-UHFFFAOYSA-N,24,3,0,0,1,1,True,False,False,False,,21,21
OCNT-2310963,train,YCMWGYORDQAXDQ-UHFFFAOYSA-N,22,3,0,0,2,2,False,True,False,False,,"3,13","3,13"
OCNT-2310967,train,HVPGCKQRNRGMTN-UHFFFAOYSA-N,27,5,0,0,3,3,True,False,False,True,,"3,13,23","3,13,23"
OCNT-2310968,train,KCLWZSBXZRBBSN-UHFFFAOYSA-N,27,5,0,0,2,2,True,False,False,True,,"11,13","11,13"
OCNT-2310969,train,IUVIVDJBUXBGAR-UHFFFAOYSA-N,26,8,0,0,5,5,False,False,False,True,,"4,10,21,22,24","4,10,21,22,24"
OCNT-2310970,train,HXARSPKGZRODHN-UHFFFAOYSA-N,25,2,0,0,0,0,False,False,False,True,,,
OCNT-2310971,train,QUMDTFYGSJHRPL-UHFFFAOYSA-N,25,7,0,0,3,3,False,True,False,False,,"15,17,22","15,17,22"
OCNT-2310974,train,YBZCZQBJOQWPJQ-UHFFFAOYSA-N,28,6,0,0,2,2,False,True,False,True,,"11,21","11,21"
OCNT-2310977,train,IGPQJBRCRUOAGN-DZGCQCFKSA-N,25,4,0,0,1,1,False,False,True,False,,20,20
OCNT-2310978,train,VNZASAGBFVEPAI-UHFFFAOYSA-N,21,5,0,0,3,3,True,False,True,False,,"7,10,14","7,10,14"
OCNT-2310979,train,ZNZJGCOJFHWZII-UHFFFAOYSA-N,26,6,0,0,3,3,True,True,True,True,,"16,23,25","16,23,25"
OCNT-2310980,train,UFSICLQYFOHIDU-UHFFFAOYSA-N,26,4,0,0,2,2,False,True,False,False,,"16,23","16,23"
OCNT-2310981,train,OLKIKNBFLHPWDB-UHFFFAOYSA-N,24,5,0,0,3,3,True,False,True,False,,"11,16,17","11,16,17"
OCNT-2310983,train,QOMURNVBTXTAIV-UHFFFAOYSA-N,29,8,0,0,4,4,True,False,False,False,,"20,21,22,28","20,21,22,28"
OCNT-2310986,train,CBDZWNYRFMBERE-UHFFFAOYSA-N,24,3,0,0,1,1,True,False,False,False,,23,23
OCNT-2310987,train,COYHCXATHHPBDZ-UHFFFAOYSA-N,25,3,0,0,1,1,False,False,False,True,,2,2
OCNT-2310988,train,DPCRFIMDLMABSP-UHFFFAOYSA-N,26,5,0,0,2,2,True,False,True,True,,"7,21","7,21"
OCNT-2310989,train,GOQBVBCDXZTTEO-AWEZNQCLSA-N,24,4,0,0,1,1,False,False,False,True,,10,10
OCNT-2310993,train,ADUWAMYJGJMQFP-UHFFFAOYSA-N,26,5,0,0,3,3,True,True,False,False,,"7,15,17","7,15,17"
OCNT-2310994,train,YWWRVIGZMFEUSK-UHFFFAOYSA-N,22,3,0,0,1,1,True,False,False,False,,18,18
OCNT-2310997,train,SIPWPCZRIOWTLN-UHFFFAOYSA-N,29,5,1,1,2,2,True,False,True,False,1,"1,26","1,26"
OCNT-2311003,train,JTVNALMSDWLPLH-UHFFFAOYSA-N,23,7,0,0,4,4,True,False,False,False,,"8,9,10,22","8,9,10,22"
OCNT-2311004,train,ALZLRUUMQLNXLT-UHFFFAOYSA-N,23,1,0,0,0,0,False,False,False,True,,,
OCNT-2311009,train,IRQYCNOLJQJSPS-UHFFFAOYSA-N,29,6,0,0,3,3,False,False,False,True,,"7,8,24","7,8,24"
OCNT-2311010,train,DCVFSKSJYYITLC-UHFFFAOYSA-N,26,2,1,1,1,1,False,True,False,False,16,16,16
OCNT-2311014,train,ZJIRFMHKJONYOG-UHFFFAOYSA-N,26,3,0,0,0,0,False,True,False,False,,,
OCNT-2311016,train,HGLQTURHJVUTSV-UHFFFAOYSA-N,26,3,0,0,0,0,False,False,False,True,,,
OCNT-2311017,train,HGMVMOMRKMPRSR-VHSXEESVSA-N,21,1,0,0,0,0,True,False,False,False,,,
OCNT-2311018,train,DSXVJCZCXOYUOK-UHFFFAOYSA-N,23,7,0,0,4,4,False,False,False,True,,"4,5,11,18","4,5,11,18"
OCNT-2311020,train,QHQLPVPGLCMCMB-UHFFFAOYSA-N,26,4,0,0,1,1,False,False,True,False,,24,24
OCNT-2311021,train,VDJLOPPVHCZTLF-UHFFFAOYSA-N,23,1,0,0,0,0,True,False,False,False,,,
OCNT-2311024,train,ZHAWBIUHLMHDTL-UHFFFAOYSA-N,25,4,0,0,1,1,False,False,False,True,,3,3
OCNT-2311028,train,MQXPCGHXWRPKCK-UHFFFAOYSA-N,24,4,0,0,1,1,False,False,False,True,,9,9
OCNT-2311030,train,BMCXMTGFFJFTPX-UHFFFAOYSA-N,24,2,0,0,0,0,True,True,False,False,,,
OCNT-2311031,train,NAPZQJSCZNMDDZ-UHFFFAOYSA-N,22,5,0,0,3,4,False,False,False,True,,"12,13,21","6,12,13,21"
OCNT-2311032,train,KXQCKBJACHMFEZ-UHFFFAOYSA-N,26,6,0,0,4,4,True,False,False,True,,"11,13,23,25","11,13,23,25"
OCNT-2311034,train,JTDWWVINHXMTMA-UHFFFAOYSA-N,22,4,0,0,2,2,False,False,False,True,,"11,14","11,14"
OCNT-2311042,train,KAESPBBAFVMUKP-UHFFFAOYSA-N,26,3,0,0,0,0,False,False,False,True,,,
OCNT-2311050,train,RRHHUYUAXCKIRN-UHFFFAOYSA-N,26,3,0,0,0,0,False,False,False,True,,,
OCNT-2311052,train,XBTDLHJAROMEHT-UHFFFAOYSA-N,23,3,1,1,2,2,False,True,True,False,7,"7,13","7,13"
OCNT-2311053,train,IAXKOIQFGAPRHX-UHFFFAOYSA-N,25,7,0,0,4,4,False,True,False,False,,"3,4,5,22","3,4,5,22"
OCNT-2311055,train,USSDJCJWNVCANP-LLVKDONJSA-N,23,3,0,0,0,1,True,False,False,True,,,2
OCNT-2311058,train,NQPRWZAKZZQRTD-QWHCGFSZSA-N,21,4,0,0,2,2,True,False,False,False,,"12,17","12,17"
OCNT-2311059,train,IADLBRMVZTZASR-UHFFFAOYSA-N,28,3,0,0,1,1,False,False,True,False,,26,26
OCNT-2311060,train,FEGQQHPUTSRZAG-UHFFFAOYSA-N,26,7,0,0,5,5,False,True,False,True,,"12,15,17,20,25","12,15,17,20,25"
OCNT-2311061,train,YAHHSHNEDFLSFO-UHFFFAOYSA-N,23,4,0,0,3,4,True,False,False,False,,"14,21,22","4,14,21,22"
OCNT-2311064,train,NUVPRGBZDVLVBM-AEFFLSMTSA-N,26,2,0,0,1,2,False,True,False,False,,25,"21,25"
OCNT-2311070,train,IEYBQEMHUMFQJB-UHFFFAOYSA-N,24,5,0,0,3,3,False,True,False,False,,"2,7,8","2,7,8"
OCNT-2311071,train,DYUYVURCSOVEDN-UHFFFAOYSA-N,29,5,0,0,2,2,True,False,False,False,,"25,28","25,28"
OCNT-2311072,train,PYNPXIGQLPENMS-UHFFFAOYSA-N,24,4,1,1,3,3,False,True,False,False,12,"12,17,19","12,17,19"
OCNT-2311074,train,DSVUFEFTDUEOQT-UHFFFAOYSA-N,24,6,0,0,3,3,False,True,False,False,,"2,22,23","2,22,23"
OCNT-2311075,train,MEGVWEUUUNFHJZ-ZDUSSCGKSA-N,26,4,1,1,2,2,False,False,False,True,23,"19,23","19,23"
OCNT-2311081,train,OIUFDMSQABURBB-UHFFFAOYSA-N,28,5,0,0,2,2,False,False,False,True,,"16,23","16,23"
OCNT-2311083,train,AVEJIDBCLRGUQE-UHFFFAOYSA-N,26,4,0,0,1,1,True,True,True,False,,18,18
OCNT-2311086,train,LHTZKKBQVHDQAX-UHFFFAOYSA-N,27,7,0,0,4,4,True,True,False,False,,"12,14,17,18","12,14,17,18"
OCNT-2311087,train,ZUEZMUYOYHAKCT-UHFFFAOYSA-N,26,5,0,0,1,1,False,False,False,True,,25,25
OCNT-2311088,train,RLRTYDNYGVMPHP-GYSYKLTISA-N,22,3,0,0,2,2,True,False,False,True,,"8,18","8,18"
OCNT-2311090,train,OLLKSWQPCSWOKP-UHFFFAOYSA-N,26,4,1,1,3,3,False,True,True,True,11,"5,6,11","5,6,11"
OCNT-2311091,train,NLPVWZDQUHNWNN-UHFFFAOYSA-N,22,4,0,0,2,2,True,True,True,False,,"8,20","8,20"
OCNT-2311092,train,UFNHVBKKZASTOU-UHFFFAOYSA-N,23,4,0,0,2,2,False,False,True,True,,"15,17","15,17"
OCNT-2311094,train,LPRYCBITNRSRNR-UHFFFAOYSA-N,21,5,0,0,3,3,True,False,True,True,,"2,11,20","2,11,20"
OCNT-2311095,train,CDHGRDADYQRHCA-UHFFFAOYSA-N,26,3,0,0,0,0,False,False,False,True,,,
OCNT-2311097,train,BASLPYSOHAOREB-UHFFFAOYSA-N,33,7,0,0,2,2,False,False,False,True,,"18,31","18,31"
OCNT-2311100,train,WHFZTDXHXXUHNV-UHFFFAOYSA-N,23,3,0,0,1,1,False,True,False,False,,7,7
OCNT-2311101,train,ZOFBVPDRICPZHC-UHFFFAOYSA-N,24,3,0,0,1,1,False,False,True,False,,22,22
OCNT-2311102,train,OPNWCLOHWSTTAH-UHFFFAOYSA-N,22,6,0,0,3,3,False,True,False,False,,"4,13,14","4,13,14"
OCNT-2311105,train,DYDZKFWPVCJCNA-UHFFFAOYSA-N,24,3,0,0,2,2,False,True,False,False,,"4,12","4,12"
OCNT-2311106,train,XKPXTMLDEUTWQU-UHFFFAOYSA-N,24,4,1,1,2,2,False,False,True,False,1,"1,20","1,20"
OCNT-2311107,train,CSGQJHIXMLGJKK-UHFFFAOYSA-N,24,5,0,0,2,2,False,False,False,True,,"4,19","4,19"
OCNT-2311111,train,SIHYQFFHCDJFTH-UHFFFAOYSA-N,21,1,0,0,0,1,True,False,True,False,,,0
OCNT-2311113,train,MYIRHVYGVKSNLG-UHFFFAOYSA-N,24,4,1,1,3,3,False,False,True,False,4,"4,12,22","4,12,22"
OCNT-2311117,train,LRJOBFZNWOVETF-UHFFFAOYSA-N,27,2,0,0,0,1,False,False,False,True,,,21
OCNT-2311121,train,YINKADFCKUPJHC-UHFFFAOYSA-N,25,4,1,1,3,3,True,False,True,False,1,"1,21,24","1,21,24"
OCNT-2311123,train,AOUPYPZTBWHPFA-LLVKDONJSA-N,23,5,0,0,3,3,True,False,True,False,,"17,21,22","17,21,22"
OCNT-2311128,train,SJEFVVPHZSAYHV-FUHWJXTLSA-N,25,3,0,0,1,1,False,False,False,True,,19,19
OCNT-2311132,train,WAFLWFBYNRXLIA-UHFFFAOYSA-N,24,5,0,0,3,3,False,False,True,True,,"2,3,4","2,3,4"
OCNT-2311133,train,DAOAPMJKVUJXID-UHFFFAOYSA-N,22,4,1,1,3,3,True,False,True,False,1,"1,7,19","1,7,19"
OCNT-2311134,train,VQAVIIHKSNSDRU-UHFFFAOYSA-N,26,1,0,0,0,1,False,False,False,True,,,8
OCNT-2311135,train,QVVSKZGCFJDBDW-UHFFFAOYSA-N,23,5,0,0,2,2,True,True,False,True,,"6,18","6,18"
OCNT-2311136,train,BZNCPWPEWCQLQO-UHFFFAOYSA-N,24,3,0,0,1,1,True,True,False,False,,14,14
OCNT-2311138,train,XJLBILODBIISFG-AEFFLSMTSA-N,25,3,0,0,1,2,False,False,True,False,,23,"21,23"
OCNT-2311145,train,GJUVVFXCXYLPPF-UHFFFAOYSA-N,23,1,0,0,0,0,False,True,False,False,,,
OCNT-2311147,train,UXPUYGZFBSURGQ-UHFFFAOYSA-N,21,2,0,0,1,1,False,True,False,False,,15,15
OCNT-2311148,train,FXKCHSYNXXKFEX-UHFFFAOYSA-N,26,5,1,1,4,4,True,True,True,False,11,"3,11,22,23","3,11,22,23"
OCNT-2311150,train,ZHERNWQWOSHVNC-UHFFFAOYSA-N,27,3,0,0,1,1,False,True,False,True,,4,4
OCNT-2311152,train,WKDNAMNTGZCSNP-UHFFFAOYSA-N,24,7,0,0,4,4,False,False,False,True,,"6,15,19,21","6,15,19,21"
OCNT-2311154,train,UVBQSVCDGQALMQ-UHFFFAOYSA-N,28,4,0,0,1,1,False,True,False,False,,14,14
OCNT-2311155,train,ROQPQFXWBJCFRO-UHFFFAOYSA-N,25,4,1,1,3,3,True,False,True,True,7,"2,7,23","2,7,23"
OCNT-2311159,train,FDSRNEIFNNTKBW-UHFFFAOYSA-N,29,5,0,0,2,2,True,False,False,False,,"19,21","19,21"
OCNT-2311160,train,JIARRPUHLRJLKP-MOPGFXCFSA-N,25,2,0,0,0,1,False,True,True,False,,,17
OCNT-2311162,train,CUUDYVGTWBCRGQ-UHFFFAOYSA-N,24,4,0,0,1,1,False,False,False,True,,15,15
OCNT-2311164,train,KXAWYHBBFHVSLR-UHFFFAOYSA-N,22,5,0,0,2,2,False,False,False,True,,"2,14","2,14"
OCNT-2311166,train,NYKSPKFMDXNRMC-UHFFFAOYSA-N,23,6,0,0,3,3,True,False,False,True,,"17,18,22","17,18,22"
OCNT-2311175,train,LOHPAHJRSDGXHU-UHFFFAOYSA-N,27,4,0,0,2,2,False,True,False,True,,"17,25","17,25"
OCNT-2311178,train,WGZOPFSVIJRJPN-UHFFFAOYSA-N,24,5,0,0,3,3,False,True,False,True,,"2,18,23","2,18,23"
OCNT-2311179,train,UQLMYDHDHBCGQO-UHFFFAOYSA-N,21,2,0,0,1,1,True,False,False,False,,12,12
OCNT-2311180,train,NHWOTDZJNFARDD-UHFFFAOYSA-N,24,4,0,0,1,1,False,False,False,True,,21,21
OCNT-2311182,train,MQODADLHDYLIFR-UHFFFAOYSA-N,23,4,0,0,2,2,False,False,False,True,,"3,20","3,20"
OCNT-2311185,train,NQTJKWCRDRARBG-UHFFFAOYSA-N,26,2,0,0,0,0,False,False,False,True,,,
OCNT-2311187,train,FQQWSTJGVMFWSP-UHFFFAOYSA-N,24,1,0,0,0,1,True,False,True,True,,,12
OCNT-2311191,train,BNTUHNWQHCYPFO-UHFFFAOYSA-N,22,5,0,0,2,2,False,True,False,False,,"2,3","2,3"
OCNT-2311194,train,RQKGJAOIPIKCLP-UHFFFAOYSA-N,22,2,1,1,1,1,False,False,True,False,19,19,19
OCNT-2311197,train,ACQMOAXGUYLRQS-UHFFFAOYSA-N,21,2,0,0,0,0,False,False,False,True,,,
OCNT-2311199,train,VQPVFNBACWOGSB-UHFFFAOYSA-N,29,5,0,0,1,1,False,False,False,True,,3,3
OCNT-2311200,train,NVPSOSIRMJDRPU-UHFFFAOYSA-N,23,3,0,0,1,1,False,False,False,True,,11,11
OCNT-2311202,train,CUCVKSLIXCMJHH-UHFFFAOYSA-N,28,4,0,0,0,0,False,True,True,False,,,
OCNT-2311203,train,NTNKUGFNNVBGRM-VQIMIIECSA-N,29,3,0,0,0,0,True,True,True,False,,,
OCNT-2311204,train,KUKLJYHYHRVBNX-UHFFFAOYSA-N,22,4,0,0,1,1,True,True,False,False,,12,12
OCNT-2311205,train,BFTMZHRFZOKECM-UHFFFAOYSA-N,25,4,0,0,3,3,True,False,False,False,,"3,4,23","3,4,23"
OCNT-2311206,train,UFZXKFNSSITYNQ-UHFFFAOYSA-N,24,2,1,1,1,1,True,True,True,False,21,21,21
OCNT-2311212,train,KSBUCCHQYZBHTG-MWLCHTKSSA-N,22,2,0,0,0,0,True,False,True,False,,,
OCNT-2311213,train,GSEZMVIVFOHBFE-UHFFFAOYSA-N,28,5,0,0,2,2,False,True,False,False,,"15,16","15,16"
OCNT-2311215,train,PGDGGNROTWTVHN-UHFFFAOYSA-N,29,3,0,0,1,1,False,True,False,True,,15,15
OCNT-2311219,train,FUPCGDHQCWFYSS-UHFFFAOYSA-N,24,7,0,0,3,3,True,False,False,False,,"6,21,23","6,21,23"
OCNT-2311220,train,MTSCISVHRPZMMM-UHFFFAOYSA-N,27,4,0,0,1,1,False,False,False,True,,18,18
OCNT-2311222,train,IBRBGFVBBRADCR-UHFFFAOYSA-N,24,3,0,0,1,1,True,False,False,False,,22,22
OCNT-2311225,train,VAZPOTJURGQWAP-STQMWFEESA-N,25,4,0,0,2,2,True,False,True,False,,"19,22","19,22"
OCNT-2311229,train,BKXPEYYJHOGSFC-UHFFFAOYSA-N,24,4,0,0,2,2,False,True,True,False,,"13,21","13,21"
OCNT-2311231,train,XLDINVXKZGIJLA-CQSZACIVSA-N,25,3,1,1,2,2,False,False,True,False,13,"13,16","13,16"
OCNT-2311233,train,NSDDWAIHNOPGEI-UHFFFAOYSA-N,21,2,0,0,0,0,False,False,True,False,,,
OCNT-2311234,train,LUCAZFYKFNDYHT-VQTJNVASSA-N,33,5,0,0,2,3,False,True,False,False,,"7,24","7,24,29"
OCNT-2311235,train,HMOWRWBMMAKHDZ-UHFFFAOYSA-N,24,6,0,0,3,3,True,False,False,True,,"10,13,17","10,13,17"
OCNT-2311239,train,JEFUHKYPAJUNPN-UHFFFAOYSA-N,27,3,0,0,1,1,False,False,False,True,,24,24
OCNT-2311240,train,QKXALNDLTVLRJT-UHFFFAOYSA-N,25,4,0,0,1,1,False,False,True,False,,11,11
OCNT-2311245,train,NHQVYFODFDGUFT-UHFFFAOYSA-N,22,2,1,1,1,2,False,False,True,False,8,8,"8,12"
OCNT-2311249,train,GRLMZPMGZKDDMQ-UHFFFAOYSA-N,31,6,0,0,3,3,False,False,False,True,,"22,23,24","22,23,24"
OCNT-2311250,train,FKLVANXVSRESQJ-NWDGAFQWSA-N,22,4,0,0,2,2,True,True,False,True,,"12,21","12,21"
OCNT-2311251,train,ZAYCVZAREVWGRL-UHFFFAOYSA-N,22,4,0,0,3,3,False,False,True,False,,"6,8,19","6,8,19"
OCNT-2311252,train,DSVJMDQCVNLLFH-UHFFFAOYSA-N,27,6,1,1,5,5,True,True,False,True,10,"10,15,18,21,23","10,15,18,21,23"
OCNT-2311253,train,KVYQCPDIBVJAEF-UHFFFAOYSA-N,26,4,0,0,1,1,False,False,True,False,,21,21
OCNT-2311255,train,VPILAGKTLOBGDE-UHFFFAOYSA-N,23,3,0,0,1,1,False,True,False,True,,17,17
OCNT-2311256,train,XWTZBEREGRBWIX-UHFFFAOYSA-N,24,2,1,1,1,1,False,False,True,False,10,10,10
OCNT-2311259,train,JFGIKQWZIKRTIL-UHFFFAOYSA-N,25,2,0,0,0,0,False,False,False,True,,,
OCNT-2311260,train,IEFOCOJHMPXMDM-UHFFFAOYSA-N,31,3,1,1,1,1,False,False,True,False,14,14,14
OCNT-2311263,train,LZAPOHZTKRQZKM-UHFFFAOYSA-N,27,6,0,0,2,2,False,False,True,True,,"4,26","4,26"
OCNT-2311264,train,KYWIQEYVDXUQTE-UHFFFAOYSA-N,28,6,0,0,3,3,True,False,False,False,,"4,21,25","4,21,25"
OCNT-2311268,train,OXTMQPBKXFDRNL-UHFFFAOYSA-N,30,5,0,0,2,2,False,False,False,True,,"3,11","3,11"
OCNT-2311278,train,HKLMCWDFYPHFRO-UHFFFAOYSA-N,23,5,0,0,2,2,True,False,False,False,,"3,14","3,14"
OCNT-2311279,train,NSRZZYJURUMVCD-UHFFFAOYSA-N,25,5,0,0,3,3,True,False,False,False,,"9,18,21","9,18,21"
OCNT-2311281,train,VEHGBXKOEQBBJK-UHFFFAOYSA-N,26,5,0,0,2,2,False,True,False,False,,"13,22","13,22"
OCNT-2311282,train,DJXRUJZJOVQHLY-UHFFFAOYSA-N,25,3,0,0,2,2,False,True,False,False,,"22,24","22,24"
OCNT-2311283,train,DYJBFCKHWTULLQ-UHFFFAOYSA-N,25,5,1,1,4,4,False,False,True,False,19,"4,6,8,19","4,6,8,19"
OCNT-2311287,train,BYAMCPKNCANMIS-UHFFFAOYSA-N,21,6,0,0,3,3,True,False,False,False,,"13,16,18","13,16,18"
OCNT-2311289,train,WVCJVIQCQHDHBX-UHFFFAOYSA-N,24,1,0,0,0,1,False,False,False,True,,,12
OCNT-2311291,train,RQDDMLORJHULQP-UHFFFAOYSA-N,24,2,0,0,0,0,False,False,False,True,,,
OCNT-2311293,train,SSOJFUYLKIYITA-UONOGXRCSA-N,25,6,0,0,3,3,False,False,False,True,,"14,16,20","14,16,20"
OCNT-2311294,train,SWUBLAYQXQUNCO-UHFFFAOYSA-N,24,5,0,0,0,0,False,False,False,True,,,
OCNT-2311299,train,NRKCFJNOZMZLSJ-UHFFFAOYSA-N,21,2,0,0,0,0,False,True,False,False,,,
OCNT-2311302,train,KRQHOVHGPUNHJN-UHFFFAOYSA-N,23,3,1,1,1,1,False,False,True,False,13,13,13
OCNT-2311303,train,NMNKFVCNPVCIOY-OCCSQVGLSA-N,24,5,0,0,3,3,False,False,False,True,,"2,17,23","2,17,23"
OCNT-2311306,train,OWMZITVSKMTHRA-UHFFFAOYSA-N,25,4,0,0,1,1,False,False,False,True,,23,23
OCNT-2311309,train,IRELANSYNNWRMV-UHFFFAOYSA-N,25,3,0,0,1,1,True,False,False,True,,17,17
OCNT-2311310,train,RSHZCZPRHAIFAF-UHFFFAOYSA-N,24,4,0,0,1,1,False,False,False,True,,21,21
OCNT-2311311,train,JSEDCBYKKMTEPF-UHFFFAOYSA-N,23,5,0,0,3,3,False,False,True,False,,"5,8,20","5,8,20"
OCNT-2311312,train,SFUHDXBOFVLCBO-UHFFFAOYSA-N,22,1,0,0,0,0,False,True,True,False,,,
OCNT-2311313,train,XRYPVMNOHMBCKQ-UHFFFAOYSA-N,25,3,0,0,1,1,True,False,False,False,,23,23
OCNT-2311316,train,BKJONGMYVDDYHZ-UHFFFAOYSA-N,25,4,0,0,1,1,False,False,False,True,,15,15
OCNT-2311317,train,OIWLPLPFFSGLSU-UHFFFAOYSA-N,25,7,0,0,4,4,False,False,True,False,,"6,15,23,24","6,15,23,24"
OCNT-2311320,train,LCCOAQYOJSHIPJ-UHFFFAOYSA-N,24,3,0,0,1,1,False,True,False,True,,7,7
OCNT-2311325,train,YCAOWEJDCXTHHC-UHFFFAOYSA-N,23,5,0,0,3,3,False,True,False,False,,"18,21,22","18,21,22"
OCNT-2311328,train,WCXXKBXIMXJSNI-UHFFFAOYSA-N,26,4,0,0,3,3,False,False,True,True,,"4,18,25","4,18,25"
OCNT-2311331,train,CDQDNPHFGYWSOR-UHFFFAOYSA-N,22,2,0,0,1,1,True,False,False,False,,14,14
OCNT-2311335,train,HXTSDZBKYGGGDC-UHFFFAOYSA-N,22,4,0,0,2,2,False,True,False,False,,"13,19","13,19"
OCNT-2311336,train,LQKJYHIZCLRVAA-UHFFFAOYSA-N,25,6,0,0,3,3,True,True,True,False,,"11,13,21","11,13,21"
OCNT-2311337,train,OCXOMPOAICENRT-UHFFFAOYSA-N,25,3,1,1,1,2,False,False,False,True,15,15,"15,21"
OCNT-2311338,train,VFYQKMRHQYQUKQ-UHFFFAOYSA-N,22,3,0,0,1,1,True,False,False,False,,16,16
OCNT-2311340,train,QVLONCRSZCBUNW-UHFFFAOYSA-N,29,4,1,1,1,1,True,False,True,False,10,10,10
OCNT-2311343,train,SASVNHDDQBDFCM-UHFFFAOYSA-N,26,3,0,0,2,2,False,True,False,False,,"4,13","4,13"
OCNT-2311344,train,DWNPCXRBSBGYDP-UHFFFAOYSA-N,22,2,1,1,1,1,False,False,True,False,11,11,11
OCNT-2311351,train,DPRJAAMTGOYYQR-UHFFFAOYSA-N,22,1,1,1,1,2,False,False,True,False,2,2,"2,6"
OCNT-2311357,train,UEFZCHIJYQFTCX-UHFFFAOYSA-N,26,2,0,0,1,2,True,False,True,False,,4,"2,4"
OCNT-2311370,train,IFDGZZUSIYMRQQ-UHFFFAOYSA-N,28,3,0,0,1,1,True,False,False,False,,24,24
OCNT-2311372,train,OCVVVZLHRSJBLY-UHFFFAOYSA-N,23,3,1,1,2,2,True,False,False,False,11,"3,11","3,11"
OCNT-2311376,train,FQCDMDCBFOOLSS-UHFFFAOYSA-N,23,3,0,0,0,0,True,True,False,True,,,
OCNT-2311379,train,BQTTZOPVMFZWGY-UHFFFAOYSA-N,22,4,0,0,1,1,False,False,False,True,,2,2
OCNT-2311380,train,RTPCLKZZONHISP-XJKSGUPXSA-N,21,3,0,0,1,1,False,False,True,False,,4,4
OCNT-2311381,train,ZBDLKQFUQFURQT-UHFFFAOYSA-N,22,4,0,0,2,2,False,False,False,True,,"15,21","15,21"
OCNT-2311382,train,MQAYVQAUUCNHDF-UHFFFAOYSA-N,28,4,0,0,0,0,False,False,False,True,,,
OCNT-2311387,train,QNTHWRNJSZFTQQ-UHFFFAOYSA-N,24,5,0,0,3,3,True,False,False,False,,"14,17,19","14,17,19"
OCNT-2311391,train,OMZILNLGLOPTFB-UHFFFAOYSA-N,28,2,0,0,0,0,False,False,True,False,,,
OCNT-2311392,train,HUQRTTFIRBGPNM-UHFFFAOYSA-N,22,7,0,0,4,4,False,False,False,True,,"4,9,19,20","4,9,19,20"
OCNT-2311393,train,YLSWGQHOTLFTSG-UHFFFAOYSA-N,24,5,0,0,3,4,False,True,False,False,,"2,15,23","2,5,15,23"
OCNT-2311397,train,DGGJWQMXQGSRJK-UHFFFAOYSA-N,26,6,0,0,2,2,False,False,True,False,,"16,17","16,17"
OCNT-2311399,train,YIBRVQNCOSVETL-UHFFFAOYSA-N,24,2,0,0,1,1,True,False,False,False,,18,18
OCNT-2311402,train,OGIYBCQWFOZLPG-UHFFFAOYSA-N,24,3,0,0,0,0,False,False,False,True,,,
OCNT-2311403,train,CPOPRSAGMUGGIW-UHFFFAOYSA-N,24,3,0,0,1,1,True,False,False,True,,9,9
OCNT-2311405,train,CSGSWUKYYRUGCP-UHFFFAOYSA-N,22,2,1,1,1,2,False,False,True,False,3,3,"3,6"
OCNT-2311413,train,JSDLMHDVEMVGNS-UHFFFAOYSA-N,22,3,1,1,3,3,True,True,False,False,2,"2,8,18","2,8,18"
OCNT-2311414,train,QMRKEPSYABBZAV-UHFFFAOYSA-N,25,6,0,0,4,4,False,False,True,False,,"8,11,12,13","8,11,12,13"
OCNT-2311419,train,SEQXZNXWFZKRGC-UHFFFAOYSA-N,34,3,0,0,1,1,False,False,False,True,,15,15
OCNT-2311427,train,AGJMLSFEVNTSJB-UHFFFAOYSA-N,21,3,0,0,2,2,True,False,False,False,,"19,20","19,20"
OCNT-2311435,train,JBCWPQUYQNSOPO-UHFFFAOYSA-N,25,2,0,0,1,1,False,False,False,True,,17,17
OCNT-2311436,train,JKYOEAFNWSQZLA-UHFFFAOYSA-N,23,2,0,0,0,0,False,True,False,False,,,
OCNT-2311437,train,JHVLKXIDWMPJMT-UHFFFAOYSA-N,33,3,0,0,0,0,False,True,False,True,,,
OCNT-2311438,train,FLLMSOQAWLVNEM-UHFFFAOYSA-N,25,5,1,1,3,3,False,False,True,False,17,"7,8,17","7,8,17"
OCNT-2311440,train,QHMBPCYPIMUTEB-UHFFFAOYSA-N,32,6,0,0,3,3,False,False,True,False,,"2,27,28","2,27,28"
OCNT-2311447,train,SUMPTRVIGHNMEZ-UHFFFAOYSA-N,21,3,0,0,2,2,False,False,False,True,,"15,18","15,18"
OCNT-2311450,train,DBUJZAYXHSBDLC-UHFFFAOYSA-N,23,4,1,1,2,3,False,False,True,False,14,"14,22","12,14,22"
OCNT-2311453,train,FVWJNTSKIAGKNF-UHFFFAOYSA-N,23,4,0,0,2,2,True,False,False,False,,"21,22","21,22"
OCNT-2311457,train,VIYIOFKENPGWTN-UHFFFAOYSA-N,24,2,0,0,0,0,False,False,False,True,,,
OCNT-2311461,train,YCCGHCCVGFNCRD-UHFFFAOYSA-N,23,4,0,0,1,1,False,False,False,True,,12,12
OCNT-2311462,train,LDOUATMQCNACHQ-UHFFFAOYSA-N,25,5,0,0,4,4,False,True,False,False,,"9,10,23,24","9,10,23,24"
OCNT-2311473,train,HENYWYASSIFTSN-UHFFFAOYSA-N,23,5,0,0,3,3,True,False,True,False,,"9,12,22","9,12,22"
OCNT-2311474,train,KVGFXFUOPKKBHC-UHFFFAOYSA-N,22,3,0,0,1,1,False,False,False,True,,16,16
OCNT-2311478,train,PCHBMUPAPYYNLT-UHFFFAOYSA-N,23,5,0,0,2,2,False,True,False,False,,"10,22","10,22"
OCNT-2311479,train,HHRFLCPEBVMXQA-QWHCGFSZSA-N,21,2,1,1,1,1,False,False,True,False,14,14,14
OCNT-2311487,train,OSHMXVGKRHQANF-LBPRGKRZSA-N,23,3,0,0,2,2,True,False,False,False,,"21,22","21,22"
OCNT-2311488,train,YTOVCLCPEUYUAO-UHFFFAOYSA-N,22,2,1,1,1,2,False,False,False,True,8,8,"8,13"
OCNT-2311489,train,FMHQXHWZSQJKAP-UHFFFAOYSA-N,23,5,0,0,2,2,False,False,False,True,,"20,21","20,21"
OCNT-2311490,train,URSGKFSCFISALV-UHFFFAOYSA-N,24,2,0,0,0,1,False,False,False,True,,,17
OCNT-2311493,train,VDXDSSNLLKXVIZ-UHFFFAOYSA-N,27,4,0,0,2,2,True,False,False,False,,"2,25","2,25"
OCNT-2311498,train,DAMIWXAGOOFFCB-UHFFFAOYSA-N,22,3,0,0,1,1,False,False,False,True,,21,21
OCNT-2311500,train,CUFZSGFNRGYWQU-UHFFFAOYSA-N,27,6,0,0,2,2,False,True,False,True,,"17,18","17,18"
OCNT-2311501,train,ZMBBRLFHKWABNB-UHFFFAOYSA-N,22,2,0,0,1,1,False,False,False,True,,3,3
OCNT-2311502,train,USTVQUDPYAFFTG-UHFFFAOYSA-N,24,4,0,0,0,0,False,False,False,True,,,
OCNT-2311507,train,KNHOKGYXVGIUBR-UHFFFAOYSA-N,21,3,0,0,1,2,False,False,False,True,,20,"13,20"
OCNT-2311508,train,IEBDYAPJNYNOJG-UHFFFAOYSA-N,23,2,0,0,0,0,True,False,False,False,,,
OCNT-2311511,train,WJXCZJUCYBAJOZ-CQSZACIVSA-N,23,3,0,0,1,1,False,True,False,False,,10,10
OCNT-2311515,train,JNCBIXAIBFODBA-UHFFFAOYSA-N,28,2,0,0,0,0,False,False,True,False,,,
OCNT-2311516,train,YAGSGOANEUXIEK-UHFFFAOYSA-N,25,3,0,0,1,2,False,False,False,True,,18,"7,18"
OCNT-2311517,train,PVKXXXJWSIHBNV-UHFFFAOYSA-N,22,3,0,0,1,1,False,True,False,True,,2,2
OCNT-2311523,train,XCGNAQXHWPVDTP-UHFFFAOYSA-N,22,3,0,0,2,2,False,False,True,False,,"6,11","6,11"
OCNT-2311525,train,KUYTWPZELIENHA-UHFFFAOYSA-N,23,4,1,1,2,2,False,False,True,False,7,"7,20","7,20"
OCNT-2311532,train,WNVZWNWYYUTQII-ZDUSSCGKSA-N,22,2,0,0,1,2,True,False,True,False,,18,"2,18"
OCNT-2311533,train,AHIHYZQZQAYOEI-DRXWIORDSA-N,24,2,0,0,0,1,False,False,False,True,,,6
OCNT-2311534,train,FFLCNUCKIWWFFL-IBGZPJMESA-N,26,5,0,0,3,3,False,False,False,True,,"19,20,21","19,20,21"
OCNT-2311537,train,CUPDMDQECDQQIW-ZWKOTPCHSA-N,26,2,0,0,0,0,False,False,False,True,,,
OCNT-2311540,train,MIGWKHIQDUYWTC-UHFFFAOYSA-N,21,3,0,0,1,1,False,False,False,True,,2,2
OCNT-2311542,train,KWIFZAZOFYUVCZ-UHFFFAOYSA-N,25,2,0,0,0,0,True,False,False,False,,,
OCNT-2311547,train,BHEAZNHFSNJYDJ-UHFFFAOYSA-N,23,5,0,0,4,4,True,False,False,False,,"6,12,19,20","6,12,19,20"
OCNT-2311552,train,VTQXUFDARAXXEL-UHFFFAOYSA-N,25,5,0,0,3,3,True,False,True,True,,"8,22,23","8,22,23"
OCNT-2311554,train,UAVCJCBNMRVBKI-UHFFFAOYSA-N,23,5,0,0,1,2,True,True,True,False,,13,"3,13"
OCNT-2311556,train,CKDAYZQHZOJZGJ-UHFFFAOYSA-N,23,4,0,0,1,2,False,False,False,True,,22,"17,22"
OCNT-2311559,train,HNNQRKVHGGLWAB-UHFFFAOYSA-N,26,3,0,0,1,1,True,False,True,False,,21,21
OCNT-2311562,train,YMMIAKHPBKEYBZ-UHFFFAOYSA-N,23,3,0,0,1,2,True,False,False,False,,4,"4,18"
OCNT-2311565,train,KWIOICCUMYONAQ-UHFFFAOYSA-N,29,4,0,0,2,2,False,True,False,False,,"19,20","19,20"
OCNT-2311567,train,MWCPZQWNSSVFNC-UHFFFAOYSA-N,23,3,0,0,1,1,True,False,False,False,,13,13
OCNT-2311569,train,HSZAONGFDFUHGD-UHFFFAOYSA-N,24,3,0,0,0,0,False,False,False,True,,,
OCNT-2311571,train,LCUCUXXVWLELNJ-UHFFFAOYSA-N,24,6,0,0,3,4,False,False,False,True,,"18,22,23","4,18,22,23"
OCNT-2311573,train,AVWOIDVOWIXTBD-UHFFFAOYSA-N,22,4,0,0,2,2,True,False,True,True,,"17,21","17,21"
OCNT-2311574,train,IXIWLXFULLNPDO-UHFFFAOYSA-N,23,3,0,0,1,1,True,False,False,False,,16,16
OCNT-2311582,train,ZEPYVNPXMMPJQB-UHFFFAOYSA-N,23,4,0,0,2,2,True,True,True,False,,"4,20","4,20"
OCNT-2311588,train,ATLZEXPCGWQKDL-UHFFFAOYSA-N,23,4,0,0,1,1,True,False,False,False,,14,14
OCNT-2311590,train,KQWKVPYBDZZQRY-UHFFFAOYSA-N,25,3,2,2,2,2,False,False,True,False,"2,19","2,19","2,19"
OCNT-2311592,train,DIYLEQWUQDMBDH-UHFFFAOYSA-N,24,4,0,0,2,2,True,False,False,False,,"17,19","17,19"
OCNT-2311596,train,XLCKGMINJOIRBQ-UHFFFAOYSA-N,32,5,0,0,2,2,False,True,True,True,,"6,13","6,13"
OCNT-2311598,train,ZQQOSDFDVQCXRI-UHFFFAOYSA-N,33,3,0,0,0,0,False,True,False,False,,,
OCNT-2311600,train,LECNWKBRWUMOOE-UHFFFAOYSA-N,22,5,0,0,3,3,False,False,True,True,,"14,17,20","14,17,20"
OCNT-2311602,train,AIDXPYZJTIDUSC-UHFFFAOYSA-N,26,4,0,0,3,3,True,True,False,False,,"2,3,18","2,3,18"
OCNT-2311604,train,GKRCFAAHQZDGMF-UHFFFAOYSA-N,26,6,1,1,4,4,False,False,True,False,7,"3,7,22,23","3,7,22,23"
OCNT-2311606,train,JISJHJWHBGLITM-UHFFFAOYSA-N,23,2,1,1,1,1,False,False,True,False,12,12,12
OCNT-2311610,train,HOLMFESKTOTMDZ-UHFFFAOYSA-N,24,3,1,1,2,2,True,False,True,False,15,"5,15","5,15"
OCNT-2311615,train,OGPHYGJCVHSATM-UHFFFAOYSA-N,24,2,0,0,0,0,False,True,False,True,,,
OCNT-2311616,train,QTGQLLCXQYGJAC-UHFFFAOYSA-N,25,5,0,0,1,1,False,True,False,False,,13,13
OCNT-2311617,train,GRLLACXBVXPSJS-UHFFFAOYSA-N,24,5,1,1,3,4,False,False,True,False,1,"1,11,13","1,11,13,23"
OCNT-2311619,train,YYKMRMTYTUHGAM-UHFFFAOYSA-N,21,4,1,1,2,2,False,False,False,True,5,"5,8","5,8"
OCNT-2311620,train,GKIZKNATVXCLLF-UHFFFAOYSA-N,21,1,0,0,0,1,False,False,False,True,,,14
OCNT-2311621,train,VHKOXEATTOABCX-UHFFFAOYSA-N,28,4,0,0,2,2,False,False,True,False,,"6,19","6,19"
OCNT-2311623,train,ARILZESNWCDILA-UHFFFAOYSA-N,27,1,0,0,0,1,False,False,True,False,,,23
OCNT-2311624,train,FHLMPSUVVSVTAJ-UHFFFAOYSA-N,24,3,0,0,1,1,False,False,True,False,,23,23
OCNT-2311626,train,JBQGWNQLFCYYOB-UHFFFAOYSA-N,22,3,1,1,2,2,False,False,True,False,9,"4,9","4,9"
OCNT-2311627,train,BZSQFVKPLZFAMM-UHFFFAOYSA-N,32,4,0,0,1,1,False,True,False,False,,21,21
OCNT-2311629,train,YOAAWJYXHLOKQP-UHFFFAOYSA-N,23,3,0,0,2,2,True,False,False,False,,"20,21","20,21"
OCNT-2311630,train,TVVHIDPDFJESIK-UHFFFAOYSA-N,25,2,0,0,1,1,True,True,False,True,,3,3
OCNT-2311633,train,UISGDJBBIGTBNN-UHFFFAOYSA-N,28,4,1,1,2,2,False,True,False,False,5,"5,20","5,20"
OCNT-2311634,train,DRUFNDFUCMLREO-UHFFFAOYSA-N,22,4,1,1,2,2,False,False,True,False,1,"1,19","1,19"
OCNT-2311635,train,XMWNJVUBIFPEBV-UHFFFAOYSA-N,25,3,0,0,1,1,False,False,False,True,,22,22
OCNT-2311636,train,QUGHBKJKLUPSCI-UHFFFAOYSA-N,34,7,1,1,6,6,False,False,True,False,11,"11,16,19,21,22,23","11,16,19,21,22,23"
OCNT-2311637,train,AIZGQFSORPYZAE-UHFFFAOYSA-N,31,2,0,0,1,1,False,False,True,True,,14,14
OCNT-2311638,train,DUDNRIVARGBEHO-UHFFFAOYSA-N,28,6,0,0,3,3,False,False,True,False,,"11,19,20","11,19,20"
OCNT-2311644,train,IAAZBECRDFSGAC-UHFFFAOYSA-N,22,4,1,1,4,4,True,False,False,False,12,"7,8,12,19","7,8,12,19"
OCNT-2311651,train,QQTARCVTVSIJRX-UHFFFAOYSA-N,22,8,0,0,4,4,True,False,False,False,,"2,8,10,21","2,8,10,21"
OCNT-2311652,train,HUDMLWIUQXOJMV-UHFFFAOYSA-N,24,4,0,0,2,2,True,False,True,False,,"17,23","17,23"
OCNT-2311653,train,FVLPTKXJYBDXJB-UHFFFAOYSA-N,25,2,0,0,1,1,True,False,True,False,,23,23
OCNT-2311655,train,FLRYEXYQVHVJHQ-UHFFFAOYSA-N,25,5,0,0,2,2,False,True,True,False,,"13,20","13,20"
OCNT-2311656,train,PZZAZPHQEDPVKI-UHFFFAOYSA-N,29,4,0,0,1,1,False,False,False,True,,2,2
OCNT-2311661,train,XEKMKJZNWPOJIH-UHFFFAOYSA-N,24,2,0,0,1,1,True,False,True,False,,13,13
OCNT-2311662,train,NNQWXKPJDCMYDO-UHFFFAOYSA-N,33,2,0,0,0,0,False,True,True,False,,,
OCNT-2311663,train,VKBIJQGEAADTJM-UHFFFAOYSA-N,23,1,0,0,0,0,False,True,False,False,,,
OCNT-2311664,train,YDNMVMFHJDBZIM-UHFFFAOYSA-N,24,4,0,0,1,1,False,False,False,True,,23,23
OCNT-2311665,train,JCDNVUCIHNFYER-UHFFFAOYSA-N,30,5,0,0,0,0,False,False,False,True,,,
OCNT-2311669,train,GQZZKRNBYZPRCE-UHFFFAOYSA-N,27,6,0,0,3,3,True,True,False,False,,"12,21,22","12,21,22"
OCNT-2311674,train,ASHCCSWFPCMODT-UHFFFAOYSA-N,24,6,0,0,3,3,True,False,False,False,,"2,8,17","2,8,17"
OCNT-2311676,train,XTHYOHCNADPCDX-UHFFFAOYSA-N,24,5,0,0,2,2,True,False,True,False,,"11,18","11,18"
OCNT-2311678,train,JKFWTYVZVQGNQO-UHFFFAOYSA-N,32,4,0,0,2,2,False,True,False,False,,"20,28","20,28"
OCNT-2311680,train,UUDZBFIDKCNXTJ-UHFFFAOYSA-N,23,4,0,0,1,1,False,True,False,False,,17,17
OCNT-2311681,train,HLXPTOWPJDRPRH-UHFFFAOYSA-N,28,4,0,0,1,1,False,True,False,True,,7,7
OCNT-2311682,train,IDEIBHAYJROBBO-UHFFFAOYSA-N,27,3,0,0,1,1,False,True,False,False,,7,7
OCNT-2311683,train,LGFZDYDQAYBJAH-UHFFFAOYSA-N,25,1,1,1,1,2,False,False,True,False,9,9,"9,13"
OCNT-2311686,train,SMMRFJYFYSKXSJ-UHFFFAOYSA-N,24,4,1,1,2,2,True,True,False,False,21,"14,21","14,21"
OCNT-2311687,train,JTFSXVMWHXRSBA-UHFFFAOYSA-N,23,3,1,1,1,1,False,False,True,False,8,8,8
OCNT-2311688,train,JJJJVJUOKHUIHD-UHFFFAOYSA-N,21,5,0,0,2,2,True,False,False,True,,"12,20","12,20"
OCNT-2311689,train,FMIDPHAHVCLBIS-UHFFFAOYSA-N,28,2,0,0,1,1,True,False,False,False,,22,22
OCNT-2311697,train,CQJUDZMQLRQERA-UHFFFAOYSA-N,24,3,0,0,1,1,False,True,False,True,,19,19
OCNT-2311706,train,VTCDUPMGNVGRBQ-UHFFFAOYSA-N,23,3,0,0,1,1,True,False,False,False,,13,13
OCNT-2311707,train,UDCRBVYHXMGVBV-UHFFFAOYSA-N,26,4,0,0,1,1,True,False,False,False,,4,4
OCNT-2311708,train,JBAMDLSUEWXMMO-UHFFFAOYSA-N,25,4,0,0,1,1,False,True,False,False,,21,21
OCNT-2311709,train,MCLMRJSNYOWEOE-UHFFFAOYSA-N,22,2,0,0,1,1,True,False,False,False,,18,18
OCNT-2311711,train,YVZIEHNHDMNICX-UHFFFAOYSA-N,29,3,0,0,1,1,False,False,True,False,,4,4
OCNT-2311714,train,NIWGHJVYXHFVSV-UHFFFAOYSA-N,22,3,0,0,0,0,False,True,False,False,,,
OCNT-2311721,train,SWRIFYKPRHINJT-UHFFFAOYSA-N,29,3,0,0,1,1,False,True,False,True,,9,9
OCNT-2311722,train,ZRTBUGKOMPSPNV-UHFFFAOYSA-N,27,5,0,0,2,2,False,True,False,True,,"17,18","17,18"
OCNT-2311723,train,YTNJKWXYWVIMPG-SMDDNHRTSA-N,27,4,0,0,1,1,False,False,True,False,,19,19
OCNT-2311724,train,BDFIQPRMLMCODG-JWCMVYSZSA-N,24,6,0,0,3,4,False,True,False,False,,"10,17,19","10,14,17,19"
OCNT-2311726,train,QJLJHBIISBVJHW-UHFFFAOYSA-N,24,3,0,0,1,1,False,True,False,False,,10,10
OCNT-2311727,train,QPBXRIKKGPQSAW-UHFFFAOYSA-N,23,2,0,0,1,2,False,False,True,False,,15,"13,15"
OCNT-2311728,train,LQUSNRYERYWFOJ-UHFFFAOYSA-N,24,3,0,0,2,2,True,False,False,False,,"2,11","2,11"
OCNT-2311730,train,WRYOYRCEFJBZBH-UHFFFAOYSA-N,25,5,0,0,3,3,False,True,False,False,,"2,12,18","2,12,18"
OCNT-2311731,train,VWXNHHNSTRKTRD-YUZWYKEKSA-N,26,3,0,0,1,2,True,False,False,True,,10,"10,14"
OCNT-2311732,train,JFZABASWGGCCKV-UHFFFAOYSA-N,23,4,0,0,2,2,False,False,False,True,,"17,18","17,18"
OCNT-2311737,train,QSAMUNMEBYLCKD-UHFFFAOYSA-N,26,2,0,0,0,1,False,False,False,True,,,7
OCNT-2311745,train,NDYIXONJSDUIQJ-UHFFFAOYSA-N,24,4,1,1,3,4,True,False,True,False,2,"2,11,21","2,11,14,21"
OCNT-2311748,train,OLKFTJZESRFYGM-UHFFFAOYSA-N,25,6,0,0,3,3,True,False,True,False,,"12,15,24","12,15,24"
OCNT-2311751,train,IIVLHBGHMFXEAK-UHFFFAOYSA-N,24,5,1,1,3,3,True,True,True,True,21,"4,21,23","4,21,23"
OCNT-2311752,train,TXHFRSPUYJGUOC-UHFFFAOYSA-N,25,3,0,0,2,2,False,False,False,True,,"21,24","21,24"
OCNT-2311754,train,UTOXMBBBSYRSIE-UHFFFAOYSA-N,24,6,1,1,4,4,True,False,True,False,5,"5,14,16,23","5,14,16,23"
OCNT-2311756,train,XWNBURIQWGCTOZ-UHFFFAOYSA-N,26,3,0,0,1,1,False,True,False,True,,24,24
OCNT-2311758,train,FADJNMZHNKQROB-UHFFFAOYSA-N,23,6,0,0,4,4,False,False,False,True,,"4,17,18,22","4,17,18,22"
OCNT-2311760,train,VAMQGGBIMXSDHD-UHFFFAOYSA-N,24,3,1,1,1,1,False,False,True,False,16,16,16
OCNT-2311762,train,QNDPREYSNOCOOT-UHFFFAOYSA-N,25,6,0,0,3,3,False,False,False,True,,"13,21,23","13,21,23"
OCNT-2311765,train,ZQZSFKJELGBYHA-GWCFXTLKSA-N,22,3,0,0,1,2,False,False,True,False,,7,"7,12"
OCNT-2311766,train,PBXCTHXLVRZONA-UHFFFAOYSA-N,24,2,1,1,2,3,False,False,True,False,12,"12,23","10,12,23"
OCNT-2311769,train,PLTRVIGXBYDJLW-UHFFFAOYSA-N,24,6,1,1,4,5,False,False,True,False,19,"10,12,17,19","1,10,12,17,19"
OCNT-2311771,train,IHEPXAREJOJNRY-UHFFFAOYSA-N,22,5,0,0,2,2,False,False,False,True,,"5,19","5,19"
OCNT-2311773,train,XKRNHUNIZWAAMV-UHFFFAOYSA-N,33,9,0,0,4,4,False,False,False,True,,"9,11,15,31","9,11,15,31"
OCNT-2311777,train,AZPOXMVTZMIAGA-UHFFFAOYSA-N,30,4,0,0,1,1,False,True,True,False,,22,22
OCNT-2311779,train,ASHZCZJGKOMSDX-UHFFFAOYSA-N,23,3,0,0,1,1,True,False,False,False,,19,19
OCNT-2311780,train,QKHYTYJMUYSRFF-UHFFFAOYSA-N,27,5,0,0,2,2,False,True,False,False,,"19,25","19,25"
OCNT-2311781,train,GNDDQECXQRSALR-UHFFFAOYSA-N,21,5,0,0,3,3,False,False,False,True,,"7,12,19","7,12,19"
OCNT-2311782,train,HHHGHYGOJRNHLQ-UHFFFAOYSA-N,25,4,1,1,1,1,False,True,False,True,10,10,10
OCNT-2311783,train,VTTXKWNUEYBJHG-UHFFFAOYSA-N,25,4,0,0,2,2,True,False,False,False,,"15,23","15,23"
OCNT-2311786,train,CUQVIXOCIGZLNI-UHFFFAOYSA-N,23,3,0,0,1,1,False,False,False,True,,12,12
OCNT-2311787,train,OBNHVXTUARWNPW-UHFFFAOYSA-N,32,5,0,0,3,3,False,True,True,False,,"2,22,25","2,22,25"
OCNT-2311790,train,ZMADJKCDAFJXQB-UHFFFAOYSA-N,27,3,0,0,0,0,True,True,True,True,,,
OCNT-2311792,train,MIADJAWNWSIAHD-UHFFFAOYSA-N,22,3,0,0,1,1,False,False,False,True,,19,19
OCNT-2311794,train,CBEFARRBDATNTE-UHFFFAOYSA-N,27,4,0,0,2,2,True,False,False,False,,"2,9","2,9"
OCNT-2311797,train,OQWDBCXAINMZFS-UHFFFAOYSA-N,22,2,0,0,0,0,True,True,False,False,,,
OCNT-2311800,train,BIJKXSIAIACXNV-UHFFFAOYSA-N,23,3,1,1,2,2,False,True,True,True,12,"7,12","7,12"
OCNT-2311801,train,ZGKKTJUHLOHJDN-UHFFFAOYSA-N,29,3,0,0,1,1,True,False,True,False,,25,25
OCNT-2311802,train,QPTDLYRBQHYCLI-UHFFFAOYSA-N,22,4,0,0,3,3,False,False,True,False,,"2,5,7","2,5,7"
OCNT-2311803,train,QFPYRHOSMPRHMQ-IEBWSBKVSA-N,28,4,1,1,1,1,True,False,False,True,9,9,9
OCNT-2311804,train,WFPYPYMTLQPEFP-UHFFFAOYSA-N,21,6,1,1,4,4,False,False,True,False,14,"2,7,14,20","2,7,14,20"
OCNT-2311805,train,ZUCYBEULVWTNIR-UHFFFAOYSA-N,28,2,0,0,1,2,False,False,True,False,,18,"9,18"
OCNT-2311806,train,YYJSEZIUTAVANJ-UHFFFAOYSA-N,23,3,0,0,0,0,False,False,False,True,,,
OCNT-2311807,train,FQNJZDBFAVDMES-UHFFFAOYSA-N,26,5,0,0,2,2,True,True,False,False,,"3,24","3,24"
OCNT-2311808,train,FVFLRSYMSIUFPX-UHFFFAOYSA-N,34,5,0,0,2,2,True,False,True,False,,"17,22","17,22"
OCNT-2311815,train,UAIHEGUYIALJPU-UHFFFAOYSA-N,28,3,0,0,3,3,True,False,False,False,,"8,13,19","8,13,19"
OCNT-2311816,train,PNNQRGFPPUHDGK-UHFFFAOYSA-N,25,4,1,1,2,2,False,False,True,False,20,"7,20","7,20"
OCNT-2311817,train,ADEBKNPZUBITBS-UHFFFAOYSA-N,29,2,0,0,0,0,False,True,False,False,,,
OCNT-2311818,train,BDXZIUPCZHDUKE-UHFFFAOYSA-N,25,3,0,0,1,1,False,False,False,True,,8,8
OCNT-2311819,train,CDJZECPEHULQQM-UHFFFAOYSA-N,31,2,0,0,0,0,False,False,False,True,,,
OCNT-2311821,train,LVSAKEJGXFJLJG-UHFFFAOYSA-N,26,2,0,0,0,1,False,True,False,False,,,14
OCNT-2311822,train,BLNYUGFNMDBUFY-UHFFFAOYSA-N,27,3,1,1,1,2,False,True,True,False,1,1,"1,18"
OCNT-2311823,train,BXVZTCGLMPJMGU-RIJFORKLSA-N,27,5,0,0,1,2,False,False,False,True,,16,"16,20"
OCNT-2311826,train,MYJTXSQZAPTVCC-UHFFFAOYSA-N,27,4,0,0,1,1,False,False,False,True,,13,13
OCNT-2311829,train,ZMMHEFMEZJBPCK-XIKOKIGWSA-N,26,4,1,1,2,3,False,False,False,True,24,"16,24","7,16,24"
OCNT-2311830,train,GNTSXTHXPJNZFL-UHFFFAOYSA-N,23,4,0,0,2,3,True,True,False,False,,"19,20","6,19,20"
OCNT-2311831,train,HOSNJLMMVKABFA-UHFFFAOYSA-N,26,3,2,2,2,2,False,False,True,False,"13,16","13,16","13,16"
OCNT-2311832,train,XIRREYNNJBHXEG-UHFFFAOYSA-N,32,4,0,0,1,1,False,False,False,True,,30,30
OCNT-2311834,train,DGUHWPMRKMJECE-UHFFFAOYSA-N,26,2,0,0,0,1,False,True,False,True,,,11
OCNT-2311835,train,ADMZMNOHLCCOFV-UHFFFAOYSA-N,26,3,0,0,1,1,False,False,True,False,,21,21
OCNT-2311839,train,GSZWDSMTOYIIMS-UHFFFAOYSA-N,30,8,0,0,5,5,True,False,False,False,,"10,11,19,22,27","10,11,19,22,27"
OCNT-2311840,train,PWJXIYCMKSEYTR-UHFFFAOYSA-N,26,4,0,0,1,1,False,False,True,False,,23,23
OCNT-2311844,train,XKDBOKUXZQQYCO-BZNIZROVSA-N,25,2,1,1,1,2,False,False,True,False,23,23,"7,23"
OCNT-2311846,train,JTSNGDOVWZSFLB-MLGOLLRUSA-N,25,4,0,0,1,2,False,False,False,True,,13,"13,24"
OCNT-2311849,train,AMHJGAIKKMPEAN-UHFFFAOYSA-N,32,6,0,0,2,2,False,True,False,False,,"2,15","2,15"
OCNT-2311855,train,QEGXZVYYVBUXIG-UHFFFAOYSA-N,25,2,0,0,1,1,True,False,False,False,,7,7
OCNT-2311856,train,AZAQOBMLKLOLHT-UHFFFAOYSA-N,25,4,1,1,1,1,False,False,True,False,5,5,5
OCNT-2311862,train,AOBRDNBXUPBCHC-UHFFFAOYSA-N,26,4,0,0,2,2,False,False,False,True,,"2,25","2,25"
OCNT-2311864,train,NUJZSEZNBAAEBL-UHFFFAOYSA-N,25,3,0,0,0,0,False,False,True,True,,,
OCNT-2311870,train,OJSIVYVRAASXGQ-OAHLLOKOSA-N,27,1,0,0,0,0,True,False,True,False,,,
OCNT-2311871,train,ZNXBZOMGIIFVSP-BRWVUGGUSA-N,24,2,1,1,1,3,False,False,True,False,11,11,"11,14,16"
OCNT-2311873,train,JWNIZPXCAXQRIU-UHFFFAOYSA-N,24,5,0,0,4,4,True,False,False,False,,"10,12,19,23","10,12,19,23"
OCNT-2311875,train,KWBLDJMJGBSZST-UHFFFAOYSA-N,23,3,1,1,1,1,False,True,True,False,22,22,22
OCNT-2311886,train,WQIMXLYTESNREJ-UHFFFAOYSA-N,26,5,0,0,1,1,False,False,False,True,,2,2
OCNT-2311887,train,GHIFDJGPEUVFQM-UHFFFAOYSA-N,29,4,0,0,1,1,False,False,False,True,,2,2
OCNT-2311888,train,SEOUHFJIGNNOGV-UHFFFAOYSA-N,24,1,0,0,0,2,False,False,False,True,,,"2,15"
OCNT-2311889,train,RBVFRCIGZGGBTF-UHFFFAOYSA-N,24,4,0,0,2,2,True,True,False,False,,"11,12","11,12"
OCNT-2311890,train,OMISETSBIRJDGV-UHFFFAOYSA-N,22,2,0,0,1,2,False,False,True,True,,5,"5,21"
OCNT-2311892,train,NAOJMNUZHUNOKN-UHFFFAOYSA-N,21,4,0,0,3,3,True,False,False,False,,"11,12,18","11,12,18"
OCNT-2311897,train,NSBQHSGIUPTPOI-UHFFFAOYSA-N,24,1,0,0,1,1,True,False,False,False,,4,4
OCNT-2311899,train,CTYKHSITTROELE-UHFFFAOYSA-N,26,4,0,0,2,2,False,False,True,False,,"14,25","14,25"
OCNT-2311901,train,CAVHMRSMXQUFPI-UHFFFAOYSA-N,24,4,0,0,1,1,True,False,True,False,,23,23
OCNT-2311902,train,SUSOBADQCIKQKR-SJLPKXTDSA-N,27,4,0,0,1,2,False,True,False,True,,21,"21,26"
OCNT-2311905,train,GCVLLZZKLLGWGD-UHFFFAOYSA-N,24,5,1,1,4,4,True,False,True,False,21,"9,10,17,21","9,10,17,21"
OCNT-2311907,train,SRSBGXOXMZZOHE-UHFFFAOYSA-N,22,5,1,1,2,2,True,False,True,False,5,"5,16","5,16"
OCNT-2311908,train,LVWKFZKZBVNNLM-UHFFFAOYSA-N,23,2,0,0,1,1,True,False,True,False,,15,15
OCNT-2311909,train,VDVJUEFMOAEWCR-UHFFFAOYSA-N,23,4,1,1,3,3,False,False,True,False,5,"5,17,22","5,17,22"
OCNT-2311912,train,SOPQJUICSFKZMO-UHFFFAOYSA-N,21,3,0,0,0,0,False,False,True,False,,,
OCNT-2311913,train,POPXPEOGVMVBKD-UHFFFAOYSA-N,26,1,0,0,0,0,True,False,True,False,,,
OCNT-2311914,train,PWQYFBLPMRQMCG-UHFFFAOYSA-N,30,3,0,0,0,0,False,False,True,False,,,
OCNT-2311915,train,JKCABBUJFHYLDA-UHFFFAOYSA-N,28,5,0,0,2,2,False,False,False,True,,"14,15","14,15"
OCNT-2311916,train,WYWNLPSNCOQRHL-UHFFFAOYSA-N,26,2,0,0,0,0,True,False,False,False,,,
OCNT-2311918,train,LLUZHZALVKLRDA-UHFFFAOYSA-N,23,3,0,0,0,0,False,False,True,True,,,
OCNT-2311920,train,ZIDGMVYYEWLEMM-UHFFFAOYSA-N,23,4,0,0,1,1,False,False,False,True,,5,5
OCNT-2311921,train,RITAWZJOUAIRMU-UHFFFAOYSA-N,24,3,0,0,1,1,False,True,False,False,,22,22
OCNT-2311925,train,PXXWYWBIXVGLGJ-PKOBYXMFSA-N,28,3,0,0,1,1,False,False,False,True,,7,7
OCNT-2311929,train,NULHLQCVVKOCNB-UHFFFAOYSA-N,25,2,0,0,1,1,False,False,True,False,,21,21
OCNT-2311931,train,ZYDQDUUDTQHKQC-UHFFFAOYSA-N,24,3,1,1,1,1,False,False,True,False,21,21,21
OCNT-2311934,train,IFPCQLFPEPZBKC-UHFFFAOYSA-N,24,3,0,0,0,1,False,False,False,True,,,14
OCNT-2311935,train,ZAJBAXYKTFWDPK-UHFFFAOYSA-N,25,7,0,0,4,4,True,False,False,False,,"2,15,21,23","2,15,21,23"
OCNT-2311937,train,JERSGWYTALKMNY-HNNXBMFYSA-N,26,2,0,0,1,1,False,False,True,False,,10,10
OCNT-2311938,train,QFDABLMMCQJNQW-GJZGRUSLSA-N,24,2,0,0,0,1,False,False,False,True,,,14
OCNT-2311948,train,HTGAXCLQAYTCRX-UHFFFAOYSA-N,23,5,0,0,2,2,True,False,False,False,,"19,20","19,20"
OCNT-2311950,train,VFCWORZQBTUFDP-UHFFFAOYSA-N,28,5,0,0,3,3,False,True,False,False,,"13,21,27","13,21,27"
OCNT-2311955,train,SEHQLVDSHQYOOZ-UHFFFAOYSA-N,27,8,0,0,4,4,False,True,False,True,,"4,20,23,24","4,20,23,24"
OCNT-2311956,train,QMPNSZFQZAWABV-UHFFFAOYSA-N,28,4,0,0,1,1,True,False,True,False,,4,4
OCNT-2311958,train,PPUVYNGUJWWJQC-UHFFFAOYSA-N,24,5,0,0,2,2,False,False,False,True,,"7,21","7,21"
OCNT-2311961,train,QUZPEWLBLPJDGR-UHFFFAOYSA-N,28,5,1,1,2,2,False,False,False,True,21,"14,21","14,21"
OCNT-2311962,train,SIFZUHAWIFVZQI-HIDCPEKUSA-N,24,3,0,0,1,2,False,False,True,False,,10,"10,14"
OCNT-2311967,train,ANOMTFSENDHDFG-FQEVSTJZSA-N,25,1,0,0,1,2,True,False,True,False,,14,"0,14"
OCNT-2311971,train,GLFWAGLXPAJCLJ-UHFFFAOYSA-N,22,2,0,0,1,1,True,False,True,False,,18,18
OCNT-2311975,train,XKCNZKKZCLFYSV-UHFFFAOYSA-N,24,1,0,0,1,2,True,False,True,False,,14,"1,14"
OCNT-2311976,train,IZGGXJPZTVMGGP-UHFFFAOYSA-N,26,2,0,0,1,2,False,True,False,True,,17,"13,17"
OCNT-2311984,train,SLHPOKMDXGIIDD-UHFFFAOYSA-N,24,5,1,1,2,2,True,False,False,True,18,"18,21","18,21"
OCNT-2311985,train,NJERGYGFXSOKSW-UHFFFAOYSA-N,22,4,0,0,3,3,True,False,False,True,,"17,19,20","17,19,20"
OCNT-2311986,train,QNTJQQPXGXEEKN-UHFFFAOYSA-N,27,5,1,1,3,3,False,False,True,False,20,"15,20,24","15,20,24"
OCNT-2311990,train,IBMBSHORGDQWHX-UHFFFAOYSA-N,33,4,0,0,1,1,False,True,True,False,,13,13
OCNT-2311993,train,OXSVLALMOLJRPR-UHFFFAOYSA-N,27,4,0,0,1,1,False,False,False,True,,17,17
OCNT-2311994,train,HITZGPNTSNPGJR-UHFFFAOYSA-N,25,5,0,0,3,3,False,False,True,False,,"2,5,17","2,5,17"
OCNT-2311995,train,XVUWSCRVSXIVDO-UHFFFAOYSA-N,24,4,0,0,1,1,False,True,False,True,,21,21
OCNT-2311997,train,PLLPKUFSZTVBTH-SFIRGFGWSA-N,22,2,1,1,1,1,False,True,False,False,8,8,8
OCNT-2311998,train,DEGIHGBFUSEICZ-UHFFFAOYSA-N,22,1,0,0,0,0,True,False,True,False,,,
OCNT-2312000,train,FRTQFAFJPFTPEO-UHFFFAOYSA-N,22,2,0,0,1,1,False,True,True,True,,4,4
OCNT-2312002,train,YWJGDHOBKFWUFM-UHFFFAOYSA-N,21,1,0,0,0,0,False,False,False,True,,,
OCNT-2312004,train,PGALJWIUWGHPQM-UHFFFAOYSA-N,24,2,1,1,1,1,True,False,False,False,11,11,11
OCNT-2312008,train,GNWGHPLDAIGWMQ-UHFFFAOYSA-N,24,1,0,0,0,0,False,False,True,False,,,
OCNT-2312009,train,NHVKUEVIUUHHDF-UHFFFAOYSA-N,21,5,0,0,3,3,True,False,False,True,,"16,17,18","16,17,18"
OCNT-2312011,train,MLIDDXHEZKBXRM-UHFFFAOYSA-N,22,5,0,0,3,3,True,False,False,False,,"9,16,20","9,16,20"
OCNT-2312012,train,YYBPALDQBRXPRB-NRFANRHFSA-N,28,2,0,0,0,0,False,True,False,False,,,
OCNT-2312014,train,HIGSPZJWUVXGQC-UHFFFAOYSA-N,23,4,0,0,2,2,False,False,True,False,,"16,22","16,22"
OCNT-2312015,train,HFWRDWJSXCWTSK-UHFFFAOYSA-N,24,3,2,2,2,2,False,False,True,False,"11,14","11,14","11,14"
OCNT-2312016,train,CXMFJZYJIIGCDT-UHFFFAOYSA-N,27,4,1,1,3,3,False,False,True,False,17,"10,14,17","10,14,17"
OCNT-2312020,train,DPQLVVYCRUDESV-UHFFFAOYSA-N,24,4,1,1,2,2,False,False,True,False,13,"13,20","13,20"
OCNT-2312021,train,JTTJXGVCRPXGGE-UHFFFAOYSA-N,24,5,0,0,3,3,True,False,True,False,,"17,22,23","17,22,23"
OCNT-2312024,train,RMIAEQXEHITXMI-UHFFFAOYSA-N,26,2,0,0,0,0,False,False,True,False,,,
OCNT-2312027,train,OWDWRNXWWTYROW-UHFFFAOYSA-N,28,5,1,1,2,2,True,False,False,True,19,"19,25","19,25"
OCNT-2312029,train,MNGPPOORODVCRP-UHFFFAOYSA-N,29,2,0,0,1,2,False,False,False,True,,22,"10,22"
OCNT-2312033,train,ZSOHLKDAXCTETM-MEBBXXQBSA-N,24,4,0,0,1,2,True,True,False,False,,3,"3,22"
OCNT-2312038,train,YOHOCEKUXWUVIH-UHFFFAOYSA-N,23,3,0,0,1,1,False,False,True,False,,6,6
OCNT-2312041,train,HFJBOFQTRHHVPS-NSCUHMNNSA-N,25,6,0,0,3,3,True,False,False,False,,"11,19,24","11,19,24"
OCNT-2312044,train,BNYASPDIDIDBIM-UHFFFAOYSA-N,22,4,1,1,2,2,True,False,True,False,15,"15,21","15,21"
OCNT-2312045,train,IZEPWUIYWPIMML-UHFFFAOYSA-N,22,3,0,0,1,1,False,False,False,True,,11,11
OCNT-2312046,train,BBAYQVDJCUEEMH-UHFFFAOYSA-N,26,2,0,0,0,0,False,True,False,True,,,
OCNT-2312047,train,CBXRZDCFILMYNK-UHFFFAOYSA-N,23,5,0,0,4,4,True,False,False,False,,"13,19,20,21","13,19,20,21"
OCNT-2312048,train,OXIIDUQEKTVIBN-UHFFFAOYSA-N,26,4,0,0,2,3,False,True,False,False,,"5,16","5,8,16"
OCNT-2312049,train,GWGWZENYQVPJAY-UHFFFAOYSA-N,24,6,0,0,4,4,False,False,True,False,,"3,15,16,23","3,15,16,23"
OCNT-2312053,train,ONVOISIYJMNJNS-UHFFFAOYSA-N,24,5,0,0,3,3,False,False,False,True,,"14,17,20","14,17,20"
OCNT-2312054,train,VEYJDSWKYLSFFU-UHFFFAOYSA-N,28,2,0,0,0,0,False,True,False,False,,,
OCNT-2312058,train,VLNPWBBHSZOKSV-UHFFFAOYSA-N,22,3,0,0,2,2,True,False,False,False,,"18,19","18,19"
OCNT-2312061,train,JFEDTPZIUHESQC-UHFFFAOYSA-N,26,5,0,0,3,3,False,True,False,False,,"2,15,25","2,15,25"
OCNT-2312062,train,CBBHOEICYJMTHN-UHFFFAOYSA-N,28,4,0,0,2,3,False,False,True,False,,"4,7","4,7,19"
OCNT-2312063,train,ACLZYKQVCOTFGN-UHFFFAOYSA-N,33,6,0,0,3,3,False,True,True,False,,"3,21,23","3,21,23"
OCNT-2312066,train,VKUDADNKGDMBGO-UHFFFAOYSA-N,26,2,0,0,0,0,True,False,False,False,,,
OCNT-2312068,train,ZFJMWESNQLDTPA-UHFFFAOYSA-N,26,2,1,1,1,1,False,True,True,False,12,12,12
OCNT-2312069,train,LMIAIOODQVMDQA-WJYNOGRTSA-N,23,4,0,0,2,3,False,False,True,False,,"9,14","0,9,14"
OCNT-2312071,train,YUBNRZSJAPGEPP-NEPJUHHUSA-N,23,4,0,0,2,2,True,False,False,False,,"13,15","13,15"
OCNT-2312074,train,JBYHKBDJPAJRIB-UHFFFAOYSA-N,26,3,0,0,1,1,True,False,False,False,,9,9
OCNT-2312078,train,OYOZASXGHJLQNN-UHFFFAOYSA-N,21,2,0,0,1,1,True,False,False,False,,9,9
OCNT-2312083,train,GJZXIYRUQJJTIE-UHFFFAOYSA-N,22,5,0,0,3,3,True,True,False,True,,"18,19,21","18,19,21"
OCNT-2312085,train,MHFIAOUOUHXAKN-YPMHNXCESA-N,21,3,0,0,2,2,True,False,False,False,,"19,20","19,20"
OCNT-2312087,train,BWCBYKLWOXAABP-UHFFFAOYSA-N,23,4,0,0,2,2,False,False,False,True,,"21,22","21,22"
OCNT-2312089,train,BVAHASJMMFXKPQ-UHFFFAOYSA-N,26,5,1,1,4,4,True,False,True,False,11,"11,12,13,14","11,12,13,14"
OCNT-2312094,train,JZBYRXBBUUBFHA-UHFFFAOYSA-N,26,3,0,0,2,2,False,False,True,False,,"8,23","8,23"
OCNT-2312095,train,IKLPBQRTEKOCPY-UHFFFAOYSA-N,24,4,0,0,2,2,False,False,True,False,,"9,10","9,10"
OCNT-2312096,train,XFSGSMMSLFZPTO-UHFFFAOYSA-N,32,9,0,0,5,5,True,False,False,False,,"3,10,15,16,30","3,10,15,16,30"
OCNT-2312098,train,MMGSKMJCIHSPDP-UHFFFAOYSA-N,27,3,0,0,2,4,False,False,True,False,,"6,8","1,6,8,14"
OCNT-2312099,train,OMKZCNRQFBDLCX-UHFFFAOYSA-N,21,5,0,0,3,3,False,True,False,False,,"12,13,14","12,13,14"
OCNT-2312101,train,XBMYLHUDSFUXCM-UHFFFAOYSA-N,23,5,0,0,2,2,True,False,False,False,,"19,22","19,22"
OCNT-2312102,train,KHDREOIJWQNFMC-UHFFFAOYSA-N,34,6,1,1,4,4,False,False,True,False,9,"9,17,29,31","9,17,29,31"
OCNT-2312103,train,ZXXMWZBQFMKETN-UHFFFAOYSA-N,21,5,1,1,2,2,True,False,True,False,5,"5,19","5,19"
OCNT-2312104,train,ZCWNGZGUCNIROI-UHFFFAOYSA-N,28,4,1,1,2,2,True,False,True,False,23,"11,23","11,23"
OCNT-2312106,train,ZGYOGTJSHWIDCM-UHFFFAOYSA-N,22,5,0,0,3,3,True,False,False,True,,"3,14,17","3,14,17"
OCNT-2312107,train,UHEMPWQRYZEJBV-UHFFFAOYSA-N,21,6,0,0,4,4,False,False,False,True,,"9,14,16,17","9,14,16,17"
OCNT-2312108,train,HHIHXISXZRVHTG-UHFFFAOYSA-N,26,4,0,0,1,1,False,False,True,False,,10,10
OCNT-2312110,train,GLYULJLNVDDVQU-JTQLQIEISA-N,24,6,1,1,5,5,False,False,True,False,17,"6,17,18,19,20","6,17,18,19,20"
OCNT-2312113,train,FCVXGURMAPSXMN-UHFFFAOYSA-N,21,4,1,1,2,2,True,False,True,False,16,"7,16","7,16"
OCNT-2312118,train,OIJNGNQKPRJCLT-UHFFFAOYSA-N,28,4,1,1,2,2,False,False,True,True,18,"7,18","7,18"
OCNT-2312122,train,GLZRKOCNRVFUPI-UHFFFAOYSA-N,23,4,0,0,3,3,True,True,False,False,,"13,21,22","13,21,22"
OCNT-2312131,train,FEXGVGFWUVZIGF-UHFFFAOYSA-N,21,5,0,0,3,3,True,False,False,False,,"10,11,20","10,11,20"
OCNT-2312136,train,QLLOUHZUDAXNSL-UHFFFAOYSA-N,22,3,1,1,3,3,True,False,True,False,3,"3,7,19","3,7,19"
OCNT-2312140,train,YIBXSPOOLBWSFH-UHFFFAOYSA-N,22,4,1,1,3,3,True,False,True,False,13,"13,16,17","13,16,17"
OCNT-2312144,train,SRRCIKPDRUJIPG-UHFFFAOYSA-N,27,4,0,0,1,1,True,True,False,False,,26,26
OCNT-2312145,train,ICKRQBWOWOXQPE-UHFFFAOYSA-N,23,2,0,0,1,1,True,False,False,True,,18,18
OCNT-2312148,train,XHXKXOXLVFVKSG-UHFFFAOYSA-N,26,4,1,1,2,2,False,False,True,True,16,"10,16","10,16"
OCNT-2312150,train,BSZDMDOEKJWWEI-UHFFFAOYSA-N,26,4,1,1,4,4,False,False,True,False,18,"5,9,18,20","5,9,18,20"
OCNT-2312154,train,DRPDPFQNTVPDKP-UHFFFAOYSA-N,30,5,0,0,2,2,True,False,False,False,,"18,23","18,23"
OCNT-2312156,train,BJPQOWBRTLGZDQ-UHFFFAOYSA-N,21,3,0,0,1,1,True,True,True,True,,4,4
OCNT-2312161,train,YPJWXDAJVYLBMX-UHFFFAOYSA-N,26,4,0,0,2,2,True,True,False,True,,"9,11","9,11"
OCNT-2312162,train,VGDYEJHSCSQLGY-LBPRGKRZSA-N,23,3,0,0,2,2,False,True,False,False,,"9,11","9,11"
OCNT-2312165,train,SANLPAJBKIZOLT-UHFFFAOYSA-N,21,5,1,1,4,5,False,False,True,False,7,"7,14,16,17","2,7,14,16,17"
OCNT-2312168,train,AZSGZAVZIAYUNH-UHFFFAOYSA-N,34,3,0,0,0,0,False,True,False,True,,,
OCNT-2312173,train,MQUVAJORNAXLCS-UHFFFAOYSA-N,24,3,0,0,2,2,False,False,False,True,,"22,23","22,23"
OCNT-2312174,train,FHXQJRRZXMUVDC-UHFFFAOYSA-N,25,5,0,0,2,2,True,False,False,False,,"11,20","11,20"
OCNT-2312180,train,KPUNRFHFCVXLKX-UHFFFAOYSA-N,29,2,0,0,0,0,False,False,True,False,,,
OCNT-2312189,train,OQOYJJXISGSEFD-UHFFFAOYSA-N,26,8,0,0,4,4,True,False,False,False,,"7,8,15,19","7,8,15,19"
OCNT-2312191,train,DTRJYZPQRWDBRE-UHFFFAOYSA-N,25,5,0,0,3,3,True,False,False,False,,"4,9,23","4,9,23"
OCNT-2312197,train,SADXXGGPSUJOJL-UHFFFAOYSA-N,22,4,0,0,2,2,True,False,False,False,,"6,10","6,10"
OCNT-2312204,train,YCLBQJAVZIWBNG-UHFFFAOYSA-N,24,2,1,1,1,1,False,False,True,False,19,19,19
OCNT-2312206,train,DAQOUNMIHPXDNM-UHFFFAOYSA-N,27,8,0,0,4,4,False,False,True,False,,"2,8,10,23","2,8,10,23"
OCNT-2312208,train,QBZCECCUXJLFMB-UHFFFAOYSA-N,22,6,0,0,4,4,True,False,True,False,,"4,15,20,21","4,15,20,21"
OCNT-2312209,train,ZVTQUKGFXAZXSS-UHFFFAOYSA-N,21,2,0,0,0,0,True,False,True,False,,,
OCNT-2312210,train,BGTVWPCPJFXQHA-UHFFFAOYSA-N,27,2,0,0,1,1,True,True,False,False,,19,19
OCNT-2312211,train,DZLQAAUQKDGKMH-UHFFFAOYSA-N,22,2,0,0,2,2,True,False,False,False,,"11,20","11,20"
OCNT-2312217,train,XMRWHOPYDYFQQH-UHFFFAOYSA-N,26,4,0,0,3,3,True,False,False,False,,"4,17,22","4,17,22"
OCNT-2312218,train,QDPDBQWXUHIQLC-NSHDSACASA-N,21,5,0,0,3,3,False,False,False,True,,"17,18,20","17,18,20"
OCNT-2312222,train,ADNYRZXSYMJZJC-UHFFFAOYSA-N,22,4,0,0,3,3,True,False,False,False,,"5,6,9","5,6,9"
OCNT-2312226,train,NQZHFXMFNWKCGL-UHFFFAOYSA-N,24,5,0,0,3,3,True,False,True,False,,"5,6,13","5,6,13"
OCNT-2312227,train,CZISMGSEGKDFSI-UHFFFAOYSA-N,28,4,0,0,1,1,False,False,False,True,,10,10
OCNT-2312229,train,BFFLYJVBUUSJEC-UHFFFAOYSA-N,27,3,0,0,0,0,False,False,True,False,,,
OCNT-2312230,train,IRJJLOPMNPQRER-UHFFFAOYSA-N,25,4,0,0,2,2,False,True,False,False,,"5,11","5,11"
OCNT-2312233,train,HPWBEIBPKVCQNQ-UHFFFAOYSA-N,22,4,0,0,2,2,True,True,False,True,,"8,9","8,9"
OCNT-2312235,train,WJAINYMZPUPJIO-UHFFFAOYSA-N,27,5,0,0,2,2,False,True,False,False,,"15,17","15,17"
OCNT-2312236,train,HZOXTNPTMYUKEV-UHFFFAOYSA-N,29,2,0,0,1,1,False,False,False,True,,24,24
OCNT-2312237,train,IUZOTEMRJLJHNN-UHFFFAOYSA-N,26,6,0,0,3,3,False,True,False,True,,"18,23,25","18,23,25"
OCNT-2312239,train,YSQUPUKGTQOCAI-UHFFFAOYSA-N,23,1,0,0,0,0,False,False,False,True,,,
OCNT-2312240,train,YSBBUWFKVVEYNU-UHFFFAOYSA-N,29,2,1,1,2,3,False,False,True,False,12,"12,28","0,12,28"
OCNT-2312244,train,ZQHDRBXURDBHNF-UHFFFAOYSA-N,24,4,0,0,2,2,True,True,False,False,,"4,5","4,5"
OCNT-2312247,train,GWWMJKIZAGVCFO-UHFFFAOYSA-N,24,4,0,0,2,2,False,False,True,False,,"5,6","5,6"
OCNT-2312252,train,ZASRUAYAKMHXRL-MRXNPFEDSA-N,23,3,0,0,2,4,False,False,False,True,,"21,22","2,14,21,22"
OCNT-2312258,train,GTFXEPGXKWPROT-WKILWMFISA-N,26,1,0,0,0,0,False,False,True,False,,,
OCNT-2312267,train,RHHCTZYJHCOOJF-UHFFFAOYSA-N,24,4,1,1,3,3,False,False,False,True,12,"4,12,23","4,12,23"
OCNT-2312272,train,ZFONBGVUTOBBAZ-UHFFFAOYSA-N,25,7,0,0,3,3,False,False,True,False,,"2,18,23","2,18,23"
OCNT-2312277,train,RJEFLQVTYYVNSJ-UHFFFAOYSA-N,26,4,0,0,1,1,True,False,False,False,,3,3
OCNT-2312278,train,GCNJHYVEVFPMBC-UHFFFAOYSA-N,21,4,0,0,2,2,True,False,False,False,,"5,20","5,20"
OCNT-2312280,train,PJEMYXKINDARDB-UHFFFAOYSA-N,26,2,0,0,0,0,False,True,True,True,,,
OCNT-2312281,train,UXGGWMVMFAKQMF-UHFFFAOYSA-N,23,4,0,0,2,2,False,False,True,False,,"12,16","12,16"
OCNT-2312285,train,DRXAZLUTUQIDMF-UHFFFAOYSA-N,23,5,0,0,4,4,True,False,True,False,,"4,5,19,21","4,5,19,21"
OCNT-2312286,train,AWUYZAOTVGYXGW-UHFFFAOYSA-N,21,4,1,1,3,3,False,False,True,False,13,"13,17,18","13,17,18"
OCNT-2312288,train,LWVXLFNOBPUVIX-UHFFFAOYSA-N,24,5,0,0,3,3,True,False,False,True,,"11,20,21","11,20,21"
OCNT-2312291,train,NWWABCYEQJPVRR-UHFFFAOYSA-N,25,4,0,0,2,2,False,True,False,False,,"3,22","3,22"
OCNT-2312293,train,VHVDSVFDMWNWAU-RKQQLJTISA-N,25,4,0,0,2,3,True,True,True,True,,"6,9","6,9,16"
OCNT-2312299,train,AVUNNPCYKCMBQE-UHFFFAOYSA-N,26,3,0,0,1,1,True,False,False,False,,2,2
OCNT-2312301,train,FKEFBKBJXDQHJO-UHFFFAOYSA-N,23,4,0,0,2,3,False,False,False,True,,"2,22","2,14,22"
OCNT-2312302,train,CFCCZVAEGMJLIC-UHFFFAOYSA-N,36,6,0,0,2,2,False,True,True,False,,"7,26","7,26"
OCNT-2312303,train,PQPGOORJZHZVIF-UHFFFAOYSA-N,24,2,0,0,0,0,True,True,True,True,,,
OCNT-2312305,train,SEGYCPXNPJUGDE-SUMDDJOVSA-N,25,2,0,0,1,1,False,True,False,True,,15,15
OCNT-2312308,train,GYNQRMHTTCULMF-UHFFFAOYSA-N,27,3,0,0,1,1,True,False,False,False,,24,24
OCNT-2312311,train,KVWNFDAYCLPQBD-UHFFFAOYSA-N,26,5,0,0,3,3,False,False,False,True,,"7,8,9","7,8,9"
OCNT-2312312,train,TYRIPLONOSVEED-UHFFFAOYSA-N,27,3,1,1,2,2,True,True,True,False,12,"12,25","12,25"
OCNT-2312315,train,XPRPQWQAJOLKMQ-UHFFFAOYSA-N,23,2,0,0,1,1,False,False,True,False,,21,21
OCNT-2312316,train,TURMNVAOZWJXSY-UHFFFAOYSA-N,25,5,0,0,2,3,True,False,False,False,,"6,20","6,16,20"
OCNT-2312317,train,ICSDQXGOLJHMSK-UHFFFAOYSA-N,24,5,0,0,2,2,True,False,False,True,,"5,22","5,22"
OCNT-2312322,train,SFBJQTXZKXTYKE-UHFFFAOYSA-N,29,4,0,0,1,1,False,True,False,True,,15,15
OCNT-2312329,train,HXSYXMPZUGVDMN-VRFXOJNMSA-N,22,5,0,0,2,3,False,True,False,False,,"16,21","16,19,21"
OCNT-2312331,train,ALLZQQAZODLCLY-UHFFFAOYSA-N,22,2,0,0,1,1,False,True,False,True,,16,16
OCNT-2312333,train,PXPKYKXGURFWCP-RBUKOAKNSA-N,24,3,0,0,1,1,True,False,False,False,,23,23
OCNT-2312337,train,GVBCUNXEFPNCSV-UHFFFAOYSA-N,24,3,0,0,1,1,True,True,True,True,,20,20
OCNT-2312338,train,RAJNREHOKVVGSQ-UHFFFAOYSA-N,25,3,1,1,1,1,True,True,True,True,21,21,21
OCNT-2312342,train,BKGANTPWEMJJDM-UHFFFAOYSA-N,23,3,0,0,2,2,True,False,False,False,,"14,21","14,21"
OCNT-2312348,train,POQXUFMEUYGOGU-UHFFFAOYSA-N,26,4,0,0,2,2,False,False,False,True,,"16,18","16,18"
OCNT-2312351,train,IDXOTOSTBGIMFM-LLVKDONJSA-N,21,2,1,1,1,1,False,False,True,False,1,1,1
OCNT-2312352,train,RXVUZHPPZZQGHY-UHFFFAOYSA-N,26,2,0,0,1,1,True,False,False,False,,25,25
OCNT-2312354,train,CVNMWIJKIQYYRH-UHFFFAOYSA-N,24,3,0,0,1,1,True,False,False,False,,2,2
OCNT-2312355,train,PQLGQQRMNIRBRY-UHFFFAOYSA-N,21,5,1,1,3,3,True,False,True,False,13,"2,13,20","2,13,20"
OCNT-2312358,train,WCXGBOSREZEJPV-UHFFFAOYSA-N,28,3,0,0,1,3,True,False,True,False,,3,"3,12,18"
OCNT-2312363,train,LMUJWKIRCRWFKF-UHFFFAOYSA-N,23,4,0,0,2,2,True,False,False,False,,"7,15","7,15"
OCNT-2312364,train,COKSCQRRUSAFAO-VIFPVBQESA-N,24,5,0,0,3,4,True,False,True,False,,"5,11,14","0,5,11,14"
OCNT-2312367,train,UXXJEQVHPRDIRM-UHFFFAOYSA-N,23,4,0,0,1,1,False,False,False,True,,5,5
OCNT-2312368,train,LFMRMWJSYPUVLX-UHFFFAOYSA-N,26,4,0,0,3,3,False,False,True,True,,"15,18,24","15,18,24"
OCNT-2312372,train,VYUDILCFVIXVRW-UHFFFAOYSA-N,25,2,1,1,1,1,False,False,True,False,6,6,6
OCNT-2312373,train,ZUSNMOKJMOPBJW-UHFFFAOYSA-N,26,6,0,0,5,5,True,True,False,False,,"9,14,22,24,25","9,14,22,24,25"
OCNT-2312376,train,UIPHQHVWOXUIQY-UHFFFAOYSA-N,24,4,0,0,3,3,True,False,False,False,,"2,20,23","2,20,23"
OCNT-2312377,train,YEYICSFFWSYHNJ-ZWKOTPCHSA-N,26,4,0,0,2,2,False,True,False,False,,"14,22","14,22"
OCNT-2312382,train,VHIULUXMPVVLQW-UHFFFAOYSA-N,23,6,0,0,3,3,True,True,False,False,,"6,13,15","6,13,15"
OCNT-2312384,train,OKRBRVNWVBLXHP-UHFFFAOYSA-N,33,4,1,1,3,3,False,False,False,True,14,"14,17,28","14,17,28"
OCNT-2312385,train,KKWSFYUJRQXGAA-UHFFFAOYSA-N,27,2,0,0,0,1,False,False,True,False,,,5
OCNT-2312387,train,RDFSDZSZRPSGPR-JTQLQIEISA-N,21,3,1,1,2,2,True,False,False,False,12,"7,12","7,12"
OCNT-2312388,train,RBTRZVGPHMTOTA-UHFFFAOYSA-N,27,5,0,0,3,3,False,True,False,False,,"14,15,21","14,15,21"
OCNT-2312389,train,FFPBQUADYURRAR-UHFFFAOYSA-N,21,3,0,0,2,2,False,False,True,False,,"13,16","13,16"
OCNT-2312392,train,PQAMIQVSIIWVLA-UHFFFAOYSA-N,22,3,0,0,2,2,True,True,False,False,,"12,21","12,21"
OCNT-2312394,train,CKSVBHTZFBFHNF-UHFFFAOYSA-N,23,2,0,0,0,0,False,True,False,False,,,
OCNT-2312396,train,QXFWQQJWDGKBQF-UHFFFAOYSA-N,31,5,0,0,0,0,False,True,False,False,,,
OCNT-2312397,train,VSJSMQOWELEWOI-UHFFFAOYSA-N,23,3,0,0,3,3,False,True,False,False,,"6,19,22","6,19,22"
OCNT-2312400,train,VHWWQLJLNMECEF-UHFFFAOYSA-N,29,4,0,0,1,2,False,False,True,False,,12,"12,26"
OCNT-2312401,train,LGHAPUSKWVKWKR-UHFFFAOYSA-N,22,4,1,1,3,3,False,False,True,False,14,"7,14,19","7,14,19"
OCNT-2312402,train,YTAVGMVIPHSEQK-UHFFFAOYSA-N,26,5,0,0,2,2,False,False,False,True,,"13,20","13,20"
OCNT-2312403,train,JTEKONVTJVRTKQ-UHFFFAOYSA-N,29,4,1,1,2,2,False,True,False,False,6,"6,18","6,18"
OCNT-2312404,train,VCEHBIKBENMLHQ-UHFFFAOYSA-N,26,4,1,1,2,2,True,False,False,False,21,"8,21","8,21"
OCNT-2312407,train,YCGWTNODMPQGJL-UHFFFAOYSA-N,23,4,0,0,2,2,True,False,True,False,,"5,19","5,19"
OCNT-2312409,train,VYWJXVBPPYEDFS-YJBOKZPZSA-N,26,5,0,0,3,4,False,False,False,True,,"10,11,12","10,11,12,16"
OCNT-2312410,train,OVYSZRBLWFUGQV-UHFFFAOYSA-N,27,7,2,2,5,5,False,False,True,False,"1,4","1,4,15,17,18","1,4,15,17,18"
OCNT-2312411,train,OVFDQZMXACPCIQ-UHFFFAOYSA-N,22,3,0,0,1,2,False,False,True,False,,8,"8,21"
OCNT-2312414,train,OKBJEKUWPWBPLC-UHFFFAOYSA-N,21,5,0,0,2,2,True,False,False,False,,"4,5","4,5"
OCNT-2312415,train,BWKYZTKMPDTHDB-UHFFFAOYSA-N,23,5,0,0,3,3,False,True,True,False,,"11,12,13","11,12,13"
OCNT-2312417,train,BCHJMMPAAPFYBO-UHFFFAOYSA-N,21,4,0,0,3,3,True,True,False,False,,"4,10,20","4,10,20"
OCNT-2312418,train,PIKOQLVRUZGZGM-UHFFFAOYSA-N,24,4,0,0,2,2,True,True,False,True,,"15,17","15,17"
OCNT-2312420,train,SUCKANYAWOWYFK-UHFFFAOYSA-N,25,5,0,0,2,2,True,False,False,False,,"7,20","7,20"
OCNT-2312422,train,UNUXWZHOGXQRBK-UHFFFAOYSA-N,24,3,1,1,1,1,False,True,False,False,14,14,14
OCNT-2312427,train,SQHLPINPIWLLGX-UHFFFAOYSA-N,25,3,0,0,0,1,False,False,False,True,,,20
OCNT-2312429,train,LSBRUZPACMNGNR-UHFFFAOYSA-N,22,4,0,0,2,3,True,False,True,False,,"13,17","0,13,17"
OCNT-2312433,train,WRDMUKPMUYKYCW-UHFFFAOYSA-N,29,2,0,0,0,1,False,False,True,False,,,23
OCNT-2312434,train,ZWHJALIOCAVQTQ-UHFFFAOYSA-N,28,4,0,0,0,0,True,False,False,True,,,
OCNT-2312435,train,RPQPAZRCMDJERP-UHFFFAOYSA-N,30,5,0,0,1,1,False,False,False,True,,4,4
OCNT-2312437,train,MZKVXPBLHZQQSB-UHFFFAOYSA-N,27,3,0,0,1,1,False,True,False,True,,22,22
OCNT-2312441,train,AFKZBAIFJMEXMU-UHFFFAOYSA-N,24,1,0,0,0,1,False,True,False,True,,,20
OCNT-2312442,train,ZZOZVZSVDCFKRL-UHFFFAOYSA-N,27,4,0,0,2,2,False,False,True,False,,"6,17","6,17"
OCNT-2312443,train,RNYJQENSIQGTFO-UHFFFAOYSA-N,25,3,0,0,1,1,False,True,False,False,,23,23
OCNT-2312444,train,STBAEFIXFQZQMV-UHFFFAOYSA-N,31,5,0,0,2,2,False,False,False,True,,"19,20","19,20"
OCNT-2312445,train,NPTOPOGVOJXVQG-UHFFFAOYSA-N,26,3,0,0,1,1,True,False,False,True,,6,6
OCNT-2312448,train,STVALBWACBZWCA-RISCZKNCSA-N,22,3,1,1,2,3,False,False,True,False,4,"4,16","4,13,16"
OCNT-2312449,train,GQUUNRIMCUWCTR-UHFFFAOYSA-N,28,3,0,0,0,1,False,False,False,True,,,25
OCNT-2312454,train,QKIZSEXMADPSAN-UHFFFAOYSA-N,29,7,0,0,2,2,False,False,False,True,,"4,21","4,21"
OCNT-2312456,train,BNLQGZVZNCOJKF-UHFFFAOYSA-N,23,2,0,0,1,1,False,False,False,True,,18,18
OCNT-2312460,train,XOUYXBRQSYHANN-UHFFFAOYSA-N,24,3,0,0,1,1,False,False,False,True,,4,4
OCNT-2312462,train,ODXDLPBRDULOEP-UHFFFAOYSA-N,28,3,0,0,2,2,False,False,False,True,,"2,5","2,5"
OCNT-2312463,train,MLOCUOTWNGKJHZ-UHFFFAOYSA-N,24,6,0,0,3,3,False,False,True,False,,"4,9,13","4,9,13"
OCNT-2312465,train,JUDIGWCSUCRCTM-UHFFFAOYSA-N,23,2,0,0,0,0,False,True,True,True,,,
OCNT-2312466,train,UMRWWCHAYOAGNW-UHFFFAOYSA-N,31,5,0,0,0,0,False,False,False,True,,,
OCNT-2312472,train,BEJAMOAVVZLCPF-UHFFFAOYSA-N,25,3,0,0,1,1,False,False,True,False,,16,16
OCNT-2312476,train,RVAPFNVAEPBNAD-UHFFFAOYSA-N,24,5,0,0,2,2,True,False,True,False,,"19,20","19,20"
OCNT-2312478,train,HIFOPWASNBXHLT-UHFFFAOYSA-N,31,4,0,0,1,1,False,True,False,True,,2,2
OCNT-2312480,train,USKDSEPSXFSQII-UHFFFAOYSA-N,32,8,0,0,5,5,True,True,False,False,,"7,9,10,11,23","7,9,10,11,23"
OCNT-2312481,train,DHLKEMNTCSRWIT-UHFFFAOYSA-N,26,3,0,0,0,0,False,True,False,False,,,
OCNT-2312485,train,MMSHALYOJMLWFN-UHFFFAOYSA-N,29,4,0,0,1,1,True,False,True,False,,20,20
OCNT-2312486,train,DGSWVMHTWBEKTA-UHFFFAOYSA-N,30,2,0,0,0,0,False,True,False,True,,,
OCNT-2312493,train,LPKCTGUWFTZGHX-UHFFFAOYSA-N,22,1,0,0,1,1,True,False,False,False,,15,15
OCNT-2312495,train,URZCPZIXXWCLIY-UHFFFAOYSA-N,25,5,0,0,2,2,True,False,False,True,,"7,21","7,21"
OCNT-2312496,train,VPUGWHCGFRLACZ-UHFFFAOYSA-N,22,2,0,0,1,1,True,False,False,False,,7,7
OCNT-2312497,train,WIKQWJWFMKMIFL-UHFFFAOYSA-N,24,4,0,0,2,3,False,True,True,False,,"13,18","10,13,18"
OCNT-2312504,train,NLXSFVWGDYEQIS-UHFFFAOYSA-N,28,4,0,0,0,0,True,True,False,True,,,
OCNT-2312506,train,AWXBLKSFTZTHJW-UHFFFAOYSA-N,32,3,0,0,1,1,False,False,True,True,,27,27
OCNT-2312510,train,LRGZQHARSMWCIS-UHFFFAOYSA-N,33,6,0,0,3,3,False,False,True,False,,"22,27,30","22,27,30"
OCNT-2312511,train,PVQWMGIQWLAPQO-KGLIPLIRSA-N,25,5,0,0,3,3,False,False,False,True,,"2,3,4","2,3,4"
OCNT-2312517,train,XTVIKJOVFIRMPE-HNNXBMFYSA-N,23,3,1,1,2,2,True,True,False,False,9,"9,14","9,14"
OCNT-2312522,train,JOOUCWULASYDLT-UHFFFAOYSA-N,27,6,1,1,5,5,True,True,False,True,15,"10,15,20,23,26","10,15,20,23,26"
OCNT-2312525,train,SHNPLRZOYVZLCR-UHFFFAOYSA-N,24,5,0,0,5,5,True,False,False,False,,"6,10,16,20,23","6,10,16,20,23"
OCNT-2312526,train,GNGGXVQPYWBBCQ-UHFFFAOYSA-N,24,4,1,1,2,2,False,False,True,False,7,"7,16","7,16"
OCNT-2312527,train,IPPJOTIEWHFYCL-UHFFFAOYSA-N,25,4,0,0,2,2,False,True,False,False,,"10,12","10,12"
OCNT-2312529,train,JATPYNNKEHXXJE-GFCCVEGCSA-N,21,4,0,0,2,2,True,False,False,False,,"9,19","9,19"
OCNT-2312530,train,JGAKLUHQBWJHCU-UHFFFAOYSA-N,26,6,0,0,2,2,False,True,False,False,,"7,22","7,22"
OCNT-2312537,train,OFBSKHGQUHTUAK-UHFFFAOYSA-N,23,2,0,0,1,1,False,True,False,False,,20,20
OCNT-2312542,train,BCSIHPIDPVAFBW-UHFFFAOYSA-N,29,2,0,0,0,0,False,False,False,True,,,
OCNT-2312545,train,MLGXXJFHUPBCHN-NHYWBVRUSA-N,23,3,0,0,1,1,False,True,False,False,,14,14
OCNT-2312546,train,JNAFZITZTMHNDD-UHFFFAOYSA-N,28,2,0,0,0,1,True,False,True,False,,,24
OCNT-2312554,train,KUZJQXDTEWOIEK-UHFFFAOYSA-N,24,4,0,0,2,2,True,False,True,True,,"16,21","16,21"
OCNT-2312555,train,OMSMYTNZCVUALZ-UHFFFAOYSA-N,27,5,0,0,2,2,False,False,False,True,,"3,25","3,25"
OCNT-2312556,train,HUOPYHNGPCLFMW-UHFFFAOYSA-N,28,3,0,0,1,1,False,False,True,False,,6,6
OCNT-2312558,train,JMUPJYABPJKPMN-UHFFFAOYSA-N,23,4,0,0,1,2,False,False,False,True,,2,"2,4"
OCNT-2312559,train,OPMKTHYYYIXYPZ-LSDHHAIUSA-N,25,5,1,1,3,4,True,False,False,False,23,"13,20,23","0,13,20,23"
OCNT-2312563,train,GJNDXZDELDCPTQ-UHFFFAOYSA-N,28,3,0,0,1,1,False,False,False,True,,24,24
OCNT-2312567,train,IRHNGEVFACBSDS-UHFFFAOYSA-N,24,3,1,1,2,2,False,False,False,True,3,"3,23","3,23"
OCNT-2312575,train,KHVHJENYUHGFHJ-UHFFFAOYSA-N,25,2,0,0,0,0,False,False,True,False,,,
OCNT-2312581,train,DXIJNEODHVKRKU-UHFFFAOYSA-N,26,5,0,0,2,2,False,False,False,True,,"19,23","19,23"
OCNT-2312587,train,SCJLEZUXOSXFQF-UHFFFAOYSA-N,30,4,0,0,1,1,False,True,False,False,,27,27
OCNT-2312592,train,BTIVUGONCMEKNX-UHFFFAOYSA-N,27,6,0,0,3,3,True,True,False,False,,"8,17,25","8,17,25"
OCNT-2312594,train,UZNUUAMSRUJWQX-UHFFFAOYSA-N,26,4,0,0,2,2,True,True,True,False,,"6,14","6,14"
OCNT-2312595,train,JVSOGURKRNBPMA-UHFFFAOYSA-N,26,4,0,0,1,1,True,False,False,True,,15,15
OCNT-2312598,train,JIHIHEXTJMGGNN-UHFFFAOYSA-N,30,4,0,0,0,0,False,False,False,True,,,
OCNT-2312600,train,LGGPCNPPIONCGS-UHFFFAOYSA-N,24,3,0,0,2,2,True,False,False,False,,"2,12","2,12"
OCNT-2312601,train,YQUFLEHPYLRINP-UHFFFAOYSA-N,24,8,0,0,5,5,False,False,False,True,,"5,11,13,16,17","5,11,13,16,17"
OCNT-2312603,train,FFUMAHJRGUZSFD-UHFFFAOYSA-N,25,3,0,0,1,1,False,False,False,True,,19,19
OCNT-2312604,train,AMOYXGDFGWGGLF-UHFFFAOYSA-N,25,3,0,0,1,1,True,True,False,True,,21,21
OCNT-2312606,train,OPUUOMNWXYQDMA-UHFFFAOYSA-N,28,4,0,0,0,0,True,True,True,True,,,
OCNT-2312607,train,QIHYSNAOCJNIRD-UHFFFAOYSA-N,24,3,0,0,1,1,True,False,True,False,,12,12
OCNT-2312608,train,DBDCGPKJFAXMNC-UHFFFAOYSA-N,22,4,0,0,3,3,False,False,True,False,,"16,19,21","16,19,21"
OCNT-2312610,train,ULZMMJCEUCGMST-UHFFFAOYSA-N,27,3,0,0,1,1,True,False,False,False,,11,11
OCNT-2312612,train,NQQGFLRQAYNQKG-UHFFFAOYSA-N,30,5,0,0,2,2,True,True,False,True,,"9,22","9,22"
OCNT-2312616,train,NNSLNWDCBLFAMQ-UHFFFAOYSA-N,25,2,0,0,0,1,False,False,False,True,,,18
OCNT-2312617,train,NKDOBKPPCCBZAM-UHFFFAOYSA-N,24,3,0,0,1,2,False,False,False,True,,21,"5,21"
OCNT-2312624,train,AEAYDVXZPKDZCK-KBPBESRZSA-N,23,4,0,0,2,3,False,False,False,True,,"13,22","13,20,22"
OCNT-2312626,train,XLMUFEYXHKMUIA-UHFFFAOYSA-N,23,4,0,0,2,2,False,True,False,True,,"6,16","6,16"
OCNT-2312630,train,ADKRCCGGESGJBM-KRWDZBQOSA-N,23,2,0,0,1,1,False,False,False,True,,18,18
OCNT-2312638,train,REOZEOGSWGQJPO-UHFFFAOYSA-N,24,5,0,0,2,2,False,False,False,True,,"5,12","5,12"
OCNT-2312641,train,IYEIFBZHWULNCV-UHFFFAOYSA-N,26,4,0,0,1,1,True,False,False,False,,17,17
OCNT-2312650,train,HZLYLHRUOYWQJU-UHFFFAOYSA-N,24,2,0,0,1,1,True,False,True,False,,20,20
OCNT-2312654,train,ODYBUNKJMVEHEM-UHFFFAOYSA-N,23,4,0,0,1,1,False,False,False,True,,15,15
OCNT-2312656,train,XWDHGERTKVTTNK-OCCSQVGLSA-N,22,1,0,0,0,0,False,True,False,True,,,
OCNT-2312658,train,JVYYCUSHMUNTPL-CQSZACIVSA-N,23,5,0,0,3,3,False,False,False,True,,"3,10,21","3,10,21"
OCNT-2312659,train,FPZDMQCYMFEBKJ-UHFFFAOYSA-N,22,2,0,0,1,1,True,False,False,False,,20,20
OCNT-2312662,train,ABZDANIGSGUPSQ-QZTJIDSGSA-N,24,3,1,1,1,2,False,True,True,True,10,10,"10,17"
OCNT-2312663,train,KDYUNBKZYGJOSA-LSDHHAIUSA-N,25,3,0,0,1,1,False,False,False,True,,23,23
OCNT-2312668,train,XITUDUKCDZPINF-UHFFFAOYSA-N,24,5,0,0,2,2,False,False,False,True,,"3,14","3,14"
OCNT-2312674,train,WVYBTLOVJURAKV-INIZCTEOSA-N,23,2,0,0,0,0,False,False,False,True,,,
OCNT-2312691,train,OAPGBPRSXNVCAB-UHFFFAOYSA-N,24,7,0,0,3,3,False,False,False,True,,"10,11,23","10,11,23"
OCNT-2312697,train,MJHPVHZCXBAKEZ-UHFFFAOYSA-N,22,4,0,0,3,3,True,True,False,False,,"2,13,21","2,13,21"
OCNT-2312701,train,VHYOVTZGEQNPDZ-FZKQIMNGSA-N,25,3,0,0,1,2,False,False,False,True,,24,"21,24"
OCNT-2312702,train,XRSJCRPRIXGXJG-HZMBPMFUSA-N,21,2,1,1,2,3,False,False,True,False,5,"5,16","5,16,20"
OCNT-2312704,train,RUFRDTMUMLXNCI-UHFFFAOYSA-N,21,4,1,1,3,3,True,False,True,False,15,"5,13,15","5,13,15"
OCNT-2312706,train,PMYYYGKQVCAGNC-UHFFFAOYSA-N,27,2,0,0,0,0,False,False,False,True,,,
OCNT-2312707,train,ONXFHKVSFIIWIN-UHFFFAOYSA-N,26,4,0,0,1,1,False,True,False,True,,24,24
OCNT-2312712,train,QABIXCTTWKDGMX-UHFFFAOYSA-N,26,3,0,0,2,2,True,False,True,False,,"7,23","7,23"
OCNT-2312713,train,IIWXSOJTJLUACB-UHFFFAOYSA-N,23,4,2,2,3,3,False,False,True,False,"2,5","2,5,17","2,5,17"
OCNT-2312714,train,WUAZOSQKECLJFW-UHFFFAOYSA-N,21,2,0,0,0,0,True,False,False,False,,,
OCNT-2312716,train,XQFDZGNODAUQIR-UHFFFAOYSA-N,24,1,0,0,0,1,False,True,False,True,,,15
OCNT-2312719,train,GVILLTNTSYWDOW-MLGOLLRUSA-N,27,2,0,0,0,0,False,False,True,False,,,
OCNT-2312720,train,MNKMGNDBLJMEEX-UHFFFAOYSA-N,24,3,0,0,2,2,True,False,False,True,,"6,16","6,16"
OCNT-2312721,train,LFVLCVXPWUQACU-WFASDCNBSA-N,27,2,0,0,1,1,False,False,True,False,,7,7
OCNT-2312722,train,XWVWPNYWBFIPHF-UHFFFAOYSA-N,28,4,0,0,2,2,True,False,False,False,,"13,14","13,14"
OCNT-2312726,train,VILLAKBBOMURQE-UHFFFAOYSA-N,22,2,0,0,0,1,False,False,False,True,,,14
OCNT-2312728,train,WFMZVSWBAHEUAY-UHFFFAOYSA-N,27,3,2,2,2,2,False,False,False,True,"13,19","13,19","13,19"
OCNT-2312729,train,MVZCEQZXMSKTTO-UHFFFAOYSA-M,22,1,0,0,0,0,False,False,False,True,,,
OCNT-2312730,train,OLIZBWIGOGMGBA-UHFFFAOYSA-N,23,4,1,1,2,2,True,False,False,False,2,"2,19","2,19"
OCNT-2312731,train,DWVAWAZUSUBEMQ-UHFFFAOYSA-N,23,3,1,1,2,2,False,False,False,True,8,"8,18","8,18"
OCNT-2312732,train,QPKBSKVSPWCCIR-UHFFFAOYSA-N,22,3,0,0,1,1,False,False,False,True,,21,21
OCNT-2312735,train,RGPSYPNIQMCKJL-UHFFFAOYSA-N,25,5,0,0,4,4,True,False,True,False,,"9,12,14,23","9,12,14,23"
OCNT-2312737,train,DSYCYZDDTFTZJW-UHFFFAOYSA-N,25,4,0,0,2,2,False,True,False,False,,"16,17","16,17"
OCNT-2312738,train,HQDFUBTZAYVVKC-NEPJUHHUSA-N,22,3,0,0,1,1,False,False,True,False,,20,20
OCNT-2312740,train,FYJLBFSDAWXPSB-UHFFFAOYSA-N,23,5,0,0,4,4,True,True,False,True,,"2,3,11,20","2,3,11,20"
OCNT-2312741,train,ZZFSIEKTPZLRNW-UHFFFAOYSA-N,23,4,0,0,3,3,True,False,False,False,,"12,16,19","12,16,19"
OCNT-2312742,train,JBILOGVIBNCUSD-UHFFFAOYSA-N,24,4,0,0,1,2,False,False,False,True,,13,"13,23"
OCNT-2312743,train,CTEXNEUTVYKFTD-WBVHZDCISA-N,25,4,0,0,1,2,False,False,True,False,,5,"5,22"
OCNT-2312744,train,FENNNQPPBYHYSF-UHFFFAOYSA-N,21,1,0,0,0,0,False,True,False,False,,,
OCNT-2312746,train,NKQDZKBYXOTDSN-UHFFFAOYSA-N,23,4,0,0,1,1,False,False,False,True,,2,2
OCNT-2312749,train,ZAFLASWCWZQRCU-UHFFFAOYSA-N,22,1,0,0,0,0,True,False,False,False,,,
OCNT-2312754,train,VLIVCSIUIZLBGL-UHFFFAOYSA-N,28,5,1,1,3,3,False,False,False,True,2,"2,5,17","2,5,17"
OCNT-2312755,train,RGOYPSLBXQDYGL-UHFFFAOYSA-N,25,3,0,0,1,1,True,True,False,True,,2,2
OCNT-2312756,train,MPWXVPGXQJXPCR-HNNXBMFYSA-N,22,2,0,0,1,1,False,True,False,False,,11,11
OCNT-2312757,train,IAERFFZXBBAFMV-UHFFFAOYSA-N,24,3,0,0,1,1,False,False,False,True,,2,2
OCNT-2312760,train,MJSHQBKOOKTKQV-LBPRGKRZSA-N,21,5,1,1,4,4,True,False,False,False,7,"4,7,13,15","4,7,13,15"
OCNT-2312769,train,XFEGXICSYQNLAX-UHFFFAOYSA-N,25,4,0,0,1,1,False,False,False,True,,4,4
OCNT-2312771,train,BLBRBSCHFXIGIW-UHFFFAOYSA-N,24,2,0,0,1,1,True,False,False,False,,23,23
OCNT-2312772,train,ULZFHGPUDUKQOM-UHFFFAOYSA-N,24,2,0,0,1,2,False,False,False,True,,22,"19,22"
OCNT-2312773,train,ZDVHZKHFMHUZDU-UHFFFAOYSA-N,25,4,0,0,2,2,False,False,True,True,,"16,17","16,17"
OCNT-2312776,train,WQHQBKRMUIUGCJ-UHFFFAOYSA-N,23,3,0,0,2,2,False,False,False,True,,"13,16","13,16"
OCNT-2312779,train,IAZSTIBERROYCJ-UHFFFAOYSA-N,22,2,0,0,0,0,False,False,False,True,,,
OCNT-2312780,train,PIRXLYIUTFXXDR-UHFFFAOYSA-N,24,2,0,0,1,1,False,False,False,True,,16,16
OCNT-2312781,train,AQTJUFQKRCVXHV-UHFFFAOYSA-N,25,4,1,1,2,2,False,True,False,False,12,"12,17","12,17"
OCNT-2312783,train,IKZGPXPEEGGKRF-UHFFFAOYSA-N,22,4,0,0,2,2,False,False,False,True,,"3,21","3,21"
OCNT-2312787,train,LYFIKCJKVMVQLU-UHFFFAOYSA-N,21,4,0,0,3,3,True,False,False,False,,"2,12,19","2,12,19"
OCNT-2312791,train,BKKDBCBBSIUAFO-UHFFFAOYSA-N,25,4,0,0,3,3,False,True,False,True,,"2,12,23","2,12,23"
OCNT-2312794,train,LSNLMIWCWNUZQD-UHFFFAOYSA-N,24,5,0,0,3,3,False,True,False,False,,"7,15,23","7,15,23"
OCNT-2312795,train,DVBNAUHKBCFYBB-UHFFFAOYSA-N,23,3,0,0,1,2,True,False,False,False,,4,"4,10"
OCNT-2312797,train,TVKZNKKPKLGLKN-UHFFFAOYSA-N,27,7,0,0,3,3,False,True,False,False,,"4,17,19","4,17,19"
OCNT-2312798,train,MVTBRBBDHMNKCA-UHFFFAOYSA-N,24,2,0,0,1,1,False,False,True,False,,22,22
OCNT-2312800,train,KJNTUBDFKPAUOJ-UHFFFAOYSA-N,24,2,1,1,1,1,False,False,True,True,12,12,12
OCNT-2312801,train,SIWDIJRUWBSGJB-UONOGXRCSA-N,22,3,0,0,1,1,True,True,False,True,,2,2
OCNT-2312805,train,QORBKWMRURPDGP-UHFFFAOYSA-N,25,4,0,0,1,1,False,False,False,True,,23,23
OCNT-2312807,train,SDSCCHIAXZKJFU-UHFFFAOYSA-N,26,3,0,0,1,2,False,True,False,True,,22,"8,22"
OCNT-2312808,train,BRDOWFMOFKGYIW-UHFFFAOYSA-N,23,4,1,1,2,2,False,False,False,True,17,"3,17","3,17"
OCNT-2312817,train,BKMSQAJQQBZOME-UHFFFAOYSA-N,23,2,0,0,1,1,True,False,False,False,,7,7
OCNT-2312818,train,PPBJPTKFQWUHAF-UHFFFAOYSA-N,23,4,0,0,1,1,False,False,False,True,,10,10
OCNT-2312822,train,WYEUZHWYVCUYQY-UHFFFAOYSA-N,27,3,0,0,0,0,False,False,False,True,,,
OCNT-2312825,train,ZNXZZLAYPIECGS-UHFFFAOYSA-N,21,3,0,0,1,1,False,False,True,False,,14,14
OCNT-2312826,train,MGJNCYUVHHDOCG-UHFFFAOYSA-N,23,6,0,0,4,4,True,True,False,False,,"4,13,15,22","4,13,15,22"
OCNT-2312830,train,MEDIVWVWIKCMBU-UHFFFAOYSA-N,24,3,0,0,2,2,False,True,False,False,,"14,18","14,18"
OCNT-2312831,train,OMJIXWXETCVKHQ-UHFFFAOYSA-N,23,4,0,0,2,2,True,False,True,False,,"13,22","13,22"
OCNT-2312832,train,RAQJHPXRPHBTDE-UHFFFAOYSA-N,24,3,1,1,3,3,False,False,True,False,10,"7,10,15","7,10,15"
OCNT-2312833,train,MDLWJGRDRCYXTI-QBIMZIAESA-N,25,2,0,0,1,1,False,True,False,True,,8,8
OCNT-2312836,train,RCSOMUXWAIVYBC-UHFFFAOYSA-N,21,4,0,0,2,2,False,False,True,False,,"16,20","16,20"
OCNT-2312846,train,PRMHPYHYLPARCI-JKSUJKDBSA-N,25,2,0,0,0,0,False,False,False,True,,,
OCNT-2312847,train,XVEOZZDPTYFUNW-UHFFFAOYSA-N,21,1,0,0,0,0,True,False,True,True,,,
OCNT-2312850,train,GQXXLLFHQHIEGM-UHFFFAOYSA-N,23,3,0,0,1,2,False,False,True,False,,2,"2,22"
OCNT-2312851,train,CQTXCPOMKQGOIV-UHFFFAOYSA-N,26,2,1,1,1,1,False,False,True,True,1,1,1
OCNT-2312853,train,KBMGYZFUIIVYPK-UHFFFAOYSA-N,26,4,0,0,2,2,False,True,False,True,,"22,25","22,25"
OCNT-2312856,train,PMRBEXVXTYUSOE-UHFFFAOYSA-N,24,5,0,0,3,4,False,False,False,True,,"9,10,11","4,9,10,11"
OCNT-2312859,train,TVPNCGDIANDBNE-UHFFFAOYSA-N,23,6,1,1,4,4,False,True,False,False,10,"3,4,5,10","3,4,5,10"
OCNT-2312860,train,OWRGYPSJKIWUAT-UHFFFAOYSA-N,27,4,0,0,1,1,False,True,False,False,,16,16
OCNT-2312862,train,YNFVSGMRMLKAQV-UHFFFAOYSA-N,23,5,0,0,2,2,False,True,False,True,,"8,9","8,9"
OCNT-2312865,train,QBMNLEDJFKFLHG-UHFFFAOYSA-N,26,4,0,0,2,2,False,False,False,True,,"21,25","21,25"
OCNT-2312866,train,GCUVVENUHMDMBL-UHFFFAOYSA-N,21,7,0,0,4,4,True,False,False,False,,"2,3,4,17","2,3,4,17"
OCNT-2312868,train,BBIFCTYZNHAYIA-UHFFFAOYSA-N,22,2,0,0,0,0,False,True,False,False,,,
OCNT-2312870,train,YUTGINHCIPZCTR-QGZVFWFLSA-N,27,2,0,0,0,0,False,False,False,True,,,
OCNT-2312873,train,UNZGTDOZVNXHAA-RHSMWYFYSA-N,25,4,0,0,2,3,False,True,False,False,,"5,23","5,21,23"
OCNT-2312874,train,CPTSFZUKPHDTEW-UHFFFAOYSA-N,21,4,0,0,3,3,False,False,True,True,,"4,10,20","4,10,20"
OCNT-2312880,train,LRVYURUVAAPFJX-UHFFFAOYSA-N,28,2,0,0,1,1,False,False,False,True,,26,26
OCNT-2312882,train,KPUMQWNOZQZEFM-UHFFFAOYSA-N,23,4,0,0,1,1,False,False,False,True,,18,18
OCNT-2312890,train,QIHKGMKUENLTSR-UHFFFAOYSA-N,21,4,0,0,2,2,True,False,True,False,,"13,15","13,15"
OCNT-2312891,train,AQRKAOOCAFBCTI-UHFFFAOYSA-N,26,3,0,0,1,1,False,True,False,False,,4,4
OCNT-2312892,train,RROMXXKPNPHXSO-UHFFFAOYSA-N,23,2,0,0,1,1,False,True,False,True,,15,15
OCNT-2312894,train,PXEUCTPMPXXYMS-UHFFFAOYSA-N,27,5,0,0,3,3,False,True,False,False,,"11,12,13","11,12,13"
OCNT-2312897,train,OSIYLOUHGXESDX-UHFFFAOYSA-N,27,3,0,0,1,1,True,False,False,False,,19,19
OCNT-2312900,train,BBIWOHKXSRLBPR-UHFFFAOYSA-N,24,3,0,0,1,1,False,False,False,True,,23,23
OCNT-2312903,train,QZJKMMFXSHLMRR-UHFFFAOYSA-N,28,6,1,1,3,3,False,True,False,False,3,"3,12,17","3,12,17"
OCNT-2312906,train,WGYQLXGWKYLPFA-UHFFFAOYSA-N,26,1,0,0,0,1,True,True,False,False,,,8
OCNT-2312913,train,KWPGLNNSSKFKFO-UHFFFAOYSA-N,28,3,0,0,1,1,False,True,False,True,,25,25
OCNT-2312915,train,YNXINFNGNMQVOU-FZKQIMNGSA-N,25,1,0,0,0,0,False,True,False,False,,,
OCNT-2312918,train,GDTJKIABNOFURC-UHFFFAOYSA-N,32,2,0,0,0,0,False,True,False,True,,,
OCNT-2312921,train,ZIGNJPLWUJFGKO-UHFFFAOYSA-N,25,3,0,0,1,1,True,True,True,False,,22,22
OCNT-2312924,train,WHTROMHZBMIQBH-UHFFFAOYSA-N,25,4,0,0,2,2,False,False,False,True,,"5,13","5,13"
OCNT-2312925,train,FKTKOBGQSYLSJM-GJZGRUSLSA-N,23,4,1,1,3,3,True,False,True,True,6,"6,13,15","6,13,15"
OCNT-2312929,train,KVAGMIQBAJGTNP-ZFWWWQNUSA-N,25,5,0,0,2,2,False,False,False,True,,"3,20","3,20"
OCNT-2312931,train,XJRDGKSZYCOSHT-UHFFFAOYSA-N,25,2,0,0,1,1,False,False,False,True,,14,14
OCNT-2312932,train,PSDQGZLAVGATAM-UHFFFAOYSA-N,23,4,0,0,3,3,True,False,True,False,,"8,17,22","8,17,22"
OCNT-2312937,train,CIAGIDPMICOQQK-UHFFFAOYSA-N,25,2,0,0,0,1,False,True,False,False,,,16
OCNT-2312941,train,IUBODYXGNNGXMI-UHFFFAOYSA-N,30,2,1,1,1,2,False,False,True,False,7,7,"7,10"
OCNT-2312943,train,IYICSJIAZQETAM-UHFFFAOYSA-N,31,3,0,0,0,0,False,False,True,False,,,
OCNT-2312947,train,MYZOARLOUTWGHY-UHFFFAOYSA-N,34,5,0,0,2,2,False,False,True,False,,"27,31","27,31"
OCNT-2312951,train,OLQUOCUROMYKSW-UHFFFAOYSA-N,26,3,0,0,1,1,True,False,True,False,,24,24
OCNT-2312952,train,PZCFPGPPPJQMQI-UHFFFAOYSA-N,27,3,0,0,2,2,True,False,False,False,,"5,6","5,6"
OCNT-2312955,train,JDJOFKSPOPSEEJ-UHFFFAOYSA-N,23,4,0,0,2,2,False,True,False,False,,"16,17","16,17"
OCNT-2312958,train,BXWFENLMEOSBDD-UHFFFAOYSA-N,24,3,1,1,1,1,False,False,False,True,17,17,17
OCNT-2312959,train,FHURGZGGJGEEFF-UHFFFAOYSA-N,21,4,0,0,2,2,True,True,True,True,,"2,20","2,20"
OCNT-2312961,train,DUADTXCVWFPPIL-UHFFFAOYSA-N,24,3,0,0,1,1,True,False,True,True,,17,17
OCNT-2312967,train,XLHZRAFTJKNKHX-UHFFFAOYSA-N,23,4,0,0,0,0,False,True,False,False,,,
OCNT-2312969,train,BVPRAXPGVAOBHM-UHFFFAOYSA-N,23,4,0,0,2,2,True,False,True,False,,"15,18","15,18"
OCNT-2312971,train,WIOGBWBKPRSVRX-UHFFFAOYSA-N,22,2,0,0,1,1,True,False,False,False,,7,7
OCNT-2312973,train,XZTFOQBCMPUHSK-UHFFFAOYSA-N,21,5,0,0,3,3,True,False,False,False,,"4,14,17","4,14,17"
OCNT-2312974,train,FLMMWMMCGAHOID-WJYNOGRTSA-N,24,4,0,0,2,3,False,True,False,True,,"17,18","13,17,18"
OCNT-2312975,train,MTAPZMZRWAZQNQ-UHFFFAOYSA-N,24,4,0,0,1,2,False,True,False,False,,5,"5,17"
OCNT-2312980,train,NTWIAZAMENNAFD-UHFFFAOYSA-N,22,4,0,0,2,2,False,False,False,True,,"3,4","3,4"
OCNT-2312985,train,PIPKZVMFJISYNX-UHFFFAOYSA-N,22,3,0,0,2,2,True,False,False,False,,"15,20","15,20"
OCNT-2312986,train,RXNQVOUPMKOJOR-UHFFFAOYSA-N,23,3,0,0,2,2,False,False,False,True,,"7,14","7,14"
OCNT-2312987,train,DAAQXYINTYQCAU-UHFFFAOYSA-N,22,2,0,0,1,1,True,False,False,False,,20,20
OCNT-2312988,train,JISPBDOUMQZWLT-UHFFFAOYSA-N,22,3,0,0,1,1,True,False,False,True,,11,11
OCNT-2312992,train,YUDPHUQAJSBUDT-UHFFFAOYSA-N,26,4,1,1,1,1,False,False,True,False,20,20,20
OCNT-2312994,train,CEWPCADJKNEVJT-UHFFFAOYSA-N,25,3,0,0,1,1,True,False,False,True,,17,17
OCNT-2312995,train,FWXNAAHVSCCOGH-ZIAGYGMSSA-N,21,3,0,0,2,3,True,False,True,False,,"6,12","0,6,12"
OCNT-2312996,train,QNTOHWMVHLRHJK-UHFFFAOYSA-N,22,3,0,0,1,1,False,False,True,True,,21,21
OCNT-2312998,train,KBYXLQCFKUCTQR-UHFFFAOYSA-N,21,2,0,0,0,0,False,True,False,False,,,
OCNT-2313003,train,XIZQQSGHQFLWIM-UHFFFAOYSA-N,22,2,0,0,0,0,True,True,False,True,,,
OCNT-2313008,train,VIFGVQZFHRGOSS-UHFFFAOYSA-N,27,5,0,0,2,2,True,False,False,True,,"14,15","14,15"
OCNT-2313012,train,SUTPNRPSFCKHJS-UHFFFAOYSA-N,26,8,0,0,5,5,False,False,False,True,,"2,3,4,23,24","2,3,4,23,24"
OCNT-2313013,train,LXWQJWOXVKOTNK-UHFFFAOYSA-N,24,3,0,0,1,2,False,False,False,True,,18,"2,18"
OCNT-2313014,train,HHLQIPQJZOGXBB-UHFFFAOYSA-N,32,6,0,0,4,4,False,False,False,True,,"14,20,25,28","14,20,25,28"
OCNT-2313018,train,CAMKDLJYQPZXJB-UHFFFAOYSA-N,23,4,1,1,3,3,False,False,False,True,1,"1,19,20","1,19,20"
OCNT-2313019,train,WRAOZYOLOJSJKB-UHFFFAOYSA-N,21,5,0,0,3,3,False,False,True,False,,"4,19,20","4,19,20"
OCNT-2313020,train,LOROQYCPOGMBAN-UHFFFAOYSA-N,24,3,0,0,0,1,False,True,False,False,,,9
OCNT-2313023,train,AYMXSLBJADKSFF-UHFFFAOYSA-N,30,3,0,0,1,2,True,False,True,False,,4,"4,29"
OCNT-2313024,train,ZTZAJUSBKHCWHO-UHFFFAOYSA-N,33,8,0,0,6,6,True,False,True,False,,"4,15,18,20,21,31","4,15,18,20,21,31"
OCNT-2313026,train,WYLGKUHXYCKJRU-UHFFFAOYSA-N,23,2,0,0,0,0,True,True,False,False,,,
OCNT-2313031,train,RZFIMRUQWQTVLX-UHFFFAOYSA-N,30,4,0,0,1,1,False,False,False,True,,25,25
OCNT-2313032,train,BHUFDPNGRHXYJZ-UHFFFAOYSA-N,22,4,0,0,1,1,True,False,True,False,,10,10
OCNT-2313035,train,FYJQQUPRQDSJMI-UHFFFAOYSA-N,21,6,1,1,4,4,False,True,True,False,11,"11,14,17,18","11,14,17,18"
OCNT-2313037,train,CDADLVPZLCSKOB-UHFFFAOYSA-N,27,5,0,0,2,2,True,False,False,True,,"7,13","7,13"
OCNT-2313039,train,NPAFTASKBUHIIW-UHFFFAOYSA-N,22,3,0,0,1,1,False,True,False,False,,17,17
OCNT-2313040,train,MRGKVJBCESKOBW-UHFFFAOYSA-N,23,4,0,0,2,2,False,True,False,True,,"4,7","4,7"
OCNT-2313041,train,BWOSCHCTGWRGJD-UHFFFAOYSA-N,23,4,0,0,1,1,True,True,True,False,,4,4
OCNT-2313046,train,IPBKBWMBTUWLTQ-UHFFFAOYSA-N,26,3,1,1,2,2,False,False,True,False,10,"7,10","7,10"
OCNT-2313047,train,DDEASTSDYSMDBB-UHFFFAOYSA-N,25,3,0,0,1,1,False,False,False,True,,15,15
OCNT-2313052,train,ZZFPLIDKIPRHHB-UHFFFAOYSA-N,27,2,0,0,0,1,False,True,False,True,,,22
OCNT-2313053,train,CRYZUGNDYKETRU-UHFFFAOYSA-N,28,4,1,1,3,4,False,True,True,False,3,"3,15,21","0,3,15,21"
OCNT-2313054,train,RZZMJJHCRXCKOX-UHFFFAOYSA-N,26,2,0,0,1,1,True,True,False,False,,19,19
OCNT-2313058,train,YGQRUXKHKRRRPX-UHFFFAOYSA-N,22,4,1,1,2,2,True,False,True,True,7,"7,18","7,18"
OCNT-2313060,train,TZKKMLHKYBWIQU-UHFFFAOYSA-N,25,1,0,0,0,1,True,False,False,False,,,11
OCNT-2313062,train,IVUZDLSIHOHZFW-UHFFFAOYSA-N,23,3,0,0,1,1,False,False,True,False,,14,14
OCNT-2313065,train,KKPMBYYDYDVFMJ-UHFFFAOYSA-N,25,5,1,1,3,3,False,False,False,True,14,"14,22,24","14,22,24"
OCNT-2313067,train,BKMRUBBEUPJYLU-UHFFFAOYSA-N,24,4,1,1,2,2,False,False,False,True,13,"13,16","13,16"
OCNT-2313078,train,CPEYDSBTXHKUPJ-UHFFFAOYSA-N,24,5,1,1,4,5,False,False,False,True,4,"4,19,20,21","0,4,19,20,21"
OCNT-2313080,train,UFFYTYLJIVBZEV-UHFFFAOYSA-N,23,3,1,1,2,2,False,False,True,False,19,"7,19","7,19"
OCNT-2313085,train,IOJNBZVQVKPDLC-UHFFFAOYSA-N,22,2,1,1,1,2,False,False,True,False,9,9,"0,9"
OCNT-2313087,train,DAMVDZMZNFDOHH-UHFFFAOYSA-N,24,2,0,0,0,0,False,False,False,True,,,
OCNT-2313088,train,WUMWHAHIQHLCPV-UHFFFAOYSA-N,25,6,0,0,3,3,False,False,True,False,,"3,4,15","3,4,15"
OCNT-2313093,train,DEWDGBANIMAKBM-UHFFFAOYSA-N,23,6,0,0,3,3,False,True,True,False,,"14,15,22","14,15,22"
OCNT-2313094,train,WFTNCVLBOBLEGN-UONOGXRCSA-N,29,4,0,0,1,1,False,False,False,True,,5,5
OCNT-2313096,train,JZRJXAPOGYPHEK-UHFFFAOYSA-N,22,4,0,0,3,3,False,False,False,True,,"16,17,18","16,17,18"
OCNT-2313097,train,IVDZETPLIKMYNC-UHFFFAOYSA-N,25,6,1,1,3,3,False,False,False,True,10,"10,21,22","10,21,22"
OCNT-2313098,train,SRCYGSBGUHRNBC-CZUORRHYSA-N,22,3,0,0,1,2,True,True,False,False,,8,"8,21"
OCNT-2313099,train,XMGSKHFJBUJBTI-UHFFFAOYSA-N,22,3,0,0,2,2,False,False,False,True,,"13,16","13,16"
OCNT-2313100,train,YOWJXLXBXHFWPH-SHTZXODSSA-N,22,2,1,1,1,1,False,False,True,False,8,8,8
OCNT-2313101,train,YZYIMJDPWGXDEA-UHFFFAOYSA-N,22,1,1,1,1,3,False,False,True,False,3,3,"0,3,8"
OCNT-2313103,train,WNBIMBZYKXPHFP-UHFFFAOYSA-N,22,3,0,0,0,0,True,True,False,True,,,
OCNT-2313104,train,WMAVYCVAPMWVJT-UHFFFAOYSA-N,29,3,0,0,0,0,False,True,False,False,,,
OCNT-2313105,train,FNNRNBHDBIXRDM-UHFFFAOYSA-N,23,2,0,0,0,0,True,False,False,False,,,
OCNT-2313106,train,CNANRTFPMBYPIM-UHFFFAOYSA-N,27,2,1,1,1,1,False,False,True,False,12,12,12
OCNT-2313107,train,OXSKBKVLTNYZJZ-UHFFFAOYSA-N,21,2,1,1,1,1,False,False,True,False,7,7,7
OCNT-2313108,train,CDBHGUKGNGPQCC-UHFFFAOYSA-N,22,2,0,0,0,0,False,True,False,False,,,
OCNT-2313109,train,GEUHJKVUFZLKJI-UHFFFAOYSA-N,30,6,1,1,3,3,False,False,False,True,23,"16,17,23","16,17,23"
OCNT-2313111,train,BTBSJBDTUCCQPC-UHFFFAOYSA-N,26,5,0,0,2,2,False,False,False,True,,"2,13","2,13"
OCNT-2313113,train,FHDBREZHZMZHDK-UHFFFAOYSA-N,23,4,0,0,2,2,True,False,False,False,,"9,10","9,10"
OCNT-2313115,train,RKUHWRYUFDOOSL-UHFFFAOYSA-N,27,6,1,1,2,2,False,True,False,False,14,"14,22","14,22"
OCNT-2313117,train,UPDBFFLJUGUEJC-UHFFFAOYSA-N,24,5,0,0,2,3,True,False,True,False,,"3,19","3,19,23"
OCNT-2313118,train,DJXWVEZFBLYNEZ-UHFFFAOYSA-N,28,5,0,0,2,2,False,True,False,True,,"15,18","15,18"
OCNT-2313119,train,DIDURIXSXBWFPC-UHFFFAOYSA-N,24,4,0,0,1,1,False,False,False,True,,17,17
OCNT-2313120,train,HNPLJDLBILRTDZ-UHFFFAOYSA-N,26,5,0,0,3,3,False,True,False,True,,"6,15,18","6,15,18"
OCNT-2313121,train,VPGAMVPLPDAICZ-UHFFFAOYSA-N,25,3,0,0,0,0,False,False,False,True,,,
OCNT-2313122,train,YLVWRHXAIJGXAY-UHFFFAOYSA-N,28,2,0,0,1,2,True,True,True,True,,13,"13,17"
OCNT-2313124,train,LNLFJVVNEJIPMG-UHFFFAOYSA-N,24,4,0,0,1,1,False,False,True,False,,22,22
OCNT-2313128,train,RIJWTIMIRDXITA-UHFFFAOYSA-N,23,5,0,0,3,3,False,False,False,True,,"4,15,21","4,15,21"
OCNT-2313133,train,DMKVLYVYLQRBKM-UHFFFAOYSA-N,22,5,0,0,3,3,False,False,False,True,,"17,19,20","17,19,20"
OCNT-2313134,train,FBSKIPBYQNQUJZ-UHFFFAOYSA-N,28,6,0,0,3,3,False,False,False,True,,"15,16,23","15,16,23"
OCNT-2313136,train,GJNQNBRKEARPPF-UHFFFAOYSA-N,22,4,1,1,2,2,True,False,False,False,14,"6,14","6,14"
OCNT-2313141,train,PQFHDPWCCVEQQJ-UHFFFAOYSA-N,22,5,0,0,2,2,True,False,False,False,,"2,7","2,7"
OCNT-2313143,train,VNTJYEOPEPUZMB-SJORKVTESA-N,25,5,0,0,3,3,False,False,True,False,,"2,19,23","2,19,23"
OCNT-2313144,train,IXUQLRFKEKGRMX-UHFFFAOYSA-N,22,3,0,0,1,1,False,True,False,False,,20,20
OCNT-2313145,train,BLHIRVBNLSHBMK-UHFFFAOYSA-N,25,5,1,1,3,4,True,True,False,False,6,"6,11,20","0,6,11,20"
OCNT-2313147,train,GXOILNXGFVPNFI-UHFFFAOYSA-N,28,3,0,0,0,0,True,False,False,True,,,
OCNT-2313151,train,MPHJDHDXCSOMPR-UHFFFAOYSA-N,26,3,0,0,1,1,False,True,False,True,,4,4
OCNT-2313155,train,GXVSHXHNDWZHOR-UHFFFAOYSA-N,26,4,0,0,2,2,False,True,True,False,,"6,8","6,8"
OCNT-2313157,train,XBDSOZRWMYNIGP-UHFFFAOYSA-N,26,5,0,0,4,4,False,True,False,False,,"13,20,22,24","13,20,22,24"
OCNT-2313159,train,MVLVMUSGLLNWMA-UHFFFAOYSA-N,24,3,0,0,1,1,False,False,True,False,,22,22
OCNT-2313161,train,RUYUAWJUWJWZBJ-UHFFFAOYSA-N,22,6,0,0,4,4,True,False,True,False,,"12,17,18,21","12,17,18,21"
OCNT-2313164,train,TUAAGFPRMDBTHV-UHFFFAOYSA-N,27,3,0,0,2,3,True,False,True,True,,"10,11","10,11,21"
OCNT-2313165,train,ZRHMUXGHEVAKDW-UHFFFAOYSA-N,33,2,0,0,0,0,False,True,False,True,,,
OCNT-2313173,train,WZMZFTUWCFRRHT-UHFFFAOYSA-N,26,8,0,0,6,6,False,False,True,False,,"5,9,17,20,22,23","5,9,17,20,22,23"
OCNT-2313174,train,KUEFKGHTPSBWEL-UHFFFAOYSA-N,29,3,0,0,1,1,False,True,False,True,,6,6
OCNT-2313175,train,BQFFKKCJFAURMU-UHFFFAOYSA-N,31,5,0,0,1,1,False,False,True,False,,8,8
OCNT-2313177,train,FRXIOYNYLCVQGU-UHFFFAOYSA-N,22,3,0,0,2,2,True,True,False,True,,"7,18","7,18"
OCNT-2313179,train,KWVITUKLMNTECU-UHFFFAOYSA-N,25,4,0,0,1,1,False,False,False,True,,24,24
OCNT-2313183,train,ZWOVGQYLIWWRCA-UHFFFAOYSA-N,21,4,0,0,2,2,True,False,False,False,,"15,16","15,16"
OCNT-2313184,train,QHBKNLPLROKUGS-UHFFFAOYSA-N,27,5,0,0,3,3,False,False,True,True,,"11,12,19","11,12,19"
OCNT-2313185,train,HZLJTTVIFIBCFG-UHFFFAOYSA-N,21,5,0,0,4,4,True,False,False,False,,"4,6,16,20","4,6,16,20"
OCNT-2313188,train,RHWCGKBEHRZPHU-UHFFFAOYSA-N,28,3,0,0,1,1,False,False,True,False,,17,17
OCNT-2313192,train,IXTXGTPGRXHPQS-UHFFFAOYSA-N,27,5,0,0,1,1,False,False,False,True,,7,7
OCNT-2313193,train,OLCBGRNRGXPTRP-UHFFFAOYSA-N,24,5,0,0,3,3,False,True,False,True,,"7,16,22","7,16,22"
OCNT-2313195,train,VRYVASRKHBXNAI-UHFFFAOYSA-N,25,2,2,2,2,3,False,False,True,False,"12,21","12,21","10,12,21"
OCNT-2313198,train,JOBIHDLHMORTRY-UHFFFAOYSA-N,25,2,0,0,1,1,True,True,False,False,,24,24
OCNT-2313201,train,QBHTVIYYTSWUEG-UHFFFAOYSA-N,30,5,0,0,1,1,False,False,True,False,,16,16
OCNT-2313203,train,UPAXZSAQJTVZTN-UHFFFAOYSA-N,25,3,0,0,1,2,False,True,False,True,,4,"4,13"
OCNT-2313206,train,FIXSKUCISNGAPJ-UHFFFAOYSA-N,27,3,0,0,0,0,False,False,False,True,,,
OCNT-2313211,train,LYSMXLVEIFJYBM-SJORKVTESA-N,27,4,1,1,2,2,False,False,True,False,13,"2,13","2,13"
OCNT-2313213,train,YBZCGNCZXCCCRN-ZYMOGRSISA-N,23,3,0,0,1,1,False,False,False,True,,14,14
OCNT-2313215,train,IPTMKVRVKHYFNV-UHFFFAOYSA-N,27,1,0,0,0,1,False,True,False,False,,,13
OCNT-2313216,train,ADUVKEYZGXKFPF-UHFFFAOYSA-N,27,4,0,0,1,2,False,True,False,False,,25,"5,25"
OCNT-2313217,train,JNCQYJUKJOXJPA-UHFFFAOYSA-N,29,3,0,0,1,1,False,True,False,False,,12,12
OCNT-2313219,train,GCJKMNHTLRYIMJ-UHFFFAOYSA-N,30,5,0,0,1,1,False,False,False,True,,25,25
OCNT-2313220,train,GESMFQNJXSICBZ-UHFFFAOYSA-N,26,4,0,0,2,3,True,False,False,False,,"15,16","10,15,16"
OCNT-2313221,train,ZIZLYISNLNUGDD-UHFFFAOYSA-N,24,4,0,0,2,2,True,False,False,False,,"13,21","13,21"
OCNT-2313224,train,QTNWAPPUIVRJJA-UHFFFAOYSA-N,21,3,0,0,2,2,True,True,False,True,,"5,8","5,8"
OCNT-2313225,train,QNBRVDKSFRVUDJ-UHFFFAOYSA-N,25,4,0,0,2,2,False,True,False,False,,"4,24","4,24"
OCNT-2313233,train,ZIRIALKYMSTTOK-UHFFFAOYSA-N,25,4,0,0,1,1,False,False,True,False,,23,23
OCNT-2313234,train,SXTDMNODKPPWQE-UHFFFAOYSA-N,22,2,0,0,1,1,True,False,False,True,,14,14
OCNT-2313237,train,KEZQXRKVMXZDQJ-UHFFFAOYSA-N,33,5,1,1,3,3,False,False,True,True,17,"17,22,23","17,22,23"
OCNT-2313238,train,JQORUYRZRLPNSY-UHFFFAOYSA-N,28,4,0,0,1,1,False,False,False,True,,11,11
OCNT-2313239,train,QLSLQEHBFFZZSD-UHFFFAOYSA-N,27,3,0,0,0,0,False,False,True,False,,,
OCNT-2313241,train,YRRHXQBCLVLMPM-UHFFFAOYSA-N,25,4,0,0,2,2,True,False,True,True,,"20,23","20,23"
OCNT-2313243,train,JTRQTLSPUXJTCE-UHFFFAOYSA-N,25,5,0,0,3,3,False,True,False,False,,"5,20,21","5,20,21"
OCNT-2313248,train,XOJOXZSBAYBBPA-UHFFFAOYSA-N,31,4,0,0,0,0,False,False,False,True,,,
OCNT-2313250,train,SKFYFHCOOFAZHE-UHFFFAOYSA-N,25,2,0,0,1,1,True,False,True,False,,19,19
OCNT-2313251,train,STKPDYXEWHQTCA-UHFFFAOYSA-N,26,5,0,0,2,2,False,False,True,True,,"11,18","11,18"
OCNT-2313254,train,HOHUAUMULAZGEZ-UHFFFAOYSA-N,24,3,0,0,1,1,False,False,False,True,,2,2
OCNT-2313255,train,FSRWABFDKDBIDA-UHFFFAOYSA-N,23,5,0,0,2,2,False,False,True,False,,"17,21","17,21"
OCNT-2313258,train,QCXDGKVEMUQEBP-UHFFFAOYSA-N,27,5,0,0,4,4,True,False,False,False,,"5,17,23,26","5,17,23,26"
OCNT-2313260,train,XBHJHWZSDZQEQK-UHFFFAOYSA-N,27,6,0,0,3,3,False,False,True,False,,"8,11,15","8,11,15"
OCNT-2313267,train,JGIPHLUSPCSBAK-UHFFFAOYSA-N,22,4,0,0,1,1,False,True,False,True,,12,12
OCNT-2313271,train,LDIZCMIHDANSED-UHFFFAOYSA-M,24,2,0,0,0,0,False,False,True,False,,,
OCNT-2313273,train,IASSYYRRIMLMJF-UHFFFAOYSA-N,26,6,0,0,3,3,False,False,False,True,,"4,15,23","4,15,23"
OCNT-2313274,train,XLKRIUXTCGDEIR-OMKBGSMGSA-N,22,1,1,1,1,3,False,False,True,False,3,3,"0,3,10"
OCNT-2313277,train,VCFVDXXQVTVQND-UHFFFAOYSA-N,24,4,0,0,2,2,False,False,False,True,,"17,23","17,23"
OCNT-2313278,train,VWYPEFSGSWJMAM-UHFFFAOYSA-N,26,2,0,0,0,0,False,True,False,True,,,
OCNT-2313279,train,HTFPKFRTYZAEHG-UHFFFAOYSA-N,24,5,0,0,2,2,False,False,False,True,,"6,14","6,14"
OCNT-2313281,train,OTDNIPBKKBRUCL-SUMWQHHRSA-N,26,4,0,0,1,1,False,False,False,True,,22,22
OCNT-2313287,train,PSPNJHJLCZRMIA-UHFFFAOYSA-N,22,6,0,0,3,3,False,False,False,True,,"2,3,19","2,3,19"
OCNT-2313293,train,VYRTUGVAQZIPMP-UHFFFAOYSA-N,22,1,0,0,0,0,False,False,False,True,,,
OCNT-2313294,train,AUNZZXHMCSEIJK-UHFFFAOYSA-N,27,3,0,0,1,1,False,False,True,False,,16,16
OCNT-2313297,train,QEIQSPFXGZOUQH-UHFFFAOYSA-N,26,4,0,0,2,2,False,False,False,True,,"23,25","23,25"
OCNT-2313299,train,QVIMLULUIMQIGH-UHFFFAOYSA-N,25,3,1,1,1,3,False,False,False,True,3,3,"3,6,10"
OCNT-2313300,train,AMGUHAQZHHPZGU-UHFFFAOYSA-N,21,4,0,0,1,1,True,True,True,True,,14,14
OCNT-2313305,train,YKSUZNXUMGVZED-ZJUUUORDSA-N,22,4,0,0,1,1,False,False,True,False,,21,21
OCNT-2313307,train,JMFBXZNHLBNMKS-UHFFFAOYSA-N,23,2,0,0,0,0,False,False,False,True,,,
OCNT-2313314,train,RTATWVVYZGOVFV-UHFFFAOYSA-N,22,2,0,0,0,1,False,False,False,True,,,14
OCNT-2313318,train,RSXPNCZXNWPWJE-UHFFFAOYSA-N,21,2,0,0,0,0,False,False,False,True,,,
OCNT-2313319,train,CLAONFQCQBNRAP-UHFFFAOYSA-N,25,2,0,0,0,1,False,True,False,False,,,23
OCNT-2313325,train,NRTZNFXSWOSRAR-UHFFFAOYSA-N,31,6,0,0,2,2,False,False,True,False,,"24,28","24,28"
OCNT-2313326,train,FYIVOYFZRCZICX-UHFFFAOYSA-N,28,6,0,0,3,3,False,False,False,True,,"4,23,24","4,23,24"
OCNT-2313335,train,XPGBSXRGCZJNGR-UHFFFAOYSA-N,27,6,0,0,1,2,False,False,False,True,,17,"17,22"
OCNT-2313345,train,UTKYZUZVBSGYGI-UHFFFAOYSA-N,22,3,0,0,0,0,False,False,False,True,,,
OCNT-2313360,train,IHLDXAAKKIDUFM-UHFFFAOYSA-N,24,2,1,1,1,1,False,True,True,True,8,8,8
OCNT-2313361,train,DFMJHQYUJLHBAJ-UHFFFAOYSA-N,26,5,0,0,2,2,True,True,False,False,,"8,9","8,9"
OCNT-2313362,train,WJPGZQMOLCAKDP-ZANVPECISA-N,21,3,1,1,2,2,True,False,True,False,10,"10,19","10,19"
OCNT-2313363,train,YUFKMJWWPJWJNY-UHFFFAOYSA-N,25,3,0,0,1,1,False,False,False,True,,15,15
OCNT-2313365,train,BIYSBPUAKVDGAZ-UHFFFAOYSA-N,21,4,0,0,2,2,True,False,False,False,,"8,18","8,18"
OCNT-2313366,train,RCUPFXKTPISMDD-UHFFFAOYSA-N,21,5,0,0,3,3,True,False,False,False,,"2,16,20","2,16,20"
OCNT-2313367,train,QEYDJXFLJLNZHE-UHFFFAOYSA-N,25,6,0,0,3,3,True,False,False,False,,"5,12,13","5,12,13"
OCNT-2313368,train,UCDSFAPQQRUDTJ-UHFFFAOYSA-N,21,4,0,0,2,2,True,True,False,False,,"8,9","8,9"
OCNT-2313371,train,NVEMSTLZFNWUBN-UHFFFAOYSA-N,21,2,0,0,1,1,False,True,False,False,,18,18
OCNT-2313373,train,FTKRTBIUYBODIY-UHFFFAOYSA-N,23,2,0,0,1,1,False,True,False,True,,20,20
OCNT-2313374,train,OFYRXFGVIZMXNC-UHFFFAOYSA-N,24,3,0,0,0,0,False,False,True,False,,,
OCNT-2313377,train,SJTSCEXRXKNNON-UHFFFAOYSA-N,25,6,0,0,2,2,False,False,False,True,,"4,24","4,24"
OCNT-2313383,train,VXOXNSXYWJEKTF-UHFFFAOYSA-N,24,3,0,0,0,0,False,False,True,False,,,
OCNT-2313386,train,OSXYWHPJKFSHBZ-UHFFFAOYSA-N,28,3,0,0,0,0,False,False,True,False,,,
OCNT-2313388,train,MYJKWLXJAYNIMV-UHFFFAOYSA-N,24,2,0,0,1,2,False,False,True,True,,10,"10,16"
OCNT-2313389,train,OTBKXWVUXMKUTL-UHFFFAOYSA-N,27,6,1,1,4,4,False,False,True,False,8,"8,14,17,18","8,14,17,18"
OCNT-2313392,train,UVPDFFFLZNRLHP-UHFFFAOYSA-N,21,2,0,0,1,1,False,False,False,True,,20,20
OCNT-2313393,train,JTFCFWFAKZPANV-UHFFFAOYSA-N,25,3,0,0,0,0,False,True,False,False,,,
OCNT-2313394,train,XFTNGEBQFBGWPZ-UHFFFAOYSA-N,24,3,0,0,2,2,False,True,False,False,,"16,19","16,19"
OCNT-2313399,train,JWDFHTDYIIEBOU-UHFFFAOYSA-N,26,3,0,0,0,0,False,True,False,True,,,
OCNT-2313400,train,GVQLIOVHDLOVDQ-UHFFFAOYSA-N,27,4,0,0,3,4,False,False,True,False,,"20,25,26","0,20,25,26"
OCNT-2313401,train,CFKFIYOZBUCKGU-UHFFFAOYSA-N,21,4,0,0,2,2,False,True,False,True,,"18,20","18,20"
OCNT-2313402,train,ZWALUEYCFIRARI-UHFFFAOYSA-N,21,3,0,0,0,0,True,False,True,False,,,
OCNT-2313403,train,KIKPMPBGGCAAPM-UHFFFAOYSA-N,24,4,0,0,2,2,True,True,False,False,,"20,23","20,23"
OCNT-2313421,train,UEZFUSJYOQQFGV-UHFFFAOYSA-N,23,4,0,0,1,1,False,True,False,True,,2,2
OCNT-2313423,train,KDRRLLRZRJIGQW-UHFFFAOYSA-N,26,2,1,1,1,1,False,False,True,False,3,3,3
OCNT-2313424,train,JLCVNZJHVMBCOV-UHFFFAOYSA-N,24,3,0,0,2,2,False,True,False,True,,"7,9","7,9"
OCNT-2313427,train,NGKPXPHODPZOQR-GOEBONIOSA-N,24,4,0,0,2,2,False,False,False,True,,"16,20","16,20"
OCNT-2313429,train,LDJYNPQUIPZXAN-UHFFFAOYSA-N,23,2,0,0,0,1,False,True,False,True,,,19
OCNT-2313432,train,RPEOWZNKUYHPIC-UHFFFAOYSA-N,24,4,0,0,1,1,False,False,False,True,,23,23
OCNT-2313433,train,QSCFSMUONJJUJB-UHFFFAOYSA-N,24,6,0,0,3,3,True,False,True,False,,"13,15,20","13,15,20"
OCNT-2313435,train,UTEIVQSYRZXEAV-UHFFFAOYSA-N,27,3,0,0,1,1,False,False,False,True,,20,20
OCNT-2313438,train,MBZQIALKRNDYFS-UHFFFAOYSA-N,26,3,0,0,0,1,False,False,False,True,,,14
OCNT-2313441,train,GBKPILDGEGGVEI-UHFFFAOYSA-N,25,3,0,0,2,3,True,True,False,True,,"5,7","0,5,7"
OCNT-2313447,train,JGJPMLIXMVZFNW-RBSFLKMASA-N,24,2,0,0,0,0,False,False,False,True,,,
OCNT-2313448,train,YXHWOCJYIJAQKD-UHFFFAOYSA-N,24,2,0,0,0,0,False,False,False,True,,,
OCNT-2313450,train,DFXDAVJGERHEEO-UHFFFAOYSA-N,22,2,0,0,0,1,True,True,False,True,,,20
OCNT-2313451,train,VCNRZEABQBWOJY-UHFFFAOYSA-N,30,4,0,0,1,1,False,True,False,True,,29,29
OCNT-2313459,train,KDWWWMLVWJYXSU-UHFFFAOYSA-N,25,4,0,0,1,1,False,False,False,True,,15,15
OCNT-2313460,train,PPLFVYMZLYWYGR-UHFFFAOYSA-N,21,3,0,0,2,3,True,False,True,False,,"7,9","3,7,9"
OCNT-2313461,train,ILDXGDCGIHSTRG-HDJSIYSDSA-N,24,3,0,0,1,1,False,True,False,True,,20,20
OCNT-2313465,train,YXFQZGKQZZEJTA-UHFFFAOYSA-N,25,1,0,0,0,1,False,False,True,False,,,5
OCNT-2313469,train,RQZMYCXAAQBDIN-UHFFFAOYSA-N,25,4,0,0,1,1,True,False,False,False,,5,5
OCNT-2313470,train,BVHOHRQDYPRBHR-UHFFFAOYSA-N,27,6,0,0,3,3,False,False,False,True,,"17,21,26","17,21,26"
OCNT-2313472,train,ZGHCLLNXTCYXPM-JGVFFNPUSA-N,23,5,0,0,2,2,False,False,False,True,,"14,22","14,22"
OCNT-2313474,train,SZCQYPNXSHPDMK-UHFFFAOYSA-N,27,6,0,0,3,3,False,False,False,True,,"9,13,18","9,13,18"
OCNT-2313475,train,NWXAGQWNSKWVOL-UHFFFAOYSA-N,25,6,0,0,4,4,False,True,False,False,,"2,5,7,15","2,5,7,15"
OCNT-2313477,train,BDYAYVLTLRIZAN-DOMZBBRYSA-N,22,4,0,0,2,2,True,False,False,False,,"13,21","13,21"
OCNT-2313486,train,CMVAFCQFUBGPOW-UHFFFAOYSA-N,25,6,0,0,4,4,True,False,False,False,,"8,10,18,20","8,10,18,20"
OCNT-2313489,train,CGZFIAAZBKLKFY-UHFFFAOYSA-N,21,2,1,1,1,1,False,False,True,False,16,16,16
OCNT-2313504,train,RUWDIHYCVZUURS-UHFFFAOYSA-N,21,4,0,0,3,3,False,False,True,False,,"13,15,19","13,15,19"
OCNT-2313506,train,ULAARNWPHSKFGH-UHFFFAOYSA-N,24,5,0,0,2,2,False,False,False,True,,"10,21","10,21"
OCNT-2313507,train,GRETURNQUURUGU-UHFFFAOYSA-N,24,4,0,0,1,1,False,True,False,True,,13,13
OCNT-2313509,train,YTUXANBXYDOALA-UHFFFAOYSA-N,23,4,0,0,1,1,False,False,False,True,,14,14
OCNT-2313512,train,TXQAUPFXZASKKC-UHFFFAOYSA-N,22,3,0,0,1,2,False,False,False,True,,15,"5,15"
OCNT-2313514,train,WJHZTXJTCNVBER-UHFFFAOYSA-N,25,3,0,0,0,0,False,False,False,True,,,
OCNT-2313515,train,AMFIZLVJCNIIFQ-UHFFFAOYSA-N,24,5,0,0,2,2,False,False,False,True,,"9,13","9,13"
OCNT-2313520,train,DXYSPHKBHCXQEK-UHFFFAOYSA-N,28,5,0,0,2,3,False,False,True,False,,"6,27","6,22,27"
OCNT-2313521,train,KAIWQGPNSLOCDD-UHFFFAOYSA-N,25,3,1,1,2,2,False,True,False,False,4,"4,10","4,10"
OCNT-2313522,train,NXAQFXFUPZLHKK-UHFFFAOYSA-N,22,4,0,0,1,1,False,True,True,False,,19,19
OCNT-2313526,train,NJETWSWVWMKXSO-UHFFFAOYSA-N,24,4,0,0,1,1,False,True,False,False,,2,2
OCNT-2313527,train,BKQSQAFFGJZVHW-UHFFFAOYSA-N,21,1,0,0,0,1,False,True,False,True,,,20
OCNT-2313529,train,OFCAZISUDVYWIU-UHFFFAOYSA-N,28,6,0,0,3,3,False,False,False,True,,"3,12,26","3,12,26"
OCNT-2313532,train,DBEMDJCSEVHWPT-UHFFFAOYSA-N,23,4,0,0,2,2,True,False,False,False,,"6,22","6,22"
OCNT-2313533,train,OUNVBVZEYBCHRM-UHFFFAOYSA-N,23,3,0,0,1,1,True,False,True,False,,8,8
OCNT-2313535,train,OYFSBZBBLNTGRQ-UHFFFAOYSA-N,23,2,0,0,0,0,False,True,False,False,,,
OCNT-2313537,train,NULPAYUQRRFBJZ-UHFFFAOYSA-N,21,4,0,0,2,2,False,False,False,True,,"10,13","10,13"
OCNT-2313538,train,GOWUOEBKQKBVMB-UHFFFAOYSA-N,22,6,0,0,3,3,True,False,False,False,,"5,17,21","5,17,21"
OCNT-2313539,train,CUXFILKEDIHJKB-UHFFFAOYSA-N,21,2,0,0,1,2,False,True,False,True,,4,"4,7"
OCNT-2313543,train,OTPQQBMYRRHVHO-UHFFFAOYSA-N,25,3,0,0,0,0,False,False,False,True,,,
OCNT-2313551,train,KWMJQZUPACDVHZ-UHFFFAOYSA-N,27,3,0,0,0,0,False,False,False,True,,,
OCNT-2313553,train,PNYKEVLJJWERIS-UHFFFAOYSA-N,22,4,0,0,2,3,False,True,False,False,,"18,20","5,18,20"
OCNT-2313554,train,VZJHTEOIPSDNSF-YVEFUNNKSA-N,28,5,0,0,2,2,False,False,False,True,,"17,27","17,27"
OCNT-2313558,train,OIPJIZBECNFXGT-UHFFFAOYSA-N,23,4,0,0,2,2,False,True,True,False,,"2,3","2,3"
OCNT-2313560,train,SXZUQTAAKWPCTG-UMSPYCQHSA-N,24,6,0,0,4,4,False,True,False,False,,"4,5,17,21","4,5,17,21"
OCNT-2313564,train,JGJXVQOCJMXBEJ-UHFFFAOYSA-N,28,5,0,0,1,1,False,True,False,False,,24,24
OCNT-2313565,train,SCTHNWLHNCWRED-UHFFFAOYSA-N,25,2,0,0,0,0,True,False,False,False,,,
OCNT-2313567,train,DHNZZMXDGCZABY-UHFFFAOYSA-N,24,7,0,0,4,4,True,False,False,True,,"3,12,19,22","3,12,19,22"
OCNT-2313571,train,SRMDCSISGATUPS-ZBFHGGJFSA-N,24,3,0,0,1,2,True,False,False,False,,18,"17,18"
OCNT-2313573,train,HYUHVOLQYDHZHQ-UHFFFAOYSA-N,35,7,0,0,2,2,True,True,False,False,,"10,28","10,28"
OCNT-2313574,train,WRRBRTDCHAQNHP-UHFFFAOYSA-N,21,1,0,0,0,1,False,False,False,True,,,20
OCNT-2313581,train,RJDNHGAQACJKRG-UHFFFAOYSA-N,23,4,1,1,2,2,False,False,True,False,18,"16,18","16,18"
OCNT-2313586,train,KTTAALOCUFXJDU-CQSZACIVSA-N,21,1,0,0,0,0,True,False,False,False,,,
OCNT-2313594,train,JTTKHVPADJHMIE-UHFFFAOYSA-N,25,6,1,1,4,4,False,False,False,True,21,"5,17,19,21","5,17,19,21"
OCNT-2313596,train,JCYSAYZGOVJPNA-UHFFFAOYSA-N,29,7,0,0,3,3,False,False,False,True,,"23,25,28","23,25,28"
OCNT-2313597,train,CNEGPNATCRXCPP-UHFFFAOYSA-N,24,5,0,0,2,2,False,True,False,False,,"19,20","19,20"
OCNT-2313602,train,VEOLTILWHRWFDA-UHFFFAOYSA-N,24,2,0,0,0,0,True,False,False,False,,,
OCNT-2313603,train,PHWWBFWSIGLVED-UHFFFAOYSA-N,23,3,0,0,0,0,False,False,False,True,,,
OCNT-2313609,train,CQPLNKWKAKVWTP-UHFFFAOYSA-N,25,1,0,0,0,0,False,False,False,True,,,
OCNT-2313612,train,LKZXIMPOXUAXTL-CYBMUJFWSA-N,24,5,0,0,2,2,False,False,False,True,,"4,22","4,22"
OCNT-2313616,train,KWOFVKRPGMBHKL-UHFFFAOYSA-N,25,5,0,0,2,2,False,True,False,True,,"5,20","5,20"
OCNT-2313618,train,JWRZRQPWWBREKR-UHFFFAOYSA-N,21,4,0,0,2,2,True,False,False,False,,"7,20","7,20"
OCNT-2313620,train,FYQCRKZFENCVBC-UHFFFAOYSA-N,22,2,0,0,1,1,False,False,False,True,,9,9
OCNT-2313623,train,XHOKDUNWTNZYPV-VIFPVBQESA-N,23,5,0,0,2,2,True,False,False,False,,"15,22","15,22"
OCNT-2313624,train,PLRAIUPGUCJQAK-UHFFFAOYSA-N,25,3,0,0,1,1,False,True,False,False,,3,3
OCNT-2313625,train,GDKZUNMFXBASGH-UHFFFAOYSA-N,24,3,0,0,2,2,True,False,False,False,,"6,13","6,13"
OCNT-2313630,train,RRJAHDBFCJZDHY-UHFFFAOYSA-N,25,4,0,0,1,1,False,False,True,False,,19,19
OCNT-2313632,train,IWLRXZCSJALJCR-HZPDHXFCSA-N,24,3,0,0,1,1,False,True,False,False,,13,13
OCNT-2313636,train,AIJVJIJYNFAQBX-UHFFFAOYSA-N,27,4,0,0,1,1,False,False,True,False,,12,12
OCNT-2313637,train,GKLIDFRFMZSOTO-UHFFFAOYSA-N,24,2,0,0,1,1,True,True,False,False,,4,4
OCNT-2313638,train,ZZMUEMSIAZDSCB-UHFFFAOYSA-N,23,5,1,1,3,3,False,False,False,True,15,"15,21,22","15,21,22"
OCNT-2313639,train,UUDRQUDXXFGXLQ-UHFFFAOYSA-N,28,4,0,0,2,2,False,True,False,False,,"15,19","15,19"
OCNT-2313641,train,FJJGWWWOOWJCMW-UHFFFAOYSA-N,25,3,0,0,1,2,True,True,False,True,,6,"6,15"
OCNT-2313642,train,GGXUBOXSDLLLRW-UHFFFAOYSA-N,24,5,0,0,2,2,False,False,False,True,,"2,17","2,17"
OCNT-2313643,train,YQHXRQUOFRLUFK-UHFFFAOYSA-N,27,5,0,0,2,2,True,True,False,True,,"11,26","11,26"
OCNT-2313644,train,YMMCUIRZEYIPCT-UHFFFAOYSA-N,21,4,0,0,2,2,True,True,False,True,,"2,3","2,3"
OCNT-2313645,train,FRCQMDKKZZBGTP-UHFFFAOYSA-N,24,1,0,0,0,0,True,False,False,False,,,
OCNT-2313647,train,JIPHVXXCFJQTBJ-QAPCUYQASA-N,25,3,0,0,2,3,False,False,True,False,,"21,23","15,21,23"
OCNT-2313652,train,CEMCKNGTJNXVBU-DNVCBOLYSA-N,23,1,0,0,0,1,False,False,True,False,,,22
OCNT-2313654,train,WXXOBBNDPJCZDG-HOMQSWHASA-N,23,3,0,0,1,1,False,False,True,False,,21,21
OCNT-2313657,train,YJMCNLSBEDMRSC-UHFFFAOYSA-N,25,2,0,0,0,0,True,False,False,False,,,
OCNT-2313664,train,PDHFEWSJRAAGIE-GUYCJALGSA-N,24,3,1,1,1,1,False,False,True,False,21,21,21
OCNT-2313666,train,SSOPMQGHWIWDLU-UHFFFAOYSA-N,22,3,0,0,1,2,False,False,True,False,,16,"8,16"
OCNT-2313667,train,NWIQZCQGBSFWSR-UHFFFAOYSA-N,24,5,2,2,3,3,False,False,False,True,"13,18","4,13,18","4,13,18"
OCNT-2313669,train,UGYXDNUHLIGDFX-HZMBPMFUSA-N,22,3,1,1,1,1,True,True,True,False,3,3,3
OCNT-2313671,train,WGKDQQWFANDLEP-UHFFFAOYSA-N,25,2,0,0,0,0,False,False,False,True,,,
OCNT-2313672,train,KHTVZNPHJIZTMJ-UHFFFAOYSA-N,23,4,0,0,2,2,False,True,False,False,,"5,17","5,17"
OCNT-2313673,train,VZYBSSGCMRPKIK-UHFFFAOYSA-N,27,4,0,0,1,1,False,False,False,True,,7,7
OCNT-2313675,train,YDFOSAZBCLLMBO-UHFFFAOYSA-N,23,4,0,0,0,0,False,False,False,True,,,
OCNT-2313679,train,FZRRBPHUHRBOGW-UHFFFAOYSA-N,29,5,1,1,3,3,False,True,False,True,4,"4,12,17","4,12,17"
OCNT-2313682,train,LJPCOZWTZKSTAI-UHFFFAOYSA-N,24,4,1,1,2,2,True,False,False,False,18,"13,18","13,18"
OCNT-2313683,train,VCWVBDARHDHFKI-UHFFFAOYSA-N,27,4,0,0,1,1,False,False,True,False,,2,2
OCNT-2313684,train,KTXGZAHGTOTYGL-UHFFFAOYSA-N,23,4,0,0,1,1,True,False,False,False,,11,11
OCNT-2313685,train,PUAWDLMNXLVBTB-UHFFFAOYSA-N,26,5,0,0,2,2,True,True,False,True,,"2,21","2,21"
OCNT-2313689,train,CYEHLGWORDQXGY-UHFFFAOYSA-N,24,2,0,0,2,3,True,False,False,False,,"5,19","2,5,19"
OCNT-2313693,train,UKLGOIATROTBSK-UHFFFAOYSA-N,25,7,0,0,2,2,False,False,False,True,,"13,20","13,20"
OCNT-2313694,train,OHKWOMNIMXUDBU-UHFFFAOYSA-N,25,4,0,0,2,2,True,False,False,True,,"7,15","7,15"
OCNT-2313696,train,CRJUVBKCSKWNQJ-UHFFFAOYSA-N,24,3,0,0,1,1,False,False,False,True,,23,23
OCNT-2313698,train,YHTUZAYNHYDMMU-UHFFFAOYSA-N,24,3,0,0,1,1,True,False,False,False,,2,2
OCNT-2313707,train,SIJYOTKHCGXIIV-UHFFFAOYSA-N,30,4,0,0,1,1,False,False,False,True,,22,22
OCNT-2313708,train,NDFPYBQHVQZPMN-UHFFFAOYSA-N,24,2,0,0,0,0,True,False,False,False,,,
OCNT-2313710,train,BIFLDVCMWKAYEW-UHFFFAOYSA-N,25,3,0,0,1,1,False,True,False,False,,22,22
OCNT-2313719,train,JHOVLLAFZUGIRN-UHFFFAOYSA-N,24,3,0,0,1,1,False,False,False,True,,3,3
OCNT-2313720,train,BACMTMYNBNCBMU-UHFFFAOYSA-N,23,5,0,0,3,3,False,False,False,True,,"2,12,21","2,12,21"
OCNT-2313721,train,UABMUKYUYHVOSG-UHFFFAOYSA-N,21,4,0,0,2,3,False,True,False,False,,"16,17","7,16,17"
OCNT-2313726,train,JCBXMWZFTVXMIJ-HOTGVXAUSA-N,21,2,0,0,1,2,True,False,True,False,,3,"3,17"
OCNT-2313732,train,QKUKFCUGLMGFTI-UHFFFAOYSA-N,23,2,0,0,1,2,False,True,False,True,,12,"12,20"
OCNT-2313736,train,FFTUEBZBLPXBFH-UHFFFAOYSA-N,23,2,0,0,0,0,False,False,False,True,,,
OCNT-2313737,train,XHHUBSTUIDERMY-UHFFFAOYSA-N,28,4,0,0,1,1,False,True,False,False,,2,2
OCNT-2313740,train,JJUHNTPZRYBNKV-UHFFFAOYSA-N,24,5,0,0,3,4,False,False,False,True,,"2,4,15","2,4,7,15"
OCNT-2313742,train,MKVWNCOZYPOBSM-UHFFFAOYSA-N,24,4,0,0,1,1,False,True,False,True,,22,22
OCNT-2313747,train,MKAPJUSNQVTHCK-UHFFFAOYSA-N,25,6,0,0,3,3,False,False,False,True,,"2,3,4","2,3,4"
OCNT-2313748,train,HPSPZTKMIWGONM-UONOGXRCSA-N,25,3,0,0,2,3,False,True,False,False,,"8,10","8,10,23"
OCNT-2313749,train,YENIUINOCHUVDI-UHFFFAOYSA-N,26,2,0,0,0,1,True,True,True,True,,,17
OCNT-2313756,train,VBBAASKOJWNADN-UHFFFAOYSA-N,24,3,1,1,2,2,False,True,True,False,13,"13,19","13,19"
OCNT-2313758,train,MTIQWDDSHMGBCV-UHFFFAOYSA-N,27,3,0,0,1,1,False,False,False,True,,26,26
OCNT-2313761,train,XFJUAFJSOQGSKX-UHFFFAOYSA-N,26,7,1,1,4,4,False,False,True,False,1,"1,12,19,21","1,12,19,21"
OCNT-2313765,train,YFHAUHXJFQRZJQ-UHFFFAOYSA-N,24,3,0,0,1,1,False,False,False,True,,6,6
OCNT-2313767,train,NLZQRFNWCCYKRO-UHFFFAOYSA-N,28,5,0,0,2,2,False,False,True,False,,"2,26","2,26"
OCNT-2313769,train,IEDWIFXSXDFAGI-UHFFFAOYSA-N,29,2,1,1,1,1,False,False,True,False,8,8,8
OCNT-2313771,train,NYPQWFIWQBGCSN-UHFFFAOYSA-N,23,4,0,0,3,3,True,False,False,True,,"5,13,16","5,13,16"
OCNT-2313778,train,OTNGFHKZEVTRBS-RTBURBONSA-N,25,4,0,0,2,2,True,False,True,False,,"9,11","9,11"
OCNT-2313781,train,INBCSICKPLQLSJ-UHFFFAOYSA-N,31,2,0,0,1,1,False,True,False,False,,22,22
OCNT-2313785,train,YXLVDUWUDRRGEV-UHFFFAOYSA-N,28,6,0,0,2,2,True,False,False,False,,"5,27","5,27"
OCNT-2313789,train,OORSXFVBXLFCHO-UHFFFAOYSA-N,24,3,1,1,2,2,True,False,True,False,12,"4,12","4,12"
OCNT-2313792,train,UFRFFDWQHAVRIU-UHFFFAOYSA-N,22,4,0,0,2,2,False,True,False,False,,"6,13","6,13"
OCNT-2313798,train,NMKFSNRWUYJUHY-FZMZJTMJSA-N,24,5,0,0,3,3,False,True,False,False,,"4,5,6","4,5,6"
OCNT-2313799,train,AMWPMSHAYVPOHP-UHFFFAOYSA-N,24,3,0,0,1,1,True,False,True,False,,22,22
OCNT-2313802,train,BCBGMEOEGBETFD-UHFFFAOYSA-N,21,1,0,0,0,2,False,True,False,False,,,"1,15"
OCNT-2313803,train,BKBGSZBMLUUOEE-HOMQSWHASA-N,22,3,0,0,0,0,False,True,False,False,,,
OCNT-2313804,train,UTFJVWIFVHWOCG-QMTHXVAHSA-N,24,3,0,0,1,1,False,False,False,True,,22,22
OCNT-2313807,train,SQJMMPMDMDJGMZ-UHFFFAOYSA-N,23,1,0,0,0,1,False,False,False,True,,,8
OCNT-2313808,train,MKQBWARPRLEMRM-UHFFFAOYSA-N,24,3,1,1,2,2,True,False,True,False,7,"7,23","7,23"
OCNT-2313811,train,GZHGYSRJOZIHEY-UHFFFAOYSA-N,21,0,0,0,0,0,False,False,False,True,,,
OCNT-2313815,train,XOUCDEWWDAZSRK-UHFFFAOYSA-N,23,3,0,0,0,0,False,False,False,True,,,
OCNT-2313821,train,MGMUDDVTYLQJBC-CALCHBBNSA-N,26,2,0,0,0,1,False,False,False,True,,,8
OCNT-2313822,train,KPUXHFCBTOEAHN-UHFFFAOYSA-N,25,5,0,0,2,2,False,True,False,False,,"2,24","2,24"
OCNT-2313825,train,BGZMVPUNDGPXIM-UHFFFAOYSA-N,28,1,0,0,0,0,True,True,False,True,,,
OCNT-2313826,train,OSJLPZDRGKVMAN-KBPBESRZSA-N,23,2,0,0,0,0,False,True,True,False,,,
OCNT-2313829,train,SUJQFQJPAWTXTL-UHFFFAOYSA-N,26,4,0,0,2,2,True,False,False,True,,"4,15","4,15"
OCNT-2313830,train,PTEFOBJMOFRBQN-GJZGRUSLSA-N,25,3,0,0,1,1,False,True,False,False,,19,19
OCNT-2313831,train,PEWNDETWSSTSKC-UHFFFAOYSA-N,22,4,0,0,1,1,True,False,False,False,,20,20
OCNT-2313832,train,QGGGYUMVDWLIJZ-UHFFFAOYSA-N,27,5,0,0,1,1,False,True,False,False,,9,9
OCNT-2313833,train,VUPKSBXFZNHHPW-UHFFFAOYSA-N,24,3,0,0,0,0,True,True,False,False,,,
OCNT-2313839,train,GPJFIUFMOSAZGL-UHFFFAOYSA-N,25,4,0,0,1,1,False,False,False,True,,17,17
OCNT-2313842,train,YPALTINXGZJQAC-UHFFFAOYSA-N,22,4,0,0,1,1,False,False,False,True,,18,18
OCNT-2313845,train,CEZWATQPKVMJIE-UHFFFAOYSA-N,25,3,0,0,1,2,True,False,False,False,,18,"4,18"
OCNT-2313846,train,GRXNKYJPVRMSEL-UHFFFAOYSA-N,24,3,0,0,1,2,False,False,False,True,,12,"1,12"
OCNT-2313851,train,JPSILQZHLDXHAY-UHFFFAOYSA-N,25,6,0,0,4,4,True,False,False,False,,"5,6,14,23","5,6,14,23"
OCNT-2313852,train,ZJTMJMXMMTYTOG-UHFFFAOYSA-N,23,6,0,0,3,3,False,True,False,False,,"12,13,22","12,13,22"
OCNT-2313858,train,QVWZUTGGSWIQLH-UHFFFAOYSA-N,22,4,0,0,2,3,False,True,False,True,,"2,19","2,19,21"
OCNT-2313859,train,HIIRLZXIBDJCOU-UHFFFAOYSA-N,28,2,0,0,0,1,False,False,False,True,,,27
OCNT-2313861,train,MFNSOCSXVQEFKV-UHFFFAOYSA-N,22,3,1,1,1,2,False,False,True,False,10,10,"10,13"
OCNT-2313863,train,AMORLHVVBKZQJY-UHFFFAOYSA-N,24,2,0,0,0,0,True,False,False,False,,,
OCNT-2313865,train,NIYULIQCZVFWLR-UHFFFAOYSA-N,26,6,0,0,2,2,True,False,False,True,,"13,22","13,22"
OCNT-2313867,train,XCJBZSLPRJLGAD-UHFFFAOYSA-N,25,5,0,0,3,3,False,True,False,False,,"16,19,22","16,19,22"
OCNT-2313869,train,UOSDAWBLIDENMK-UHFFFAOYSA-N,23,2,0,0,1,1,False,False,False,True,,9,9
OCNT-2313871,train,LYIQMTLUFSULDO-UHFFFAOYSA-N,31,5,1,1,3,3,False,False,True,False,19,"19,24,28","19,24,28"
OCNT-2313872,train,RCBGZWSXEDEAKT-UHFFFAOYSA-N,22,6,0,0,3,3,True,True,False,False,,"2,15,21","2,15,21"
OCNT-2313874,train,AISHWDLCLPDDSX-UHFFFAOYSA-N,26,6,0,0,3,3,False,True,False,False,,"18,22,24","18,22,24"
OCNT-2313875,train,DFTPHTHVVIAULK-CYBMUJFWSA-N,25,5,0,0,0,0,False,False,False,True,,,
OCNT-2313876,train,BVDLGVXDJDIXQS-UHFFFAOYSA-N,24,3,0,0,2,2,True,True,False,False,,"7,23","7,23"
OCNT-2313880,train,CCMJWQAMRHQPLA-AOOOYVTPSA-N,21,2,0,0,0,1,False,False,False,True,,,8
OCNT-2313881,train,BYKIQWVUHQINDN-UHFFFAOYSA-N,30,2,0,0,0,0,False,True,False,False,,,
OCNT-2313886,train,JSJHAJURFVUFKI-UHFFFAOYSA-N,25,3,0,0,1,1,True,False,False,False,,19,19
OCNT-2313887,train,PEIDMFGKYSEABD-UHFFFAOYSA-N,24,3,0,0,0,0,False,False,False,True,,,
OCNT-2313888,train,AKGNFUOCHVNYDC-UHFFFAOYSA-N,23,2,0,0,0,0,True,False,False,False,,,
OCNT-2313891,train,KUHZCSFEVNUNDQ-UHFFFAOYSA-N,27,3,1,1,1,1,False,False,True,False,20,20,20
OCNT-2313894,train,PEYUIRWCNUJIJN-UHFFFAOYSA-N,27,5,1,1,2,3,False,False,False,True,5,"5,20","3,5,20"
OCNT-2313895,train,MNPYESDKOVWXSR-UHFFFAOYSA-N,24,3,0,0,1,1,True,False,False,False,,21,21
OCNT-2313897,train,QVFHSMGCYHVHEX-UHFFFAOYSA-N,23,2,0,0,1,2,False,True,False,True,,15,"15,19"
OCNT-2313901,train,MEUXVMNOWUHXPO-UHFFFAOYSA-N,21,1,0,0,0,0,False,True,False,True,,,
OCNT-2313906,train,DQZPSTCWXMFFLR-UHFFFAOYSA-N,32,4,0,0,0,0,True,True,False,False,,,
OCNT-2313909,train,UZRQOSFDZJTFGF-UHFFFAOYSA-N,30,4,0,0,2,2,False,False,False,True,,"12,24","12,24"
OCNT-2313910,train,LSRTWYOTIFENKS-UHFFFAOYSA-N,25,3,1,1,2,2,True,False,False,True,14,"14,24","14,24"
OCNT-2313912,train,MFQUCJFOGBKLIU-UHFFFAOYSA-N,23,5,0,0,3,3,True,False,False,False,,"3,13,16","3,13,16"
OCNT-2313913,train,JICCVDIDAFNKEU-UHFFFAOYSA-N,25,3,0,0,1,1,True,False,False,False,,17,17
OCNT-2313919,train,AGLVENDUQWLQPM-UHFFFAOYSA-N,24,2,0,0,0,1,False,False,True,False,,,9
OCNT-2313921,train,PCALXBQHOTZTPH-UHFFFAOYSA-N,23,2,0,0,1,1,False,True,False,True,,18,18
OCNT-2313923,train,QBMXBWJGVUKDQR-UHFFFAOYSA-N,22,1,0,0,0,0,True,False,False,False,,,
OCNT-2313925,train,AASVXHJOMJWMJZ-CXAGYDPISA-N,23,4,0,0,1,1,False,False,False,True,,3,3
OCNT-2313933,train,QRRRJMGDMNQYJZ-UHFFFAOYSA-N,23,6,0,0,4,4,False,False,True,True,,"9,11,14,15","9,11,14,15"
OCNT-2313935,train,APMUUVFAEFGKBE-UHFFFAOYSA-N,21,3,0,0,1,1,False,False,False,True,,14,14
OCNT-2313936,train,ZVDUPAFRUPRJTO-UHFFFAOYSA-N,29,6,0,0,3,3,False,True,False,False,,"2,23,28","2,23,28"
OCNT-2313939,train,LCJHPXYBKAHYBP-YPMHNXCESA-N,24,2,0,0,0,0,True,False,False,False,,,
OCNT-2313944,train,NUKPHKXLLJXVFK-UHFFFAOYSA-N,32,4,0,0,0,0,False,False,True,False,,,
OCNT-2313948,train,BZVHKYBWSDLONO-UHFFFAOYSA-N,24,4,0,0,3,3,True,False,False,True,,"14,15,22","14,15,22"
OCNT-2313949,train,HYDMJJIQJHFVMR-UHFFFAOYSA-N,21,3,0,0,1,1,False,False,False,True,,12,12
OCNT-2313953,train,SWNJAIASNHOJIY-UHFFFAOYSA-N,21,1,0,0,0,2,False,False,False,True,,,"15,19"
OCNT-2313954,train,WGRJKHRILGAHPP-UHFFFAOYSA-N,25,6,0,0,3,3,False,True,False,False,,"3,16,22","3,16,22"
OCNT-2313956,train,WVTJBRCVLPXOJF-UHFFFAOYSA-N,22,3,0,0,1,1,False,True,False,False,,18,18
OCNT-2313963,train,UXUSWHDYXLIZIY-UHFFFAOYSA-N,23,2,0,0,0,0,True,False,False,False,,,
OCNT-2313965,train,XICHSSDXNJIOKJ-UHFFFAOYSA-N,23,3,0,0,1,3,False,False,False,True,,17,"9,17,20"
OCNT-2313970,train,BVDTYYUGCIRIIX-UHFFFAOYSA-N,34,5,1,1,2,2,False,True,False,False,3,"3,21","3,21"
OCNT-2313972,train,AAHRGEWRSAXFHK-UHFFFAOYSA-N,29,4,0,0,2,2,False,False,False,True,,"9,23","9,23"
OCNT-2313981,train,LAZCRDSVQVATOJ-UHFFFAOYSA-N,23,2,0,0,1,1,False,True,False,False,,22,22
OCNT-2313982,train,XUDQKNKHVNFDCN-UHFFFAOYSA-N,25,6,0,0,2,2,False,False,True,False,,"2,15","2,15"
OCNT-2313983,train,UMCGQNJIIKABGQ-UHFFFAOYSA-N,27,7,0,0,4,4,False,True,False,False,,"8,9,16,17","8,9,16,17"
OCNT-2313984,train,CVPBNALLHHKCFW-UHFFFAOYSA-N,22,3,1,1,2,2,False,False,True,False,9,"9,19","9,19"
OCNT-2313985,train,CMRWALMKNZNEAF-UGSOOPFHSA-N,25,4,1,1,1,1,True,False,True,True,23,23,23
OCNT-2313987,train,VTWNNPOZHUCBHZ-RDJZCZTQSA-N,25,3,0,0,1,2,False,False,False,True,,24,"22,24"
OCNT-2313989,train,IYYWZXVCRDDQCI-UHFFFAOYSA-N,25,6,0,0,3,3,True,True,False,False,,"3,23,24","3,23,24"
OCNT-2313992,train,WVKSYVADYXLNCD-UHFFFAOYSA-N,27,4,0,0,2,3,False,False,False,True,,"13,14","8,13,14"
OCNT-2313994,train,UMOYDVHDHUFZNQ-UHFFFAOYSA-N,22,5,0,0,3,3,True,False,True,False,,"15,18,21","15,18,21"
OCNT-2313995,train,HSHQPMSDKXGBOZ-UHFFFAOYSA-N,32,3,0,0,1,1,False,True,False,False,,3,3
OCNT-2313996,train,XMUSWZXWTNNACE-UHFFFAOYSA-N,24,5,0,0,2,2,False,False,False,True,,"4,17","4,17"
OCNT-2313997,train,PGIGWWAPHIEOSA-BBTUJRGHSA-N,26,4,0,0,1,1,False,False,True,False,,20,20
OCNT-2313999,train,FJGRRSPJBAJJCN-UHFFFAOYSA-N,21,1,0,0,0,0,True,True,False,True,,,
OCNT-2314002,train,BEIZLUPZPNKYCM-UHFFFAOYSA-N,26,5,0,0,2,2,False,False,False,True,,"9,11","9,11"
OCNT-2314003,train,MVJHLUDLKQPIKW-UHFFFAOYSA-N,21,5,0,0,3,3,True,False,True,False,,"6,12,15","6,12,15"
OCNT-2314004,train,AOWBBTKHKUABIR-UHFFFAOYSA-N,34,7,0,0,2,2,True,False,False,False,,"10,33","10,33"
OCNT-2314006,train,IQYRYJXGZUHECE-UHFFFAOYSA-N,24,4,0,0,3,3,True,False,False,False,,"5,19,23","5,19,23"
OCNT-2314010,train,SPOVBXZSDWLARY-UHFFFAOYSA-N,21,3,0,0,0,0,False,False,False,True,,,
OCNT-2314011,train,UXHPOOLMZAWLIS-UHFFFAOYSA-N,23,3,0,0,1,1,False,False,False,True,,15,15
OCNT-2314012,train,KXOGHFPNTQMANJ-UHFFFAOYSA-N,31,6,0,0,2,2,False,True,False,False,,"8,9","8,9"
OCNT-2314014,train,XCIJBXYLYAHBTP-UHFFFAOYSA-N,25,5,1,1,4,5,False,False,False,True,3,"3,12,20,21","3,6,12,20,21"
OCNT-2314015,train,POSKFSHTDIVBQU-UHFFFAOYSA-N,24,3,0,0,0,0,False,False,False,True,,,
OCNT-2314017,train,LEQSLZQFYHLUIU-UHFFFAOYSA-N,25,4,0,0,2,2,False,True,False,False,,"6,8","6,8"
OCNT-2314020,train,LLGBUXZFDXXLDA-UHFFFAOYSA-N,24,3,0,0,1,1,False,False,True,False,,17,17
OCNT-2314023,train,SURJULAVWQTUDT-UHFFFAOYSA-N,24,3,0,0,0,0,True,False,False,False,,,
OCNT-2314024,train,GYTCLQMPVMJGFA-UHFFFAOYSA-N,25,3,0,0,0,1,True,True,False,True,,,1
OCNT-2314025,train,OHRNTNHJMYAFCK-UHFFFAOYSA-N,28,4,0,0,1,1,False,False,True,False,,9,9
OCNT-2314028,train,LSFMGKPSZGJWRZ-UHFFFAOYSA-N,29,4,0,0,1,1,True,False,True,False,,11,11
OCNT-2314029,train,MAFHWMLXQOSBNE-UHFFFAOYSA-N,31,3,0,0,0,0,False,False,False,True,,,
OCNT-2314032,train,QGYDFVKEHDATCJ-UHFFFAOYSA-N,24,3,1,1,1,1,True,False,False,False,6,6,6
OCNT-2314033,train,RJCXPEGJXBHJKB-UHFFFAOYSA-N,23,2,0,0,0,1,False,False,False,True,,,14
OCNT-2314036,train,GJSVSPJKICEEPA-UHFFFAOYSA-N,29,5,0,0,2,2,False,True,False,False,,"12,21","12,21"
OCNT-2314037,train,WDHJJQQNQJWHFH-UHFFFAOYSA-N,25,1,0,0,0,0,False,True,False,False,,,
OCNT-2314041,train,ZUYXKEDIFSQYBY-UHFFFAOYSA-N,25,4,0,0,1,1,False,False,False,True,,24,24
OCNT-2314042,train,HIQYVZSPMFIADO-UHFFFAOYSA-N,22,5,0,0,2,2,False,True,False,False,,"2,19","2,19"
OCNT-2314044,train,XZOHWXOVKMMWNK-UHFFFAOYSA-N,22,2,0,0,1,2,False,False,False,True,,18,"11,18"
OCNT-2314045,train,HSRKGELPMUYHCC-UHFFFAOYSA-N,23,5,0,0,2,2,True,False,False,False,,"15,22","15,22"
OCNT-2314046,train,FTEPPECMOPAJHL-UHFFFAOYSA-N,23,2,0,0,0,1,False,True,False,False,,,19
OCNT-2314050,train,GOCFFTJIMSJTIK-UHFFFAOYSA-N,24,5,0,0,4,4,True,False,False,False,,"7,11,14,15","7,11,14,15"
OCNT-2314054,train,VQVPXYROELRNLE-LBPRGKRZSA-N,25,6,0,0,4,4,False,False,True,False,,"12,14,16,24","12,14,16,24"
OCNT-2314061,train,JYNPDVCZRJWTPX-UHFFFAOYSA-N,25,3,0,0,2,2,True,False,False,False,,"19,22","19,22"
OCNT-2314062,train,NEGKAPWDJURIMH-UHFFFAOYSA-N,27,4,0,0,2,2,True,False,True,False,,"13,24","13,24"
OCNT-2314063,train,PNLMZTVOHWZZNC-UHFFFAOYSA-N,26,5,0,0,3,3,False,True,False,False,,"20,21,25","20,21,25"
OCNT-2314064,train,MMANAQFFSPEWDM-YLJYHZDGSA-N,28,3,0,0,0,1,False,False,False,True,,,27
OCNT-2314065,train,LTOYLNDJBRELIB-UHFFFAOYSA-N,30,6,0,0,3,3,False,True,False,False,,"21,26,29","21,26,29"
OCNT-2314067,train,BBVBTGGZKHONFX-UHFFFAOYSA-N,30,6,0,0,3,3,False,False,False,True,,"3,27,28","3,27,28"
OCNT-2314068,train,GPSBNWGJJJFJOP-UHFFFAOYSA-N,25,6,0,0,3,3,True,False,False,False,,"9,10,18","9,10,18"
OCNT-2314069,train,UHKRMQBELBBMBX-UHFFFAOYSA-N,32,6,0,0,2,2,False,False,False,True,,"8,24","8,24"
OCNT-2314070,train,CAJHKSBYVXJIBL-UHFFFAOYSA-N,26,7,0,0,2,2,True,False,False,False,,"23,25","23,25"
OCNT-2314073,train,DIYUFBAIKTZZNR-UHFFFAOYSA-N,22,3,1,1,2,2,False,True,False,True,13,"13,19","13,19"
OCNT-2314074,train,GHSVIASTMJPJAL-UHFFFAOYSA-N,24,1,0,0,0,1,False,False,False,True,,,15
OCNT-2314076,train,WQWDRNYGLYESFR-UHFFFAOYSA-N,25,2,0,0,1,1,False,False,False,True,,2,2
OCNT-2314079,train,WVSLEKSANMYUQT-UHFFFAOYSA-N,25,2,0,0,0,0,False,False,False,True,,,
OCNT-2314083,train,NRHPQGFOHHKTNQ-UHFFFAOYSA-N,25,4,0,0,2,2,True,False,False,True,,"2,6","2,6"
OCNT-2314086,train,PFZDDDCXFJSCKQ-UHFFFAOYSA-N,21,3,0,0,1,1,True,False,False,True,,13,13
OCNT-2314087,train,ABUNSDMPQVALBH-UHFFFAOYSA-N,32,6,0,0,4,4,True,True,True,True,,"2,3,11,29","2,3,11,29"
OCNT-2314096,train,XZNGSOPYOVQRAS-YWVDXFKGSA-N,24,5,1,1,1,1,False,False,False,True,1,1,1
OCNT-2314101,train,RHEVNNHIFUFFBB-UHFFFAOYSA-N,22,3,1,1,2,3,False,False,False,True,1,"1,19","1,6,19"
OCNT-2314103,train,PUKFDGJDVJPEOB-UHFFFAOYSA-N,24,3,0,0,1,1,True,False,False,False,,10,10
OCNT-2314112,train,VRBFZAXQCQZSLO-UHFFFAOYSA-N,25,5,1,1,3,4,False,False,True,False,11,"11,14,20","11,14,20,23"
OCNT-2314113,train,XALYUGQYUQJNAD-UHFFFAOYSA-N,25,4,0,0,2,2,False,False,False,True,,"23,24","23,24"
OCNT-2314117,train,HIABLDMYIKYFFZ-UHFFFAOYSA-N,26,5,0,0,2,2,False,False,False,True,,"2,6","2,6"
OCNT-2314118,train,RDBNOINQMHYGCO-UHFFFAOYSA-N,25,4,0,0,1,1,False,False,True,True,,22,22
OCNT-2314120,train,ZHDQSWFXBSTNRS-UHFFFAOYSA-N,21,4,0,0,2,2,True,False,True,False,,"6,8","6,8"
OCNT-2314122,train,LEBBFHPAILOSTF-UHFFFAOYSA-N,28,5,0,0,1,1,False,True,False,False,,26,26
OCNT-2314127,train,ZWKPLPQOZQTTCU-WDEVSDKISA-N,22,5,0,0,2,3,False,False,False,True,,"4,15","4,15,18"
OCNT-2314135,train,UHKMGEDTTFFMSI-UHFFFAOYSA-N,23,4,0,0,2,2,True,False,True,True,,"2,18","2,18"
OCNT-2314136,train,QSAXWMHCRIGKBT-UHFFFAOYSA-N,21,4,0,0,2,2,True,False,True,False,,"6,7","6,7"
OCNT-2314137,train,XRYABESRJLRZOG-UHFFFAOYSA-N,25,5,0,0,2,2,False,False,False,True,,"9,18","9,18"
OCNT-2314140,train,UWSWAMWLQLOZGQ-NHYWBVRUSA-N,23,7,1,1,4,4,True,False,False,True,21,"7,11,12,21","7,11,12,21"
OCNT-2314141,train,ZHAHADNUYQPEQK-UHFFFAOYSA-N,29,4,0,0,1,1,False,False,False,True,,26,26
OCNT-2314143,train,LWTRMLLALRRQTO-UHFFFAOYSA-N,24,5,0,0,2,2,False,False,False,True,,"3,19","3,19"
OCNT-2314144,train,XWYOLGNYBOVYJJ-UHFFFAOYSA-N,27,4,0,0,4,4,False,False,True,False,,"10,14,22,23","10,14,22,23"
OCNT-2314145,train,FDOKMQXHLJZANP-UHFFFAOYSA-N,21,4,0,0,2,2,False,False,False,True,,"2,20","2,20"
OCNT-2314146,train,GXHPRWRZNWEZTC-UHFFFAOYSA-N,32,6,0,0,2,2,True,False,False,False,,"2,7","2,7"
OCNT-2314148,train,RVTZNVLWCXLJPL-UHFFFAOYSA-N,24,1,0,0,0,0,True,False,False,True,,,
OCNT-2314150,train,NLHOUDKWBHTLMC-UHFFFAOYSA-N,26,6,0,0,3,3,False,True,False,False,,"2,3,4","2,3,4"
OCNT-2314151,train,LXJKAAXWGFNAFK-UHFFFAOYSA-N,26,4,0,0,1,1,True,True,False,False,,25,25
OCNT-2314157,train,MLDJUSJHJPGARH-UHFFFAOYSA-N,22,2,0,0,0,1,False,True,False,False,,,7
OCNT-2314158,train,LURKJIHDDXREDC-UHFFFAOYSA-N,22,4,0,0,2,2,False,False,True,False,,"3,13","3,13"
OCNT-2314160,train,VGGFTXSHZAOJPX-UHFFFAOYSA-N,24,3,0,0,1,1,True,False,True,False,,18,18
OCNT-2314168,train,JBUZWBLYMKAVMF-UHFFFAOYSA-N,24,4,0,0,2,2,False,True,False,False,,"11,14","11,14"
OCNT-2314169,train,WBVQFQJYACJRED-UHFFFAOYSA-N,28,4,0,0,1,1,False,False,True,False,,19,19
OCNT-2314172,train,VEUVBVWSGSYXGX-FZMZJTMJSA-N,24,2,0,0,0,1,False,True,False,False,,,7
OCNT-2314176,train,ZERPZYBRMRUZEU-UHFFFAOYSA-N,24,5,0,0,3,3,False,False,True,True,,"18,20,21","18,20,21"
OCNT-2314178,train,JXKHXXHGQFDIGY-UHFFFAOYSA-N,23,3,0,0,2,2,True,True,True,True,,"13,15","13,15"
OCNT-2314180,train,GSUGZHKFDPWTRP-ZDUSSCGKSA-N,23,5,0,0,3,3,False,False,False,True,,"3,19,21","3,19,21"
OCNT-2314182,train,IVCDGKPHARCRJC-UHFFFAOYSA-N,24,3,0,0,2,2,False,False,True,False,,"18,20","18,20"
OCNT-2314187,train,JUPPCDZKBBDTEC-UHFFFAOYSA-N,32,4,0,0,0,1,False,False,False,True,,,12
OCNT-2314190,train,DOFQECKISJCOKJ-UHFFFAOYSA-N,33,6,0,0,2,2,False,False,False,True,,"24,25","24,25"
OCNT-2314193,train,MGCVXFFXMUIATM-UHFFFAOYSA-N,24,2,0,0,1,2,False,False,False,True,,10,"10,15"
OCNT-2314197,train,VUBPFQVWEULGBN-UHFFFAOYSA-N,24,7,0,0,5,5,True,False,False,False,,"13,14,15,21,22","13,14,15,21,22"
OCNT-2314198,train,VFWPDVJKDQAPGM-UHFFFAOYSA-N,21,5,0,0,2,2,False,True,False,False,,"4,20","4,20"
OCNT-2314199,train,JATURAANLPDRKL-UHFFFAOYSA-N,32,4,0,0,1,1,False,True,False,False,,26,26
OCNT-2314201,train,IXYQHOTWKVUKSC-UHFFFAOYSA-N,34,8,0,0,3,3,False,False,False,True,,"9,25,29","9,25,29"
OCNT-2314202,train,OEMTWSPWCQGRKF-UHFFFAOYSA-N,29,6,0,0,3,3,True,False,False,False,,"8,18,22","8,18,22"
OCNT-2314207,train,VMQVPAMNFSTCAC-UHFFFAOYSA-N,24,4,0,0,3,3,True,False,False,False,,"8,11,19","8,11,19"
OCNT-2314208,train,XBHQNSQHLGDTSU-UHFFFAOYSA-N,26,4,0,0,1,1,True,True,False,True,,14,14
OCNT-2314210,train,MVNQOYNSBTYFJP-UHFFFAOYSA-N,22,5,0,0,3,3,True,False,True,False,,"2,17,21","2,17,21"
OCNT-2314212,train,OKWGMNAGYKRRPT-UHFFFAOYSA-N,21,5,0,0,3,3,False,False,False,True,,"13,15,19","13,15,19"
OCNT-2314213,train,VLJKAMHQYUPXEX-UHFFFAOYSA-N,32,4,0,0,2,2,False,False,True,False,,"23,24","23,24"
OCNT-2314215,train,DIPOULUMVHFNBF-UHFFFAOYSA-N,25,3,0,0,1,1,False,False,False,True,,21,21
OCNT-2314217,train,QHZBFBPFQWLGHR-UHFFFAOYSA-N,21,3,0,0,2,2,True,True,False,False,,"9,11","9,11"
OCNT-2314219,train,FBRYNROWKMCRQX-UHFFFAOYSA-N,21,6,0,0,4,4,False,False,True,False,,"12,14,17,18","12,14,17,18"
OCNT-2314221,train,DBBCYNPRCHVZOY-UHFFFAOYSA-N,23,2,0,0,0,0,False,False,False,True,,,
OCNT-2314222,train,DRWGVCFKZYRZIO-UHFFFAOYSA-N,24,7,0,0,4,4,False,True,False,False,,"14,15,20,22","14,15,20,22"
OCNT-2314223,train,VBKKZSCFZWTRKK-UHFFFAOYSA-N,22,4,0,0,2,2,False,False,True,False,,"2,7","2,7"
OCNT-2314226,train,SOJFGIZPXDBJNT-UHFFFAOYSA-N,26,4,0,0,2,3,True,False,True,False,,"21,23","8,21,23"
OCNT-2314233,train,ZMIDEZNFWUBGPS-UHFFFAOYSA-N,25,2,1,1,1,1,False,False,True,False,24,24,24
OCNT-2314234,train,HILLPHQRAJGUKV-UHFFFAOYSA-N,27,6,0,0,2,2,True,False,False,True,,"2,24","2,24"
OCNT-2314235,train,VDFLJWZVNJDAIS-UHFFFAOYSA-N,25,5,0,0,2,2,False,False,True,False,,"6,8","6,8"
OCNT-2314237,train,YAXNCYJLFNFFDI-UHFFFAOYSA-N,22,4,1,1,3,3,True,False,True,False,7,"7,16,19","7,16,19"
OCNT-2314242,train,JJMAZDCUJJCWKM-UHFFFAOYSA-N,25,4,0,0,3,3,False,False,True,False,,"10,19,22","10,19,22"
OCNT-2314243,train,KAQQATACFIYYTR-UHFFFAOYSA-N,25,6,1,1,4,4,False,False,True,False,6,"2,6,22,24","2,6,22,24"
OCNT-2314247,train,BPNYIDLJZSGJNS-UHFFFAOYSA-N,22,3,0,0,1,1,True,False,False,False,,15,15
OCNT-2314248,train,XPIXQQFKIMODLQ-UHFFFAOYSA-N,24,5,0,0,2,2,True,False,False,True,,"16,21","16,21"
OCNT-2314251,train,IBGXCUDZMNOTSR-UHFFFAOYSA-N,24,4,0,0,1,1,False,True,False,False,,2,2
OCNT-2314254,train,PNZYMSWQEYPOPA-UHFFFAOYSA-N,23,3,1,1,1,1,True,True,True,True,5,5,5
OCNT-2314255,train,PZPVDVLNBIMBKG-UHFFFAOYSA-N,25,4,0,0,1,1,False,False,True,False,,12,12
OCNT-2314257,train,VIKCJJDTCVKRPK-UHFFFAOYSA-N,21,3,0,0,1,1,True,False,False,False,,2,2
OCNT-2314259,train,YSSKRKGSPNCGTM-UHFFFAOYSA-N,21,1,1,1,1,2,True,False,False,False,1,1,"1,4"
OCNT-2314261,train,YWJASKIEIVBMID-UHFFFAOYSA-N,21,2,1,1,1,1,False,False,True,False,3,3,3
OCNT-2314262,train,MHMLNPGOPQKOTM-UHFFFAOYSA-N,24,4,0,0,1,1,False,False,True,False,,2,2
OCNT-2314263,train,CYYZQVGRZABDLV-UHFFFAOYSA-N,21,4,0,0,2,2,True,False,True,False,,"13,14","13,14"
OCNT-2314266,train,VHVGLSGEIFKTCG-UHFFFAOYSA-N,23,4,1,1,2,2,True,False,True,False,18,"18,21","18,21"
OCNT-2314267,train,KLULEELEFHAFLA-UHFFFAOYSA-N,26,3,0,0,2,3,True,False,True,False,,"5,21","5,21,25"
OCNT-2314269,train,IURDZXWYYGBBOU-MRXNPFEDSA-N,27,4,0,0,1,1,False,True,False,True,,11,11
OCNT-2314271,train,MSSBGNRPOIQQAV-UHFFFAOYSA-N,25,3,1,1,2,3,False,False,True,False,1,"1,6","1,6,17"
OCNT-2314273,train,UNRZRJRVVBVATF-UHFFFAOYSA-N,27,6,0,0,2,2,True,False,False,False,,"8,25","8,25"
OCNT-2314275,train,UOAZSMRAKRPPSF-UHFFFAOYSA-N,23,5,1,1,3,3,False,False,True,False,1,"1,10,12","1,10,12"
OCNT-2314277,train,QGDPWBQILMREMB-UHFFFAOYSA-N,26,3,0,0,1,2,False,True,False,True,,25,"5,25"
OCNT-2314279,train,NVQLRNPGJMCFJN-UHFFFAOYSA-N,24,3,0,0,1,1,False,True,False,True,,4,4
OCNT-2314283,train,LKHLFUHYEJGOEG-UHFFFAOYSA-N,29,3,0,0,1,1,False,True,False,False,,18,18
OCNT-2314290,train,BUFZTOKCRSQULC-UHFFFAOYSA-N,28,4,0,0,1,1,False,False,False,True,,15,15
OCNT-2314295,train,KFADPKUTZZVLIQ-OAHLLOKOSA-N,27,4,0,0,1,1,False,True,False,True,,25,25
OCNT-2314296,train,CFCKXKAHIRNCFO-UHFFFAOYSA-N,27,6,0,0,3,3,False,False,True,False,,"9,23,26","9,23,26"
OCNT-2314300,train,BUWPDOKJHOVWEV-UHFFFAOYSA-N,22,1,0,0,0,0,False,False,False,True,,,
OCNT-2314301,train,JBUYSVCDKUEWGF-UHFFFAOYSA-N,25,5,0,0,2,2,True,False,False,False,,"2,6","2,6"
OCNT-2314305,train,NHFQFWFPAUMJGJ-UHFFFAOYSA-N,21,6,0,0,3,3,True,False,False,False,,"7,16,18","7,16,18"
OCNT-2314306,train,FAIPFRSDTGEWBZ-UHFFFAOYSA-N,22,3,0,0,0,0,True,False,False,False,,,
OCNT-2314307,train,DFBBOYDEPSYBPJ-UHFFFAOYSA-N,23,4,0,0,2,2,True,False,False,False,,"11,21","11,21"
OCNT-2314310,train,CRRWDCQIGUFMTL-UHFFFAOYSA-N,34,3,0,0,1,1,True,False,False,False,,2,2
OCNT-2314311,train,WKNCAKADOQJKFX-FUBQLUNQSA-N,25,4,0,0,1,2,False,False,False,True,,23,"2,23"
OCNT-2314318,train,SMKNXPIFDCZWEW-UHFFFAOYSA-N,23,3,0,0,0,1,False,False,False,True,,,15
OCNT-2314321,train,WDVWPZGOCHWSJT-ZETCQYMHSA-N,22,3,0,0,1,2,True,True,False,True,,7,"7,21"
OCNT-2314322,train,NOQOCXKSVCBYIX-UHFFFAOYSA-N,24,2,0,0,1,1,True,True,False,False,,3,3
OCNT-2314323,train,HCLGXJOBTJHKMI-UHFFFAOYSA-N,26,2,0,0,0,0,True,False,False,False,,,
OCNT-2314324,train,XPHNDQLBIHZZOS-UHFFFAOYSA-N,27,3,0,0,1,1,False,False,True,False,,4,4
OCNT-2314326,train,GAPLSBBGIVIWTM-UHFFFAOYSA-N,26,4,0,0,3,3,False,False,False,True,,"12,14,23","12,14,23"
OCNT-2314327,train,UVBNIRRFSDDXSF-UHFFFAOYSA-N,22,4,0,0,1,1,False,False,False,True,,21,21
OCNT-2314328,train,SDLOTUAAJZLXOV-UHFFFAOYSA-N,25,1,0,0,0,1,False,False,False,True,,,15
OCNT-2314329,train,WAZMOIHQXCAEEA-UHFFFAOYSA-N,27,5,0,0,3,3,True,False,True,False,,"22,23,26","22,23,26"
OCNT-2314335,train,SNAQXHFRULWQCO-UHFFFAOYSA-N,27,4,1,1,2,2,True,False,False,False,17,"8,17","8,17"
OCNT-2314336,train,AHLUDZNEISCUPH-HNNXBMFYSA-N,22,3,0,0,1,2,False,False,False,True,,20,"5,20"
OCNT-2314337,train,DCXRUHBVBOFAHS-UHFFFAOYSA-N,24,5,0,0,3,3,False,False,False,True,,"7,8,9","7,8,9"
OCNT-2314338,train,HPGMDFWZQXDVRR-UHFFFAOYSA-N,29,3,0,0,0,1,False,False,True,False,,,13
OCNT-2314341,train,KBTGNWQIXXNKTI-UHFFFAOYSA-N,22,3,0,0,1,1,False,True,False,True,,20,20
OCNT-2314342,train,XRIJHBOHQGKBGS-UHFFFAOYSA-N,21,2,1,1,1,1,False,False,True,True,19,19,19
OCNT-2314349,train,NRCJMMNOZIJRIM-UHFFFAOYSA-N,23,4,0,0,1,1,False,True,False,False,,11,11
OCNT-2314353,train,UIVHSXNADPPCMP-UHFFFAOYSA-N,35,5,0,0,1,1,False,True,False,False,,33,33
OCNT-2314354,train,MILIOGNESIKGOH-UHFFFAOYSA-N,23,4,1,1,2,2,False,False,False,True,9,"9,17","9,17"
OCNT-2314356,train,ZXMZDILXNDWOQN-UHFFFAOYSA-N,24,4,0,0,2,2,True,False,True,False,,"22,23","22,23"
OCNT-2314357,train,NDFANJJFIQOGLB-UHFFFAOYSA-N,26,3,0,0,0,0,False,True,False,False,,,
OCNT-2314360,train,FTMSJBRLUXKYNX-UHFFFAOYSA-N,28,3,0,0,1,2,True,False,True,False,,2,"2,25"
OCNT-2314363,train,ZAHNYOIOVUNRET-UHFFFAOYSA-N,25,6,0,0,3,3,False,True,False,False,,"5,16,23","5,16,23"
OCNT-2314369,train,GOKKUMQJBRQCEW-DYVFJYSZSA-N,24,5,1,1,4,4,True,False,False,False,14,"2,9,14,21","2,9,14,21"
OCNT-2314371,train,OSEWFKGKUJEEFD-UHFFFAOYSA-N,25,4,0,0,2,2,False,True,True,True,,"2,6","2,6"
OCNT-2314373,train,FPWDWCNZCTXVIS-UHFFFAOYSA-N,22,5,0,0,3,3,True,False,False,False,,"4,20,21","4,20,21"
OCNT-2314375,train,YRBDXVLPGDGYTN-UHFFFAOYSA-N,24,4,0,0,1,1,False,True,False,True,,8,8
OCNT-2314377,train,XXJPKEXBIMLSPG-UHFFFAOYSA-N,25,4,0,0,2,2,False,False,True,False,,"5,10","5,10"
OCNT-2314380,train,CUPLBUYAWMOJKR-UHFFFAOYSA-N,21,1,0,0,0,0,False,False,True,False,,,
OCNT-2314381,train,AVLOASHADGUSOL-UHFFFAOYSA-N,26,6,0,0,3,3,True,False,True,False,,"17,23,25","17,23,25"
OCNT-2314385,train,CNRAMFFCDZQKEI-UHFFFAOYSA-N,24,5,0,0,3,3,False,False,False,True,,"2,19,23","2,19,23"
OCNT-2314387,train,ZPNRFLVQUATPER-UHFFFAOYSA-N,24,2,0,0,1,2,False,True,False,False,,7,"7,9"
OCNT-2314390,train,OMNOWGXRBKTQNU-UHFFFAOYSA-N,26,4,0,0,2,2,False,False,False,True,,"13,17","13,17"
OCNT-2314395,train,NLONLIALNPPOCL-UHFFFAOYSA-N,23,4,0,0,2,2,False,False,True,False,,"5,8","5,8"
OCNT-2314397,train,UAHSWNYRQYPIEV-UHFFFAOYSA-N,25,4,0,0,3,3,False,False,True,False,,"5,11,23","5,11,23"
OCNT-2314399,train,LRYQQRCEPXEHIM-UHFFFAOYSA-N,23,3,0,0,1,2,True,False,False,False,,17,"17,19"
OCNT-2314402,train,XTZRHLYNKPNFJU-UHFFFAOYSA-N,24,5,0,0,2,2,True,False,False,False,,"13,20","13,20"
OCNT-2314403,train,KRCACUUPEICBHL-UHFFFAOYSA-N,25,4,0,0,1,1,False,True,False,False,,12,12
OCNT-2314405,train,BFEUJJDBPNVUAZ-UHFFFAOYSA-N,26,4,0,0,2,2,True,True,False,True,,"24,25","24,25"
OCNT-2314407,train,IFQPPSWDRROISD-UHFFFAOYSA-N,26,5,0,0,2,2,True,False,False,False,,"24,25","24,25"
OCNT-2314408,train,CNWNYMZJQYJSMP-UHFFFAOYSA-N,24,5,0,0,2,2,True,False,False,False,,"6,21","6,21"
OCNT-2314410,train,RYPJUMIOOIDIQY-UHFFFAOYSA-N,21,4,0,0,1,1,True,False,False,False,,6,6
OCNT-2314412,train,TTWYKBFGEGAEDK-UHFFFAOYSA-N,26,5,0,0,4,5,False,True,True,True,,"6,11,22,25","6,9,11,22,25"
OCNT-2314416,train,ZLZTVJRCKRVNHF-UHFFFAOYSA-N,30,3,0,0,0,0,False,True,False,False,,,
OCNT-2314426,train,VCMKSSBMBMRMSH-UHFFFAOYSA-N,27,2,0,0,0,1,False,False,True,False,,,22
OCNT-2314427,train,OFXBNHUEKULFNH-UHFFFAOYSA-N,25,4,0,0,3,4,False,False,False,True,,"4,18,23","4,17,18,23"
OCNT-2314433,train,PDCGVJNVWODTOB-UHFFFAOYSA-N,21,4,1,1,2,2,True,False,False,False,14,"5,14","5,14"
OCNT-2314434,train,BWZBXMNGGSMTKT-UHFFFAOYSA-N,27,4,0,0,1,1,False,False,True,False,,7,7
OCNT-2314436,train,AQDKRQSEIDTHDQ-UHFFFAOYSA-N,33,3,0,0,0,0,True,False,False,False,,,
OCNT-2314439,train,PGIJAJXIBGHEQS-INIZCTEOSA-N,26,3,0,0,0,1,False,False,False,True,,,22
OCNT-2314445,train,HDDVBAXIGQYQHH-UHFFFAOYSA-N,24,3,0,0,1,1,False,False,True,False,,7,7
OCNT-2314446,train,BBEPUEHUDFJMBA-UHFFFAOYSA-N,28,4,1,1,1,1,True,False,False,True,20,20,20
OCNT-2314447,train,HKPFECVEROOKQL-UHFFFAOYSA-N,25,3,1,1,2,2,False,True,False,False,19,"19,24","19,24"
OCNT-2314450,train,HVIJOBHTSPWXFX-UHFFFAOYSA-N,26,4,0,0,2,2,False,False,False,True,,"15,23","15,23"
OCNT-2314452,train,AJXGBNQNWMDJBV-UHFFFAOYSA-M,22,2,0,0,1,2,False,False,False,True,,3,"1,3"
OCNT-2314454,train,XXQZZAVTJKDDAX-UHFFFAOYSA-N,26,5,0,0,2,2,True,True,False,True,,"16,24","16,24"
OCNT-2314457,train,DLJQSCLUZQFLID-UHFFFAOYSA-N,24,8,0,0,5,5,True,False,False,True,,"7,17,19,20,21","7,17,19,20,21"
OCNT-2314458,train,FIBDYBROBRXMRD-UHFFFAOYSA-N,22,1,0,0,0,0,False,False,False,True,,,
OCNT-2314459,train,JWHLCTOWYIYRSW-UHFFFAOYSA-N,21,5,0,0,2,2,False,False,True,False,,"2,9","2,9"
OCNT-2314460,train,QYHDOFQZWNVICE-UHFFFAOYSA-N,21,4,0,0,1,1,True,False,False,False,,11,11
OCNT-2314461,train,QYFXAYDDKNNFAP-UHFFFAOYSA-N,26,5,1,1,4,4,True,True,False,True,1,"1,11,21,23","1,11,21,23"
OCNT-2314462,train,RJXPZBSDBSSSRE-UHFFFAOYSA-N,21,2,0,0,0,0,True,False,True,False,,,
OCNT-2314465,train,CBZVZUYDLPWQDO-UHFFFAOYSA-N,28,5,0,0,2,2,True,False,False,True,,"18,19","18,19"
OCNT-2314467,train,YMZKDLNFPCZEFP-UHFFFAOYSA-N,23,4,0,0,2,2,False,False,True,False,,"20,22","20,22"
OCNT-2314468,train,DAZULYSTDCFGOM-DZGCQCFKSA-N,25,6,0,0,3,3,True,False,True,False,,"9,11,23","9,11,23"
OCNT-2314473,train,WXFRBHMZPSUVHD-UHFFFAOYSA-N,23,6,0,0,3,3,False,False,True,False,,"5,13,15","5,13,15"
OCNT-2314478,train,PPZDZOGYWKBBMI-UHFFFAOYSA-N,32,5,1,1,1,1,False,False,True,False,16,16,16
OCNT-2314480,train,DMSGWBYWZFAVFS-UHFFFAOYSA-N,26,3,1,1,2,2,False,True,True,True,4,"4,17","4,17"
OCNT-2314481,train,GEJVZRUGXRBCTB-UHFFFAOYSA-N,27,4,0,0,3,3,True,False,False,False,,"2,10,20","2,10,20"
OCNT-2314482,train,SCENQOKIKYBZGN-UHFFFAOYSA-N,26,5,0,0,3,3,True,False,False,False,,"5,10,18","5,10,18"
OCNT-2314483,train,NWNMCXZQYBPRPZ-UHFFFAOYSA-N,29,4,1,1,2,2,False,True,False,True,10,"10,16","10,16"
OCNT-2314484,train,NQHRLOVRIMNNFT-UHFFFAOYSA-N,29,3,0,0,1,1,False,True,True,True,,20,20
OCNT-2314487,train,VKKZJKXTMRRBFA-UHFFFAOYSA-N,25,5,0,0,2,2,False,False,False,True,,"15,23","15,23"
OCNT-2314488,train,JMNYNFDFEMFFTN-UHFFFAOYSA-N,24,5,0,0,2,2,True,False,False,False,,"11,21","11,21"
OCNT-2314492,train,JHMXYYCTSDBMSY-UHFFFAOYSA-N,26,4,0,0,2,2,False,False,False,True,,"21,25","21,25"
OCNT-2314494,train,AWPZLKNJCNHYPP-UHFFFAOYSA-N,25,5,0,0,3,3,False,True,True,False,,"19,20,21","19,20,21"
OCNT-2314499,train,WEGDKVGLZWGWSI-UHFFFAOYSA-N,22,4,0,0,2,2,True,False,False,False,,"9,18","9,18"
OCNT-2314500,train,KBIZODSRDYBQSE-UHFFFAOYSA-N,25,3,0,0,1,1,True,False,True,False,,8,8
OCNT-2314502,train,UPDFXVMQTKYTKC-UHFFFAOYSA-N,31,6,0,0,3,4,False,True,False,True,,"7,19,23","5,7,19,23"
OCNT-2314504,train,LVFROFMVKKGOAE-UHFFFAOYSA-N,30,4,0,0,1,1,False,True,False,False,,18,18
OCNT-2314508,train,UVNYBBOFNBCKJI-UHFFFAOYSA-N,25,4,0,0,2,2,False,True,False,True,,"8,18","8,18"
OCNT-2314509,train,QYXPINIYROVOMX-UHFFFAOYSA-N,26,3,0,0,1,2,False,False,True,False,,21,"12,21"
OCNT-2314511,train,RJHZEIYCINLCIB-UHFFFAOYSA-N,23,4,0,0,2,2,False,False,False,True,,"20,21","20,21"
OCNT-2314515,train,NCIBUVAYBGDBLS-UHFFFAOYSA-N,23,3,0,0,1,1,False,True,False,True,,20,20
OCNT-2314516,train,MYQPLCJFXCDWRJ-UHFFFAOYSA-N,29,4,0,0,1,1,False,False,False,True,,18,18
OCNT-2314523,train,LRBHGXZQWVNOHB-QFBILLFUSA-N,24,2,0,0,1,1,False,False,False,True,,10,10
OCNT-2314524,train,LQVTYUIEGKMZHO-UHFFFAOYSA-N,28,4,0,0,2,2,False,False,False,True,,"5,10","5,10"
OCNT-2314526,train,MEEZHJJBYCBMLL-UHFFFAOYSA-N,28,5,0,0,3,3,False,False,True,False,,"9,14,22","9,14,22"
OCNT-2314527,train,NUKMCQPEFJSAAZ-MBOZVWFJSA-N,25,2,0,0,0,0,False,False,False,True,,,
OCNT-2314528,train,LBALHOFHHOXUBB-UHFFFAOYSA-N,23,4,0,0,2,2,True,False,True,False,,"11,13","11,13"
OCNT-2314532,train,CPQMCVQRXMBQOJ-KOMQPUFPSA-N,26,3,0,0,0,0,True,False,False,False,,,
OCNT-2314534,train,JDRYIRLVOYCPNW-UHFFFAOYSA-N,22,3,0,0,1,1,True,False,False,True,,15,15
OCNT-2314536,train,JUZQLSXEWXJSQX-UHFFFAOYSA-N,23,3,0,0,2,2,True,False,False,False,,"6,14","6,14"
OCNT-2314537,train,DSQFTSWIPOKTPP-UHFFFAOYSA-N,29,3,0,0,0,0,False,True,False,False,,,
OCNT-2314539,train,CDMXNTHBKPPMIJ-INIZCTEOSA-N,30,4,0,0,1,1,False,False,False,True,,20,20
OCNT-2314547,train,LATOOSZSOUGHJE-UHFFFAOYSA-N,24,4,0,0,1,2,False,False,False,True,,15,"13,15"
OCNT-2314548,train,LXFHBEHWOYNRSS-MRXNPFEDSA-N,33,7,0,0,3,3,False,True,True,True,,"6,26,29","6,26,29"
OCNT-2314551,train,OOGUISVCCPNPKO-UHFFFAOYSA-N,31,4,0,0,2,2,True,False,True,False,,"4,29","4,29"
OCNT-2314553,train,GIALTPSZWGVKPW-UHFFFAOYSA-N,27,6,0,0,3,3,False,False,False,True,,"9,23,25","9,23,25"
OCNT-2314554,train,JHMGHRRGECNUOZ-UHFFFAOYSA-N,26,4,0,0,1,1,False,True,False,False,,2,2
OCNT-2314559,train,BRLCJROZNOOQAY-UHFFFAOYSA-N,31,6,0,0,4,4,False,False,True,False,,"7,21,29,30","7,21,29,30"
OCNT-2314561,train,KIFGRFFZZJBKRI-QMEXGPQWSA-N,25,2,0,0,0,0,False,False,False,True,,,
OCNT-2314567,train,KXMATESBGAVCSV-UHFFFAOYSA-N,23,4,0,0,2,2,True,False,False,False,,"18,21","18,21"
OCNT-2314568,train,CEYRGLDKUBETCE-UHFFFAOYSA-N,23,3,0,0,2,3,True,False,False,False,,"5,13","0,5,13"
OCNT-2314570,train,VYPAFGXRKCBKND-UHFFFAOYSA-N,29,6,0,0,3,3,False,True,False,False,,"2,14,19","2,14,19"
OCNT-2314574,train,VMMAOGVIBOQCRR-UHFFFAOYSA-N,23,4,0,0,2,2,True,False,False,False,,"14,21","14,21"
OCNT-2314575,train,LOQPWSNDFNSRCO-YOEHRIQHSA-N,25,3,0,0,0,0,False,False,False,True,,,
OCNT-2314582,train,DPCDLHZNSWCOIR-UHFFFAOYSA-N,22,1,1,1,1,1,True,False,False,False,15,15,15
OCNT-2314583,train,SBEZNPUQNMRIFB-UHFFFAOYSA-N,27,4,0,0,1,1,False,False,False,True,,9,9
OCNT-2314584,train,NWLUCHZBIHVDPU-UHFFFAOYSA-N,25,5,0,0,2,2,False,True,True,True,,"19,22","19,22"
OCNT-2314586,train,SMPWASMRDISMMM-INSVYWFGSA-N,22,2,0,0,0,1,False,False,False,True,,,21
OCNT-2314588,train,SGAGKBYBXBBBFW-UHFFFAOYSA-N,25,4,1,1,3,3,True,False,True,False,8,"8,13,19","8,13,19"
OCNT-2314591,train,GCQDSXSVRBQJIS-UHFFFAOYSA-N,25,5,0,0,2,2,False,False,False,True,,"4,5","4,5"
OCNT-2314592,train,QKNOSEMAOFCOMM-UHFFFAOYSA-N,23,5,1,1,3,3,False,False,True,False,7,"7,21,22","7,21,22"
OCNT-2314594,train,IBFJUDRBIHPALZ-UHFFFAOYSA-N,25,2,1,1,1,1,False,False,True,False,13,13,13
OCNT-2314601,train,LFXVHOUFAAADOI-UHFFFAOYSA-N,24,6,1,1,4,4,False,False,True,False,14,"14,21,22,23","14,21,22,23"
OCNT-2314602,train,IZFMINWQFIPHFI-UHFFFAOYSA-N,26,6,0,0,3,3,False,True,True,True,,"16,17,23","16,17,23"
OCNT-2314603,train,YVNZWBMVYHHHAQ-UHFFFAOYSA-N,27,4,1,1,3,3,False,False,True,False,22,"14,15,22","14,15,22"
OCNT-2314606,train,IGKQFPRNWVVKOY-UHFFFAOYSA-N,24,5,0,0,1,1,False,False,False,True,,12,12
OCNT-2314607,train,JYIJURXJIRGYLD-UHFFFAOYSA-N,25,5,0,0,3,3,False,False,True,False,,"4,11,24","4,11,24"
OCNT-2314608,train,XYBUTVQAVQGLQI-UHFFFAOYSA-N,24,3,0,0,1,2,True,False,False,False,,4,"4,23"
OCNT-2314609,train,RASBLIZWRZHKCZ-ZDUSSCGKSA-N,22,5,0,0,2,2,False,True,False,False,,"14,21","14,21"
OCNT-2314610,train,RQWFYJBPMOLITH-KBPBESRZSA-N,26,6,0,0,3,3,False,False,False,True,,"22,24,25","22,24,25"
OCNT-2314611,train,XWECBMLZVRIZIV-FOLVSLTJSA-N,21,2,1,1,1,1,False,False,True,False,5,5,5
OCNT-2314613,train,XFLWIZMCEFPWSR-UHFFFAOYSA-N,25,3,0,0,0,0,False,True,False,True,,,
OCNT-2314615,train,FPRANIGYQRKCBH-UHFFFAOYSA-N,25,5,0,0,2,2,True,False,True,False,,"21,22","21,22"
OCNT-2314616,train,HUIABVFTVYHWJJ-UHFFFAOYSA-N,25,4,1,1,2,2,False,False,True,False,11,"2,11","2,11"
OCNT-2314617,train,GPZVJCWQYLPCKC-UHFFFAOYSA-N,26,2,0,0,1,2,True,False,False,True,,16,"16,25"
OCNT-2314618,train,NSLZYGYPESEJPJ-UHFFFAOYSA-N,27,5,1,1,3,3,False,False,True,False,12,"12,20,24","12,20,24"
OCNT-2314619,train,KPGDGRHDGRXNJT-UHFFFAOYSA-N,27,3,1,1,2,2,False,False,False,True,19,"12,19","12,19"
OCNT-2314621,train,PSBKQXWLPLHNHO-UHFFFAOYSA-N,22,5,1,1,3,3,False,False,False,True,1,"1,11,20","1,11,20"
OCNT-2314624,train,LKDLNDMROZFUSW-UHFFFAOYSA-N,24,2,0,0,1,1,True,False,False,False,,21,21
OCNT-2314625,train,RJHVPYKVGPHSDL-UHFFFAOYSA-N,24,3,0,0,0,0,True,True,True,False,,,
OCNT-2314629,train,XWXFPZLYHJMDET-UHFFFAOYSA-N,28,2,0,0,0,0,False,True,False,False,,,
OCNT-2314630,train,LSLIEHCSXLSEBB-UHFFFAOYSA-N,23,5,1,1,4,4,False,False,True,False,22,"6,13,14,22","6,13,14,22"
OCNT-2314631,train,REGAQXHKDCARHB-LBPRGKRZSA-N,22,2,0,0,1,2,False,False,False,True,,18,"18,21"
OCNT-2314632,train,LAXFUTMBNOBLAP-UHFFFAOYSA-N,22,4,0,0,2,2,False,False,True,False,,"13,19","13,19"
OCNT-2314636,train,GJYQEWJPDFTXRK-UHFFFAOYSA-N,23,2,0,0,0,0,False,False,False,True,,,
OCNT-2314637,train,AJCDYTGJIVDHJR-UHFFFAOYSA-N,24,5,1,1,4,4,False,False,True,False,23,"7,13,15,23","7,13,15,23"
OCNT-2314639,train,IVNIMDZBVHNVOZ-UHFFFAOYSA-N,23,3,0,0,0,0,True,True,True,False,,,
OCNT-2314641,train,HVBXEBBUJKBNKF-UHFFFAOYSA-N,26,3,0,0,1,1,True,False,True,False,,6,6
OCNT-2314646,train,SSYDLPWOKKRCSK-UHFFFAOYSA-N,22,1,1,1,1,4,False,False,True,False,3,3,"0,3,7,18"
OCNT-2314649,train,BXCHGIKOQTXVJL-SFHVURJKSA-N,26,3,0,0,1,1,True,True,False,False,,25,25
OCNT-2314654,train,JCXGYPVDNKEZKL-UHFFFAOYSA-N,21,4,0,0,3,3,True,False,True,False,,"7,16,18","7,16,18"
OCNT-2314657,train,FQFAHDMNRAXBFT-UHFFFAOYSA-N,26,4,0,0,2,2,True,False,False,False,,"3,24","3,24"
OCNT-2314658,train,PZFOBSYXPOAFTE-UHFFFAOYSA-N,23,4,0,0,3,3,False,True,False,False,,"17,20,22","17,20,22"
OCNT-2314662,train,GTGFBWKCCOBBSR-UHFFFAOYSA-N,23,4,0,0,3,3,True,False,False,False,,"4,10,22","4,10,22"
OCNT-2314663,train,YXEZVWSMQQMHDY-UHFFFAOYSA-N,23,2,0,0,1,1,True,False,False,False,,6,6
OCNT-2314665,train,NGCHIDKGLOUTJZ-UHFFFAOYSA-N,27,4,2,2,3,3,False,False,True,True,"3,6","3,6,20","3,6,20"
OCNT-2314667,train,RLHHNQCNJVVVEI-UHFFFAOYSA-N,25,4,0,0,1,1,False,False,False,True,,20,20
OCNT-2314673,train,KDRZNRIULSLEHY-UHFFFAOYSA-N,28,5,0,0,2,2,False,False,False,True,,"15,16","15,16"
OCNT-2314674,train,HUZQULPZWZSFBK-UHFFFAOYSA-N,23,4,0,0,1,1,True,False,False,False,,16,16
OCNT-2314682,train,PHJZMKYHWKGXEO-UHFFFAOYSA-N,25,3,1,1,2,2,False,False,True,False,15,"12,15","12,15"
OCNT-2314683,train,GKYGLOCHFIRIIR-UHFFFAOYSA-N,27,4,0,0,4,4,True,False,False,False,,"2,5,13,24","2,5,13,24"
OCNT-2314688,train,ULOBBAQXDYDAIA-UHFFFAOYSA-N,21,3,0,0,2,3,True,True,False,False,,"7,9","7,9,19"
OCNT-2314691,train,NXBAEKZVCZWXNN-UHFFFAOYSA-N,29,4,0,0,3,4,True,True,True,True,,"5,10,13","5,10,13,26"
OCNT-2314692,train,KOULUEUAIZCSHA-UHFFFAOYSA-N,22,4,0,0,2,2,True,False,False,False,,"20,21","20,21"
OCNT-2314693,train,GBIZTEIKKCLWIH-UHFFFAOYSA-N,23,3,0,0,0,0,False,False,False,True,,,
OCNT-2314694,train,LJXDGFVGNPOQIW-UHFFFAOYSA-N,29,4,0,0,2,2,False,True,False,True,,"24,28","24,28"
OCNT-2314695,train,VCDIWEJDASRNMH-UHFFFAOYSA-N,24,4,0,0,3,3,True,False,True,False,,"15,21,23","15,21,23"
OCNT-2314699,train,IIGPKLVZMJDWCL-PXAZEXFGSA-N,22,1,0,0,0,1,True,False,False,False,,,20
OCNT-2314705,train,PALLJXRWIIGYCG-UHFFFAOYSA-N,23,6,0,0,3,3,True,False,False,False,,"4,13,21","4,13,21"
OCNT-2314706,train,QXPYQRMVAGAKQV-UHFFFAOYSA-N,22,2,0,0,2,2,True,False,False,False,,"4,21","4,21"
OCNT-2314708,train,BOVZTVIRIMQCMP-QUCCMNQESA-N,25,2,0,0,0,0,False,True,False,False,,,
OCNT-2314713,train,XQQGIAHMCMVCAN-UHFFFAOYSA-N,27,4,1,1,2,2,False,True,False,False,19,"11,19","11,19"
OCNT-2314714,train,JACDKLURUYSVFJ-UHFFFAOYSA-N,26,3,1,1,1,1,False,False,True,False,20,20,20
OCNT-2314715,train,PJDIXNHLJXRWIU-UHFFFAOYSA-N,24,5,0,0,2,2,False,False,False,True,,"17,18","17,18"
OCNT-2314717,train,OSTWVWUINOEZHS-UHFFFAOYSA-N,27,6,0,0,2,2,False,False,True,False,,"22,26","22,26"
OCNT-2314720,train,YNBUZBXAPIGYTF-UHFFFAOYSA-N,21,4,1,1,4,4,True,False,False,False,3,"3,7,18,19","3,7,18,19"
OCNT-2314724,train,RXXQUZGRACSXLB-UHFFFAOYSA-N,22,4,0,0,2,2,False,False,True,False,,"10,11","10,11"
OCNT-2314726,train,USHNZYKNXBMNCZ-UHFFFAOYSA-N,28,5,2,2,2,2,False,False,False,True,"3,6","3,6","3,6"
OCNT-2314739,train,XEDRHVSLJMQZHC-UHFFFAOYSA-N,23,4,1,1,3,3,True,False,False,True,14,"14,20,22","14,20,22"
OCNT-2314741,train,QDZLJEUNTNYVTE-UHFFFAOYSA-N,27,4,0,0,1,1,True,False,False,False,,17,17
OCNT-2314744,train,RDICYFQRZMFODS-MFKMUULPSA-N,24,4,1,1,2,2,False,False,False,True,18,"18,22","18,22"
OCNT-2314747,train,ZJIFXAXTZXIZMY-UHFFFAOYSA-N,28,7,0,0,3,3,False,False,False,True,,"2,22,25","2,22,25"
OCNT-2314750,train,HDZXPBGQDAEJGU-UHFFFAOYSA-N,22,3,2,2,2,2,True,False,False,False,"1,18","1,18","1,18"
OCNT-2314757,train,WGLOMJBEIXDVFC-UHFFFAOYSA-N,23,3,0,0,1,1,True,False,True,False,,20,20
OCNT-2314759,train,YWMOZLLJWDAVMV-UHFFFAOYSA-N,26,3,1,1,1,1,False,False,False,True,18,18,18
OCNT-2314762,train,FIZHAGNIRXKEOB-UHFFFAOYSA-N,22,6,0,0,3,3,False,False,True,False,,"15,17,18","15,17,18"
OCNT-2314763,train,PXEMWOAWSRNDKZ-UHFFFAOYSA-N,26,3,0,0,1,1,False,True,True,True,,3,3
OCNT-2314768,train,YZQWTLZRWDTEFR-UHFFFAOYSA-N,30,6,0,0,4,4,True,False,False,False,,"7,25,28,29","7,25,28,29"
OCNT-2314770,train,CVYZOTQELJXXRO-UHFFFAOYSA-N,22,4,2,2,4,4,False,False,True,False,"8,17","4,8,17,21","4,8,17,21"
OCNT-2314771,train,KEFQOUBNQGJMHL-UHFFFAOYSA-N,23,2,0,0,1,3,True,False,True,False,,10,"10,16,19"
OCNT-2314773,train,FESOESUMEBWVHB-UHFFFAOYSA-N,21,3,1,1,1,1,False,False,True,False,6,6,6
OCNT-2314774,train,JOCLTLPPILWCOV-UHFFFAOYSA-N,25,3,1,1,2,2,True,False,False,False,2,"2,8","2,8"
OCNT-2314777,train,UOEUTDCAVNXVAV-UHFFFAOYSA-N,22,4,0,0,3,3,True,False,True,False,,"2,7,17","2,7,17"
OCNT-2314778,train,FLGWVQJYGWKVRH-UHFFFAOYSA-N,32,7,0,0,3,4,False,False,False,True,,"4,5,6","4,5,6,8"
OCNT-2314781,train,CXAMTUILUGPKDJ-UHFFFAOYSA-N,26,4,0,0,1,1,False,False,True,False,,18,18
OCNT-2314787,train,SBXRHPFDQZBYMA-UHFFFAOYSA-N,23,1,0,0,0,0,False,True,False,True,,,
OCNT-2314790,train,HSAUZTPCISNECZ-UHFFFAOYSA-N,25,4,1,1,2,2,False,False,True,False,10,"10,20","10,20"
OCNT-2314795,train,WBCFEEVPPONADX-UHFFFAOYSA-N,24,4,0,0,2,2,True,False,True,False,,"20,22","20,22"
OCNT-2314796,train,QWGZRNQOLUAEIB-UHFFFAOYSA-N,30,3,2,2,2,2,False,False,True,False,"7,23","7,23","7,23"
OCNT-2314799,train,JEMYMLMQFHQPFR-UHFFFAOYSA-N,27,2,0,0,0,0,False,False,True,False,,,
OCNT-2314800,train,RWPZLYAJVRZADS-UHFFFAOYSA-N,26,5,0,0,3,3,False,False,False,True,,"14,22,23","14,22,23"
OCNT-2314801,train,MSJUBWSXQQCCCY-UHFFFAOYSA-N,23,3,0,0,1,1,True,False,True,False,,13,13
OCNT-2314802,train,YBJWXBHKMYXDHZ-KSTDHSDQSA-N,26,2,1,1,1,1,False,False,True,False,15,15,15
OCNT-2314804,train,WPPNSINALVFTOS-UHFFFAOYSA-N,23,3,0,0,2,2,True,True,True,False,,"7,18","7,18"
OCNT-2314805,train,OWUMXLCYZSGLOQ-UHFFFAOYSA-N,32,3,0,0,0,0,False,True,False,False,,,
OCNT-2314807,train,NTQGLVXAIXWVHU-UHFFFAOYSA-N,22,5,0,0,4,4,True,False,True,False,,"10,11,14,21","10,11,14,21"
OCNT-2314809,train,KPCBJDYSXNGNDR-UHFFFAOYSA-N,26,5,0,0,1,1,False,False,False,True,,18,18
OCNT-2314812,train,BSJXRLCVGOHZJM-UHFFFAOYSA-N,21,5,0,0,3,3,True,False,True,False,,"7,16,18","7,16,18"
OCNT-2314813,train,INXQKQFVKVEEGI-UHFFFAOYSA-N,26,3,0,0,2,2,True,True,False,False,,"3,12","3,12"
OCNT-2314816,train,UVTFRJCSVXDRSZ-UHFFFAOYSA-N,21,4,0,0,3,3,False,False,True,False,,"3,5,18","3,5,18"
OCNT-2314818,train,WLUCRDYWGXKMRX-UHFFFAOYSA-N,26,5,1,1,4,5,False,False,False,True,15,"7,15,21,22","7,15,21,22,25"
OCNT-2314820,train,YDZMNLGKLZGCSU-UHFFFAOYSA-N,26,4,1,1,3,3,False,False,False,True,17,"9,17,22","9,17,22"
OCNT-2314824,train,KHFVVQAZFGCEPJ-UHFFFAOYSA-N,26,1,0,0,0,0,False,False,True,False,,,
OCNT-2314827,train,JAKRBEYEQJYSGS-UHFFFAOYSA-N,28,2,0,0,0,0,False,False,True,True,,,
OCNT-2314831,train,UQTGTRXTMUCGSR-UHFFFAOYSA-N,24,5,1,1,3,3,True,False,False,False,13,"6,8,13","6,8,13"
OCNT-2314833,train,ZTGPOQMDDOIOQA-UHFFFAOYSA-N,24,5,0,0,2,2,False,True,False,False,,"6,9","6,9"
OCNT-2314844,train,WBSUSHQBTYVJDH-UHFFFAOYSA-N,23,2,0,0,0,0,False,False,True,False,,,
OCNT-2314845,train,IYLGBPVZGLQLDU-UHFFFAOYSA-N,26,3,0,0,2,2,False,True,False,False,,"7,15","7,15"
OCNT-2314853,train,PUEJSMDTGQUQIA-UHFFFAOYSA-N,25,4,1,1,3,3,False,False,True,False,21,"11,20,21","11,20,21"
OCNT-2314858,train,NFRVHKAABSCAEL-UHFFFAOYSA-N,28,6,0,0,3,3,False,True,False,True,,"14,17,18","14,17,18"
OCNT-2314859,train,GTHFTMXIWHJARY-UHFFFAOYSA-N,28,3,0,0,1,1,True,True,False,False,,10,10
OCNT-2314861,train,QEANUYNJYOTEEV-UHFFFAOYSA-N,21,5,1,1,3,3,True,False,False,False,17,"12,17,20","12,17,20"
OCNT-2314864,train,IZSWTCQKDZJSHD-UHFFFAOYSA-N,28,5,0,0,2,2,False,False,True,False,,"10,23","10,23"
OCNT-2314865,train,MBUUYQOGWSMVTD-UHFFFAOYSA-N,24,3,1,1,2,2,False,False,True,False,11,"11,15","11,15"
OCNT-2314866,train,PUVFNUJBXLULQY-UHFFFAOYSA-N,21,4,0,0,2,2,False,False,True,False,,"5,6","5,6"
OCNT-2314872,train,XBAMHOMIJVDSSD-UHFFFAOYSA-N,27,4,0,0,1,2,False,False,False,True,,18,"18,24"
OCNT-2314875,train,KLXUZEOQTNJRRF-UHFFFAOYSA-N,23,4,0,0,2,2,True,False,False,False,,"7,13","7,13"
OCNT-2314877,train,OWGIODKGDMWLEU-UHFFFAOYSA-N,29,3,0,0,1,1,False,False,False,True,,4,4
OCNT-2314879,train,UHULZKUAQVSGMS-UHFFFAOYSA-N,28,5,0,0,2,2,True,False,False,False,,"24,25","24,25"
OCNT-2314884,train,LHONXHPIOQMVRB-UHFFFAOYSA-N,24,5,0,0,3,3,True,True,False,True,,"15,22,23","15,22,23"
OCNT-2314885,train,YXZREZJHVQNFPS-UHFFFAOYSA-N,29,2,0,0,0,1,False,False,True,False,,,23
OCNT-2314886,train,MQBNKWAHRJKITI-UHFFFAOYSA-N,21,6,0,0,3,3,True,False,False,False,,"10,12,20","10,12,20"
OCNT-2314895,train,KNTPHJCKWPHKJW-UHFFFAOYSA-N,26,3,0,0,1,1,False,False,False,True,,12,12
OCNT-2314896,train,SCISKZABYYDABD-UHFFFAOYSA-N,30,4,0,0,1,1,True,False,False,False,,29,29
OCNT-2314897,train,IHKQTIHFTGRELM-UHFFFAOYSA-N,21,4,1,1,3,3,True,False,False,False,15,"8,15,19","8,15,19"
OCNT-2314898,train,ODWLEQVMUYNMBW-UHFFFAOYSA-N,26,5,0,0,2,2,False,True,False,False,,"16,18","16,18"
OCNT-2314899,train,NZQDVNRULUOBED-UHFFFAOYSA-N,31,2,0,0,0,0,False,True,False,False,,,
OCNT-2314902,train,SQZUVLLUVJDPHA-UHFFFAOYSA-N,23,3,0,0,1,2,False,False,False,True,,22,"2,22"
OCNT-2314903,train,FNAADSQRTFFGRD-UHFFFAOYSA-N,30,4,0,0,2,2,True,False,False,False,,"4,28","4,28"
OCNT-2314905,train,QTAPQRDOUOSYMS-UHFFFAOYSA-N,23,4,0,0,1,1,True,False,False,False,,22,22
OCNT-2314906,train,COSKONQOXHRMBA-UHFFFAOYSA-N,22,3,0,0,0,0,False,False,True,False,,,
OCNT-2314907,train,BORUZYFEQSVJRU-UHFFFAOYSA-N,25,5,0,0,2,2,False,True,False,False,,"6,8","6,8"
OCNT-2314910,train,ATILYCBHFUMMJO-UHFFFAOYSA-N,28,8,0,0,5,5,False,False,False,True,,"16,19,23,24,25","16,19,23,24,25"
OCNT-2314919,train,UEHHICXAQCFMIC-UHFFFAOYSA-N,25,3,1,1,2,4,False,False,True,False,11,"11,20","10,11,16,20"
OCNT-2314924,train,GLVIPJZPZKYYPY-UHFFFAOYSA-N,26,3,0,0,0,0,False,True,False,True,,,
OCNT-2314927,train,OJISFMIUEGMAME-UHFFFAOYSA-N,26,4,0,0,1,1,False,False,False,True,,17,17
OCNT-2314928,train,CPLZEKVZZPZDRM-UHFFFAOYSA-N,25,2,0,0,0,0,False,True,False,False,,,
OCNT-2314929,train,WYRQUHYUCVJXLF-UHFFFAOYSA-N,24,5,0,0,2,2,True,False,False,True,,"8,10","8,10"
OCNT-2314930,train,OCROYZUDBKQNEW-UHFFFAOYSA-N,26,3,0,0,1,1,False,False,True,False,,17,17
OCNT-2314937,train,MGNXSCOULZVGLZ-UHFFFAOYSA-N,22,1,0,0,0,1,True,False,False,False,,,20
OCNT-2314941,train,FFCKEKQOXALYPI-UHFFFAOYSA-N,23,4,0,0,2,2,True,False,False,False,,"6,8","6,8"
OCNT-2314946,train,QHHTXVIQZKULHO-UHFFFAOYSA-N,24,4,0,0,2,2,True,False,False,True,,"15,16","15,16"
OCNT-2314947,train,UIDZVAFTZBZAHG-UHFFFAOYSA-N,26,4,0,0,3,3,False,False,True,False,,"3,6,18","3,6,18"
OCNT-2314951,train,QZAUUTZZYACFFE-UHFFFAOYSA-N,22,2,0,0,1,1,True,False,True,False,,14,14
OCNT-2314960,train,CTBCAGWGSNTRHE-UHFFFAOYSA-N,21,4,1,1,2,2,False,False,True,False,1,"1,14","1,14"
OCNT-2314961,train,SPUMOJFUQGNYND-UHFFFAOYSA-N,25,3,2,2,2,2,False,False,True,False,"6,20","6,20","6,20"
OCNT-2314962,train,UXPDAXCXFZTAEN-UHFFFAOYSA-N,24,3,0,0,0,0,False,True,True,False,,,
OCNT-2314966,train,URDLEVJEFQHTIJ-UHFFFAOYSA-N,24,4,0,0,3,3,True,True,False,False,,"11,20,23","11,20,23"
OCNT-2314968,train,IAOARJMKEVETCS-UHFFFAOYSA-N,26,3,0,0,1,1,True,True,False,True,,18,18
OCNT-2314969,train,UBAYQRWMNBZFGL-UHFFFAOYSA-N,23,3,1,1,2,2,False,False,True,True,6,"6,13","6,13"
OCNT-2314972,train,YKCHTVMJDRAQRR-SNVBAGLBSA-N,21,2,0,0,0,0,False,False,False,True,,,
OCNT-2314976,train,CFZVRCZAOCISPL-UHFFFAOYSA-N,24,5,1,1,3,3,False,False,True,False,19,"13,15,19","13,15,19"
OCNT-2314977,train,IKLROGGBSVRPBV-UHFFFAOYSA-N,25,2,0,0,1,1,True,False,False,False,,22,22
OCNT-2314985,train,HGRGABFJUIANRF-UHFFFAOYSA-N,24,4,0,0,1,1,False,False,False,True,,23,23
OCNT-2314988,train,PIWRKLXWYMRFMP-UHFFFAOYSA-N,24,5,1,1,3,3,False,False,False,True,2,"2,20,21","2,20,21"
OCNT-2314989,train,YDRIIVMAQGIRPU-UHFFFAOYSA-N,26,4,0,0,1,1,False,True,True,True,,10,10
OCNT-2314990,train,SLZARXHZTPOCTN-KGLIPLIRSA-N,21,3,1,1,2,3,False,False,True,True,5,"5,18","5,18,20"
OCNT-2314992,train,ZBKBXXMIEOKEDU-UHFFFAOYSA-N,21,4,0,0,2,2,False,True,False,False,,"18,20","18,20"
OCNT-2314993,train,PHELUAMDTXQCHI-UHFFFAOYSA-N,30,6,0,0,2,2,False,False,False,True,,"17,28","17,28"
OCNT-2314994,train,CNRVFDJTCUIFFO-UHFFFAOYSA-N,22,3,0,0,1,2,False,True,False,True,,10,"10,13"
OCNT-2314995,train,LKGXUXAUPNVFKD-UHFFFAOYSA-N,28,3,0,0,1,1,False,False,False,True,,27,27
OCNT-2314998,train,GEYZZYHKDCQEGW-UHFFFAOYSA-N,26,5,0,0,1,1,True,False,False,False,,17,17
OCNT-2315001,train,BXAIWANBKAGJGC-UHFFFAOYSA-N,21,1,0,0,0,0,True,False,True,False,,,
OCNT-2315005,train,WFGBFNNEVGBDAM-UHFFFAOYSA-N,24,5,0,0,3,3,True,False,False,False,,"5,8,23","5,8,23"
OCNT-2315007,train,KPZHOTAFRDKLBB-UHFFFAOYSA-N,24,6,0,0,3,3,False,True,False,True,,"14,17,22","14,17,22"
OCNT-2315008,train,IPAJNZRDKHKVHD-KBXCAEBGSA-N,24,2,0,0,0,0,True,False,False,True,,,
OCNT-2315009,train,ZIWQGZGZLCSARO-UHFFFAOYSA-N,26,4,0,0,1,1,False,False,False,True,,2,2
OCNT-2315016,train,HWINTXPCEKXGPY-UHFFFAOYSA-N,22,3,0,0,1,1,True,False,False,False,,20,20
OCNT-2315017,train,LPZUBZFPBWFQLK-UHFFFAOYSA-N,26,5,0,0,3,4,False,False,True,False,,"3,4,7","3,4,7,12"
OCNT-2315024,train,AXAKOINREVMBNI-UHFFFAOYSA-N,25,5,0,0,2,2,False,False,True,False,,"4,8","4,8"
OCNT-2315030,train,JAHCDTOPQPDPHN-UHFFFAOYSA-N,26,4,0,0,2,2,True,False,True,False,,"9,24","9,24"
OCNT-2315032,train,ZOFONFQOCWKQSC-UHFFFAOYSA-N,24,2,1,1,1,1,False,False,True,False,12,12,12
OCNT-2315034,train,LNKZWMHWZLHGNP-UHFFFAOYSA-N,29,8,0,0,5,5,True,False,False,False,,"5,7,13,16,27","5,7,13,16,27"
OCNT-2315035,train,CEJFFSJPHGYCBC-UHFFFAOYSA-N,34,3,1,1,1,1,False,False,True,False,1,1,1
OCNT-2315036,train,BUVFEHNROMUBNS-UHFFFAOYSA-N,28,6,1,1,3,3,True,False,False,False,3,"3,12,25","3,12,25"
OCNT-2315039,train,BPCOBMCJNXSZEU-UHFFFAOYSA-N,26,4,0,0,2,2,True,False,False,False,,"12,23","12,23"
OCNT-2315042,train,QUTDGZYQXZVYFC-SJKOYZFVSA-N,23,2,0,0,0,0,False,False,False,True,,,
OCNT-2315044,train,AZCBROJFRMWNSM-UHFFFAOYSA-N,29,5,1,1,2,2,False,False,False,True,1,"1,24","1,24"
OCNT-2315045,train,YQKLTNOXGTYSOG-UHFFFAOYSA-N,24,5,0,0,3,3,True,True,True,True,,"6,11,15","6,11,15"
OCNT-2315047,train,YPJFXIJLHXBGKP-UHFFFAOYSA-N,25,2,0,0,1,1,False,True,False,False,,16,16
OCNT-2315048,train,RFJYCSUCQCJDEI-UHFFFAOYSA-N,27,1,0,0,0,2,False,True,False,False,,,"8,14"
OCNT-2315050,train,VXFXFMMWFUFBAR-JOCQHMNTSA-N,24,6,0,0,3,3,False,True,False,False,,"4,17,21","4,17,21"
OCNT-2315052,train,ZGEMMWJWKPEQMQ-UHFFFAOYSA-N,21,5,0,0,4,4,True,False,False,False,,"6,10,13,18","6,10,13,18"
OCNT-2315056,train,LBCJOUUDNYKSSR-KRWDZBQOSA-N,26,2,0,0,0,0,True,True,True,True,,,
OCNT-2315060,train,GDEIECWMPLCILB-UHFFFAOYSA-N,26,5,0,0,2,2,False,True,False,False,,"15,16","15,16"
OCNT-2315064,train,IOBKGDZZBKRYCG-UHFFFAOYSA-N,26,6,0,0,4,4,True,True,True,True,,"3,16,20,21","3,16,20,21"
OCNT-2315065,train,LEPFPRHGHXQZEH-UHFFFAOYSA-N,23,2,1,1,1,1,False,False,True,False,17,17,17
OCNT-2315071,train,LXUZXBQSMPWWGQ-UHFFFAOYSA-N,24,4,0,0,2,2,False,True,False,False,,"6,18","6,18"
OCNT-2315072,train,OEBOOYUKNSUOQK-UHFFFAOYSA-N,25,3,1,1,2,2,False,False,False,True,15,"6,15","6,15"
OCNT-2315074,train,VGNAGDOFHMNKBO-UHFFFAOYSA-N,21,1,0,0,0,1,False,True,False,False,,,15
OCNT-2315078,train,SDMQHYLNIDDXHB-UHFFFAOYSA-N,31,5,0,0,1,1,False,False,False,True,,27,27
OCNT-2315079,train,YCHNKCQNPQJYSD-UHFFFAOYSA-N,26,6,1,1,3,3,False,False,True,True,5,"5,17,23","5,17,23"
OCNT-2315082,train,WCQPNTIVTWMJSZ-UHFFFAOYSA-N,28,4,1,1,2,2,False,True,False,True,4,"4,16","4,16"
OCNT-2315085,train,WLNCXFGFXQTKBE-UHFFFAOYSA-N,23,5,1,1,4,4,False,False,True,False,1,"1,8,9,15","1,8,9,15"
OCNT-2315086,train,FPBTWBPEUXKRGD-UHFFFAOYSA-N,26,3,0,0,1,1,True,False,False,False,,12,12
OCNT-2315087,train,JCPHKQUSKIQDIE-UHFFFAOYSA-N,24,4,0,0,2,2,False,True,False,False,,"21,23","21,23"
OCNT-2315089,train,MLTHGNJIXXBNLK-UHFFFAOYSA-N,28,6,0,0,2,2,False,True,False,True,,"2,11","2,11"
OCNT-2315091,train,GSTBSEUUXUQNRC-UHFFFAOYSA-N,21,5,0,0,3,3,True,False,False,False,,"15,17,20","15,17,20"
OCNT-2315092,train,IRUBKGMUVRXDDT-UHFFFAOYSA-N,24,4,0,0,2,2,True,False,False,False,,"3,22","3,22"
OCNT-2315093,train,NNYMFTQOHMHWPE-UHFFFAOYSA-N,26,4,0,0,1,1,True,False,False,False,,9,9
OCNT-2315097,train,LVHWZRNQJDKLTI-UHFFFAOYSA-N,22,4,1,1,2,2,False,False,True,True,7,"4,7","4,7"
OCNT-2315099,train,YMIUUTGGHDBTPH-RBUKOAKNSA-N,26,3,1,1,1,1,False,False,False,True,2,2,2
OCNT-2315100,train,OMFDORLLFYKNDS-UHFFFAOYSA-N,26,5,0,0,2,3,False,False,True,False,,"10,22","10,17,22"
OCNT-2315103,train,FWQGELGUVIJUCC-UHFFFAOYSA-N,25,3,0,0,2,2,False,False,False,True,,"16,21","16,21"
OCNT-2315105,train,XHGXFOASAKTBFC-GJZGRUSLSA-N,23,3,1,1,1,1,False,False,True,False,6,6,6
OCNT-2315106,train,RXLYLRXSZARXIK-UHFFFAOYSA-N,21,1,0,0,0,0,True,False,False,False,,,
OCNT-2315109,train,TWYNIFVWCAYSRD-UHFFFAOYSA-N,26,4,0,0,2,2,False,True,False,False,,"12,18","12,18"
OCNT-2315110,train,FVCRQUYWBISHDA-YOEHRIQHSA-N,26,3,0,0,1,2,False,False,False,True,,19,"9,19"
OCNT-2315112,train,UWNDLRVKSDTTRP-UHFFFAOYSA-N,22,4,0,0,1,1,True,False,False,False,,15,15
OCNT-2315113,train,NMMUSFDWIGXTFN-UHFFFAOYSA-N,30,4,0,0,1,1,True,False,False,True,,28,28
OCNT-2315114,train,LTHPWOHLAQICFN-UHFFFAOYSA-N,28,5,0,0,2,2,False,False,False,True,,"20,25","20,25"
OCNT-2315115,train,KINHQBDMIBLWLO-UHFFFAOYSA-N,21,4,0,0,3,3,True,True,False,False,,"3,15,17","3,15,17"
OCNT-2315120,train,AZWGCDLUISJWCP-UHFFFAOYSA-N,21,3,0,0,1,1,False,False,False,True,,14,14
OCNT-2315121,train,DDBVVOVNSRWTJU-UHFFFAOYSA-N,21,3,0,0,0,0,False,True,False,False,,,
OCNT-2315122,train,AEWNIHAZTQQYQS-UHFFFAOYSA-N,23,3,0,0,1,1,False,False,True,False,,8,8
OCNT-2315124,train,IDDPEFVBONMJLV-UHFFFAOYSA-N,21,4,0,0,2,2,False,False,True,False,,"5,16","5,16"
OCNT-2315125,train,CLRKWAAJAUYALU-CABCVRRESA-N,26,6,1,1,5,5,False,False,True,False,23,"8,12,15,19,23","8,12,15,19,23"
OCNT-2315126,train,VJHDBUJUYUPJJI-UHFFFAOYSA-N,21,4,0,0,2,2,True,False,False,False,,"2,18","2,18"
OCNT-2315127,train,YTDXULYLZJAREL-UHFFFAOYSA-N,24,2,0,0,1,1,False,False,True,False,,10,10
OCNT-2315130,train,NVWRCKWSACBUON-UHFFFAOYSA-N,23,3,0,0,1,1,True,False,False,False,,3,3
OCNT-2315131,train,FDGLXIWOBFIFIJ-UHFFFAOYSA-N,28,3,0,0,2,2,False,True,False,False,,"4,27","4,27"
OCNT-2315133,train,AHQNKQQOLTVRAI-UHFFFAOYSA-N,22,4,1,1,3,3,True,False,False,True,11,"3,11,20","3,11,20"
OCNT-2315138,train,OZKNWIJAQFXAKL-UHFFFAOYSA-N,27,1,0,0,0,0,True,True,False,False,,,
OCNT-2315139,train,NSGCRWKYWZTZPF-UHFFFAOYSA-N,26,4,0,0,1,1,True,False,False,False,,4,4
OCNT-2315145,train,VNRPFJXBODKBRZ-UHFFFAOYSA-N,27,4,1,1,2,2,False,False,True,True,10,"6,10","6,10"
OCNT-2315146,train,PNDJJJLHVBRNTL-UHFFFAOYSA-N,35,5,0,0,2,2,False,False,True,True,,"8,10","8,10"
OCNT-2315147,train,CAFOAHPXRAJQAK-UHFFFAOYSA-N,25,6,0,0,4,4,False,False,False,True,,"4,18,20,23","4,18,20,23"
OCNT-2315148,train,RYUHAUCQHUWDOU-UHFFFAOYSA-N,21,2,0,0,1,1,True,False,False,False,,10,10
OCNT-2315149,train,YCVRUZSBJRNHDW-VQIMIIECSA-N,27,3,0,0,1,1,False,False,True,False,,3,3
OCNT-2315150,train,BPSZGIAFILZKMB-UHFFFAOYSA-N,22,3,0,0,1,1,True,False,True,False,,4,4
OCNT-2315152,train,YBCPCIMMDSGFDJ-UHFFFAOYSA-N,27,4,1,1,1,1,False,False,False,True,14,14,14
OCNT-2315153,train,FEROKVSYPLWBAJ-UHFFFAOYSA-N,27,2,0,0,0,0,True,False,False,False,,,
OCNT-2315155,train,GBCJFMVVTQVMHP-PYMCNQPYSA-N,25,3,0,0,1,2,False,True,False,False,,11,"5,11"
OCNT-2315156,train,DXZFYTFQGFMLCK-UHFFFAOYSA-N,24,3,0,0,2,2,True,False,False,False,,"9,16","9,16"
OCNT-2315157,train,JIYQVLAOAGMGGA-UHFFFAOYSA-N,25,3,2,2,2,3,False,False,True,False,"12,15","12,15","12,15,22"
OCNT-2315159,train,DSCFKVGBYYIBIQ-UHFFFAOYSA-N,24,4,1,1,2,2,False,False,True,False,14,"8,14","8,14"
OCNT-2315165,train,PJVFRSPLCNBIGM-UHFFFAOYSA-N,22,5,0,0,3,3,False,True,False,False,,"17,18,19","17,18,19"
OCNT-2315166,train,GCAPEUQNYRLCNB-UHFFFAOYSA-N,25,2,1,1,1,2,False,False,True,False,6,6,"6,11"
OCNT-2315172,train,SUGLTFAJWIOHPU-UHFFFAOYSA-N,26,3,0,0,1,1,False,True,False,False,,22,22
OCNT-2315174,train,BVZPBARCGQEFOO-UHFFFAOYSA-N,22,2,0,0,1,2,True,False,False,False,,4,"4,19"
OCNT-2315175,train,OUIMHMZUPAOFMZ-UHFFFAOYSA-N,23,2,1,1,1,1,True,False,False,True,5,5,5
OCNT-2315178,train,NMGBMHHLXGGQSX-UHFFFAOYSA-N,26,2,0,0,0,0,False,True,False,False,,,
OCNT-2315179,train,YGEJAGMUFFRADY-UHFFFAOYSA-N,25,5,1,1,3,4,False,True,False,True,12,"12,23,24","2,12,23,24"
OCNT-2315183,train,BKZIOMFKCGEUHT-UHFFFAOYSA-N,21,3,0,0,1,1,True,False,False,False,,20,20
OCNT-2315185,train,HLKBFLBGOYKZDI-JKSUJKDBSA-N,23,1,0,0,0,0,False,False,False,True,,,
OCNT-2315186,train,MVVQOOQOXKXXNX-UHFFFAOYSA-N,25,5,0,0,2,2,True,False,False,False,,"21,24","21,24"
OCNT-2315191,train,ADXRQUBBOLTEOW-JDBFWQQPSA-N,26,4,0,0,1,2,False,False,True,False,,10,"10,14"
OCNT-2315193,train,FDYYIRBBYIDRKJ-UHFFFAOYSA-N,33,3,0,0,1,1,False,False,False,True,,14,14
OCNT-2315194,train,MKZQCDVLIOJVRH-UHFFFAOYSA-N,24,4,0,0,2,2,True,True,False,False,,"22,23","22,23"
OCNT-2315195,train,NMOWDWMKIBNABG-UHFFFAOYSA-N,27,2,0,0,0,0,False,False,False,True,,,
OCNT-2315200,train,XDSNDYXIMICPRR-UHFFFAOYSA-N,34,5,1,1,1,1,False,False,False,True,28,28,28
OCNT-2315201,train,FLSQQEOSBFMSDU-UHFFFAOYSA-N,24,4,0,0,2,2,False,False,True,False,,"16,21","16,21"
OCNT-2315202,train,OIGAMNBRMKHQFG-UHFFFAOYSA-N,28,2,0,0,1,1,False,False,False,True,,21,21
OCNT-2315204,train,DONKUAXVCYJBIN-UHFFFAOYSA-N,22,3,0,0,1,1,False,True,False,True,,10,10
OCNT-2315211,train,OKFLIVSLDROEJN-UHFFFAOYSA-N,21,2,0,0,0,0,True,False,False,False,,,
OCNT-2315212,train,MAYGNRMRBCYUPW-UHFFFAOYSA-N,30,4,0,0,3,3,True,False,False,False,,"10,16,18","10,16,18"
OCNT-2315213,train,DGRCPXUHDLNDFW-NSHDSACASA-N,22,3,0,0,1,1,False,True,False,False,,13,13
OCNT-2315214,train,ZDZLABUIOYHHDH-UHFFFAOYSA-N,23,2,0,0,0,0,True,False,False,False,,,
OCNT-2315215,train,PDFCYYCDILPAGT-UHFFFAOYSA-N,24,2,0,0,0,0,False,False,False,True,,,
OCNT-2315217,train,QJMQWXOGIDMYJR-UHFFFAOYSA-N,27,5,0,0,1,1,False,True,False,True,,24,24
OCNT-2315218,train,XXKDYMNIXQHRHQ-UHFFFAOYSA-N,26,2,0,0,1,1,False,False,True,False,,14,14
OCNT-2315219,train,MHHJIXHHDYIHPX-UHFFFAOYSA-N,26,4,0,0,0,0,False,False,False,True,,,
OCNT-2315226,train,HRGHCIWBUYKSCA-UHFFFAOYSA-N,24,1,0,0,0,0,True,False,False,False,,,
OCNT-2315230,train,APFMKWOPIHERJL-UHFFFAOYSA-N,21,3,0,0,1,1,True,True,True,False,,16,16
OCNT-2315232,train,QGQQRPHAUFJGFI-LBPRGKRZSA-N,23,4,0,0,2,2,False,False,False,True,,"21,22","21,22"
OCNT-2315233,train,ZAKKSJYTLQNJJB-UHFFFAOYSA-N,22,2,0,0,1,1,False,False,False,True,,3,3
OCNT-2315236,train,MPDZWCZFJGQWOI-UHFFFAOYSA-N,29,6,0,0,3,3,True,False,False,False,,"17,18,19","17,18,19"
OCNT-2315237,train,FWXVKHIYRRYNGU-UHFFFAOYSA-N,30,5,0,0,3,3,True,True,False,True,,"4,19,29","4,19,29"
OCNT-2315241,train,AXFCZZNOYLQGPP-UHFFFAOYSA-N,23,3,0,0,0,0,True,False,False,False,,,
OCNT-2315245,train,LUUKVWARABOWOK-UHFFFAOYSA-N,26,6,0,0,3,3,True,False,True,False,,"3,16,18","3,16,18"
OCNT-2315246,train,USOCNVCPXNFHMT-UHFFFAOYSA-N,21,2,0,0,0,0,False,True,False,False,,,
OCNT-2315250,train,DJFNSXOKPDJGJR-UHFFFAOYSA-N,25,1,0,0,0,0,False,True,False,True,,,
OCNT-2315252,train,WXHNIZSHBMNFPP-UHFFFAOYSA-N,28,3,0,0,1,1,True,False,True,False,,21,21
OCNT-2315257,train,DEJNTPSVVNYGMA-YMSDKTMASA-N,28,4,0,0,2,3,True,False,False,False,,"18,26","16,18,26"
OCNT-2315259,train,FKGZTTKABGMFKO-UHFFFAOYSA-N,22,2,0,0,2,3,True,False,True,False,,"10,21","10,18,21"
OCNT-2315261,train,JOPBSAHUSCUUCN-UHFFFAOYSA-N,27,7,0,0,4,4,True,False,True,False,,"4,16,22,24","4,16,22,24"
OCNT-2315263,train,MZFRIUHVVSLKNK-UHFFFAOYSA-N,25,5,0,0,3,3,True,True,False,False,,"9,23,24","9,23,24"
OCNT-2315265,train,HOGMTHZFDGHDTM-UHFFFAOYSA-N,24,4,1,1,3,4,False,False,False,True,20,"5,7,20","5,7,20,23"
OCNT-2315270,train,MMUITTPKYKXKFD-UHFFFAOYSA-N,25,3,0,0,2,2,False,False,False,True,,"2,5","2,5"
OCNT-2315271,train,SCBOQGPYQKLTHY-UHFFFAOYSA-N,23,2,1,1,1,1,False,True,True,False,10,10,10
OCNT-2315273,train,BAELEBQZHOCHBQ-UHFFFAOYSA-N,32,4,0,0,1,1,False,False,True,True,,28,28
OCNT-2315275,train,YQEFHYJQFQHVMO-IAQYHMDHSA-N,21,4,1,1,3,4,False,False,False,True,8,"3,4,8","3,4,8,20"
OCNT-2315276,train,BYLGMJFBBKDVBB-UHFFFAOYSA-N,24,2,0,0,1,1,False,False,False,True,,6,6
OCNT-2315277,train,HJSAULCESFXRQL-UHFFFAOYSA-N,32,6,0,0,3,3,True,True,False,False,,"7,25,29","7,25,29"
OCNT-2315280,train,HJWNBMPWZUYAMW-UHFFFAOYSA-N,24,4,0,0,1,1,True,True,False,True,,6,6
OCNT-2315282,train,BNKYBQJOBDPSSN-KZMQIFKDSA-N,26,4,0,0,2,2,True,False,False,False,,"22,23","22,23"
OCNT-2315284,train,PNKNFDXFPAAKRY-UHFFFAOYSA-N,23,3,0,0,2,3,False,True,True,True,,"11,21","0,11,21"
OCNT-2315285,train,HMFCFBUAQNYWLH-OLZOCXBDSA-N,21,1,0,0,0,0,False,False,True,False,,,
OCNT-2315288,train,AFZMVXOIQWEESO-UHFFFAOYSA-N,28,4,1,1,2,2,False,True,False,False,13,"9,13","9,13"
OCNT-2315291,train,VFHRCOLYDWSHHU-UHFFFAOYSA-N,28,1,0,0,0,0,False,True,False,False,,,
OCNT-2315293,train,ARRCDCODGKTZHK-LLVKDONJSA-N,21,3,0,0,1,1,False,False,False,True,,7,7
OCNT-2315294,train,DZZVVUKOBSRNAM-UHFFFAOYSA-N,30,5,0,0,1,1,False,True,False,True,,25,25
OCNT-2315296,train,HZJWQJHQWQCMTO-UHFFFAOYSA-N,26,2,0,0,1,1,True,False,False,False,,12,12
OCNT-2315297,train,ZGYXZWZUSWZBIQ-UHFFFAOYSA-N,22,5,0,0,3,4,False,True,False,False,,"18,19,20","16,18,19,20"
OCNT-2315300,train,BFKIXELYKHZCMH-UHFFFAOYSA-N,27,3,1,1,1,1,False,True,False,False,1,1,1
OCNT-2315308,train,LKYSPIBWGJDZSC-RDJZCZTQSA-N,21,2,0,0,1,2,False,False,False,True,,4,"4,20"
OCNT-2315311,train,KMRXIPIOAUJDBO-UHFFFAOYSA-N,25,6,0,0,3,3,False,False,False,True,,"13,15,23","13,15,23"
OCNT-2315315,train,VXXGQHSCKDHNJP-MNOVXSKESA-N,21,4,0,0,1,1,False,False,False,True,,5,5
OCNT-2315318,train,ISDVPOSWENBUNQ-UHFFFAOYSA-N,23,3,0,0,1,1,False,False,True,False,,19,19
OCNT-2315321,train,OCSVTGWIMRELRH-VIFPVBQESA-N,24,2,0,0,0,0,False,False,True,True,,,
OCNT-2315322,train,XFALBKIVXPQLSD-LSDHHAIUSA-N,24,2,0,0,1,1,False,True,False,False,,11,11
OCNT-2315324,train,RCTLMXVLUZOTPS-UHFFFAOYSA-N,27,3,0,0,0,1,False,False,True,False,,,9
OCNT-2315325,train,LGEUVHAVPJREGI-UHFFFAOYSA-N,24,5,0,0,3,4,False,True,False,False,,"2,20,23","2,7,20,23"
OCNT-2315326,train,RVQWHLPCLPJWRR-UHFFFAOYSA-N,21,3,0,0,2,3,True,False,False,False,,"10,19","10,17,19"
OCNT-2315327,train,CWHAVRGSJLYPDK-UHFFFAOYSA-N,29,3,0,0,1,1,False,False,False,True,,16,16
OCNT-2315329,train,RASGZHDTHAJHKS-UHFFFAOYSA-N,26,4,0,0,3,3,False,False,False,True,,"7,13,25","7,13,25"
OCNT-2315331,train,NVIPJYUDRHGQJO-UHFFFAOYSA-N,24,4,0,0,4,4,True,False,False,False,,"5,9,13,15","5,9,13,15"
OCNT-2315332,train,CTEHMITXXKEHTJ-UHFFFAOYSA-N,22,5,0,0,2,2,True,False,False,False,,"17,19","17,19"
OCNT-2315333,train,CJHXDOWULUIHLK-UHFFFAOYSA-N,30,6,0,0,3,3,False,False,False,True,,"25,26,27","25,26,27"
OCNT-2315338,train,DJMHLIDBQJJDOT-UHFFFAOYSA-N,25,3,0,0,2,2,True,False,False,False,,"2,5","2,5"
OCNT-2315340,train,BQUBFWBDFIHVTK-CYBMUJFWSA-N,23,4,1,1,3,3,True,True,False,False,9,"9,12,21","9,12,21"
OCNT-2315342,train,AJLGKZFVBQWOMF-UHFFFAOYSA-N,22,4,0,0,2,2,False,False,False,True,,"12,14","12,14"
OCNT-2315347,train,QMZFFYYFYMPBIY-MSYFUGIWSA-N,25,5,1,1,3,4,False,False,True,False,12,"9,12,23","0,9,12,23"
OCNT-2315349,train,WFVSDBTXMRGQAP-UHFFFAOYSA-N,26,5,0,0,3,3,True,False,True,False,,"4,6,22","4,6,22"
OCNT-2315351,train,CRQNIHFWCOORGS-UHFFFAOYSA-N,25,2,0,0,2,2,True,False,False,False,,"12,24","12,24"
OCNT-2315357,train,AGOOMVXOHLHTCM-UHFFFAOYSA-N,23,3,0,0,2,3,False,False,True,True,,"13,20","3,13,20"
OCNT-2315363,train,YBMMVWJJHJIUIW-ZIAGYGMSSA-N,22,1,0,0,0,0,True,False,False,False,,,
OCNT-2315365,train,DTWHFIYPTLZIQA-UHFFFAOYSA-N,25,2,1,1,1,2,False,True,False,False,17,17,"9,17"
OCNT-2315366,train,YRTKTEHWARBBDO-UHFFFAOYSA-N,21,1,0,0,0,0,False,False,False,True,,,
OCNT-2315367,train,BBAORQBKGLSIMR-UHFFFAOYSA-N,23,6,0,0,3,3,True,False,False,False,,"4,12,15","4,12,15"
OCNT-2315368,train,FSKSZHRSWMPXOS-UHFFFAOYSA-N,34,6,0,0,2,2,False,True,False,True,,"10,25","10,25"
OCNT-2315370,train,BAKSNXKDXHGPPP-UHFFFAOYSA-N,26,3,0,0,1,1,False,False,False,True,,23,23
OCNT-2315371,train,YVQWEUNHKAAVOA-UHFFFAOYSA-N,24,3,0,0,0,0,False,False,False,True,,,
OCNT-2315375,train,AGIUTKLXDXHSFW-UHFFFAOYSA-N,22,1,0,0,0,1,False,False,False,True,,,2
OCNT-2315379,train,TZXXXQOWLNHNKD-UHFFFAOYSA-N,26,4,0,0,0,0,False,False,False,True,,,
OCNT-2315381,train,LRTPHJSBDWYALO-UHFFFAOYSA-N,27,1,0,0,0,0,False,True,False,True,,,
OCNT-2315382,train,VENNGZIZLGGFOB-UHFFFAOYSA-N,25,1,0,0,0,1,False,False,False,True,,,17
OCNT-2315386,train,DNHIOOUTPIZWRA-UHFFFAOYSA-N,33,4,0,0,2,2,False,True,False,False,,"2,32","2,32"
OCNT-2315387,train,LUBJRGMKKHWILN-UHFFFAOYSA-N,25,4,0,0,1,1,True,False,True,False,,24,24
OCNT-2315389,train,LECYDOCLLDKBAA-UHFFFAOYSA-N,22,4,0,0,2,2,True,False,True,False,,"17,19","17,19"
OCNT-2315390,train,LHQZIIABNMJOFW-UHFFFAOYSA-N,27,3,1,1,1,1,False,True,True,False,14,14,14
OCNT-2315392,train,FBLJIUSHADIUAZ-UHFFFAOYSA-N,27,4,0,0,2,2,False,False,False,True,,"15,22","15,22"
OCNT-2315394,train,ISTVQRMBDXXFIL-UHFFFAOYSA-N,23,2,0,0,1,2,True,False,True,False,,18,"3,18"
OCNT-2315395,train,YBPKRBILFQUIEO-NSHDSACASA-N,21,4,0,0,1,1,False,False,False,True,,2,2
OCNT-2315398,train,JMHYMYYFTOWZOE-UHFFFAOYSA-N,24,3,0,0,1,1,False,False,False,True,,23,23
OCNT-2315401,train,NOAUXWCEFCGHBG-UHFFFAOYSA-N,22,2,0,0,0,2,False,False,False,True,,,"1,6"
OCNT-2315408,train,RCKVVFKGCLFGIN-UHFFFAOYSA-N,32,4,0,0,0,0,False,True,True,False,,,
OCNT-2315409,train,OEZYRSWAVIOYFY-UHFFFAOYSA-N,25,4,0,0,1,1,False,True,False,False,,12,12
OCNT-2315412,train,XSIUDLUMBUINMS-BMIGLBTASA-N,23,5,1,1,5,5,True,False,False,False,13,"5,8,13,20,22","5,8,13,20,22"
OCNT-2315413,train,GOBZVKUSTBBCMP-UHFFFAOYSA-N,26,3,0,0,0,0,False,False,False,True,,,
OCNT-2315416,train,LGMLEVHOVWZGKR-UHFFFAOYSA-N,25,4,0,0,2,2,False,False,False,True,,"20,23","20,23"
OCNT-2315417,train,FQTOHOCJEYDRRG-UHFFFAOYSA-N,26,2,1,1,1,1,False,False,True,True,16,16,16
OCNT-2315425,train,GQCCOYRLEFFLNE-UHFFFAOYSA-N,21,4,0,0,2,2,False,False,False,True,,"2,20","2,20"
OCNT-2315433,train,KBOZBGOGXVJYQF-BRQZFJGMSA-N,25,2,1,1,1,2,False,False,True,False,4,4,"2,4"
OCNT-2315443,train,DCLUHTRDULUYBE-JOCQHMNTSA-N,24,2,0,0,0,0,False,True,False,True,,,
OCNT-2315444,train,LINUEMAWVXHAKO-CRAIPNDOSA-N,24,4,0,0,1,1,False,False,True,False,,12,12
OCNT-2315445,train,MKHWAPOBJQZJEY-UHFFFAOYSA-N,22,2,0,0,1,1,True,True,False,True,,9,9
OCNT-2315447,train,LODZKHHZAIWPKV-UHFFFAOYSA-N,26,3,0,0,1,1,False,False,False,True,,5,5
OCNT-2315448,train,GNVOYDAHBDQAQC-UHFFFAOYSA-N,25,4,0,0,2,2,True,False,False,False,,"2,24","2,24"
OCNT-2315450,train,VGLMYVRDCQWQHI-UHFFFAOYSA-N,26,3,1,1,1,1,False,False,False,True,18,18,18
OCNT-2315451,train,HGKKBSCYJACRCO-UHFFFAOYSA-N,28,3,0,0,2,2,False,False,True,True,,"9,11","9,11"
OCNT-2315454,train,RIEDMHPQFMNWBU-UHFFFAOYSA-N,21,5,0,0,1,1,True,False,False,True,,13,13
OCNT-2315456,train,UYUUAFPDPUVZAK-UHFFFAOYSA-N,21,3,0,0,1,1,True,False,False,False,,12,12
OCNT-2315457,train,IMGGHCNMCWMFKV-UHFFFAOYSA-N,22,3,0,0,1,2,False,False,False,True,,2,"2,18"
OCNT-2315458,train,KIIBRPVFLWMGBE-UHFFFAOYSA-N,22,4,0,0,2,2,False,False,False,True,,"15,16","15,16"
OCNT-2315460,train,FROSMHXGVUTODR-UHFFFAOYSA-N,29,5,1,1,3,4,False,False,True,False,1,"1,5,10","1,5,10,27"
OCNT-2315461,train,BBPPTNMRVLSBLU-UHFFFAOYSA-N,22,2,1,1,1,2,False,False,True,False,13,13,"13,21"
OCNT-2315462,train,OMAOTSAWOOPLMF-UHFFFAOYSA-N,24,5,0,0,2,2,False,True,False,False,,"16,23","16,23"
OCNT-2315466,train,FCXWBNLWPQMURM-UHFFFAOYSA-N,24,3,0,0,0,0,False,True,False,False,,,
OCNT-2315467,train,BFVGCFHOZJZINS-UHFFFAOYSA-N,25,3,0,0,1,2,False,True,False,False,,10,"2,10"
OCNT-2315468,train,OCTGYJIORZIWOI-UHFFFAOYSA-N,25,5,1,1,4,4,True,True,True,True,11,"4,11,16,22","4,11,16,22"
OCNT-2315469,train,HYGSMURVICKSRG-UHFFFAOYSA-N,31,6,2,2,3,3,False,False,True,False,"8,12","8,12,15","8,12,15"
OCNT-2315472,train,UOYBHIONASJOKF-UHFFFAOYSA-N,23,2,0,0,0,0,False,False,False,True,,,
OCNT-2315473,train,IONZCVHCHBEZBH-UHFFFAOYSA-N,21,4,0,0,2,2,False,True,False,False,,"8,20","8,20"
OCNT-2315476,train,OEWZWOIRFBBMLP-UHFFFAOYSA-N,22,2,0,0,0,0,False,True,False,False,,,
OCNT-2315478,train,XYEJEKANMDKRRF-UHFFFAOYSA-N,26,2,0,0,0,0,False,True,False,False,,,
OCNT-2315479,train,RZJUZNJAYFOQPO-UHFFFAOYSA-N,27,5,1,1,2,2,False,False,False,True,2,"2,18","2,18"
OCNT-2315480,train,ZXANSNCVAKYHQO-UHFFFAOYSA-N,22,2,0,0,1,1,False,True,False,True,,6,6
OCNT-2315482,train,NTWKCVGWDKYKKL-IIBYNOLFSA-N,26,3,0,0,1,1,False,False,False,True,,21,21
OCNT-2315483,train,PEXZPSYIEQFUOC-UHFFFAOYSA-N,25,5,0,0,2,2,False,False,False,True,,"2,24","2,24"
OCNT-2315485,train,OWGWMFBREAAOMT-UHFFFAOYSA-N,21,4,0,0,2,2,False,True,False,True,,"13,14","13,14"
OCNT-2315488,train,BFHYOKSIRORZLN-DLBZAZTESA-N,25,6,2,2,3,3,False,False,True,False,"1,5","1,5,21","1,5,21"
OCNT-2315490,train,IYADTCKUJKTTBU-UHFFFAOYSA-N,23,6,0,0,3,3,False,False,True,False,,"9,11,22","9,11,22"
OCNT-2315493,train,PHFDMHSHNJLUJW-OXJNMPFZSA-N,28,4,0,0,1,1,False,False,False,True,,26,26
OCNT-2315495,train,GIDUNNUXEHGMES-UHFFFAOYSA-N,27,5,2,2,4,4,True,False,False,False,"1,11","1,11,15,23","1,11,15,23"
OCNT-2315498,train,KYQVKLFQOSOPNM-UHFFFAOYSA-N,28,2,0,0,0,0,False,True,False,False,,,
OCNT-2315502,train,KUKUWDGWWNUIAN-UHFFFAOYSA-N,22,4,1,1,3,3,False,False,True,False,10,"10,19,21","10,19,21"
OCNT-2315503,train,AAPHOXBNRLQGES-UHFFFAOYSA-N,25,6,0,0,2,2,True,False,False,False,,"12,23","12,23"
OCNT-2315505,train,HLRHRWSRSVLASR-UHFFFAOYSA-N,28,5,1,1,3,3,False,False,True,True,11,"6,11,19","6,11,19"
OCNT-2315507,train,SJISDZGHAIMIHN-UHFFFAOYSA-N,34,4,0,0,1,2,False,True,False,False,,12,"12,22"
OCNT-2315508,train,UERZMAGKKQJDCW-UHFFFAOYSA-N,27,5,0,0,2,2,False,False,False,True,,"2,26","2,26"
OCNT-2315509,train,WKPCROIHHFWANF-UHFFFAOYSA-N,23,4,1,1,2,2,False,False,False,True,8,"8,22","8,22"
OCNT-2315512,train,XUZMQMKTIDVPDB-UHFFFAOYSA-N,23,5,0,0,3,3,True,False,True,False,,"6,17,18","6,17,18"
OCNT-2315513,train,NLMGZXSFZSISFI-UHFFFAOYSA-N,25,6,0,0,2,3,False,False,False,True,,"2,16","2,4,16"
OCNT-2315514,train,IUZLYQRADKSHLN-UHFFFAOYSA-N,29,5,0,0,3,3,True,False,False,False,,"3,22,24","3,22,24"
OCNT-2315517,train,OVFKQWFQTXBVDX-UHFFFAOYSA-N,22,4,0,0,2,2,True,False,False,False,,"3,12","3,12"
OCNT-2315518,train,NGOUPIWNUVDJPX-UHFFFAOYSA-N,23,4,1,1,3,3,False,False,True,False,8,"8,11,12","8,11,12"
OCNT-2315525,train,UPBRRENJOHOPCG-UHFFFAOYSA-N,24,4,1,1,1,1,False,False,True,False,13,13,13
OCNT-2315528,train,RULZEKFPEFTQEF-UHFFFAOYSA-N,26,3,0,0,1,1,False,True,False,False,,21,21
OCNT-2315531,train,DYCVTPUMSCBWQS-UHFFFAOYSA-N,22,6,1,1,3,3,False,False,False,True,8,"2,8,21","2,8,21"
OCNT-2315532,train,LXUKMGDUYGKFNZ-UHFFFAOYSA-N,28,7,0,0,4,4,True,False,True,False,,"4,18,19,24","4,18,19,24"
OCNT-2315535,train,OFISZVIUONZGOX-UHFFFAOYSA-N,26,6,1,1,3,3,False,False,True,False,1,"1,13,18","1,13,18"
OCNT-2315537,train,IPKAAALDILAYHE-UHFFFAOYSA-N,23,5,0,0,2,2,False,False,True,False,,"11,16","11,16"
OCNT-2315538,train,MLDPVLDSUXYSRI-UHFFFAOYSA-N,22,5,0,0,4,4,False,True,False,True,,"15,19,20,21","15,19,20,21"
OCNT-2315539,train,DYWXKXCQAIZFKB-TTZKSVMKSA-N,24,7,0,0,4,5,False,True,True,False,,"9,20,22,23","0,9,20,22,23"
OCNT-2315542,train,HHFGTJCSGQYAIL-UHFFFAOYSA-N,32,4,0,0,1,1,False,False,True,False,,2,2
OCNT-2315543,train,GHBJCJPSHWBOJK-UHFFFAOYSA-N,23,2,0,0,1,2,True,False,False,False,,4,"4,17"
OCNT-2315545,train,YMUYFYIALFIMHS-UHFFFAOYSA-N,25,5,0,0,3,4,False,True,False,False,,"2,17,22","2,15,17,22"
OCNT-2315546,train,PMKSAJIFKSKORO-UHFFFAOYSA-N,27,3,1,1,1,1,False,False,False,True,19,19,19
OCNT-2315548,train,DYSXHEQZHLDEEV-UHFFFAOYSA-N,24,2,0,0,1,3,False,False,True,True,,9,"6,9,13"
OCNT-2315550,train,BVHURWUOOCDRCE-UHFFFAOYSA-N,26,6,0,0,4,4,False,False,False,True,,"6,13,22,25","6,13,22,25"
OCNT-2315551,train,XBCRGIOEBAQMJV-UHFFFAOYSA-N,25,3,0,0,1,2,False,True,False,False,,24,"11,24"
OCNT-2315554,train,MCUGARSNQNMCRT-UHFFFAOYSA-N,26,6,0,0,2,2,False,False,True,False,,"7,23","7,23"
OCNT-2315556,train,CKQZMBAQAWKVJA-UHFFFAOYSA-N,31,5,0,0,2,2,False,False,False,True,,"24,30","24,30"
OCNT-2315557,train,JRLWANZGUSYXRH-HOTGVXAUSA-N,24,4,1,1,2,2,False,False,False,True,14,"6,14","6,14"
OCNT-2315560,train,HAEHCDQNZXNFKO-QLFBSQMISA-N,21,1,0,0,0,2,False,False,False,True,,,"11,14"
OCNT-2315565,train,LTRJHORZTQFBPV-UHFFFAOYSA-N,24,5,0,0,3,3,True,False,False,False,,"5,14,22","5,14,22"
OCNT-2315567,train,HOQJOHPYCNLBRI-UHFFFAOYSA-N,25,3,0,0,0,0,False,False,False,True,,,
OCNT-2315568,train,GCZWMXIZJQSSJV-UHFFFAOYSA-N,21,4,1,1,3,3,False,False,True,False,16,"16,17,18","16,17,18"
OCNT-2315569,train,GCNIPXAEFVYYPG-UHFFFAOYSA-N,21,4,1,1,2,2,False,False,True,False,7,"7,15","7,15"
OCNT-2315571,train,BKRAQGXMLRMBMK-UHFFFAOYSA-N,21,5,2,2,4,5,False,False,False,True,"1,6","1,6,12,17","1,6,12,15,17"
OCNT-2315573,train,UWGNXBUYEXFSBX-UHFFFAOYSA-N,24,4,0,0,0,0,False,False,True,False,,,
OCNT-2315575,train,VHNYUZCBKCYTFS-UHFFFAOYSA-N,28,2,0,0,1,2,False,False,False,True,,10,"10,23"
OCNT-2315583,train,HYJXGOGSQCUIGI-UHFFFAOYSA-N,25,4,0,0,2,2,False,True,False,False,,"23,24","23,24"
OCNT-2315584,train,XKAJLUQIWOREOM-UHFFFAOYSA-N,24,4,0,0,2,2,True,True,True,False,,"6,18","6,18"
OCNT-2315585,train,MAQNDLVYOFRGGB-UHFFFAOYSA-N,25,5,0,0,2,2,False,False,True,False,,"21,22","21,22"
OCNT-2315589,train,QAWOQFIMBHMFMT-UHFFFAOYSA-N,22,2,0,0,1,1,False,False,False,True,,14,14
OCNT-2315590,train,MOGVWWKUNNRFKK-UHFFFAOYSA-N,29,4,0,0,0,0,False,True,False,False,,,
OCNT-2315591,train,UPGWOBLFBAQXNP-UHFFFAOYSA-N,26,5,0,0,3,3,False,True,False,False,,"19,20,21","19,20,21"
OCNT-2315600,train,SGRUQKVKQPCRHR-UHFFFAOYSA-N,25,4,1,1,2,2,True,False,False,True,22,"13,22","13,22"
OCNT-2315602,train,MMLZNFQNQIQUTD-UHFFFAOYSA-N,21,2,0,0,1,1,True,False,False,False,,16,16
OCNT-2315605,train,IBXSEIJIVWLSDJ-UHFFFAOYSA-N,23,4,0,0,2,2,True,False,False,True,,"4,22","4,22"
OCNT-2315609,train,WBYJISAUOUBXPW-UHFFFAOYSA-N,29,3,0,0,0,0,False,False,False,True,,,
OCNT-2315610,train,RUAGYLLVGYPLQJ-UHFFFAOYSA-N,24,6,0,0,2,2,True,False,False,False,,"20,21","20,21"
OCNT-2315611,train,GRHXBVIMQMYABG-UHFFFAOYSA-N,24,3,0,0,1,1,False,True,False,False,,18,18
OCNT-2315612,train,HHVQHQMUAPEBAW-UHFFFAOYSA-N,27,2,0,0,0,0,False,False,True,False,,,
OCNT-2315615,train,PERIRYDITADLRX-UHFFFAOYSA-N,23,2,0,0,0,0,False,False,False,True,,,
OCNT-2315616,train,JXWZKTCUNRLGCD-UHFFFAOYSA-N,23,3,0,0,1,1,True,False,False,False,,9,9
OCNT-2315618,train,OQNXHUMGKSWJDA-UHFFFAOYSA-N,22,2,0,0,1,1,True,False,False,False,,12,12
OCNT-2315621,train,DUVALDLJIYQNBJ-UHFFFAOYSA-N,22,5,0,0,3,3,False,True,False,False,,"6,12,14","6,12,14"
OCNT-2315622,train,BBTVLMOJYYJLAN-LQRGHNGLSA-N,25,4,1,1,2,3,False,False,True,True,4,"4,12","4,12,16"
OCNT-2315623,train,RHFWXTNJLBWQRN-UHFFFAOYSA-N,25,5,0,0,1,1,False,False,False,True,,9,9
OCNT-2315627,train,CIFMMEDLNIKOGG-UHFFFAOYSA-N,26,4,0,0,3,3,True,True,True,True,,"8,16,23","8,16,23"
OCNT-2315629,train,BLOOHMBEILHBQY-UHFFFAOYSA-N,27,7,0,0,6,6,False,False,True,False,,"5,11,17,24,25,26","5,11,17,24,25,26"
OCNT-2315630,train,GBBBBEMODIRFJT-RWZMTBSZSA-N,23,3,0,0,1,1,False,False,True,False,,2,2
OCNT-2315632,train,IDAOTOFLIMUVOO-UHFFFAOYSA-N,28,5,0,0,2,2,False,True,False,False,,"6,26","6,26"
OCNT-2315633,train,YLBHRYSMLHYOBI-KBPBESRZSA-N,27,4,0,0,2,4,True,False,False,False,,"9,15","9,15,22,26"
OCNT-2315636,train,VPPGWCWDOYSEGZ-UHFFFAOYSA-N,24,3,0,0,2,2,True,False,False,False,,"13,15","13,15"
OCNT-2315640,train,CPUCIIOGNVOWAI-UHFFFAOYSA-N,25,4,0,0,3,3,True,False,False,False,,"2,6,20","2,6,20"
OCNT-2315645,train,WOOSTSKUZCVJGW-UHFFFAOYSA-N,23,3,0,0,0,0,False,False,False,True,,,
OCNT-2315646,train,IMVPFMRRWDYSRZ-UHFFFAOYSA-N,23,5,0,0,3,3,True,False,True,False,,"6,17,19","6,17,19"
OCNT-2315652,train,WFFVJHDLDVRRLG-UHFFFAOYSA-N,23,5,0,0,2,2,True,True,True,False,,"14,20","14,20"
OCNT-2315653,train,MXLQVUMVBMQOGL-UHFFFAOYSA-N,26,4,0,0,3,3,False,False,False,True,,"5,15,24","5,15,24"
OCNT-2315654,train,OLJFNVZJUWIQBA-UHFFFAOYSA-N,23,6,2,2,3,3,False,False,False,True,"16,19","6,16,19","6,16,19"
OCNT-2315660,train,PRLOVFJGWZJLKR-UHFFFAOYSA-N,26,4,1,1,2,2,False,False,False,True,10,"10,21","10,21"
OCNT-2315663,train,RWADOZLLDAROOR-SAABIXHNSA-N,24,4,0,0,1,2,False,False,False,True,,23,"20,23"
OCNT-2315667,train,BKSHJYAEWVGUJX-UHFFFAOYSA-N,25,3,0,0,1,1,True,True,False,True,,8,8
OCNT-2315670,train,RHILIKJRGRTITA-UHFFFAOYSA-N,21,4,0,0,1,1,False,False,True,False,,13,13
OCNT-2315672,train,SSDOLFFQIDGJCV-UHFFFAOYSA-N,24,6,1,1,5,5,False,False,True,False,23,"7,17,19,20,23","7,17,19,20,23"
OCNT-2315679,train,RGIVDFBCWQLKIN-UHFFFAOYSA-N,25,3,0,0,1,1,False,True,False,True,,16,16
OCNT-2315684,train,PDLOAELCEZJLJG-UHFFFAOYSA-N,24,4,0,0,2,2,False,True,False,False,,"3,4","3,4"
OCNT-2315688,train,QJHGNLFVGCRXSJ-CQSZACIVSA-N,23,3,0,0,0,0,False,False,False,True,,,
OCNT-2315690,train,CCOWGWCBXJNVNW-UHFFFAOYSA-N,24,3,0,0,1,1,False,True,False,False,,13,13
OCNT-2315694,train,XFSIKJKODJKJMF-UHFFFAOYSA-N,25,3,0,0,1,1,True,False,True,False,,19,19
OCNT-2315696,train,DAMSLNKLZKWYAV-UHFFFAOYSA-N,23,2,0,0,0,0,False,False,False,True,,,
OCNT-2315698,train,MVAFKRMCPMJIOF-BETUJISGSA-N,23,1,0,0,0,0,False,False,False,True,,,
OCNT-2315699,train,SDGXDXPIEDUXJW-UHFFFAOYSA-N,21,4,1,1,2,2,False,False,True,False,16,"6,16","6,16"
OCNT-2315700,train,GKQIHKQBYDZVAO-UHFFFAOYSA-N,24,3,0,0,2,2,False,True,False,False,,"15,19","15,19"
OCNT-2315701,train,LOQUXCMMBHJLQU-UHFFFAOYSA-N,27,2,0,0,0,0,True,False,True,False,,,
OCNT-2315702,train,SLSYBPBKTDBVFO-UHFFFAOYSA-N,28,5,0,0,2,2,False,False,False,True,,"4,20","4,20"
OCNT-2315705,train,LZRKSMFOPBHIJC-UHFFFAOYSA-N,24,4,0,0,2,2,False,False,True,True,,"7,8","7,8"
OCNT-2315711,train,OCYMWPBXGLDFGM-UHFFFAOYSA-N,26,1,0,0,0,0,False,False,False,True,,,
OCNT-2315713,train,LNYARUVZMUWYKJ-UHFFFAOYSA-N,22,4,0,0,2,3,False,True,False,False,,"6,8","6,8,17"
OCNT-2315716,train,DGCVWBPMLIWDPP-UHFFFAOYSA-N,22,0,0,0,0,1,True,False,False,True,,,16
OCNT-2315717,train,BVIXWBQCJPACFU-UHFFFAOYSA-N,28,4,0,0,1,2,True,False,True,False,,25,"4,25"
OCNT-2315719,train,UHFLIRYPUSSUGK-JMSVASOKSA-N,26,3,0,0,2,2,False,False,False,True,,"5,15","5,15"
OCNT-2315721,train,CHGCNPYLFWQWFG-UHFFFAOYSA-N,24,4,0,0,2,3,False,False,False,True,,"8,11","8,11,17"
OCNT-2315725,train,LHHOVTVLTFGONE-KZUDCZAMSA-N,23,3,0,0,0,0,False,False,False,True,,,
OCNT-2315727,train,BKVJWZUCLLNQBZ-UHFFFAOYSA-N,22,3,1,1,2,2,False,False,True,False,20,"12,20","12,20"
OCNT-2315728,train,GCZKBYAGFULGHB-UHFFFAOYSA-N,26,3,0,0,1,1,False,False,False,True,,5,5
OCNT-2315731,train,CZSAMRIBHKTNAZ-UHFFFAOYSA-N,26,5,0,0,1,1,True,False,False,True,,3,3
OCNT-2315734,train,VYZSNRUMPKDNLT-UHFFFAOYSA-N,25,3,0,0,1,1,False,False,True,True,,2,2
OCNT-2315738,train,RAPILAMBAQJPIH-MQMHXKEQSA-N,22,2,0,0,1,1,False,True,False,True,,17,17
OCNT-2315739,train,RNWWZFDLBJBLCN-UHFFFAOYSA-N,23,3,1,1,2,2,False,False,True,False,11,"11,15","11,15"
OCNT-2315740,train,WGOQXRNLCAJELM-UHFFFAOYSA-N,24,6,0,0,2,2,False,False,False,True,,"3,21","3,21"
OCNT-2315742,train,OPQIZFQOXXHXER-UHFFFAOYSA-N,26,5,0,0,2,2,False,False,False,True,,"5,25","5,25"
OCNT-2315746,train,HULCLFNHTBZONY-UHFFFAOYSA-N,22,5,0,0,2,2,True,True,False,False,,"10,17","10,17"
OCNT-2315747,train,KPPDEEPHSUATOL-UHFFFAOYSA-N,24,3,0,0,1,1,False,False,False,True,,18,18
OCNT-2315748,train,OVGYSEOUQWUKNQ-UHFFFAOYSA-N,24,1,0,0,0,1,False,True,False,True,,,16
OCNT-2315749,train,ZKKXLEFLWRARMY-UHFFFAOYSA-N,22,1,0,0,0,1,False,False,False,True,,,19
OCNT-2315752,train,GNISWTDOTOKUKH-UHFFFAOYSA-N,24,6,0,0,3,3,True,False,False,False,,"2,18,20","2,18,20"
OCNT-2315753,train,FKCMJHRAXBGEFJ-UHFFFAOYSA-N,21,5,0,0,3,3,True,True,False,False,,"11,13,18","11,13,18"
OCNT-2315756,train,GSEDQKWLDCEDGI-UHFFFAOYSA-N,23,2,0,0,1,1,False,True,False,False,,8,8
OCNT-2315757,train,ZJBYMWHVVONCLU-UHFFFAOYSA-N,23,4,1,1,3,3,False,False,True,False,11,"9,11,19","9,11,19"
OCNT-2315758,train,DSEKPNRIJZHILG-UHFFFAOYSA-N,26,5,0,0,2,2,False,True,False,False,,"9,15","9,15"
OCNT-2315759,train,DFJVLCBFBNOPTO-UHFFFAOYSA-N,26,4,0,0,2,3,True,False,False,False,,"7,8","7,8,10"
OCNT-2315764,train,NJTPBFZBPRMEJR-UHFFFAOYSA-N,21,3,1,1,2,2,False,False,True,True,6,"6,13","6,13"
OCNT-2315765,train,RNTOIGRBODRYSF-UHFFFAOYSA-N,28,4,0,0,0,0,True,False,False,False,,,
OCNT-2315767,train,CJCNATFYPQAVNP-QWHCGFSZSA-N,25,3,0,0,0,0,False,False,False,True,,,
OCNT-2315770,train,RMVUNFLPGVVXHW-UHFFFAOYSA-N,31,3,0,0,0,0,False,False,True,False,,,
OCNT-2315775,train,IHOQYTHLMQXXLA-HNNXBMFYSA-N,21,3,1,1,2,3,False,False,True,False,3,"3,14","0,3,14"
OCNT-2315776,train,QPIDGMNJTSCNDN-UHFFFAOYSA-N,21,4,2,2,3,3,False,False,True,False,"5,8","5,8,20","5,8,20"
OCNT-2315778,train,MHUIEAVAYPDUIK-UHFFFAOYSA-N,24,2,0,0,0,1,False,True,True,False,,,7
OCNT-2315779,train,VTXNZXOBDCSWOG-UHFFFAOYSA-N,27,7,1,1,3,3,False,False,True,False,1,"1,6,14","1,6,14"
OCNT-2315780,train,ZUWJKCQLZRWURZ-UHFFFAOYSA-N,27,4,0,0,1,1,False,False,False,True,,10,10
OCNT-2315781,train,LEVGGMJZDXUJOY-UHFFFAOYSA-N,27,3,1,1,1,1,False,False,True,False,24,24,24
OCNT-2315791,train,AXVQIXKVNSXPGM-UHFFFAOYSA-N,27,2,0,0,0,0,True,False,False,True,,,
OCNT-2315799,train,KSABBJQXOFJFMB-IEBWSBKVSA-N,25,3,0,0,1,1,False,False,True,True,,4,4
OCNT-2315805,train,FBOWIAGTHUDLQI-UHFFFAOYSA-N,24,5,0,0,2,2,False,False,True,False,,"19,23","19,23"
OCNT-2315806,train,FVIXHBOZMNOBMY-UHFFFAOYSA-N,24,5,0,0,4,4,True,True,False,False,,"11,14,21,22","11,14,21,22"
OCNT-2315808,train,WKCSLOFDRALBJT-UHFFFAOYSA-M,21,3,0,0,1,1,False,False,False,True,,2,2
OCNT-2315811,train,FJUYHWOWFWJCQV-UHFFFAOYSA-N,24,2,1,1,1,1,False,False,True,False,12,12,12
OCNT-2315812,train,MRCQGAKXHDSGLC-UHFFFAOYSA-N,26,1,0,0,0,0,False,True,False,False,,,
OCNT-2315813,train,GSIICQVDWMDVDG-UHFFFAOYSA-N,27,4,0,0,1,1,False,False,False,True,,22,22
OCNT-2315815,train,POBMXNGLHYMXJX-UHFFFAOYSA-N,21,4,0,0,4,4,True,False,False,False,,"11,15,18,19","11,15,18,19"
OCNT-2315816,train,AREAGOCNFVOBCP-UHFFFAOYSA-N,29,4,0,0,2,2,True,False,False,False,,"2,5","2,5"
OCNT-2315819,train,FINXLSLQWDTUQT-AYWPPYMVSA-N,26,2,0,0,2,2,True,False,False,False,,"6,17","6,17"
OCNT-2315820,train,CJOQFTARAWSADY-UHFFFAOYSA-N,29,3,0,0,1,2,True,False,False,False,,10,"7,10"
OCNT-2315821,train,WPXLRTCUAVFCFA-UHFFFAOYSA-N,24,2,0,0,1,1,True,False,False,False,,8,8
OCNT-2315823,train,VPCJPFLMSZDJFI-UHFFFAOYSA-N,33,4,0,0,1,1,False,False,False,True,,26,26
OCNT-2315824,train,MNBWGNLEKZHYPB-UHFFFAOYSA-N,27,4,0,0,1,1,False,False,False,True,,2,2
OCNT-2315826,train,YWHGLLLODCPXHJ-UHFFFAOYSA-N,25,5,0,0,3,3,True,False,False,True,,"5,13,22","5,13,22"
OCNT-2315827,train,IRNCPIXKBGQBJN-UHFFFAOYSA-N,26,4,1,1,3,3,False,False,True,False,16,"16,24,25","16,24,25"
OCNT-2315832,train,RKIRNVHTEYUZIG-UHFFFAOYSA-N,25,4,1,1,3,3,False,False,True,True,5,"5,21,22","5,21,22"
OCNT-2315833,train,BUFPBMSHQHKAKC-UHFFFAOYSA-N,26,3,0,0,1,2,False,False,False,True,,18,"13,18"
OCNT-2315836,train,ZKWIIGAKQSXBRC-UHFFFAOYSA-N,24,5,0,0,3,3,False,True,False,True,,"2,20,21","2,20,21"
OCNT-2315838,train,IGEAIMCXVSRMND-UHFFFAOYSA-N,28,5,0,0,2,2,True,True,False,True,,"19,20","19,20"
OCNT-2315840,train,LAIDWRUPIKZGLH-UHFFFAOYSA-N,21,2,1,1,1,2,False,False,True,False,4,4,"4,11"
OCNT-2315844,train,WNJZMKTVARMZJN-UHFFFAOYSA-N,26,3,0,0,2,2,True,False,True,False,,"16,17","16,17"
OCNT-2315845,train,KOLHWAHUAOOVFG-UHFFFAOYSA-N,28,3,0,0,1,1,False,True,True,False,,2,2
OCNT-2315846,train,SONKSBMYIAESOX-UHFFFAOYSA-N,23,4,0,0,2,2,False,False,False,True,,"12,13","12,13"
OCNT-2315849,train,XGYAFYBIRHLQJD-UHFFFAOYSA-N,23,4,0,0,2,2,True,False,True,False,,"7,19","7,19"
OCNT-2315851,train,ABEXPSKBOVMHEU-UHFFFAOYSA-N,25,3,0,0,1,1,False,True,False,True,,6,6
OCNT-2315858,train,GHXSNVVZVLZOTP-UHFFFAOYSA-N,23,4,0,0,1,1,True,False,False,False,,3,3
OCNT-2315859,train,RSIOEWHOJVUUFH-SKDZVZGDSA-N,25,2,0,0,0,1,True,False,False,False,,,23
OCNT-2315861,train,ZWGFNGTXTLBDPF-UHFFFAOYSA-N,29,5,0,0,2,2,False,False,False,True,,"14,21","14,21"
OCNT-2315862,train,TWXBJRFIIXRDRJ-UHFFFAOYSA-N,21,2,0,0,1,1,True,False,True,False,,19,19
OCNT-2315864,train,FFUUTFSVGYKNPU-UHFFFAOYSA-N,21,4,0,0,2,2,True,False,True,False,,"5,20","5,20"
OCNT-2315865,train,GNYQIMZCLGCRDQ-UHFFFAOYSA-N,26,3,0,0,1,1,False,True,False,False,,20,20
OCNT-2315866,train,REZMVDVWEFPWII-UHFFFAOYSA-N,27,2,0,0,0,0,False,True,False,False,,,
OCNT-2315870,train,COGRYNSHDIJCGF-UHFFFAOYSA-N,22,1,0,0,0,1,True,False,False,False,,,14
OCNT-2315873,train,DPIKOYZFBFKNFE-UHFFFAOYSA-N,22,4,0,0,2,2,False,True,False,False,,"15,18","15,18"
OCNT-2315874,train,MUCOCRLQOQLZIV-UHFFFAOYSA-N,22,2,0,0,0,0,False,False,False,True,,,
OCNT-2315875,train,OMHAOJDUYGXDSF-UHFFFAOYSA-N,30,6,0,0,3,3,True,False,True,False,,"9,14,18","9,14,18"
OCNT-2315877,train,CGDXAOLEHNMLPG-UHFFFAOYSA-N,22,4,0,0,1,1,True,False,False,False,,21,21
OCNT-2315878,train,OAKQXSLAVRBBFO-UHFFFAOYSA-N,23,4,1,1,3,3,False,False,True,False,12,"6,12,21","6,12,21"
OCNT-2315880,train,NSYWPGRLGRXHHP-UHFFFAOYSA-N,26,4,0,0,1,1,False,False,True,False,,25,25
OCNT-2315885,train,RAEAPYKJEFENQC-UHFFFAOYSA-N,26,4,0,0,2,3,False,True,False,False,,"23,24","20,23,24"
OCNT-2315886,train,GUZVPUBRPOUFHH-UHFFFAOYSA-N,26,3,0,0,1,2,True,False,False,True,,25,"14,25"
OCNT-2315887,train,ZXULFOHLBCEBCA-NEPJUHHUSA-N,21,1,0,0,0,1,False,False,True,False,,,17
OCNT-2315888,train,OVSRILAVJGUBPG-UHFFFAOYSA-N,24,7,0,0,4,4,True,False,False,False,,"5,19,20,21","5,19,20,21"
OCNT-2315891,train,WNYSWWAWPMRZPM-UHFFFAOYSA-N,28,3,1,1,2,3,False,False,True,False,2,"2,20","2,14,20"
OCNT-2315893,train,NJWPFCZHUWORBI-UHFFFAOYSA-N,23,3,0,0,1,1,False,False,False,True,,10,10
OCNT-2315895,train,XSYKQYURMSKXHU-UHFFFAOYSA-N,23,3,1,1,1,1,False,False,True,False,12,12,12
OCNT-2315900,train,DLIFTYGRXDKKLI-UHFFFAOYSA-N,28,4,0,0,1,2,False,False,False,True,,4,"4,24"
OCNT-2315903,train,AUWZLAUAWCSWCW-UHFFFAOYSA-N,25,6,1,1,5,5,True,False,False,False,22,"1,4,15,17,22","1,4,15,17,22"
OCNT-2315906,train,FJQDILFBCXCGIP-UHFFFAOYSA-N,22,4,0,0,2,2,False,True,False,True,,"15,18","15,18"
OCNT-2315908,train,WMYCJMKODWMDQF-UHFFFAOYSA-N,23,1,0,0,0,0,False,False,False,True,,,
OCNT-2315910,train,YAHVIAWMRXVLAP-UHFFFAOYSA-N,21,4,0,0,2,2,True,True,False,False,,"17,18","17,18"
OCNT-2315912,train,OCEJKASXGMZNKH-UHFFFAOYSA-N,21,2,0,0,2,3,False,True,False,False,,"4,16","4,12,16"
OCNT-2315913,train,IIUOCNAIOYTIIK-UHFFFAOYSA-N,22,2,0,0,1,2,False,False,True,False,,2,"2,21"
OCNT-2315916,train,CKNAQYRDRLONHB-UHFFFAOYSA-N,25,4,1,1,2,2,False,False,False,True,14,"3,14","3,14"
OCNT-2315930,train,XZMAKBABKHTJSA-LLVKDONJSA-N,23,3,0,0,1,1,False,False,True,False,,8,8
OCNT-2315931,train,RTWMBMRUDZASKG-UHFFFAOYSA-N,31,5,0,0,1,1,False,False,False,True,,2,2
OCNT-2315934,train,FFOPUDGTPLZMOT-UHFFFAOYSA-N,23,5,0,0,1,1,False,False,False,True,,18,18
OCNT-2315937,train,RVDWAGALOWZBAV-UHFFFAOYSA-N,24,6,0,0,4,4,False,False,True,False,,"5,7,18,19","5,7,18,19"
OCNT-2315938,train,GRCJNZRZNKRVHW-UHFFFAOYSA-N,23,5,0,0,3,3,False,True,False,True,,"5,20,22","5,20,22"
OCNT-2315944,train,BHVXWSPMYLEHOY-UHFFFAOYSA-N,28,3,0,0,2,2,False,False,True,False,,"12,27","12,27"
OCNT-2315945,train,BSDLDEUSTRLQEY-UHFFFAOYSA-N,25,3,0,0,0,0,False,False,False,True,,,
OCNT-2315946,train,MIOSQEBNSUQYQJ-UHFFFAOYSA-N,23,6,1,1,4,4,False,False,True,False,12,"5,12,14,18","5,12,14,18"
OCNT-2315948,train,OXQOIQHDEIKJRI-UHFFFAOYSA-N,27,5,0,0,3,3,False,True,True,True,,"2,8,23","2,8,23"
OCNT-2315950,train,SQUDKELOJLLRRO-UHFFFAOYSA-N,25,4,0,0,1,1,False,True,True,True,,15,15
OCNT-2315953,train,WNPLXJOPBHUPFF-UHFFFAOYSA-N,23,3,0,0,1,1,False,True,False,False,,8,8
OCNT-2315954,train,REYVFBVYQGYJLO-UHFFFAOYSA-N,21,5,1,1,3,3,True,False,False,False,7,"7,11,12","7,11,12"
OCNT-2315959,train,XAPVZHPMBSDYDS-VHRNVKJDSA-N,23,3,0,0,1,3,False,False,False,True,,5,"5,17,19"
OCNT-2315960,train,IEXQMLIWZWKXBA-UHFFFAOYSA-N,25,4,0,0,1,1,False,True,True,True,,19,19
OCNT-2315965,train,OGVLLYXHLIYWNR-UHFFFAOYSA-N,24,4,1,1,2,2,True,False,False,False,17,"13,17","13,17"
OCNT-2315966,train,VYAHUVGJLLKFAJ-UHFFFAOYSA-N,28,6,0,0,3,3,False,False,True,False,,"8,24,27","8,24,27"
OCNT-2315972,train,RSCLWXNTTOQEDX-UHFFFAOYSA-N,28,5,0,0,3,3,False,True,True,True,,"7,22,25","7,22,25"
OCNT-2315973,train,PLBGFVFWTLSZGL-UHFFFAOYSA-N,25,5,0,0,1,1,False,False,False,True,,4,4
OCNT-2315974,train,MSPLSQKCPNGXFQ-UHFFFAOYSA-N,27,3,0,0,1,1,False,False,True,False,,22,22
OCNT-2315975,train,JOABOKSXYTXGMI-UHFFFAOYSA-N,25,2,0,0,1,1,False,False,True,False,,10,10
OCNT-2315976,train,OAALIGUQPNNDKL-LBPRGKRZSA-N,22,3,0,0,0,0,False,False,False,True,,,
OCNT-2315978,train,UNPQSWQHGFDJGF-UHFFFAOYSA-N,23,4,0,0,3,3,True,True,False,False,,"6,8,17","6,8,17"
OCNT-2315980,train,ALTVYUCTEWWTBF-UHFFFAOYSA-N,28,6,0,0,3,3,False,True,False,False,,"7,17,23","7,17,23"
OCNT-2315982,train,WSRRLCNILMYAGW-UHFFFAOYSA-N,27,3,0,0,0,0,False,True,False,False,,,
OCNT-2315984,train,KMRWJHFVYUXBDA-UHFFFAOYSA-N,24,2,0,0,1,1,False,True,False,False,,8,8
OCNT-2315988,train,KDWINTKNCFXETQ-UHFFFAOYSA-N,21,2,0,0,0,0,False,False,True,True,,,
OCNT-2315990,train,HDIABXPHKYTLHK-UHFFFAOYSA-N,30,5,0,0,4,4,False,False,True,False,,"7,11,14,28","7,11,14,28"
OCNT-2315991,train,OXEBQHUGNKQHBU-UHFFFAOYSA-N,26,3,0,0,1,1,False,True,False,False,,19,19
OCNT-2315992,train,PHMDDIHADNUCSF-HZPDHXFCSA-N,25,5,0,0,2,3,True,False,False,True,,"23,24","22,23,24"
OCNT-2315994,train,LQLLHNXDSQWNGR-UHFFFAOYSA-N,27,6,0,0,4,4,True,False,True,False,,"11,22,25,26","11,22,25,26"
OCNT-2315996,train,XEMCUDAQPISXBU-UHFFFAOYSA-N,29,5,0,0,2,2,True,True,True,True,,"8,23","8,23"
OCNT-2315997,train,XNIZHZFXHODYBR-GOSISDBHSA-N,27,1,0,0,0,1,False,True,False,True,,,9
OCNT-2315998,train,KGIKOJGFXHUXFI-UHFFFAOYSA-N,24,4,1,1,2,2,False,False,False,True,6,"6,23","6,23"
OCNT-2316001,train,JDDRHSYXLOMPDH-UHFFFAOYSA-N,23,5,0,0,4,4,True,False,False,False,,"3,17,18,19","3,17,18,19"
OCNT-2316003,train,MVEPKMUQYNJZEZ-UHFFFAOYSA-N,29,5,1,1,3,3,False,True,False,True,7,"7,10,11","7,10,11"
OCNT-2316009,train,QZYHSGIUISZPJP-UHFFFAOYSA-N,23,4,0,0,1,1,True,False,False,False,,16,16
OCNT-2316012,train,DDZFVFCGOKWXIL-QMRHZFGWSA-N,22,2,1,1,1,1,False,False,True,False,4,4,4
OCNT-2316017,train,PRMVQRFDRXIDJH-UHFFFAOYSA-N,23,4,1,1,2,2,False,False,True,False,1,"1,13","1,13"
OCNT-2316020,train,MRLYRYUBHGOFSG-UHFFFAOYSA-N,32,5,0,0,2,2,False,True,False,True,,"8,24","8,24"
OCNT-2316025,train,VUODWNPUQSCMQY-AWEZNQCLSA-N,27,5,0,0,1,1,True,True,False,False,,24,24
OCNT-2316031,train,YJEOFBYOQKLGBO-UHFFFAOYSA-N,23,5,0,0,2,2,True,False,False,False,,"3,22","3,22"
OCNT-2316032,train,YHXAVSAGUBBLLW-UHFFFAOYSA-N,24,1,0,0,0,0,False,True,False,False,,,
OCNT-2316035,train,HTXJKXBBNROSRZ-UHFFFAOYSA-N,34,5,0,0,1,1,False,False,False,True,,18,18
OCNT-2316037,train,XGQFKAWKVLIBAF-UHFFFAOYSA-N,22,2,0,0,0,0,True,True,False,True,,,
OCNT-2316040,train,SUJSYOFYNXGWMI-NGKGQXKNSA-N,25,5,0,0,2,3,False,True,True,False,,"10,20","10,20,24"
OCNT-2316044,train,UHSCQJNPWIVPJV-UHFFFAOYSA-N,24,3,0,0,0,0,True,False,True,False,,,
OCNT-2316049,train,WDWXLGUKGPSCJB-UHFFFAOYSA-N,26,2,0,0,0,0,False,True,False,False,,,
OCNT-2316068,train,JPVSNCKCEXNVEF-UHFFFAOYSA-N,24,3,0,0,1,1,True,False,False,False,,22,22
OCNT-2316070,train,JGORGCVKTVDGCF-IYBDPMFKSA-N,22,3,0,0,1,1,True,False,True,False,,18,18
OCNT-2316072,train,XFNVKANPQXPLNM-UHFFFAOYSA-N,26,4,0,0,1,1,False,False,True,False,,19,19
OCNT-2316079,train,POERQIHEEDXADC-UHFFFAOYSA-N,29,4,0,0,1,2,True,True,False,True,,27,"22,27"
OCNT-2316081,train,IZAJPUPFAKFWRR-UHFFFAOYSA-N,25,3,0,0,1,1,False,True,False,False,,4,4
OCNT-2316082,train,BBNUFHGFXUOQAL-UHFFFAOYSA-N,23,3,0,0,1,1,False,False,True,False,,19,19
OCNT-2316083,train,ZVDCGPJYFOYULX-UHFFFAOYSA-N,22,4,0,0,3,4,True,False,True,False,,"6,7,16","6,7,9,16"
OCNT-2316084,train,QQYAHLPJWKQNTM-UHFFFAOYSA-N,28,3,0,0,0,0,False,True,False,False,,,
OCNT-2316089,train,PANZWOQGXPSBQZ-UHFFFAOYSA-N,27,3,0,0,0,1,False,False,True,False,,,6
OCNT-2316093,train,GGQJTMVJNYFFAV-UHFFFAOYSA-N,25,1,0,0,0,0,False,True,False,True,,,
OCNT-2316095,train,FXXWMYAWOYDVCR-UHFFFAOYSA-N,23,6,0,0,3,3,False,False,False,True,,"8,18,20","8,18,20"
OCNT-2316099,train,ILXVZKLXZOEKTC-UHFFFAOYSA-N,24,2,0,0,0,0,True,False,False,True,,,
OCNT-2316100,train,OCIXNTJMRJNLDM-UHFFFAOYSA-N,25,4,0,0,3,3,True,False,True,False,,"9,18,23","9,18,23"
OCNT-2316102,train,BQLHWDRMJVMSCG-UHFFFAOYSA-N,22,3,2,2,2,3,False,False,False,True,"3,6","3,6","3,6,14"
OCNT-2316103,train,STDQORBDDGCAGM-UHFFFAOYSA-N,24,2,0,0,0,1,False,False,False,True,,,22
OCNT-2316105,train,APRNCIZEBGWKCC-UHFFFAOYSA-N,24,4,0,0,1,1,False,False,False,True,,15,15
OCNT-2316109,train,ULSVLCNUYFBDCA-UHFFFAOYSA-N,22,4,0,0,3,3,True,True,True,True,,"13,18,19","13,18,19"
OCNT-2316110,train,XGAWENUTRCFJDI-CYBMUJFWSA-N,23,5,1,1,4,4,False,False,False,True,6,"6,17,21,22","6,17,21,22"
OCNT-2316112,train,KOBQWXPNQNIYFO-UHFFFAOYSA-N,23,5,0,0,3,5,False,False,False,True,,"20,21,22","3,15,20,21,22"
OCNT-2316115,train,VDDCFMULUARAJA-UHFFFAOYSA-N,26,4,0,0,2,2,True,True,False,True,,"24,25","24,25"
OCNT-2316117,train,IOHJWSPUOJUMQL-UHFFFAOYSA-N,23,3,0,0,1,1,True,False,False,False,,16,16
OCNT-2316119,train,BFVHBFKLFDSHNI-UHFFFAOYSA-N,27,4,0,0,2,3,True,False,True,False,,"6,8","0,6,8"
OCNT-2316120,train,YBSFAVKRJPTTHV-UHFFFAOYSA-N,21,4,1,1,2,2,True,False,True,False,10,"10,18","10,18"
OCNT-2316121,train,HBIXLLBPTHZDRI-UHFFFAOYSA-N,24,2,0,0,0,0,True,False,False,False,,,
OCNT-2316125,train,HTFHQYPWORPEHA-UHFFFAOYSA-N,21,3,0,0,2,3,True,False,False,False,,"9,18","0,9,18"
OCNT-2316131,train,YIFDISNBBGKJKI-UHFFFAOYSA-N,30,2,0,0,1,1,True,False,False,False,,11,11
OCNT-2316132,train,GUDHSXTUPPEPPK-UHFFFAOYSA-N,23,5,0,0,2,2,True,False,False,False,,"14,22","14,22"
OCNT-2316133,train,YQABVYWBHBCFDO-RBUKOAKNSA-N,27,2,0,0,0,0,False,True,True,False,,,
OCNT-2316136,train,TWEFBDRCKSVINZ-UHFFFAOYSA-N,24,3,0,0,2,3,False,False,True,False,,"10,23","10,20,23"
OCNT-2316138,train,GIABMCLUWDKIQB-UHFFFAOYSA-N,22,3,0,0,2,2,False,False,False,True,,"5,21","5,21"
OCNT-2316140,train,IQMCPNDQOKHXLC-UHFFFAOYSA-N,26,4,0,0,2,3,False,False,False,True,,"8,15","8,15,21"
OCNT-2316141,train,NLJQZNHEMSUVFB-VQIMIIECSA-N,24,1,0,0,0,0,False,False,False,True,,,
OCNT-2316147,train,RJTQYMCYOPQQOM-UHFFFAOYSA-N,24,4,0,0,2,2,False,True,False,False,,"21,23","21,23"
OCNT-2316148,train,QFSDRILFUKOCKE-UHFFFAOYSA-N,24,2,0,0,1,1,False,False,False,True,,2,2
OCNT-2316158,train,AWWOJKWIDRKRRX-UHFFFAOYSA-N,25,2,0,0,0,0,False,False,False,True,,,
OCNT-2316159,train,JVDGAKHVFVRQPJ-UHFFFAOYSA-N,22,3,0,0,1,1,True,False,False,False,,5,5
OCNT-2316163,train,KKEULVBKRYJFFQ-UHFFFAOYSA-N,23,3,0,0,1,1,False,False,False,True,,14,14
OCNT-2316164,train,IVSXKJLOXRBZSW-UHFFFAOYSA-N,27,3,0,0,0,0,True,False,False,False,,,
OCNT-2316170,train,WQSJTLOSKGORSG-UHFFFAOYSA-N,25,4,0,0,2,2,False,True,False,False,,"14,23","14,23"
OCNT-2316175,train,HOKIEOIBMAMYDU-DIFFPNOSSA-N,24,2,1,1,1,2,False,False,True,True,22,22,"7,22"
OCNT-2316176,train,IVLDPMHWGKSBBD-UHFFFAOYSA-N,25,3,1,1,2,2,False,False,True,True,14,"11,14","11,14"
OCNT-2316177,train,PENAZWDHEMHUSC-UHFFFAOYSA-N,22,5,0,0,2,2,False,False,False,True,,"13,18","13,18"
OCNT-2316179,train,ZPTXIZJWBZRGMV-UHFFFAOYSA-N,23,3,1,1,2,2,False,False,True,False,11,"2,11","2,11"
OCNT-2316180,train,CLOQRBMETQXCIE-UHFFFAOYSA-N,25,5,0,0,3,3,True,False,True,False,,"15,20,22","15,20,22"
OCNT-2316181,train,JMYYWDLLJQSPOB-UHFFFAOYSA-N,22,5,0,0,2,2,True,False,False,False,,"14,21","14,21"
OCNT-2316185,train,QYATYFWVQSEJPP-UHFFFAOYSA-N,32,4,0,0,1,1,False,True,False,True,,7,7
OCNT-2316186,train,JGRXJJMQSRXVHX-UHFFFAOYSA-N,28,7,0,0,3,3,False,True,False,False,,"19,23,25","19,23,25"
OCNT-2316187,train,AVSBSKYNGOROPD-UHFFFAOYSA-N,25,6,0,0,3,3,False,False,False,True,,"2,15,20","2,15,20"
OCNT-2316189,train,TULLPNOZEUPQFX-UHFFFAOYSA-N,23,4,0,0,2,2,True,True,False,False,,"4,20","4,20"
OCNT-2316191,train,SBSGAKBWWPKTNZ-UHFFFAOYSA-N,24,3,0,0,1,1,False,False,False,True,,14,14
OCNT-2316194,train,PAHHJKGABHEMIV-UHFFFAOYSA-N,24,2,0,0,0,0,False,False,False,True,,,
OCNT-2316195,train,UHDSYFOJPWKJQM-UHFFFAOYSA-N,24,3,0,0,0,0,False,True,False,False,,,
OCNT-2316196,train,UPXQXMXYQKKYRX-UHFFFAOYSA-N,24,4,0,0,1,1,False,False,False,True,,18,18
OCNT-2316197,train,QDOKDFPHEPCJNS-UHFFFAOYSA-N,26,4,0,0,1,1,False,False,False,True,,22,22
OCNT-2316198,train,YCPUOVDYXXXOIL-UHFFFAOYSA-N,28,4,1,1,2,2,False,True,False,False,5,"5,25","5,25"
OCNT-2316204,train,IAUITTZWSOAVCK-UHFFFAOYSA-N,21,3,1,1,3,3,True,False,False,False,8,"4,8,20","4,8,20"
OCNT-2316205,train,CALFQHMXANLWPL-UHFFFAOYSA-N,27,2,0,0,0,1,True,True,False,False,,,6
OCNT-2316207,train,UDWPCCDEHUZNNF-UHFFFAOYSA-N,22,1,1,1,1,1,False,False,True,False,11,11,11
OCNT-2316209,train,XFOAKKRCKCVQOA-UHFFFAOYSA-N,25,3,0,0,0,0,False,True,False,False,,,
OCNT-2316212,train,FHFCYNRPXCADTG-UHFFFAOYSA-N,25,2,0,0,1,1,False,False,True,False,,17,17
OCNT-2316215,train,JUMJDUFSGJOBNY-UHFFFAOYSA-N,25,3,0,0,1,2,True,False,False,False,,5,"5,19"
OCNT-2316216,train,RUVPZLYIFRKSKE-UHFFFAOYSA-N,24,2,0,0,0,0,False,False,False,True,,,
OCNT-2316217,train,PSIGXFFTBZQNEN-UHFFFAOYSA-N,21,4,0,0,2,2,False,False,False,True,,"12,15","12,15"
OCNT-2316222,train,IAADIQFSVHQZEG-UHFFFAOYSA-N,26,5,0,0,2,2,False,False,False,True,,"22,24","22,24"
OCNT-2316225,train,FAADDWZKJJDRAC-UHFFFAOYSA-N,23,4,0,0,2,2,False,True,False,False,,"5,16","5,16"
OCNT-2316228,train,WXMVGDCAVYRQJH-DLBZAZTESA-N,22,4,1,1,2,2,False,False,True,False,10,"10,20","10,20"
OCNT-2316229,train,FHAJACFOFHBTNN-UHFFFAOYSA-N,26,6,0,0,3,3,True,True,False,True,,"12,18,24","12,18,24"
OCNT-2316230,train,IQXMDEBCQLDYBS-UHFFFAOYSA-N,28,3,0,0,0,0,False,True,False,False,,,
OCNT-2316235,train,YVRPHAJCWJZBDE-UHFFFAOYSA-N,28,5,0,0,2,2,False,False,False,True,,"7,26","7,26"
OCNT-2316236,train,WWRQCHXWGJKIJG-UHFFFAOYSA-N,26,6,0,0,2,3,False,True,False,True,,"5,22","5,14,22"
OCNT-2316237,train,ACPJUVGNTPNUOB-UHFFFAOYSA-N,21,5,0,0,2,2,False,False,True,False,,"7,20","7,20"
OCNT-2316240,train,UCLIBLSNLJTFCY-UHFFFAOYSA-N,24,2,0,0,0,0,False,False,True,False,,,
OCNT-2316247,train,QFYYABUCQMXEAW-PJYWTSEFSA-N,23,3,0,0,1,2,True,False,True,False,,10,"10,14"
OCNT-2316252,train,PQYPFFASSMZDMA-UHFFFAOYSA-N,22,3,0,0,0,0,False,False,False,True,,,
OCNT-2316253,train,HPRZHTMOTCATFI-UHFFFAOYSA-N,21,2,0,0,1,1,False,True,True,False,,9,9
OCNT-2316254,train,GGZDIENQTDGRBU-UHFFFAOYSA-N,23,2,0,0,1,1,True,False,False,False,,5,5
OCNT-2316255,train,TXHULZCABKAZOB-UHFFFAOYSA-N,26,7,0,0,4,4,True,True,True,False,,"11,13,14,15","11,13,14,15"
OCNT-2316256,train,PUUICPNYFPCHEE-UHFFFAOYSA-N,23,4,0,0,1,1,False,False,True,True,,21,21
OCNT-2316257,train,BUBWMIHSTKNNPR-UHFFFAOYSA-N,21,5,0,0,2,2,False,False,False,True,,"6,9","6,9"
OCNT-2316262,train,AXUDEHDIXOYDDR-UHFFFAOYSA-N,27,4,0,0,0,0,False,False,True,False,,,
OCNT-2316266,train,RAMYBWRNVKSEGW-UHFFFAOYSA-N,26,4,0,0,2,2,True,False,False,False,,"2,25","2,25"
OCNT-2316270,train,FQIGRACDNIOPES-UHFFFAOYSA-N,26,5,0,0,3,4,True,True,False,False,,"2,5,18","2,5,18,24"
OCNT-2316274,train,FACJYNRPNSFHRG-UHFFFAOYSA-N,21,4,1,1,2,2,True,False,False,True,1,"1,5","1,5"
OCNT-2316276,train,UNJSNRUFFLYKGR-UHFFFAOYSA-N,33,4,0,0,1,1,False,True,False,True,,2,2
OCNT-2316278,train,KPSGOILJROKABB-JKSUJKDBSA-N,23,4,0,0,1,1,False,True,False,True,,22,22
OCNT-2316280,train,XYXFLBLYUWEHNS-UHFFFAOYSA-N,27,3,0,0,0,0,False,True,False,False,,,
OCNT-2316287,train,SIPKZGGJKLNGKF-UHFFFAOYSA-N,24,5,0,0,3,3,False,False,True,False,,"14,21,23","14,21,23"
OCNT-2316288,train,AFADLCKGGIBIOO-UHFFFAOYSA-N,25,6,0,0,3,3,False,True,True,False,,"15,23,24","15,23,24"
OCNT-2316290,train,KQTDCJOXKAQMHS-UHFFFAOYSA-N,22,3,0,0,1,1,True,True,False,False,,13,13
OCNT-2316296,train,ZROIWNQWGWWHBM-UHFFFAOYSA-N,23,5,0,0,3,3,False,False,True,False,,"10,18,19","10,18,19"
OCNT-2316303,train,WJSGRZXGMIBXIR-UHFFFAOYSA-N,25,4,0,0,1,1,True,False,False,True,,4,4
OCNT-2316304,train,FCZRDTNMLJZJKM-UHFFFAOYSA-N,25,3,1,1,1,1,True,True,False,False,16,16,16
OCNT-2316305,train,ZQWNBUUGCZZBQG-UHFFFAOYSA-N,21,4,0,0,1,1,False,True,True,True,,14,14
OCNT-2316307,train,XHRSLVDLHKJRHZ-UHFFFAOYSA-N,23,2,0,0,1,1,False,True,False,False,,12,12
OCNT-2316311,train,GXYHSKJJUTYTCB-UHFFFAOYSA-N,26,2,0,0,0,0,False,True,False,True,,,
OCNT-2316319,train,GFMDVFVOJOPHQC-UHFFFAOYSA-N,22,5,0,0,1,1,True,True,False,False,,19,19
OCNT-2316320,train,LZXPPMKDZFTSDQ-UHFFFAOYSA-N,27,3,0,0,1,2,False,True,False,False,,24,"8,24"
OCNT-2316322,train,ZGQZXSDSBGYNBR-UHFFFAOYSA-N,24,4,0,0,1,1,False,True,False,False,,23,23
OCNT-2316326,train,PIXRXWGQJSQWHO-UHFFFAOYSA-N,24,3,0,0,1,2,True,False,False,False,,21,"10,21"
OCNT-2316329,train,ZETLBFHKRJQWQU-UHFFFAOYSA-N,25,3,1,1,2,2,True,False,False,True,5,"5,23","5,23"
OCNT-2316334,train,ZHMAMFYEVUWYHT-UHFFFAOYSA-N,22,2,1,1,2,3,True,False,True,False,1,"1,4","1,4,18"
OCNT-2316337,train,JBSWVDGXCNMKRD-XIKOKIGWSA-N,26,4,1,1,2,3,False,True,False,False,24,"16,24","7,16,24"
OCNT-2316339,train,GDDJOHRLSPNVNU-UHFFFAOYSA-N,24,5,0,0,2,2,False,False,False,True,,"2,23","2,23"
OCNT-2316344,train,ZOJWIUJADMWDPN-JKSUJKDBSA-N,25,5,0,0,1,1,False,True,False,False,,11,11
OCNT-2316345,train,YWHCPENBTKYQMF-UHFFFAOYSA-N,23,5,0,0,1,1,True,False,True,False,,2,2
OCNT-2316348,train,CVHWDHVMZRDXOR-UHFFFAOYSA-N,26,3,1,1,1,2,False,False,True,False,15,15,"2,15"
OCNT-2316349,train,YDNNWCSROCTHFP-UHFFFAOYSA-N,28,5,0,0,2,2,False,False,True,False,,"18,26","18,26"
OCNT-2316352,train,WRXFOSGHPGKFAY-UHFFFAOYSA-N,26,3,0,0,0,0,False,False,False,True,,,
OCNT-2316354,train,MYIUSFVPFKJEDS-GXTWGEPZSA-N,24,2,1,1,1,3,False,False,True,False,7,7,"7,20,23"
OCNT-2316356,train,HXVPFLAIUCTCLG-UHFFFAOYSA-N,27,4,0,0,1,1,False,False,True,False,,7,7
OCNT-2316358,train,DLBNHSJMOTWUAU-UHFFFAOYSA-N,23,1,0,0,0,2,True,False,False,True,,,"8,17"
OCNT-2316359,train,QFUBGOOMOUUJRG-UHFFFAOYSA-N,28,5,0,0,1,1,False,True,False,True,,2,2
OCNT-2316360,train,WPRKAFWHASEFDD-DAFXYXGESA-N,29,5,1,1,3,3,False,True,False,False,11,"11,18,27","11,18,27"
OCNT-2316365,train,CCWKWZDOARHVPW-UHFFFAOYSA-N,25,4,0,0,1,1,True,False,False,False,,16,16
OCNT-2316367,train,HXJWEJOIHWHYQT-UHFFFAOYSA-N,26,2,0,0,1,1,False,False,False,True,,15,15
OCNT-2316372,train,HTDLZOBEDKINPU-UHFFFAOYSA-N,22,4,0,0,1,1,True,False,False,False,,15,15
OCNT-2316374,train,IJKDYORCPLEIQG-LBPRGKRZSA-N,23,3,0,0,0,0,False,False,False,True,,,
OCNT-2316388,train,FBOYAGBRKKNXKS-UHFFFAOYSA-N,24,3,0,0,1,1,True,False,True,False,,17,17
OCNT-2316392,train,MQBUEZDBNBGKQA-UHFFFAOYSA-N,23,3,0,0,1,1,True,False,False,False,,19,19
OCNT-2316394,train,GSQAUZICWJUAST-UHFFFAOYSA-N,25,3,1,1,1,2,False,True,False,False,3,3,"3,8"
OCNT-2316397,train,MQCGWNQRZSSMDW-UHFFFAOYSA-N,23,2,0,0,0,1,True,False,False,False,,,8
OCNT-2316398,train,NIIIZGIYIKLYDL-UHFFFAOYSA-N,22,4,1,1,3,3,False,False,True,False,7,"7,15,20","7,15,20"
OCNT-2316399,train,QMNINDHVHYVNNE-UHFFFAOYSA-N,21,3,0,0,1,2,False,True,False,False,,20,"13,20"
OCNT-2316400,train,ZUAYBNIRDLJINI-UHFFFAOYSA-N,29,5,0,0,2,2,True,False,False,False,,"17,27","17,27"
OCNT-2316402,train,VOQDHYHCFNMXNL-UHFFFAOYSA-N,25,3,1,1,1,2,False,False,True,False,16,16,"16,21"
OCNT-2316403,train,HIOCORNYUDAROQ-UHFFFAOYSA-N,26,7,0,0,3,3,False,False,False,True,,"14,17,18","14,17,18"
OCNT-2316408,train,WEEGQGAXYCRQAE-UHFFFAOYSA-N,30,4,0,0,1,1,True,False,True,True,,16,16
OCNT-2316412,train,ZQUGLUNAPPGFIR-UHFFFAOYSA-N,22,5,0,0,3,3,False,False,True,False,,"9,19,20","9,19,20"
OCNT-2316420,train,YGFKTZKRYFNSGY-UHFFFAOYSA-N,35,4,0,0,0,0,False,False,True,True,,,
OCNT-2316424,train,KOGLKBKCAXGATQ-UHFFFAOYSA-N,27,4,1,1,2,2,False,False,True,True,20,"7,20","7,20"
OCNT-2316430,train,BBRALRKCXXPBKZ-UHFFFAOYSA-N,23,5,0,0,2,2,False,True,False,False,,"18,22","18,22"
OCNT-2316431,train,QZVOWZQGJJGBET-UHFFFAOYSA-N,23,2,0,0,0,1,False,True,True,False,,,13
OCNT-2316432,train,CCFPURFYUXRBIA-UHFFFAOYSA-N,27,2,0,0,0,0,False,False,False,True,,,
OCNT-2316436,train,MXKIROVYBHRNBM-UHFFFAOYSA-N,24,3,0,0,1,1,True,True,False,False,,20,20
OCNT-2316438,train,FFXRXVHUHDFJBQ-QGZVFWFLSA-N,25,4,1,1,2,2,False,False,False,True,6,"6,22","6,22"
OCNT-2316441,train,LFYAZSYJXZDHFQ-UHFFFAOYSA-N,26,4,0,0,1,1,True,True,False,False,,17,17
OCNT-2316444,train,KOMQOBZLPXBGIL-UHFFFAOYSA-N,26,2,0,0,0,1,False,False,True,False,,,20
OCNT-2316445,train,XBYRRNKAWXMJHZ-UHFFFAOYSA-N,23,5,0,0,2,2,False,True,False,True,,"12,17","12,17"
OCNT-2316451,train,HSBFDTVYHIRSAY-UHFFFAOYSA-N,22,5,0,0,1,1,False,False,False,True,,20,20
OCNT-2316452,train,URAQAPFFYYJDFQ-UHFFFAOYSA-N,29,5,0,0,4,4,False,True,False,False,,"7,21,24,26","7,21,24,26"
OCNT-2316459,train,ATFFWNIHJPKPHE-UHFFFAOYSA-N,31,5,0,0,2,2,False,False,True,True,,"27,28","27,28"
OCNT-2316462,train,ACGFDMCSCWRSIA-UHFFFAOYSA-N,23,2,0,0,1,1,False,False,False,True,,5,5
OCNT-2316464,train,RVMONIUXPWNMOU-UHFFFAOYSA-N,25,4,0,0,2,2,True,False,False,True,,"3,23","3,23"
OCNT-2316472,train,AVXKCXZTVJXENU-INIZCTEOSA-N,26,5,0,0,1,1,False,False,False,True,,23,23
OCNT-2316474,train,RAQMKDXAEMZEKK-UHFFFAOYSA-N,25,4,0,0,3,3,False,False,False,True,,"13,23,24","13,23,24"
OCNT-2316475,train,CQJXFFYESDTDLQ-UHFFFAOYSA-N,23,3,0,0,2,3,True,False,False,False,,"12,21","12,19,21"
OCNT-2316476,train,MOEUPKRWJULLIY-UHFFFAOYSA-N,22,2,0,0,1,1,True,True,False,False,,10,10
OCNT-2316482,train,BGGNNTFHIXNCDE-UHFFFAOYSA-N,24,5,0,0,2,2,False,True,False,False,,"18,19","18,19"
OCNT-2316486,train,DNDOJKITKZLECV-UHFFFAOYSA-N,27,5,0,0,2,2,False,False,False,True,,"19,26","19,26"
OCNT-2316490,train,RBCULVWZGJJLJC-UHFFFAOYSA-N,25,4,0,0,1,1,False,False,False,True,,18,18
OCNT-2316493,train,HXFRGBFWRCRYDN-UHFFFAOYSA-N,20,2,1,1,1,1,False,False,True,False,16,16,16
OCNT-2316494,train,JPKNAFFCNYNTAM-UHFFFAOYSA-N,23,3,0,0,1,1,True,False,False,False,,5,5
OCNT-2316497,train,OQKDFLHSPOUSAQ-WPZCJLIBSA-N,21,2,1,1,2,3,False,False,True,False,2,"2,19","2,5,19"
OCNT-2316507,train,YCKQLOFLKFDRSW-UHFFFAOYSA-N,24,3,0,0,1,1,True,True,True,True,,22,22
OCNT-2316512,train,JELIGEPTNYWOFF-UHFFFAOYSA-N,27,6,0,0,5,5,False,True,False,True,,"11,17,18,19,20","11,17,18,19,20"
OCNT-2316515,train,DCHLTHRVRAMZBP-UHFFFAOYSA-N,22,3,0,0,1,1,True,True,False,False,,12,12
OCNT-2316516,train,ANRTUOAFXNQUJO-UHFFFAOYSA-N,22,4,0,0,4,4,True,False,False,False,,"3,15,17,18","3,15,17,18"
OCNT-2316527,train,UNVBSCDOHAKYON-UHFFFAOYSA-N,23,3,1,1,2,2,False,False,True,False,16,"7,16","7,16"
OCNT-2316531,train,RTQQWXFMGMPLAP-UHFFFAOYSA-N,28,4,0,0,1,1,False,False,False,True,,10,10
OCNT-2316534,train,NVAGELYZKFZNII-UHFFFAOYSA-N,23,5,0,0,3,3,True,True,False,False,,"2,11,22","2,11,22"
OCNT-2316535,train,MRGWISQZLMLCAN-UHFFFAOYSA-N,23,4,1,1,3,3,False,False,True,False,5,"5,15,17","5,15,17"
OCNT-2316543,train,BOKFPFKRMCNNQS-UHFFFAOYSA-N,25,3,0,0,3,3,True,False,True,False,,"9,16,18","9,16,18"
OCNT-2316547,train,CZLYCQXGUITFRL-UHFFFAOYSA-N,21,3,0,0,2,2,True,False,False,False,,"6,13","6,13"
OCNT-2316548,train,FFDJCKPJJHYPFO-UHFFFAOYSA-N,24,5,0,0,4,4,True,False,False,False,,"7,10,19,20","7,10,19,20"
OCNT-2316551,train,CNOXQHATWRFZGS-UHFFFAOYSA-N,24,3,2,2,2,2,False,False,False,True,"5,8","5,8","5,8"
OCNT-2316553,train,STESAMRVYGYRRJ-UHFFFAOYSA-N,27,3,1,1,2,3,False,False,True,False,6,"6,24","6,10,24"
OCNT-2316554,train,CODZALLZJSHHRX-UHFFFAOYSA-N,25,4,0,0,2,2,False,False,False,True,,"22,24","22,24"
OCNT-2316555,train,RWYLVXALJMAJFG-UHFFFAOYSA-N,25,4,1,1,2,2,False,False,True,False,15,"12,15","12,15"
OCNT-2316557,train,UCGHBZIAFOPHKJ-UHFFFAOYSA-N,26,3,0,0,0,0,False,False,False,True,,,
OCNT-2316559,train,VNXDVPIEKLJBAE-UHFFFAOYSA-N,24,3,0,0,1,1,True,False,False,False,,16,16
OCNT-2316560,train,KYICTTNXSVXRGU-PJYWTSEFSA-N,24,6,0,0,3,4,False,True,False,False,,"10,19,20","10,14,19,20"
OCNT-2316563,train,JPOJZHJYWGFGNZ-UHFFFAOYSA-N,25,2,0,0,0,1,False,False,False,True,,,4
OCNT-2316564,train,LEWHCBDKCHBNAH-UHFFFAOYSA-N,21,3,0,0,1,1,True,True,False,True,,19,19
OCNT-2316565,train,NDWFZTCZTNKEDE-OAHLLOKOSA-N,22,2,0,0,1,2,False,True,False,True,,18,"9,18"
OCNT-2316566,train,YNZRGTDAPKOIRZ-UHFFFAOYSA-N,25,4,0,0,3,3,False,True,False,True,,"7,16,17","7,16,17"
OCNT-2316568,train,POWLBZQCDYJROV-UHFFFAOYSA-N,24,4,0,0,3,3,True,False,True,False,,"7,18,21","7,18,21"
OCNT-2316569,train,XGFKBCXKDWUDBV-UHFFFAOYSA-N,28,6,1,1,3,3,False,False,True,False,14,"6,14,20","6,14,20"
OCNT-2316570,train,SWMOBBBYJUMHJZ-UHFFFAOYSA-N,26,3,0,0,0,0,False,False,True,False,,,
OCNT-2316573,train,ZPKWTJRTSZDMKT-UHFFFAOYSA-N,21,2,1,1,1,2,True,True,True,False,6,6,"3,6"
OCNT-2316582,train,TXNKXQDNBUHNOQ-UHFFFAOYSA-N,27,6,0,0,3,3,True,False,False,True,,"8,12,22","8,12,22"
OCNT-2316583,train,SPRLTYFEFFYAKP-UHFFFAOYSA-N,29,6,0,0,2,2,False,False,False,True,,"22,25","22,25"
OCNT-2316585,train,INDWLASWAKDZEB-UHFFFAOYSA-N,26,4,0,0,2,3,True,False,False,False,,"22,25","10,22,25"
OCNT-2316587,train,RXOJCTZHFCWIGP-UHFFFAOYSA-N,22,3,1,1,1,1,False,False,True,False,4,4,4
OCNT-2316589,train,ZXVJQGOJHBPTOQ-UHFFFAOYSA-N,23,3,0,0,0,0,True,False,False,True,,,
OCNT-2316591,train,OQOVOJADYWLGMQ-UHFFFAOYSA-N,24,3,0,0,0,0,True,False,False,False,,,
OCNT-2316592,train,XMYRNEFMCOBOQD-QFBILLFUSA-N,27,1,0,0,0,0,False,True,False,False,,,
OCNT-2316594,train,DSZCBVKQSSVRLT-UHFFFAOYSA-N,22,5,0,0,2,2,False,False,True,False,,"2,3","2,3"
OCNT-2316595,train,STDLBSAMZRPIQK-UHFFFAOYSA-N,30,6,0,0,2,2,True,True,False,False,,"11,13","11,13"
OCNT-2316600,train,JMGPTMRUYKMATP-UHFFFAOYSA-N,34,6,0,0,2,2,False,False,False,True,,"27,28","27,28"
OCNT-2316604,train,WRAALMNEWKOQBJ-UHFFFAOYSA-N,33,6,0,0,3,3,False,True,False,False,,"7,31,32","7,31,32"
OCNT-2316606,train,LTODDWBFRYADKR-UHFFFAOYSA-N,22,2,0,0,0,0,True,False,False,False,,,
OCNT-2316608,train,WPZDQKODJCNDQR-OLZOCXBDSA-N,22,4,1,1,3,3,False,False,False,True,1,"1,11,18","1,11,18"
OCNT-2316612,train,RJMHLGGYHZCNAH-UHFFFAOYSA-N,24,2,0,0,1,1,True,False,True,False,,10,10
OCNT-2316617,train,KWQQPGZCYPIQPO-KSSFIOAISA-N,25,2,1,1,1,2,False,True,True,False,3,3,"3,6"
OCNT-2316619,train,MPCLHVLNOSGXLY-UHFFFAOYSA-N,26,5,1,1,4,4,False,False,True,False,15,"15,18,19,24","15,18,19,24"
OCNT-2316624,train,NRHOMDXRBIHWNL-UHFFFAOYSA-N,24,5,0,0,2,2,False,True,False,False,,"2,17","2,17"
OCNT-2316626,train,LRONLVUSEZTZCL-UHFFFAOYSA-N,23,4,0,0,1,1,False,True,False,False,,17,17
OCNT-2316628,train,NJJAJTQWQZTIQS-UHFFFAOYSA-N,27,4,0,0,2,3,False,True,False,False,,"4,5","4,5,22"
OCNT-2316630,train,WEPUYFMDRVYZEM-UHFFFAOYSA-N,22,5,1,1,4,5,False,False,True,False,3,"3,15,20,21","0,3,15,20,21"
OCNT-2316633,train,XTRQCVSHVGEAGT-UHFFFAOYSA-N,31,5,0,0,3,3,False,False,False,True,,"18,19,26","18,19,26"
OCNT-2316635,train,BWZUKEOXSUNTGH-UHFFFAOYSA-N,24,4,0,0,3,3,True,False,False,False,,"2,11,22","2,11,22"
OCNT-2316636,train,ZCDIGCDKQZKDJM-UHFFFAOYSA-N,22,1,0,0,0,1,True,True,False,True,,,7
OCNT-2316641,train,XDAIBRCDDXSVIX-UHFFFAOYSA-N,24,2,1,1,1,2,True,False,False,False,4,4,"4,13"
OCNT-2316644,train,RZOVHTDVIKNRPV-UHFFFAOYSA-N,23,3,1,1,1,1,False,False,True,False,11,11,11
OCNT-2316650,train,WIWXZGDHBZTUTK-UHFFFAOYSA-N,25,6,0,0,3,3,False,True,False,False,,"16,17,20","16,17,20"
OCNT-2316654,train,KGDBHTFHMFKVGM-UHFFFAOYSA-N,26,4,0,0,1,1,True,True,True,True,,15,15
OCNT-2316656,train,BZGWCXPBGHVUHJ-UHFFFAOYSA-N,25,6,0,0,3,3,False,True,True,True,,"3,17,24","3,17,24"
OCNT-2316657,train,DHTRYQIITKASDN-UHFFFAOYSA-N,24,6,0,0,3,3,False,False,True,False,,"4,5,23","4,5,23"
OCNT-2316658,train,WLBUUSCZGAQBNA-UHFFFAOYSA-N,24,4,0,0,1,1,False,True,False,False,,3,3
OCNT-2316662,train,GFEAUAXVPJUYQZ-MRXNPFEDSA-N,25,4,1,1,3,3,False,False,False,True,15,"15,22,23","15,22,23"
OCNT-2316664,train,GWDOIAFYMZHEGB-UHFFFAOYSA-N,25,6,0,0,3,3,True,True,True,True,,"16,20,21","16,20,21"
OCNT-2316666,train,HUORSAKBYNEWOX-UHFFFAOYSA-N,22,4,0,0,2,3,False,True,False,True,,"18,20","0,18,20"
OCNT-2316669,train,HBWZWUOQIKNJHR-UHFFFAOYSA-N,21,5,0,0,4,4,True,False,False,False,,"3,11,18,19","3,11,18,19"
OCNT-2316671,train,YEOSBNSNNIDEDA-UHFFFAOYSA-N,24,6,0,0,3,3,False,True,False,True,,"17,18,19","17,18,19"
OCNT-2316676,train,DDYQMQHUOWCBKE-UHFFFAOYSA-N,24,4,0,0,3,3,True,False,True,False,,"6,15,19","6,15,19"
OCNT-2316679,train,CHKIRQITJUEJJS-UHFFFAOYSA-N,22,6,0,0,3,3,False,True,False,False,,"16,17,18","16,17,18"
OCNT-2316682,train,NDPYNCRENONTHS-CVEARBPZSA-N,22,4,1,1,2,2,False,False,True,False,11,"3,11","3,11"
OCNT-2316683,train,VYKYJWRYICVBEY-UHFFFAOYSA-N,21,5,1,1,3,3,True,False,False,False,12,"7,12,18","7,12,18"
OCNT-2316684,train,LNLXZSGXBYWBDU-NSHDSACASA-N,21,4,0,0,2,2,False,False,False,True,,"13,16","13,16"
OCNT-2316687,train,DBGKWFVWUQZGRD-UHFFFAOYSA-N,23,3,0,0,1,1,True,True,False,True,,15,15
OCNT-2316690,train,ROCHYYDLLNPZHR-UHFFFAOYSA-N,24,2,0,0,1,1,False,False,False,True,,5,5
OCNT-2316691,train,KIEYDKIZZGRRKU-UHFFFAOYSA-N,24,6,0,0,3,3,False,True,False,False,,"11,14,15","11,14,15"
OCNT-2316693,train,NOZNOJWPUJFYMU-UHFFFAOYSA-N,22,3,0,0,1,1,True,False,False,False,,13,13
OCNT-2316694,train,PPJQAMJDXKKAGK-UHFFFAOYSA-N,27,8,0,0,5,5,False,True,False,False,,"4,5,13,22,26","4,5,13,22,26"
OCNT-2316696,train,YQVMJODBOIMZNF-UHFFFAOYSA-N,26,4,1,1,3,3,True,False,True,False,11,"11,19,21","11,19,21"
OCNT-2316697,train,FMZDTWSZRNKGID-UHFFFAOYSA-M,20,1,0,0,0,0,False,False,False,True,,,
OCNT-2316700,train,IZAGNTPWJNSIBV-UHFFFAOYSA-N,23,4,0,0,0,0,True,False,False,False,,,
OCNT-2316701,train,GFTNQWDQVTWDPR-UHFFFAOYSA-N,23,3,0,0,2,2,False,False,True,False,,"12,15","12,15"
OCNT-2316702,train,RMMHHODXIIDDJH-UHFFFAOYSA-N,25,5,1,1,3,3,False,True,False,True,18,"18,20,21","18,20,21"
OCNT-2316703,train,GXSYWJBSBWKVFG-UHFFFAOYSA-N,27,6,1,1,4,4,True,False,False,False,17,"9,12,17,20","9,12,17,20"
OCNT-2316704,train,SJOMUCXAEWSRCC-UHFFFAOYSA-N,26,2,0,0,0,0,False,True,False,False,,,
OCNT-2316705,train,ZCQGIHFEEOMIKD-UHFFFAOYSA-N,24,3,0,0,1,2,True,False,False,False,,13,"6,13"
OCNT-2316707,train,CWFPQLBTJZTNDY-UHFFFAOYSA-N,23,3,1,1,2,2,False,True,False,True,15,"6,15","6,15"
OCNT-2316708,train,KIYCSLQJEMBRMY-QWHCGFSZSA-N,24,4,0,0,3,3,False,False,False,True,,"7,21,23","7,21,23"
OCNT-2316709,train,XKEKRICPWIRNLR-UHFFFAOYSA-N,23,3,0,0,1,1,True,False,False,False,,9,9
OCNT-2316711,train,FJPMDIBRGPUWFV-UHFFFAOYSA-N,29,4,0,0,0,0,False,True,False,False,,,
OCNT-2316720,train,GDOWWIHJUTWXRW-UHFFFAOYSA-N,32,5,1,1,2,2,False,False,True,True,5,"5,30","5,30"
OCNT-2316721,train,YVLRYYJNSUZEGJ-UHFFFAOYSA-N,28,6,0,0,3,3,True,False,False,False,,"19,22,27","19,22,27"
OCNT-2316722,train,KTZCJBYQYCACON-UHFFFAOYSA-N,22,2,0,0,2,2,False,True,False,False,,"4,16","4,16"
OCNT-2316726,train,IAPQKELLCZVBPB-UHFFFAOYSA-N,24,5,0,0,2,3,True,True,False,False,,"12,23","2,12,23"
OCNT-2316735,train,JFMBSBUKPKSSTC-UHFFFAOYSA-N,21,4,1,1,3,3,False,False,False,True,9,"9,17,20","9,17,20"
OCNT-2316737,train,SCOREPTZXFFCSA-HUUCEWRRSA-N,25,4,0,0,1,1,False,False,False,True,,22,22
OCNT-2316738,train,ARBBCNULKSAECM-UHFFFAOYSA-N,25,4,0,0,1,1,True,True,False,True,,11,11
OCNT-2316739,train,IOCGCTLTLUNNIC-UHFFFAOYSA-N,25,2,0,0,0,0,False,False,False,True,,,
OCNT-2316742,train,WWEYQIABJMBUAI-UHFFFAOYSA-N,23,3,0,0,1,1,False,False,False,True,,2,2
OCNT-2316744,train,ZKURHPQROUVXIS-KGLIPLIRSA-N,24,6,0,0,4,5,False,True,False,True,,"11,20,21,23","7,11,20,21,23"
OCNT-2316746,train,XCLNAVXHXVCNQK-UHFFFAOYSA-N,25,4,0,0,2,2,False,False,False,True,,"14,24","14,24"
OCNT-2316747,train,LWYMZGBKXMCJGE-UHFFFAOYSA-N,22,4,0,0,1,1,False,False,False,True,,19,19
OCNT-2316749,train,WFGGFDOFVZDCKZ-UHFFFAOYSA-N,22,3,0,0,2,2,False,True,False,True,,"2,3","2,3"
OCNT-2316751,train,OMIXLTNUDKIJBH-UHFFFAOYSA-N,28,5,1,1,2,2,False,False,True,False,1,"1,19","1,19"
OCNT-2316754,train,FNEIAOTWNMRGCT-UHFFFAOYSA-N,21,5,1,1,2,2,False,True,False,True,15,"3,15","3,15"
OCNT-2316755,train,WPWVPGOOOOOKLW-KOLCDFICSA-N,22,4,0,0,1,1,False,False,True,False,,21,21
OCNT-2316758,train,GYOKOBMVGURQDD-UHFFFAOYSA-N,22,3,1,1,2,4,False,False,True,False,5,"5,16","5,8,16,21"
OCNT-2316761,train,NIPINTPDSLQBFW-UHFFFAOYSA-N,29,5,0,0,2,2,False,True,False,True,,"16,28","16,28"
OCNT-2316764,train,SLHHRBHIBAIXRK-UHFFFAOYSA-N,24,4,0,0,0,0,False,False,False,True,,,
OCNT-2316765,train,XJRBRUYSMPGAIC-UHFFFAOYSA-N,25,3,0,0,1,1,False,False,False,True,,14,14
OCNT-2316766,train,BDQYOLWAPOQQPP-UHFFFAOYSA-N,27,4,0,0,2,3,False,False,False,True,,"23,24","22,23,24"
OCNT-2316767,train,VYUFPKYULHKDHH-UHFFFAOYSA-N,34,5,0,0,1,1,False,False,False,True,,19,19
OCNT-2316768,train,SLKVVAPPMRTMDS-HZPDHXFCSA-N,21,1,1,1,1,3,False,False,True,False,3,3,"0,3,6"
OCNT-2316769,train,AGOYKHUKFFLSAC-UHFFFAOYSA-N,26,2,0,0,0,0,True,False,False,False,,,
OCNT-2316770,train,RZQDQXYRHXCKID-UHFFFAOYSA-N,27,5,0,0,2,2,False,True,False,False,,"16,22","16,22"
OCNT-2316771,train,NBNSVAIVYDFKTM-UHFFFAOYSA-N,27,3,0,0,1,2,False,True,False,False,,2,"2,25"
OCNT-2316772,train,ANZVCZAGMVDWPV-UHFFFAOYSA-N,27,3,0,0,2,2,True,True,False,False,,"7,17","7,17"
OCNT-2316774,train,XODQSZYCINXFPG-UHFFFAOYSA-N,24,1,0,0,0,0,True,False,False,True,,,
OCNT-2316775,train,OVYLQAHYCNVLEA-UHFFFAOYSA-N,23,7,0,0,3,3,False,True,False,False,,"3,4,17","3,4,17"
OCNT-2316781,train,IUWJSOWCLUIAFA-UHFFFAOYSA-N,25,4,0,0,2,2,True,False,True,False,,"5,22","5,22"
OCNT-2316783,train,RVHUFXYUBLORMD-SKDRFNHKSA-N,21,3,0,0,2,2,True,False,False,False,,"17,20","17,20"
OCNT-2316787,train,SVLUVHCVYBMFOU-UHFFFAOYSA-N,25,5,0,0,1,1,False,True,False,False,,19,19
OCNT-2316796,train,DOJYOJFSOYDGID-UHFFFAOYSA-N,21,2,0,0,1,1,True,False,True,False,,20,20
OCNT-2316803,train,ATVIQSIFQPGBBE-UHFFFAOYSA-N,22,2,0,0,0,0,True,False,False,True,,,
OCNT-2316811,train,VDVCOXFUTIBICX-SJORKVTESA-N,23,3,0,0,0,0,True,True,False,False,,,
OCNT-2316815,train,GPXQDQQBCYIEQW-UHFFFAOYSA-N,22,6,0,0,3,3,False,False,False,True,,"3,11,18","3,11,18"
OCNT-2316818,train,YAOYODKAQMWJKZ-SNVBAGLBSA-N,22,4,0,0,1,1,False,False,True,False,,11,11
OCNT-2316819,train,OYFJAQIFPOUFTP-UHFFFAOYSA-N,24,4,1,1,3,3,False,False,True,False,14,"2,14,22","2,14,22"
OCNT-2316821,train,GWJKOGITESZIFO-FZKQIMNGSA-N,23,3,0,0,2,2,False,False,False,True,,"4,21","4,21"
OCNT-2316822,train,FLWMSIWGBRDEKV-UHFFFAOYSA-N,24,5,0,0,3,3,False,True,True,False,,"3,20,22","3,20,22"
OCNT-2316823,train,QCFYGHVLNYVDSM-UHFFFAOYSA-N,24,4,0,0,3,3,False,False,True,False,,"11,15,22","11,15,22"
OCNT-2316832,train,DDCURYRYFVHMIV-HUUCEWRRSA-N,23,1,0,0,0,1,True,False,False,True,,,22
OCNT-2316834,train,YGHLOUSQDXCSTJ-UHFFFAOYSA-N,23,1,0,0,0,1,False,True,True,True,,,11
OCNT-2316836,train,NPZPIMWHOCMQED-UHFFFAOYSA-N,25,4,0,0,2,2,True,False,False,False,,"11,23","11,23"
OCNT-2316839,train,JZRPLMWWIVBQRB-UHFFFAOYSA-N,24,3,1,1,2,5,False,False,True,False,7,"7,16","1,4,7,10,16"
OCNT-2316840,train,IOSPKZIADFJWQW-UHFFFAOYSA-N,21,3,0,0,1,1,True,False,False,False,,3,3
OCNT-2316841,train,FSDHFUNKCYFWHV-GDBMZVCRSA-N,22,4,0,0,1,1,False,False,True,False,,2,2
OCNT-2316845,train,ADYIREOEJVYIKV-UHFFFAOYSA-N,23,7,1,1,5,6,False,False,True,False,10,"3,4,10,19,21","3,4,10,13,19,21"
OCNT-2316848,train,STVYLEUNMSOYBO-UHFFFAOYSA-N,22,2,0,0,1,1,True,False,False,False,,7,7
OCNT-2316852,train,CKXXVPLJIBXDKA-UHFFFAOYSA-N,22,2,0,0,0,1,False,False,True,False,,,12
OCNT-2316854,train,CBVIJJPRPQPHDM-UHFFFAOYSA-N,21,3,0,0,1,1,True,False,False,False,,12,12
OCNT-2316855,train,ZBWQWXIWIAKVAW-UHFFFAOYSA-N,27,2,0,0,0,1,False,True,False,True,,,17
OCNT-2316859,train,DAEYVJQXDCUQSJ-UHFFFAOYSA-N,26,5,0,0,2,3,False,False,False,True,,"5,6","5,6,21"
OCNT-2316861,train,AGOKPMKAKGZHSF-UHFFFAOYSA-N,25,4,1,1,2,2,False,False,True,False,11,"11,18","11,18"
OCNT-2316864,train,BZEFEBTZXOQPOP-BZUAXINKSA-N,25,3,1,1,1,1,False,False,False,True,20,20,20
OCNT-2316867,train,WJQRJEHDFYVKSC-UHFFFAOYSA-N,22,6,0,0,5,6,True,False,False,False,,"10,13,14,18,21","4,10,13,14,18,21"
OCNT-2316870,train,ZMJICQIEQSJNIT-OLZOCXBDSA-N,21,2,0,0,1,2,False,True,True,True,,5,"5,19"
OCNT-2316872,train,FPCIRTBEAUCPDP-UHFFFAOYSA-N,23,5,0,0,2,2,True,False,False,False,,"7,22","7,22"
OCNT-2316874,train,SZJSBHKXVHLSPM-UHFFFAOYSA-N,23,3,1,1,2,3,False,True,True,False,3,"3,8","3,8,15"
OCNT-2316876,train,LFCZEDKIRLKIFH-LSDHHAIUSA-N,25,2,1,1,1,1,False,False,False,True,17,17,17
OCNT-2316877,train,JKZVPHGLLHOJCU-UHFFFAOYSA-N,25,4,0,0,1,1,True,False,False,False,,22,22
OCNT-2316879,train,RFOMAUWZJRTBGS-UHFFFAOYSA-N,23,5,0,0,2,2,False,False,False,True,,"3,12","3,12"
OCNT-2316880,train,SAIZSVXLCUVKDR-UHFFFAOYSA-N,33,3,0,0,0,0,False,True,False,False,,,
OCNT-2316881,train,YLTHQMNZJFHTGP-OCCSQVGLSA-N,25,3,0,0,1,1,True,True,False,False,,24,24
OCNT-2316883,train,ZFXKUGZDRRZDIF-UHFFFAOYSA-N,23,3,0,0,0,0,True,False,True,False,,,
OCNT-2316884,train,KRXXJHYTZDBUSJ-UHFFFAOYSA-N,24,3,0,0,0,0,False,False,False,True,,,
OCNT-2316890,train,YDVJSEIEXHHXLM-UHFFFAOYSA-N,23,2,1,1,1,1,False,True,False,False,15,15,15
OCNT-2316891,train,FQRXVCUWONYUBJ-FUHWJXTLSA-N,28,3,0,0,1,1,False,False,False,True,,15,15
OCNT-2316896,train,IISDPVGHRODLHP-UHFFFAOYSA-N,25,6,0,0,1,1,False,False,False,True,,19,19
OCNT-2316904,train,SVKGNUYZKALPQP-UHFFFAOYSA-N,24,2,0,0,1,1,False,False,False,True,,23,23
OCNT-2316906,train,QHJYYLQCJBIXOQ-UHFFFAOYSA-N,22,4,0,0,2,2,True,False,False,False,,"2,11","2,11"
OCNT-2316907,train,LZOHKDWCZOJJSQ-UHFFFAOYSA-N,22,2,0,0,0,0,False,True,False,False,,,
OCNT-2316908,train,VZECTGAGCXACIK-UHFFFAOYSA-N,21,2,0,0,1,1,True,True,True,False,,17,17
OCNT-2316909,train,ANJHOBGFDAEZIV-UHFFFAOYSA-N,23,4,0,0,1,1,False,False,False,True,,2,2
OCNT-2316911,train,PLXLXZYCMPMUNV-UHFFFAOYSA-N,24,4,0,0,2,2,False,True,True,False,,"14,17","14,17"
OCNT-2316912,train,LLVPFYYBGYZHJD-UHFFFAOYSA-N,28,7,0,0,4,4,False,True,False,False,,"21,25,26,27","21,25,26,27"
OCNT-2316913,train,TVILSDDBFTWFKQ-UHFFFAOYSA-N,22,2,0,0,1,2,True,False,False,False,,18,"11,18"
OCNT-2316915,train,CCDKNPYYXSSWEW-YNODCEANSA-N,21,3,1,1,1,1,False,False,False,True,9,9,9
OCNT-2316917,train,TXCLTRPMKJNSAA-YSYSQYOCSA-N,24,3,0,0,1,2,False,False,False,True,,5,"5,21"
OCNT-2316921,train,LMBJRHSTZKEVBI-UHFFFAOYSA-N,26,2,1,1,1,1,False,False,True,True,11,11,11
OCNT-2316922,train,SOERAKJOJAFGAK-SNVBAGLBSA-N,21,4,0,0,1,1,True,False,False,False,,12,12
OCNT-2316923,train,VXEUJRVUHGVPJP-UHFFFAOYSA-N,23,2,0,0,0,0,False,True,False,False,,,
OCNT-2316931,train,OPUUMRMCDLGHKO-UHFFFAOYSA-N,25,3,0,0,1,1,False,False,False,True,,18,18
OCNT-2316933,train,CBIYXLPRHXEEMR-UHFFFAOYSA-N,28,4,0,0,1,1,False,True,False,True,,5,5
OCNT-2316937,train,JLCNBMAIKIRJSZ-OAHLLOKOSA-N,23,3,0,0,0,0,False,False,False,True,,,
OCNT-2316942,train,VESQBHMRILORJI-UHFFFAOYSA-N,22,4,1,1,4,4,False,False,True,False,12,"4,7,12,20","4,7,12,20"
OCNT-2316947,train,GDCXYFNYLMNNOC-UHFFFAOYSA-N,24,1,0,0,0,1,False,True,False,True,,,10
OCNT-2316948,train,JUAYEPILUMVOGD-UHFFFAOYSA-N,28,3,0,0,1,1,False,True,False,True,,12,12
OCNT-2316951,train,MTWRIEKWQFRKHK-UHFFFAOYSA-N,29,6,1,1,3,3,False,False,True,False,6,"2,6,21","2,6,21"
OCNT-2316954,train,LVTYXZHQXYXEJO-INIZCTEOSA-N,22,2,1,1,1,2,True,False,False,False,8,8,"8,11"
OCNT-2316959,train,QCFAHERSFSXCNA-PREGVCBESA-N,23,3,0,0,1,2,False,False,True,True,,21,"8,21"
OCNT-2316960,train,QTEISSPWZWBMTQ-UHFFFAOYSA-N,21,4,0,0,2,2,False,False,False,True,,"11,15","11,15"
OCNT-2316961,train,IMUWGGOPROYNBY-UHFFFAOYSA-N,26,4,0,0,1,1,True,False,False,False,,4,4
OCNT-2316962,train,OLZAEZRBQJZYHF-UHFFFAOYSA-N,22,4,0,0,1,1,False,False,False,True,,21,21
OCNT-2316964,train,FDXDMLFUMWUNQS-UHFFFAOYSA-N,26,4,0,0,2,2,False,True,False,False,,"10,11","10,11"
OCNT-2316966,train,KYICLBKPBDUCOF-UHFFFAOYSA-N,23,3,0,0,1,1,True,False,False,False,,18,18
OCNT-2316967,train,VMDKOTYYANSOBK-UHFFFAOYSA-N,23,3,0,0,1,1,False,True,False,False,,22,22
OCNT-2316968,train,VJHCTJSCUJLUGE-UHFFFAOYSA-N,26,4,0,0,2,2,False,False,True,False,,"4,16","4,16"
OCNT-2316971,train,VEDWULVMPQGUJG-DOTOQJQBSA-N,24,4,0,0,3,3,True,False,True,False,,"7,8,22","7,8,22"
OCNT-2316975,train,HZGBJLLJFPERLR-UHFFFAOYSA-N,21,2,0,0,1,1,True,False,True,True,,18,18
OCNT-2316976,train,XMGORMGYUQDAAL-UHFFFAOYSA-N,23,3,0,0,1,1,True,False,True,True,,11,11
OCNT-2316984,train,DOYFDXKCOSEUNT-UHFFFAOYSA-N,23,3,0,0,2,3,False,False,False,True,,"2,3","2,3,12"
OCNT-2316987,train,WFEUNJZDULDZDW-UHFFFAOYSA-N,26,3,1,1,1,1,False,False,True,False,7,7,7
OCNT-2316989,train,NSDYNKPVIZNYMH-UHFFFAOYSA-N,22,5,0,0,3,3,False,True,False,False,,"4,13,17","4,13,17"
OCNT-2316997,train,RSBIZJHNWRDDIL-UHFFFAOYSA-N,27,5,0,0,1,1,False,True,False,True,,2,2
OCNT-2316998,train,GRHZJBLCVLGTBX-UHFFFAOYSA-N,21,2,0,0,1,1,False,True,False,False,,17,17
OCNT-2317000,train,ITOOMEUXMAOJCK-UHFFFAOYSA-N,27,5,0,0,2,2,False,True,False,False,,"4,23","4,23"
OCNT-2317002,train,LPKNBEGSMBPPJL-UHFFFAOYSA-N,24,3,0,0,1,2,True,False,False,True,,14,"14,23"
OCNT-2317014,train,ZBXAGLGMQFXFON-UHFFFAOYSA-N,25,5,0,0,3,3,False,True,False,False,,"5,15,19","5,15,19"
OCNT-2317020,train,JQJNPGVEUMTQQP-UHFFFAOYSA-N,24,4,0,0,2,2,False,True,False,False,,"14,22","14,22"
OCNT-2317021,train,QKAFDUFLNKNOQH-UHFFFAOYSA-N,25,4,0,0,1,1,False,True,False,False,,17,17
OCNT-2317023,train,BQNATFGVLJYIAJ-UHFFFAOYSA-N,21,2,0,0,1,2,False,False,False,True,,2,"2,20"
OCNT-2317024,train,CWTIVQSCTRJKQB-UHFFFAOYSA-N,25,3,0,0,1,1,False,False,False,True,,23,23
OCNT-2317025,train,OCPSMTDXYDJWPR-UHFFFAOYSA-N,22,4,0,0,1,1,True,False,False,False,,21,21
OCNT-2317028,train,IROJCVZEMVZADB-UHFFFAOYSA-N,24,5,0,0,2,2,False,True,True,True,,"17,20","17,20"
OCNT-2317039,train,NDVHKGFDQOULIT-LBPRGKRZSA-N,23,4,0,0,2,2,False,True,False,True,,"5,10","5,10"
OCNT-2317040,train,ZNEMEGIOVDBPET-UHFFFAOYSA-N,24,3,0,0,2,2,False,False,True,False,,"12,16","12,16"
OCNT-2317044,train,WAGIKPUYTPYVEU-UHFFFAOYSA-N,24,4,0,0,2,3,False,False,False,True,,"9,13","2,9,13"
OCNT-2317059,train,NMVBTWDJOZAZKW-UHFFFAOYSA-N,27,3,0,0,1,2,True,True,False,True,,15,"15,26"
OCNT-2317061,train,WWNHGRURPFNSSO-UHFFFAOYSA-N,23,3,1,1,1,1,False,True,False,True,13,13,13
OCNT-2317062,train,QITAFAPBPCOIGF-UHFFFAOYSA-N,28,3,0,0,1,1,False,True,False,False,,21,21
OCNT-2317064,train,JRMBPYVNTWMCBL-UHFFFAOYSA-N,26,5,0,0,3,3,False,False,True,False,,"7,15,25","7,15,25"
OCNT-2317065,train,YZQUMJNKKSGTOF-CHWSQXEVSA-N,26,7,1,1,3,3,False,False,False,True,1,"1,9,21","1,9,21"
OCNT-2317066,train,FDVDBGNSFJGCJV-UHFFFAOYSA-N,29,4,0,0,1,1,False,False,False,True,,28,28
OCNT-2317067,train,CXBKYPURKHBHHO-UHFFFAOYSA-N,25,2,0,0,1,1,False,True,False,True,,24,24
OCNT-2317068,train,DXEUVDBJOPEUPK-VPHXOMNUSA-N,21,4,1,1,3,3,False,True,False,False,18,"18,19,20","18,19,20"
OCNT-2317070,train,BVSPVPUOGZRITE-UHFFFAOYSA-N,21,4,0,0,2,2,False,False,False,True,,"6,15","6,15"
OCNT-2317072,train,KESKFKJDTWUQSA-UHFFFAOYSA-N,27,2,0,0,0,1,False,True,False,True,,,23
OCNT-2317077,train,JFHSBXXHDLRYIN-UHFFFAOYSA-N,24,2,0,0,0,0,False,False,False,True,,,
OCNT-2317078,train,HHUXEEDRFJQGJH-UHFFFAOYSA-N,23,4,0,0,2,2,False,False,False,True,,"4,22","4,22"
OCNT-2317079,train,CDBVACQSVAPFKR-JENMUQSASA-N,21,2,0,0,0,1,False,False,False,True,,,20
OCNT-2317084,train,JWWKJYAXZZIMRB-UHFFFAOYSA-N,23,2,0,0,1,2,False,False,True,False,,5,"5,20"
OCNT-2317086,train,ORIAPXGWHWRMEQ-UHFFFAOYSA-N,25,3,0,0,1,2,False,True,False,True,,12,"12,22"
OCNT-2317087,train,SIYCGRQKRCPMCS-UHFFFAOYSA-N,23,4,0,0,1,1,False,True,False,False,,2,2
OCNT-2317090,train,KOWICWLYZAAKLR-UHFFFAOYSA-N,25,4,0,0,3,3,False,False,True,False,,"18,21,23","18,21,23"
OCNT-2317092,train,XDXGIHFZXJGRRW-UHFFFAOYSA-N,27,5,1,1,3,3,False,False,False,True,7,"7,22,26","7,22,26"
OCNT-2317097,train,YTHQORBRSQJECM-UHFFFAOYSA-N,25,5,0,0,3,3,True,False,False,False,,"9,11,24","9,11,24"
OCNT-2317099,train,FJXISTDZAXMEIR-UHFFFAOYSA-N,25,3,2,2,2,2,False,True,True,False,"12,18","12,18","12,18"
OCNT-2317101,train,DPGMDMIJSACEFU-UHFFFAOYSA-N,25,3,0,0,0,0,False,False,False,True,,,
OCNT-2317103,train,WMVMFLQAXFCORR-UHFFFAOYSA-N,25,3,0,0,1,1,False,True,False,False,,23,23
OCNT-2317105,train,WJZHHMLLNOOCCB-UHFFFAOYSA-N,21,4,0,0,2,2,False,False,True,False,,"18,20","18,20"
OCNT-2317107,train,ZYPJZJXFTMGPQG-GVJPCGBOSA-N,25,3,0,0,2,3,False,False,False,True,,"6,7","6,7,15"
OCNT-2317109,train,FIEONCCMRCBAFY-UHFFFAOYSA-N,24,5,0,0,3,3,False,False,True,False,,"14,19,23","14,19,23"
OCNT-2317112,train,WIGRLROQSJOJNQ-ZDUSSCGKSA-N,22,3,0,0,0,0,False,False,True,False,,,
OCNT-2317114,train,OHRAGIQGINZZDX-UHFFFAOYSA-N,23,3,1,1,1,1,False,False,False,True,14,14,14
OCNT-2317116,train,RYRTXSQRGPGMMD-UHFFFAOYSA-N,25,4,1,1,3,3,False,False,False,True,20,"5,12,20","5,12,20"
OCNT-2317118,train,AQJAPFHFJNHFNT-UHFFFAOYSA-N,23,3,0,0,2,2,True,False,False,False,,"2,22","2,22"
OCNT-2317123,train,JHJNVPMWROZEOJ-UHFFFAOYSA-N,26,2,0,0,0,1,False,True,False,True,,,9
OCNT-2317126,train,MSGZOSCMRKZOEH-UHFFFAOYSA-N,27,3,0,0,0,0,False,False,False,True,,,
OCNT-2317127,train,YSMVBBHHARPKHV-UHFFFAOYSA-N,28,4,0,0,1,1,False,False,False,True,,27,27
OCNT-2317130,train,PBUCVFFCPCFPAI-STQMWFEESA-N,26,3,1,1,2,2,False,False,True,False,25,"15,25","15,25"
OCNT-2317132,train,LOMWMAXJTIJZLC-WMCAAGNKSA-N,24,2,0,0,0,2,True,False,False,True,,,"4,17"
OCNT-2317134,train,UXDPKMLAHNSVRK-UHFFFAOYSA-N,26,4,0,0,1,1,False,False,False,True,,5,5
OCNT-2317135,train,YDCJRPBUBSOJKG-UHFFFAOYSA-N,25,3,0,0,1,1,False,False,False,True,,6,6
OCNT-2317136,train,VLACRBFSKCIPCT-UHFFFAOYSA-N,26,3,0,0,0,1,False,True,False,True,,,19
OCNT-2317143,train,GKJYGOJWCSVTPJ-UHFFFAOYSA-N,21,3,0,0,1,1,False,False,False,True,,5,5
OCNT-2317145,train,WXFCLZJVDLEBTJ-UHFFFAOYSA-N,29,2,0,0,0,0,False,False,True,False,,,
OCNT-2317148,train,PWRBFCMKSFQIPY-UHFFFAOYSA-N,26,6,1,1,4,4,False,True,False,False,7,"7,13,15,25","7,13,15,25"
OCNT-2317154,train,BSHUYFPBOAQCHF-UHFFFAOYSA-N,26,2,0,0,0,1,False,False,False,True,,,21
OCNT-2317155,train,SSUKSLQLAMYYRJ-UHFFFAOYSA-N,24,5,0,0,2,2,False,False,False,True,,"15,23","15,23"
OCNT-2317156,train,RUTGKKITWBARDX-UHFFFAOYSA-N,23,2,0,0,0,1,False,False,False,True,,,2
OCNT-2317157,train,PGGFMAVEISSGQG-UHFFFAOYSA-N,23,5,0,0,3,3,False,True,False,False,,"8,17,18","8,17,18"
OCNT-2317158,train,NEWUJTLCUIROMJ-UHFFFAOYSA-N,21,4,1,1,3,4,False,False,True,False,11,"6,7,11","6,7,11,15"
OCNT-2317163,train,QWKKOAHNRCVFMA-UHFFFAOYSA-N,26,2,0,0,0,0,False,False,True,False,,,
OCNT-2317166,train,QVGRVYCOBKFJSE-UHFFFAOYSA-N,22,3,0,0,1,1,False,True,False,True,,10,10
OCNT-2317169,train,RBFWRWJCOIIAOK-UHFFFAOYSA-N,27,3,0,0,1,1,False,True,True,True,,12,12
OCNT-2317170,train,YJOJLVRDJYKCNH-UHFFFAOYSA-N,26,4,0,0,1,1,False,True,True,True,,15,15
OCNT-2317171,train,NGTSBRMBKVYBED-UHFFFAOYSA-N,26,4,0,0,1,1,True,False,False,False,,2,2
OCNT-2317172,train,JGTLGAGKPNYMRY-UHFFFAOYSA-N,25,3,0,0,1,1,False,False,True,True,,9,9
OCNT-2317174,train,NNWPGRNASUEASN-HNNXBMFYSA-N,24,2,0,0,0,0,False,False,True,True,,,
OCNT-2317177,train,RWSITYKBDCHDCW-UHFFFAOYSA-N,22,5,0,0,3,3,False,False,False,True,,"5,14,20","5,14,20"
OCNT-2317179,train,JVYGARKIMCXZFQ-UHFFFAOYSA-N,23,2,1,1,1,1,False,False,False,True,1,1,1
OCNT-2317181,train,CGTNELINAFTBOA-UHFFFAOYSA-N,28,5,1,1,3,3,False,True,True,False,13,"8,13,27","8,13,27"
OCNT-2317182,train,KXOBRUHKOVDSJD-UHFFFAOYSA-N,21,2,0,0,0,1,False,True,False,False,,,20
OCNT-2317183,train,VYPSUWCDPQGJSH-UHFFFAOYSA-N,21,6,0,0,4,4,False,False,False,True,,"2,3,15,17","2,3,15,17"
OCNT-2317186,train,HFSGYVFAMXDJJS-UHFFFAOYSA-N,25,3,1,1,1,1,False,False,True,False,4,4,4
OCNT-2317189,train,JEGQPUIGZZGZOC-UHFFFAOYSA-N,24,5,0,0,3,3,True,False,False,True,,"2,20,23","2,20,23"
OCNT-2317192,train,BVCKJGVIXOMZBW-UHFFFAOYSA-N,26,4,0,0,1,1,True,True,True,False,,3,3
OCNT-2317195,train,SDEJVIVIPUCEPS-UHFFFAOYSA-N,25,5,0,0,3,3,True,False,False,False,,"3,21,24","3,21,24"
OCNT-2317197,train,UANONHNVNFUJOC-UHFFFAOYSA-N,26,3,0,0,0,0,False,False,True,False,,,
OCNT-2317199,train,CJVXXVNKSJVWOO-UHFFFAOYSA-N,28,5,0,0,2,2,False,False,True,False,,"24,27","24,27"
OCNT-2317200,train,ZMRFNBCSWLZXAP-UHFFFAOYSA-N,21,5,0,0,3,3,False,False,False,True,,"4,5,10","4,5,10"
OCNT-2317204,train,QDQYRQVQOSZPRQ-UHFFFAOYSA-N,27,4,0,0,1,1,False,False,True,False,,3,3
OCNT-2317205,train,NVCRVFHBHXMEBG-UHFFFAOYSA-N,21,2,0,0,0,0,False,True,False,False,,,
OCNT-2317207,train,SBRNEVNAKYTEQV-UHFFFAOYSA-N,21,5,0,0,3,3,False,False,False,True,,"16,18,20","16,18,20"
OCNT-2317208,train,DSLZMQBZYLSBTB-UHFFFAOYSA-N,25,2,0,0,0,0,True,False,False,False,,,
OCNT-2317210,train,ZDMSBRNBFTXZPJ-UHFFFAOYSA-N,29,6,0,0,2,2,False,False,False,True,,"15,28","15,28"
OCNT-2317215,train,CXNKAKSEPPJNRH-UHFFFAOYSA-N,23,6,0,0,1,1,False,True,False,False,,22,22
OCNT-2317216,train,LIVJZDMANQVUDP-UHFFFAOYSA-N,22,4,0,0,2,2,False,False,True,False,,"7,8","7,8"
OCNT-2317217,train,LEEYZHUHCBLAGB-UHFFFAOYSA-N,24,8,0,0,5,5,False,False,False,True,,"3,4,17,19,21","3,4,17,19,21"
OCNT-2317220,train,HYZUFGFQMUOIJF-UHFFFAOYSA-N,27,4,0,0,1,1,True,False,False,False,,21,21
OCNT-2317221,train,CVTSUVYINOOTTN-UHFFFAOYSA-N,26,6,0,0,4,4,False,False,True,True,,"8,10,13,25","8,10,13,25"
OCNT-2317222,train,AJDPYTIBXFXLJL-UHFFFAOYSA-N,22,3,0,0,1,1,False,False,False,True,,12,12
OCNT-2317227,train,PUJGNFDSNPSMAP-UHFFFAOYSA-N,26,4,0,0,1,1,False,True,True,True,,18,18
OCNT-2317229,train,VWJTXFVOSPBHEE-UHFFFAOYSA-N,26,3,0,0,0,0,False,False,True,False,,,
OCNT-2317231,train,ALYCGUXUHDZSAE-UHFFFAOYSA-N,24,7,0,0,4,4,True,False,False,False,,"13,16,20,22","13,16,20,22"
OCNT-2317238,train,BSZJGUYIKNYVHK-FQEVSTJZSA-N,28,3,0,0,0,0,False,True,False,False,,,
OCNT-2317246,train,IPAKMHNGINFDBK-UHFFFAOYSA-N,28,3,0,0,0,0,False,True,False,False,,,
OCNT-2317249,train,QOACIIMPIYRKBZ-HQJQHLMTSA-N,23,2,0,0,0,0,False,False,False,True,,,
OCNT-2317252,train,UTTDKKQDHATASO-UHFFFAOYSA-N,26,6,0,0,4,4,False,False,False,True,,"12,17,22,25","12,17,22,25"
OCNT-2317253,train,HWVNCPZEOLHWHL-UHFFFAOYSA-N,27,5,1,1,2,2,False,True,False,True,5,"5,26","5,26"
OCNT-2317255,train,USPKRHIRDZZKOT-UHFFFAOYSA-N,26,5,0,0,2,2,False,False,True,False,,"17,22","17,22"
OCNT-2317261,train,FUNYNROMNNKPCR-UHFFFAOYSA-N,25,2,1,1,1,2,False,False,False,True,7,7,"2,7"
OCNT-2317262,train,VGNQIMMCTUMWFN-UHFFFAOYSA-N,27,4,1,1,1,1,False,False,True,False,6,6,6
OCNT-2317263,train,GZGKRCBJVUVISK-UHFFFAOYSA-N,27,4,1,1,2,2,False,False,False,True,8,"8,26","8,26"
OCNT-2317265,train,VRHLCRQRRJHCMR-UHFFFAOYSA-N,25,3,0,0,1,1,True,False,False,False,,15,15
OCNT-2317269,train,WXCRTIKIKRXSBU-UHFFFAOYSA-N,26,3,0,0,2,2,False,False,False,True,,"8,9","8,9"
OCNT-2317271,train,WCBCFJYHOKJAIB-UHFFFAOYSA-N,22,3,1,1,2,2,False,False,True,False,14,"14,18","14,18"
OCNT-2317273,train,WTTPTXHWBCVSAE-UHFFFAOYSA-N,24,4,1,1,2,2,False,False,True,True,8,"8,23","8,23"
OCNT-2317274,train,HLXMYRZADABLCC-MYFVLZFPSA-N,23,2,1,1,1,1,False,False,True,False,12,12,12
OCNT-2317275,train,NDUSXQDVIMTNBB-LBPRGKRZSA-N,23,4,0,0,3,3,True,False,True,False,,"12,13,16","12,13,16"
OCNT-2317276,train,JQZAFNAQPXWADF-UHFFFAOYSA-N,24,3,0,0,1,1,True,False,False,False,,2,2
OCNT-2317279,train,RFMYSKWZLOVNEH-UHFFFAOYSA-N,25,5,0,0,2,2,False,True,False,False,,"16,21","16,21"
OCNT-2317280,train,OMQDGDIDGWFKFW-UHFFFAOYSA-N,23,2,0,0,1,1,False,False,False,True,,15,15
OCNT-2317281,train,RFABKPISPKENOC-UHFFFAOYSA-N,23,4,0,0,2,2,True,False,False,False,,"21,22","21,22"
OCNT-2317282,train,WYQJUGXXFFDBFP-UHFFFAOYSA-N,24,3,1,1,3,3,False,True,False,False,9,"5,9,23","5,9,23"
OCNT-2317285,train,ZYGIEWYSBUXBOA-UHFFFAOYSA-N,22,2,0,0,1,1,True,False,True,False,,7,7
OCNT-2317286,train,DOEHPOBMCJZKBX-UHFFFAOYSA-N,26,3,1,1,2,2,False,False,False,True,1,"1,10","1,10"
OCNT-2317287,train,UUFHNYNQRWPZDA-UHFFFAOYSA-N,27,4,1,1,4,4,False,False,True,False,16,"4,11,12,16","4,11,12,16"
OCNT-2317295,train,LWUJMSUADQVSHD-UHFFFAOYSA-N,22,1,0,0,0,1,False,False,False,True,,,2
OCNT-2317297,train,UWTYAVHPESHLAS-UHFFFAOYSA-N,26,2,0,0,0,0,False,True,True,False,,,
OCNT-2317298,train,QWFQNYHSELKKOS-UHFFFAOYSA-N,27,3,0,0,1,1,False,False,False,True,,17,17
OCNT-2317299,train,BVPHHBFWKHDYCH-UHFFFAOYSA-N,24,4,1,1,2,2,False,False,True,False,17,"7,17","7,17"
OCNT-2317300,train,OLYONISXYQGNEZ-UHFFFAOYSA-N,26,5,0,0,2,2,True,True,True,True,,"2,25","2,25"
OCNT-2317304,train,SRFVAGNRRYKDGA-UHFFFAOYSA-N,26,5,0,0,3,3,False,False,True,False,,"14,21,23","14,21,23"
OCNT-2317309,train,LZQAFLPETYBFPI-UHFFFAOYSA-N,28,7,1,1,4,4,False,False,True,False,9,"2,9,17,27","2,9,17,27"
OCNT-2317310,train,WKMGPADAQPGUEE-UHFFFAOYSA-N,24,2,1,1,1,1,False,True,True,False,4,4,4
OCNT-2317311,train,VGDNMAYUMWEAGA-UHFFFAOYSA-N,25,4,0,0,2,2,False,False,True,False,,"21,22","21,22"
OCNT-2317312,train,CHCGUHABIIOQCU-UHFFFAOYSA-N,27,3,1,1,1,1,False,False,False,True,1,1,1
OCNT-2317314,train,MQFIOQIKCJYFPV-UHFFFAOYSA-N,26,6,1,1,5,5,False,False,False,True,12,"7,12,16,21,25","7,12,16,21,25"
OCNT-2317316,train,HXTZWUVDAMAHMH-UHFFFAOYSA-N,23,2,0,0,1,1,True,False,False,False,,19,19
OCNT-2317321,train,ACFHZNABOQWISD-UHFFFAOYSA-N,23,1,0,0,0,1,False,True,False,True,,,14
OCNT-2317322,train,ZKVGBLBBQKWWIT-UHFFFAOYSA-N,24,3,2,2,2,2,False,True,True,False,"3,8","3,8","3,8"
OCNT-2317323,train,KUUWYEPQQQTPPJ-UHFFFAOYSA-N,27,4,0,0,1,1,False,True,False,False,,2,2
OCNT-2317326,train,HZCMYVGOGDKMPW-UHFFFAOYSA-N,24,2,1,1,1,1,False,False,True,True,7,7,7
OCNT-2317327,train,ZRPRENNLQPUIDE-UHFFFAOYSA-N,26,2,0,0,0,0,False,False,True,False,,,
OCNT-2317331,train,JQXBWGKXKGRNEM-UHFFFAOYSA-N,25,4,0,0,1,1,True,False,False,False,,10,10
OCNT-2317332,train,PRSDXVJJQHSIEU-UHFFFAOYSA-N,26,3,2,2,2,2,False,False,True,False,"14,17","14,17","14,17"
OCNT-2317336,train,IYFKXPDEYBZAMI-UHFFFAOYSA-N,28,3,1,1,1,2,False,False,True,False,15,15,"15,27"
OCNT-2317337,train,BQCLOPRHTTXRHS-UHFFFAOYSA-N,23,4,0,0,1,1,False,False,False,True,,17,17
OCNT-2317338,train,LUIQXOKUNHJUSI-UHFFFAOYSA-N,25,3,0,0,2,2,False,True,False,True,,"21,22","21,22"
OCNT-2317340,train,UBQFGIHFQCAKOP-UHFFFAOYSA-N,21,2,0,0,0,0,True,False,False,True,,,
OCNT-2317342,train,OXQOXOPGCWVLSN-UHFFFAOYSA-N,24,1,0,0,0,0,True,False,False,False,,,
OCNT-2317343,train,HRTFIXQBSWEECU-UHFFFAOYSA-N,28,2,1,1,1,3,False,False,True,False,16,16,"8,16,19"
OCNT-2317344,train,KLPAEUWMZVVNNT-UHFFFAOYSA-N,22,1,0,0,0,1,False,False,False,True,,,7
OCNT-2317345,train,XBWYDJLBZXBPSD-UHFFFAOYSA-N,23,6,0,0,2,2,True,True,True,False,,"17,22","17,22"
OCNT-2317346,train,GWBBYACWVZJDHF-UHFFFAOYSA-N,27,5,1,1,4,4,True,False,True,False,10,"5,10,19,22","5,10,19,22"
OCNT-2317347,train,BYQXMJFFQMJEPC-UHFFFAOYSA-N,27,3,0,0,0,0,False,False,True,False,,,
OCNT-2317349,train,JLHUMJNCGJZPJK-UHFFFAOYSA-N,24,2,1,1,1,1,False,True,True,True,8,8,8
OCNT-2317350,train,ZSZXTJMURYXMSU-UHFFFAOYSA-N,22,3,0,0,1,1,True,True,False,False,,12,12
OCNT-2317353,train,UMFKELBOCYOCOS-NEPJUHHUSA-N,23,4,1,1,2,3,False,False,True,False,22,"10,22","10,21,22"
OCNT-2317357,train,XIXFABYYLNRSBJ-UHFFFAOYSA-N,23,4,1,1,3,3,False,True,False,False,1,"1,10,11","1,10,11"
OCNT-2317360,train,ZNVAMOPQLIAHRK-UHFFFAOYSA-N,23,2,0,0,0,0,True,False,False,False,,,
OCNT-2317361,train,GRIDBZHPCALFNO-UHFFFAOYSA-N,23,4,0,0,2,2,True,True,True,True,,"11,13","11,13"
OCNT-2317363,train,BJXMAUKDMFDOBJ-UHFFFAOYSA-N,22,3,1,1,3,3,False,False,True,False,9,"2,9,21","2,9,21"
OCNT-2317366,train,HAXWJABKHZJNKI-UHFFFAOYSA-N,25,2,0,0,0,0,False,True,False,False,,,
OCNT-2317368,train,INKIPGZBLPASRD-UHFFFAOYSA-N,22,2,1,1,1,2,False,True,False,True,5,5,"2,5"
OCNT-2317371,train,CUVAJSKCMRNYEU-UHFFFAOYSA-N,25,3,1,1,2,3,False,False,True,False,10,"10,24","10,13,24"
OCNT-2317373,train,SJOPTGZVYIXMBV-UHFFFAOYSA-N,23,4,1,1,2,2,False,False,False,True,2,"2,17","2,17"
OCNT-2317382,train,QEZJQBRKHCJOPM-LSLKUGRBSA-N,25,3,0,0,0,0,False,False,False,True,,,
OCNT-2317383,train,BUTJNGRPSPFCFA-UHFFFAOYSA-N,21,2,1,1,2,3,False,False,True,False,4,"4,8","2,4,8"
OCNT-2317384,train,KZLWSNCKUFFORA-UHFFFAOYSA-N,23,4,0,0,1,1,False,True,False,True,,6,6
OCNT-2317386,train,DLRFNZBVVYAGCE-UHFFFAOYSA-N,25,3,0,0,1,1,True,False,False,False,,12,12
OCNT-2317388,train,ZDGTVXDBPFDLNV-UHFFFAOYSA-N,26,5,0,0,2,2,False,False,False,True,,"20,21","20,21"
OCNT-2317389,train,YXIMONIVDSGNAS-UHFFFAOYSA-N,25,4,0,0,1,1,False,True,False,False,,21,21
OCNT-2317392,train,UDJAZLLDDHQHPN-QWHCGFSZSA-N,23,4,0,0,2,2,False,True,False,True,,"15,22","15,22"
OCNT-2317394,train,CAXCKSHZGGCADW-UHFFFAOYSA-N,26,3,0,0,1,1,False,False,False,True,,19,19
OCNT-2317395,train,PJFOLGNBSMWTRW-UHFFFAOYSA-N,25,3,0,0,1,1,False,False,False,True,,23,23
OCNT-2317398,train,AVNGUBYGKYOLIF-UHFFFAOYSA-N,26,4,0,0,3,3,False,True,False,False,,"2,13,25","2,13,25"
OCNT-2317401,train,CRBCKZAIQRIHIF-UHFFFAOYSA-N,22,3,0,0,2,2,False,True,False,False,,"3,21","3,21"
OCNT-2317402,train,LSCSEDPTRFTUBY-UHFFFAOYSA-N,24,5,0,0,3,3,False,False,False,True,,"4,12,14","4,12,14"
OCNT-2317403,train,RUIUOFAPPJHIQX-UHFFFAOYSA-N,26,4,0,0,1,1,False,False,False,True,,14,14
OCNT-2317404,train,PETCYDQNHWMCQW-UHFFFAOYSA-N,25,4,0,0,3,3,False,False,True,False,,"17,19,23","17,19,23"
OCNT-2317408,train,BKUOWEPFMBBEIG-UHFFFAOYSA-N,26,2,0,0,0,1,False,True,False,False,,,13
OCNT-2317409,train,QXDPSJGGLMPYEN-UHFFFAOYSA-N,24,1,0,0,0,0,False,True,False,True,,,
OCNT-2317413,train,ZLXNFRDOAYUYFO-UHFFFAOYSA-N,26,7,0,0,3,3,False,False,False,True,,"2,18,21","2,18,21"
OCNT-2317414,train,CXNMRZLIFZOQQP-UHFFFAOYSA-N,23,3,0,0,1,2,False,False,True,False,,19,"4,19"
OCNT-2317417,train,UOJGMMZGRJXRSE-UHFFFAOYSA-N,32,4,0,0,1,1,False,False,True,False,,15,15
OCNT-2317418,train,HBGRIMGVLDOSAX-OAHLLOKOSA-N,26,4,1,1,2,2,False,True,False,True,3,"3,18","3,18"
OCNT-2317420,train,JFMGQFRSTYRPRU-UHFFFAOYSA-N,25,4,0,0,2,2,False,True,False,False,,"15,24","15,24"
OCNT-2317424,train,HHYMJVBGEXOJQQ-UHFFFAOYSA-N,21,3,0,0,1,1,False,False,False,True,,11,11
OCNT-2317425,train,LKGSYBQTYLCCQP-UHFFFAOYSA-N,30,3,1,1,1,1,False,False,True,False,1,1,1
OCNT-2317432,train,NHRIDECXOSPLOY-UHFFFAOYSA-N,22,2,0,0,0,0,False,False,True,False,,,
OCNT-2317433,train,SBIAXXQWMAAPEZ-UHFFFAOYSA-N,22,5,1,1,4,4,True,False,True,False,11,"11,14,15,16","11,14,15,16"
OCNT-2317434,train,VDNOHDVADQZRIC-UHFFFAOYSA-N,21,3,0,0,0,0,False,True,False,False,,,
OCNT-2317441,train,GAKRGWAPRJAYRP-UHFFFAOYSA-N,22,3,0,0,1,1,True,False,False,False,,6,6
OCNT-2317442,train,TZIWCXVMUKKAHY-UHFFFAOYSA-N,23,2,1,1,1,2,False,False,False,True,6,6,"4,6"
OCNT-2317444,train,SUMORXNSUMGBLX-UHFFFAOYSA-N,27,2,0,0,2,2,False,False,False,True,,"8,18","8,18"
OCNT-2317446,train,LUSTVCBFDWUOOY-UHFFFAOYSA-N,26,4,0,0,1,1,False,False,True,False,,19,19
OCNT-2317449,train,WPIPWESKVFABQC-UHFFFAOYSA-N,24,2,0,0,0,1,False,False,True,False,,,2
OCNT-2317450,train,XQJWRASPVXYWPR-UHFFFAOYSA-N,22,3,0,0,1,1,False,True,False,True,,3,3
OCNT-2317452,train,ZGWQAVUHFTXTOT-UHFFFAOYSA-N,29,5,0,0,2,2,False,False,False,True,,"18,24","18,24"
OCNT-2317454,train,SQHFQMIXPHWDAZ-UHFFFAOYSA-N,26,3,0,0,1,1,True,False,False,False,,25,25
OCNT-2317457,train,MOSOFALFTKWGNN-UHFFFAOYSA-N,24,5,1,1,2,2,True,False,True,False,8,"4,8","4,8"
OCNT-2317458,train,VJVGJIVCJVERKD-UHFFFAOYSA-N,23,2,0,0,1,1,True,False,True,False,,19,19
OCNT-2317460,train,JRCOIWYNGLKBGT-UHFFFAOYSA-N,25,3,0,0,1,1,False,False,False,True,,14,14
OCNT-2317464,train,FZHUXKDGAINVGT-UHFFFAOYSA-N,26,3,1,1,1,1,False,False,True,False,9,9,9
OCNT-2317465,train,UKUKUKSSBCDKHZ-UHFFFAOYSA-N,21,2,1,1,1,1,False,False,False,True,18,18,18
OCNT-2317466,train,PGQAOXULUGTBQC-UHFFFAOYSA-N,23,4,0,0,2,2,False,False,True,False,,"2,5","2,5"
OCNT-2317467,train,HAUTWPJDAGPWES-UHFFFAOYSA-N,22,3,1,1,2,2,False,True,True,False,8,"8,19","8,19"
OCNT-2317469,train,IWAJYMRNLRUHJH-STQMWFEESA-N,22,4,1,1,2,2,False,False,False,True,14,"2,14","2,14"
OCNT-2317470,train,HUCPMSPYTPCDKA-UHFFFAOYSA-N,24,2,1,1,1,1,False,False,True,True,16,16,16
OCNT-2317471,train,GJXZQMFHDZQUFG-STQMWFEESA-N,21,3,1,1,1,1,False,False,True,False,12,12,12
OCNT-2317472,train,KCRVSGJRJSNJCF-UHFFFAOYSA-N,28,2,0,0,0,0,False,True,False,False,,,
OCNT-2317476,train,YKCSTTVXHKLLAP-UHFFFAOYSA-N,29,5,1,1,2,2,False,True,False,False,12,"12,27","12,27"
OCNT-2317479,train,XMHOMOLOQMUQMW-UHFFFAOYSA-N,27,5,0,0,2,2,False,False,True,False,,"19,25","19,25"
OCNT-2317482,train,KZWJVGASKGBLKC-XJKSGUPXSA-N,26,4,0,0,2,2,False,True,False,False,,"6,7","6,7"
OCNT-2317486,train,QRKNEGILCRXQDE-UHFFFAOYSA-N,23,4,0,0,1,1,False,False,True,False,,3,3
OCNT-2317489,train,CUSBTFHXMONDMJ-UHFFFAOYSA-N,23,3,0,0,1,1,False,False,True,False,,13,13
OCNT-2317493,train,DOLLPRXGPWPBSF-UHFFFAOYSA-N,25,5,1,1,4,4,False,False,True,False,12,"12,21,22,23","12,21,22,23"
OCNT-2317498,train,QXVOLVUYUUILGN-UHFFFAOYSA-N,25,3,0,0,1,1,False,False,False,True,,2,2
OCNT-2317503,train,ABBUBQXARKWOMA-UHFFFAOYSA-N,23,2,1,1,1,1,False,False,False,True,17,17,17
OCNT-2317504,train,DOAQIMHBTYEUKO-UHFFFAOYSA-N,25,3,0,0,0,0,True,True,False,False,,,
OCNT-2317505,train,NHUSIRABIVGDSH-UHFFFAOYSA-N,23,3,0,0,1,1,True,False,True,False,,20,20
OCNT-2317506,train,PNSPQKNLVSUYFM-UHFFFAOYSA-N,24,4,1,1,3,3,False,False,True,False,6,"6,22,23","6,22,23"
OCNT-2317510,train,BJZXTDVCVLILQJ-UHFFFAOYSA-N,23,2,0,0,0,0,False,False,True,False,,,
OCNT-2317512,train,RBHWHOHULGCWMO-UHFFFAOYSA-N,23,2,0,0,0,0,False,False,False,True,,,
OCNT-2317513,train,DUTUEFFLBQSBRW-UHFFFAOYSA-N,26,3,0,0,0,0,False,True,False,True,,,
OCNT-2317519,train,IRBOCZQLHSNZNB-UHFFFAOYSA-N,24,6,0,0,5,5,True,False,True,False,,"3,8,13,16,23","3,8,13,16,23"
OCNT-2317520,train,LTUCBBUWUBLJCT-UHFFFAOYSA-N,27,5,0,0,2,2,False,True,True,True,,"11,12","11,12"
OCNT-2317521,train,VCCHGKDAEXTHKW-UHFFFAOYSA-N,24,4,0,0,2,3,False,False,True,False,,"15,16","7,15,16"
OCNT-2317530,train,SSWUFYBXSQSZTP-UHFFFAOYSA-N,25,4,0,0,1,1,False,False,False,True,,2,2
OCNT-2317533,train,MGOHCICCVHEFCY-UHFFFAOYSA-N,26,3,0,0,1,1,False,True,False,True,,6,6
OCNT-2317535,train,FPQLPMFMDAJUKN-KDOFPFPSSA-N,24,2,1,1,1,1,False,False,True,False,12,12,12
OCNT-2317536,train,LKTDMFRMVOXKKC-UHFFFAOYSA-N,26,4,0,0,2,2,False,False,True,True,,"23,25","23,25"
OCNT-2317538,train,UPXGGHRKRPLSDF-UHFFFAOYSA-N,25,3,0,0,2,2,True,True,False,True,,"13,20","13,20"
OCNT-2317551,train,PCJHUPIJSIFEML-KPMSDPLLSA-N,25,4,1,1,2,2,False,False,True,False,24,"10,24","10,24"
OCNT-2317552,train,APLGRJRASYSBPU-UHFFFAOYSA-N,28,2,0,0,0,1,False,False,True,False,,,23
OCNT-2317569,train,ZPLLAQGJBQQYMB-UHFFFAOYSA-N,24,4,1,1,2,2,False,False,False,True,21,"21,23","21,23"
OCNT-2317570,train,YKJMLSDPNOJKOB-UHFFFAOYSA-N,24,3,0,0,1,1,False,True,True,True,,19,19
OCNT-2317571,train,FJYLSGJFHBGEQX-UHFFFAOYSA-N,24,1,0,0,0,2,False,False,False,True,,,"18,22"
OCNT-2317577,train,RPUPJYABVMMEOG-UHFFFAOYSA-N,26,4,0,0,2,3,True,False,False,False,,"20,24","8,20,24"
OCNT-2317579,train,FZWZFBPQVLYBIU-UHFFFAOYSA-N,22,3,0,0,3,3,True,False,True,False,,"10,15,20","10,15,20"
OCNT-2317584,train,JKRIYLHNKNNCLI-UHFFFAOYSA-N,28,3,0,0,1,1,False,False,False,True,,24,24
OCNT-2317589,train,PIDYXGYPPPDVSK-UHFFFAOYSA-N,27,2,0,0,0,0,False,False,True,False,,,
OCNT-2317592,train,GVRNGMTUEFDGRL-UHFFFAOYSA-N,22,3,0,0,1,1,False,False,True,True,,10,10
OCNT-2317594,train,JDZUJZMKUYOOOX-UHFFFAOYSA-N,26,4,0,0,2,2,False,True,False,True,,"4,25","4,25"
OCNT-2317596,train,IQOXVLHWYXWUMN-UHFFFAOYSA-N,25,5,0,0,3,3,False,False,False,True,,"2,21,23","2,21,23"
OCNT-2317597,train,BRLQLLYRNCGYQA-UHFFFAOYSA-N,24,4,0,0,2,2,True,False,False,False,,"4,15","4,15"
OCNT-2317599,train,ANIYYIHUSYIHTA-QGZVFWFLSA-N,22,3,1,1,2,3,False,False,True,False,5,"2,5","2,5,8"
OCNT-2317600,train,POFHNBYWRJBGAM-UHFFFAOYSA-N,29,4,0,0,0,0,False,False,True,True,,,
OCNT-2317601,train,PTZLOFTYVKXQRY-CHWSQXEVSA-N,23,5,0,0,2,2,True,False,False,False,,"13,21","13,21"
OCNT-2317602,train,NUTZUNBKQQVLBS-UHFFFAOYSA-N,27,5,1,1,2,2,False,True,True,False,1,"1,17","1,17"
OCNT-2317604,train,CEWDQEGZUQAZAM-UHFFFAOYSA-N,23,4,0,0,1,1,True,False,False,False,,8,8
OCNT-2317607,train,ZXDAYOIUCMOFIM-AWKYBWMHSA-N,24,4,0,0,2,2,False,True,False,False,,"6,7","6,7"
OCNT-2317609,train,LAHOEQWHOHUDPV-XPUUQOCRSA-N,25,3,0,0,0,0,False,False,False,True,,,
OCNT-2317611,train,MMRSODJOUOFFMA-UHFFFAOYSA-N,29,4,2,2,2,2,False,False,True,False,"15,19","15,19","15,19"
OCNT-2317612,train,DHKHRLZTFOSRLN-UHFFFAOYSA-N,22,3,0,0,2,2,True,False,False,False,,"5,21","5,21"
OCNT-2317620,train,VGUYAGDDPQYEDR-UHFFFAOYSA-N,22,1,0,0,0,1,False,False,False,True,,,21
OCNT-2317624,train,JERUGZGTUIAMNX-UHFFFAOYSA-N,23,1,0,0,0,0,False,False,False,True,,,
OCNT-2317625,train,FDCHJYMTWLORCR-UHFFFAOYSA-N,28,3,0,0,1,2,False,False,False,True,,21,"20,21"
OCNT-2317626,train,DLBAMDGUUSBSOH-UHFFFAOYSA-N,26,2,1,1,1,1,False,False,True,False,4,4,4
OCNT-2317628,train,JVPYFHHRFAYIRG-UHFFFAOYSA-N,26,2,0,0,0,0,False,True,False,False,,,
OCNT-2317632,train,IQAHQNXPPGWENP-UHFFFAOYSA-N,21,3,0,0,1,1,False,False,False,True,,13,13
OCNT-2317633,train,AVDVFOWUFZTAOA-UHFFFAOYSA-N,24,4,0,0,1,2,False,False,False,True,,3,"3,17"
OCNT-2317634,train,DKVUIXXQGCNCLH-UHFFFAOYSA-N,28,4,0,0,2,2,False,False,True,False,,"22,25","22,25"
OCNT-2317635,train,XALPLORUAMLDDO-UHFFFAOYSA-N,21,2,0,0,1,2,False,True,False,False,,2,"2,12"
OCNT-2317641,train,MWBQPWYUYIBGDJ-UHFFFAOYSA-N,26,4,0,0,1,1,False,True,False,False,,2,2
OCNT-2317646,train,SVQWAVSVLIDPKU-UHFFFAOYSA-N,24,3,1,1,2,2,False,False,False,True,17,"13,17","13,17"
OCNT-2317648,train,SNUBXADCEKLBES-YTYFACEESA-N,26,3,0,0,1,1,False,False,True,False,,12,12
OCNT-2317650,train,VCLINRZEUQBSMV-UHFFFAOYSA-N,27,3,1,1,1,1,False,False,True,False,8,8,8
OCNT-2317652,train,NHGQLNVVVOVPGH-UHFFFAOYSA-N,27,2,0,0,0,0,False,True,False,False,,,
OCNT-2317654,train,YPMXQDDNHLQSDB-UHFFFAOYSA-N,27,1,1,1,1,3,False,False,True,False,11,11,"9,11,16"
OCNT-2317655,train,PPBPKFPLNHJZQP-UHFFFAOYSA-N,25,1,0,0,0,1,False,False,False,True,,,15
OCNT-2317662,train,IAKDXTQWRJADOV-UHFFFAOYSA-N,26,3,0,0,0,0,False,False,True,True,,,
OCNT-2317664,train,HITSAYDWTCMEDP-UHFFFAOYSA-N,22,3,1,1,1,1,False,True,False,True,9,9,9
OCNT-2317666,train,QMSJBRPWYZGZAW-UHFFFAOYSA-N,21,3,0,0,1,1,True,True,False,False,,5,5
OCNT-2317667,train,XFLKWYMYPBGZDG-UHFFFAOYSA-N,25,5,0,0,2,2,False,False,True,False,,"2,16","2,16"
OCNT-2317668,train,LNBBIANUWQLMSS-UHFFFAOYSA-N,24,3,1,1,2,2,False,False,False,True,8,"8,23","8,23"
OCNT-2317671,train,TVFLKHRRTFZHMJ-UHFFFAOYSA-N,21,6,0,0,3,3,True,False,False,False,,"2,3,12","2,3,12"
OCNT-2317673,train,GFMXIBGNFZXSSH-AWEZNQCLSA-N,23,4,0,0,3,3,True,False,True,True,,"12,16,19","12,16,19"
OCNT-2317680,train,QHQNTFZKCTTXKG-UHFFFAOYSA-N,22,3,0,0,2,3,True,False,False,False,,"17,18","2,17,18"
OCNT-2317681,train,GEOKSNFMIXLLLK-UHFFFAOYSA-N,24,5,0,0,2,2,False,True,False,False,,"12,23","12,23"
OCNT-2317682,train,OOGLWWUFNCINGL-UHFFFAOYSA-N,26,2,0,0,0,0,False,False,False,True,,,
OCNT-2317684,train,VFIJEZMQDWSIAC-UHFFFAOYSA-N,28,8,0,0,4,4,False,True,False,True,,"3,4,5,23","3,4,5,23"
OCNT-2317688,train,ADCRROSQMSVSQW-UHFFFAOYSA-N,23,4,0,0,2,2,True,True,False,True,,"18,20","18,20"
OCNT-2317689,train,OHZIROHEARSYFY-UHFFFAOYSA-N,25,4,0,0,1,1,True,False,True,False,,8,8
OCNT-2317690,train,NTFPMYZCRLAQNU-UHFFFAOYSA-N,28,2,0,0,0,0,False,True,False,True,,,
OCNT-2317693,train,KSEBSDIEVDZEHK-UHFFFAOYSA-N,29,5,0,0,1,1,False,True,True,False,,2,2
OCNT-2317694,train,CBIVENONDKZUJJ-UHFFFAOYSA-N,23,3,0,0,2,2,False,False,False,True,,"8,9","8,9"
OCNT-2317695,train,YWTPNKPDCCKUED-UHFFFAOYSA-N,22,5,1,1,3,3,False,False,True,False,11,"2,11,18","2,11,18"
OCNT-2317700,train,CUIUJEZMVSDZBS-UHFFFAOYSA-N,27,4,0,0,1,1,False,False,True,False,,24,24
OCNT-2317705,train,JXXQXVLGNNHRES-TUOGLVOQSA-N,23,3,1,1,1,1,False,False,False,True,13,13,13
OCNT-2317709,train,ZASXBZMCENLZOS-UHFFFAOYSA-N,24,6,1,1,4,4,False,False,True,False,18,"10,12,13,18","10,12,13,18"
OCNT-2317711,train,ICLQWWBFFSMTFG-UHFFFAOYSA-N,25,3,0,0,1,1,False,True,False,False,,6,6
OCNT-2317716,train,RITCSYSYZUPRHB-UHFFFAOYSA-N,24,3,0,0,2,2,True,True,False,False,,"10,15","10,15"
OCNT-2317717,train,NCTLRULTXWYPMC-UHFFFAOYSA-N,23,4,0,0,1,1,True,False,False,False,,22,22
OCNT-2317719,train,IWFPOYLMDJDZHA-CYBMUJFWSA-N,23,3,0,0,1,2,False,True,False,True,,19,"19,22"
OCNT-2317724,train,HIHOVKJKGDLVNZ-UHFFFAOYSA-N,25,6,0,0,3,3,False,False,True,False,,"11,13,16","11,13,16"
OCNT-2317729,train,LLIYVPBUDHJWHF-KSSFIOAISA-N,24,4,1,1,3,3,False,False,True,False,21,"13,21,23","13,21,23"
OCNT-2317730,train,RHPDMWWOYAMIHK-UHFFFAOYSA-N,24,3,0,0,0,0,True,False,False,False,,,
OCNT-2317736,train,AHDYMGFGNKYMDZ-UHFFFAOYSA-N,24,5,0,0,2,2,False,False,False,True,,"16,23","16,23"
OCNT-2317738,train,ZSNITEJMAJILMZ-UHFFFAOYSA-N,27,4,1,1,3,3,False,False,True,False,7,"7,13,16","7,13,16"
OCNT-2317740,train,XXJDENWSASSCJJ-UHFFFAOYSA-N,26,2,1,1,2,2,False,False,True,False,10,"6,10","6,10"
OCNT-2317742,train,CPCDVMLNSRROIT-UHFFFAOYSA-N,25,5,0,0,2,2,True,False,False,False,,"16,19","16,19"
OCNT-2317749,train,RXKVFHONEONTJU-UHFFFAOYSA-N,22,2,0,0,1,1,False,True,False,False,,3,3
OCNT-2317750,train,BLSSOUSOURPNPD-UHFFFAOYSA-N,22,3,1,1,1,1,False,False,False,True,9,9,9
OCNT-2317753,train,WDXHGUYZWPUCKF-UHFFFAOYSA-N,23,3,0,0,1,1,True,False,False,False,,22,22
OCNT-2317758,train,WDWGJHDJADSHBE-UHFFFAOYSA-N,22,3,0,0,1,2,False,False,False,True,,12,"3,12"
OCNT-2317759,train,ICXOEPXQNDEKMJ-DLBZAZTESA-N,25,1,0,0,0,1,False,True,False,True,,,15
OCNT-2317761,train,JMXRCYKGNHZSPJ-UHFFFAOYSA-N,23,6,0,0,3,3,True,True,True,False,,"11,16,19","11,16,19"
OCNT-2317762,train,YOAQHNSVDHIMRD-UHFFFAOYSA-N,23,7,0,0,4,4,False,True,False,False,,"2,8,17,21","2,8,17,21"
OCNT-2317763,train,HSPNXVLQOZWOIZ-ZJPCWUBNSA-N,25,1,1,1,1,2,False,False,True,False,4,4,"4,7"
OCNT-2317764,train,IQOIRCGJHMFYFT-UHFFFAOYSA-N,21,4,0,0,2,2,False,True,False,True,,"4,12","4,12"
OCNT-2317767,train,AUZSUYFMOUDHNG-UHFFFAOYSA-N,26,5,0,0,2,2,True,False,False,True,,"4,5","4,5"
OCNT-2317779,train,UTVMBTFIKFHTPC-UHFFFAOYSA-N,25,2,0,0,0,1,False,True,False,False,,,8
OCNT-2317783,train,QBYDWUJJEQGRNB-KZUDCZAMSA-N,21,3,1,1,2,2,True,False,False,False,4,"4,20","4,20"
OCNT-2317789,train,RPMBYTWWNQIVRU-UHFFFAOYSA-N,23,5,0,0,2,2,True,False,False,False,,"2,20","2,20"
OCNT-2317790,train,DMGASOLXOZBSNF-UHFFFAOYSA-N,21,3,1,1,1,1,False,False,True,False,6,6,6
OCNT-2317796,train,OJEODUWXYRVZBW-UHFFFAOYSA-N,25,4,0,0,2,3,True,False,False,False,,"15,23","12,15,23"
OCNT-2317801,train,OZJYXGCMCULAMN-UHFFFAOYSA-N,21,7,0,0,5,5,False,False,False,True,,"3,11,13,17,19","3,11,13,17,19"
OCNT-2317807,train,YYSDCSCFHCRZAY-UHFFFAOYSA-N,24,4,0,0,2,2,True,True,False,True,,"20,22","20,22"
OCNT-2317809,train,VVXPMCBSWLQVDB-UHFFFAOYSA-N,24,2,1,1,2,2,False,False,True,False,9,"9,13","9,13"
OCNT-2317811,train,RDGKSCRDHZDING-UHFFFAOYSA-N,24,3,1,1,2,2,False,False,True,False,11,"11,14","11,14"
OCNT-2317813,train,OVLHSAROUBUOGS-UHFFFAOYSA-N,22,3,0,0,2,3,True,False,True,False,,"3,21","3,8,21"
OCNT-2317815,train,UZEUGOLWNTWXEE-UHFFFAOYSA-N,29,4,0,0,1,1,False,True,False,False,,19,19
OCNT-2317816,train,ZUXHJBLTLBPRJR-QZTJIDSGSA-N,25,2,0,0,1,1,False,True,False,False,,18,18
OCNT-2317817,train,UVABLWOGWOASBG-UHFFFAOYSA-N,26,3,1,1,1,1,False,False,False,True,18,18,18
OCNT-2317818,train,CPILBGUKHQTHAL-UHFFFAOYSA-N,24,4,0,0,1,1,False,True,True,False,,18,18
OCNT-2317821,train,FDQLURLBRFGFSN-UHFFFAOYSA-N,23,4,0,0,1,1,True,False,False,False,,3,3
OCNT-2317822,train,OHGMMNADIQFRMU-UHFFFAOYSA-N,24,5,0,0,2,2,True,True,False,True,,"5,18","5,18"
OCNT-2317824,train,NNZAGOJYJAKWCX-UHFFFAOYSA-N,26,6,2,2,5,5,False,True,False,False,"8,11","3,7,8,11,22","3,7,8,11,22"
OCNT-2317825,train,XFRGQYSUPVPPGH-UHFFFAOYSA-N,22,5,0,0,2,2,False,False,False,True,,"15,20","15,20"
OCNT-2317826,train,ZXAVAZCKQBLZHS-UHFFFAOYSA-N,23,2,0,0,1,2,False,False,False,True,,15,"2,15"
OCNT-2317829,train,LUHAPWCCZJSEOG-UHFFFAOYSA-N,25,5,0,0,2,2,False,True,False,True,,"4,16","4,16"
OCNT-2317832,train,OTSKWPLKWNHXNG-UHFFFAOYSA-N,28,3,0,0,1,1,True,False,True,True,,11,11
OCNT-2317840,train,RSNMLBQSSNNKTC-UWJYYQICSA-N,26,2,1,1,1,1,False,False,True,False,3,3,3
OCNT-2317841,train,VQFKXIXXWKFPFJ-UHFFFAOYSA-N,25,2,0,0,0,1,False,True,False,False,,,10
OCNT-2317842,train,DMCXXMKECMKRRT-UHFFFAOYSA-N,23,4,1,1,3,3,False,False,True,False,11,"11,16,17","11,16,17"
OCNT-2317846,train,UTVVBMSWJXFZIO-UHFFFAOYSA-N,21,5,0,0,2,2,False,False,True,False,,"14,20","14,20"
OCNT-2317849,train,IIUWTIDUTPMPIX-UHFFFAOYSA-N,26,3,1,1,2,3,False,True,False,False,16,"10,16","10,16,23"
OCNT-2317850,train,XQVPIOJFRTWXGM-UHFFFAOYSA-N,24,3,0,0,1,1,False,True,False,False,,17,17
OCNT-2317854,train,RPFCFLHFKIGAHY-UHFFFAOYSA-N,24,4,0,0,0,0,False,False,False,True,,,
OCNT-2317857,train,NFMYTZKQSKYEAL-UHFFFAOYSA-N,34,5,0,0,1,1,False,False,False,True,,7,7
OCNT-2317860,train,BDZAPJZYPBDZIC-UHFFFAOYSA-N,24,2,0,0,0,0,False,True,False,True,,,
OCNT-2317862,train,MWOVXDDIBYKEAQ-UHFFFAOYSA-N,29,6,0,0,2,2,False,False,False,True,,"23,26","23,26"
OCNT-2317864,train,SEHXKWXUVBWHEP-UHFFFAOYSA-N,25,1,0,0,0,0,False,False,False,True,,,
OCNT-2317866,train,IZTKMBZGNDQRAV-UHFFFAOYSA-N,26,2,0,0,0,1,False,False,False,True,,,2
OCNT-2317868,train,LAFOGORSVWQSJI-UHFFFAOYSA-N,24,4,0,0,2,2,False,True,False,True,,"19,22","19,22"
OCNT-2317870,train,SZWIAWLUABGOBA-UHFFFAOYSA-N,23,3,0,0,1,1,True,False,False,False,,4,4
OCNT-2317872,train,AJOYKRHCFAMXBV-UKRRQHHQSA-N,24,4,0,0,1,2,False,False,False,True,,22,"6,22"
OCNT-2317874,train,BZAIRDCOXHAADH-WCQYABFASA-N,23,3,0,0,1,2,False,False,True,True,,3,"3,14"
OCNT-2317875,train,WFOQWXUHYHWBNS-UHFFFAOYSA-N,25,5,1,1,3,3,True,True,False,True,5,"5,18,23","5,18,23"
OCNT-2317878,train,JRXHPYCZKUMFCR-UHFFFAOYSA-N,27,6,1,1,3,3,False,False,False,True,21,"5,14,21","5,14,21"
OCNT-2317879,train,GEIDIRGYDXGKAI-UHFFFAOYSA-N,30,4,1,1,2,3,False,False,False,True,1,"1,23","1,22,23"
OCNT-2317881,train,TYVXGMCHDUUECR-UHFFFAOYSA-N,31,4,1,1,1,1,False,False,False,True,2,2,2
OCNT-2317887,train,CJFRLVSASAMBRI-UHFFFAOYSA-N,26,4,0,0,2,2,False,True,False,False,,"18,20","18,20"
OCNT-2317890,train,XHNIIPWBQLVKSC-UHFFFAOYSA-N,23,4,1,1,3,4,False,False,True,False,5,"5,9,10","0,5,9,10"
OCNT-2317891,train,VCEACQBCTFZCNS-UHFFFAOYSA-N,21,5,0,0,3,3,True,False,False,False,,"15,18,20","15,18,20"
OCNT-2317894,train,REMJOPWUWSLWKZ-UHFFFAOYSA-N,21,2,0,0,0,0,False,False,False,True,,,
OCNT-2317895,train,CWBRZGJTIAQEGN-UHFFFAOYSA-N,27,5,1,1,2,2,False,False,True,False,16,"4,16","4,16"
OCNT-2317896,train,URTKWFRBZMTOMG-UHFFFAOYSA-N,22,2,0,0,0,0,False,False,True,False,,,
OCNT-2317899,train,GQHAQPLODRDBSK-UHFFFAOYSA-N,28,4,0,0,1,1,False,True,False,False,,25,25
OCNT-2317901,train,JNKGLLRFVIVVLH-UHFFFAOYSA-N,28,4,0,0,1,1,True,True,True,False,,26,26
OCNT-2317904,train,NPSLYMJMIFKNNV-UHFFFAOYSA-N,25,6,0,0,3,3,False,False,True,False,,"19,20,21","19,20,21"
OCNT-2317906,train,RUIHACGNWCVTDQ-UHFFFAOYSA-N,23,3,0,0,1,2,False,False,False,True,,18,"17,18"
OCNT-2317908,train,XYOOFTYLPMVVHY-UHFFFAOYSA-N,24,3,0,0,0,1,False,False,False,True,,,2
OCNT-2317909,train,LEOBXXDRKNDNEX-LBPRGKRZSA-N,22,5,0,0,3,4,False,False,True,False,,"2,4,6","2,4,6,20"
OCNT-2317910,train,YMCUBCOVRKYZEW-UHFFFAOYSA-N,25,6,0,0,3,3,False,True,False,False,,"18,19,24","18,19,24"
OCNT-2317914,train,CSVPCNUVXMRULW-CYBMUJFWSA-N,24,3,0,0,1,1,False,True,False,False,,16,16
OCNT-2317916,train,OHJTXRFTXHDJSZ-UHFFFAOYSA-N,27,3,1,1,2,2,False,True,False,False,10,"10,19","10,19"
OCNT-2317923,train,WTIUJIWYBVLQJO-UHFFFAOYSA-N,23,4,0,0,2,2,False,False,True,False,,"2,19","2,19"
OCNT-2317925,train,BRIGXUOHFNBLBK-UHFFFAOYSA-N,29,5,1,1,3,3,False,True,False,False,13,"13,18,21","13,18,21"
OCNT-2317926,train,NZLSUTAIXZHEED-UHFFFAOYSA-N,26,3,0,0,1,2,False,True,False,True,,5,"5,20"
OCNT-2317931,train,LOCCFUQBAHYDIZ-UHFFFAOYSA-N,24,2,0,0,1,2,False,False,False,True,,17,"2,17"
OCNT-2317936,train,WJOWUCLGRHYEOJ-UHFFFAOYSA-N,25,6,0,0,3,3,True,False,False,True,,"2,6,17","2,6,17"
OCNT-2317938,train,HSLDDWQXTMWJCT-UHFFFAOYSA-N,25,4,0,0,1,1,False,False,False,True,,14,14
OCNT-2317940,train,LCRMGOKGLDCROM-UHFFFAOYSA-N,25,4,0,0,2,2,False,False,True,False,,"3,7","3,7"
OCNT-2317941,train,FNALGIFLGOIDNI-UHFFFAOYSA-N,24,5,1,1,3,3,False,False,False,True,1,"1,22,23","1,22,23"
OCNT-2317942,train,LLVYAIQFSXAVCB-UHFFFAOYSA-N,24,3,0,0,1,1,False,False,False,True,,21,21
OCNT-2317943,train,GTLAVSMYANTKGG-UHFFFAOYSA-N,26,5,0,0,2,2,False,True,False,True,,"22,24","22,24"
OCNT-2317946,train,AAPZXDGLCMYGEG-UHFFFAOYSA-N,26,5,0,0,3,3,False,True,False,False,,"5,8,23","5,8,23"
OCNT-2317949,train,IMPAQWSWYWMAOO-UHFFFAOYSA-N,26,5,0,0,2,2,False,False,False,True,,"9,24","9,24"
OCNT-2317951,train,HCERZQWQSYZVFX-AWEZNQCLSA-N,25,3,0,0,1,1,False,False,False,True,,11,11
OCNT-2317952,train,SRNFTBXQKVEAJF-UHFFFAOYSA-N,22,3,1,1,1,1,False,True,False,False,11,11,11
OCNT-2317954,train,AECHNCUKRVJPMR-UHFFFAOYSA-N,23,4,0,0,2,3,True,False,False,False,,"4,20","4,9,20"
OCNT-2317957,train,BMZXTIDIBIAXTN-UHFFFAOYSA-N,23,3,0,0,0,0,False,False,True,False,,,
OCNT-2317958,train,WRYGBIGUBYQMEK-UHFFFAOYSA-N,26,7,0,0,4,4,False,False,False,True,,"5,15,16,23","5,15,16,23"
OCNT-2317959,train,KPCUACFGHMCLGD-UHFFFAOYSA-N,22,2,0,0,2,2,False,True,False,True,,"4,16","4,16"
OCNT-2317961,train,XRRIJYHEWNMUKI-UHFFFAOYSA-N,23,5,0,0,2,2,True,False,False,False,,"6,20","6,20"
OCNT-2317962,train,YQQUZYTYDNXBBK-UHFFFAOYSA-N,24,2,0,0,1,1,False,False,False,True,,5,5
OCNT-2317963,train,MDPONAVVMIZZRN-UHFFFAOYSA-N,28,3,0,0,2,2,True,False,False,False,,"14,23","14,23"
OCNT-2317966,train,UVSGZYBPFLKLFY-UHFFFAOYSA-N,26,6,0,0,3,3,True,False,False,True,,"19,22,25","19,22,25"
OCNT-2317968,train,JRLDABZBMFCURG-UHFFFAOYSA-N,27,6,0,0,2,2,False,False,False,True,,"4,26","4,26"
OCNT-2317970,train,PSJIQJTYHRSVMF-UHFFFAOYSA-N,24,1,0,0,0,1,False,True,True,False,,,10
OCNT-2317974,train,JEACVFCBHMQKEI-UHFFFAOYSA-N,28,2,0,0,0,0,False,True,False,True,,,
OCNT-2317979,train,GDPHPXILXSNLGE-UHFFFAOYSA-N,26,2,0,0,0,1,False,False,False,True,,,1
OCNT-2317981,train,VWFFWCSHUZDWFF-UHFFFAOYSA-N,24,3,1,1,1,2,False,False,True,False,8,8,"8,13"
OCNT-2317983,train,VRWZGQHEAVYSMP-UHFFFAOYSA-N,25,2,0,0,2,2,True,True,False,False,,"10,23","10,23"
OCNT-2317984,train,OBJGHGIIYVTWIJ-UHFFFAOYSA-N,26,4,2,2,2,2,True,False,False,False,"4,15","4,15","4,15"
OCNT-2317986,train,FHXLUKSIGDILGD-UHFFFAOYSA-N,21,3,0,0,2,2,True,False,False,False,,"9,19","9,19"
OCNT-2317987,train,DOIZBBKIUFPCMV-ZBEGNZNMSA-N,27,1,0,0,0,0,False,False,False,True,,,
OCNT-2317988,train,OCABKFRKMVRZGW-UHFFFAOYSA-N,24,7,0,0,4,5,False,False,False,True,,"8,15,19,23","8,13,15,19,23"
OCNT-2317990,train,GGVQQOGVQIQAAR-UHFFFAOYSA-N,21,2,0,0,1,1,False,True,False,False,,3,3
OCNT-2317996,train,VXCZBVOUTTYBHA-UHFFFAOYSA-N,23,3,0,0,1,1,False,False,True,False,,15,15
OCNT-2317998,train,DHIYDXIHBDUGDX-UHFFFAOYSA-N,25,3,0,0,1,1,True,False,False,False,,7,7
OCNT-2317999,train,MJBADUAGPNZJKC-UHFFFAOYSA-N,30,3,0,0,1,1,True,False,False,True,,17,17
OCNT-2318000,train,BLHWMBAQHCSKAB-UHFFFAOYSA-N,22,3,0,0,1,1,True,False,False,True,,9,9
OCNT-2318002,train,CIBMHMYNONJSKA-UHFFFAOYSA-N,25,4,0,0,2,2,True,False,True,False,,"6,22","6,22"
OCNT-2318005,train,YCCWTCGWOXNHDS-UHFFFAOYSA-N,28,5,0,0,2,2,False,True,False,False,,"14,20","14,20"
OCNT-2318008,train,MZCSBMOLDFPPDR-UHFFFAOYSA-N,24,3,0,0,2,2,True,True,False,False,,"9,22","9,22"
OCNT-2318014,train,XZUOPKZBRIBBTC-UHFFFAOYSA-N,29,5,0,0,1,1,False,False,False,True,,24,24
OCNT-2318016,train,KIRRBXXYDURQOI-UHFFFAOYSA-N,24,5,0,0,3,3,False,False,False,True,,"6,11,20","6,11,20"
OCNT-2318019,train,QWDKJZBBOMAQCR-UHFFFAOYSA-N,24,3,1,1,1,1,False,True,True,False,13,13,13
OCNT-2318020,train,QUBDEYFKIBCNDL-UHFFFAOYSA-N,27,5,0,0,2,2,False,False,True,True,,"18,19","18,19"
OCNT-2318022,train,NGLQWYBBWZPWAG-UHFFFAOYSA-N,29,4,0,0,0,0,False,False,True,False,,,
OCNT-2318023,train,NJZGQVIBLMPPCR-UHFFFAOYSA-N,28,2,0,0,1,2,False,False,False,True,,27,"6,27"
OCNT-2318024,train,MJBFYSJSWHNXSF-UHFFFAOYSA-N,26,2,0,0,0,0,True,False,True,False,,,
OCNT-2318026,train,HVCPWAVQYUBRKQ-UHFFFAOYSA-N,24,2,0,0,0,0,False,True,False,False,,,
OCNT-2318030,train,MDXBZDBSLKDZJO-UHFFFAOYSA-N,26,6,0,0,1,1,False,False,False,True,,17,17
OCNT-2318031,train,RFBSFICICWAJJP-UHFFFAOYSA-N,24,4,0,0,1,1,True,False,False,True,,19,19
OCNT-2318034,train,DAVAPQJLEBBMCT-UHFFFAOYSA-N,25,4,0,0,1,1,False,False,False,True,,4,4
OCNT-2318036,train,YSXZJLYRWWXLBJ-UHFFFAOYSA-N,27,3,0,0,0,0,False,True,False,True,,,
OCNT-2318037,train,QGTCUSWJSRWNHW-UHFFFAOYSA-N,22,5,0,0,3,3,False,True,False,False,,"15,17,21","15,17,21"
OCNT-2318042,train,QBMFUVNZPFXQOW-UHFFFAOYSA-N,24,3,2,2,3,3,False,True,True,True,"4,18","4,10,18","4,10,18"
OCNT-2318046,train,GOFUXMWCQVYONM-UHFFFAOYSA-N,24,4,0,0,3,3,True,True,False,False,,"2,20,23","2,20,23"
OCNT-2318048,train,YXWUJBCMCDTVMO-UHFFFAOYSA-N,24,4,0,0,1,1,False,False,False,True,,22,22
OCNT-2318049,train,YTDISSLDTLUWLG-UHFFFAOYSA-N,27,3,0,0,1,2,False,True,False,False,,18,"5,18"
OCNT-2318057,train,BAJXDLICMYECHQ-UHFFFAOYSA-N,24,6,0,0,3,3,False,False,True,False,,"12,13,15","12,13,15"
OCNT-2318058,train,LHKPZQCRTJSJBZ-UHFFFAOYSA-N,31,6,0,0,3,3,False,True,False,False,,"23,25,27","23,25,27"
OCNT-2318059,train,LGBXJZIKTPOPEY-UHFFFAOYSA-N,24,1,0,0,0,0,False,False,False,True,,,
OCNT-2318060,train,BQDVZEIIVADUJR-UHFFFAOYSA-N,31,5,0,0,2,2,False,False,False,True,,"25,28","25,28"
OCNT-2318061,train,OTJRZTPWCXICIQ-UHFFFAOYSA-N,31,6,0,0,2,2,False,True,False,False,,"2,23","2,23"
OCNT-2318067,train,QUDSFKIXQFFIOI-UHFFFAOYSA-N,23,2,1,1,1,1,False,True,True,True,13,13,13
OCNT-2318073,train,MCOJMOCNKBUMFG-UHFFFAOYSA-N,22,2,1,1,1,1,False,False,False,True,1,1,1
OCNT-2318074,train,UAZXYQOFROGJMV-UHFFFAOYSA-N,28,3,0,0,0,0,False,False,False,True,,,
OCNT-2318077,train,KIZGJXADGBKBNO-UHFFFAOYSA-N,25,3,1,1,1,1,False,False,False,True,19,19,19
OCNT-2318080,train,PXJXDGWVKBKLDC-WFASDCNBSA-N,23,4,0,0,2,3,False,False,False,True,,"16,18","16,18,22"
OCNT-2318082,train,MPHVZCIVRGMVML-UHFFFAOYSA-N,21,4,0,0,2,2,False,False,True,False,,"8,19","8,19"
OCNT-2318089,train,VKPBJYKSYHYDMB-UHFFFAOYSA-N,22,1,1,1,1,2,True,False,True,False,5,5,"4,5"
OCNT-2318090,train,UXEXUCNMMQUJTE-UHFFFAOYSA-N,22,3,1,1,2,3,False,False,True,True,15,"2,15","2,15,19"
OCNT-2318091,train,XZVJNMSDGFNPIV-UHFFFAOYSA-N,25,4,1,1,2,2,False,False,True,False,5,"5,14","5,14"
OCNT-2318092,train,FRFJADVSOMLOLN-UHFFFAOYSA-N,25,7,0,0,4,4,False,True,False,False,,"5,7,20,23","5,7,20,23"
OCNT-2318097,train,GNBBTCYKQSSFLT-UHFFFAOYSA-N,30,4,1,1,2,2,True,False,False,False,3,"3,22","3,22"
OCNT-2318098,train,IQPUAVGREWPGSG-UHFFFAOYSA-N,23,4,0,0,2,3,True,False,False,False,,"9,10","7,9,10"
OCNT-2318099,train,IUFDECBMQJLOOR-UHFFFAOYSA-N,23,3,0,0,2,3,True,False,True,False,,"7,15","0,7,15"
OCNT-2318103,train,SFHLFNWOCGHDOA-UHFFFAOYSA-N,22,6,0,0,4,4,True,False,True,False,,"4,14,17,21","4,14,17,21"
OCNT-2318107,train,UJVFHANKNIKYOA-HNNXBMFYSA-N,31,5,0,0,2,2,False,True,False,False,,"9,27","9,27"
OCNT-2318111,train,KTRFMBNZWVWXQT-UHFFFAOYSA-N,21,4,0,0,3,3,True,False,False,False,,"3,19,20","3,19,20"
OCNT-2318112,train,OZBQCCJUGKHCOL-UHFFFAOYSA-N,23,7,0,0,4,4,True,False,True,False,,"12,16,17,18","12,16,17,18"
OCNT-2318114,train,CHGWIMCJKOUHGM-UHFFFAOYSA-N,22,3,1,1,2,2,False,True,False,True,3,"3,16","3,16"
OCNT-2318116,train,DRIAFSIJESLFGT-SJORKVTESA-N,26,6,1,1,4,4,False,False,True,False,10,"1,10,17,22","1,10,17,22"
OCNT-2318117,train,QGOIKUNMZODDJF-UHFFFAOYSA-N,31,3,0,0,1,1,False,True,False,True,,29,29
OCNT-2318118,train,BRJQPXHVMBFKHF-UHFFFAOYSA-N,24,2,0,0,2,2,True,False,False,False,,"10,11","10,11"
OCNT-2318120,train,MOGOAFHRNRFONI-UHFFFAOYSA-N,23,5,0,0,2,2,False,False,False,True,,"18,22","18,22"
OCNT-2318123,train,CRUWCZSXWRLWRA-OAHLLOKOSA-N,23,5,0,0,2,2,False,True,True,True,,"17,22","17,22"
OCNT-2318130,train,MVJRPLRVGMQACD-UHFFFAOYSA-N,29,4,0,0,1,1,False,False,False,True,,22,22
OCNT-2318132,train,PIYVGEPVPSFHHI-UHFFFAOYSA-N,22,1,1,1,1,2,False,False,True,False,3,3,"3,6"
OCNT-2318133,train,ZQFYYXLJVMCABY-UHFFFAOYSA-N,27,6,0,0,3,3,True,False,True,False,,"10,15,18","10,15,18"
OCNT-2318135,train,FHPVWGDQJXVTRR-UHFFFAOYSA-N,24,3,0,0,3,3,True,False,False,False,,"3,7,21","3,7,21"
OCNT-2318141,train,VXLPXEUDXOBHBR-UHFFFAOYSA-N,31,6,0,0,2,2,True,False,False,True,,"21,29","21,29"
OCNT-2318150,train,PPEXGJGXTXTSDR-UHFFFAOYSA-N,24,3,0,0,0,0,False,False,True,False,,,
OCNT-2318152,train,XLTARKNIVINRFM-UHFFFAOYSA-N,28,3,0,0,1,1,False,False,True,False,,13,13
OCNT-2318153,train,PHGXDMRGMVVNQO-UHFFFAOYSA-N,24,6,0,0,3,3,False,True,False,False,,"8,18,21","8,18,21"
OCNT-2318155,train,KVARMYQTKIRGCQ-UHFFFAOYSA-N,23,3,0,0,1,1,False,False,False,True,,21,21
OCNT-2318156,train,MCMKMBVCIJWRGP-UHFFFAOYSA-N,29,4,0,0,3,3,False,False,True,False,,"10,20,27","10,20,27"
OCNT-2318157,train,VVHDDUIJNWYKBB-UHFFFAOYSA-N,23,4,0,0,1,1,False,False,False,True,,20,20
OCNT-2318165,train,SGKBXHPHSYQSKW-UHFFFAOYSA-N,24,2,0,0,0,0,True,False,True,True,,,
OCNT-2318169,train,STCMQTVWMNHFKL-UHFFFAOYSA-N,28,6,1,1,2,2,False,False,False,True,25,"3,25","3,25"
OCNT-2318171,train,GVZBSYAQXVSFEA-UHFFFAOYSA-N,26,3,0,0,1,1,True,True,True,False,,24,24
OCNT-2318174,train,WEHUTJWIOPFKEQ-UHFFFAOYSA-N,26,5,0,0,1,1,False,False,False,True,,5,5
OCNT-2318175,train,CLGIMEFNCIRTPK-UHFFFAOYSA-N,29,4,0,0,0,0,False,False,False,True,,,
OCNT-2318176,train,NWBGOPRZTXBCAE-UHFFFAOYSA-N,23,2,0,0,0,0,False,False,False,True,,,
OCNT-2318177,train,JREVYRBXQYZBDG-UHFFFAOYSA-N,28,4,0,0,2,2,False,True,False,False,,"2,22","2,22"
OCNT-2318183,train,RCVKRXPEIDHMJB-UHFFFAOYSA-N,24,3,0,0,1,2,True,False,False,False,,16,"8,16"
OCNT-2318184,train,BJPFWDUUOUASTR-UHFFFAOYSA-N,31,3,0,0,1,1,False,False,True,True,,22,22
OCNT-2318185,train,TWLZOWYTDJYARI-UHFFFAOYSA-N,26,3,1,1,1,2,True,False,False,False,11,11,"11,16"
OCNT-2318186,train,AKPICNNHENFEJI-UHFFFAOYSA-N,27,5,0,0,2,2,False,False,False,True,,"2,21","2,21"
OCNT-2318193,train,FJHQUJLROQGNEA-UHFFFAOYSA-N,25,2,1,1,1,1,False,True,True,False,1,1,1
OCNT-2318196,train,ZZDHFDXGYJAHLU-UHFFFAOYSA-N,27,6,0,0,2,2,False,False,False,True,,"4,24","4,24"
OCNT-2318197,train,RVJSSNFKGUQAPH-UHFFFAOYSA-N,30,3,0,0,0,0,False,False,False,True,,,
OCNT-2318198,train,AZOCFXABRRNKJK-UHFFFAOYSA-N,22,5,0,0,4,5,False,False,False,True,,"2,3,19,20","2,3,11,19,20"
OCNT-2318205,train,HPTNEYKDDIQBKZ-UHFFFAOYSA-N,25,3,0,0,0,0,False,False,True,False,,,
OCNT-2318207,train,JGGPCIRSTZSSMU-UHFFFAOYSA-N,26,5,1,1,3,3,False,False,False,True,10,"10,14,15","10,14,15"
OCNT-2318209,train,PITWNXFLDVKEPP-UHFFFAOYSA-N,31,4,0,0,1,1,False,False,False,True,,13,13
OCNT-2318213,train,QTSLUEVVUAILQN-UHFFFAOYSA-N,29,3,0,0,1,1,False,False,True,True,,5,5
OCNT-2318216,train,BFWFEEMSXVXPOE-UHFFFAOYSA-N,26,3,0,0,1,1,True,True,True,False,,10,10
OCNT-2318220,train,BKXOCSXNRVMALB-UHFFFAOYSA-N,32,3,0,0,0,0,False,False,True,False,,,
OCNT-2318223,train,KTAZEQLUINXWCV-UHFFFAOYSA-N,23,4,0,0,1,1,False,False,False,True,,15,15
OCNT-2318230,train,RUXZYHOPVWESOO-MNOVXSKESA-N,22,5,0,0,4,4,True,False,True,False,,"9,14,16,17","9,14,16,17"
OCNT-2318232,train,SJXWNGABSKWTHJ-UHFFFAOYSA-N,22,6,0,0,3,3,True,False,True,False,,"13,20,21","13,20,21"
OCNT-2318236,train,XREKWVNCWBAPHQ-UHFFFAOYSA-N,21,3,0,0,2,3,True,False,False,False,,"5,10","0,5,10"
OCNT-2318240,train,WBEWFHFPLNKWBR-UHFFFAOYSA-N,24,4,0,0,3,3,False,True,False,False,,"20,21,22","20,21,22"
OCNT-2318241,train,HUMZAECDVMKEFK-UHFFFAOYSA-N,31,4,0,0,0,0,False,False,False,True,,,
OCNT-2318242,train,ZHIHTRGKAIBXBP-UHFFFAOYSA-N,22,5,0,0,3,3,False,True,False,False,,"12,13,14","12,13,14"
OCNT-2318243,train,FPLPOQIKBRHTGT-UHFFFAOYSA-N,22,5,0,0,3,3,True,False,False,True,,"3,11,19","3,11,19"
OCNT-2318244,train,NOLQLTVSCIXGBD-UHFFFAOYSA-N,33,5,0,0,1,1,False,True,False,False,,2,2
OCNT-2318253,train,XDVGRJCMNYKMJE-DLBZAZTESA-N,26,2,0,0,0,0,False,True,False,True,,,
OCNT-2318254,train,LHRIMKHYEVFVRV-UHFFFAOYSA-N,27,2,0,0,0,0,False,True,False,False,,,
OCNT-2318257,train,HTGKQRBTDIZKDR-UHFFFAOYSA-N,27,4,0,0,2,3,True,False,False,False,,"25,26","17,25,26"
OCNT-2318259,train,WHDXTIYNDFZHQH-UHFFFAOYSA-N,29,2,1,1,1,2,False,True,False,False,14,14,"14,18"
OCNT-2318260,train,LCPMUUJCASWNHY-UHFFFAOYSA-N,27,5,0,0,1,1,False,False,True,False,,16,16
OCNT-2318261,train,DYGIIYMCZAKMPG-UHFFFAOYSA-N,27,5,0,0,3,3,False,True,False,False,,"14,16,18","14,16,18"
OCNT-2318269,train,PPVQWVLWUBDSJV-UHFFFAOYSA-N,25,4,0,0,1,1,True,False,False,False,,4,4
OCNT-2318270,train,VMXKQIBOTHZOBO-UHFFFAOYSA-N,27,5,0,0,3,3,True,False,False,False,,"13,15,19","13,15,19"
OCNT-2318272,train,VOSYCTSKEBXACU-UHFFFAOYSA-N,25,2,1,1,1,1,False,False,True,False,23,23,23
OCNT-2318273,train,UKTBFCZOQYRQMR-UHFFFAOYSA-N,27,3,0,0,2,2,False,False,False,True,,"9,22","9,22"
OCNT-2318275,train,MMUFGODKYKXDPQ-UHFFFAOYSA-N,29,5,0,0,2,2,False,True,False,True,,"21,22","21,22"
OCNT-2318277,train,KSDJFGQHRCKMIH-OAHLLOKOSA-N,25,5,1,1,3,3,False,False,True,False,14,"2,9,14","2,9,14"
OCNT-2318278,train,NADPQXATXMIYFF-UHFFFAOYSA-N,25,4,0,0,2,2,False,False,False,True,,"18,21","18,21"
OCNT-2318281,train,CWINMFYUFBNRRM-UHFFFAOYSA-N,23,3,0,0,3,3,True,False,True,False,,"4,9,22","4,9,22"
OCNT-2318286,train,IWZLNPIFCWXPLP-UHFFFAOYSA-N,27,6,0,0,4,4,False,False,True,False,,"19,20,21,24","19,20,21,24"
OCNT-2318287,train,MTNMNOAPXZITKF-UHFFFAOYSA-N,28,5,1,1,3,3,False,False,True,False,11,"11,25,26","11,25,26"
OCNT-2318290,train,ZQHUBTBJNOFDIR-UHFFFAOYSA-N,28,3,0,0,1,1,False,False,True,False,,3,3
OCNT-2318294,train,WERKMJOGKJEZGI-UHFFFAOYSA-N,25,1,0,0,0,0,False,True,False,True,,,
OCNT-2318299,train,AYZRBEYKQZVHIK-UHFFFAOYSA-N,27,5,0,0,2,2,False,False,True,False,,"9,15","9,15"
OCNT-2318300,train,UPVJTKMLEIVOON-UHFFFAOYSA-N,26,5,0,0,3,4,False,False,False,True,,"22,23,24","15,22,23,24"
OCNT-2318305,train,LDZQHKRZLLIRPS-UHFFFAOYSA-N,28,4,0,0,1,1,True,False,False,False,,7,7
OCNT-2318306,train,VHGYXUIYGAALPO-UHFFFAOYSA-N,23,3,0,0,2,2,True,False,True,False,,"3,17","3,17"
OCNT-2318307,train,GLIOUSSCBWBALJ-UHFFFAOYSA-N,25,2,0,0,2,2,True,False,False,False,,"5,16","5,16"
OCNT-2318308,train,GYHXQKAUADTNEV-UHFFFAOYSA-N,25,6,0,0,3,3,False,True,False,True,,"2,3,21","2,3,21"
OCNT-2318311,train,ZQQOUNKIRMMDDJ-UHFFFAOYSA-N,29,3,0,0,1,1,False,False,False,True,,9,9
OCNT-2318312,train,YLDIWYXLKDAXQH-UHFFFAOYSA-N,25,3,1,1,2,3,True,False,True,False,5,"5,24","5,8,24"
OCNT-2318316,train,HRBHCRJOSKLRMT-UHFFFAOYSA-N,25,2,0,0,1,1,True,False,False,False,,6,6
OCNT-2318322,train,OBTYCYIXGCZPCI-UHFFFAOYSA-N,24,2,0,0,0,0,False,False,False,True,,,
OCNT-2318324,train,WKLFNRWGRUQSCD-UHFFFAOYSA-N,26,4,0,0,1,2,True,False,False,False,,11,"2,11"
OCNT-2318326,train,WBQDKRMJPDFRJR-UHFFFAOYSA-N,23,4,1,1,3,3,False,False,True,False,12,"7,12,15","7,12,15"
OCNT-2318328,train,BSRYNWRABISVBH-UHFFFAOYSA-N,29,5,0,0,3,4,True,False,True,False,,"5,12,14","3,5,12,14"
OCNT-2318329,train,RNMDHLPABCGGFP-UHFFFAOYSA-N,34,5,2,2,3,3,False,False,True,False,"4,17","4,17,22","4,17,22"
OCNT-2318330,train,STXKQWKWKKEVLS-UHFFFAOYSA-N,23,2,0,0,1,1,True,False,True,True,,10,10
OCNT-2318340,train,DOQJOKBIOMCLJC-UHFFFAOYSA-N,24,3,0,0,1,2,True,True,True,False,,11,"11,20"
OCNT-2318341,train,WZWVBVGMJDJPCV-UHFFFAOYSA-N,23,2,1,1,1,1,False,True,False,False,3,3,3
OCNT-2318342,train,QKTLYSZELZEFQE-UHFFFAOYSA-N,32,5,0,0,3,3,False,False,True,False,,"19,25,28","19,25,28"
OCNT-2318344,train,OUZNICPVYXGEES-UHFFFAOYSA-N,26,2,0,0,0,2,False,True,False,False,,,"18,22"
OCNT-2318346,train,HSJXGPVCBNTXGE-UHFFFAOYSA-N,30,3,0,0,2,3,True,False,False,False,,"2,5","2,5,24"
OCNT-2318347,train,ZVSJITCJAVGKLB-UHFFFAOYSA-N,29,4,1,1,2,2,True,False,False,True,23,"13,23","13,23"
OCNT-2318348,train,FWUMBFJSJPPEQP-UHFFFAOYSA-N,22,2,1,1,1,1,True,True,True,False,5,5,5
OCNT-2318350,train,HRAUNQSCAGTDPW-UHFFFAOYSA-N,25,4,0,0,1,1,False,True,False,False,,10,10
OCNT-2318351,train,CCXULBUUIBWSSY-UHFFFAOYSA-N,27,4,0,0,2,2,True,False,False,False,,"13,24","13,24"
OCNT-2318352,train,BAAKPPZAHCJHAC-UHFFFAOYSA-N,21,4,0,0,3,3,True,False,False,False,,"6,12,19","6,12,19"
OCNT-2318356,train,MNCYFKHFXZGDCK-UHFFFAOYSA-N,25,5,0,0,2,2,True,False,False,False,,"11,17","11,17"
OCNT-2318359,train,PGPIYOCNWBGPND-UHFFFAOYSA-N,29,2,1,1,1,1,False,False,True,False,22,22,22
OCNT-2318363,train,OKUVLPLUOLCJPT-UHFFFAOYSA-N,24,2,0,0,1,1,True,False,True,False,,16,16
OCNT-2318364,train,PEOQYHHOEUVRKO-UHFFFAOYSA-N,21,4,0,0,4,4,True,True,False,False,,"5,11,18,19","5,11,18,19"
OCNT-2318366,train,VMNRUUOJQZXLAD-UHFFFAOYSA-N,24,5,0,0,2,2,False,True,False,True,,"17,20","17,20"
OCNT-2318369,train,ZGVBQHVFIPSHHN-GOSISDBHSA-N,27,4,1,1,2,3,False,False,True,True,17,"8,17","8,15,17"
OCNT-2318371,train,JDONHNOIFDCDQO-BDAKNGLRSA-N,22,5,0,0,3,3,False,True,False,True,,"16,18,21","16,18,21"
OCNT-2318376,train,ZERZLZZXKXXCBL-UHFFFAOYSA-N,25,4,0,0,2,3,True,True,False,True,,"4,5","2,4,5"
OCNT-2318379,train,BQUVOZXRGPDMHY-NVXWUHKLSA-N,25,3,0,0,1,2,False,False,False,True,,20,"20,24"
OCNT-2318388,train,LQMDSEHPQIPXOM-CABCVRRESA-N,22,3,0,0,1,2,False,True,False,True,,6,"6,20"
OCNT-2318390,train,UGURDBLDUFYVGV-UHFFFAOYSA-N,21,5,0,0,2,2,False,False,True,False,,"6,18","6,18"
OCNT-2318391,train,HTEITTUZGQVSOI-IROOXBOJSA-N,25,4,2,2,3,4,False,False,True,False,"12,16","8,12,16","0,8,12,16"
OCNT-2318392,train,KIHONECJKDILGT-UHFFFAOYSA-N,25,3,0,0,1,1,False,True,False,True,,7,7
OCNT-2318394,train,JVVLSCNLUICXDH-UHFFFAOYSA-N,23,6,0,0,3,3,True,False,False,False,,"5,6,17","5,6,17"
OCNT-2318395,train,HIXHOKUXAQVXNT-UHFFFAOYSA-N,28,4,0,0,2,2,False,True,False,True,,"5,11","5,11"
OCNT-2318397,train,IYDFTEKHSVJCIL-UHFFFAOYSA-N,24,5,0,0,3,3,False,False,True,False,,"12,14,21","12,14,21"
OCNT-2318399,train,DJTKECHTBVUIMX-UHFFFAOYSA-N,27,3,0,0,1,2,False,False,True,False,,6,"6,25"
OCNT-2318401,train,WYGOEDVZWVWBCN-UHFFFAOYSA-N,23,7,0,0,4,4,False,False,True,False,,"2,12,13,18","2,12,13,18"
OCNT-2318404,train,NESSMDQKGOGVQK-UHFFFAOYSA-N,29,2,0,0,0,0,False,False,True,False,,,
OCNT-2318405,train,MXOSBTWGOGZZER-AZOXIEDXSA-N,24,1,1,1,1,2,True,True,True,True,3,3,"3,15"
OCNT-2318411,train,YDUMGNGGWDIRDZ-IERDGZPVSA-N,27,5,1,1,3,3,True,False,False,False,12,"3,12,26","3,12,26"
OCNT-2318416,train,QUZAPYSTGOQIJY-UHFFFAOYSA-N,25,4,1,1,1,1,False,False,False,True,2,2,2
OCNT-2318420,train,YJRZDAXNMXGWAN-UHFFFAOYSA-N,26,6,1,1,3,3,False,False,False,True,16,"2,7,16","2,7,16"
OCNT-2318423,train,PHMGMGUOOWDYOQ-UHFFFAOYSA-N,23,5,0,0,3,3,True,True,False,False,,"5,16,18","5,16,18"
OCNT-2318428,train,YYFXEECPBGTJKS-UHFFFAOYSA-N,25,2,0,0,0,0,False,False,True,False,,,
OCNT-2318429,train,IJKBNCHWSMZDHS-UHFFFAOYSA-N,25,2,0,0,0,0,True,False,True,False,,,
OCNT-2318434,train,LXMSGGWVQVYICL-PMACEKPBSA-N,29,5,1,1,2,2,False,False,False,True,7,"7,25","7,25"
OCNT-2318439,train,CFVDKQGKTJYIRV-UHFFFAOYSA-N,27,6,1,1,3,4,True,False,False,False,1,"1,12,23","1,6,12,23"
OCNT-2318445,train,UIEGYIFDVIDYHB-UHFFFAOYSA-N,21,2,1,1,1,1,False,False,True,True,12,12,12
OCNT-2318446,train,HFJOFOTWMMZIID-XHAYOOOLSA-N,25,5,0,0,2,3,False,False,True,False,,"5,18","5,18,22"
OCNT-2318448,train,NHYLLYGTERGNBE-QWRGUYRKSA-N,23,3,0,0,2,2,True,False,False,False,,"9,10","9,10"
OCNT-2318449,train,OEKICBOFCLTRJO-UHFFFAOYSA-N,21,3,0,0,1,1,False,True,False,True,,2,2
OCNT-2318451,train,APURBVBIOACKLC-UHFFFAOYSA-N,25,4,1,1,1,1,True,False,False,True,16,16,16
OCNT-2318453,train,HRZRMMNVHHASMS-UHFFFAOYSA-N,24,2,0,0,0,0,True,False,True,False,,,
OCNT-2318456,train,CAGVZHPQGCAFSF-UHFFFAOYSA-N,28,5,1,1,3,3,False,True,False,False,17,"5,17,21","5,17,21"
OCNT-2318460,train,RCKUCGCVRMNODS-UHFFFAOYSA-N,29,5,1,1,3,3,False,False,False,True,14,"2,3,14","2,3,14"
OCNT-2318462,train,HSJXHVPUQBTTPD-UHFFFAOYSA-N,28,4,0,0,1,1,False,False,False,True,,25,25
OCNT-2318463,train,PVCJAHQCQKVCAF-UHFFFAOYSA-N,23,5,0,0,2,3,False,True,False,True,,"11,14","11,14,22"
OCNT-2318467,train,CZBQYJBGTDDOAR-UHFFFAOYSA-N,24,5,0,0,3,3,True,False,False,True,,"6,20,22","6,20,22"
OCNT-2318468,train,UUGQEDCVVLEROS-UHFFFAOYSA-N,24,3,0,0,1,1,True,True,False,True,,3,3
OCNT-2318474,train,CHDDNIMGAPMUGM-UHFFFAOYSA-N,25,3,0,0,0,0,False,False,False,True,,,
OCNT-2318479,train,IUIAJAVZUICBLP-UHFFFAOYSA-N,25,6,0,0,4,5,False,False,True,False,,"9,14,16,17","9,14,16,17,24"
OCNT-2318483,train,IZSQBCPRFXIMON-UHFFFAOYSA-N,21,3,0,0,1,1,False,True,False,False,,4,4
OCNT-2318484,train,UBNROXQETPKCQA-UHFFFAOYSA-N,29,3,0,0,0,0,False,True,False,True,,,
OCNT-2318486,train,QUFWZMFRCQQMKL-UHFFFAOYSA-N,26,3,0,0,0,0,False,False,True,False,,,
OCNT-2318487,train,KMEXCRYMZXZMKV-UHFFFAOYSA-N,26,3,0,0,0,0,False,True,False,False,,,
OCNT-2318494,train,CIXUWKIZLUGJGV-UHFFFAOYSA-N,22,3,0,0,1,1,False,False,True,False,,21,21
OCNT-2318495,train,FWXQGKRQZIYEKJ-UHFFFAOYSA-N,26,4,1,1,2,2,False,False,True,False,3,"3,9","3,9"
OCNT-2318499,train,LSPBWCWSYZOLBU-ZMAUEPLISA-N,26,2,1,1,1,1,False,False,True,False,2,2,2
OCNT-2318503,train,OQMLLPJRQZSRGF-UHFFFAOYSA-N,21,4,0,0,2,2,False,False,False,True,,"3,5","3,5"
OCNT-2318507,train,YYSRGMVDYIYUOP-UHFFFAOYSA-N,23,4,1,1,2,2,False,False,True,False,8,"8,11","8,11"
OCNT-2318512,train,DXYZQPFEVYKJRQ-UHFFFAOYSA-N,28,4,0,0,1,1,True,False,False,False,,12,12
OCNT-2318516,train,DOJAQBAGHTVWPB-UHFFFAOYSA-N,26,4,0,0,2,2,False,False,True,False,,"4,23","4,23"
OCNT-2318522,train,VNHATLSVIPZWCF-UHFFFAOYSA-N,24,2,0,0,0,0,False,False,False,True,,,
OCNT-2318523,train,HLJDHRLCLSCWMR-UHFFFAOYSA-N,24,2,1,1,1,1,False,False,True,False,15,15,15
OCNT-2318524,train,YTUOIKOKFJTTBW-UHFFFAOYSA-N,29,5,2,2,3,3,False,False,False,True,"12,15","12,15,22","12,15,22"
OCNT-2318529,train,ROJMQXCYXDRWHC-UHFFFAOYSA-N,27,2,0,0,0,0,False,False,False,True,,,
OCNT-2318530,train,QFYWGTOHQAQDPA-UHFFFAOYSA-N,25,4,0,0,2,2,False,False,False,True,,"7,18","7,18"
OCNT-2318531,train,HFIUQGDUSJSDIM-UHFFFAOYSA-N,23,5,0,0,2,2,True,False,True,False,,"12,18","12,18"
OCNT-2318535,train,GATDBAWFTANSFK-DZGCQCFKSA-N,23,3,0,0,2,2,False,False,False,True,,"2,19","2,19"
OCNT-2318536,train,KXNLLVASRWGPAE-CHWSQXEVSA-N,27,1,0,0,0,0,False,False,True,False,,,
OCNT-2318539,train,HVTKFGFROLAZNQ-UHFFFAOYSA-N,21,6,0,0,2,2,False,True,False,False,,"6,8","6,8"
OCNT-2318540,train,YWFZSGTWXKPCSQ-UHFFFAOYSA-N,23,4,0,0,3,3,True,False,False,False,,"2,8,22","2,8,22"
OCNT-2318541,train,QCFMPDOKIAFCJC-UHFFFAOYSA-N,31,4,0,0,3,3,False,False,True,False,,"5,19,29","5,19,29"
OCNT-2318542,train,VGRYRGVVZXGGHO-UHFFFAOYSA-N,26,4,0,0,1,1,False,False,False,True,,3,3
OCNT-2318543,train,CUKLPMIRRAQNDY-UHFFFAOYSA-N,28,4,0,0,1,1,False,False,True,False,,17,17
OCNT-2318545,train,SAKVUBAQOMENKB-UHFFFAOYSA-N,24,3,0,0,1,2,False,False,False,True,,3,"3,20"
OCNT-2318546,train,ZEPXYGRPOMHJQF-UHFFFAOYSA-N,27,2,0,0,1,1,False,True,False,False,,20,20
OCNT-2318547,train,AZJYAYPKKVKVCX-UHFFFAOYSA-N,23,3,0,0,2,2,False,True,False,True,,"10,20","10,20"
OCNT-2318549,train,TWIRHCAHDDBYNY-UHFFFAOYSA-N,24,5,0,0,3,3,True,False,False,False,,"8,10,14","8,10,14"
OCNT-2318552,train,ODFQLEKETFSJFO-UHFFFAOYSA-N,25,2,0,0,0,0,False,False,False,True,,,
OCNT-2318553,train,WTTZSARDULEWAA-KRWDZBQOSA-N,24,3,0,0,1,1,True,False,False,True,,22,22
OCNT-2318555,train,UMIKRLLTVSCTOK-UHFFFAOYSA-N,22,4,0,0,2,2,False,True,True,True,,"15,21","15,21"
OCNT-2318557,train,JWQAFCDFSGHBQL-UHFFFAOYSA-N,23,4,0,0,1,1,True,False,False,False,,2,2
OCNT-2318558,train,LBNVVKGFGBSEKN-LSDHHAIUSA-N,29,3,0,0,2,2,False,True,False,True,,"7,23","7,23"
OCNT-2318561,train,RGZHJDLYBPQKIJ-UHFFFAOYSA-N,32,3,0,0,1,1,False,False,False,True,,8,8
OCNT-2318566,train,LJQLDSDTAXHWQQ-UHFFFAOYSA-N,22,4,0,0,2,2,True,False,True,True,,"12,15","12,15"
OCNT-2318568,train,WCHSYYWYGRBQMA-UHFFFAOYSA-N,26,3,0,0,1,1,False,False,False,True,,5,5
OCNT-2318569,train,VRFQISMUCTWNIV-UHFFFAOYSA-N,28,5,0,0,4,4,True,False,True,False,,"8,12,17,20","8,12,17,20"
OCNT-2318570,train,HWGPOZBXEWLSIR-UHFFFAOYSA-N,22,3,1,1,2,3,False,False,True,False,7,"2,7","2,7,10"
OCNT-2318572,train,JFHWCAVKKAMDBP-UHFFFAOYSA-N,26,3,0,0,1,1,False,True,False,False,,18,18
OCNT-2318573,train,QKJPUCXOHMTWNL-UHFFFAOYSA-N,25,4,0,0,2,2,False,False,False,True,,"4,22","4,22"
OCNT-2318576,train,ONVWOFJZEDBEDC-UHFFFAOYSA-N,33,3,1,1,1,3,False,False,True,False,7,7,"7,10,22"
OCNT-2318577,train,NWFXJYZVFTZVNK-UHFFFAOYSA-N,22,2,0,0,0,0,True,False,False,False,,,
OCNT-2318583,train,LRWJIQBFQXCVOD-UHFFFAOYSA-N,26,5,0,0,2,2,True,False,False,False,,"16,18","16,18"
OCNT-2318584,train,IWFBEKNTGXKGDC-UHFFFAOYSA-N,26,2,1,1,1,1,False,False,True,False,20,20,20
OCNT-2318585,train,QNQSCXODGQCIFA-UHFFFAOYSA-N,24,5,0,0,3,3,True,False,True,False,,"21,22,23","21,22,23"
OCNT-2318586,train,VLPJUPPNDLFATF-UHFFFAOYSA-N,23,3,0,0,0,0,False,False,False,True,,,
OCNT-2318590,train,OENLQSQVVZGAJS-IIAWOOMASA-N,23,3,0,0,2,2,True,False,False,False,,"8,22","8,22"
OCNT-2318595,train,BZTHPXPXRNAQFT-UHFFFAOYSA-N,27,2,0,0,0,1,False,False,False,True,,,17
OCNT-2318599,train,XJPUIWUQIZLXAR-UHFFFAOYSA-N,23,3,0,0,1,2,False,False,False,True,,21,"15,21"
OCNT-2318602,train,RDXGXRITHNUPKD-UHFFFAOYSA-N,25,3,1,1,1,2,False,False,False,True,17,17,"9,17"
OCNT-2318603,train,PQPZVMQAWPBFLB-UHFFFAOYSA-N,23,3,0,0,0,0,False,True,False,False,,,
OCNT-2318609,train,ZBKRHJYUTNDEEN-PKOBYXMFSA-N,28,2,0,0,0,0,False,False,False,True,,,
OCNT-2318612,train,JQCPEVJDVLLTJO-UHFFFAOYSA-N,28,5,0,0,3,3,True,False,False,False,,"12,13,14","12,13,14"
OCNT-2318616,train,RTVWVQOQWOQJJL-UHFFFAOYSA-N,29,5,0,0,1,1,False,False,False,True,,28,28
OCNT-2318618,train,FBIXRJHKNHRXFQ-UHFFFAOYSA-N,29,7,0,0,4,4,False,False,True,False,,"12,13,19,22","12,13,19,22"
OCNT-2318622,train,BYWDWFGJUHGMHA-UHFFFAOYSA-N,23,1,0,0,0,0,False,False,False,True,,,
OCNT-2318623,train,IYQKJTWDIJQHKM-UHFFFAOYSA-N,28,2,1,1,2,2,False,False,True,False,16,"16,20","16,20"
OCNT-2318628,train,SSTBQYZOJAYQSM-UHFFFAOYSA-N,31,4,0,0,3,3,True,False,False,False,,"16,21,27","16,21,27"
OCNT-2318633,train,SOQAWCGRVMSITC-UHFFFAOYSA-N,23,2,0,0,1,2,True,False,False,False,,9,"1,9"
OCNT-2318634,train,XPOLSBCYDGSEIZ-UHFFFAOYSA-N,24,4,0,0,3,3,True,False,True,False,,"5,10,13","5,10,13"
OCNT-2318635,train,PRQLICOUGTXMQD-UHFFFAOYSA-N,25,6,0,0,3,3,False,False,False,True,,"5,23,24","5,23,24"
OCNT-2318636,train,AWURQWFQHBLZEY-UHFFFAOYSA-N,27,3,0,0,1,1,False,False,True,False,,4,4
OCNT-2318637,train,NDPFONCFIJLCSN-UHFFFAOYSA-N,22,1,0,0,0,1,False,True,False,True,,,4
OCNT-2318638,train,LOVRDRMOMCXLJW-TZMCWYRMSA-N,22,5,1,1,2,2,False,False,False,True,9,"9,15","9,15"
OCNT-2318639,train,MNPGBPBPRIRZDE-UHFFFAOYSA-N,27,5,0,0,2,2,True,False,False,False,,"22,24","22,24"
OCNT-2318643,train,BLZYCGLGPWRYIJ-UHFFFAOYSA-N,27,9,0,0,5,5,False,True,False,False,,"5,8,17,20,21","5,8,17,20,21"
OCNT-2318647,train,IMSNSGWODHWPIM-UHFFFAOYSA-N,23,5,0,0,3,3,True,False,False,False,,"2,11,13","2,11,13"
OCNT-2318651,train,QAZOAAIWQSZDGT-UHFFFAOYSA-N,32,6,0,0,3,3,True,False,True,False,,"24,29,30","24,29,30"
OCNT-2318657,train,SEADNZVFHOZWAD-UHFFFAOYSA-N,25,4,0,0,2,2,True,False,False,True,,"15,24","15,24"
OCNT-2318658,train,XYVMOBPTOAXMDI-UHFFFAOYSA-N,23,4,1,1,3,3,True,False,True,False,15,"15,19,20","15,19,20"
OCNT-2318659,train,YKAIMSBMSJLSGC-YTPLPTRZSA-N,24,2,0,0,2,2,True,False,False,False,,"10,23","10,23"
OCNT-2318668,train,IZQGJBSGWYWETN-UHFFFAOYSA-N,23,4,0,0,2,3,True,False,False,False,,"10,11","8,10,11"
OCNT-2318670,train,KJVVIDKHFWXVTM-UHFFFAOYSA-N,24,6,0,0,3,3,False,True,False,True,,"17,19,20","17,19,20"
OCNT-2318671,train,ZYHCLMXABMVVCB-UHFFFAOYSA-N,26,5,0,0,2,2,True,False,True,False,,"9,22","9,22"
OCNT-2318673,train,UPCWUTJSUGEWMZ-UHFFFAOYSA-N,30,3,0,0,2,2,False,False,True,False,,"17,19","17,19"
OCNT-2318675,train,SKJNEGPDPYJBMI-UHFFFAOYSA-N,33,7,0,0,3,3,False,False,True,False,,"8,31,32","8,31,32"
OCNT-2318678,train,VXLZRALTXIQPQC-RDJZCZTQSA-N,21,3,1,1,2,3,False,False,True,False,5,"5,20","5,15,20"
OCNT-2318680,train,RPSCLEMAMVXMHA-UHFFFAOYSA-N,25,4,0,0,3,3,True,False,False,False,,"2,5,6","2,5,6"
OCNT-2318684,train,DYUKUFLTHOENJB-UHFFFAOYSA-N,24,5,1,1,3,3,False,False,True,False,8,"8,19,23","8,19,23"
OCNT-2318685,train,YKDFCZJETFAAAV-UHFFFAOYSA-N,22,4,0,0,1,1,True,False,False,False,,11,11
OCNT-2318691,train,LWGNVLQERFNDFA-UHFFFAOYSA-N,29,6,0,0,3,3,False,True,False,False,,"9,20,22","9,20,22"
OCNT-2328316,train,QFOHBWFCKVYLES-UHFFFAOYSA-N,14,0,0,0,0,1,True,False,False,False,,,11
OCNT-2328317,train,DXGLGDHPHMLXJC-UHFFFAOYSA-N,17,0,0,0,0,1,True,False,False,False,,,15
OCNT-2328318,train,BYJAVTDNIXVSPW-UHFFFAOYSA-N,15,2,0,0,0,0,False,False,True,False,,,
OCNT-2328321,train,WIGIZIANZCJQQY-RUCARUNLSA-N,34,4,0,0,0,0,False,True,False,False,,,
OCNT-2328323,train,XYCMOTOFHFTUIU-UHFFFAOYSA-N,18,1,1,1,1,2,False,False,True,True,4,4,"4,7"
OCNT-2328326,train,VYQNWZOUAUKGHI-UHFFFAOYSA-N,15,0,0,0,0,1,False,True,False,False,,,0
OCNT-2328327,train,FDLYAMZZIXQODN-UHFFFAOYSA-N,32,4,0,0,1,1,False,True,False,False,,3,3
OCNT-2328329,train,INDBQLZJXZLFIT-UHFFFAOYSA-N,19,3,1,1,2,2,True,False,True,False,11,"11,13","11,13"
OCNT-2328330,train,CPEUVMUXAHMANV-UHFFFAOYSA-N,23,3,0,0,1,1,False,True,False,False,,6,6
OCNT-2328331,train,GJSURZIOUXUGAL-UHFFFAOYSA-N,14,3,0,0,0,0,False,False,True,False,,,
OCNT-2328332,train,HPNSFSBZBAHARI-RUDMXATFSA-N,23,0,0,0,0,2,False,False,False,True,,,"12,22"
OCNT-2328333,train,HQIRNZOQPUAHHV-UHFFFAOYSA-N,18,1,1,1,1,2,False,False,True,True,12,12,"10,12"
OCNT-2328337,train,JGPMMRGNQUBGND-UHFFFAOYSA-N,24,0,0,0,0,1,True,False,True,False,,,19
OCNT-2328339,train,RRGUKTPIGVIEKM-UHFFFAOYSA-N,27,5,0,0,3,3,False,True,False,False,,"13,14,15","13,14,15"
OCNT-2328341,train,MDKGKXOCJGEUJW-UHFFFAOYSA-N,18,0,0,0,0,1,False,True,False,False,,,4
OCNT-2328344,train,TTWJBBZEZQICBI-UHFFFAOYSA-N,20,3,1,1,1,1,False,False,True,False,2,2,2
OCNT-2328345,train,QSLMDECMDJKHMQ-UHFFFAOYSA-N,21,1,1,1,1,1,False,False,True,False,1,1,1
OCNT-2328348,train,JSDRRTOADPPCHY-HSQYWUDLSA-N,32,2,1,1,1,2,False,False,False,True,14,14,"14,31"
OCNT-2328352,train,PHLBKPHSAVXXEF-UHFFFAOYSA-N,26,5,1,1,2,2,False,True,False,True,6,"6,19","6,19"
OCNT-2328359,train,RTGDFNSFWBGLEC-SYZQJQIISA-N,31,1,1,1,1,2,False,False,False,True,25,25,"12,25"
OCNT-2328360,train,HLNLBEFKHHCAMV-UHFFFAOYSA-N,18,1,0,0,0,1,True,False,False,False,,,2
OCNT-2328366,train,KYAKGJDISSNVPZ-UHFFFAOYSA-N,29,4,0,0,1,1,False,False,False,True,,6,6
OCNT-2328368,train,QZVCTJOXCFMACW-UHFFFAOYSA-N,21,1,1,1,1,1,False,False,True,False,10,10,10
OCNT-2328369,train,VERWOWGGCGHDQE-UHFFFAOYSA-N,38,5,1,1,3,3,False,False,True,False,35,"6,24,35","6,24,35"
OCNT-2328370,train,DQKXQSGTHWVTAD-UHFFFAOYSA-N,21,1,1,1,1,1,False,True,False,False,13,13,13
OCNT-2328371,train,IWVCMVBTMGNXQD-PXOLEDIWSA-N,33,2,1,1,1,7,False,True,False,True,1,1,"1,5,13,15,21,28,31"
OCNT-2328376,train,KNHUKKLJHYUCFP-UHFFFAOYSA-N,16,0,0,0,0,0,False,False,True,False,,,
OCNT-2328378,train,UVKZSORBKUEBAZ-UHFFFAOYSA-N,20,2,2,2,2,2,False,False,True,False,"1,4","1,4","1,4"
OCNT-2328380,train,AZFLJNIPTRTECV-FUMNGEBKSA-N,23,1,0,0,0,1,False,False,False,True,,,19
OCNT-2328381,train,VSZGPKBBMSAYNT-RRFJBIMHSA-N,22,2,1,1,1,1,False,False,True,False,20,20,20
OCNT-2328382,train,OJGDCBLYJGHCIH-UHFFFAOYSA-N,18,2,1,1,1,1,False,False,True,False,1,1,1
OCNT-2328385,train,ALOBUEHUHMBRLE-UHFFFAOYSA-N,26,2,1,1,1,2,False,False,True,False,7,7,"7,14"
OCNT-2328395,train,WDZVGELJXXEGPV-UHFFFAOYSA-N,14,4,0,0,0,0,True,False,True,False,,,
OCNT-2328398,train,SBNKFTQSBPKMBZ-UHFFFAOYSA-N,12,1,0,0,0,0,False,False,True,True,,,
OCNT-2328400,train,IHUNBGSDBOWDMA-AQFIFDHZSA-N,24,0,0,0,0,1,True,True,False,False,,,19
OCNT-2328401,train,OTBXOEAOVRKTNQ-UHFFFAOYSA-N,16,3,0,0,0,0,True,False,False,False,,,
OCNT-2328402,train,KSGXQBZTULBEEQ-UHFFFAOYSA-N,46,7,0,0,2,2,False,True,False,True,,"19,38","19,38"
OCNT-2328410,train,OUYCCCASQSFEME-QMMMGPOBSA-N,13,1,1,1,1,3,False,False,False,True,0,0,"0,7,12"
OCNT-2328411,train,VQASKUSHBVDKGU-UHFFFAOYSA-N,11,1,0,0,0,0,False,False,True,False,,,
OCNT-2328416,train,GPTXWRGISTZRIO-UHFFFAOYSA-N,14,1,0,0,1,2,True,True,False,True,,13,"11,13"
OCNT-2328418,train,DJBNUMBKLMJRSA-UHFFFAOYSA-N,28,2,1,1,1,1,False,False,True,False,9,9,9
OCNT-2328420,train,RHDJRPPFURBGLQ-UHFFFAOYSA-N,14,2,0,0,1,1,True,False,True,False,,11,11
OCNT-2328421,train,XYFPWWZEPKGCCK-GOSISDBHSA-N,33,6,0,0,3,3,False,False,True,False,,"10,28,30","10,28,30"
OCNT-2328426,train,OGAKLTJNUQRZJU-UHFFFAOYSA-N,23,1,1,1,1,2,False,False,True,False,5,5,"0,5"
OCNT-2328429,train,JURKNVYFZMSNLP-UHFFFAOYSA-N,21,1,1,1,1,1,False,False,True,True,1,1,1
OCNT-2328430,train,HEFNNWSXXWATRW-JTQLQIEISA-N,15,0,0,0,0,1,False,False,False,True,,,12
OCNT-2328441,train,HUCJFAOMUPXHDK-UHFFFAOYSA-N,18,2,0,0,0,0,False,False,True,False,,,
OCNT-2328446,train,SSMSBSWKLKKXGG-UHFFFAOYSA-N,14,1,1,1,1,2,False,False,True,True,3,3,"3,6"
OCNT-2328447,train,OCAPBUJLXMYKEJ-UHFFFAOYSA-N,24,2,0,0,1,1,True,False,True,False,,18,18
OCNT-2328449,train,HTQMVQVXFRQIKW-UHFFFAOYSA-N,33,6,0,0,4,5,False,True,False,False,,"4,27,28,29","4,12,27,28,29"
OCNT-2328450,train,QMHSXPLYMTVAMK-UHFFFAOYSA-N,29,3,0,0,0,0,False,False,True,False,,,
OCNT-2328455,train,GHOSNRCGJFBJIB-UHFFFAOYSA-N,45,6,0,0,4,4,True,True,False,True,,"4,39,40,41","4,39,40,41"
OCNT-2328456,train,UUKWKUSGGZNXGA-UHFFFAOYSA-N,15,3,0,0,0,0,False,False,True,False,,,
OCNT-2328469,train,LGLFFNDHMLKUMI-UHFFFAOYSA-N,28,3,0,0,0,0,False,False,True,False,,,
OCNT-2328471,train,HHZIURLSWUIHRB-UHFFFAOYSA-N,39,7,0,0,4,4,False,True,False,False,,"18,26,28,38","18,26,28,38"
OCNT-2328472,train,ZQTNQVWKHCQYLQ-UHFFFAOYSA-N,39,2,1,1,1,1,False,False,True,False,16,16,16
OCNT-2328475,train,UHDGCWIWMRVCDJ-XVFCMESISA-N,17,3,0,0,1,4,False,False,True,False,,2,"2,10,12,14"
OCNT-2328483,train,UVCJGUGAGLDPAA-UHFFFAOYSA-N,19,2,0,0,1,2,False,False,False,True,,8,"3,8"
OCNT-2328485,train,REYFJDPCWQRWAA-UHFFFAOYSA-N,20,3,0,0,0,0,False,False,True,True,,,
OCNT-2328488,train,QXHHHPZILQDDPS-UHFFFAOYSA-N,23,2,0,0,1,1,True,False,True,False,,10,10
OCNT-2328496,train,IYIKLHRQXLHMJQ-UHFFFAOYSA-N,31,1,1,1,1,1,True,False,False,False,16,16,16
OCNT-2328499,train,UGQMRVRMYYASKQ-KQYNXXCUSA-N,19,4,0,0,2,5,False,False,True,False,,"4,7","4,7,14,16,18"
OCNT-2328503,train,ACEWLPOYLGNNHV-UHFFFAOYSA-N,22,1,0,0,1,1,False,True,False,True,,19,19
OCNT-2328509,train,WHWZLSFABNNENI-UHFFFAOYSA-N,19,3,0,0,0,0,False,False,True,False,,,
OCNT-2328510,train,BDBMLMBYCXNVMC-UHFFFAOYSA-O,53,2,0,0,0,2,True,False,False,False,,,"21,39"
OCNT-2328518,train,OOGJQPCLVADCPB-HXUWFJFHSA-N,24,1,1,1,1,2,False,False,True,False,7,7,"7,21"
OCNT-2328519,train,RYQOILLJDKPETL-UHFFFAOYSA-N,15,1,1,1,1,1,True,False,False,False,14,14,14
OCNT-2328525,train,ULXXDDBFHOBEHA-CWDCEQMOSA-N,34,5,1,1,3,3,False,False,False,True,1,"1,22,24","1,22,24"
OCNT-2328527,train,QMNFFXRFOJIOKZ-UHFFFAOYSA-N,17,5,0,0,0,0,False,False,True,False,,,
OCNT-2328533,train,CBEQULMOCCWAQT-WOJGMQOQSA-N,21,2,1,1,2,2,False,False,True,False,8,"8,14","8,14"
OCNT-2328534,train,XXPANQJNYNUNES-UHFFFAOYSA-N,18,2,1,1,1,1,False,False,True,False,1,1,1
OCNT-2328540,train,GFRUPHOKLBPHTQ-UHFFFAOYSA-N,25,1,0,0,0,1,False,False,True,True,,,12
OCNT-2328544,train,URSRSKSNFPUKGH-UHFFFAOYSA-N,21,1,1,1,1,1,False,False,True,False,1,1,1
OCNT-2328546,train,OGHNVEJMJSYVRP-UHFFFAOYSA-N,30,2,1,1,1,2,True,False,True,False,11,11,"11,14"
OCNT-2328549,train,NFBAXHOPROOJAW-UHFFFAOYSA-N,17,0,0,0,0,0,False,False,False,True,,,
OCNT-2328552,train,VSWBSWWIRNCQIJ-HUUCEWRRSA-N,20,1,1,1,1,1,True,False,True,False,1,1,1
OCNT-2328553,train,MBWXNTAXLNYFJB-NKFFZRIASA-N,33,0,0,0,0,0,True,False,False,False,,,
OCNT-2328555,train,BJDCWCLMFKKGEE-KWWHLYHASA-N,20,0,0,0,0,1,True,False,False,False,,,8
OCNT-2328558,train,RDOIQAHITMMDAJ-UHFFFAOYSA-N,34,2,1,1,1,2,False,False,True,False,8,8,"8,12"
OCNT-2328559,train,VDHAWDNDOKGFTD-MRXNPFEDSA-N,26,1,1,1,1,1,True,False,True,False,2,2,2
OCNT-2328562,train,DHMQDGOQFOQNFH-UHFFFAOYSA-N,5,1,1,1,1,2,False,False,False,True,0,0,"0,4"
OCNT-2328565,train,SESFRYSPDFLNCH-UHFFFAOYSA-N,16,0,0,0,0,0,True,False,False,False,,,
OCNT-2328568,train,FOHHNHSLJDZUGQ-UHFFFAOYSA-N,33,1,1,1,1,2,False,False,True,False,4,4,"4,12"
OCNT-2328579,train,WUBBRNOQWQTFEX-UHFFFAOYSA-N,11,1,0,0,0,2,False,False,False,True,,,"7,9"
OCNT-2328583,train,VLPIATFUUWWMKC-UHFFFAOYSA-N,13,1,1,1,1,1,True,False,False,False,12,12,12
OCNT-2328585,train,KGSXMPPBFPAXLY-UHFFFAOYSA-N,34,4,0,0,2,3,False,False,False,True,,"4,27","4,12,27"
OCNT-2328587,train,FMTDIUIBLCQGJB-SEYHBJAFSA-N,32,2,1,1,1,6,False,False,True,False,1,1,"1,5,13,15,26,28"
OCNT-2328589,train,GPXLMGHLHQJAGZ-JTDSTZFVSA-M,29,2,0,0,0,1,True,False,False,False,,,13
OCNT-2328597,train,CMSMOCZEIVJLDB-UHFFFAOYSA-N,14,2,0,0,0,0,False,False,True,False,,,
OCNT-2328599,train,CNIIGCLFLJGOGP-UHFFFAOYSA-N,16,2,0,0,0,0,False,True,True,True,,,
OCNT-2328601,train,RITAVMQDGBJQJZ-UHFFFAOYSA-N,28,4,0,0,2,3,True,False,False,False,,"18,27","10,18,27"
OCNT-2328604,train,CMDKPGRTAQVGFQ-UHFFFAOYSA-N,18,0,0,0,0,0,True,False,False,False,,,
OCNT-2328613,train,BYPFEZZEUUWMEJ-UHFFFAOYSA-N,20,4,0,0,1,1,False,False,False,True,,12,12
OCNT-2328617,train,CUHVIMMYOGQXCV-NSHDSACASA-N,15,2,0,0,1,1,True,False,True,False,,11,11
OCNT-2328619,train,TZFNLOMSOLWIDK-JTQLQIEISA-N,16,2,2,2,2,5,False,True,False,False,"11,12","11,12","7,9,11,12,15"
OCNT-2328630,train,RLGQACBPNDBWTB-UHFFFAOYSA-N,20,1,0,0,0,0,True,False,True,True,,,
OCNT-2328631,train,IVBHGBMCVLDMKU-GXNBUGAJSA-N,36,5,0,0,0,2,False,True,False,False,,,"18,25"
OCNT-2328635,train,SSOLNOMRVKKSON-UHFFFAOYSA-N,17,5,0,0,0,0,False,False,True,False,,,
OCNT-2328638,train,AUYYCJSJGJYCDS-LBPRGKRZSA-N,23,1,1,1,1,3,True,False,False,False,0,0,"0,13,22"
OCNT-2328648,train,JAUOIFJMECXRGI-UHFFFAOYSA-N,22,2,1,1,2,2,False,True,False,False,19,"13,19","13,19"
OCNT-2328651,train,LEBVLXFERQHONN-INIZCTEOSA-N,21,2,1,1,1,1,False,False,True,False,4,4,4
OCNT-2328652,train,DYLUUSLLRIQKOE-UHFFFAOYSA-N,33,7,0,0,5,6,False,False,True,False,,"7,13,20,31,32","3,7,13,20,31,32"
OCNT-2328659,train,ODQWQRRAPPTVAG-UHFFFAOYSA-N,21,1,1,1,1,1,False,True,True,False,1,1,1
OCNT-2328663,train,SPIUTQOUKAMGCX-UHFFFAOYSA-N,29,1,1,1,1,1,True,False,True,False,21,21,21
OCNT-2328666,train,JLGKQTAYUIMGRK-UHFFFAOYSA-N,27,2,0,0,1,1,True,False,True,False,,10,10
OCNT-2328670,train,OWRCNXZUPFZXOS-UHFFFAOYSA-N,16,3,0,0,0,0,False,False,True,False,,,
OCNT-2328671,train,XEEQGYMUWCZPDN-SWLSCSKDSA-N,26,2,1,1,2,3,False,False,True,False,25,"9,25","0,9,25"
OCNT-2328673,train,UXZFQZANDVDGMM-UHFFFAOYSA-N,13,1,0,0,1,2,True,True,False,False,,11,"0,11"
OCNT-2328675,train,HPBNRIOWIXYZFK-UHFFFAOYSA-N,15,3,0,0,0,0,False,False,False,True,,,
OCNT-2328676,train,FDKXTQMXEQVLRF-UHFFFAOYSA-N,13,6,1,1,2,2,False,False,True,False,1,"1,10","1,10"
OCNT-2328681,train,XTNGUQKDFGDXSJ-ZXGKGEBGSA-N,31,0,0,0,0,4,False,False,False,True,,,"9,11,13,15"
OCNT-2328688,train,XJGFWWJLMVZSIG-UHFFFAOYSA-N,15,2,0,0,1,1,False,False,True,False,,8,8
OCNT-2328691,train,GIKNHHRFLCDOEU-UHFFFAOYSA-N,11,1,1,1,1,2,False,False,True,False,2,2,"2,8"
OCNT-2328702,train,UBNYRXMKIIGMKK-UHFFFAOYSA-N,18,0,0,0,0,0,True,False,False,False,,,
OCNT-2328703,train,GIJXKZJWITVLHI-PMOLBWCYSA-N,23,1,1,1,1,1,False,False,True,False,1,1,1
OCNT-2328704,train,IKBKZGMPCYNSLU-UHFFFAOYSA-N,22,5,0,0,0,0,True,False,True,False,,,
OCNT-2328714,train,QVYRGXJJSLMXQH-UHFFFAOYSA-N,20,1,1,1,1,1,False,False,True,False,7,7,7
OCNT-2328725,train,YBSJFWOBGCMAKL-UHFFFAOYSA-N,35,7,0,0,2,3,False,True,False,True,,"19,22","13,19,22"
OCNT-2328726,train,RUOKEQAAGRXIBM-GFCCVEGCSA-N,13,1,1,1,1,1,True,False,False,False,3,3,3
OCNT-2328727,train,ZQDWXGKKHFNSQK-UHFFFAOYSA-N,26,2,2,2,2,3,False,False,True,False,"6,9","6,9","0,6,9"
OCNT-2328729,train,WFJIVOKAWHGMBH-UHFFFAOYSA-N,14,0,0,0,0,2,True,False,True,False,,,"10,13"
OCNT-2328731,train,ZBBHBTPTTSWHBA-UHFFFAOYSA-N,35,3,2,2,2,2,False,False,True,False,"7,16","7,16","7,16"
OCNT-2328732,train,ACTRVOBWPAIOHC-XIXRPRMCSA-N,10,0,0,0,0,4,False,True,True,False,,,"2,4,6,9"
OCNT-2328733,train,IUWVALYLNVXWKX-UHFFFAOYSA-N,14,1,0,0,0,0,True,False,False,False,,,
OCNT-2328745,train,NIVZHWNOUVJHKV-UHFFFAOYSA-N,13,3,0,0,0,0,False,False,True,False,,,
OCNT-2328748,train,DURULFYMVIFBIR-UHFFFAOYSA-N,19,2,1,1,1,2,False,False,False,True,13,13,"11,13"
OCNT-2328750,train,MBBZMMPHUWSWHV-BDVNFPICSA-N,13,1,1,1,1,6,False,False,True,False,1,1,"1,4,6,8,10,12"
OCNT-2328752,train,GKCBAIGFKIBETG-UHFFFAOYSA-N,19,2,1,1,1,1,True,False,False,True,14,14,14
OCNT-2328753,train,OBWASQILIWPZMG-QZMOQZSNSA-N,31,0,0,0,0,4,False,False,False,True,,,"0,26,28,30"
OCNT-2328759,train,XMFXTXKSWIDMER-UHFFFAOYSA-N,12,1,0,0,1,2,True,False,False,False,,4,"0,4"
OCNT-2328763,train,FLNXBVJLPJNOSI-UHFFFAOYSA-N,23,1,1,1,1,1,False,False,True,False,9,9,9
OCNT-2328764,train,KFZXVMNBUMVKLN-UHFFFAOYSA-N,12,0,0,0,0,1,True,False,True,False,,,4
OCNT-2328767,train,DBEPLOCGEIEOCV-WSBQPABSSA-N,27,2,0,0,0,0,False,True,False,False,,,
OCNT-2328771,train,RJKFOVLPORLFTN-LEKSSAKUSA-N,23,0,0,0,0,0,False,True,False,True,,,
OCNT-2328774,train,FRPZMMHWLSIFAZ-UHFFFAOYSA-N,13,0,0,0,0,1,False,True,False,False,,,12
OCNT-2328777,train,ISWSIDIOOBJBQZ-UHFFFAOYSA-N,7,0,0,0,0,1,False,True,False,False,,,0
OCNT-2328781,train,MJIHNNLFOKEZEW-UHFFFAOYSA-N,25,3,0,0,2,2,False,False,True,False,,"11,17","11,17"
OCNT-2328784,train,CVXBEEMKQHEXEN-UHFFFAOYSA-N,15,1,0,0,0,0,True,False,False,True,,,
OCNT-2328787,train,NEUSVAOJNUQRTM-UHFFFAOYSA-N,22,1,0,0,0,0,True,False,True,False,,,
OCNT-2328788,train,VGKDLMBJGBXTGI-SJCJKPOMSA-N,20,1,1,1,1,1,False,False,True,False,1,1,1
OCNT-2328789,train,QCDFBFJGMNKBDO-UHFFFAOYSA-N,13,1,0,0,1,2,True,False,False,True,,11,"0,11"
OCNT-2328791,train,SIYLLGKDQZGJHK-UHFFFAOYSA-N,30,1,0,0,0,0,True,False,True,False,,,
OCNT-2328794,train,MJVAVZPDRWSRRC-UHFFFAOYSA-N,13,0,0,0,0,0,True,False,False,False,,,
OCNT-2328797,train,RRJHESVQVSRQEX-SUYBPPKGSA-M,33,6,0,0,3,5,False,True,False,False,,"2,3,4","2,3,4,6,31"
OCNT-2328798,train,NUVBSKCKDOMJSU-UHFFFAOYSA-N,12,0,0,0,0,1,False,True,False,False,,,9
OCNT-2328803,train,UHSKFQJFRQCDBE-UHFFFAOYSA-N,19,2,1,1,1,1,False,False,True,False,3,3,3
OCNT-2328805,train,OYYDSUSKLWTMMQ-JKHIJQBDSA-N,29,1,0,0,0,1,False,False,True,False,,,16
OCNT-2328813,train,CBCKQZAAMUWICA-UHFFFAOYSA-N,8,2,0,0,0,0,False,False,False,True,,,
OCNT-2328814,train,WNAQOLSMVPFGTE-UHFFFAOYSA-N,18,2,0,0,1,1,False,False,True,False,,2,2
OCNT-2328816,train,DYLGFOYVTXJFJP-MYYYXRDXSA-N,35,1,1,1,1,2,False,False,True,False,4,4,"4,11"
OCNT-2328820,train,GHMLBKRAJCXXBS-UHFFFAOYSA-N,8,0,0,0,0,2,False,False,False,True,,,"0,6"
OCNT-2328822,train,LDEKQSIMHVQZJK-CAQYMETFSA-N,33,6,0,0,3,3,False,False,False,True,,"18,21,23","18,21,23"
OCNT-2328824,train,VDNLFJGJEQUWRB-UHFFFAOYSA-N,33,0,0,0,0,2,True,False,True,False,,,"2,28"
OCNT-2328827,train,XWXYUMMDTVBTOU-UHFFFAOYSA-N,22,3,0,0,0,0,True,False,False,False,,,
OCNT-2328829,train,HIUVKVDQFXDZHU-UHFFFAOYSA-N,15,3,0,0,0,0,False,False,True,True,,,
OCNT-2328835,train,MBUVEWMHONZEQD-UHFFFAOYSA-N,27,3,1,1,2,2,False,False,True,False,1,"1,7","1,7"
OCNT-2328838,train,BAJQRLZAPXASRD-UHFFFAOYSA-N,15,1,0,0,0,0,True,False,False,False,,,
OCNT-2328839,train,WSEQXVZVJXJVFP-FQEVSTJZSA-N,24,2,1,1,1,1,False,False,True,False,1,1,1
OCNT-2328840,train,HSRJKNPTNIJEKV-UHFFFAOYSA-N,14,0,0,0,0,2,False,False,False,True,,,"11,13"
OCNT-2328848,train,SKZKKFZAGNVIMN-UHFFFAOYSA-N,10,1,0,0,0,1,False,False,False,True,,,9
OCNT-2328849,train,JVTAAEKCZFNVCJ-UHFFFAOYSA-N,6,0,0,0,0,2,False,True,False,False,,,"2,5"
OCNT-2328854,train,FJLBFSROUSIWMA-UHFFFAOYSA-N,17,2,0,0,2,2,True,False,False,True,,"9,15","9,15"
OCNT-2328857,train,YQGDEPYYFWUPGO-UHFFFAOYSA-N,8,1,1,1,1,3,False,False,False,True,0,0,"0,3,7"
OCNT-2328864,train,ZEUITGRIYCTCEM-KRWDZBQOSA-N,21,1,1,1,1,1,True,False,True,False,1,1,1
OCNT-2328868,train,VDANGULDQQJODZ-UHFFFAOYSA-N,18,2,1,1,1,1,False,False,True,False,2,2,2
OCNT-2328869,train,VJJPUSNTGOMMGY-MRVIYFEKSA-N,42,0,0,0,0,3,False,True,False,True,,,"24,26,41"
OCNT-2328870,train,SEBMTIQKRHYNIT-UHFFFAOYSA-N,22,2,1,1,2,2,True,False,True,True,1,"1,16","1,16"
OCNT-2328873,train,ORNBQBCIOKFOEO-QGVNFLHTSA-N,23,0,0,0,0,1,False,True,False,False,,,13
OCNT-2328886,train,XLOYQLAMNLMXCE-UHFFFAOYSA-N,15,0,0,0,0,2,True,False,False,False,,,"12,14"
OCNT-2328889,train,ZJVFLBOZORBYFE-UHFFFAOYSA-N,17,2,0,0,1,1,True,False,False,False,,12,12
OCNT-2328890,train,RMUCZJUITONUFY-UHFFFAOYSA-N,10,2,2,2,2,2,True,False,True,True,"0,1","0,1","0,1"
OCNT-2328892,train,XUIIKFGFIJCVMT-LBPRGKRZSA-M,24,1,1,1,1,2,True,True,False,True,0,0,"0,14"
OCNT-2328898,train,XXSMGPRMXLTPCZ-UHFFFAOYSA-N,23,3,1,1,2,3,False,False,True,False,2,"2,15","2,5,15"
OCNT-2328911,train,MJIHNNLFOKEZEW-RUZDIDTESA-N,25,3,0,0,2,2,False,False,True,False,,"11,17","11,17"
OCNT-2328914,train,PBAPPPCECJKMCM-IBGZPJMESA-N,28,4,1,1,2,3,False,False,True,False,14,"2,14","2,14,17"
OCNT-2328916,train,ABJKWBDEJIDSJZ-UHFFFAOYSA-N,24,1,1,1,1,1,False,False,True,False,1,1,1
OCNT-2328919,train,MBBCVAKAJPKAKM-UHFFFAOYSA-N,50,3,1,1,1,1,False,False,True,False,6,6,6
OCNT-2328931,train,CZCHIEJNWPNBDE-UHFFFAOYSA-N,22,0,0,0,0,1,True,False,False,False,,,11
OCNT-2328935,train,WOZSCQDILHKSGG-UHFFFAOYSA-N,34,5,0,0,3,3,False,False,False,True,,"17,21,23","17,21,23"
OCNT-2328936,train,DDFOUSQFMYRUQK-RCDICMHDSA-N,31,5,0,0,3,4,False,False,False,True,,"3,20,22","3,16,20,22"
OCNT-2328938,train,WUZYKBABMWJHDL-UHFFFAOYSA-N,30,3,1,1,3,3,True,False,False,True,7,"3,7,25","3,7,25"
OCNT-2328941,train,VLDFMKOUUQYFGF-UHFFFAOYSA-N,15,0,0,0,0,1,False,True,False,True,,,10
OCNT-2328942,train,FHCUMDQMBHQXKK-CDIODLITSA-N,65,8,0,0,2,2,False,False,True,False,,"7,41","7,41"
OCNT-2328943,train,UCJGJABZCDBEDK-UHFFFAOYSA-N,35,2,1,1,1,3,False,False,True,False,19,19,"7,19,32"
OCNT-2328946,train,KYLIZBIRMBGUOP-UHFFFAOYSA-N,14,0,0,0,0,0,True,False,False,False,,,
OCNT-2328948,train,XRCFXMGQEVUZFC-UHFFFAOYSA-N,19,0,0,0,0,0,False,False,False,True,,,
OCNT-2328949,train,ZPMNHBXQOOVQJL-UHFFFAOYSA-N,25,3,1,1,1,1,False,False,True,False,5,5,5
OCNT-2328950,train,OUBMGJOQLXMSNT-UHFFFAOYSA-N,17,2,0,0,0,0,True,False,True,False,,,
OCNT-2328952,train,AKUJBENLRBOFTD-RPRRAYFGSA-N,31,0,0,0,0,2,False,False,False,True,,,"8,27"
OCNT-2328955,train,FPIPGXGPPPQFEQ-OVSJKPMPSA-N,21,0,0,0,0,1,False,True,False,False,,,14
OCNT-2328958,train,NQPDXQQQCQDHHW-UHFFFAOYSA-N,21,2,0,0,1,2,True,False,True,False,,3,"1,3"
OCNT-2328961,train,QELSKZZBTMNZEB-UHFFFAOYSA-N,13,0,0,0,0,1,True,False,False,False,,,10
OCNT-2328962,train,MOZDKDIOPSPTBH-UHFFFAOYSA-N,17,0,0,0,0,1,True,False,False,False,,,14
OCNT-2328964,train,KSCFJBIXMNOVSH-UHFFFAOYSA-N,18,4,0,0,1,3,False,False,False,True,,6,"6,11,13"
OCNT-2328965,train,CKGWFZQGEQJZIL-UHFFFAOYSA-N,13,0,0,0,0,1,True,False,False,False,,,12
OCNT-2328969,train,HEOCBCNFKCOKBX-SDNWHVSQSA-N,19,0,0,0,0,0,True,False,False,False,,,
OCNT-2328970,train,OGQYPPBGSLZBEG-UHFFFAOYSA-N,39,1,0,0,0,0,True,False,False,True,,,
OCNT-2328974,train,WYWZRNAHINYAEF-UHFFFAOYSA-N,20,1,0,0,0,0,True,False,False,False,,,
OCNT-2328975,train,FIADGNVRKBPQEU-UHFFFAOYSA-N,21,1,1,1,1,1,False,False,True,False,1,1,1
OCNT-2328980,train,FIHJKUPKCHIPAT-AHIGJZGOSA-N,27,0,0,0,0,1,True,False,False,False,,,10
OCNT-2328985,train,ZXERDUOLZKYMJM-ZWECCWDJSA-N,30,0,0,0,0,3,False,True,False,False,,,"4,18,27"
OCNT-2328989,train,YFAGHNZHGGCZAX-JKIFEVAISA-N,30,3,0,0,1,3,False,False,True,False,,28,"11,18,28"
OCNT-2328990,train,XFDJYSQDBULQSI-UHFFFAOYSA-N,28,2,1,1,1,1,False,False,True,False,7,7,7
OCNT-2328993,train,RDJGLLICXDHJDY-UHFFFAOYSA-N,18,0,0,0,0,1,False,False,False,True,,,4
OCNT-2328994,train,OVCDSSHSILBFBN-UHFFFAOYSA-N,25,3,1,1,2,3,False,True,True,True,2,"2,13","2,13,24"
OCNT-2328999,train,UBCHPRBFMUDMNC-UHFFFAOYSA-N,13,1,1,1,1,1,False,False,False,True,2,2,2
OCNT-2395272,train,RGCZGDQEMAHFBB-UHFFFAOYSA-N,25,3,0,0,1,1,False,False,False,True,,9,9
OCNT-2395273,train,BOXQIGRGNPZXFX-UHFFFAOYSA-N,24,3,0,0,1,1,False,False,False,True,,22,22
OCNT-2395274,train,ZCAXGDJOGFCONB-UHFFFAOYSA-N,26,4,0,0,1,1,False,False,False,True,,17,17
OCNT-2395275,train,NGUMOZNITYCJGF-UHFFFAOYSA-N,31,5,0,0,1,1,False,False,False,True,,17,17
OCNT-2395276,train,LKQMNGJUSABYFJ-UHFFFAOYSA-N,24,3,0,0,1,1,False,False,False,True,,13,13
OCNT-2395277,train,UMJJMALOVZJHOM-UHFFFAOYSA-N,26,4,0,0,1,1,False,False,False,True,,10,10
OCNT-2395278,train,DEHABOCJTSWPJS-UHFFFAOYSA-N,25,3,0,0,1,2,False,False,False,True,,14,"10,14"
OCNT-2395279,train,JWGGVPCDAXNDKK-UHFFFAOYSA-N,30,5,0,0,1,1,False,False,False,True,,16,16
OCNT-2395280,train,VKLDISFNRAPLRT-UHFFFAOYSA-N,25,4,0,0,2,2,False,False,False,True,,"5,18","5,18"
OCNT-2395281,train,RHIWXUBXXYCMOO-UHFFFAOYSA-N,27,3,0,0,1,1,False,False,False,True,,2,2
OCNT-2395282,train,OSWKQOGJYLYDJV-UHFFFAOYSA-N,24,4,0,0,1,1,False,False,False,True,,11,11
OCNT-2395283,train,AVTCWHYPQDBLCG-UHFFFAOYSA-N,28,5,0,0,1,1,False,False,False,True,,17,17
OCNT-2395284,train,YQABWLDXYKWUOR-UHFFFAOYSA-N,21,2,0,0,0,0,False,False,False,True,,,
OCNT-2395285,train,YYPUSKSRHZZVBY-UHFFFAOYSA-N,29,3,0,0,0,0,False,False,False,True,,,
OCNT-2395286,train,LOEFSXOPDVXMHN-UHFFFAOYSA-N,27,4,0,0,2,2,False,False,False,True,,"18,25","18,25"
OCNT-2395287,train,RJJZTKVXXCCXQF-UHFFFAOYSA-N,23,4,0,0,1,1,False,False,False,True,,3,3
OCNT-2395288,train,YBQQMUIXBUOUOC-UHFFFAOYSA-N,28,3,0,0,1,1,False,False,False,True,,27,27
OCNT-2395289,train,CPHWCYYMYISQSY-UHFFFAOYSA-N,24,3,0,0,1,2,False,False,False,True,,7,"6,7"
OCNT-2395290,train,UDVCSWPMFIKVAP-UHFFFAOYSA-N,26,5,1,1,2,2,False,False,False,True,6,"6,14","6,14"
OCNT-2395291,train,BGJFRMNKWBUDET-UHFFFAOYSA-N,23,3,0,0,1,1,False,False,False,True,,5,5
OCNT-2395292,train,VFJFLAJSQCREME-SFHVURJKSA-N,26,5,1,1,2,2,False,False,False,True,8,"4,8","4,8"
OCNT-2395293,train,XOXUUFNTCJYHHW-UHFFFAOYSA-N,25,6,0,0,4,4,False,False,False,True,,"6,8,10,20","6,8,10,20"
OCNT-2395294,train,IWNSTNXWQIPLHG-UHFFFAOYSA-N,27,4,0,0,2,2,False,False,False,True,,"4,5","4,5"
OCNT-2395295,train,HDIMKPWVHPWVCB-UHFFFAOYSA-N,25,7,0,0,4,4,False,False,False,True,,"9,16,21,22","9,16,21,22"
OCNT-2395296,train,PYTABQYAEROVHF-SFHVURJKSA-N,24,4,1,1,2,2,False,False,False,True,8,"3,8","3,8"
OCNT-2395297,train,GYYNPFCNLDIGOK-UHFFFAOYSA-N,22,2,0,0,0,0,False,False,False,True,,,
OCNT-2395298,train,NPUQZCISJDJSQS-UHFFFAOYSA-N,23,3,0,0,1,1,False,False,False,True,,9,9
OCNT-2395299,train,SCBUMNWYMYTYCN-UHFFFAOYSA-N,26,2,0,0,0,0,False,False,False,True,,,
OCNT-2395300,train,UUFANUQZEIXAIL-UHFFFAOYSA-N,30,6,0,0,1,1,False,False,False,True,,26,26
OCNT-2395301,train,FYTQJFADWIUEBH-UHFFFAOYSA-N,20,4,0,0,2,2,False,False,False,True,,"10,17","10,17"
OCNT-2395302,train,CGBHNLJDUUMWDQ-UHFFFAOYSA-N,22,5,1,1,3,3,False,False,False,True,2,"2,8,11","2,8,11"
OCNT-2395303,train,YAPINTZWRKUNKN-UHFFFAOYSA-N,31,2,0,0,0,0,False,False,False,True,,,
OCNT-2395304,train,LEMCARVFRFAHQA-UHFFFAOYSA-N,21,3,0,0,1,1,False,False,False,True,,13,13
OCNT-2395305,train,CBLVEVRERGRBQK-LBPRGKRZSA-N,21,4,0,0,2,3,False,False,False,True,,"13,20","3,13,20"
OCNT-2395306,train,RXNDJKIHSSKQMU-UHFFFAOYSA-N,28,2,0,0,0,1,False,False,False,True,,,23
OCNT-2395307,train,FISDQJFPYPYHLF-UHFFFAOYSA-N,22,1,0,0,0,1,False,False,False,True,,,6
OCNT-2395308,train,WAHYSPDEZQDNBT-UHFFFAOYSA-N,24,3,0,0,1,2,False,False,False,True,,20,"20,23"
OCNT-2395309,train,TXJZXCYMSCFYJB-UHFFFAOYSA-N,22,5,0,0,3,3,False,False,False,True,,"5,8,20","5,8,20"
OCNT-2395310,train,RJUPONDGJKOQKB-UHFFFAOYSA-N,21,1,0,0,0,0,False,False,False,True,,,
OCNT-2395311,train,JJJSJEMEGGMYHA-UHFFFAOYSA-N,23,1,0,0,0,1,False,False,False,True,,,11
OCNT-2395312,train,KODDDKNMFUECDZ-UHFFFAOYSA-N,26,1,0,0,0,0,False,False,False,True,,,
OCNT-2395313,train,ZSSBSJSLBNTTKF-UHFFFAOYSA-N,24,1,0,0,0,0,False,False,False,True,,,
OCNT-2395314,train,QMZQXJFEYSUTKR-UHFFFAOYSA-N,26,2,0,0,0,0,False,False,False,True,,,
OCNT-2395315,train,YFEAWONHDZRTON-UHFFFAOYSA-N,26,5,0,0,2,2,False,False,False,True,,"4,13","4,13"
OCNT-2395316,train,LRZNQHDMLARWJV-UHFFFAOYSA-N,23,3,0,0,0,0,False,False,False,True,,,
OCNT-2395317,train,XPWTVFAVHOTZIJ-UHFFFAOYSA-N,21,1,0,0,0,0,False,False,False,True,,,
OCNT-2395318,train,MTBSWHRYDICOJO-UHFFFAOYSA-N,21,4,2,2,4,4,False,False,False,True,"10,13","3,8,10,13","3,8,10,13"
OCNT-2395319,train,DUBHZLUWBVLGOC-UHFFFAOYSA-N,29,5,0,0,2,2,False,False,False,True,,"2,9","2,9"
OCNT-2395320,train,YKAIARMMHPODFN-UHFFFAOYSA-N,26,4,0,0,1,1,False,False,False,True,,8,8
OCNT-2395321,train,RJECDYXFFUGFPD-UHFFFAOYSA-N,26,2,0,0,0,0,False,False,False,True,,,
OCNT-2395322,train,YNWBTLPCUJWQIQ-UHFFFAOYSA-N,22,2,0,0,0,0,False,False,False,True,,,
OCNT-2395323,train,PVCAHDNVFNPUKE-UHFFFAOYSA-N,23,3,0,0,1,1,False,False,False,True,,11,11
OCNT-2395324,train,ADOOOKDJTDHGHX-UHFFFAOYSA-N,25,3,0,0,2,3,False,False,False,True,,"6,7","5,6,7"
OCNT-2395325,train,CKUCBIVKRSGFPJ-UHFFFAOYSA-N,20,2,0,0,1,1,False,False,False,True,,19,19
OCNT-2395326,train,CBBVJVXJZQMXGN-UHFFFAOYSA-N,23,5,0,0,2,2,False,False,False,True,,"19,20","19,20"
OCNT-2395327,train,PBZGCLVVCQILOX-UHFFFAOYSA-N,25,2,0,0,0,0,False,False,False,True,,,
OCNT-2395328,train,WVOZCIQIUNFGBG-UHFFFAOYSA-N,27,2,0,0,0,0,False,False,False,True,,,
OCNT-2395329,train,BBDGGEDHOSSLBQ-UHFFFAOYSA-N,23,4,0,0,1,1,False,False,False,True,,5,5
OCNT-2395330,train,JBNAORDNZOJTQQ-UHFFFAOYSA-N,26,2,0,0,0,0,False,False,False,True,,,
OCNT-2395331,train,FWGOMKHOFNHOSZ-UHFFFAOYSA-N,25,1,0,0,0,0,False,False,False,True,,,
OCNT-2395332,train,VMKFDGZZTLOMLG-UHFFFAOYSA-N,19,2,0,0,1,1,False,False,False,True,,17,17
OCNT-2395333,train,DKNBJTLEPDZEBN-UHFFFAOYSA-N,24,3,0,0,0,0,False,False,False,True,,,
OCNT-2395334,train,VTFLDUPQAXQKEL-UHFFFAOYSA-N,29,3,0,0,2,2,False,False,False,True,,"21,26","21,26"
OCNT-2395335,train,VMKJVPDESMHPJU-LJQANCHMSA-N,25,2,1,1,1,1,False,False,False,True,15,15,15
OCNT-2395336,train,RRMQRUZATNRUIE-UHFFFAOYSA-N,23,4,1,1,1,1,False,False,False,True,5,5,5
OCNT-2395337,train,XNAJDXNGXZSOOT-UHFFFAOYSA-N,22,2,0,0,0,0,False,False,False,True,,,
OCNT-2395338,train,ZHFWOANMAIXAJU-UHFFFAOYSA-N,27,5,0,0,1,1,False,False,False,True,,14,14
OCNT-2395339,train,IJMPYRIYNFZQNN-UHFFFAOYSA-N,23,1,0,0,1,1,False,False,False,True,,21,21
OCNT-2395340,train,LGCUCBFUBNZFJW-UHFFFAOYSA-N,23,2,0,0,1,1,False,False,False,True,,3,3
OCNT-2395341,train,RYUFHCGMJWKSFO-UHFFFAOYSA-N,22,2,1,1,1,2,False,False,False,True,15,15,"15,19"
OCNT-2395342,train,OENNRUNZZPQSEX-UHFFFAOYSA-N,26,2,0,0,0,0,False,False,False,True,,,
OCNT-2395343,train,CDCPVGQGAVUCBZ-UHFFFAOYSA-N,28,4,0,0,2,3,False,False,False,True,,"6,27","6,24,27"
OCNT-2395344,train,CAHXBHWTWVDXQQ-UHFFFAOYSA-N,24,4,2,2,4,4,False,False,False,True,"10,13","3,8,10,13","3,8,10,13"
OCNT-2395345,train,OGNSXHQCDMZUIF-UHFFFAOYSA-N,25,2,0,0,0,0,False,False,False,True,,,
OCNT-2395346,train,FWNABGWQKRVEAI-UHFFFAOYSA-N,28,3,0,0,1,1,False,False,False,True,,19,19
OCNT-2395347,train,VFOKDQSYBFQYDW-UHFFFAOYSA-N,23,3,0,0,2,2,False,False,False,True,,"4,22","4,22"
OCNT-2395348,train,FKTCCFIFDHWPQA-UHFFFAOYSA-N,23,3,0,0,1,1,False,False,False,True,,22,22
OCNT-2395349,train,YRMMBKQHNCTVGH-UHFFFAOYSA-N,23,3,0,0,0,0,False,False,False,True,,,
OCNT-2395350,train,FQHFKBXLGTXQFY-UHFFFAOYSA-N,24,4,0,0,2,2,False,False,False,True,,"2,3","2,3"
OCNT-2395351,train,GSHXGZNJTRBRCF-UHFFFAOYSA-N,25,1,0,0,0,0,False,False,False,True,,,
OCNT-2395352,train,QQUZBGKHYDCYFR-UHFFFAOYSA-N,19,3,0,0,1,1,False,False,False,True,,18,18
OCNT-2395353,train,JYISCUZKHOGWER-UHFFFAOYSA-N,23,3,0,0,1,1,False,False,False,True,,18,18
OCNT-2395354,train,ZAPVJORONMBPNV-UHFFFAOYSA-N,23,2,0,0,0,0,False,False,False,True,,,
OCNT-2395355,train,NIQQBBWZBFEUGO-UHFFFAOYSA-N,24,1,0,0,0,1,False,False,False,True,,,19
OCNT-2395356,train,BJTBDZVOSPIJGS-UHFFFAOYSA-N,24,4,0,0,2,2,False,False,False,True,,"10,15","10,15"
OCNT-2395357,train,SUXZXUQWAVHMNL-UHFFFAOYSA-N,26,3,1,1,2,2,False,False,False,True,15,"6,15","6,15"
OCNT-2395358,train,LRKSEMHGCUKHSP-UHFFFAOYSA-N,25,7,0,0,4,4,False,False,False,True,,"9,16,21,22","9,16,21,22"
OCNT-2395359,train,NFHCGUNMCRWVSN-UHFFFAOYSA-N,20,4,0,0,2,3,False,False,False,True,,"8,12","8,12,15"
OCNT-2395360,train,RTTDKCZBPZAHKL-UHFFFAOYSA-N,25,2,0,0,0,0,False,False,False,True,,,
OCNT-2395361,train,DUVHSXWVUOPIDL-UHFFFAOYSA-N,21,6,0,0,4,4,False,False,False,True,,"2,5,13,16","2,5,13,16"
OCNT-2395362,train,MPFAPLWWRCZTHK-UHFFFAOYSA-N,28,2,0,0,0,0,False,False,False,True,,,
OCNT-2395363,train,QCADNHVJUJASRH-UHFFFAOYSA-N,23,2,1,1,1,1,False,False,False,True,3,3,3
OCNT-2395364,train,ZHBQDFNQECZKOW-UHFFFAOYSA-N,24,4,0,0,1,1,False,False,False,True,,23,23
OCNT-2395365,train,FAIRUKOBKBQTAQ-UHFFFAOYSA-N,23,3,0,0,1,1,False,False,False,True,,3,3
OCNT-2395366,train,ZKVBPVMPLWRDBP-UHFFFAOYSA-N,22,1,0,0,1,1,False,False,False,True,,18,18
OCNT-2395367,train,OZVHDAZEKXGBCT-UHFFFAOYSA-N,29,3,0,0,1,1,False,False,False,True,,3,3
OCNT-2395368,train,JOKZJYZBNKHSEY-UHFFFAOYSA-N,21,3,0,0,1,1,False,False,False,True,,18,18
OCNT-2395369,train,WAPOLFBEWYTOES-UHFFFAOYSA-N,24,2,0,0,0,0,False,False,False,True,,,
OCNT-2395370,train,UIDFVDUTWBJQGU-UHFFFAOYSA-N,23,4,1,1,1,1,False,False,False,True,16,16,16
OCNT-2395371,train,NVPWMPMUEXSPEG-UHFFFAOYSA-N,24,5,0,0,3,3,False,False,False,True,,"16,17,18","16,17,18"
OCNT-2395372,train,MSQIFYQUJDQLAO-MRXNPFEDSA-N,22,4,1,1,2,2,False,False,False,True,15,"15,21","15,21"
OCNT-2395373,train,WJHKKYKGFBADPM-UHFFFAOYSA-N,25,3,0,0,1,2,False,False,False,True,,14,"8,14"
OCNT-2395374,train,XXIDEZIPVPUJRR-UHFFFAOYSA-N,24,7,0,0,4,4,False,False,False,True,,"8,12,14,16","8,12,14,16"
OCNT-2395375,train,XLKNKPMYYYSUSJ-UHFFFAOYSA-N,25,5,0,0,3,3,False,False,False,True,,"6,19,20","6,19,20"
OCNT-2395376,train,ORTWNJZUAIUYKM-UHFFFAOYSA-N,25,3,0,0,1,1,False,False,False,True,,2,2
OCNT-2395377,train,DHOGCLBDWIPOBU-UHFFFAOYSA-N,27,6,0,0,3,3,False,False,False,True,,"10,11,12","10,11,12"
OCNT-2395378,train,GEACKMSWHYXGRM-UHFFFAOYSA-N,24,7,0,0,5,5,False,False,False,True,,"5,8,12,14,16","5,8,12,14,16"
OCNT-2395379,train,KGQGNVXQLYFAOR-UHFFFAOYSA-N,19,1,0,0,0,1,False,False,False,True,,,1
OCNT-2395380,train,IODIDYHIBDZVLN-UHFFFAOYSA-N,26,5,0,0,3,4,False,False,False,True,,"14,15,16","2,14,15,16"
OCNT-2395381,train,PLOIOJAYZIAGDF-UHFFFAOYSA-N,28,3,0,0,0,0,False,False,False,True,,,
OCNT-2395382,train,IESKIIPQTZZPPE-UHFFFAOYSA-N,22,3,0,0,2,2,False,False,False,True,,"9,12","9,12"
OCNT-2395383,train,KNKFHOOEOAGPDF-UHFFFAOYSA-N,24,3,0,0,1,1,False,False,False,True,,21,21
OCNT-2395384,train,DEFBGBDDASRAKK-UHFFFAOYSA-N,25,1,0,0,0,1,False,False,False,True,,,11
OCNT-2395385,train,WDPCVDLHFFVZIC-UHFFFAOYSA-N,27,4,0,0,1,1,False,False,False,True,,25,25
OCNT-2395386,train,SRQOTCAYYLJUGZ-UHFFFAOYSA-N,23,2,1,1,1,1,False,False,False,True,14,14,14
OCNT-2395387,train,MNUGCIKLGXBMPT-UHFFFAOYSA-N,30,3,0,0,0,0,False,False,False,True,,,
OCNT-2395388,train,CFQJCJLLMWDACS-UHFFFAOYSA-N,22,5,0,0,3,4,False,False,False,True,,"3,4,9","3,4,6,9"
OCNT-2395389,train,RQYOVAVOOOTQGF-UHFFFAOYSA-N,26,4,0,0,2,2,False,False,False,True,,"3,16","3,16"
OCNT-2395390,train,UXTJYBXFNHLFDQ-UHFFFAOYSA-N,25,5,0,0,4,4,False,False,False,True,,"13,22,23,24","13,22,23,24"
OCNT-2395391,train,HKBFGOGEJIHOQC-UHFFFAOYSA-N,20,4,0,0,1,1,False,False,False,True,,15,15
OCNT-2395392,train,SIYDVVCGLDGNGG-UHFFFAOYSA-N,23,5,0,0,3,4,False,False,False,True,,"11,16,17","11,14,16,17"
OCNT-2395393,train,IKTGMHKSMCGXAG-UHFFFAOYSA-N,22,6,1,1,5,5,False,False,False,True,10,"3,8,10,16,19","3,8,10,16,19"
OCNT-2395394,train,JBGUJZDWPHNSHD-UHFFFAOYSA-N,27,4,0,0,1,1,False,False,False,True,,26,26
OCNT-2395395,train,GKBSFXJAHNHBDN-HWWDLCQESA-N,27,3,0,0,1,1,False,False,False,True,,18,18
OCNT-2395396,train,MDZJZRZSDPJNQV-UHFFFAOYSA-N,22,5,0,0,2,2,False,False,False,True,,"15,21","15,21"
OCNT-2395397,train,TUOZOGICBZYBJG-UHFFFAOYSA-N,22,2,0,0,0,0,False,False,False,True,,,
OCNT-2395398,train,QBTKYQSQDNYSJW-UHFFFAOYSA-N,24,4,0,0,2,2,False,False,False,True,,"2,6","2,6"
OCNT-2395399,train,DWOHXLUDTPAGGR-UHFFFAOYSA-N,21,2,0,0,1,1,False,False,False,True,,6,6
OCNT-2395400,train,OPVZHLFVZBTKCV-UHFFFAOYSA-N,20,2,0,0,0,0,False,False,False,True,,,
OCNT-2395401,train,YICSFNCAIRPWQX-UHFFFAOYSA-N,19,3,0,0,1,1,False,False,False,True,,10,10
OCNT-2395402,train,PIEUKHQZMGTCEY-UHFFFAOYSA-N,22,3,0,0,2,2,False,False,False,True,,"4,21","4,21"
OCNT-2395403,train,NQCVIFUTOQVPDB-UHFFFAOYSA-N,24,2,0,0,0,0,False,False,False,True,,,
OCNT-2395404,train,MUXQTGKIVRSWAN-UHFFFAOYSA-N,23,2,0,0,0,1,False,False,False,True,,,6
OCNT-2395405,train,IEQJPKNNTXXKHG-UHFFFAOYSA-N,28,5,0,0,2,2,False,False,False,True,,"2,19","2,19"
OCNT-2395406,train,CBLVEVRERGRBQK-UHFFFAOYSA-N,21,4,0,0,2,3,False,False,False,True,,"13,20","3,13,20"
OCNT-2395407,train,WWLISLZNGXQQLF-UHFFFAOYSA-N,21,2,0,0,0,0,False,False,False,True,,,
OCNT-2395408,train,AFHWFGZHRNYYSU-UHFFFAOYSA-N,22,4,0,0,2,2,False,False,False,True,,"7,14","7,14"
OCNT-2395409,train,ZBWYNVDXWISWEV-UHFFFAOYSA-N,23,2,0,0,0,0,False,False,False,True,,,
OCNT-2395410,train,NDHHNNVKKGDRRL-UHFFFAOYSA-N,22,3,0,0,1,1,False,False,False,True,,3,3
OCNT-2395411,train,UHGUQOAWTHGSAI-UHFFFAOYSA-N,18,1,0,0,0,0,False,False,False,True,,,
OCNT-2395412,train,MOHFBXPYGOQCSP-UHFFFAOYSA-N,21,2,0,0,0,1,False,False,False,True,,,16
OCNT-2395413,train,KQEICCLPAAAHRO-UHFFFAOYSA-N,24,3,0,0,0,0,False,False,False,True,,,
OCNT-2395414,train,GUVDEBQYZLFNCP-UHFFFAOYSA-N,22,3,0,0,1,1,False,False,False,True,,7,7
OCNT-2395415,train,FVXLSWCXTDUJFQ-UHFFFAOYSA-N,18,2,0,0,1,1,False,False,False,True,,15,15
OCNT-2395416,train,BMZLZQHDDRYCEU-UHFFFAOYSA-N,27,6,0,0,3,3,False,False,False,True,,"4,17,24","4,17,24"
OCNT-2395417,train,WGZYAWPDCLTPSI-UHFFFAOYSA-N,26,2,0,0,0,1,False,False,False,True,,,10
OCNT-2395418,train,FSDPMVRINSSCJT-UHFFFAOYSA-N,25,3,0,0,0,0,False,False,False,True,,,
OCNT-2395419,train,IDRBFVDPCUUZRD-UHFFFAOYSA-N,26,3,0,0,0,0,False,False,False,True,,,
OCNT-2395420,train,ICIVPGDLVGXUGV-ZDUSSCGKSA-N,20,2,1,1,1,2,False,False,False,True,4,4,"2,4"
OCNT-2395421,train,VUXQAKRWVNTGDG-UHFFFAOYSA-N,30,3,0,0,0,0,False,False,False,True,,,
OCNT-2395422,train,FRYGVKUTJMGBIE-UHFFFAOYSA-N,25,7,0,0,4,4,False,False,False,True,,"9,17,18,19","9,17,18,19"
OCNT-2395423,train,ZVRYWGQLYCRLGV-UHFFFAOYSA-N,28,3,0,0,0,0,False,False,False,True,,,
OCNT-2395424,train,GPOMWJIXDFQRTL-UHFFFAOYSA-N,21,2,0,0,1,1,False,False,False,True,,16,16
OCNT-2395425,train,ZJLLBTBHUADMQS-UHFFFAOYSA-N,24,3,0,0,0,0,False,False,False,True,,,
OCNT-2395426,train,DCOAWIYXHYJILR-UHFFFAOYSA-N,23,3,0,0,1,2,False,False,False,True,,3,"3,15"
OCNT-2395427,train,RSYRQOFGAIHZDA-UHFFFAOYSA-N,30,3,0,0,1,1,False,False,False,True,,20,20
OCNT-2395428,train,YZZRKGPDASBVGM-UHFFFAOYSA-N,24,6,0,0,4,4,False,False,False,True,,"9,16,20,21","9,16,20,21"
OCNT-2395429,train,WEZDLCWMGMEVOS-UHFFFAOYSA-N,32,4,0,0,2,2,False,False,False,True,,"2,5","2,5"
OCNT-2395430,train,IGLAYFYNQOQSQV-UHFFFAOYSA-N,26,1,0,0,0,0,False,False,False,True,,,
OCNT-2395431,train,MKSMCTOLENWCGA-UHFFFAOYSA-N,25,3,0,0,1,1,False,False,False,True,,24,24
OCNT-2395432,train,ACNPWTRMUDDYPP-UHFFFAOYSA-N,23,4,0,0,1,2,False,False,False,True,,13,"12,13"
OCNT-2395433,train,LLFSEGPDTIYSQU-UHFFFAOYSA-N,26,2,0,0,0,1,False,False,False,True,,,4
OCNT-2395434,train,GLIVBFQFNSHUBO-UHFFFAOYSA-N,26,6,0,0,3,3,False,False,False,True,,"17,18,22","17,18,22"
OCNT-2395435,train,DXLJVPKHMCRJMN-UHFFFAOYSA-N,19,4,0,0,1,1,False,False,False,True,,10,10
OCNT-2395436,train,LCTAZAPCJHRNLF-UHFFFAOYSA-N,23,4,0,0,1,1,False,False,False,True,,15,15
OCNT-2395437,train,PHDCPFQMZFUTAS-UHFFFAOYSA-N,24,4,0,0,2,2,False,False,False,True,,"18,23","18,23"
OCNT-2395438,train,STPVSAJYHZTWPV-UHFFFAOYSA-N,20,4,0,0,3,4,False,False,False,True,,"17,18,19","3,17,18,19"
OCNT-2395439,train,TYZSFHHKSSQPJU-UHFFFAOYSA-N,21,1,0,0,0,1,False,False,False,True,,,15
OCNT-2395440,train,LBDZFZHERWVMSY-UHFFFAOYSA-N,23,3,0,0,0,0,False,False,False,True,,,
OCNT-2395441,train,IDWNJRGRWCPMRW-UHFFFAOYSA-N,28,3,0,0,1,2,False,False,False,True,,11,"11,18"
OCNT-2395442,train,NBPSWOWTAKNVRB-UHFFFAOYSA-N,21,5,0,0,3,3,False,False,False,True,,"5,6,7","5,6,7"
OCNT-2395443,train,TVTPOERDJDYHCW-UHFFFAOYSA-N,19,2,0,0,1,1,False,False,False,True,,14,14
OCNT-2395444,train,PEVSJIALOQACCU-UHFFFAOYSA-N,27,3,0,0,1,1,False,False,False,True,,25,25
OCNT-2395445,train,CDBUNSVKISKPRX-UHFFFAOYSA-N,22,6,0,0,3,3,False,False,False,True,,"3,15,21","3,15,21"
OCNT-2395446,train,ICZFYMYWWTWOKP-UHFFFAOYSA-N,23,2,0,0,0,0,False,False,False,True,,,
OCNT-2395447,train,CNMLKICHDRHLEI-UHFFFAOYSA-N,25,4,0,0,1,1,False,False,False,True,,5,5
OCNT-2395448,train,DNATURMYSDGZGK-CYBMUJFWSA-N,23,3,0,0,1,2,False,False,False,True,,3,"3,16"
OCNT-2395449,train,ATIMUHARSAHFAK-UHFFFAOYSA-N,30,3,0,0,2,2,False,False,False,True,,"2,5","2,5"
OCNT-2395450,train,XYHDZVFDRHTQDJ-UHFFFAOYSA-N,25,1,0,0,0,1,False,False,False,True,,,6
OCNT-2395451,train,CQSWJAWKJQTGDN-UHFFFAOYSA-N,21,3,0,0,1,2,False,False,False,True,,8,"8,13"
OCNT-2395452,train,DMZMESXZSXERBS-UHFFFAOYSA-N,25,4,1,1,2,2,False,False,False,True,1,"1,15","1,15"
OCNT-2395453,train,IVQJENGSTOXPMW-UHFFFAOYSA-N,23,2,0,0,1,2,False,False,False,True,,11,"11,14"
OCNT-2395454,train,MZOCERLDUKGVLV-UHFFFAOYSA-N,21,2,0,0,0,0,False,False,False,True,,,
OCNT-2395455,train,CMOXMEILBPKQHC-UHFFFAOYSA-N,27,2,0,0,0,0,False,False,False,True,,,
OCNT-2395456,train,SUWDPUGCBJMRIM-UHFFFAOYSA-N,24,4,0,0,1,1,False,False,False,True,,11,11
OCNT-2395457,train,FPGLWHHAKABDQO-UHFFFAOYSA-N,21,5,0,0,3,3,False,False,False,True,,"15,19,20","15,19,20"
OCNT-2395458,train,OXLGYDLAQVKNCK-UONOGXRCSA-N,22,3,1,1,1,1,False,False,False,True,15,15,15
OCNT-2395459,train,SCJSDZLVHPJNSV-UHFFFAOYSA-N,26,2,0,0,0,1,False,False,False,True,,,5
OCNT-2395460,train,LXMYLFHFPIIOGC-UHFFFAOYSA-N,25,2,0,0,0,0,False,False,False,True,,,
OCNT-2395461,train,ZTGUQSSHLSRSEG-UHFFFAOYSA-N,24,4,1,1,2,2,False,False,False,True,20,"9,20","9,20"
OCNT-2395462,train,GPMBXOSHPXJMSI-UHFFFAOYSA-N,30,2,0,0,0,0,False,False,False,True,,,
OCNT-2395463,train,BLNJIJIHMCVGGR-UHFFFAOYSA-N,22,3,0,0,2,2,False,False,False,True,,"12,19","12,19"
OCNT-2395464,train,AUMILXDYXNJZGO-UHFFFAOYSA-N,21,4,0,0,1,1,False,False,False,True,,14,14
OCNT-2395465,train,ZYAQFWGVXVEIGY-UHFFFAOYSA-N,25,2,0,0,0,0,False,False,False,True,,,
OCNT-2395466,train,RVBYSOSSNDRWFO-UHFFFAOYSA-N,25,3,0,0,0,0,False,False,False,True,,,
OCNT-2395467,train,NOPXPKAQTBKIIK-UHFFFAOYSA-N,23,1,0,0,0,1,False,False,False,True,,,2
OCNT-2395468,train,UYBHEJVKQXAYTI-UHFFFAOYSA-N,23,3,0,0,2,2,False,False,False,True,,"5,12","5,12"
OCNT-2395469,train,BLLDJUUCAMPQMW-UHFFFAOYSA-N,26,3,0,0,1,1,False,False,False,True,,15,15
OCNT-2395470,train,DYQMZWJGNHQRSM-UHFFFAOYSA-N,22,4,0,0,3,3,False,False,False,True,,"18,20,21","18,20,21"
OCNT-2395471,train,ZAWLZKHAQFWKAY-UHFFFAOYSA-N,24,2,0,0,1,2,False,False,False,True,,23,"18,23"
OCNT-2395472,train,IELNOOSLYDYAIF-UHFFFAOYSA-N,24,4,1,1,2,2,False,False,False,True,1,"1,12","1,12"
OCNT-2395473,train,KKEQDJYMTTVTJY-UHFFFAOYSA-N,24,2,0,0,0,1,False,False,False,True,,,2
OCNT-2395474,train,HRIJOSOSAQLPFO-UHFFFAOYSA-N,23,6,0,0,4,4,False,False,False,True,,"13,18,21,22","13,18,21,22"
OCNT-2395475,train,SCSDUOORQIDAPE-UHFFFAOYSA-N,23,6,0,0,5,6,False,False,False,True,,"2,9,13,14,22","2,5,9,13,14,22"
OCNT-2395476,train,BMUNXZSNIATDEL-UHFFFAOYSA-N,24,1,0,0,0,0,False,False,False,True,,,
OCNT-2395477,train,GVMJETQWQFZAOL-UHFFFAOYSA-N,19,3,0,0,0,0,False,False,False,True,,,
OCNT-2395478,train,GORNZHRCDSHATR-UHFFFAOYSA-N,28,6,0,0,3,3,False,False,False,True,,"6,17,27","6,17,27"
OCNT-2395479,train,QTKPJMXSICIVQQ-UHFFFAOYSA-N,23,2,0,0,2,2,False,False,False,True,,"12,22","12,22"
OCNT-2395480,train,BSZKLZWMMFZEPX-UHFFFAOYSA-N,24,2,0,0,0,0,False,False,False,True,,,
OCNT-2395481,train,ANKYSPAPZXZRKL-UHFFFAOYSA-N,20,2,0,0,0,0,False,False,False,True,,,
OCNT-2395482,train,SKVPEFVDACTIOY-UHFFFAOYSA-N,27,2,0,0,0,1,False,False,False,True,,,15
OCNT-2395483,train,FYXATUVRXCBDOZ-UHFFFAOYSA-N,21,2,0,0,1,1,False,False,False,True,,12,12
OCNT-2395484,train,BPCSOHCDBKSLSO-LBPRGKRZSA-N,25,6,0,0,4,4,False,False,False,True,,"7,9,11,24","7,9,11,24"
OCNT-2395485,train,PKNCAOVUKGGXJT-UHFFFAOYSA-N,25,1,0,0,0,1,False,False,False,True,,,6
OCNT-2395486,train,ANRHTVMIRJPCOS-HOCLYGCPSA-N,25,5,1,1,3,3,False,False,False,True,22,"12,19,22","12,19,22"
OCNT-2395487,train,UTGNHLMDABULJW-UHFFFAOYSA-N,23,2,0,0,1,1,False,False,False,True,,2,2
OCNT-2395488,train,LNYDBAPUCWZEDQ-UHFFFAOYSA-N,24,5,0,0,3,3,False,False,False,True,,"13,22,23","13,22,23"
OCNT-2395489,train,NMVHDBFXWRCWPL-UHFFFAOYSA-N,23,2,0,0,1,2,False,False,False,True,,6,"6,20"
OCNT-2395490,train,CRMFSWNFDRJFJV-UHFFFAOYSA-N,24,2,0,0,0,0,False,False,False,True,,,
OCNT-2395491,train,CMJHYIYEZVPEKX-UHFFFAOYSA-N,20,2,0,0,1,1,False,False,False,True,,19,19
OCNT-2395492,train,PQVBRMBLROECLW-UHFFFAOYSA-N,22,3,0,0,1,1,False,False,False,True,,18,18
OCNT-2395493,train,DDLPNKVNROYJQL-UHFFFAOYSA-N,21,3,0,0,2,2,False,False,False,True,,"3,20","3,20"
OCNT-2395494,train,YMJXJZOKKOMEOS-UHFFFAOYSA-N,28,1,0,0,0,0,False,False,False,True,,,
OCNT-2395495,train,LORROHMPLWAYJF-UHFFFAOYSA-N,23,2,0,0,1,2,False,False,False,True,,11,"11,14"
OCNT-2395496,train,PEZCWYOLOOOVQM-UHFFFAOYSA-N,28,2,0,0,0,0,False,False,False,True,,,
OCNT-2395497,train,HWCUEKLVUOSNQX-UHFFFAOYSA-N,24,4,1,1,1,1,False,False,False,True,6,6,6
OCNT-2395498,train,ZEFQTTZQITUPDD-UHFFFAOYSA-N,20,4,0,0,2,2,False,False,False,True,,"8,18","8,18"
OCNT-2395499,train,MNOQZPJJKNSAQL-UHFFFAOYSA-N,25,6,1,1,5,5,False,False,False,True,10,"3,8,10,15,17","3,8,10,15,17"
OCNT-2395500,train,AATKRDLDTAZTJL-UHFFFAOYSA-N,24,5,0,0,3,3,False,False,False,True,,"13,22,23","13,22,23"
OCNT-2395501,train,FQOWCVFDUZFHLA-UHFFFAOYSA-N,27,2,0,0,0,0,False,False,False,True,,,
OCNT-2395502,train,ZDFFDMZFFSSVFR-UHFFFAOYSA-N,24,6,0,0,2,2,False,False,False,True,,"5,22","5,22"
OCNT-2395503,train,FXQKJJSIQNYRBJ-UHFFFAOYSA-N,20,4,0,0,2,2,False,False,False,True,,"14,16","14,16"
OCNT-2395504,train,JDULGAIJOJJFGG-UHFFFAOYSA-N,20,3,0,0,1,1,False,False,False,True,,16,16
OCNT-2395505,train,DWLVFWAJLJNQFW-UHFFFAOYSA-N,27,3,0,0,0,0,False,False,False,True,,,
OCNT-2395506,train,AENNRDYULBOVRM-UHFFFAOYSA-N,19,2,0,0,0,0,False,False,False,True,,,
OCNT-2395507,train,JQIMSLHFGGIYBB-UHFFFAOYSA-N,23,2,0,0,2,2,False,False,False,True,,"10,21","10,21"
OCNT-2395508,train,KIJYYOINJCKHJF-JGKCFBKVSA-N,23,4,0,0,1,1,False,False,False,True,,21,21
OCNT-2395510,train,HODJUJRIJNKYPU-UHFFFAOYSA-N,24,2,0,0,1,1,False,False,False,True,,2,2
OCNT-2395511,train,UWJNFPGTVMJANB-UHFFFAOYSA-N,22,3,0,0,1,2,False,False,False,True,,20,"7,20"
OCNT-2395512,train,ZRRNUBZIEDZZSL-UHFFFAOYSA-N,22,3,0,0,1,1,False,False,False,True,,9,9
OCNT-2395513,train,YIEREMIFPPSLAV-UHFFFAOYSA-N,23,4,0,0,0,0,False,False,False,True,,,
OCNT-2395514,train,PARDZBRNWRKBKB-UHFFFAOYSA-N,23,4,1,1,3,4,False,False,False,True,10,"3,8,10","3,8,10,20"
OCNT-2395515,train,NQJQAEVWJGSOGU-UHFFFAOYSA-N,25,4,1,1,2,2,False,False,False,True,6,"2,6","2,6"
OCNT-2395516,train,VVDJWVOWFMXLDK-UHFFFAOYSA-N,23,6,0,0,4,4,False,False,False,True,,"6,11,13,15","6,11,13,15"
OCNT-2395517,train,SHWLLIJABCWDCS-UHFFFAOYSA-N,24,3,0,0,0,0,False,False,False,True,,,
OCNT-2395518,train,URXVOZINLDYRAI-UHFFFAOYSA-N,25,2,0,0,0,1,False,False,False,True,,,20
OCNT-2395519,train,XSENVZWZQDNJHN-UHFFFAOYSA-N,21,1,0,0,1,1,False,False,False,True,,5,5
OCNT-2395520,train,GODHPEISNMRQSM-UHFFFAOYSA-N,23,3,0,0,0,0,False,False,False,True,,,
OCNT-2395521,train,PJIHKGPZPNRFGQ-UHFFFAOYSA-N,24,2,0,0,1,2,False,False,False,True,,4,"4,19"
OCNT-2395522,train,OEXSFGZZKMXAJQ-UHFFFAOYSA-N,23,2,0,0,0,0,False,False,False,True,,,
OCNT-2395523,train,ZMBUKZLIAFVCFR-UHFFFAOYSA-N,25,1,0,0,0,1,False,False,False,True,,,16
OCNT-2395524,train,LVOWMZLLFMGBEG-UHFFFAOYSA-N,23,2,0,0,0,0,False,False,False,True,,,
OCNT-2395525,train,KTSRUCFVJJDULY-QGZVFWFLSA-N,22,2,1,1,1,1,False,False,False,True,15,15,15
OCNT-2395526,train,MDSCGAYNORUSAZ-UHFFFAOYSA-N,21,2,0,0,1,1,False,False,False,True,,19,19
OCNT-2395527,train,IXFFHUDQCVBCGR-UHFFFAOYSA-N,19,1,0,0,0,0,False,False,False,True,,,
OCNT-2395528,train,QWXPXVPCPNYPHO-UHFFFAOYSA-N,22,1,0,0,1,1,False,False,False,True,,5,5
OCNT-2395529,train,NRYADSRCTBFWRF-JBAPVGOWSA-N,23,3,0,0,1,2,False,False,False,True,,14,"14,18"
OCNT-2395530,train,KXEYOSCNJBANRN-NSHDSACASA-N,24,5,0,0,1,1,False,False,False,True,,23,23
OCNT-2395531,train,OHEMXIOBWNASLA-UHFFFAOYSA-N,22,3,0,0,1,1,False,False,False,True,,18,18
OCNT-2395532,train,KTQKEHUXYRBZQZ-UHFFFAOYSA-N,25,3,0,0,1,1,False,False,False,True,,20,20
OCNT-2395533,train,ZOLMJFXEDWNUJB-UHFFFAOYSA-N,24,2,0,0,0,0,False,False,False,True,,,
OCNT-2395534,train,QAUKGBKPRCSUTL-UHFFFAOYSA-N,25,4,0,0,3,3,False,False,False,True,,"6,19,22","6,19,22"
OCNT-2395535,train,PVXFLYSBHKVDQJ-UHFFFAOYSA-N,23,2,0,0,1,2,False,False,False,True,,22,"20,22"
OCNT-2395536,train,YDNXXLBAXFAQOE-UHFFFAOYSA-N,24,2,0,0,0,0,False,False,False,True,,,
OCNT-2395537,train,OWZIUSPJOOLACL-UHFFFAOYSA-N,27,4,0,0,1,1,False,False,False,True,,8,8
OCNT-2395538,train,QOQADRJQKILPJR-UHFFFAOYSA-N,23,2,0,0,0,1,False,False,False,True,,,14
OCNT-2395539,train,BPADRNNGDARJRJ-UHFFFAOYSA-N,27,3,0,0,2,2,False,False,False,True,,"14,15","14,15"
OCNT-2395540,train,NJZASXAFCYBIIS-UHFFFAOYSA-N,23,3,0,0,1,1,False,False,False,True,,2,2
OCNT-2395541,train,UKXDNQVGUXFCMX-UHFFFAOYSA-N,25,2,0,0,0,0,False,False,False,True,,,
OCNT-2395542,train,GAIWOBVHIKIOHU-UHFFFAOYSA-N,23,3,0,0,1,1,False,False,False,True,,9,9
OCNT-2395543,train,RUNGUEZWZTVFCU-UHFFFAOYSA-N,24,3,0,0,0,0,False,False,False,True,,,
OCNT-2395544,train,GQYUWLZNMAPXLB-UHFFFAOYSA-N,27,5,0,0,1,1,False,False,False,True,,17,17
OCNT-2395545,train,FYLPHAGAZIRQRL-UHFFFAOYSA-N,18,2,0,0,1,1,False,False,False,True,,16,16
OCNT-2395546,train,LHVZLEPXLOJWSU-UHFFFAOYSA-N,25,3,0,0,0,0,False,False,False,True,,,
OCNT-2395547,train,UMYPCTYAILAMDR-UHFFFAOYSA-N,23,4,0,0,1,1,False,False,False,True,,14,14
OCNT-2395548,train,WOULMLSTCVMSPN-UHFFFAOYSA-N,24,1,0,0,0,1,False,False,False,True,,,6
OCNT-2395549,train,BJEFVAXYWDFHHP-UHFFFAOYSA-N,24,7,0,0,4,4,False,False,False,True,,"2,18,20,23","2,18,20,23"
OCNT-2395550,train,FPVJEBYTZBVJCI-UHFFFAOYSA-N,24,1,0,0,0,0,False,False,False,True,,,
OCNT-2395551,train,LPPOWJNZVPEGCD-UHFFFAOYSA-N,22,1,0,0,0,1,False,False,False,True,,,2
OCNT-2395552,train,BWHLAXKIFCJLKR-UHFFFAOYSA-N,24,6,1,1,4,4,False,False,False,True,22,"10,11,12,22","10,11,12,22"
OCNT-2395553,train,RXZZTHJMVRIRJH-UHFFFAOYSA-N,23,3,0,0,1,1,False,False,False,True,,12,12
OCNT-2395554,train,BOOGCALVPLXCGS-UHFFFAOYSA-N,24,2,0,0,0,0,False,False,False,True,,,
OCNT-2395555,train,SXXPSQHXVBZGFB-UHFFFAOYSA-N,30,7,0,0,2,2,False,False,False,True,,"28,29","28,29"
OCNT-2395556,train,FKDGSNNIFHGRKN-UHFFFAOYSA-N,21,3,0,0,1,1,False,False,False,True,,19,19
OCNT-2395557,train,JFXRKJJBUPVDID-UHFFFAOYSA-N,22,3,0,0,1,1,False,False,False,True,,2,2
OCNT-2395558,train,UCKVXHVXXNFHID-UHFFFAOYSA-N,21,1,0,0,0,1,False,False,False,True,,,13
OCNT-2395559,train,MORWPVGUBKMGDD-UHFFFAOYSA-N,31,3,0,0,2,2,False,False,False,True,,"23,28","23,28"
OCNT-2395560,train,BVIBTKJBXINXTB-UHFFFAOYSA-N,19,1,0,0,0,1,False,False,False,True,,,13
OCNT-2395561,train,QOBNNYPGTLLCAD-UHFFFAOYSA-N,22,5,0,0,3,4,False,False,False,True,,"18,20,21","3,18,20,21"
OCNT-2395562,train,QHBUDYGEBAPFAA-UHFFFAOYSA-N,23,5,1,1,4,4,False,False,False,True,10,"3,8,10,15","3,8,10,15"
OCNT-2395563,train,JVNHATDFFGPPEH-UHFFFAOYSA-N,23,3,0,0,1,3,False,False,False,True,,13,"12,13,18"
OCNT-2395564,train,VVODWWXDCIEJAJ-NRFANRHFSA-N,27,4,1,1,2,2,False,False,False,True,5,"2,5","2,5"
OCNT-2395565,train,OLGGPIYETWVLSY-UHFFFAOYSA-N,23,1,0,0,1,1,False,False,False,True,,12,12
OCNT-2395566,train,YBCQCDKLRZBYPI-UHFFFAOYSA-N,23,4,1,1,3,4,False,False,False,True,10,"3,8,10","3,8,10,18"
OCNT-2395567,train,MHUOOTATOROKJY-UHFFFAOYSA-N,21,5,0,0,3,3,False,False,False,True,,"16,19,20","16,19,20"
OCNT-2395568,train,UINJNLMZILWCOM-UHFFFAOYSA-N,29,6,0,0,2,2,False,False,False,True,,"6,28","6,28"
OCNT-2395569,train,HEPXFCPIBMRRBZ-UHFFFAOYSA-N,22,2,0,0,0,0,False,False,False,True,,,
OCNT-2395570,train,JBNUTMLKBDTHQR-UHFFFAOYSA-N,23,6,0,0,3,3,False,False,False,True,,"15,16,17","15,16,17"
OCNT-2395571,train,WZBDBQVGUCRFNZ-UHFFFAOYSA-N,21,5,0,0,3,3,False,False,False,True,,"2,11,20","2,11,20"
OCNT-2395572,train,CFBXAUUMXSVUIF-UHFFFAOYSA-N,23,2,0,0,1,1,False,False,False,True,,6,6
OCNT-2395573,train,KQOBWZMZCYYAAY-UHFFFAOYSA-N,30,4,0,0,2,2,False,False,False,True,,"2,5","2,5"
OCNT-2395574,train,YGARPOQNDCWWPQ-SFHVURJKSA-N,23,2,1,1,1,1,False,False,False,True,6,6,6
OCNT-2395575,train,VBAWRDJFHYDMGH-UHFFFAOYSA-N,25,1,0,0,0,0,False,False,False,True,,,
OCNT-2395576,train,YXTNAXUFAGFNGO-UHFFFAOYSA-N,24,4,0,0,1,1,False,False,False,True,,5,5
OCNT-2395577,train,SDFQMEBBXPQHEL-UHFFFAOYSA-N,21,5,0,0,2,2,False,False,False,True,,"16,20","16,20"
OCNT-2395578,train,ASYSKXKSYXHSST-UHFFFAOYSA-N,21,2,0,0,0,0,False,False,False,True,,,
OCNT-2395579,train,KUEHVWZNBQXFKG-UHFFFAOYSA-N,29,3,0,0,0,0,False,False,False,True,,,
OCNT-2395580,train,JTHXTLLWOUXLBR-UHFFFAOYSA-N,26,5,1,1,2,2,False,False,False,True,1,"1,25","1,25"
OCNT-2395581,train,SLCOTPVWQGJWIY-UHFFFAOYSA-N,29,3,0,0,1,1,False,False,False,True,,11,11
OCNT-2395582,train,DTWGQURLWJYWCB-UHFFFAOYSA-N,26,3,0,0,1,1,False,False,False,True,,13,13
OCNT-2395583,train,KRSSFSQYSIKVQE-UHFFFAOYSA-N,24,6,0,0,4,4,False,False,False,True,,"13,14,22,23","13,14,22,23"
OCNT-2395584,train,HIRWKCSPRPLOEE-UHFFFAOYSA-N,22,3,0,0,0,1,False,False,False,True,,,12
OCNT-2395585,train,RIGDPSQIGGHOAJ-UHFFFAOYSA-N,21,3,0,0,1,1,False,False,False,True,,2,2
OCNT-2395586,train,PKEJGXMLQSFXIF-UHFFFAOYSA-N,25,3,0,0,1,2,False,False,False,True,,14,"1,14"
OCNT-2395587,train,ZGPIRWZXAQMHTR-QGZVFWFLSA-N,24,5,1,1,3,3,False,False,False,True,8,"3,4,8","3,4,8"
OCNT-2395588,train,COBJIQXSNFUCNG-UHFFFAOYSA-N,27,7,1,1,4,4,False,False,False,True,21,"10,11,12,21","10,11,12,21"
OCNT-2395589,train,LTSNYNNZVGUBAC-UHFFFAOYSA-N,22,6,1,1,5,5,False,False,False,True,8,"2,8,12,17,21","2,8,12,17,21"
OCNT-2395590,train,XDOGHRXULONTCX-UHFFFAOYSA-N,21,2,0,0,0,0,False,False,False,True,,,
OCNT-2395591,train,OFVYGPTZXPGSJK-UHFFFAOYSA-N,27,5,0,0,2,2,False,False,False,True,,"6,26","6,26"
OCNT-2395592,train,VHRRHVUNMHCJBW-UHFFFAOYSA-N,23,2,0,0,0,0,False,False,False,True,,,
OCNT-2395593,train,MBFYOEVIVMKESO-UHFFFAOYSA-N,24,4,0,0,1,1,False,False,False,True,,2,2
OCNT-2395594,train,OVAGPSZPAVXQQC-UHFFFAOYSA-N,23,1,0,0,0,0,False,False,False,True,,,
OCNT-2395595,train,GCAMXDNHOWPDQQ-UHFFFAOYSA-N,25,3,0,0,0,0,False,False,False,True,,,
OCNT-2395596,train,LVAIYFMLCDCGBX-UHFFFAOYSA-N,25,4,0,0,2,2,False,False,False,True,,"13,16","13,16"
OCNT-2395597,train,WBTVQSWVXWEBLO-UHFFFAOYSA-N,21,3,0,0,1,1,False,False,False,True,,9,9
OCNT-2395598,train,QXRGFDPWLBFMTO-UHFFFAOYSA-N,21,1,0,0,0,0,False,False,False,True,,,
OCNT-2395599,train,GAJPAQZXVDIPFZ-UHFFFAOYSA-N,23,4,0,0,3,4,False,False,False,True,,"2,14,22","2,5,14,22"
OCNT-2395600,train,XHFGLYKXHHCIRB-UHFFFAOYSA-N,19,1,0,0,0,1,False,False,False,True,,,14
OCNT-2395601,train,KPMIUAWNKQVILX-UHFFFAOYSA-N,22,2,0,0,1,1,False,False,False,True,,10,10
OCNT-2395602,train,INPVMHGBOBZEPM-UHFFFAOYSA-N,22,1,0,0,0,0,False,False,False,True,,,
OCNT-2395603,train,SZQLDCNOSRKNKT-UHFFFAOYSA-N,23,4,0,0,3,4,False,False,False,True,,"2,14,22","2,5,14,22"
OCNT-2395604,train,QXNNIJXFDISYFL-UHFFFAOYSA-N,18,4,0,0,3,5,False,False,False,True,,"2,9,17","2,5,8,9,17"
OCNT-2395605,train,DSXQSGUWZUCAGL-UHFFFAOYSA-N,26,2,0,0,0,0,False,False,False,True,,,
OCNT-2395606,train,OYBCLJJKAIHXRC-UHFFFAOYSA-N,23,1,0,0,0,0,False,False,False,True,,,
OCNT-2395607,train,RFCVVICONKLKDS-UHFFFAOYSA-N,28,2,0,0,0,1,False,False,False,True,,,6
OCNT-2395608,train,WBPMSBCKSBUUHQ-UHFFFAOYSA-N,30,4,1,1,1,1,False,False,False,True,19,19,19
OCNT-2395609,train,RDBPABDQGOSKOW-UHFFFAOYSA-N,24,7,0,0,5,5,False,False,False,True,,"4,8,12,14,16","4,8,12,14,16"
OCNT-2395610,train,PNSZESMBEQEHIA-UHFFFAOYSA-N,24,3,0,0,0,0,False,False,False,True,,,
OCNT-2395611,train,ZQLCOZWULRSUGR-UHFFFAOYSA-N,27,2,0,0,0,0,False,False,False,True,,,
OCNT-2395612,train,LPDVNLVHTKBAPW-UHFFFAOYSA-N,20,1,0,0,0,0,False,False,False,True,,,
OCNT-2395613,train,QBJNBFCCRIXTHF-UHFFFAOYSA-N,25,3,0,0,0,0,False,False,False,True,,,
OCNT-2395614,train,UBJPKQKUQGHQAR-UHFFFAOYSA-N,20,4,0,0,2,2,False,False,False,True,,"3,19","3,19"
OCNT-2395615,train,OWDQVZHOEPSCRJ-UHFFFAOYSA-N,28,3,0,0,1,1,False,False,False,True,,16,16
OCNT-2395616,train,KPQNCOJHCNBSCU-UHFFFAOYSA-N,26,5,0,0,3,4,False,False,False,True,,"2,17,25","2,5,17,25"
OCNT-2395617,train,ZFLNQKJXJYGVKM-UHFFFAOYSA-N,26,3,0,0,1,1,False,False,False,True,,23,23
OCNT-2395618,train,VFZPQDCRSHJVJN-UHFFFAOYSA-N,23,4,0,0,3,3,False,False,False,True,,"6,14,15","6,14,15"
OCNT-2395619,train,KIHJXTBUJABJMF-UHFFFAOYSA-N,26,2,0,0,1,1,False,False,False,True,,6,6
OCNT-2395620,train,RMTBYRORQHCODR-UHFFFAOYSA-N,25,1,0,0,0,1,False,False,False,True,,,17
OCNT-2395621,train,RQUJRQRACFINJM-UHFFFAOYSA-N,24,4,0,0,2,3,False,False,False,True,,"15,22","3,15,22"
OCNT-2395622,train,WQGHBTCSLVOUKD-UHFFFAOYSA-N,20,1,0,0,0,0,False,False,False,True,,,
OCNT-2395623,train,MTYQXMCXAMUYNH-UHFFFAOYSA-N,21,2,0,0,0,0,False,False,False,True,,,
OCNT-2395624,train,OIKMQQJMUBHTCG-UHFFFAOYSA-N,20,5,0,0,2,2,False,False,False,True,,"14,18","14,18"
OCNT-2395625,train,GMJJDFXZFUOKTF-UHFFFAOYSA-N,21,3,0,0,2,2,False,False,False,True,,"3,20","3,20"
OCNT-2395626,train,FJEVQIGXOVBKCK-UHFFFAOYSA-N,27,3,0,0,1,1,False,False,False,True,,22,22
OCNT-2395627,train,NJTUJJIKAYUDGD-UHFFFAOYSA-N,25,2,0,0,0,0,False,False,False,True,,,
OCNT-2395628,train,MGJABRQUUPPNCJ-UHFFFAOYSA-N,20,4,2,2,4,4,False,False,False,True,"4,7","4,7,11,16","4,7,11,16"
OCNT-2395629,train,WZLKXPBGVRPIJJ-UHFFFAOYSA-N,28,5,0,0,2,2,False,False,False,True,,"5,27","5,27"
OCNT-2395630,train,GMPRGCWMJRGDGJ-IBGZPJMESA-N,26,4,1,1,2,2,False,False,False,True,15,"15,25","15,25"
OCNT-2395631,train,YDVFKKIYGVLNGT-UHFFFAOYSA-N,22,2,0,0,0,0,False,False,False,True,,,
OCNT-2395632,train,FBTMRCDSAVMBSY-UHFFFAOYSA-N,21,4,2,2,4,4,False,False,False,True,"5,8","5,8,12,17","5,8,12,17"
OCNT-2395633,train,BMMVJXJFLUGSEX-UHFFFAOYSA-N,26,4,0,0,1,1,False,False,False,True,,25,25
OCNT-2395634,train,SJDBXHGBFBTMPJ-UHFFFAOYSA-N,20,2,0,0,0,0,False,False,False,True,,,
OCNT-2395635,train,VAWUHRUTHFYQRC-UHFFFAOYSA-N,22,2,0,0,0,0,False,False,False,True,,,
OCNT-2395636,train,FGCFGDJTBPYORT-UHFFFAOYSA-N,25,3,0,0,1,2,False,False,False,True,,9,"9,17"
OCNT-2395637,train,OWLLCDCGNQSWBI-UHFFFAOYSA-N,23,3,0,0,2,2,False,False,False,True,,"16,18","16,18"
OCNT-2395638,train,DOHJYNWDMIJJRO-UHFFFAOYSA-N,26,2,0,0,0,1,False,False,False,True,,,21
OCNT-2395639,train,GTGHMFZNRBBBFC-UHFFFAOYSA-N,23,3,0,0,1,2,False,False,False,True,,18,"16,18"
OCNT-2395640,train,ZBNKSKRIHHGFDR-UHFFFAOYSA-N,22,5,0,0,2,2,False,False,False,True,,"15,20","15,20"
OCNT-2395641,train,UDCKCJBOMZTNLE-UHFFFAOYSA-N,24,3,0,0,1,1,False,False,False,True,,2,2
OCNT-2395642,train,MMXVLSGEADNUOM-UHFFFAOYSA-N,23,4,0,0,0,0,False,False,False,True,,,
OCNT-2395643,train,VIWKQQCJCNAQJS-UHFFFAOYSA-N,23,3,0,0,1,1,False,False,False,True,,11,11
OCNT-2395644,train,FNIGLKBHRGLAIU-UHFFFAOYSA-N,24,1,0,0,0,1,False,False,False,True,,,6
OCNT-2395645,train,YSUDFDDJOBYGGO-UHFFFAOYSA-N,19,1,0,0,0,1,False,False,False,True,,,14
OCNT-2395646,train,QRJMLJSYWLHTTQ-UHFFFAOYSA-N,22,2,0,0,0,1,False,False,False,True,,,17
OCNT-2395647,train,LIWVRHHQTXPNEF-UHFFFAOYSA-N,23,2,1,1,1,2,False,False,False,True,5,5,"3,5"
OCNT-2395648,train,IJEYSVPOSBTGJK-UHFFFAOYSA-N,29,5,0,0,1,1,False,False,False,True,,16,16
OCNT-2395649,train,QWFFUICWNHFVHO-UHFFFAOYSA-N,27,3,0,0,0,0,False,False,False,True,,,
OCNT-2395650,train,BNKCFMJRVCVWHY-UHFFFAOYSA-N,26,4,0,0,1,1,False,False,False,True,,16,16
OCNT-2395651,train,FFEDIEBSLQQKEK-UHFFFAOYSA-N,22,1,0,0,0,1,False,False,False,True,,,16
OCNT-2395652,train,ZHIAIEHGKQCKIB-UHFFFAOYSA-N,29,5,0,0,1,1,False,False,False,True,,17,17
OCNT-2395653,train,JDZPZNCTSDINLK-UHFFFAOYSA-N,26,5,0,0,2,2,False,False,False,True,,"4,11","4,11"
OCNT-2395654,train,OGNYYNRLKUNZKM-UHFFFAOYSA-N,29,3,0,0,1,1,False,False,False,True,,21,21
OCNT-2395655,train,WXVTZDYNLZPTQT-UHFFFAOYSA-N,19,2,0,0,1,1,False,False,False,True,,18,18
OCNT-2395656,train,UFGCKAHFKZEZKP-UHFFFAOYSA-N,23,4,0,0,1,1,False,False,False,True,,21,21
OCNT-2395657,train,POCLNLWTOQIVLU-UHFFFAOYSA-N,23,3,0,0,0,0,False,False,False,True,,,
OCNT-2395658,train,CLDQXDRBKSWPDM-UHFFFAOYSA-N,19,3,0,0,1,1,False,False,False,True,,15,15
OCNT-2395659,train,UZHURQDNHUMLEL-UHFFFAOYSA-N,26,6,0,0,3,3,False,False,False,True,,"14,16,18","14,16,18"
OCNT-2395660,train,JKPGSMSHKWZNAG-UHFFFAOYSA-N,24,2,0,0,1,1,False,False,False,True,,6,6
OCNT-2395661,train,SKFXJQFWJSKOKL-UHFFFAOYSA-N,24,3,1,1,1,1,False,False,False,True,8,8,8
OCNT-2395662,train,IRKYFFBPASUKKZ-UHFFFAOYSA-N,24,3,0,0,1,2,False,False,False,True,,14,"6,14"
OCNT-2395663,train,AZHXIZBFCJDPTB-UHFFFAOYSA-N,24,2,0,0,0,0,False,False,False,True,,,
OCNT-2395664,train,UVOMGXSVGIIVLK-UHFFFAOYSA-N,27,2,0,0,1,1,False,False,False,True,,20,20
OCNT-2395665,train,HSWJCCBDYYODGY-UHFFFAOYSA-N,29,3,0,0,2,2,False,False,False,True,,"2,5","2,5"
OCNT-2395666,train,OPZVYCKRPQUWGZ-UHFFFAOYSA-N,24,4,0,0,1,1,False,False,False,True,,2,2
OCNT-2395667,train,XMCDHOWLCPYRIE-UHFFFAOYSA-N,25,2,0,0,0,0,False,False,False,True,,,
OCNT-2395668,train,XZLVZTVUBFBHAB-UHFFFAOYSA-N,23,6,0,0,5,6,False,False,False,True,,"2,9,17,20,22","2,7,9,17,20,22"
OCNT-2395669,train,FBNSCPOUYQTZQL-UHFFFAOYSA-N,27,5,0,0,3,4,False,False,False,True,,"2,18,26","2,5,18,26"
OCNT-2395670,train,ANKJZMOSISEFKF-UHFFFAOYSA-N,25,5,0,0,3,3,False,False,False,True,,"17,18,19","17,18,19"
OCNT-2395671,train,FWDPBSHOGVZHJC-UHFFFAOYSA-N,25,2,0,0,0,1,False,False,False,True,,,10
OCNT-2395672,train,QOWDANZXWYEGPT-UHFFFAOYSA-N,26,2,0,0,0,0,False,False,False,True,,,
OCNT-2395673,train,BUUYZXXQVCAQCR-UHFFFAOYSA-N,27,2,0,0,0,0,False,False,False,True,,,
OCNT-2395674,train,SFXWSPJNMWPVAR-UHFFFAOYSA-N,32,6,0,0,1,1,False,False,False,True,,16,16
OCNT-2395675,train,RUTPHZIFPKYSDE-UHFFFAOYSA-N,26,2,0,0,0,0,False,False,False,True,,,
OCNT-2395676,train,TZNJQBVUNQARRZ-UHFFFAOYSA-N,22,4,0,0,2,2,False,False,False,True,,"5,6","5,6"
OCNT-2395677,train,GFEUBPZWGFGNQZ-UHFFFAOYSA-N,23,2,0,0,1,2,False,False,False,True,,21,"3,21"
OCNT-2395678,train,LUMZXSYMMBSXFL-UHFFFAOYSA-N,23,6,0,0,3,3,False,False,False,True,,"15,16,17","15,16,17"
OCNT-2395679,train,RNTZGPVNVXBBDD-UHFFFAOYSA-N,27,4,0,0,0,0,False,False,False,True,,,
OCNT-2395680,train,SVHXLBHHDFWNFL-UHFFFAOYSA-N,21,3,0,0,2,2,False,False,False,True,,"5,12","5,12"
OCNT-2395681,train,ZHAARJLDFPNKLT-UHFFFAOYSA-N,19,3,0,0,1,1,False,False,False,True,,18,18
OCNT-2395682,train,YSXFALBFZPSVAY-UHFFFAOYSA-N,24,5,0,0,2,2,False,False,False,True,,"5,22","5,22"
OCNT-2395683,train,FBNCMWHMXUYLJC-UHFFFAOYSA-N,28,5,1,1,2,2,False,False,False,True,6,"6,17","6,17"
OCNT-2395684,train,IJNIUNYHEGJPNQ-UHFFFAOYSA-N,31,3,0,0,2,3,False,False,False,True,,"23,28","1,23,28"
OCNT-2395685,train,DAQPBQMVTKEWBC-UHFFFAOYSA-N,24,4,0,0,1,1,False,False,False,True,,22,22
OCNT-2395686,train,CSAVRAYPCFIKJD-UHFFFAOYSA-N,19,1,0,0,0,0,False,False,False,True,,,
OCNT-2395687,train,OLRZPWDVYYEKGN-UHFFFAOYSA-N,24,5,0,0,3,3,False,False,False,True,,"6,18,19","6,18,19"
OCNT-2395688,train,GFCMHQPOHPKLLP-UHFFFAOYSA-N,25,3,0,0,1,1,False,False,False,True,,20,20
OCNT-2395689,train,HLGONRSHXFEINO-UHFFFAOYSA-N,24,4,0,0,1,1,False,False,False,True,,15,15
OCNT-2395690,train,JLOUEWPKMPUJBL-UHFFFAOYSA-N,27,2,0,0,0,0,False,False,False,True,,,
OCNT-2395691,train,KNRNLLFRPUTOJS-UHFFFAOYSA-N,21,5,0,0,3,3,False,False,False,True,,"3,17,20","3,17,20"
OCNT-2395692,train,IOWRIDUXZXMMQU-UHFFFAOYSA-N,23,3,0,0,0,0,False,False,False,True,,,
OCNT-2395693,train,KABBEWDXVKIGSN-UHFFFAOYSA-N,23,4,0,0,1,1,False,False,False,True,,14,14
OCNT-2395694,train,ZVLNTDQWUXCSMT-UHFFFAOYSA-N,23,3,0,0,0,1,False,False,False,True,,,2
OCNT-2395695,train,KJOQKNQCWTVGHB-UHFFFAOYSA-N,24,5,0,0,2,2,False,False,False,True,,"5,22","5,22"
OCNT-2395696,train,ZWQZJLBSHIQICX-UHFFFAOYSA-N,24,4,0,0,2,3,False,False,False,True,,"10,13","9,10,13"
OCNT-2395697,train,AVVYSOUEAQUFBT-UHFFFAOYSA-N,22,3,0,0,1,2,False,False,False,True,,20,"17,20"
OCNT-2395698,train,AXRJDRPMXHOCCH-UHFFFAOYSA-N,29,3,0,0,0,0,False,False,False,True,,,
OCNT-2395699,train,WILYLUAZWYVZGW-LBPRGKRZSA-N,24,3,0,0,0,0,False,False,False,True,,,
OCNT-2395700,train,YUELOPLGXPZEIB-UHFFFAOYSA-N,27,3,0,0,2,2,False,False,False,True,,"5,12","5,12"
OCNT-2395701,train,MGTAKCACXPHWCG-UHFFFAOYSA-N,21,3,0,0,1,1,False,False,False,True,,19,19
OCNT-2395702,train,LPTBJGZGXGFOPA-UHFFFAOYSA-N,20,3,0,0,1,1,False,False,False,True,,10,10
OCNT-2395703,train,GEHSFQFYOCUIAM-UHFFFAOYSA-N,21,2,0,0,1,2,False,False,False,True,,20,"2,20"
OCNT-2395704,train,CGPCPBSMPYTZMC-UHFFFAOYSA-N,25,2,0,0,0,0,False,False,False,True,,,
OCNT-2395705,train,XQZLQFCGPSJOGX-UHFFFAOYSA-N,23,3,0,0,1,1,False,False,False,True,,7,7
OCNT-2395706,train,SXDMWIXDSQCASC-UHFFFAOYSA-N,25,5,0,0,2,2,False,False,False,True,,"6,24","6,24"
OCNT-2395707,train,XERTZFVAIHWZLQ-UHFFFAOYSA-N,21,5,0,0,4,4,False,False,False,True,,"3,17,18,19","3,17,18,19"
OCNT-2395708,train,PANVKWSDVZXEHC-CYBMUJFWSA-N,23,2,0,0,1,2,False,False,False,True,,22,"19,22"
OCNT-2395709,train,SBJBBDFONZVRSS-UHFFFAOYSA-N,27,3,0,0,1,2,False,False,False,True,,9,"9,19"
OCNT-2395710,train,AZXFYHPPEUAOQX-UHFFFAOYSA-N,24,3,0,0,0,0,False,False,False,True,,,
OCNT-2395711,train,WJDRVAVVTCEAPY-UHFFFAOYSA-N,23,3,0,0,1,2,False,False,False,True,,13,"13,18"
OCNT-2395712,train,SPZQDXGBZLHTIG-UHFFFAOYSA-N,24,5,0,0,2,2,False,False,False,True,,"22,23","22,23"
OCNT-2395713,train,UMVWNNSJHBRWIX-UHFFFAOYSA-N,29,6,0,0,3,3,False,False,False,True,,"6,18,28","6,18,28"
OCNT-2395714,train,DUKICPCHQPYURE-UHFFFAOYSA-N,20,3,0,0,1,1,False,False,False,True,,2,2
OCNT-2395715,train,WSTCJDVCOWUQJM-UHFFFAOYSA-N,18,3,0,0,1,1,False,False,False,True,,7,7
OCNT-2395716,train,PLDOVZRBVXPFPE-UHFFFAOYSA-N,21,3,0,0,1,1,False,False,False,True,,20,20
OCNT-2395717,train,AVFZTFSYIQABNW-UHFFFAOYSA-N,27,5,0,0,3,3,False,False,False,True,,"19,20,21","19,20,21"
OCNT-2395718,train,ASTDCICFPQKUIL-UHFFFAOYSA-N,24,2,0,0,0,0,False,False,False,True,,,
OCNT-2395719,train,ARMHNKPKRVBKDE-UHFFFAOYSA-N,19,5,0,0,3,3,False,False,False,True,,"11,12,13","11,12,13"
OCNT-2395720,train,BEPNKMHMXYDMND-UHFFFAOYSA-N,24,2,1,1,1,1,False,False,False,True,2,2,2
OCNT-2395721,train,BAMCAUBMJPYDDW-UHFFFAOYSA-N,27,3,0,0,1,1,False,False,False,True,,15,15
OCNT-2395722,train,MYNFOXRYOYFFSJ-UHFFFAOYSA-N,24,1,0,0,0,1,False,False,False,True,,,6
OCNT-2395723,train,JQVSAVSOQRGLPR-UHFFFAOYSA-N,19,3,1,1,1,1,False,False,False,True,12,12,12
OCNT-2395724,train,CGZZWDBHJRTXFY-UHFFFAOYSA-N,24,1,0,0,0,1,False,False,False,True,,,6
OCNT-2395725,train,QTFAXBVQCAYEKF-UHFFFAOYSA-N,24,3,0,0,1,1,False,False,False,True,,2,2
OCNT-2395726,train,JHKSVXWGJPSVPH-UHFFFAOYSA-N,22,2,0,0,0,0,False,False,False,True,,,
OCNT-2395727,train,QEGGWMNIQSHUTK-UHFFFAOYSA-N,21,2,0,0,1,1,False,False,False,True,,16,16
OCNT-2395728,train,QNWUVTGQJNNIGN-UHFFFAOYSA-N,25,1,0,0,0,1,False,False,False,True,,,6
OCNT-2395729,train,ABBNLJTZTQVBCG-UHFFFAOYSA-N,22,5,0,0,3,3,False,False,False,True,,"13,20,21","13,20,21"
OCNT-2395730,train,JHOHCIQEHBJHIY-UHFFFAOYSA-N,20,1,0,0,0,0,False,False,False,True,,,
OCNT-2395731,train,ZMVBMBMWJOKHRU-UHFFFAOYSA-N,28,5,0,0,3,4,False,False,False,True,,"14,22,25","12,14,22,25"
OCNT-2395732,train,UQRAPFAOZXRVPN-UHFFFAOYSA-N,26,2,0,0,0,1,False,False,False,True,,,22
OCNT-2395733,train,JQKYWTZUSIUQSS-UHFFFAOYSA-N,25,3,0,0,0,0,False,False,False,True,,,
OCNT-2395734,train,LMFNMUSDIICHJT-UHFFFAOYSA-N,22,2,0,0,0,1,False,False,False,True,,,1
OCNT-2395735,train,ORGGPYVADXNQRI-UHFFFAOYSA-N,26,3,0,0,0,0,False,False,False,True,,,
OCNT-2395736,train,JDWLRROGHCDSOZ-UHFFFAOYSA-N,23,2,0,0,0,0,False,False,False,True,,,
OCNT-2395737,train,YCALEJXKPODUPX-UHFFFAOYSA-N,19,1,0,0,0,0,False,False,False,True,,,
OCNT-2395738,train,ICMNNHCJCVVWEO-UHFFFAOYSA-N,23,4,0,0,2,2,False,False,False,True,,"3,16","3,16"
OCNT-2395739,train,MNLLGQAENHHBIN-UHFFFAOYSA-N,30,3,0,0,0,0,False,False,False,True,,,
OCNT-2395740,train,FOIRYFMSWXZVCR-UHFFFAOYSA-N,22,3,0,0,1,1,False,False,False,True,,18,18
OCNT-2395741,train,QOGJQGMDFNGKRO-UHFFFAOYSA-N,20,3,0,0,2,2,False,False,False,True,,"4,18","4,18"
OCNT-2395742,train,KIFQBAROWBDCDH-UHFFFAOYSA-N,22,5,0,0,3,3,False,False,False,True,,"4,18,21","4,18,21"
OCNT-2395743,train,VTTWZHQHBBSLPE-UHFFFAOYSA-N,27,2,0,0,0,0,False,False,False,True,,,
OCNT-2395744,train,HYYPZIJYXJOXQU-UHFFFAOYSA-N,21,3,0,0,1,1,False,False,False,True,,20,20
OCNT-2395745,train,SHNSGVRHUGHAEL-UHFFFAOYSA-N,23,4,0,0,1,1,False,False,False,True,,18,18
OCNT-2395746,train,UTRUSDZGXYTFKF-UHFFFAOYSA-N,22,3,0,0,1,1,False,False,False,True,,12,12
OCNT-2395747,train,NRZJPDRMSXJXPN-UHFFFAOYSA-N,23,3,0,0,1,1,False,False,False,True,,21,21
OCNT-2395748,train,ZMWVZMVZBKEKPU-UHFFFAOYSA-N,21,4,0,0,2,3,False,False,False,True,,"13,20","2,13,20"
OCNT-2395749,train,WQIQLBAMTRKXTD-UHFFFAOYSA-N,24,2,0,0,0,0,False,False,False,True,,,
OCNT-2395750,train,UMEQLVRXXFSNPX-UHFFFAOYSA-N,25,4,0,0,1,1,False,False,False,True,,15,15
OCNT-2395751,train,OYQSMGXBGLRMIQ-UHFFFAOYSA-N,24,6,0,0,5,6,False,False,False,True,,"13,17,18,19,20","13,17,18,19,20,23"
OCNT-2395752,train,OYPCDIDJBDWGBV-UHFFFAOYSA-N,24,2,0,0,0,0,False,False,False,True,,,
OCNT-2395753,train,XMWBRLZHMKXMQC-UHFFFAOYSA-N,24,2,0,0,1,2,False,False,False,True,,22,"6,22"
OCNT-2395754,train,RDLVSGOVJOSIHV-UHFFFAOYSA-N,25,1,0,0,0,2,False,False,False,True,,,"15,20"
OCNT-2395755,train,UGDSAPKLACMMRA-UHFFFAOYSA-N,24,3,0,0,2,2,False,False,False,True,,"7,10","7,10"
OCNT-2395756,train,LCUBNOXBRVRFKV-UHFFFAOYSA-N,27,1,0,0,0,0,False,False,False,True,,,
OCNT-2395757,train,FLPFGAVRHGFMLG-UHFFFAOYSA-N,30,2,0,0,0,0,False,False,False,True,,,
OCNT-2395758,train,VGKTZOSSNOYRLG-UHFFFAOYSA-N,24,2,0,0,0,0,False,False,False,True,,,
OCNT-2395759,train,FSJCZEKPLMBFAM-UHFFFAOYSA-N,24,1,0,0,0,0,False,False,False,True,,,
OCNT-2395760,train,QEPYPTWVHZEDEC-UHFFFAOYSA-N,19,1,0,0,0,0,False,False,False,True,,,
OCNT-2395761,train,BYKZUEOSWYGKMJ-UHFFFAOYSA-N,24,2,0,0,1,2,False,False,False,True,,11,"11,14"
OCNT-2395762,train,SGCOMSXBUQWSBL-UHFFFAOYSA-N,21,2,1,1,1,1,False,False,False,True,17,17,17
OCNT-2395763,train,XRPWPGQIRUZTNN-UHFFFAOYSA-N,28,5,0,0,2,2,False,False,False,True,,"6,27","6,27"
OCNT-2395764,train,MIHQOVWURRKPCA-UHFFFAOYSA-N,23,2,0,0,0,0,False,False,False,True,,,
OCNT-2395765,train,PLIFRKKNLIVGSF-UHFFFAOYSA-N,27,4,0,0,1,1,False,False,False,True,,3,3
OCNT-2395766,train,POPXRXRSPIHYIZ-UHFFFAOYSA-N,25,3,0,0,1,1,False,False,False,True,,9,9
OCNT-2395767,train,YBBZRYZPMFGACI-UHFFFAOYSA-N,26,3,0,0,1,2,False,False,False,True,,12,"2,12"
OCNT-2395768,train,WETPMOBOGQDFOY-UHFFFAOYSA-N,25,3,0,0,1,2,False,False,False,True,,9,"9,19"
OCNT-2395769,train,FNCBHXBFQJNUKT-UHFFFAOYSA-N,20,1,0,0,0,0,False,False,False,True,,,
OCNT-2395770,train,GPIVGVLJKQYJPJ-UHFFFAOYSA-N,28,3,0,0,1,2,False,False,False,True,,9,"9,18"
OCNT-2395771,train,ABSKUSPPWSRJDC-UHFFFAOYSA-N,19,6,0,0,4,4,False,False,False,True,,"5,13,14,18","5,13,14,18"
OCNT-2395772,train,NSKDYCIRIAJLLX-UHFFFAOYSA-N,24,3,0,0,1,1,False,False,False,True,,20,20
OCNT-2395773,train,GAJKRXTTWPIVGD-UHFFFAOYSA-N,27,3,0,0,2,2,False,False,False,True,,"18,25","18,25"
OCNT-2395774,train,FHYNURLETVEOII-UHFFFAOYSA-N,23,5,0,0,3,4,False,False,False,True,,"2,14,22","2,5,14,22"
OCNT-2395775,train,ZTFVHUMBZXGEFS-UHFFFAOYSA-N,23,4,0,0,2,2,False,False,False,True,,"18,19","18,19"
OCNT-2395776,train,MXUJLCXEOWHBQS-UHFFFAOYSA-N,24,3,0,0,1,1,False,False,False,True,,2,2
OCNT-2395777,train,XHMRHVMVFSPYOG-UHFFFAOYSA-N,26,4,0,0,1,1,False,False,False,True,,13,13
OCNT-2395778,train,ANBSJISXBRSMBJ-UHFFFAOYSA-N,22,2,1,1,1,2,False,False,False,True,13,13,"13,17"
OCNT-2395779,train,QTPUYZHOAQIFOH-UHFFFAOYSA-N,26,4,0,0,1,1,False,False,False,True,,24,24
OCNT-2395780,train,CDLAWHKYLDYWRA-UHFFFAOYSA-N,29,3,0,0,2,3,False,False,False,True,,"2,5","2,5,26"
OCNT-2395781,train,JNMBUNCAVAQQQX-UHFFFAOYSA-N,18,3,0,0,2,2,False,False,False,True,,"7,16","7,16"
OCNT-2395782,train,NXOOQLSEMPVQBV-UHFFFAOYSA-N,19,5,0,0,2,2,False,False,False,True,,"2,17","2,17"
OCNT-2395783,train,HZYLYVJGIBASSW-UHFFFAOYSA-N,21,3,0,0,1,1,False,False,False,True,,20,20
OCNT-2395784,train,CXGASDCRJCPHNM-UHFFFAOYSA-N,23,3,0,0,0,0,False,False,False,True,,,
OCNT-2395785,train,WQXJMCFTTNHOKM-UHFFFAOYSA-N,27,3,0,0,1,2,False,False,False,True,,3,"3,20"
OCNT-2395786,train,YGOZMPQSOVOEFW-UHFFFAOYSA-N,26,1,0,0,0,1,False,False,False,True,,,2
OCNT-2395787,train,VYJHYXGSFJUKHH-UHFFFAOYSA-N,23,2,0,0,2,2,False,False,False,True,,"18,19","18,19"
OCNT-2395788,train,MOJVVQSWSMKIAN-UHFFFAOYSA-N,23,1,0,0,0,1,False,False,False,True,,,11
OCNT-2395789,train,KSZUHJDXFNOZAX-UHFFFAOYSA-N,22,4,0,0,1,1,False,False,False,True,,14,14
OCNT-2395790,train,TYXAWTYGUIZJQA-UHFFFAOYSA-N,24,5,0,0,2,2,False,False,False,True,,"21,23","21,23"
OCNT-2395791,train,JBAZLIIRSZFELZ-UHFFFAOYSA-N,25,3,0,0,1,1,False,False,False,True,,6,6
OCNT-2395792,train,RJWCNWNNABAKHU-UHFFFAOYSA-N,19,1,0,0,0,0,False,False,False,True,,,
OCNT-2395793,train,YKNHSIPXASVCCU-KSMLVUNXSA-N,26,3,0,0,1,2,False,False,False,True,,9,"9,22"
OCNT-2395794,train,GRRXOIMZKROUJB-UHFFFAOYSA-N,21,3,0,0,1,1,False,False,False,True,,3,3
OCNT-2395795,train,SCPRVCRZHVPKLD-UHFFFAOYSA-N,23,5,0,0,2,2,False,False,False,True,,"5,20","5,20"
OCNT-2395796,train,FUKVXEGKZLQFNL-UHFFFAOYSA-N,25,2,0,0,0,1,False,False,False,True,,,5
OCNT-2395797,train,KPQLYHAILKEOPQ-UHFFFAOYSA-N,26,3,0,0,1,2,False,False,False,True,,24,"20,24"
OCNT-2395798,train,WKSXSTRTSACGEN-UHFFFAOYSA-N,19,4,0,0,2,2,False,False,False,True,,"10,11","10,11"
OCNT-2395799,train,MXVNZLMSWKIWPW-UHFFFAOYSA-N,23,1,0,0,0,1,False,False,False,True,,,2
OCNT-0010024,blind,IGQPNWMJMSQCKW-UHFFFAOYSA-N,15,2,0,0,1,2,False,False,False,False,,10,"2,10"
OCNT-0491471,blind,BVDAFZWKMQCHRT-GASCZTMLSA-N,23,3,0,0,1,1,False,False,False,False,,8,8
OCNT-0493952,blind,ZCTSQCRTBXPIIU-UHFFFAOYSA-N,22,2,0,0,1,1,False,False,False,False,,15,15
OCNT-0495173,blind,VSDUZFOSJDMAFZ-UHFFFAOYSA-N,13,1,1,1,1,1,False,False,False,False,5,5,5
OCNT-0495806,blind,VBZCKONYGSQXHT-UHFFFAOYSA-N,23,1,0,0,0,0,False,False,False,False,,,
OCNT-0496981,blind,RWZAIHHFBKOVIK-UHFFFAOYSA-N,22,2,0,0,1,1,False,False,False,False,,4,4
OCNT-0497785,blind,AZVFIZVKGSPGPK-UHFFFAOYSA-N,26,1,1,1,1,1,False,False,False,False,7,7,7
OCNT-1498525,blind,UAODYKLBUMXKDC-UHFFFAOYSA-N,14,1,1,1,1,2,False,False,False,False,0,0,"0,13"
OCNT-2148029,blind,PFDUUKDQEHURQC-UHFFFAOYSA-N,15,1,1,1,1,3,False,False,False,False,10,10,"4,10,13"
OCNT-2308485,blind,QKKYGDCZJOIAFV-UHFFFAOYSA-N,29,5,0,0,3,4,False,False,False,False,,"21,26,27","7,21,26,27"
OCNT-2311186,blind,SUWHYBSBFPCCEY-UHFFFAOYSA-N,21,4,0,0,2,3,False,False,False,False,,"11,18","11,18,20"
OCNT-2312792,blind,HTRUARZJVGTQQJ-UHFFFAOYSA-N,23,4,0,0,1,1,False,False,False,False,,18,18
OCNT-2314689,blind,POYOHGUZGSPOTJ-UHFFFAOYSA-N,23,3,0,0,1,2,False,False,False,False,,20,"20,22"
OCNT-2461740,blind,JROSDBYIFZWPBP-UHFFFAOYSA-N,18,2,0,0,1,1,False,False,False,False,,14,14
OCNT-2469049,blind,KFDFCBXHWBWRNM-UHFFFAOYSA-N,31,5,0,0,1,1,False,False,False,False,,16,16
OCNT-2534775,blind,UNEGPCMGWWRHKL-UHFFFAOYSA-N,25,6,0,0,3,3,False,False,False,False,,"10,20,21","10,20,21"
OCNT-2534776,blind,DTROWYMYRYMVJD-UHFFFAOYSA-N,25,3,0,0,1,2,False,False,False,False,,18,"18,22"
OCNT-2534778,blind,RTTAKMJWURYDOX-UHFFFAOYSA-N,24,3,0,0,1,2,False,False,False,False,,19,"8,19"
OCNT-2534781,blind,OAHSXVGSCRPCIB-UHFFFAOYSA-N,24,3,0,0,2,2,False,False,False,False,,"21,22","21,22"
OCNT-2534782,blind,JQUYLQUXHQTSLJ-UHFFFAOYSA-N,17,3,0,0,1,1,False,False,False,False,,6,6
OCNT-2534783,blind,ZNNCRYGBHWLYAV-UHFFFAOYSA-N,18,2,0,0,1,1,False,False,False,False,,17,17
OCNT-2534784,blind,FPQZQXQHMQNGET-UHFFFAOYSA-N,24,5,0,0,3,3,False,False,False,False,,"3,4,23","3,4,23"
OCNT-2534785,blind,JOWAYMDGQTWWHN-UHFFFAOYSA-N,24,4,0,0,2,2,False,False,False,False,,"21,23","21,23"
OCNT-2534787,blind,XZFFLONOQSCQJY-UHFFFAOYSA-N,20,3,0,0,1,1,False,False,False,False,,19,19
OCNT-2534798,blind,IAZVKDJIAPRDEN-UHFFFAOYSA-N,29,2,0,0,0,0,False,False,False,False,,,
OCNT-2534799,blind,MBJGHBFUQMRCCD-UHFFFAOYSA-N,28,4,0,0,1,1,False,False,False,False,,2,2
OCNT-2534800,blind,ZTMKRDWIDMDAMP-UHFFFAOYSA-N,21,3,0,0,1,1,False,False,False,False,,2,2
OCNT-2534803,blind,LZSBQYVBPJVTDR-UHFFFAOYSA-N,25,3,0,0,1,1,False,False,False,False,,18,18
OCNT-2534805,blind,FCDPQNPPXSHIHC-UHFFFAOYSA-N,25,3,0,0,2,2,False,False,False,False,,"13,22","13,22"
OCNT-2534806,blind,IJJJSXKYIBNCKO-UHFFFAOYSA-N,23,3,0,0,2,2,False,False,False,False,,"6,15","6,15"
OCNT-2534808,blind,DEQIHGMZJVGRHC-UHFFFAOYSA-N,22,2,0,0,0,0,False,False,False,False,,,
OCNT-2534809,blind,PRSDKLCCMIAKDL-UHFFFAOYSA-N,29,4,0,0,2,3,False,False,False,False,,"16,17","14,16,17"
OCNT-2534810,blind,VXSHODCKRGPEBG-UHFFFAOYSA-N,26,4,0,0,2,3,False,False,False,False,,"4,5","2,4,5"
OCNT-2534811,blind,CGKIUZNBBOMYDJ-UHFFFAOYSA-N,32,4,0,0,1,1,False,False,False,False,,23,23
OCNT-2534813,blind,XMROZLFGOWMJCM-UHFFFAOYSA-N,27,3,0,0,1,1,False,False,False,False,,5,5
OCNT-2534822,blind,RIXSOVONJREYAF-UHFFFAOYSA-N,24,5,0,0,1,1,False,False,False,False,,16,16
OCNT-2534823,blind,ZNTPEPKSNUYNNJ-UHFFFAOYSA-N,27,5,0,0,3,3,False,False,False,False,,"11,21,24","11,21,24"
OCNT-2534824,blind,RWBHGILWKADMCW-UHFFFAOYSA-N,24,3,0,0,1,1,False,False,False,False,,2,2
OCNT-2534827,blind,TYHYAYIZVRSKSV-UHFFFAOYSA-N,27,4,0,0,1,1,False,False,False,False,,26,26
OCNT-2534828,blind,WWHJMKBJCUIJPI-UHFFFAOYSA-N,24,3,0,0,1,2,False,False,False,False,,7,"7,13"
OCNT-2534829,blind,WMDAVRBLCPLCCG-UHFFFAOYSA-N,20,2,0,0,0,1,False,False,False,False,,,2
OCNT-2534831,blind,CIIDVXHWUXRQNL-UHFFFAOYSA-N,25,2,0,0,0,0,False,False,False,False,,,
OCNT-2534832,blind,OBPBFJWWESYCFK-UHFFFAOYSA-N,18,2,1,1,1,1,False,False,False,False,17,17,17
OCNT-2534833,blind,SSETYIYNGPJINE-UHFFFAOYSA-N,21,4,0,0,2,2,False,False,False,False,,"2,17","2,17"
OCNT-2534834,blind,HLDATVJVNDAGEQ-UHFFFAOYSA-N,18,2,0,0,1,1,False,False,False,False,,12,12
OCNT-2534835,blind,HGLWNLJIXWELDY-UHFFFAOYSA-N,21,4,0,0,2,2,False,False,False,False,,"2,16","2,16"
OCNT-2534836,blind,OZOCKPMOXMRTQS-UHFFFAOYSA-N,25,3,0,0,2,2,False,False,False,False,,"6,15","6,15"
OCNT-2534837,blind,TXOIOLMCDDZPAY-UHFFFAOYSA-N,25,3,0,0,2,2,False,False,False,False,,"11,20","11,20"
OCNT-2534838,blind,ZEOORVXZMSOMIO-UHFFFAOYSA-N,25,3,0,0,2,2,False,False,False,False,,"6,15","6,15"
OCNT-2534839,blind,XWQPJLDOLIAXHP-UHFFFAOYSA-N,24,3,0,0,2,2,False,False,False,False,,"6,15","6,15"
OCNT-2534840,blind,CUZZVFPEHLVHLZ-UHFFFAOYSA-N,23,1,0,0,0,1,False,False,False,False,,,18
OCNT-2534843,blind,MPZHTOYCIOMTIL-UHFFFAOYSA-N,22,2,1,1,1,1,False,False,False,False,10,10,10
OCNT-2534844,blind,MAHOIISEFZBESO-UHFFFAOYSA-N,20,4,0,0,1,1,False,False,False,False,,17,17
OCNT-2534845,blind,GNVHWMXNNLBJMM-UHFFFAOYSA-N,22,5,0,0,2,2,False,False,False,False,,"4,19","4,19"
OCNT-2534847,blind,IGGYFCLLKDVTBR-UHFFFAOYSA-N,26,4,0,0,1,1,False,False,False,False,,11,11
OCNT-2534850,blind,GAHPJTQJDZYREJ-UHFFFAOYSA-N,27,5,0,0,2,2,False,False,False,False,,"19,24","19,24"
OCNT-2534851,blind,LXKNSOVTYMIYCD-UHFFFAOYSA-N,21,3,0,0,1,1,False,False,False,False,,18,18
OCNT-2534852,blind,BEMSBFGZUAAOAU-UHFFFAOYSA-N,17,2,0,0,0,0,False,False,False,False,,,
OCNT-2534853,blind,STZBYSMAMRGCEZ-UHFFFAOYSA-N,22,3,0,0,1,1,False,False,False,False,,18,18
OCNT-2534855,blind,LCLIPNKNAXUCSW-UHFFFAOYSA-N,26,5,0,0,1,1,False,False,False,False,,9,9
OCNT-2534856,blind,MIMIYUBTBVFAPU-UHFFFAOYSA-N,26,3,0,0,0,0,False,False,False,False,,,
OCNT-2534857,blind,OGHXXVWTXSKXMQ-UHFFFAOYSA-N,19,3,0,0,1,1,False,False,False,False,,6,6
OCNT-2534858,blind,QIGKJXRNVAQVQK-UHFFFAOYSA-N,25,5,0,0,3,3,False,False,False,False,,"12,21,24","12,21,24"
OCNT-2534860,blind,LIQMVPBHWGTWHP-UHFFFAOYSA-N,22,4,1,1,2,2,False,False,False,False,10,"10,19","10,19"
OCNT-2534861,blind,RPMVROJFYWMLMX-UHFFFAOYSA-N,23,6,1,1,3,3,False,False,False,False,3,"3,12,19","3,12,19"
OCNT-2534862,blind,VAIAQMGURVNNNV-UHFFFAOYSA-N,24,5,1,1,2,2,False,False,False,False,3,"3,12","3,12"
OCNT-2534863,blind,WNUYUWCIZOJUKT-UHFFFAOYSA-N,23,4,1,1,2,2,False,False,False,False,3,"3,12","3,12"
OCNT-2534864,blind,AYSKARSLJDDKEB-UHFFFAOYSA-N,23,5,1,1,2,2,False,False,False,False,3,"3,12","3,12"
OCNT-2534866,blind,JVIGPSPMXDSCKO-UHFFFAOYSA-N,24,4,0,0,3,3,False,False,False,False,,"2,4,23","2,4,23"
OCNT-2534867,blind,BSZBIIDNFWSNFB-UHFFFAOYSA-N,23,3,0,0,1,1,False,False,False,False,,9,9
OCNT-2534868,blind,MZDHROKIJGVAAE-UHFFFAOYSA-N,28,4,0,0,2,2,False,False,False,False,,"2,4","2,4"
OCNT-2534869,blind,UWFBZHRKEFYFGA-UHFFFAOYSA-N,23,4,0,0,2,2,False,False,False,False,,"19,22","19,22"
OCNT-2534870,blind,QVLIHCKXHKNMKT-UHFFFAOYSA-N,19,3,0,0,1,1,False,False,False,False,,18,18
OCNT-2534871,blind,LJIQDDOLGHWUHV-UHFFFAOYSA-N,30,3,0,0,1,1,False,False,False,False,,29,29
OCNT-2534872,blind,WGELAGOQQCXWEI-UHFFFAOYSA-N,26,5,0,0,2,2,False,False,False,False,,"10,17","10,17"
OCNT-2534873,blind,ZIHODWCMPYGUQS-UHFFFAOYSA-N,24,5,0,0,2,2,False,False,False,False,,"11,18","11,18"
OCNT-2534874,blind,GURARNLILHYZHV-UHFFFAOYSA-N,23,5,0,0,2,2,False,False,False,False,,"12,19","12,19"
OCNT-2534875,blind,OOZUSHYHZBZTJU-UHFFFAOYSA-N,22,3,1,1,2,2,False,False,False,False,2,"2,21","2,21"
OCNT-2534877,blind,XXCRZZKYNGSUNJ-UHFFFAOYSA-N,21,2,0,0,0,0,False,False,False,False,,,
OCNT-2534878,blind,BJEFUMBSVAPULZ-UHFFFAOYSA-N,14,1,1,1,1,2,False,False,False,False,9,9,"9,12"
OCNT-2534879,blind,VCEMDYRCMKMZRO-UHFFFAOYSA-N,25,5,0,0,3,3,False,False,False,False,,"11,16,21","11,16,21"
OCNT-2534881,blind,FBDSZUWAAXYTPA-UHFFFAOYSA-N,21,2,0,0,0,0,False,False,False,False,,,
OCNT-2534882,blind,VISWIPSJSGOGBK-UHFFFAOYSA-N,28,4,1,1,3,3,False,False,False,False,16,"2,16,27","2,16,27"
OCNT-2534883,blind,UTJJZKBWXLYEJU-UHFFFAOYSA-N,14,3,0,0,1,1,False,False,False,False,,8,8
OCNT-2534884,blind,AYSQNMFURHMHBB-UHFFFAOYSA-N,13,2,0,0,1,1,False,False,False,False,,7,7
OCNT-2534888,blind,IIZBUHJUXGMBKV-UHFFFAOYSA-N,28,4,1,1,2,2,False,False,False,False,3,"3,17","3,17"
OCNT-2534890,blind,BTJTYYCNWKCYRL-UHFFFAOYSA-N,19,1,0,0,0,0,False,False,False,False,,,
OCNT-2534891,blind,BWCWXWNUSKHQPP-UHFFFAOYSA-N,22,1,0,0,0,0,False,False,False,False,,,
OCNT-2534892,blind,LYZZVXQURXMDLT-UHFFFAOYSA-N,25,5,1,1,3,3,False,False,False,False,10,"5,10,24","5,10,24"
OCNT-2534895,blind,LQSVFAVNYYMYFV-UHFFFAOYSA-N,30,3,0,0,0,0,False,False,False,False,,,
OCNT-2534896,blind,YSAHYXDWNHXYFO-UHFFFAOYSA-N,26,3,1,1,1,1,False,False,False,False,17,17,17
OCNT-2534899,blind,UGTKWOXHHSBNNQ-UHFFFAOYSA-N,19,1,0,0,0,1,False,False,False,False,,,6
OCNT-2534900,blind,QEAFBOBEDNHPOQ-UHFFFAOYSA-N,21,4,0,0,1,1,False,False,False,False,,4,4
OCNT-2534905,blind,OPGLWCBXMKVYNP-UHFFFAOYSA-N,24,5,0,0,1,1,False,False,False,False,,18,18
OCNT-2534908,blind,GFEFYPIXEGEYFW-UHFFFAOYSA-N,19,1,0,0,0,0,False,False,False,False,,,
OCNT-2534910,blind,ZWUWQQOBGUBFRY-UHFFFAOYSA-N,28,3,0,0,1,2,False,False,False,False,,17,"2,17"
OCNT-2534912,blind,KGHVXBQQNNTFQD-UHFFFAOYSA-N,20,1,0,0,0,0,False,False,False,False,,,
OCNT-2534913,blind,WGRHNYMEVAMGGU-UHFFFAOYSA-N,28,3,0,0,0,0,False,False,False,False,,,
OCNT-2534915,blind,RKZDKVQYBMGUPX-UHFFFAOYSA-N,27,3,0,0,0,0,False,False,False,False,,,
OCNT-2534916,blind,MHTNPZUPKMIADR-UHFFFAOYSA-N,32,4,0,0,0,0,False,False,False,False,,,
OCNT-2534919,blind,KUYLBYOZSRYMDE-UHFFFAOYSA-N,27,3,0,0,0,0,False,False,False,False,,,
OCNT-2534921,blind,CHXPEHVXNPCPPL-UHFFFAOYSA-N,34,4,0,0,0,0,False,False,False,False,,,
OCNT-2534922,blind,LGVPXABYCVNIGO-UHFFFAOYSA-N,34,4,0,0,0,0,False,False,False,False,,,
OCNT-2534924,blind,SDILIUAHINFFTQ-UHFFFAOYSA-N,25,5,0,0,3,3,False,False,False,False,,"5,12,22","5,12,22"
OCNT-2534925,blind,MMBXAUHNKONKHN-UHFFFAOYSA-N,28,6,0,0,4,4,False,False,False,False,,"7,19,20,25","7,19,20,25"
OCNT-2534927,blind,ZOYAFJLWDPRSNH-UHFFFAOYSA-N,32,3,0,0,1,1,False,False,False,False,,29,29
OCNT-2534928,blind,LHABHVGSUWIBEN-UHFFFAOYSA-N,18,2,0,0,1,1,False,False,False,False,,15,15
OCNT-2534930,blind,OYMCMPVXWOJFKA-UHFFFAOYSA-N,23,3,0,0,2,2,False,False,False,False,,"15,22","15,22"
OCNT-2534933,blind,GCVDBUCMAZYPHN-UHFFFAOYSA-N,24,2,0,0,1,1,False,False,False,False,,15,15
OCNT-2534934,blind,XNWKPSWPZRZZEG-UHFFFAOYSA-N,23,5,0,0,3,3,False,False,False,False,,"2,13,14","2,13,14"
OCNT-2534935,blind,GYXPIFORKYOIRC-UHFFFAOYSA-N,25,1,0,0,0,1,False,False,False,False,,,24
OCNT-2534937,blind,RDUFLNBPDOYUBX-UHFFFAOYSA-N,27,3,0,0,1,1,False,False,False,False,,22,22
OCNT-2534938,blind,UWJUOLHIVJHENY-UHFFFAOYSA-N,34,4,0,0,0,0,False,False,False,False,,,
OCNT-2534939,blind,SREQUWGGTBLVPD-UHFFFAOYSA-N,33,4,0,0,0,0,False,False,False,False,,,
OCNT-2534942,blind,OPZJNMIUJYEZEY-UHFFFAOYSA-N,31,4,0,0,0,0,False,False,False,False,,,
OCNT-2534943,blind,VMYAXVMJYUZFSU-UHFFFAOYSA-N,33,4,0,0,0,0,False,False,False,False,,,
OCNT-2534947,blind,XCDMBBULNJFIGX-UHFFFAOYSA-N,26,1,0,0,0,0,False,False,False,False,,,
OCNT-2534948,blind,VWPFAROGGPSGFE-UHFFFAOYSA-N,29,2,0,0,0,0,False,False,False,False,,,
OCNT-2534949,blind,DIWSNIDUDLATBC-UHFFFAOYSA-N,22,4,0,0,2,3,False,False,False,False,,"3,21","3,18,21"
OCNT-2534950,blind,BUTCFXVBIDYMNN-UHFFFAOYSA-N,21,5,0,0,3,3,False,False,False,False,,"3,17,20","3,17,20"
OCNT-2534951,blind,XOECFOCWUYHDRE-UHFFFAOYSA-N,25,6,1,1,4,4,False,False,False,False,11,"3,11,21,24","3,11,21,24"
OCNT-2534952,blind,RYRMMJFZGTYOFO-UHFFFAOYSA-N,22,4,0,0,2,2,False,False,False,False,,"3,21","3,21"
OCNT-2534953,blind,XTFGDCIGBUPFJP-UHFFFAOYSA-N,27,2,0,0,0,0,False,False,False,False,,,
OCNT-2534954,blind,WIKNYIQVSATYBE-UHFFFAOYSA-N,27,6,1,1,3,3,False,False,False,False,3,"3,12,20","3,12,20"
OCNT-2534955,blind,WEXFQWFZXGNBNH-UHFFFAOYSA-N,25,6,0,0,4,4,False,False,False,False,,"10,11,12,23","10,11,12,23"
OCNT-2534956,blind,HHYHPUZSEDXWSP-UHFFFAOYSA-N,24,2,0,0,1,1,False,False,False,False,,22,22
OCNT-2534958,blind,FAMFOOKIXZRSML-UHFFFAOYSA-N,31,6,1,1,3,3,False,False,False,False,18,"2,18,27","2,18,27"
OCNT-2534959,blind,KJMGBBLWPJNINA-UHFFFAOYSA-N,22,3,0,0,1,1,False,False,False,False,,6,6
OCNT-2534960,blind,WIEOTBLDNNKERH-UHFFFAOYSA-N,18,2,0,0,1,2,False,False,False,False,,17,"2,17"
OCNT-2534962,blind,BGKXIERSYNZZSL-UHFFFAOYSA-N,18,2,0,0,0,1,False,False,False,False,,,2
OCNT-2534963,blind,IVXXUQFKTNGTAE-UHFFFAOYSA-N,24,2,0,0,1,2,False,False,False,False,,18,"2,18"
OCNT-2534964,blind,DLTPUYDVRZRAIQ-UHFFFAOYSA-N,23,3,0,0,1,2,False,False,False,False,,9,"2,9"
OCNT-2534965,blind,UFYWUAWJTBJSCP-UHFFFAOYSA-N,26,2,0,0,1,2,False,False,False,False,,24,"2,24"
OCNT-2534966,blind,RNQLRSCPVMYOAQ-UHFFFAOYSA-N,34,3,0,0,1,1,False,False,False,False,,33,33
OCNT-2534967,blind,SDCOXSDXNHAZIK-UHFFFAOYSA-N,34,2,0,0,0,0,False,False,False,False,,,
OCNT-2534968,blind,ZQGXEEQNCMRNSH-UHFFFAOYSA-N,34,3,0,0,1,1,False,False,False,False,,16,16
OCNT-2534969,blind,UTDWDLUZCAEWPY-UHFFFAOYSA-N,24,4,0,0,2,2,False,False,False,False,,"3,23","3,23"
OCNT-2534972,blind,KSHSYDWVNPCRKV-UHFFFAOYSA-N,24,6,0,0,4,4,False,False,False,False,,"3,13,14,23","3,13,14,23"
OCNT-2534974,blind,RXGMQGHDTAIXIW-UHFFFAOYSA-N,24,4,0,0,2,2,False,False,False,False,,"2,23","2,23"
OCNT-2534975,blind,BGTNQNZJIDNRHL-UHFFFAOYSA-N,25,3,0,0,2,3,False,False,False,False,,"7,22","7,20,22"
OCNT-2534976,blind,HABNUFGQZGZHKX-SNVBAGLBSA-N,20,4,1,1,2,2,False,False,False,False,0,"0,8","0,8"
OCNT-2534977,blind,MOBBVWNAJFWTCA-UHFFFAOYSA-N,23,3,0,0,1,2,False,False,False,False,,12,"11,12"
OCNT-2534978,blind,FADNYNMDTALVPK-UHFFFAOYSA-N,20,4,0,0,2,2,False,False,False,False,,"18,19","18,19"
OCNT-2534979,blind,LKIMECLKXUAUEP-UHFFFAOYSA-N,20,3,0,0,2,2,False,False,False,False,,"18,19","18,19"
OCNT-2534980,blind,XBKQKFVSOVBHAG-UHFFFAOYSA-N,25,3,0,0,1,1,False,False,False,False,,24,24
OCNT-2534981,blind,KPIHQYPRJADZIC-UHFFFAOYSA-N,17,2,1,1,1,1,False,False,False,False,0,0,0
OCNT-2534982,blind,QSHIPBRGUIUHSP-UHFFFAOYSA-N,28,1,0,0,0,0,False,False,False,False,,,
OCNT-2534983,blind,IYUMPCGGZOFGAD-UHFFFAOYSA-N,24,1,0,0,0,0,False,False,False,False,,,
OCNT-2534984,blind,FKHZWXJUCIODRH-UHFFFAOYSA-N,18,2,0,0,0,0,False,False,False,False,,,
OCNT-2534985,blind,PTQXNWOOUQRPES-UHFFFAOYSA-N,21,3,0,0,1,2,False,False,False,False,,6,"6,18"
OCNT-2534986,blind,FGKVMYYNESCBGL-UHFFFAOYSA-N,22,4,0,0,1,1,False,False,False,False,,21,21
OCNT-2534987,blind,XKVKAFVJMWVQJE-UHFFFAOYSA-N,21,3,0,0,1,1,False,False,False,False,,20,20
OCNT-2534988,blind,SYZGPVVYFXZESC-UHFFFAOYSA-N,27,3,0,0,1,1,False,False,False,False,,26,26
OCNT-2534989,blind,ZSOCAMZZPQUWPD-UHFFFAOYSA-N,23,3,0,0,1,1,False,False,False,False,,15,15
OCNT-2534991,blind,JUQNLDDJKUGUHV-UHFFFAOYSA-N,27,4,0,0,1,1,False,False,False,False,,25,25
OCNT-2534992,blind,MQUNWRCDNFUFNA-UHFFFAOYSA-N,30,6,0,0,2,2,False,False,False,False,,"14,17","14,17"
OCNT-2534993,blind,OJBBKSIPRMVDMI-UHFFFAOYSA-N,30,5,0,0,1,1,False,False,False,False,,17,17
OCNT-2534995,blind,AIMMSTIQRDLJKH-UHFFFAOYSA-N,23,3,0,0,1,2,False,False,False,False,,2,"2,10"
OCNT-2534996,blind,JDPCINSMLVUFPO-UHFFFAOYSA-N,27,2,0,0,0,1,False,False,False,False,,,16
OCNT-2534997,blind,ZRQYTHSVXXFAPY-UHFFFAOYSA-N,20,1,0,0,0,1,False,False,False,False,,,10
OCNT-2534998,blind,RXOPBTLTFWZATL-UHFFFAOYSA-N,22,3,0,0,1,2,False,False,False,False,,21,"10,21"
OCNT-2534999,blind,NCKLLRVUAZAPDA-UHFFFAOYSA-N,22,1,0,0,0,1,False,False,False,False,,,12
OCNT-2535000,blind,COBKTOCKOIWELQ-UHFFFAOYSA-N,23,2,0,0,1,2,False,False,False,False,,2,"2,13"
OCNT-2535002,blind,JUCHYYGJROZRNJ-UHFFFAOYSA-N,28,7,0,0,3,3,False,False,False,False,,"14,17,20","14,17,20"
OCNT-2535004,blind,GMKRBYYYJIORSC-UHFFFAOYSA-N,30,6,0,0,2,2,False,False,False,False,,"16,19","16,19"
OCNT-2535005,blind,GKTWHVUWJJCKMR-UHFFFAOYSA-N,15,2,0,0,1,1,False,False,False,False,,14,14
OCNT-2535006,blind,XKTUHVPDMAHBQL-UHFFFAOYSA-N,21,2,0,0,1,1,False,False,False,False,,20,20
OCNT-2535007,blind,DOZQLYDUDFQCPC-UHFFFAOYSA-N,25,5,0,0,3,3,False,False,False,False,,"6,11,24","6,11,24"
OCNT-2535008,blind,LUCAWVSGCYHHGJ-UHFFFAOYSA-N,17,3,0,0,1,1,False,False,False,False,,11,11
OCNT-2535010,blind,RBQGMKFHVNPIRY-UHFFFAOYSA-N,24,2,0,0,1,1,False,False,False,False,,23,23
OCNT-2535011,blind,OJIDMJWIQXQZTO-UHFFFAOYSA-N,22,4,0,0,1,1,False,False,False,False,,17,17
OCNT-2535012,blind,PDCJUDSOQPEBFU-UHFFFAOYSA-N,21,4,0,0,2,2,False,False,False,False,,"11,17","11,17"
OCNT-2535015,blind,SOIQSVFJYMUIGF-UHFFFAOYSA-N,25,5,1,1,3,3,False,False,False,False,8,"3,8,22","3,8,22"
OCNT-2535017,blind,JYFWMKVLBXMHNH-SYGMWZTRSA-N,23,1,0,0,0,1,False,False,False,False,,,16
OCNT-2535018,blind,XUCZPLLMCHWUOL-UHFFFAOYSA-N,21,3,0,0,1,1,False,False,False,False,,6,6
OCNT-2535020,blind,UMRSUGBDYLGYAF-UHFFFAOYSA-N,23,5,0,0,2,2,False,False,False,False,,"14,22","14,22"
OCNT-2535021,blind,TYGBTPIUHWDVFQ-UHFFFAOYSA-N,22,2,0,0,1,1,False,False,False,False,,17,17
OCNT-2535023,blind,XSMMQPAOHODKDX-UHFFFAOYSA-N,26,4,1,1,2,2,False,False,False,False,9,"9,25","9,25"
OCNT-2535025,blind,NIBUNRRIBLBRAZ-UHFFFAOYSA-N,23,1,0,0,0,1,False,False,False,False,,,13
OCNT-2535030,blind,GCSPKOFKTNMIJM-UHFFFAOYSA-N,25,4,0,0,1,2,False,False,False,False,,18,"18,22"
OCNT-2535033,blind,CIHLZCMPRMSNDX-UHFFFAOYSA-N,26,2,0,0,1,2,False,False,False,False,,25,"10,25"
OCNT-2535034,blind,VBQXROGKZCOCEX-UHFFFAOYSA-N,27,2,0,0,1,2,False,False,False,False,,26,"10,26"
OCNT-2535035,blind,BHBANQFMZFEGDV-UHFFFAOYSA-N,24,3,0,0,2,2,False,False,False,False,,"12,15","12,15"
OCNT-2535036,blind,JVNVATTZPWFATM-UHFFFAOYSA-N,26,3,0,0,1,2,False,False,False,False,,18,"18,23"
OCNT-2535037,blind,XBVGLFBMQTTZIU-UHFFFAOYSA-N,27,3,0,0,1,2,False,False,False,False,,5,"5,18"
OCNT-2535039,blind,IKNANJFWYCRCKT-UHFFFAOYSA-N,21,4,0,0,3,3,False,False,False,False,,"15,17,20","15,17,20"
OCNT-2535040,blind,BHNYBTUOTJMQOO-UHFFFAOYSA-N,19,4,0,0,1,1,False,False,False,False,,18,18
OCNT-2535041,blind,KEBAJQLCWJBELI-UHFFFAOYSA-N,25,4,0,0,1,1,False,False,False,False,,13,13
OCNT-2535042,blind,ZXKCOIQAOHWTEQ-UHFFFAOYSA-N,22,3,0,0,1,1,False,False,False,False,,4,4
OCNT-2535044,blind,GBIOCCDNIFFXFQ-UHFFFAOYSA-N,21,3,0,0,1,1,False,False,False,False,,5,5
OCNT-2535045,blind,ORQVCZZTVCFTRF-UHFFFAOYSA-N,25,4,0,0,2,3,False,False,False,False,,"5,10","5,10,17"
OCNT-2535047,blind,CRBSGBDDTDDCHV-UHFFFAOYSA-N,23,3,0,0,1,2,False,False,False,False,,11,"11,21"
OCNT-2535048,blind,NZZRPJKQSXSGSV-UHFFFAOYSA-N,22,3,0,0,1,3,False,False,False,False,,11,"11,18,21"
OCNT-2535049,blind,RMZQMWLOHMIUCC-UHFFFAOYSA-N,29,3,0,0,0,0,False,False,False,False,,,
OCNT-2535050,blind,XONRNTKMPVDEFH-UHFFFAOYSA-N,22,2,0,0,0,0,False,False,False,False,,,
OCNT-2535051,blind,WEZNBBCXUQWIEA-UHFFFAOYSA-N,24,4,1,1,2,2,False,False,False,False,18,"6,18","6,18"
OCNT-2535052,blind,ZKZIMMAKAMEPAA-UHFFFAOYSA-N,27,2,0,0,0,1,False,False,False,False,,,13
OCNT-2535053,blind,FHAFWNDGOPCJPI-UHFFFAOYSA-N,24,5,0,0,1,1,False,False,False,False,,11,11
OCNT-2535054,blind,KEOGUGZUSBSVAS-UHFFFAOYSA-N,26,6,0,0,1,1,False,False,False,False,,13,13
OCNT-2535058,blind,URDOBPIQGUDVII-UHFFFAOYSA-N,30,6,0,0,1,1,False,False,False,False,,26,26
OCNT-2535059,blind,GFTDVNYGFQVBPY-UHFFFAOYSA-N,30,7,0,0,2,2,False,False,False,False,,"25,26","25,26"
OCNT-2535061,blind,TYEYIGPAWHSTRL-UHFFFAOYSA-N,23,6,0,0,2,2,False,False,False,False,,"2,9","2,9"
OCNT-2535062,blind,GSSIKZBYBTXWON-UHFFFAOYSA-N,20,4,0,0,1,2,False,False,False,False,,7,"2,7"
OCNT-2535064,blind,AENDCANNOSENAM-UHFFFAOYSA-N,25,4,0,0,1,1,False,False,False,False,,12,12
OCNT-2535065,blind,GMVLWSSEQDDWKN-UHFFFAOYSA-N,24,4,0,0,1,1,False,False,False,False,,12,12
OCNT-2535066,blind,CTJNNMNHRJEGHZ-UHFFFAOYSA-N,20,5,0,0,2,2,False,False,False,False,,"13,16","13,16"
OCNT-2535067,blind,FBTIHBSKJJQNDA-UHFFFAOYSA-N,21,5,0,0,2,2,False,False,False,False,,"3,20","3,20"
OCNT-2535069,blind,NERXOVWAJKSMMJ-UHFFFAOYSA-N,20,4,0,0,1,1,False,False,False,False,,16,16
OCNT-2535070,blind,DYJLEKMLHFUFSZ-UHFFFAOYSA-N,19,3,0,0,0,0,False,False,False,False,,,
OCNT-2535071,blind,JIDFHRQCSHTCAL-UHFFFAOYSA-N,25,6,0,0,2,2,False,False,False,False,,"20,21","20,21"
OCNT-2535072,blind,WFRKIAUIRPHVLV-UHFFFAOYSA-N,23,5,0,0,1,1,False,False,False,False,,19,19
OCNT-2535073,blind,NVEGBIWSSQVYHA-UHFFFAOYSA-N,28,5,0,0,1,1,False,False,False,False,,10,10
OCNT-2535076,blind,VFRFKJPAHUFNRX-UHFFFAOYSA-N,28,3,0,0,2,2,False,False,False,False,,"8,27","8,27"
OCNT-2535077,blind,CWBKDPVPQZBDCL-UHFFFAOYSA-N,20,2,0,0,1,2,False,False,False,False,,16,"10,16"
OCNT-2535079,blind,YWSUJTRIDYTCGE-UHFFFAOYSA-N,20,3,0,0,1,1,False,False,False,False,,17,17
OCNT-2535081,blind,PRHJDZAWGNGBDA-UHFFFAOYSA-N,20,3,0,0,2,2,False,False,False,False,,"5,9","5,9"
OCNT-2535082,blind,VPMPORUJVWMXOL-UHFFFAOYSA-N,24,5,0,0,2,2,False,False,False,False,,"11,20","11,20"
OCNT-2535083,blind,WPNYDMMWIYBSSA-UHFFFAOYSA-N,20,3,0,0,2,2,False,False,False,False,,"16,18","16,18"
OCNT-2535084,blind,IBJUTTBLQBHAPS-UHFFFAOYSA-N,26,4,0,0,2,2,False,False,False,False,,"3,25","3,25"
OCNT-2535086,blind,ZLSHALHADKEATB-UHFFFAOYSA-N,22,3,0,0,1,2,False,False,False,False,,2,"2,12"
OCNT-2535087,blind,PSNRPTXLSOKWJG-UHFFFAOYSA-N,23,4,0,0,2,2,False,False,False,False,,"16,20","16,20"
OCNT-2535088,blind,OJATWDXTEGMIIA-UHFFFAOYSA-N,27,7,1,1,4,4,False,False,False,False,3,"3,12,23,25","3,12,23,25"
OCNT-2535091,blind,UYRHVFGRFAGBOP-UHFFFAOYSA-N,23,4,0,0,2,2,False,False,False,False,,"17,22","17,22"
OCNT-2535092,blind,XJKWJGLBYVKZMD-UHFFFAOYSA-N,23,4,0,0,1,1,False,False,False,False,,20,20
OCNT-2535093,blind,RINNPLSMLICCLE-UHFFFAOYSA-N,24,2,0,0,0,0,False,False,False,False,,,
OCNT-2535094,blind,OOSQUUIXYIJTKC-UHFFFAOYSA-N,17,2,0,0,0,0,False,False,False,False,,,
OCNT-2535095,blind,RKNSFTXTHYXSNE-UHFFFAOYSA-N,24,3,0,0,1,1,False,False,False,False,,3,3
OCNT-2535096,blind,RLRFPLIYHVETRX-UHFFFAOYSA-N,24,3,0,0,0,0,False,False,False,False,,,
OCNT-2535097,blind,OJBCCVHFEMTZJR-UHFFFAOYSA-N,28,6,0,0,2,2,False,False,False,False,,"19,26","19,26"
OCNT-2535098,blind,HHBSCWPVPJQGPS-UHFFFAOYSA-N,25,5,0,0,2,2,False,False,False,False,,"14,21","14,21"
OCNT-2535099,blind,YADJBLDPFSOUMQ-UHFFFAOYSA-N,22,3,0,0,1,2,False,False,False,False,,11,"11,18"
OCNT-2535100,blind,MUQLJFDGJGYLDJ-UHFFFAOYSA-N,24,4,0,0,2,2,False,False,False,False,,"3,5","3,5"
OCNT-2535101,blind,WBYSHDIVFDTKAS-UHFFFAOYSA-N,23,3,0,0,1,3,False,False,False,False,,11,"11,18,21"
OCNT-2535102,blind,ALHOSOXXWOCTMV-UHFFFAOYSA-N,24,4,0,0,2,2,False,False,False,False,,"21,23","21,23"
OCNT-2535110,blind,BGMKCPPIMKMICY-UHFFFAOYSA-N,25,6,0,0,1,1,False,False,False,False,,12,12
OCNT-2535111,blind,AGMAYQWAVMKCRK-UHFFFAOYSA-N,25,4,0,0,1,1,False,False,False,False,,22,22
OCNT-2535115,blind,ZRTOJCIWPYMPEO-UHFFFAOYSA-N,25,4,1,1,2,2,False,False,False,False,17,"6,17","6,17"
OCNT-2535117,blind,ZRLHVMLTXCBVFC-UHFFFAOYSA-N,25,3,0,0,1,1,False,False,False,False,,21,21
OCNT-2535118,blind,BEONTKCEIYDZAX-UHFFFAOYSA-N,24,3,0,0,1,1,False,False,False,False,,22,22
OCNT-2535119,blind,NPNIDWGMSMBLOF-UHFFFAOYSA-N,24,3,0,0,1,1,False,False,False,False,,22,22
OCNT-2535120,blind,GDXHMLSAPCRRHX-UHFFFAOYSA-N,23,3,0,0,1,1,False,False,False,False,,10,10
OCNT-2535121,blind,IBDWPVICLPPSDD-UHFFFAOYSA-N,22,3,0,0,0,0,False,False,False,False,,,
OCNT-2535122,blind,JVULHJMQBZNNCH-UHFFFAOYSA-N,25,3,1,1,1,1,False,False,False,False,10,10,10
OCNT-2535123,blind,XXEIULQWWBTDSZ-UHFFFAOYSA-N,23,1,0,0,0,1,False,False,False,False,,,5
OCNT-2535124,blind,BRXZFUXNZFSNMB-UHFFFAOYSA-N,27,3,0,0,1,1,False,False,False,False,,26,26
OCNT-2535126,blind,JGEONMDVMNCXCV-UHFFFAOYSA-N,16,1,0,0,0,0,False,False,False,False,,,
OCNT-2535127,blind,ZSBYGIHSLQRFLQ-UHFFFAOYSA-N,19,1,0,0,0,0,False,False,False,False,,,
OCNT-2535128,blind,AOZAXMXZZCBWNY-GFCCVEGCSA-N,24,2,0,0,0,0,False,False,False,False,,,
OCNT-2535131,blind,CYTIBPNZDMYFGX-UHFFFAOYSA-N,27,3,0,0,1,1,False,False,False,False,,24,24
OCNT-2535133,blind,OFPDZAVRUHSYJU-UHFFFAOYSA-N,22,3,0,0,2,2,False,False,False,False,,"3,20","3,20"
OCNT-2535134,blind,VCZZOLGRPRVQPV-UHFFFAOYSA-N,24,1,0,0,0,1,False,False,False,False,,,21
OCNT-2535135,blind,FMZPXYDWVKQWFU-UHFFFAOYSA-N,24,1,0,0,0,1,False,False,False,False,,,22
OCNT-2535136,blind,MZLPNRVVVJQURW-UHFFFAOYSA-N,15,1,0,0,0,0,False,False,False,False,,,
OCNT-2535137,blind,WVXDSVYRPFGGHP-UHFFFAOYSA-N,20,5,0,0,2,2,False,False,False,False,,"3,17","3,17"
OCNT-2535138,blind,GILKNISNXWEAOI-UHFFFAOYSA-N,26,2,0,0,0,0,False,False,False,False,,,
OCNT-2535139,blind,DBYOJYFCONRFOH-UHFFFAOYSA-N,28,2,1,1,1,1,False,False,False,False,10,10,10
OCNT-2535141,blind,TUEWURHBRCOMCJ-UHFFFAOYSA-N,23,5,0,0,2,2,False,False,False,False,,"12,19","12,19"
OCNT-2535143,blind,ADJRMPTZUXRRGP-UHFFFAOYSA-N,26,6,0,0,3,3,False,False,False,False,,"13,16,24","13,16,24"
OCNT-2535145,blind,MOCCCMVDMPPWLX-UHFFFAOYSA-N,24,2,0,0,0,0,False,False,False,False,,,
OCNT-2535146,blind,FLHFMWXVFWEJBF-UHFFFAOYSA-N,25,5,0,0,2,2,False,False,False,False,,"11,14","11,14"
OCNT-2535147,blind,TUTZACUCNHDQQD-UHFFFAOYSA-N,23,5,0,0,2,2,False,False,False,False,,"6,9","6,9"
OCNT-2535148,blind,NUMLFIHVWGYIIJ-UHFFFAOYSA-N,23,5,0,0,2,2,False,False,False,False,,"12,15","12,15"
OCNT-2535150,blind,TVEXDIRAHUXKBJ-UHFFFAOYSA-N,24,4,0,0,2,2,False,False,False,False,,"15,18","15,18"
OCNT-2535151,blind,PINZGTIVPOLPFK-UHFFFAOYSA-N,20,3,0,0,1,1,False,False,False,False,,19,19
OCNT-2535152,blind,RLECTTKOBJGDTM-UHFFFAOYSA-N,28,4,0,0,2,2,False,False,False,False,,"5,15","5,15"
OCNT-2535153,blind,IDZCWYFILKMFQI-UHFFFAOYSA-N,30,4,0,0,1,1,False,False,False,False,,29,29
OCNT-2535154,blind,QALQXPZBDUTASA-UHFFFAOYSA-N,29,4,0,0,2,3,False,False,False,False,,"15,16","13,15,16"
OCNT-2535155,blind,CZXQCTRLJISYDB-UHFFFAOYSA-N,29,4,0,0,2,3,False,False,False,False,,"14,15","12,14,15"
OCNT-2535156,blind,PKKCKPGLERGBFZ-UHFFFAOYSA-N,27,4,0,0,2,3,False,False,False,False,,"4,5","2,4,5"
OCNT-2535158,blind,UXJWIOVUANSLSI-UHFFFAOYSA-N,28,4,0,0,2,3,False,False,False,False,,"4,5","2,4,5"
OCNT-2535160,blind,ZQZLZZOSSBIHLG-UHFFFAOYSA-N,27,4,0,0,2,3,False,False,False,False,,"4,5","2,4,5"
OCNT-2535161,blind,WLNUVSLCSPTUDG-UHFFFAOYSA-N,26,4,0,0,2,3,False,False,False,False,,"4,5","2,4,5"
OCNT-2535163,blind,XGSGELMEEUBOFM-UHFFFAOYSA-N,22,3,0,0,1,1,False,False,False,False,,15,15
OCNT-2535164,blind,WOJSKHYJSLTGQV-UHFFFAOYSA-N,24,4,0,0,2,2,False,False,False,False,,"13,23","13,23"
OCNT-2535166,blind,OJSIWLBSIFDVDI-UHFFFAOYSA-N,25,5,0,0,3,3,False,False,False,False,,"11,20,24","11,20,24"
OCNT-2535167,blind,RGVQQGGGBIYSSF-UHFFFAOYSA-N,23,5,2,2,3,3,False,False,False,False,"16,19","12,16,19","12,16,19"
OCNT-2535168,blind,XZMVFBIZOLEIOM-UHFFFAOYSA-N,25,5,0,0,3,3,False,False,False,False,,"11,20,24","11,20,24"
OCNT-2535170,blind,GPZVVXRWPKBWMQ-UHFFFAOYSA-N,25,3,0,0,1,1,False,False,False,False,,11,11
OCNT-2535171,blind,SIOOYOMYAOCUHO-UHFFFAOYSA-N,26,5,0,0,2,2,False,False,False,False,,"4,22","4,22"
OCNT-2535172,blind,ULPROYMOSMAZMQ-GASCZTMLSA-N,24,4,1,1,3,3,False,False,False,False,12,"3,12,23","3,12,23"
OCNT-2535176,blind,AUCDWXNJQLIVFH-UHFFFAOYSA-N,26,5,0,0,1,1,False,False,False,False,,16,16
OCNT-2535177,blind,LSKUZWWEXJOCSB-UHFFFAOYSA-N,22,6,0,0,3,3,False,False,False,False,,"5,6,16","5,6,16"
OCNT-2535178,blind,DHILLHKBQUXGCS-UHFFFAOYSA-N,26,4,0,0,1,1,False,False,False,False,,25,25
OCNT-2535180,blind,LMHWJSALLYEJCF-UHFFFAOYSA-N,24,1,0,0,0,0,False,False,False,False,,,
OCNT-2535182,blind,CSKFNYTUMKSYLX-UHFFFAOYSA-N,24,2,0,0,1,1,False,False,False,False,,22,22
OCNT-2535183,blind,WHDAIPZTZHHTKW-UHFFFAOYSA-N,24,2,0,0,0,0,False,False,False,False,,,
OCNT-2535184,blind,DYJIVBITDVMPFA-UHFFFAOYSA-N,24,3,0,0,2,2,False,False,False,False,,"5,22","5,22"
OCNT-2535186,blind,PAZOKZXCAIDNFZ-UHFFFAOYSA-N,26,3,0,0,1,1,False,False,False,False,,24,24
OCNT-2535190,blind,SCFHLIMJKWHKJL-UHFFFAOYSA-N,24,3,0,0,1,1,False,False,False,False,,21,21
OCNT-2535194,blind,HPDZRDVYWBSEBS-UHFFFAOYSA-N,22,5,0,0,2,2,False,False,False,False,,"2,18","2,18"
OCNT-2535197,blind,PVAMLBAHCBOXIJ-UHFFFAOYSA-N,26,1,0,0,0,1,False,False,False,False,,,14
OCNT-2535199,blind,RDEXVBZPMFHERA-UHFFFAOYSA-N,26,4,0,0,2,2,False,False,False,False,,"12,18","12,18"
OCNT-2535201,blind,RUYHWEKISJYKQS-UHFFFAOYSA-N,21,4,0,0,2,2,False,False,False,False,,"14,17","14,17"
OCNT-2535202,blind,QUXUYVPKJKLYRC-UHFFFAOYSA-N,30,1,0,0,0,2,False,False,False,False,,,"5,19"
OCNT-2535203,blind,RETYLQGXVVGHBG-UHFFFAOYSA-N,23,3,0,0,1,1,False,False,False,False,,15,15
OCNT-2535204,blind,WGPDWCODYNICIT-UHFFFAOYSA-N,23,3,0,0,1,2,False,False,False,False,,18,"18,21"
OCNT-2535205,blind,VYWJZNGNLUYVPF-UHFFFAOYSA-N,21,4,0,0,1,2,False,False,False,False,,6,"6,15"
OCNT-2535207,blind,UTIDESMGGKOHKC-UHFFFAOYSA-N,23,3,0,0,1,1,False,False,False,False,,22,22
OCNT-2535208,blind,ZJHSRQFIPCNLRS-UHFFFAOYSA-N,23,3,0,0,1,1,False,False,False,False,,12,12
OCNT-2535209,blind,UCTMKONSQVYUEN-UHFFFAOYSA-N,24,3,0,0,1,1,False,False,False,False,,15,15
OCNT-2535211,blind,FOSVCJNHTIJCFU-UHFFFAOYSA-N,21,3,0,0,1,1,False,False,False,False,,5,5
OCNT-2535212,blind,LTSCKLUXDYVJEH-UHFFFAOYSA-N,25,5,0,0,2,2,False,False,False,False,,"13,22","13,22"
OCNT-2535213,blind,RBUTUKHYWPLQJW-UHFFFAOYSA-N,29,5,0,0,3,3,False,False,False,False,,"7,20,26","7,20,26"
OCNT-2535214,blind,BEZXRIQDCHPXKO-UHFFFAOYSA-N,21,2,0,0,1,1,False,False,False,False,,12,12
OCNT-2535215,blind,RIFKAMYNDLEFGK-UHFFFAOYSA-N,22,3,0,0,1,2,False,False,False,False,,19,"5,19"
OCNT-2535216,blind,FNCANYWIDBSXMR-UHFFFAOYSA-N,22,3,0,0,1,2,False,False,False,False,,6,"6,16"
OCNT-2535217,blind,AFEXYAZHUWKMSN-UHFFFAOYSA-N,24,3,0,0,1,1,False,False,False,False,,7,7
OCNT-2535218,blind,DUFBSKNQQAXWGC-UHFFFAOYSA-N,19,4,0,0,1,1,False,False,False,False,,3,3
OCNT-2535219,blind,CKIPJCWNVHDWAG-UHFFFAOYSA-N,25,5,1,1,3,3,False,False,False,False,11,"3,11,24","3,11,24"
OCNT-2535220,blind,UZGCONRMDSJZLL-JTQLQIEISA-N,20,5,0,0,2,2,False,False,False,False,,"9,12","9,12"
OCNT-2535221,blind,LAHJAXZGIZETPN-UHFFFAOYSA-N,26,4,0,0,2,2,False,False,False,False,,"7,8","7,8"
OCNT-2535224,blind,AZQPWQINILHIDQ-UHFFFAOYSA-N,20,2,0,0,1,2,False,False,False,False,,19,"5,19"
OCNT-2535225,blind,MQKFKNKJNHXMNZ-UHFFFAOYSA-N,24,5,0,0,2,2,False,False,False,False,,"3,23","3,23"
OCNT-2535226,blind,QADCZLCKBVLVCV-UHFFFAOYSA-N,23,3,0,0,2,2,False,False,False,False,,"13,16","13,16"
OCNT-2535228,blind,OJCLHERKFHHUTB-UHFFFAOYSA-N,15,1,0,0,0,1,False,False,False,False,,,13
OCNT-2535229,blind,ACGPBLZSPDCGCA-UHFFFAOYSA-N,24,3,0,0,2,2,False,False,False,False,,"7,21","7,21"
OCNT-2535231,blind,RGMFCAZPSYJLPP-UHFFFAOYSA-N,22,4,1,1,2,2,False,False,False,False,1,"1,10","1,10"
OCNT-2535233,blind,IGZCDJVRJJTBLG-UHFFFAOYSA-N,34,3,0,0,2,2,False,False,False,False,,"18,28","18,28"
OCNT-2535234,blind,AFXVIHMNMRJRDS-UHFFFAOYSA-N,24,3,0,0,2,2,False,False,False,False,,"7,21","7,21"
OCNT-2535237,blind,ULRIVKPPJKOYOS-UHFFFAOYSA-N,24,2,0,0,0,0,False,False,False,False,,,
OCNT-2535238,blind,XKVFOSUENYMPEI-UHFFFAOYSA-N,23,2,0,0,0,0,False,False,False,False,,,
OCNT-2535239,blind,ZJQYUZZNVSDYOM-UHFFFAOYSA-N,21,1,0,0,0,1,False,False,False,False,,,7
OCNT-2535240,blind,NRIXKOBBEDUYNB-UHFFFAOYSA-N,22,1,0,0,0,0,False,False,False,False,,,
OCNT-2535241,blind,RJVMMJOMRIMUAW-UHFFFAOYSA-N,26,3,0,0,1,1,False,False,False,False,,16,16
OCNT-2535242,blind,YQQRUTNMNAZIAR-UHFFFAOYSA-N,12,0,0,0,0,2,False,False,False,False,,,"6,11"
OCNT-2535245,blind,WYMAJKNSMXCGIZ-UHFFFAOYSA-N,26,2,0,0,0,0,False,False,False,False,,,
OCNT-2535246,blind,DXSBLFMKEXSCHT-UHFFFAOYSA-N,18,3,0,0,1,1,False,False,False,False,,4,4
OCNT-2535247,blind,GQEMTFSFTIYYQV-UHFFFAOYSA-N,24,3,0,0,1,1,False,False,False,False,,16,16
OCNT-2535251,blind,HCTPQQNFDUUQCP-UHFFFAOYSA-N,26,4,0,0,1,2,False,False,False,False,,10,"10,24"
OCNT-2535253,blind,MVGCIXCMMDGBJB-UHFFFAOYSA-N,34,3,0,0,0,0,False,False,False,False,,,
OCNT-2535254,blind,KPGSJBXHVSMRQD-UHFFFAOYSA-N,28,4,1,1,2,2,False,False,False,False,8,"8,20","8,20"
OCNT-2535255,blind,KXYNTGNJNDVQPV-UHFFFAOYSA-N,25,5,2,2,3,3,False,False,False,False,"18,21","3,18,21","3,18,21"
OCNT-2535256,blind,JXGQGYDGFKVAGS-UHFFFAOYSA-N,20,4,1,1,2,2,False,False,False,False,18,"6,18","6,18"
OCNT-2535257,blind,GIFMHUOKHSZMOX-UHFFFAOYSA-N,20,3,1,1,2,2,False,False,False,False,0,"0,16","0,16"
OCNT-2535258,blind,ZFLVIIBWHCNOOG-UHFFFAOYSA-N,24,3,0,0,1,2,False,False,False,False,,12,"12,20"
OCNT-2535259,blind,KQJADINSIVAITE-UHFFFAOYSA-N,28,4,0,0,1,1,False,False,False,False,,25,25
OCNT-2535260,blind,LILSDJBHHJSHBG-UHFFFAOYSA-N,23,3,0,0,2,3,False,False,False,False,,"12,18","12,16,18"
OCNT-2535261,blind,JUCBOBOPNBEJRI-UHFFFAOYSA-N,26,5,0,0,2,2,False,False,False,False,,"3,12","3,12"
OCNT-2535263,blind,NEHJFSRZGHWAPB-UHFFFAOYSA-N,23,5,0,0,3,3,False,False,False,False,,"2,19,22","2,19,22"
OCNT-2535264,blind,VOAAHAILZAVKOW-UHFFFAOYSA-N,24,3,0,0,2,3,False,False,False,False,,"9,10","9,10,12"
OCNT-2535266,blind,RVWYLSURHLCBNJ-UHFFFAOYSA-N,26,1,0,0,0,0,False,False,False,False,,,
OCNT-2535268,blind,ZQAQXWNBLUULQE-UHFFFAOYSA-N,19,1,0,0,0,0,False,False,False,False,,,
OCNT-2535269,blind,HWCQLGJWSXXVAE-UHFFFAOYSA-N,22,1,0,0,0,0,False,False,False,False,,,
OCNT-2535270,blind,GXCCELUQAGUVAT-UHFFFAOYSA-N,25,1,0,0,0,0,False,False,False,False,,,
OCNT-2535271,blind,FHCGQOSRARVORR-UHFFFAOYSA-N,25,3,0,0,2,2,False,False,False,False,,"13,15","13,15"
OCNT-2535272,blind,YVWCRSMDWAIDNW-UHFFFAOYSA-N,22,2,0,0,1,1,False,False,False,False,,10,10
OCNT-2535273,blind,NQQMWLIDTXOOPF-UHFFFAOYSA-N,24,1,0,0,0,0,False,False,False,False,,,
OCNT-2535274,blind,RDGRHSIXXPNABJ-UHFFFAOYSA-N,23,1,0,0,0,0,False,False,False,False,,,
OCNT-2535275,blind,KLUGTQXZEWDNHZ-UHFFFAOYSA-N,25,2,0,0,0,0,False,False,False,False,,,
OCNT-2535276,blind,PAIBPRPWPWWPFS-UHFFFAOYSA-N,24,1,0,0,0,0,False,False,False,False,,,
OCNT-2535278,blind,HICWUXFYFMDECC-UHFFFAOYSA-N,29,4,2,2,2,2,False,False,False,False,"1,4","1,4","1,4"
OCNT-2535279,blind,UYICLSJFOXKRDU-UHFFFAOYSA-N,27,3,1,1,1,1,False,False,False,False,9,9,9
OCNT-2535280,blind,HXOXNEUCTFEUBE-UHFFFAOYSA-N,27,3,0,0,0,0,False,False,False,False,,,
OCNT-2535281,blind,QOFNSDLTCSJDLA-UHFFFAOYSA-N,28,3,0,0,0,0,False,False,False,False,,,
OCNT-2535283,blind,RTEFRIHQIDLYBP-UYAOXDASSA-N,28,4,0,0,1,1,False,False,False,False,,10,10
OCNT-2535284,blind,CIBADFZITYLDNX-UHFFFAOYSA-N,26,6,0,0,2,2,False,False,False,False,,"10,23","10,23"
OCNT-2535285,blind,VTDPEPIQXIVVFL-UHFFFAOYSA-N,26,4,0,0,1,1,False,False,False,False,,10,10
OCNT-2535286,blind,KHHXJNRZURBROH-UHFFFAOYSA-N,23,3,0,0,2,2,False,False,False,False,,"2,5","2,5"
OCNT-2535287,blind,RFYOYBVDIDEKQI-UHFFFAOYSA-N,21,3,0,0,1,1,False,False,False,False,,3,3
OCNT-2535289,blind,BZGJANJTFRAFBQ-UHFFFAOYSA-N,25,1,0,0,0,1,False,False,False,False,,,2
OCNT-2535290,blind,RGMOYEDXVSBPSL-UHFFFAOYSA-N,25,3,0,0,2,2,False,False,False,False,,"22,24","22,24"
OCNT-2535291,blind,YSKDICVXILSCRT-UHFFFAOYSA-N,22,3,0,0,1,1,False,False,False,False,,18,18
OCNT-2535292,blind,PKNMTVPPGWNIKB-UHFFFAOYSA-N,21,2,0,0,0,0,False,False,False,False,,,
OCNT-2535293,blind,NPCMCAXRNNQWJE-UHFFFAOYSA-N,23,2,0,0,1,3,False,False,False,False,,22,"5,8,22"
OCNT-2535294,blind,YRLRCSRZZHHKRW-UHFFFAOYSA-N,24,2,0,0,1,1,False,False,False,False,,23,23
OCNT-2535296,blind,GGQNCTRLLKCMLM-NSHDSACASA-N,19,2,0,0,0,1,False,False,False,False,,,2
OCNT-2535297,blind,PIVAZIMYJGDVBC-UHFFFAOYSA-N,27,4,0,0,1,1,False,False,False,False,,25,25
OCNT-2535298,blind,GGZHGKJEPIQYLJ-UHFFFAOYSA-N,23,4,0,0,1,1,False,False,False,False,,20,20
OCNT-2535299,blind,CXBGWYKVVMYGQM-UHFFFAOYSA-N,27,6,0,0,2,2,False,False,False,False,,"10,24","10,24"
OCNT-2535300,blind,KEXUTSNLWKGHAS-UHFFFAOYSA-N,28,4,0,0,1,1,False,False,False,False,,27,27
OCNT-2535303,blind,LQAPARJGASQPRL-UHFFFAOYSA-N,28,4,0,0,1,1,False,False,False,False,,24,24
OCNT-2535304,blind,LOSYCBROYSQTLJ-UHFFFAOYSA-N,23,1,0,0,0,0,False,False,False,False,,,
OCNT-2535306,blind,USRXUCVPWCMYSS-UHFFFAOYSA-N,17,3,1,1,2,2,False,False,False,False,1,"1,9","1,9"
OCNT-2535309,blind,ZUTQJBNPILUONC-UHFFFAOYSA-N,25,3,1,1,1,1,False,False,False,False,8,8,8
OCNT-2535311,blind,VYPVGXHOCDPJFB-UHFFFAOYSA-N,21,3,0,0,1,1,False,False,False,False,,10,10
OCNT-2535312,blind,RRLBFZAIPSUIOF-UHFFFAOYSA-N,21,3,0,0,1,1,False,False,False,False,,10,10
OCNT-2535313,blind,XQUKYBOAJQUQOE-UHFFFAOYSA-N,20,3,0,0,1,1,False,False,False,False,,10,10
OCNT-2535315,blind,OHQVQKICERBNIS-UHFFFAOYSA-N,17,3,0,0,1,1,False,False,False,False,,10,10
OCNT-2535316,blind,LGUCUIDFWMIUJQ-UHFFFAOYSA-N,25,2,0,0,1,1,False,False,False,False,,7,7
OCNT-2535317,blind,SWZAJZUMZQOCSN-UHFFFAOYSA-N,20,3,0,0,0,0,False,False,False,False,,,
OCNT-2535318,blind,YWYFUCDSZYFUDJ-UHFFFAOYSA-N,19,3,0,0,1,1,False,False,False,False,,18,18
OCNT-2535319,blind,WUECBLFZRORSQU-UHFFFAOYSA-N,19,3,0,0,1,1,False,False,False,False,,16,16
OCNT-2535321,blind,CMVNRHQLCUEETQ-UHFFFAOYSA-N,18,5,0,0,3,3,False,False,False,False,,"8,11,17","8,11,17"
OCNT-2535322,blind,SMHVCHUZLVAZBN-UHFFFAOYSA-N,20,1,0,0,0,0,False,False,False,False,,,
OCNT-2535328,blind,IHEQFDNRVDIHJW-UHFFFAOYSA-N,22,3,0,0,1,2,False,False,False,False,,2,"2,16"
OCNT-2535329,blind,NQBXPLXZRFRUJN-UHFFFAOYSA-N,18,3,0,0,1,1,False,False,False,False,,14,14
OCNT-2535330,blind,AKXGDNNWELLKMK-UHFFFAOYSA-N,27,4,0,0,1,1,False,False,False,False,,10,10
OCNT-2535331,blind,GEAVQABWXNCJED-UHFFFAOYSA-N,16,3,0,0,1,1,False,False,False,False,,12,12
OCNT-2535333,blind,ICMMMWUIZMXUGY-UHFFFAOYSA-N,34,3,0,0,0,0,False,False,False,False,,,
OCNT-2535334,blind,ZCNXIPJDCBLBRL-UHFFFAOYSA-N,24,5,0,0,2,2,False,False,False,False,,"11,13","11,13"
OCNT-2535335,blind,TZBJSUXIGJPKMR-UHFFFAOYSA-N,23,5,0,0,2,2,False,False,False,False,,"11,13","11,13"
OCNT-2535336,blind,XEKGCYVFUFFQSH-UHFFFAOYSA-N,23,5,0,0,2,2,False,False,False,False,,"18,20","18,20"
OCNT-2535337,blind,PXAVNFBONRBCOY-UHFFFAOYSA-N,22,5,0,0,2,2,False,False,False,False,,"11,13","11,13"
OCNT-2535338,blind,WIWKFYCRXKXNRW-UHFFFAOYSA-N,23,5,0,0,2,2,False,False,False,False,,"11,13","11,13"
OCNT-2535339,blind,GVHDPEGPHMMDBI-UHFFFAOYSA-N,20,3,0,0,1,1,False,False,False,False,,16,16
OCNT-2535340,blind,DZBHMPCEIYOINT-UHFFFAOYSA-N,21,3,0,0,1,1,False,False,False,False,,15,15
OCNT-2535341,blind,BOGBICBVOWYGPR-UHFFFAOYSA-N,24,3,0,0,1,1,False,False,False,False,,18,18
OCNT-2535342,blind,XRKFKALKQHZYQH-UHFFFAOYSA-N,25,5,1,1,3,3,False,False,False,False,7,"7,21,24","7,21,24"
OCNT-2535344,blind,LSYLHJZYAKFPPO-UHFFFAOYSA-N,29,4,1,1,2,2,False,False,False,False,8,"8,20","8,20"
OCNT-2535346,blind,LWCQUISMXAPNQX-UHFFFAOYSA-N,26,5,2,2,3,3,False,False,False,False,"3,22","3,12,22","3,12,22"
OCNT-2535348,blind,XZUGPFGCZDOSPK-UHFFFAOYSA-N,23,5,1,1,3,3,False,False,False,False,3,"3,12,21","3,12,21"
OCNT-2535351,blind,VBGRXTHNCJGTQN-UHFFFAOYSA-N,28,6,0,0,3,3,False,False,False,False,,"10,17,20","10,17,20"
OCNT-2535352,blind,DGVSRTOBSYVSPD-UHFFFAOYSA-N,24,4,0,0,1,1,False,False,False,False,,10,10
OCNT-2535353,blind,IZFCXBYXWOMUMW-UHFFFAOYSA-N,25,2,0,0,0,0,False,False,False,False,,,
OCNT-2535354,blind,RDUREHFLQGXCTB-UHFFFAOYSA-N,27,2,0,0,0,0,False,False,False,False,,,
OCNT-2535355,blind,ZMGVXRUDVLUFFM-UHFFFAOYSA-N,22,4,0,0,3,3,False,False,False,False,,"3,19,21","3,19,21"
OCNT-2535356,blind,QGBWHCLFLKQBOK-UHFFFAOYSA-N,25,4,0,0,2,2,False,False,False,False,,"21,24","21,24"
OCNT-2535357,blind,AAOKSSGRLHMOLS-UHFFFAOYSA-N,24,4,1,1,2,2,False,False,False,False,1,"1,23","1,23"
OCNT-2535358,blind,MUDGODBVZQYSCM-UHFFFAOYSA-N,21,3,0,0,2,2,False,False,False,False,,"19,20","19,20"
OCNT-2535360,blind,KNGAVEYDKBUPDQ-UHFFFAOYSA-N,23,4,0,0,2,2,False,False,False,False,,"6,17","6,17"
OCNT-2535361,blind,ISNNNHHNZAMUES-UHFFFAOYSA-N,23,4,0,0,2,2,False,False,False,False,,"6,21","6,21"
OCNT-2535362,blind,PWYSJWCEHZYKSB-UHFFFAOYSA-N,23,4,0,0,2,2,False,False,False,False,,"6,22","6,22"
OCNT-2535363,blind,GWAUPHFDPBESNO-UHFFFAOYSA-N,23,3,0,0,1,1,False,False,False,False,,6,6
OCNT-2535364,blind,OBDAAIBHXLZKIK-UHFFFAOYSA-N,23,5,0,0,2,2,False,False,False,False,,"4,14","4,14"
OCNT-2535365,blind,UQHJAGZUFVYRJV-UHFFFAOYSA-N,21,3,0,0,1,1,False,False,False,False,,6,6
OCNT-2535366,blind,FRWCDSBODDPUGW-UHFFFAOYSA-N,18,3,0,0,1,1,False,False,False,False,,9,9
OCNT-2535367,blind,ZUVQLYXIDIMUMH-UHFFFAOYSA-N,20,4,0,0,2,2,False,False,False,False,,"2,16","2,16"
OCNT-2535368,blind,VPIKWUUHGOPUOP-UHFFFAOYSA-N,24,2,0,0,0,0,False,False,False,False,,,
OCNT-2535370,blind,BWZOXLFXXDNFKE-UHFFFAOYSA-N,20,3,0,0,2,2,False,False,False,False,,"2,18","2,18"
OCNT-2535371,blind,PBXGXPAYWVQDQK-UHFFFAOYSA-N,25,6,0,0,2,2,False,False,False,False,,"11,13","11,13"
OCNT-2535372,blind,KMTZXKMAAPFECJ-UHFFFAOYSA-N,24,5,0,0,2,2,False,False,False,False,,"11,13","11,13"
OCNT-2535373,blind,SWEIXRZLXUCCAB-UHFFFAOYSA-N,24,5,0,0,2,2,False,False,False,False,,"17,19","17,19"
OCNT-2535374,blind,WGOVVAHNYKAPCJ-UHFFFAOYSA-N,26,6,0,0,2,2,False,False,False,False,,"20,22","20,22"
OCNT-2535375,blind,SHKLCPADVSLIAN-UHFFFAOYSA-N,24,5,0,0,2,2,False,False,False,False,,"18,20","18,20"
OCNT-2535377,blind,MYMOKMLRZRZKMY-UHFFFAOYSA-N,24,2,0,0,0,0,False,False,False,False,,,
OCNT-2535379,blind,WAQXIKGHBGSXPV-UHFFFAOYSA-N,18,2,0,0,1,1,False,False,False,False,,12,12
OCNT-2535380,blind,NLTKFZLQCNEBSK-UHFFFAOYSA-N,22,1,0,0,0,0,False,False,False,False,,,
OCNT-2535381,blind,FBPFGWJEVYEFMD-UHFFFAOYSA-N,24,2,0,0,1,1,False,False,False,False,,16,16
OCNT-2535382,blind,NHMWJWODFPBDIM-UHFFFAOYSA-N,23,2,0,0,1,1,False,False,False,False,,15,15
OCNT-2535383,blind,ZNGPOOQENQJNDX-UHFFFAOYSA-N,18,2,0,0,1,1,False,False,False,False,,4,4
OCNT-2535384,blind,XEPNYYFLRCYLKY-UHFFFAOYSA-N,21,2,0,0,0,1,False,False,False,False,,,2
OCNT-2535385,blind,NOASYIXQJJHBQC-UHFFFAOYSA-N,22,2,1,1,1,2,False,False,False,False,17,17,"17,21"
OCNT-2535386,blind,DECFOBOPWZEUFC-NFOMZHRRSA-N,22,2,1,1,1,2,False,False,False,False,17,17,"17,21"
OCNT-2535388,blind,CYDRFRYHBJCEJM-UHFFFAOYSA-N,22,7,0,0,4,4,False,False,False,False,,"3,13,14,21","3,13,14,21"
OCNT-2535389,blind,FBUSTSSATAJVDQ-UHFFFAOYSA-N,23,3,0,0,1,1,False,False,False,False,,11,11
OCNT-2535391,blind,QOTOVYDLUWOYSI-UHFFFAOYSA-N,23,3,2,2,2,2,False,False,False,False,"1,4","1,4","1,4"
OCNT-2535393,blind,HVYPDDQIDBTPSM-UHFFFAOYSA-N,24,3,1,1,1,1,False,False,False,False,3,3,3
OCNT-2535394,blind,AZQAKLANCJPMFX-UHFFFAOYSA-N,23,5,1,1,3,3,False,False,False,False,3,"3,8,12","3,8,12"
OCNT-2535397,blind,QZZSCPKZZMSRQR-UHFFFAOYSA-N,26,3,0,0,1,1,False,False,False,False,,16,16
OCNT-2535398,blind,YOEFEAFRFSNRDZ-UHFFFAOYSA-N,21,4,1,1,2,2,False,False,False,False,2,"2,12","2,12"
OCNT-2535399,blind,FPJSXKSTUFDVEQ-UHFFFAOYSA-N,22,2,1,1,1,1,False,False,False,False,10,10,10
OCNT-2535400,blind,XTXGLOBWOMUGQB-UHFFFAOYSA-N,14,1,1,1,1,2,False,False,False,False,9,9,"9,12"
OCNT-2535401,blind,NXFZCMYDZHWBPN-UHFFFAOYSA-N,28,3,0,0,1,1,False,False,False,False,,12,12
OCNT-2535402,blind,FQUFTVCPQSJFIO-UHFFFAOYSA-N,28,3,0,0,1,1,False,False,False,False,,22,22
OCNT-2535403,blind,QAHCCIYPFFPMQO-UHFFFAOYSA-N,28,3,0,0,1,1,False,False,False,False,,20,20
OCNT-2535404,blind,MSQXXBBHBNILIU-UHFFFAOYSA-N,23,4,0,0,1,1,False,False,False,False,,20,20
OCNT-2535405,blind,LBTWHFVYVCJPDY-UHFFFAOYSA-N,23,3,0,0,0,0,False,False,False,False,,,
OCNT-2535406,blind,RCGSHNCCAXCFBG-UHFFFAOYSA-N,26,3,0,0,0,0,False,False,False,False,,,
OCNT-2535407,blind,JOZNYWDUWPEPOS-UHFFFAOYSA-N,23,2,1,1,1,1,False,False,False,False,10,10,10
OCNT-2535408,blind,GAIJWLNOPUVOQA-UHFFFAOYSA-N,26,2,0,0,0,1,False,False,False,False,,,12
OCNT-2535409,blind,GLVYEJAJUNSCSG-ZDUSSCGKSA-N,25,3,0,0,0,0,False,False,False,False,,,
OCNT-2535410,blind,UDZQACMOTGHBFF-WHUIICBVSA-N,24,3,0,0,0,0,False,False,False,False,,,
OCNT-2535411,blind,SBJUDQGWTGRCOS-UHFFFAOYSA-N,26,3,0,0,0,0,False,False,False,False,,,
OCNT-2535412,blind,BMLYWGFGQHCSOQ-UHFFFAOYSA-N,24,6,0,0,3,3,False,False,False,False,,"6,14,17","6,14,17"
OCNT-2535413,blind,MJFUJWPSXJNGFP-UHFFFAOYSA-N,19,3,0,0,1,1,False,False,False,False,,12,12
OCNT-2535414,blind,FSNBLUCEASGXEI-UHFFFAOYSA-N,18,3,0,0,1,1,False,False,False,False,,11,11
OCNT-2535415,blind,JPXISSCEGJBZHC-UHFFFAOYSA-N,23,4,0,0,2,2,False,False,False,False,,"14,16","14,16"
OCNT-2535416,blind,FOCJWONFDVXFHW-UHFFFAOYSA-N,19,4,0,0,2,2,False,False,False,False,,"2,10","2,10"
OCNT-2535417,blind,HLKIFKKQUOTSJS-UHFFFAOYSA-N,23,2,0,0,0,1,False,False,False,False,,,5
OCNT-2535418,blind,OSGOAQVFZXVPBZ-UHFFFAOYSA-N,16,1,1,1,1,2,False,False,False,False,5,5,"5,13"
OCNT-2535419,blind,IZQNIAQCABSJTP-UHFFFAOYSA-N,24,1,0,0,0,0,False,False,False,False,,,
OCNT-2535420,blind,QZRDFJCRLZNCPN-UHFFFAOYSA-N,16,2,1,1,1,1,False,False,False,False,15,15,15
OCNT-2535421,blind,OJTZNYZIWIHPPC-UHFFFAOYSA-N,22,2,1,1,1,1,False,False,False,False,12,12,12
OCNT-2535422,blind,SQVLKMQEOIPRGY-UHFFFAOYSA-N,21,2,0,0,0,0,False,False,False,False,,,
OCNT-2535423,blind,UXHBXSYNKYONDN-UHFFFAOYSA-N,22,2,1,1,1,1,False,False,False,False,11,11,11
OCNT-2535424,blind,ZQYLZRZOVQVWSK-UHFFFAOYSA-N,14,3,1,1,1,2,False,False,False,False,9,9,"9,12"
OCNT-2535425,blind,VBQOGIMKZOHJPM-UHFFFAOYSA-N,22,1,0,0,0,0,False,False,False,False,,,
OCNT-2535428,blind,RBETYTIKZNPUDP-UHFFFAOYSA-N,19,1,0,0,0,0,False,False,False,False,,,
OCNT-2535430,blind,BRQBDAGKMWDXBZ-UHFFFAOYSA-N,23,1,0,0,0,0,False,False,False,False,,,
OCNT-2535431,blind,UKUBHSNWKWEGCS-UHFFFAOYSA-N,22,1,0,0,0,0,False,False,False,False,,,
OCNT-2535432,blind,AJUISAAZXAINSV-UHFFFAOYSA-N,21,4,0,0,3,3,False,False,False,False,,"11,16,17","11,16,17"
OCNT-2535433,blind,RRLQTFFYDYQAEB-UHFFFAOYSA-N,22,4,0,0,3,3,False,False,False,False,,"11,16,17","11,16,17"
OCNT-2535435,blind,CGBRWURLLFCELN-UHFFFAOYSA-N,32,3,0,0,0,0,False,False,False,False,,,
OCNT-2535436,blind,SIRLKSMSEUTMAK-UHFFFAOYSA-N,23,4,0,0,2,2,False,False,False,False,,"4,20","4,20"
OCNT-2535438,blind,TTZISFZGDKKLFB-UHFFFAOYSA-N,30,3,0,0,1,1,False,False,False,False,,8,8
OCNT-2535439,blind,UFRHULSFWAOUGE-UHFFFAOYSA-N,27,3,0,0,1,1,False,False,False,False,,17,17
OCNT-2535441,blind,PDHQXDUBQZIXKW-UHFFFAOYSA-N,24,2,0,0,0,0,False,False,False,False,,,
OCNT-2535442,blind,OMXUVUJESQSBFF-UHFFFAOYSA-N,27,2,0,0,0,0,False,False,False,False,,,
OCNT-2535443,blind,TVLXRHKHOIQLFG-UHFFFAOYSA-N,27,2,0,0,0,0,False,False,False,False,,,
OCNT-2535444,blind,MXIXREIOWMHIHB-UHFFFAOYSA-N,28,4,0,0,1,1,False,False,False,False,,24,24
OCNT-2535445,blind,KZGQIBIENJMMJO-UHFFFAOYSA-N,24,3,0,0,1,1,False,False,False,False,,20,20
OCNT-2535446,blind,QNKZOHALSIKOGG-UHFFFAOYSA-N,29,2,0,0,0,0,False,False,False,False,,,
OCNT-2535447,blind,VKSYTAAUDUIAJS-UHFFFAOYSA-N,29,4,0,0,1,1,False,False,False,False,,24,24
OCNT-2535450,blind,IZRLYXSDUURUQV-UHFFFAOYSA-N,24,2,0,0,0,0,False,False,False,False,,,
OCNT-2535451,blind,PAEOFPRSRSRSST-UHFFFAOYSA-N,27,2,0,0,0,1,False,False,False,False,,,10
OCNT-2535452,blind,OILYBUCYORVSNU-UHFFFAOYSA-N,27,4,0,0,1,1,False,False,False,False,,23,23
OCNT-2535454,blind,OGDCZXVSGBQEND-UHFFFAOYSA-N,18,3,0,0,1,1,False,False,False,False,,11,11
OCNT-2535460,blind,AHGPUGNOBPVLGN-HVFKJYJOSA-N,39,3,0,0,0,0,False,False,False,False,,,
OCNT-2535461,blind,QUVJUZYXSQGWFB-WGIUUAEBSA-N,22,6,0,0,3,4,False,False,False,False,,"8,14,16","0,8,14,16"
OCNT-2535462,blind,XFNRDHKLLKOGLQ-VNXPTHQBSA-N,23,6,0,0,4,5,False,False,False,False,,"8,14,16,21","0,8,14,16,21"
OCNT-2535463,blind,QKMHAXQDDXGVIL-KZMQIFKDSA-N,23,5,0,0,3,4,False,False,False,False,,"8,14,18","0,8,14,18"
OCNT-2535464,blind,OGVWWRHHLXLTMA-XHAYOOOLSA-N,25,6,0,0,3,4,False,False,False,False,,"8,10,20","8,10,20,24"
OCNT-2535465,blind,RQPHUVUBLSWRJU-RJPUVWTNSA-N,26,5,0,0,2,3,False,False,False,False,,"14,19","14,18,19"
OCNT-2535466,blind,RVDIXDKVKBHDOZ-RIJFORKLSA-N,26,5,0,0,2,3,False,False,False,False,,"4,21","4,21,25"
OCNT-2535467,blind,GGYFXVVOEHYTQZ-HIDCPEKUSA-N,22,6,0,0,3,4,False,False,False,False,,"2,16,21","2,16,20,21"
OCNT-2535468,blind,JOBOJJDANUYXJK-GFWLXOEUSA-N,25,5,0,0,2,3,False,False,False,False,,"13,24","13,17,24"
OCNT-2535469,blind,LWFCHJCJKHVUIA-VUOSCMKMSA-N,25,6,0,0,3,4,False,False,False,False,,"3,4,20","3,4,20,24"
OCNT-2535471,blind,UKCAZHRMWOHLFQ-ZRNAQANOSA-N,24,5,0,0,3,4,False,False,False,False,,"8,14,22","0,8,14,22"
OCNT-2535473,blind,SPYDUYOFQJNSFT-UHFFFAOYSA-N,23,1,0,0,0,0,False,False,False,False,,,
OCNT-2535474,blind,FSWGWWWYPIFJIM-UHFFFAOYSA-N,21,4,0,0,2,2,False,False,False,False,,"2,17","2,17"
OCNT-2535475,blind,PMBKCNGYNQSXRW-UHFFFAOYSA-N,20,3,0,0,1,1,False,False,False,False,,16,16
OCNT-2535477,blind,SWZPUBDKJLZFAB-UHFFFAOYSA-N,19,4,0,0,2,2,False,False,False,False,,"11,16","11,16"
OCNT-2535479,blind,CETCOIXUUZTGDH-UHFFFAOYSA-N,23,3,0,0,1,1,False,False,False,False,,18,18
OCNT-2535482,blind,UUNXUCVNDXSLNL-UHFFFAOYSA-N,27,3,0,0,0,0,False,False,False,False,,,
OCNT-2535486,blind,VFRVNEHAMSLQNP-UHFFFAOYSA-N,31,3,0,0,1,1,False,False,False,False,,19,19
OCNT-2535489,blind,VTLFDKXGCFMBGH-UHFFFAOYSA-N,24,2,0,0,1,1,False,False,False,False,,23,23
OCNT-2535491,blind,NKNZGJBWIMQANB-UHFFFAOYSA-N,23,4,0,0,2,2,False,False,False,False,,"14,22","14,22"
OCNT-2535492,blind,CUNJKOVWRYTGIN-UHFFFAOYSA-N,23,3,0,0,1,1,False,False,False,False,,20,20
OCNT-2535493,blind,IRSOKLHQDCQHTL-UHFFFAOYSA-N,25,3,0,0,1,1,False,False,False,False,,24,24
OCNT-2535494,blind,VOMKYYPGNGBDGC-UHFFFAOYSA-N,23,2,0,0,0,1,False,False,False,False,,,22
OCNT-2535495,blind,WYWVZVAYHAEISY-UHFFFAOYSA-N,24,3,0,0,1,1,False,False,False,False,,23,23
OCNT-2535496,blind,WJCCOFSTBUGCPR-UHFFFAOYSA-N,23,3,0,0,1,1,False,False,False,False,,19,19
OCNT-2535497,blind,MVWWCAXQDZBEKQ-UHFFFAOYSA-N,25,3,0,0,1,1,False,False,False,False,,18,18
OCNT-2535498,blind,OONHUIJZWVUGQD-UHFFFAOYSA-N,23,4,0,0,1,1,False,False,False,False,,4,4
OCNT-2535499,blind,YTCWQXKCZPKNIM-UHFFFAOYSA-N,24,4,0,0,1,1,False,False,False,False,,23,23
OCNT-2535501,blind,HEAHZRJGYCCVPL-UHFFFAOYSA-N,28,2,0,0,0,0,False,False,False,False,,,
OCNT-2535502,blind,VRGQUHMHMWMMIO-UHFFFAOYSA-N,24,2,1,1,1,1,False,False,False,False,13,13,13
OCNT-2535505,blind,WXJDGUQDVIHQBV-UHFFFAOYSA-N,25,5,0,0,1,1,False,False,False,False,,9,9
OCNT-2535507,blind,ASPOCJXGJJQSQE-LLVKDONJSA-N,23,3,0,0,1,1,False,False,False,False,,19,19
OCNT-2535509,blind,CJOSMYTWIBGINT-UHFFFAOYSA-N,24,2,0,0,0,0,False,False,False,False,,,
OCNT-2535510,blind,GZLYFBQUIOGBDE-UHFFFAOYSA-N,24,2,0,0,0,0,False,False,False,False,,,
OCNT-2535511,blind,NFGGLBRCMMWYJY-UHFFFAOYSA-N,23,2,0,0,0,0,False,False,False,False,,,
OCNT-2535513,blind,XPKQPEGJZMZRBA-UHFFFAOYSA-N,24,2,0,0,0,0,False,False,False,False,,,
OCNT-2535514,blind,NRSSWXDHHIECHM-UHFFFAOYSA-N,24,2,0,0,0,0,False,False,False,False,,,
OCNT-2535516,blind,KUDWKUFURSFSJL-UHFFFAOYSA-N,24,2,0,0,0,0,False,False,False,False,,,
OCNT-2535517,blind,OXRVVZFSAUNGDY-UHFFFAOYSA-N,24,2,0,0,0,0,False,False,False,False,,,
OCNT-2535518,blind,LGAAMUFWYIESPQ-UHFFFAOYSA-N,24,2,0,0,0,0,False,False,False,False,,,
OCNT-2535519,blind,IEQWNXZBGUGNNG-UHFFFAOYSA-N,26,3,0,0,1,1,False,False,False,False,,11,11
OCNT-2535520,blind,QLDUMQHLVQSFJU-UHFFFAOYSA-N,24,3,0,0,0,0,False,False,False,False,,,
OCNT-2535521,blind,DUHXDIDGFSUWJS-UHFFFAOYSA-N,16,1,1,1,1,2,False,False,False,False,10,10,"10,13"
OCNT-2535522,blind,UYYOQMHJNVHBOI-UHFFFAOYSA-N,26,3,0,0,0,0,False,False,False,False,,,
OCNT-2535523,blind,IBFHENRKLHIACR-UHFFFAOYSA-N,26,6,0,0,2,2,False,False,False,False,,"14,25","14,25"
OCNT-2535524,blind,KNZOSALJKRZREA-UHFFFAOYSA-N,23,3,0,0,2,3,False,False,False,False,,"7,20","7,17,20"
OCNT-2535529,blind,JKGUWXHDDVUFDQ-UHFFFAOYSA-N,23,3,0,0,1,1,False,False,False,False,,15,15
OCNT-2535530,blind,OIMYVFKAAORUSX-UHFFFAOYSA-N,27,4,0,0,1,1,False,False,False,False,,25,25
OCNT-2535531,blind,PDQJLWJVQZINJW-UHFFFAOYSA-N,30,4,0,0,0,0,False,False,False,False,,,
OCNT-2535533,blind,CGXJQNIBUILKHP-UHFFFAOYSA-N,18,3,0,0,2,2,False,False,False,False,,"6,7","6,7"
OCNT-2535534,blind,UEJLENUDLJDDCQ-UHFFFAOYSA-N,24,2,0,0,0,0,False,False,False,False,,,
OCNT-2535536,blind,MJULYVWFVHPYOK-UHFFFAOYSA-N,22,4,0,0,2,2,False,False,False,False,,"6,9","6,9"
OCNT-2535537,blind,CDHXVHJOSNONTE-UHFFFAOYSA-N,24,5,0,0,2,2,False,False,False,False,,"17,20","17,20"
OCNT-2535538,blind,AXXBNPYZYMTTDD-UHFFFAOYSA-N,23,5,0,0,2,2,False,False,False,False,,"13,16","13,16"
OCNT-2535539,blind,WPHUJGOUOZPWGC-UHFFFAOYSA-N,28,2,0,0,1,2,False,False,False,False,,25,"5,25"
OCNT-2535540,blind,PJBBPZUOXMVBGM-UHFFFAOYSA-N,22,3,0,0,1,1,False,False,False,False,,13,13
OCNT-2535541,blind,NSIHAZMQGXAMJI-UHFFFAOYSA-N,17,1,0,0,0,0,False,False,False,False,,,
OCNT-2535543,blind,KVTMJSLAIYWPFK-UHFFFAOYSA-N,19,1,0,0,0,1,False,False,False,False,,,2
OCNT-2535545,blind,HEQILIHBMVATFY-UHFFFAOYSA-N,20,1,0,0,0,0,False,False,False,False,,,
OCNT-2535547,blind,QAYKGARWIMDBCY-UHFFFAOYSA-N,25,3,1,1,2,2,False,False,False,False,13,"13,24","13,24"
OCNT-2535549,blind,SEIPXTQBZWGTMU-UHFFFAOYSA-N,26,1,0,0,0,0,False,False,False,False,,,
OCNT-2535550,blind,GGQNCTRLLKCMLM-LLVKDONJSA-N,19,2,0,0,0,1,False,False,False,False,,,2
OCNT-2535551,blind,ZZCTYRLJKBBNHT-UHFFFAOYSA-N,33,3,0,0,1,1,False,False,False,False,,5,5
OCNT-2535552,blind,XAPMDMIYUPCJOP-UHFFFAOYSA-N,25,6,0,0,2,2,False,False,False,False,,"19,24","19,24"
OCNT-2535554,blind,XTWCXVCCEWOSNH-UHFFFAOYSA-N,24,4,0,0,1,1,False,False,False,False,,21,21
OCNT-2535555,blind,OGDXWUYRZVGURY-UHFFFAOYSA-N,24,4,0,0,3,4,False,False,False,False,,"11,16,17","0,11,16,17"
OCNT-2535556,blind,UHNOQEIMMMIKDG-KRWDZBQOSA-N,26,1,0,0,0,1,False,False,False,False,,,22
OCNT-2535557,blind,LZZLJQWRSKMQMX-UHFFFAOYSA-N,35,5,0,0,1,1,False,False,False,False,,7,7
OCNT-2535559,blind,IKMMRTDWOWYUQN-UHFFFAOYSA-N,18,4,0,0,3,3,False,False,False,False,,"11,16,17","11,16,17"
OCNT-2535560,blind,BMGVQTUPKNPSSW-UHFFFAOYSA-N,19,1,0,0,0,0,False,False,False,False,,,
OCNT-2535563,blind,BIIDUTRIXMOTDH-UHFFFAOYSA-N,22,5,0,0,2,2,False,False,False,False,,"3,20","3,20"
OCNT-2535564,blind,JQGBNTLYTQELFB-UHFFFAOYSA-N,28,3,0,0,1,1,False,False,False,False,,25,25
OCNT-2535565,blind,VXDCYZBVHBMOOK-IBGZPJMESA-N,24,2,0,0,1,2,False,False,False,False,,14,"14,17"
OCNT-2535566,blind,VXDCYZBVHBMOOK-LJQANCHMSA-N,24,2,0,0,1,2,False,False,False,False,,14,"14,17"
OCNT-2535567,blind,OEPIHANONNHMIE-UHFFFAOYSA-N,20,5,0,0,3,3,False,False,False,False,,"5,6,19","5,6,19"
OCNT-2535569,blind,TUUPNQAXRIADQY-UHFFFAOYSA-N,21,4,0,0,0,0,False,False,False,False,,,
OCNT-2535572,blind,JKDXJPZIACJBTM-UHFFFAOYSA-N,32,6,0,0,1,1,False,False,False,False,,16,16
OCNT-2535573,blind,DHIODPBJMYLUQH-UHFFFAOYSA-N,32,5,0,0,1,1,False,False,False,False,,16,16
OCNT-2535574,blind,JQHCHHDQTVUKIS-UHFFFAOYSA-N,29,7,0,0,3,3,False,False,False,False,,"16,19,23","16,19,23"
OCNT-2535576,blind,UQPFUHRCFWVGOQ-UHFFFAOYSA-N,33,5,0,0,1,1,False,False,False,False,,16,16
OCNT-2535577,blind,VKBGDNSTFIYJRU-UHFFFAOYSA-N,21,1,0,0,0,0,False,False,False,False,,,
OCNT-2535578,blind,MYLDNWDULMBTAK-UHFFFAOYSA-N,26,3,0,0,0,0,False,False,False,False,,,
OCNT-2535579,blind,ZLFAIQGHKPFLLF-UHFFFAOYSA-N,19,4,0,0,3,4,False,False,False,False,,"12,17,18","2,12,17,18"
OCNT-2535581,blind,BIARALUSFDYYBK-UHFFFAOYSA-N,21,1,0,0,0,0,False,False,False,False,,,
OCNT-2535582,blind,ZRYRYSZIVIUSQK-UHFFFAOYSA-N,28,2,0,0,0,0,False,False,False,False,,,
OCNT-2535583,blind,OIXWVLVYLBMTPP-UHFFFAOYSA-N,19,1,0,0,0,1,False,False,False,False,,,10
OCNT-2535584,blind,YQVIOHWFDXKKCF-UHFFFAOYSA-N,20,1,0,0,0,0,False,False,False,False,,,
OCNT-2535585,blind,PLWGTEPFFAFSNK-UHFFFAOYSA-N,21,1,0,0,0,0,False,False,False,False,,,
OCNT-2535586,blind,SUUBBRAIMMIKJS-UHFFFAOYSA-N,20,1,0,0,0,0,False,False,False,False,,,
OCNT-2535587,blind,MQDNXQXDFDMRTR-UHFFFAOYSA-N,20,1,0,0,0,0,False,False,False,False,,,
OCNT-2535588,blind,LPZGJDHZXHWFKL-UHFFFAOYSA-N,23,2,0,0,0,0,False,False,False,False,,,
OCNT-2535589,blind,DXQZQTGBCDFXJN-UHFFFAOYSA-N,23,2,0,0,0,0,False,False,False,False,,,
OCNT-2535590,blind,JMEVYSUMMPPCNK-UHFFFAOYSA-N,19,1,0,0,0,0,False,False,False,False,,,
OCNT-2535592,blind,SPMCZRVDSHKPHZ-UHFFFAOYSA-N,23,3,0,0,1,1,False,False,False,False,,2,2
OCNT-2535593,blind,QORPNJUHQFNFAO-UHFFFAOYSA-N,20,1,0,0,0,0,False,False,False,False,,,
OCNT-2535596,blind,PGZDULVGIFEKJO-UHFFFAOYSA-N,26,3,0,0,1,2,False,False,False,False,,22,"3,22"
OCNT-2535597,blind,CIKYTJVUIFDYBQ-UHFFFAOYSA-N,24,5,0,0,4,5,False,False,False,False,,"16,21,22,23","0,16,21,22,23"
OCNT-2535598,blind,PTRNIWLUYYNJPG-UHFFFAOYSA-N,21,5,0,0,1,1,False,False,False,False,,11,11
OCNT-2535599,blind,DBKQNLOMLAQNIS-UHFFFAOYSA-N,24,3,0,0,1,1,False,False,False,False,,4,4
OCNT-2535600,blind,JTSBSXZVHCIHLI-CYBMUJFWSA-N,24,3,0,0,1,1,False,False,False,False,,17,17
OCNT-2535601,blind,GEFUIQKFYGBVRF-UHFFFAOYSA-N,24,3,0,0,1,1,False,False,False,False,,4,4
OCNT-2535602,blind,PZNNPXHBWSCTTO-UHFFFAOYSA-N,22,3,0,0,1,1,False,False,False,False,,6,6
OCNT-2535603,blind,CUFPYJFLBNZMOA-UHFFFAOYSA-N,15,2,0,0,0,0,False,False,False,False,,,
OCNT-2535605,blind,DQHOPQPJUVXCQP-UHFFFAOYSA-N,25,4,0,0,2,2,False,False,False,False,,"8,11","8,11"
OCNT-2535606,blind,HACCLFSUZUAKGP-UHFFFAOYSA-N,27,4,0,0,1,2,False,False,False,False,,16,"14,16"
OCNT-2535607,blind,CKXVFIPITDNXJD-UHFFFAOYSA-N,29,2,1,1,1,1,False,False,False,False,7,7,7
OCNT-2535611,blind,MAPJHDPXQXFZKP-UHFFFAOYSA-N,26,3,0,0,1,2,False,False,False,False,,18,"9,18"
OCNT-2535612,blind,ROSOUTDABWNWNG-UHFFFAOYSA-N,16,2,0,0,1,1,False,False,False,False,,12,12
OCNT-2535614,blind,BNTNTTDFRWQZSX-UHFFFAOYSA-N,20,1,0,0,0,0,False,False,False,False,,,
OCNT-2535616,blind,NNSHXSLVAWXCRS-UHFFFAOYSA-N,18,1,0,0,0,0,False,False,False,False,,,
OCNT-2535617,blind,ASONSTZFKYORPI-UHFFFAOYSA-N,24,4,0,0,1,1,False,False,False,False,,13,13
OCNT-2535618,blind,GMSGUDRQGQFXOP-UHFFFAOYSA-N,20,1,0,0,0,0,False,False,False,False,,,
OCNT-2535619,blind,RNRNGFWNMPQBSY-UHFFFAOYSA-N,19,1,0,0,0,0,False,False,False,False,,,
OCNT-2535620,blind,AMPWWLIMOOMKAQ-UHFFFAOYSA-N,19,1,0,0,0,0,False,False,False,False,,,
OCNT-2535621,blind,QHEWAGFBUXKCTM-UHFFFAOYSA-N,19,1,0,0,0,0,False,False,False,False,,,
OCNT-2535623,blind,JJYWLFQRQOTSKA-IUCAKERBSA-N,16,2,1,1,1,2,False,False,False,False,11,11,"11,14"
OCNT-2535624,blind,IYCLSQIPWSQNIF-UHFFFAOYSA-N,25,2,0,0,0,0,False,False,False,False,,,
OCNT-2535625,blind,ODSYZVWQYJLMAW-UHFFFAOYSA-N,23,3,0,0,2,2,False,False,False,False,,"7,20","7,20"
OCNT-2535626,blind,ZPNQUHVMHVNRCK-UHFFFAOYSA-N,24,4,1,1,3,3,False,False,False,False,17,"7,17,21","7,17,21"
OCNT-2535627,blind,PXARPJQYVTVYOH-UHFFFAOYSA-N,26,3,0,0,1,1,False,False,False,False,,14,14
OCNT-2535630,blind,KVPAMEMYQLETCL-UHFFFAOYSA-N,28,2,1,1,2,2,False,False,False,False,27,"15,27","15,27"
OCNT-2535632,blind,DILHJKQJIRRSPN-UHFFFAOYSA-N,18,1,0,0,0,0,False,False,False,False,,,
OCNT-2535634,blind,GNWYBOAPRZJEJI-UHFFFAOYSA-N,24,3,0,0,1,2,False,False,False,False,,2,"2,19"
OCNT-2535635,blind,RFLYDQLJNTUTAF-UHFFFAOYSA-N,30,5,0,0,1,1,False,False,False,False,,16,16
OCNT-2535638,blind,JBUMYJJTMDCCOX-UHFFFAOYSA-N,24,3,1,1,1,1,False,False,False,False,10,10,10
OCNT-2535639,blind,ALWDRGAHNVDCTR-UHFFFAOYSA-N,28,3,0,0,0,0,False,False,False,False,,,
OCNT-2535640,blind,XXGXHKARXLHQMT-UHFFFAOYSA-N,26,2,1,1,1,1,False,False,False,False,14,14,14
OCNT-2535642,blind,DUVCDNFPERLZRI-UHFFFAOYSA-N,25,5,1,1,3,3,False,False,False,False,10,"3,10,24","3,10,24"
OCNT-2535643,blind,UPPVEVGLQBMBBV-UHFFFAOYSA-N,27,5,1,1,3,3,False,False,False,False,7,"7,21,26","7,21,26"
OCNT-2535644,blind,FYBARWQRIIGYFV-UHFFFAOYSA-N,24,2,1,1,1,2,False,False,False,False,0,0,"0,13"
OCNT-2535645,blind,PHWVFUZKPXFHHN-UHFFFAOYSA-N,23,2,0,0,1,2,False,False,False,False,,6,"6,12"
OCNT-2535646,blind,MCDMTZKCLHECNU-UHFFFAOYSA-N,25,3,1,1,1,1,False,False,False,False,2,2,2
OCNT-2535648,blind,OMNJUTZGQKOEPZ-UHFFFAOYSA-N,24,4,1,1,2,2,False,False,False,False,7,"7,16","7,16"
OCNT-2535649,blind,VQUDCUFYSLKRGD-UHFFFAOYSA-N,30,4,0,0,2,3,False,False,False,False,,"11,12","9,11,12"
OCNT-2535650,blind,OQMAXFFQKLMZJI-UHFFFAOYSA-N,16,3,0,0,2,2,False,False,False,False,,"6,8","6,8"
OCNT-2535651,blind,UWRJXBUQMYHCRA-UHFFFAOYSA-N,22,5,0,0,3,3,False,False,False,False,,"5,14,17","5,14,17"
OCNT-2535652,blind,HTLOUMQRJPHKLH-UHFFFAOYSA-N,27,3,0,0,1,2,False,False,False,False,,20,"2,20"
OCNT-2535653,blind,IIZRSIBPQXZADI-UHFFFAOYSA-N,25,3,1,1,2,2,False,False,False,False,0,"0,16","0,16"
OCNT-2535654,blind,NAPKFRKJFGJAFA-UHFFFAOYSA-N,18,3,1,1,2,2,False,False,False,False,1,"1,10","1,10"
OCNT-2535655,blind,IXIORTXFXIMRGX-UHFFFAOYSA-N,23,2,1,1,1,2,False,False,False,False,5,5,"5,22"
OCNT-2535657,blind,KECHVMAHQAJKAO-UHFFFAOYSA-N,22,5,0,0,4,4,False,False,False,False,,"13,15,16,21","13,15,16,21"
OCNT-2535658,blind,NBVNOCVGFIHQIF-UHFFFAOYSA-N,24,3,0,0,1,1,False,False,False,False,,21,21
OCNT-2535659,blind,KNFDVTMLZUPRKU-UHFFFAOYSA-N,23,3,0,0,2,2,False,False,False,False,,"6,8","6,8"
OCNT-2535660,blind,PVEVZCXYGQHBHJ-UHFFFAOYSA-N,18,3,0,0,2,2,False,False,False,False,,"5,7","5,7"
OCNT-2535661,blind,HARCRWKYGNXMLV-UHFFFAOYSA-N,18,3,0,0,2,2,False,False,False,False,,"6,8","6,8"
OCNT-2535662,blind,CJSGMMLTXFAXPB-UHFFFAOYSA-N,21,3,0,0,2,2,False,False,False,False,,"6,8","6,8"
OCNT-2535663,blind,OFRPTPAADJOPPM-UHFFFAOYSA-N,20,3,0,0,2,2,False,False,False,False,,"6,8","6,8"
OCNT-2535664,blind,VACWFTSNYCGOSP-UHFFFAOYSA-N,19,4,0,0,2,2,False,False,False,False,,"6,8","6,8"
OCNT-2535665,blind,VWWGWOGNHKPWNE-UHFFFAOYSA-N,21,3,0,0,2,2,False,False,False,False,,"6,8","6,8"
OCNT-2535666,blind,LVFVQOFQOOLRJQ-UHFFFAOYSA-N,22,2,0,0,1,1,False,False,False,False,,5,5
OCNT-2535667,blind,BLMVIILCDNTTEE-UHFFFAOYSA-N,23,4,0,0,2,2,False,False,False,False,,"2,5","2,5"
OCNT-2535668,blind,DACUBDAGRHAABD-UHFFFAOYSA-N,25,4,0,0,2,2,False,False,False,False,,"4,9","4,9"
OCNT-2535670,blind,UUWMHEHPBUPKAP-UHFFFAOYSA-N,23,4,0,0,2,2,False,False,False,False,,"11,15","11,15"
OCNT-2535671,blind,JRAMMCXVHLQAHP-UHFFFAOYSA-N,25,5,0,0,3,3,False,False,False,False,,"17,21,23","17,21,23"
OCNT-2535672,blind,XFGAAZPALJLDKG-UHFFFAOYSA-N,18,3,0,0,2,2,False,False,False,False,,"6,8","6,8"
OCNT-2535673,blind,PVGVRWLPMOYWEH-UHFFFAOYSA-N,26,4,0,0,1,1,False,False,False,False,,15,15
OCNT-2535675,blind,RUOLLNNGVRSGNN-UHFFFAOYSA-N,22,3,0,0,1,1,False,False,False,False,,14,14
OCNT-2535677,blind,IVEIBVYQZUNAHX-UHFFFAOYSA-N,24,5,0,0,2,2,False,False,False,False,,"14,16","14,16"
OCNT-2535679,blind,LRBSZSOVEIBXRY-UHFFFAOYSA-N,20,4,0,0,2,2,False,False,False,False,,"8,10","8,10"
OCNT-2535681,blind,DRSRKEFMNUKDTA-UHFFFAOYSA-N,23,1,0,0,0,0,False,False,False,False,,,
OCNT-2535683,blind,CSTRDFXEVCRSAM-UHFFFAOYSA-N,34,7,0,0,3,3,False,False,False,False,,"12,15,25","12,15,25"
OCNT-2535685,blind,MGRICPSSZFRPCD-UHFFFAOYSA-N,34,7,0,0,3,3,False,False,False,False,,"6,25,28","6,25,28"
OCNT-2535686,blind,WYGJCBYIFAATAO-UHFFFAOYSA-N,34,7,0,0,3,4,False,False,False,False,,"6,22,27","6,15,22,27"
OCNT-2535687,blind,NZQNBNRENDLDML-UHFFFAOYSA-N,24,3,0,0,1,2,False,False,False,False,,23,"12,23"
OCNT-2535688,blind,UFSYAAOXXINHFF-UHFFFAOYSA-N,22,3,0,0,1,1,False,False,False,False,,19,19
OCNT-2535689,blind,JBYVSGPXEKBQBZ-UHFFFAOYSA-N,26,3,1,1,2,2,False,False,False,False,12,"12,23","12,23"
OCNT-2535690,blind,HLZIGJDHLUTNLW-UHFFFAOYSA-N,23,3,0,0,1,1,False,False,False,False,,15,15
OCNT-2535691,blind,CMZPXMYQADBDAY-UHFFFAOYSA-N,25,4,0,0,2,2,False,False,False,False,,"17,22","17,22"
OCNT-2535692,blind,ODTKYEDYGZTROD-UHFFFAOYSA-N,23,5,0,0,2,2,False,False,False,False,,"12,22","12,22"
OCNT-2535693,blind,QBYBLJHTEHMIGP-UHFFFAOYSA-N,23,4,0,0,2,2,False,False,False,False,,"15,20","15,20"
OCNT-2535694,blind,KWJSMLGDFNJFDG-UHFFFAOYSA-N,22,4,0,0,2,2,False,False,False,False,,"14,19","14,19"
OCNT-2535695,blind,OHDKEIMBJAPVQR-UHFFFAOYSA-N,24,4,0,0,2,2,False,False,False,False,,"16,21","16,21"
OCNT-2535696,blind,USSXXNFTIIOUDG-UHFFFAOYSA-N,26,5,0,0,2,2,False,False,False,False,,"18,23","18,23"
OCNT-2535700,blind,DIGRVLNWOITUJN-UHFFFAOYSA-N,25,3,0,0,1,1,False,False,False,False,,9,9
OCNT-2535701,blind,GEYDCUDSXDUENK-UHFFFAOYSA-N,24,3,0,0,2,2,False,False,False,False,,"3,5","3,5"
OCNT-2535702,blind,RFADLVBLBNWYRW-UHFFFAOYSA-N,24,3,0,0,1,1,False,False,False,False,,4,4
OCNT-2535703,blind,SPSHBGKJKWGKHH-INIZCTEOSA-N,32,7,0,0,3,3,False,False,False,False,,"7,25,28","7,25,28"
OCNT-2535705,blind,HXVPFDWDSDTTSE-UHFFFAOYSA-N,24,4,0,0,2,2,False,False,False,False,,"9,23","9,23"
OCNT-2535706,blind,DZDXENYZKRWWPA-UHFFFAOYSA-N,28,4,0,0,1,1,False,False,False,False,,23,23
OCNT-2535708,blind,RWFMTTFMSFTYDP-UHFFFAOYSA-N,30,5,0,0,3,4,False,False,False,False,,"22,27,28","3,22,27,28"
OCNT-2535712,blind,ROEIPZQYACJARQ-UHFFFAOYSA-N,27,3,0,0,1,2,False,False,False,False,,23,"12,23"
OCNT-2535713,blind,BCOJQNDYKGDSKW-UHFFFAOYSA-N,27,3,0,0,1,2,False,False,False,False,,20,"20,26"
OCNT-2535715,blind,RYXWZOWLCANEOY-UHFFFAOYSA-N,23,3,0,0,1,1,False,False,False,False,,15,15
OCNT-2535717,blind,HUGNWMRXMYQMAD-UHFFFAOYSA-N,25,4,0,0,1,1,False,False,False,False,,13,13
OCNT-2535720,blind,DOMSXLVTHIWDNG-UHFFFAOYSA-N,24,6,0,0,3,3,False,False,False,False,,"10,17,21","10,17,21"
OCNT-2535724,blind,YMRPNHDRNWAFJV-UHFFFAOYSA-N,24,4,0,0,1,1,False,False,False,False,,21,21
OCNT-2535725,blind,HGUJPLVJHNCGPO-UHFFFAOYSA-N,23,3,0,0,1,2,False,False,False,False,,11,"11,22"
OCNT-2535726,blind,DZEYODOFDOXEBZ-UHFFFAOYSA-N,22,3,0,0,1,2,False,False,False,False,,17,"4,17"
OCNT-2535728,blind,AGKPKQIXODEXMV-UHFFFAOYSA-N,25,3,0,0,1,2,False,False,False,False,,20,"10,20"
OCNT-2535729,blind,DCNQMYDCNBYKNX-UHFFFAOYSA-N,26,3,0,0,1,1,False,False,False,False,,11,11
OCNT-2535730,blind,BLUQTPIYVZRMCH-UHFFFAOYSA-N,26,4,0,0,2,2,False,False,False,False,,"11,19","11,19"
OCNT-2535731,blind,SYGNILDAYOGBAE-UHFFFAOYSA-N,35,6,0,0,2,2,False,False,False,False,,"16,30","16,30"
OCNT-2535732,blind,XYNADGGLDALKBZ-UHFFFAOYSA-N,28,7,0,0,4,4,False,False,False,False,,"9,10,11,23","9,10,11,23"
OCNT-2535733,blind,JDKQFMVTCMWQJY-UHFFFAOYSA-N,25,4,0,0,2,3,False,False,False,False,,"9,20","3,9,20"
OCNT-2535734,blind,YJEZLCBPSMHHEI-UHFFFAOYSA-N,23,3,0,0,1,1,False,False,False,False,,18,18
OCNT-2535736,blind,NJFMBQGRCMUABM-UHFFFAOYSA-N,23,5,0,0,2,2,False,False,False,False,,"2,17","2,17"
OCNT-2535737,blind,KUBKVEWRTKQMEO-UHFFFAOYSA-N,29,5,0,0,1,1,False,False,False,False,,22,22
OCNT-2535738,blind,XTMPNZLSNOJPCM-UHFFFAOYSA-N,22,5,0,0,1,1,False,False,False,False,,17,17
OCNT-2535739,blind,KIYHLOCUJAIDOX-UHFFFAOYSA-N,27,5,0,0,2,2,False,False,False,False,,"4,22","4,22"
OCNT-2535740,blind,XOLWPVSAEUFQJI-UHFFFAOYSA-N,28,5,0,0,1,1,False,False,False,False,,22,22
OCNT-2535741,blind,DTPDRVISUIINAK-UHFFFAOYSA-N,29,5,0,0,1,1,False,False,False,False,,23,23
OCNT-2535744,blind,GHKDUBULJOTSMF-UHFFFAOYSA-N,24,3,0,0,1,2,False,False,False,False,,19,"8,19"
OCNT-2535745,blind,SDXKHDJDJZBWJN-UHFFFAOYSA-N,26,4,0,0,1,1,False,False,False,False,,22,22
OCNT-2535746,blind,SCGUSKMJDDLFPT-UHFFFAOYSA-N,23,2,0,0,0,1,False,False,False,False,,,19
OCNT-2535747,blind,ZYXJEDLTPGIXRH-UHFFFAOYSA-N,25,6,0,0,3,3,False,False,False,False,,"11,21,22","11,21,22"
OCNT-2535748,blind,ZXXIGCQOYSVQBE-UHFFFAOYSA-N,18,2,0,0,1,1,False,False,False,False,,14,14
OCNT-2535749,blind,DFKUWBZCRWBFBD-UHFFFAOYSA-N,17,2,0,0,1,1,False,False,False,False,,15,15
OCNT-2535750,blind,LEBZWCJYLFQIKX-UHFFFAOYSA-N,29,3,0,0,1,1,False,False,False,False,,27,27
OCNT-2535751,blind,XJBRIKMVJPSFNO-UHFFFAOYSA-N,29,3,0,0,1,1,False,False,False,False,,22,22
OCNT-2535753,blind,HPHMKNZBEMPYIM-UHFFFAOYSA-N,22,3,0,0,1,1,False,False,False,False,,14,14
OCNT-2535754,blind,QDNGMDMPPXVWJW-OAHLLOKOSA-N,34,7,0,0,3,3,False,False,False,False,,"6,22,27","6,22,27"
OCNT-2535755,blind,SYTRDJXUBLVVSS-SFHVURJKSA-N,37,2,0,0,0,2,False,False,False,False,,,"27,36"
OCNT-2535757,blind,WKYHEHGKKDLBRU-UHFFFAOYSA-N,21,3,0,0,1,1,False,False,False,False,,18,18
OCNT-2535759,blind,CDQCUPVHZNEFQP-UHFFFAOYSA-N,27,5,1,1,2,2,False,False,False,False,10,"5,10","5,10"
OCNT-2535760,blind,LYOAVHYUUXMMEH-UHFFFAOYSA-N,24,1,0,0,0,0,False,False,False,False,,,
OCNT-2535761,blind,KDDXXHDAXWIDFL-UHFFFAOYSA-N,21,4,0,0,2,2,False,False,False,False,,"13,18","13,18"
OCNT-2535762,blind,SJOFEAYJCSETSO-UHFFFAOYSA-N,18,3,0,0,1,1,False,False,False,False,,15,15
OCNT-2535763,blind,LTUDQJFGRMACGP-UHFFFAOYSA-N,25,3,0,0,1,1,False,False,False,False,,16,16
OCNT-2535764,blind,GUXDQSOLXUVFEX-UHFFFAOYSA-N,25,4,0,0,2,2,False,False,False,False,,"8,16","8,16"
OCNT-2535765,blind,DTRMTQCFCBDOGO-UHFFFAOYSA-N,29,4,0,0,1,1,False,False,False,False,,19,19
OCNT-2535766,blind,JXCHQUUVGOJRKJ-UHFFFAOYSA-N,22,1,0,0,0,0,False,False,False,False,,,
OCNT-2535767,blind,QTYUBSTUSLGHAD-UHFFFAOYSA-N,23,1,0,0,0,0,False,False,False,False,,,
OCNT-2535768,blind,DZFXOMRXESENLI-UHFFFAOYSA-N,23,1,0,0,0,1,False,False,False,False,,,16
OCNT-2535769,blind,OBDRTDABZZJYNV-UHFFFAOYSA-N,24,2,0,0,1,1,False,False,False,False,,9,9
OCNT-2535770,blind,RXZOPUPVNNGHNG-UHFFFAOYSA-N,23,2,0,0,0,0,False,False,False,False,,,
OCNT-2535771,blind,GFLBMXPEJCZAIQ-UHFFFAOYSA-N,24,3,1,1,1,1,False,False,False,False,5,5,5
OCNT-2535772,blind,LUELAUJTIDGOGT-UHFFFAOYSA-N,26,3,0,0,1,1,False,False,False,False,,13,13
OCNT-2535773,blind,JPSHHOVFBYETDT-UHFFFAOYSA-N,29,4,0,0,1,1,False,False,False,False,,21,21
OCNT-2535774,blind,NBFPPDSKRLSWEK-UHFFFAOYSA-N,21,4,1,1,2,2,False,False,False,False,15,"10,15","10,15"
OCNT-2535775,blind,PVGFAMHQHVOWIM-UHFFFAOYSA-N,30,2,1,1,1,1,False,False,False,False,7,7,7
OCNT-2535776,blind,MCTRZKAKODSRLQ-UHFFFAOYSA-N,25,2,1,1,1,1,False,False,False,False,7,7,7
OCNT-2535777,blind,CKXAAXUYRZNYJP-UHFFFAOYSA-N,26,1,1,1,1,1,False,False,False,False,8,8,8
OCNT-2535778,blind,VFQXEYKTWNRSQE-UHFFFAOYSA-N,25,2,1,1,1,1,False,False,False,False,7,7,7
OCNT-2535779,blind,JQYVYWKGLKWXMU-UHFFFAOYSA-N,28,1,1,1,1,1,False,False,False,False,8,8,8
OCNT-2535780,blind,MLOXWFJWKSNEFB-UHFFFAOYSA-N,32,2,1,1,1,1,False,False,False,False,8,8,8
OCNT-2535785,blind,ZVYVOMJOBMQXDF-UHFFFAOYSA-N,23,3,0,0,1,1,False,False,False,False,,21,21
OCNT-2535786,blind,BIZWRKPRTALEGZ-UHFFFAOYSA-N,20,4,0,0,2,2,False,False,False,False,,"2,16","2,16"
OCNT-2535787,blind,YLHGXCNUHMCAAZ-UHFFFAOYSA-N,28,3,0,0,0,1,False,False,False,False,,,5
OCNT-2535788,blind,DLHHFYXNVIMXSY-UHFFFAOYSA-N,28,4,0,0,1,1,False,False,False,False,,24,24
OCNT-2535793,blind,HFQKXZJLNCTZKT-LDCVWXEPSA-N,28,3,0,0,1,1,False,False,False,False,,25,25
OCNT-2535795,blind,LNATUTXDDFFCAO-UHFFFAOYSA-N,34,6,0,0,2,2,False,False,False,False,,"10,30","10,30"
OCNT-2535797,blind,SPYQSXKSVXZMGL-UHFFFAOYSA-N,25,3,0,0,1,1,False,False,False,False,,10,10
OCNT-2535799,blind,NPYMTVWOEKCYBC-UHFFFAOYSA-N,22,4,0,0,2,2,False,False,False,False,,"3,18","3,18"
OCNT-2535801,blind,ONFHJCDDZWRYCM-UHFFFAOYSA-N,27,5,0,0,3,3,False,False,False,False,,"11,16,17","11,16,17"
OCNT-2535802,blind,FTBFYEZBFASXNM-UHFFFAOYSA-N,29,6,0,0,3,3,False,False,False,False,,"11,26,28","11,26,28"
OCNT-2535804,blind,LKHMLRTWBDHNIT-UHFFFAOYSA-N,24,4,0,0,2,2,False,False,False,False,,"13,20","13,20"
OCNT-2535805,blind,RBJSXJXXKINGKA-UHFFFAOYSA-N,23,5,0,0,2,2,False,False,False,False,,"12,19","12,19"
OCNT-2535808,blind,PGPXIARBWTYIGW-UHFFFAOYSA-N,24,5,0,0,2,2,False,False,False,False,,"11,18","11,18"
OCNT-2535809,blind,FZTBDZWEDOVRFP-UHFFFAOYSA-N,23,5,0,0,2,2,False,False,False,False,,"12,19","12,19"
OCNT-2535810,blind,MEQMJZOEHYDCQO-UHFFFAOYSA-N,25,3,0,0,1,1,False,False,False,False,,23,23
OCNT-2535811,blind,MEPRZRJWPNAIHY-UHFFFAOYSA-N,25,1,0,0,0,1,False,False,False,False,,,6
OCNT-2535812,blind,VCFQFPHACUNRAC-UHFFFAOYSA-N,24,4,0,0,2,2,False,False,False,False,,"20,21","20,21"
OCNT-2535813,blind,HKIGXXRMJFUUKV-UHFFFAOYSA-N,14,1,0,0,0,1,False,False,False,False,,,12
OCNT-2535814,blind,FRFKEOSMRYMHPT-UHFFFAOYSA-N,24,2,0,0,0,0,False,False,False,False,,,
OCNT-2535815,blind,IUUBNJJLZBNSNC-UHFFFAOYSA-N,20,3,0,0,1,1,False,False,False,False,,8,8
OCNT-2535816,blind,GWWARNAMYLWFAV-UHFFFAOYSA-N,27,4,0,0,1,1,False,False,False,False,,2,2
OCNT-2535817,blind,OTTWXFWSWWLTQO-UHFFFAOYSA-N,23,5,0,0,2,2,False,False,False,False,,"16,22","16,22"
OCNT-2535819,blind,YUECIVDTKKYMID-UHFFFAOYSA-N,25,2,0,0,0,0,False,False,False,False,,,
OCNT-2535820,blind,PMFHBNLDQVCDDX-UHFFFAOYSA-N,26,3,0,0,1,1,False,False,False,False,,23,23
OCNT-2535821,blind,IHQFZWWKWCJFSI-UHFFFAOYSA-N,26,3,0,0,1,1,False,False,False,False,,22,22
OCNT-2535823,blind,QOXBOCMHNFGBOB-UHFFFAOYSA-N,26,4,0,0,2,2,False,False,False,False,,"2,25","2,25"
OCNT-2535824,blind,DWQNAARBDYKTBP-UHFFFAOYSA-N,24,3,0,0,1,1,False,False,False,False,,19,19
OCNT-2535825,blind,BOGABBQKWLODMY-UHFFFAOYSA-N,25,3,0,0,1,1,False,False,False,False,,20,20
