candidate,Molecule_Name,n_hits,win_hirshfeld,win_mulliken,win_loewdin,win_p_pop,charge_vs_p,hirshfeld_vs_mulliken,hirshfeld_vs_loewdin
C1,OCNT-0022119,2,6,3,6,3,False,False,True
C1,OCNT-0022129,2,1,1,1,4,False,True,True
C1,OCNT-0022130,2,8,5,8,5,False,False,True
C1,OCNT-0022246,2,1,1,1,1,True,True,True
C1,OCNT-0022268,2,1,4,1,1,True,False,True
C1,OCNT-0022288,2,6,3,6,3,False,False,True
C1,OCNT-0483290,2,9,12,9,9,True,False,True
C1,OCNT-0493951,2,28,18,18,18,False,False,False
C1,OCNT-0494025,2,16,16,16,13,False,True,True
C1,OCNT-0495153,2,7,7,7,7,True,True,True
C1,OCNT-0495189,2,7,7,7,7,True,True,True
C1,OCNT-2308501,2,3,3,3,6,False,True,True
C1,OCNT-2308526,2,8,8,8,8,True,True,True
C1,OCNT-2308766,2,16,20,16,20,False,False,True
C1,OCNT-2309776,2,11,11,11,11,True,True,True
C1,OCNT-2309910,2,6,3,6,6,True,False,True
C1,OCNT-2310144,2,1,5,1,1,True,False,True
C1,OCNT-2310401,2,8,8,8,11,False,True,True
C1,OCNT-2310442,2,10,10,10,10,True,True,True
C1,OCNT-2310478,2,7,10,10,10,False,False,False
C1,OCNT-2311590,2,19,2,2,2,False,False,False
C1,OCNT-2311831,2,16,13,16,13,False,False,True
C1,OCNT-2312015,2,11,11,11,11,True,True,True
C1,OCNT-2312410,2,1,1,1,4,False,True,True
C1,OCNT-2312713,2,2,2,2,2,True,True,True
C1,OCNT-2312728,2,19,13,19,13,False,False,True
C1,OCNT-2313195,2,21,12,21,12,False,False,True
C1,OCNT-2313667,2,18,18,18,13,False,True,True
C1,OCNT-2314665,2,3,3,3,3,True,True,True
C1,OCNT-2314726,2,6,3,6,3,False,False,True
C1,OCNT-2314750,2,18,18,18,18,True,True,True
C1,OCNT-2314770,2,17,8,17,8,False,False,True
C1,OCNT-2314796,2,7,7,7,7,True,True,True
C1,OCNT-2314961,2,20,20,20,20,True,True,True
C1,OCNT-2315157,2,15,15,15,15,True,True,True
C1,OCNT-2315469,2,12,8,12,8,False,False,True
C1,OCNT-2315488,2,1,5,1,1,True,False,True
C1,OCNT-2315495,2,11,11,11,11,True,True,True
C1,OCNT-2315571,2,6,1,1,6,True,False,False
C1,OCNT-2315654,2,19,19,19,19,True,True,True
C1,OCNT-2315776,2,5,8,8,5,True,False,False
C1,OCNT-2316102,2,3,3,3,6,False,True,True
C1,OCNT-2316551,2,8,5,8,5,False,False,True
C1,OCNT-2317099,2,12,12,12,12,True,True,True
C1,OCNT-2317322,2,8,3,3,3,False,False,False
C1,OCNT-2317332,2,17,14,17,14,False,False,True
C1,OCNT-2317611,2,19,15,15,19,True,False,False
C1,OCNT-2317824,2,11,11,11,8,False,True,True
C1,OCNT-2317984,2,15,4,4,4,False,False,False
C1,OCNT-2318042,2,18,4,4,4,False,False,False
C1,OCNT-2318329,2,17,17,17,17,True,True,True
C1,OCNT-2318391,2,12,12,12,12,True,True,True
C1,OCNT-2318524,2,12,15,15,12,True,False,False
C1,OCNT-2328378,2,1,1,1,4,False,True,True
C1,OCNT-2328619,2,12,12,12,12,True,True,True
C1,OCNT-2328727,2,6,6,6,9,False,True,True
C1,OCNT-2328731,2,16,16,16,7,False,True,True
C1,OCNT-2328890,2,0,0,0,0,True,True,True
C1,OCNT-2395318,2,13,13,13,13,True,True,True
C1,OCNT-2395344,2,10,13,13,13,False,False,False
C1,OCNT-2395628,2,7,7,4,7,True,True,False
C1,OCNT-2395632,2,5,5,5,5,True,True,True
C1,OCNT-2535167,2,19,16,19,19,True,False,True
C1,OCNT-2535255,2,21,21,21,21,True,True,True
C1,OCNT-2535278,2,1,4,1,1,True,False,True
C1,OCNT-2535346,2,22,3,3,3,False,False,False
C1,OCNT-2535391,2,1,4,1,1,True,False,True
C2,OCNT-0021749,2,17,17,17,17,True,True,True
C2,OCNT-0022066,2,5,20,20,20,False,False,False
C2,OCNT-0022107,2,3,8,8,8,False,False,False
C2,OCNT-0022119,2,6,3,6,3,False,False,True
C2,OCNT-0022126,2,8,8,8,8,True,True,True
C2,OCNT-0022129,2,1,1,1,4,False,True,True
C2,OCNT-0022130,2,8,5,8,5,False,False,True
C2,OCNT-0022137,3,29,5,5,5,False,False,False
C2,OCNT-0022246,2,1,1,1,1,True,True,True
C2,OCNT-0022268,2,1,4,1,1,True,False,True
C2,OCNT-0022288,2,6,3,6,3,False,False,True
C2,OCNT-0022316,2,25,10,10,10,False,False,False
C2,OCNT-0200796,4,7,10,10,10,False,False,False
C2,OCNT-0476550,2,20,2,2,2,False,False,False
C2,OCNT-0476778,2,11,10,11,11,True,False,True
C2,OCNT-0483290,2,9,12,9,9,True,False,True
C2,OCNT-0493951,2,28,18,18,18,False,False,False
C2,OCNT-0494023,3,5,25,25,25,False,False,False
C2,OCNT-0494025,5,36,16,16,13,False,False,False
C2,OCNT-0494161,2,15,4,4,4,False,False,False
C2,OCNT-0495153,2,7,7,7,7,True,True,True
C2,OCNT-0495189,2,7,7,7,7,True,True,True
C2,OCNT-0495303,2,14,2,2,2,False,False,False
C2,OCNT-0495340,2,42,4,4,42,True,False,False
C2,OCNT-0497983,4,14,14,14,14,True,True,True
C2,OCNT-0498064,2,5,25,25,25,False,False,False
C2,OCNT-0713835,3,31,30,30,31,True,False,False
C2,OCNT-1911794,2,21,4,4,4,False,False,False
C2,OCNT-1911799,2,12,12,12,12,True,True,True
C2,OCNT-2308460,3,21,21,21,21,True,True,True
C2,OCNT-2308465,4,17,17,17,13,False,True,True
C2,OCNT-2308466,3,26,7,7,7,False,False,False
C2,OCNT-2308468,3,22,22,3,3,False,True,False
C2,OCNT-2308470,3,13,22,13,13,True,False,True
C2,OCNT-2308474,2,10,10,10,10,True,True,True
C2,OCNT-2308478,2,23,23,23,23,True,True,True
C2,OCNT-2308483,2,12,12,12,12,True,True,True
C2,OCNT-2308494,3,15,20,20,15,True,False,False
C2,OCNT-2308501,3,3,3,3,6,False,True,True
C2,OCNT-2308502,3,12,12,12,12,True,True,True
C2,OCNT-2308504,2,21,23,23,23,False,False,False
C2,OCNT-2308506,2,9,9,9,9,True,True,True
C2,OCNT-2308508,3,6,13,6,13,False,False,True
C2,OCNT-2308510,4,4,17,17,17,False,False,False
C2,OCNT-2308512,4,9,13,9,9,True,False,True
C2,OCNT-2308515,2,18,18,18,18,True,True,True
C2,OCNT-2308520,2,11,11,11,13,False,True,True
C2,OCNT-2308523,2,21,2,2,2,False,False,False
C2,OCNT-2308526,2,8,8,8,8,True,True,True
C2,OCNT-2308529,2,23,14,14,14,False,False,False
C2,OCNT-2308536,2,21,21,21,21,True,True,True
C2,OCNT-2308537,4,23,11,11,11,False,False,False
C2,OCNT-2308543,2,14,9,9,9,False,False,False
C2,OCNT-2308550,3,13,23,13,13,True,False,True
C2,OCNT-2308553,2,20,20,20,20,True,True,True
C2,OCNT-2308556,4,28,15,15,15,False,False,False
C2,OCNT-2308557,2,17,17,17,5,False,True,True
C2,OCNT-2308560,4,19,19,19,19,True,True,True
C2,OCNT-2308571,2,7,6,6,6,False,False,False
C2,OCNT-2308583,2,12,17,17,12,True,False,False
C2,OCNT-2308585,2,21,9,9,9,False,False,False
C2,OCNT-2308588,3,9,3,3,3,False,False,False
C2,OCNT-2308589,2,21,21,21,21,True,True,True
C2,OCNT-2308597,2,15,13,15,13,False,False,True
C2,OCNT-2308601,2,24,24,24,24,True,True,True
C2,OCNT-2308603,3,22,11,11,11,False,False,False
C2,OCNT-2308605,2,19,2,19,19,True,False,True
C2,OCNT-2308609,3,16,13,13,13,False,False,False
C2,OCNT-2308610,3,8,13,13,8,True,False,False
C2,OCNT-2308613,2,17,7,7,7,False,False,False
C2,OCNT-2308614,3,24,10,10,10,False,False,False
C2,OCNT-2308619,2,25,25,25,25,True,True,True
C2,OCNT-2308624,2,7,13,13,13,False,False,False
C2,OCNT-2308632,2,7,6,7,6,False,False,True
C2,OCNT-2308638,2,9,9,9,9,True,True,True
C2,OCNT-2308641,2,18,18,18,18,True,True,True
C2,OCNT-2308645,3,15,15,15,15,True,True,True
C2,OCNT-2308647,3,18,11,11,11,False,False,False
C2,OCNT-2308660,2,22,22,22,22,True,True,True
C2,OCNT-2308661,4,11,15,15,11,True,False,False
C2,OCNT-2308664,2,5,5,5,5,True,True,True
C2,OCNT-2308667,2,21,21,21,10,False,True,True
C2,OCNT-2308674,2,21,21,21,25,False,True,True
C2,OCNT-2308676,4,28,17,17,17,False,False,False
C2,OCNT-2308682,5,15,15,15,15,True,True,True
C2,OCNT-2308684,2,20,20,20,20,True,True,True
C2,OCNT-2308693,2,6,5,6,5,False,False,True
C2,OCNT-2308698,2,18,18,18,18,True,True,True
C2,OCNT-2308706,4,20,20,20,15,False,True,True
C2,OCNT-2308709,4,4,7,7,7,False,False,False
C2,OCNT-2308711,2,18,19,18,19,False,False,True
C2,OCNT-2308715,3,6,6,20,6,True,True,False
C2,OCNT-2308723,3,21,16,16,16,False,False,False
C2,OCNT-2308724,3,5,5,5,5,True,True,True
C2,OCNT-2308740,4,23,14,14,14,False,False,False
C2,OCNT-2308747,2,20,20,20,20,True,True,True
C2,OCNT-2308748,2,11,11,11,11,True,True,True
C2,OCNT-2308752,2,4,23,4,23,False,False,True
C2,OCNT-2308758,3,24,23,24,24,True,False,True
C2,OCNT-2308762,2,26,26,26,2,False,True,True
C2,OCNT-2308763,3,17,12,17,17,True,False,True
C2,OCNT-2308765,2,11,11,11,11,True,True,True
C2,OCNT-2308766,2,16,20,16,20,False,False,True
C2,OCNT-2308768,2,8,17,17,17,False,False,False
C2,OCNT-2308773,3,18,18,18,18,True,True,True
C2,OCNT-2308782,3,9,9,9,9,True,True,True
C2,OCNT-2308794,2,13,5,5,5,False,False,False
C2,OCNT-2308798,3,16,7,7,16,True,False,False
C2,OCNT-2308808,2,5,5,5,5,True,True,True
C2,OCNT-2308814,4,5,5,5,5,True,True,True
C2,OCNT-2308817,2,23,23,23,23,True,True,True
C2,OCNT-2308818,5,26,17,5,5,False,False,False
C2,OCNT-2308822,2,5,5,5,5,True,True,True
C2,OCNT-2308837,2,21,2,2,2,False,False,False
C2,OCNT-2308838,3,12,12,12,12,True,True,True
C2,OCNT-2308839,2,20,20,20,20,True,True,True
C2,OCNT-2308840,3,19,19,19,19,True,True,True
C2,OCNT-2308847,3,17,1,1,1,False,False,False
C2,OCNT-2308851,3,7,4,4,4,False,False,False
C2,OCNT-2308854,2,13,13,24,24,False,True,False
C2,OCNT-2308855,2,21,14,21,14,False,False,True
C2,OCNT-2308864,2,2,3,2,3,False,False,True
C2,OCNT-2308867,2,21,21,21,21,True,True,True
C2,OCNT-2308871,3,12,20,12,12,True,False,True
C2,OCNT-2308873,3,18,18,18,18,True,True,True
C2,OCNT-2308874,2,12,16,16,16,False,False,False
C2,OCNT-2308876,3,6,6,6,16,False,True,True
C2,OCNT-2308896,3,23,22,23,22,False,False,True
C2,OCNT-2308899,3,15,12,12,15,True,False,False
C2,OCNT-2308900,4,11,24,11,11,True,False,True
C2,OCNT-2308903,3,3,21,3,3,True,False,True
C2,OCNT-2308905,3,3,20,20,3,True,False,False
C2,OCNT-2308908,2,22,22,22,22,True,True,True
C2,OCNT-2308925,3,5,24,5,5,True,False,True
C2,OCNT-2308929,3,10,10,10,10,True,True,True
C2,OCNT-2308938,2,6,9,9,9,False,False,False
C2,OCNT-2308941,3,14,14,14,14,True,True,True
C2,OCNT-2308944,3,18,9,18,18,True,False,True
C2,OCNT-2308947,2,5,5,5,5,True,True,True
C2,OCNT-2308949,2,16,16,9,16,True,True,False
C2,OCNT-2308952,2,10,10,10,10,True,True,True
C2,OCNT-2308953,2,7,7,7,7,True,True,True
C2,OCNT-2308961,3,15,13,13,13,False,False,False
C2,OCNT-2308965,2,11,9,9,9,False,False,False
C2,OCNT-2308967,2,5,10,10,5,True,False,False
C2,OCNT-2308972,2,14,14,14,14,True,True,True
C2,OCNT-2308982,2,13,13,13,13,True,True,True
C2,OCNT-2308989,3,22,22,22,9,False,True,True
C2,OCNT-2308995,3,3,3,3,10,False,True,True
C2,OCNT-2308997,2,13,13,13,14,False,True,True
C2,OCNT-2309004,2,18,18,18,5,False,True,True
C2,OCNT-2309005,2,17,16,17,17,True,False,True
C2,OCNT-2309012,3,19,10,10,10,False,False,False
C2,OCNT-2309016,2,12,9,9,9,False,False,False
C2,OCNT-2309019,2,27,27,27,27,True,True,True
C2,OCNT-2309025,4,18,25,25,25,False,False,False
C2,OCNT-2309038,2,2,2,2,2,True,True,True
C2,OCNT-2309039,3,12,3,3,3,False,False,False
C2,OCNT-2309041,3,10,11,11,11,False,False,False
C2,OCNT-2309042,3,4,4,4,5,False,True,True
C2,OCNT-2309057,2,14,14,15,14,True,True,False
C2,OCNT-2309065,3,10,10,10,10,True,True,True
C2,OCNT-2309067,3,19,19,19,19,True,True,True
C2,OCNT-2309093,3,19,21,19,19,True,False,True
C2,OCNT-2309100,2,21,21,21,21,True,True,True
C2,OCNT-2309101,4,21,13,18,13,False,False,False
C2,OCNT-2309110,3,2,8,8,17,False,False,False
C2,OCNT-2309111,2,4,22,22,4,True,False,False
C2,OCNT-2309126,2,23,13,13,13,False,False,False
C2,OCNT-2309130,2,23,15,15,15,False,False,False
C2,OCNT-2309138,3,9,9,9,9,True,True,True
C2,OCNT-2309139,2,14,14,14,14,True,True,True
C2,OCNT-2309149,2,11,11,11,11,True,True,True
C2,OCNT-2309157,2,18,18,18,18,True,True,True
C2,OCNT-2309164,2,13,3,3,3,False,False,False
C2,OCNT-2309172,2,14,14,14,14,True,True,True
C2,OCNT-2309173,2,22,22,21,22,True,True,False
C2,OCNT-2309174,2,20,20,20,20,True,True,True
C2,OCNT-2309176,2,5,20,20,20,False,False,False
C2,OCNT-2309179,2,18,23,23,23,False,False,False
C2,OCNT-2309181,2,10,15,15,15,False,False,False
C2,OCNT-2309190,2,16,16,16,16,True,True,True
C2,OCNT-2309198,4,21,6,6,6,False,False,False
C2,OCNT-2309200,2,23,23,23,23,True,True,True
C2,OCNT-2309204,2,21,21,21,21,True,True,True
C2,OCNT-2309209,2,2,2,2,2,True,True,True
C2,OCNT-2309210,2,8,14,14,14,False,False,False
C2,OCNT-2309232,2,23,23,23,23,True,True,True
C2,OCNT-2309240,2,12,12,12,12,True,True,True
C2,OCNT-2309248,4,22,22,22,22,True,True,True
C2,OCNT-2309252,2,9,9,9,9,True,True,True
C2,OCNT-2309265,5,16,9,14,9,False,False,False
C2,OCNT-2309266,2,21,22,22,22,False,False,False
C2,OCNT-2309276,3,5,5,5,5,True,True,True
C2,OCNT-2309279,2,13,3,3,3,False,False,False
C2,OCNT-2309284,3,23,23,23,23,True,True,True
C2,OCNT-2309286,3,22,22,22,22,True,True,True
C2,OCNT-2309290,2,21,21,21,21,True,True,True
C2,OCNT-2309294,2,2,2,2,2,True,True,True
C2,OCNT-2309296,2,4,26,26,26,False,False,False
C2,OCNT-2309303,4,15,4,15,4,False,False,True
C2,OCNT-2309323,3,20,20,20,20,True,True,True
C2,OCNT-2309324,3,17,15,15,15,False,False,False
C2,OCNT-2309326,2,22,22,22,22,True,True,True
C2,OCNT-2309333,2,3,3,3,3,True,True,True
C2,OCNT-2309338,3,5,5,5,5,True,True,True
C2,OCNT-2309342,2,9,19,9,19,False,False,True
C2,OCNT-2309343,2,5,19,19,19,False,False,False
C2,OCNT-2309347,2,18,18,18,18,True,True,True
C2,OCNT-2309355,2,23,23,23,23,True,True,True
C2,OCNT-2309366,2,8,8,8,8,True,True,True
C2,OCNT-2309376,3,20,20,20,20,True,True,True
C2,OCNT-2309390,2,14,14,14,14,True,True,True
C2,OCNT-2309393,2,25,25,20,20,False,True,False
C2,OCNT-2309395,3,23,23,23,23,True,True,True
C2,OCNT-2309396,2,9,9,9,9,True,True,True
C2,OCNT-2309402,2,17,14,14,14,False,False,False
C2,OCNT-2309415,2,2,2,2,14,False,True,True
C2,OCNT-2309424,3,19,14,14,14,False,False,False
C2,OCNT-2309429,3,23,15,15,15,False,False,False
C2,OCNT-2309430,3,23,23,23,23,True,True,True
C2,OCNT-2309431,2,20,20,20,17,False,True,True
C2,OCNT-2309434,2,16,1,1,1,False,False,False
C2,OCNT-2309435,3,22,22,22,22,True,True,True
C2,OCNT-2309444,3,2,23,2,2,True,False,True
C2,OCNT-2309445,3,3,3,3,3,True,True,True
C2,OCNT-2309448,3,3,3,3,3,True,True,True
C2,OCNT-2309451,4,13,18,18,13,True,False,False
C2,OCNT-2309458,2,10,17,10,10,True,False,True
C2,OCNT-2309459,3,25,21,25,25,True,False,True
C2,OCNT-2309465,2,2,20,2,2,True,False,True
C2,OCNT-2309466,2,17,17,17,6,False,True,True
C2,OCNT-2309468,2,23,23,23,23,True,True,True
C2,OCNT-2309469,3,23,23,23,24,False,True,True
C2,OCNT-2309471,3,27,27,27,27,True,True,True
C2,OCNT-2309476,2,4,15,15,15,False,False,False
C2,OCNT-2309480,3,14,9,9,14,True,False,False
C2,OCNT-2309491,2,24,16,16,16,False,False,False
C2,OCNT-2309492,4,19,19,19,19,True,True,True
C2,OCNT-2309495,2,17,24,24,24,False,False,False
C2,OCNT-2309498,2,20,20,2,20,True,True,False
C2,OCNT-2309501,2,24,24,24,24,True,True,True
C2,OCNT-2309503,2,21,7,7,21,True,False,False
C2,OCNT-2309509,2,21,21,21,21,True,True,True
C2,OCNT-2309511,3,22,14,14,14,False,False,False
C2,OCNT-2309518,2,17,17,17,17,True,True,True
C2,OCNT-2309527,2,15,15,15,15,True,True,True
C2,OCNT-2309539,3,12,17,17,17,False,False,False
C2,OCNT-2309544,3,25,7,7,25,True,False,False
C2,OCNT-2309550,4,23,3,23,16,False,False,True
C2,OCNT-2309554,3,19,12,12,12,False,False,False
C2,OCNT-2309558,2,18,18,18,16,False,True,True
C2,OCNT-2309560,3,20,20,20,20,True,True,True
C2,OCNT-2309565,4,11,5,5,5,False,False,False
C2,OCNT-2309567,3,16,14,14,14,False,False,False
C2,OCNT-2309572,2,10,23,10,10,True,False,True
C2,OCNT-2309576,2,19,21,19,19,True,False,True
C2,OCNT-2309583,2,14,14,14,14,True,True,True
C2,OCNT-2309586,2,5,5,5,5,True,True,True
C2,OCNT-2309593,4,3,7,7,7,False,False,False
C2,OCNT-2309597,2,18,18,18,18,True,True,True
C2,OCNT-2309599,2,2,9,2,2,True,False,True
C2,OCNT-2309602,2,8,5,5,8,True,False,False
C2,OCNT-2309605,3,3,10,3,2,False,False,True
C2,OCNT-2309612,2,7,8,8,8,False,False,False
C2,OCNT-2309613,2,6,6,6,6,True,True,True
C2,OCNT-2309614,5,20,17,17,17,False,False,False
C2,OCNT-2309623,3,15,12,12,12,False,False,False
C2,OCNT-2309635,2,20,20,20,20,True,True,True
C2,OCNT-2309639,2,18,17,17,17,False,False,False
C2,OCNT-2309645,2,2,7,7,2,True,False,False
C2,OCNT-2309655,3,24,22,22,22,False,False,False
C2,OCNT-2309657,3,16,16,4,4,False,True,False
C2,OCNT-2309658,3,25,23,23,25,True,False,False
C2,OCNT-2309659,4,23,20,23,7,False,False,True
C2,OCNT-2309665,2,5,19,5,19,False,False,True
C2,OCNT-2309671,2,16,11,16,16,True,False,True
C2,OCNT-2309676,4,23,12,12,12,False,False,False
C2,OCNT-2309684,4,24,19,19,19,False,False,False
C2,OCNT-2309689,3,21,21,21,21,True,True,True
C2,OCNT-2309695,4,31,22,31,31,True,False,True
C2,OCNT-2309696,2,23,1,1,1,False,False,False
C2,OCNT-2309704,2,3,3,3,3,True,True,True
C2,OCNT-2309705,5,14,12,14,12,False,False,True
C2,OCNT-2309709,2,18,18,18,23,False,True,True
C2,OCNT-2309711,2,7,7,7,18,False,True,True
C2,OCNT-2309713,2,18,18,18,18,True,True,True
C2,OCNT-2309730,2,19,9,9,9,False,False,False
C2,OCNT-2309742,2,22,11,11,22,True,False,False
C2,OCNT-2309743,2,25,25,25,25,True,True,True
C2,OCNT-2309754,3,13,16,16,16,False,False,False
C2,OCNT-2309755,2,2,6,6,6,False,False,False
C2,OCNT-2309757,2,21,5,5,5,False,False,False
C2,OCNT-2309758,2,15,15,15,15,True,True,True
C2,OCNT-2309763,3,4,4,4,19,False,True,True
C2,OCNT-2309765,3,21,21,21,21,True,True,True
C2,OCNT-2309768,3,17,6,17,6,False,False,True
C2,OCNT-2309776,3,6,11,11,11,False,False,False
C2,OCNT-2309782,2,15,15,15,15,True,True,True
C2,OCNT-2309787,3,9,6,6,6,False,False,False
C2,OCNT-2309794,4,6,6,6,6,True,True,True
C2,OCNT-2309804,2,17,17,17,17,True,True,True
C2,OCNT-2309811,2,5,5,5,5,True,True,True
C2,OCNT-2309813,2,22,22,22,17,False,True,True
C2,OCNT-2309817,3,18,19,19,19,False,False,False
C2,OCNT-2309829,2,21,17,17,17,False,False,False
C2,OCNT-2309836,2,27,10,10,10,False,False,False
C2,OCNT-2309840,2,2,2,2,2,True,True,True
C2,OCNT-2309858,2,26,26,26,26,True,True,True
C2,OCNT-2309866,2,26,10,10,10,False,False,False
C2,OCNT-2309867,3,12,21,12,12,True,False,True
C2,OCNT-2309873,2,5,5,5,5,True,True,True
C2,OCNT-2309877,2,27,27,27,27,True,True,True
C2,OCNT-2309882,2,14,14,14,21,False,True,True
C2,OCNT-2309883,3,6,8,8,8,False,False,False
C2,OCNT-2309897,2,14,14,14,14,True,True,True
C2,OCNT-2309902,2,4,4,4,4,True,True,True
C2,OCNT-2309910,2,6,3,6,6,True,False,True
C2,OCNT-2309924,2,2,2,2,23,False,True,True
C2,OCNT-2309926,2,4,4,4,4,True,True,True
C2,OCNT-2309931,4,30,33,30,30,True,False,True
C2,OCNT-2309933,3,17,26,17,26,False,False,True
C2,OCNT-2309936,4,19,17,17,17,False,False,False
C2,OCNT-2309942,2,12,12,12,12,True,True,True
C2,OCNT-2309950,2,6,6,6,6,True,True,True
C2,OCNT-2309957,3,20,16,16,14,False,False,False
C2,OCNT-2309963,2,19,17,17,17,False,False,False
C2,OCNT-2309967,2,7,21,21,7,True,False,False
C2,OCNT-2309973,2,20,7,7,7,False,False,False
C2,OCNT-2309987,2,15,5,5,5,False,False,False
C2,OCNT-2309989,2,13,13,4,13,True,True,False
C2,OCNT-2309990,3,26,5,5,5,False,False,False
C2,OCNT-2309991,5,13,11,11,11,False,False,False
C2,OCNT-2309993,2,16,16,16,16,True,True,True
C2,OCNT-2310008,3,6,6,6,6,True,True,True
C2,OCNT-2310010,2,24,3,3,3,False,False,False
C2,OCNT-2310018,2,9,9,9,9,True,True,True
C2,OCNT-2310021,3,11,11,11,11,True,True,True
C2,OCNT-2310041,2,8,3,8,3,False,False,True
C2,OCNT-2310046,2,10,10,10,10,True,True,True
C2,OCNT-2310050,2,13,18,18,18,False,False,False
C2,OCNT-2310056,2,2,3,2,2,True,False,True
C2,OCNT-2310061,3,11,11,11,7,False,True,True
C2,OCNT-2310066,2,17,17,17,17,True,True,True
C2,OCNT-2310072,3,23,23,23,23,True,True,True
C2,OCNT-2310076,3,23,1,1,1,False,False,False
C2,OCNT-2310081,2,13,13,12,13,True,True,False
C2,OCNT-2310085,2,9,9,9,9,True,True,True
C2,OCNT-2310087,3,23,23,23,25,False,True,True
C2,OCNT-2310093,2,4,4,4,4,True,True,True
C2,OCNT-2310094,3,8,8,8,8,True,True,True
C2,OCNT-2310095,2,18,13,13,13,False,False,False
C2,OCNT-2310096,2,2,18,18,2,True,False,False
C2,OCNT-2310097,2,13,18,18,13,True,False,False
C2,OCNT-2310114,3,21,21,26,26,False,True,False
C2,OCNT-2310117,2,8,19,19,19,False,False,False
C2,OCNT-2310120,2,3,12,12,12,False,False,False
C2,OCNT-2310131,3,25,8,8,8,False,False,False
C2,OCNT-2310144,2,1,5,1,1,True,False,True
C2,OCNT-2310149,2,24,24,24,24,True,True,True
C2,OCNT-2310153,2,3,3,3,3,True,True,True
C2,OCNT-2310155,4,6,6,6,18,False,True,True
C2,OCNT-2310156,3,24,2,24,2,False,False,True
C2,OCNT-2310157,2,3,5,5,5,False,False,False
C2,OCNT-2310158,3,16,3,3,16,True,False,False
C2,OCNT-2310159,2,19,1,1,1,False,False,False
C2,OCNT-2310161,3,19,5,5,5,False,False,False
C2,OCNT-2310172,2,12,15,15,15,False,False,False
C2,OCNT-2310174,3,14,10,10,10,False,False,False
C2,OCNT-2310175,2,7,7,7,7,True,True,True
C2,OCNT-2310178,2,20,16,16,20,True,False,False
C2,OCNT-2310182,3,21,21,21,21,True,True,True
C2,OCNT-2310186,3,13,3,13,3,False,False,True
C2,OCNT-2310188,4,17,6,6,17,True,False,False
C2,OCNT-2310192,3,23,19,19,19,False,False,False
C2,OCNT-2310197,3,4,3,20,20,False,False,False
C2,OCNT-2310199,2,19,19,23,23,False,True,False
C2,OCNT-2310202,3,20,18,18,20,True,False,False
C2,OCNT-2310212,2,21,10,10,21,True,False,False
C2,OCNT-2310216,4,24,14,14,24,True,False,False
C2,OCNT-2310240,2,11,26,26,11,True,False,False
C2,OCNT-2310242,2,25,27,25,27,False,False,True
C2,OCNT-2310248,2,21,21,21,21,True,True,True
C2,OCNT-2310252,2,21,15,21,21,True,False,True
C2,OCNT-2310256,2,27,14,14,27,True,False,False
C2,OCNT-2310258,2,26,12,12,26,True,False,False
C2,OCNT-2310283,2,15,15,15,15,True,True,True
C2,OCNT-2310298,2,9,9,9,21,False,True,True
C2,OCNT-2310303,3,12,25,25,12,True,False,False
C2,OCNT-2310304,4,26,18,18,18,False,False,False
C2,OCNT-2310310,4,15,6,13,6,False,False,False
C2,OCNT-2310311,2,7,7,7,7,True,True,True
C2,OCNT-2310337,2,22,24,24,24,False,False,False
C2,OCNT-2310340,3,15,15,15,15,True,True,True
C2,OCNT-2310341,5,19,19,19,26,False,True,True
C2,OCNT-2310342,3,30,30,30,30,True,True,True
C2,OCNT-2310343,3,2,17,23,2,True,False,False
C2,OCNT-2310346,2,10,5,5,5,False,False,False
C2,OCNT-2310348,2,15,15,15,15,True,True,True
C2,OCNT-2310349,3,25,30,30,30,False,False,False
C2,OCNT-2310351,2,19,19,19,19,True,True,True
C2,OCNT-2310353,2,5,1,1,1,False,False,False
C2,OCNT-2310355,4,17,7,7,7,False,False,False
C2,OCNT-2310359,2,18,18,18,2,False,True,True
C2,OCNT-2310365,3,20,19,19,19,False,False,False
C2,OCNT-2310368,2,13,13,13,13,True,True,True
C2,OCNT-2310374,4,23,18,23,23,True,False,True
C2,OCNT-2310378,3,23,6,23,25,False,False,True
C2,OCNT-2310380,3,8,16,10,16,False,False,False
C2,OCNT-2310383,2,4,4,4,20,False,True,True
C2,OCNT-2310389,2,3,15,15,15,False,False,False
C2,OCNT-2310401,3,24,8,8,11,False,False,False
C2,OCNT-2310409,2,4,15,15,4,True,False,False
C2,OCNT-2310411,3,19,3,19,19,True,False,True
C2,OCNT-2310412,3,9,9,9,9,True,True,True
C2,OCNT-2310417,4,15,15,15,15,True,True,True
C2,OCNT-2310421,2,24,23,24,24,True,False,True
C2,OCNT-2310423,2,16,14,14,14,False,False,False
C2,OCNT-2310427,3,11,11,11,11,True,True,True
C2,OCNT-2310428,2,25,25,25,25,True,True,True
C2,OCNT-2310431,4,24,17,24,18,False,False,True
C2,OCNT-2310433,2,22,22,22,17,False,True,True
C2,OCNT-2310438,4,16,28,28,28,False,False,False
C2,OCNT-2310439,4,18,1,1,1,False,False,False
C2,OCNT-2310442,3,18,10,10,10,False,False,False
C2,OCNT-2310447,2,14,14,14,14,True,True,True
C2,OCNT-2310448,6,11,11,11,11,True,True,True
C2,OCNT-2310449,3,3,23,3,23,False,False,True
C2,OCNT-2310450,2,17,17,17,17,True,True,True
C2,OCNT-2310453,4,7,10,10,10,False,False,False
C2,OCNT-2310463,3,3,3,3,3,True,True,True
C2,OCNT-2310465,3,23,17,23,23,True,False,True
C2,OCNT-2310471,2,4,16,16,16,False,False,False
C2,OCNT-2310473,5,12,7,7,7,False,False,False
C2,OCNT-2310478,3,24,10,10,10,False,False,False
C2,OCNT-2310479,4,15,12,12,12,False,False,False
C2,OCNT-2310481,2,21,21,21,21,True,True,True
C2,OCNT-2310486,2,23,23,23,23,True,True,True
C2,OCNT-2310489,2,2,3,2,2,True,False,True
C2,OCNT-2310492,3,28,11,11,11,False,False,False
C2,OCNT-2310494,3,16,21,21,16,True,False,False
C2,OCNT-2310498,2,1,11,11,11,False,False,False
C2,OCNT-2310507,2,18,10,18,10,False,False,True
C2,OCNT-2310512,4,4,4,4,4,True,True,True
C2,OCNT-2310513,2,22,22,22,22,True,True,True
C2,OCNT-2310525,2,16,16,16,16,True,True,True
C2,OCNT-2310527,2,20,20,20,20,True,True,True
C2,OCNT-2310551,2,3,23,23,3,True,False,False
C2,OCNT-2310555,3,17,17,17,17,True,True,True
C2,OCNT-2310560,2,23,9,9,9,False,False,False
C2,OCNT-2310566,2,7,7,7,7,True,True,True
C2,OCNT-2310569,2,13,2,13,13,True,False,True
C2,OCNT-2310576,4,6,17,6,17,False,False,True
C2,OCNT-2310580,2,10,10,10,10,True,True,True
C2,OCNT-2310597,2,2,2,2,2,True,True,True
C2,OCNT-2310598,3,11,6,11,6,False,False,True
C2,OCNT-2310605,2,20,20,20,22,False,True,True
C2,OCNT-2310610,2,10,10,10,10,True,True,True
C2,OCNT-2310612,2,25,10,10,10,False,False,False
C2,OCNT-2310624,3,24,28,28,24,True,False,False
C2,OCNT-2310626,3,7,7,7,7,True,True,True
C2,OCNT-2310629,2,23,23,23,23,True,True,True
C2,OCNT-2310630,3,6,6,6,6,True,True,True
C2,OCNT-2310632,4,25,18,18,18,False,False,False
C2,OCNT-2310639,4,23,7,7,7,False,False,False
C2,OCNT-2310640,3,13,20,13,13,True,False,True
C2,OCNT-2310643,2,19,19,19,19,True,True,True
C2,OCNT-2310648,3,21,11,11,11,False,False,False
C2,OCNT-2310650,4,22,15,15,15,False,False,False
C2,OCNT-2310655,2,3,7,7,7,False,False,False
C2,OCNT-2310657,2,2,16,16,16,False,False,False
C2,OCNT-2310664,4,8,9,5,8,True,False,False
C2,OCNT-2310673,3,2,2,2,2,True,True,True
C2,OCNT-2310674,2,2,2,2,20,False,True,True
C2,OCNT-2310693,2,18,1,1,1,False,False,False
C2,OCNT-2310696,2,2,2,2,2,True,True,True
C2,OCNT-2310699,3,2,2,2,2,True,True,True
C2,OCNT-2310706,2,6,21,6,21,False,False,True
C2,OCNT-2310716,3,9,9,9,2,False,True,True
C2,OCNT-2310717,3,14,3,14,14,True,False,True
C2,OCNT-2310722,2,17,14,14,17,True,False,False
C2,OCNT-2310727,2,25,25,25,25,True,True,True
C2,OCNT-2310732,2,19,19,19,19,True,True,True
C2,OCNT-2310735,4,27,27,27,27,True,True,True
C2,OCNT-2310742,2,12,3,3,3,False,False,False
C2,OCNT-2310745,2,24,24,24,24,True,True,True
C2,OCNT-2310746,2,12,3,3,3,False,False,False
C2,OCNT-2310747,3,7,28,28,28,False,False,False
C2,OCNT-2310751,4,2,19,7,7,False,False,False
C2,OCNT-2310755,2,20,20,20,2,False,True,True
C2,OCNT-2310757,4,14,11,11,11,False,False,False
C2,OCNT-2310758,2,4,4,4,4,True,True,True
C2,OCNT-2310779,2,12,14,12,12,True,False,True
C2,OCNT-2310785,3,6,6,6,21,False,True,True
C2,OCNT-2310797,2,23,25,25,23,True,False,False
C2,OCNT-2310801,3,22,13,13,13,False,False,False
C2,OCNT-2310804,3,10,25,25,25,False,False,False
C2,OCNT-2310813,2,1,1,1,1,True,True,True
C2,OCNT-2310815,2,14,14,14,14,True,True,True
C2,OCNT-2310816,3,17,10,17,17,True,False,True
C2,OCNT-2310817,2,17,17,17,17,True,True,True
C2,OCNT-2310823,3,3,3,11,3,True,True,False
C2,OCNT-2310827,2,23,23,23,23,True,True,True
C2,OCNT-2310828,2,16,15,16,16,True,False,True
C2,OCNT-2310829,2,19,6,6,6,False,False,False
C2,OCNT-2310830,3,18,2,2,2,False,False,False
C2,OCNT-2310831,3,15,15,20,20,False,True,False
C2,OCNT-2310837,4,23,19,23,21,False,False,True
C2,OCNT-2310839,2,20,14,14,14,False,False,False
C2,OCNT-2310851,2,18,17,18,18,True,False,True
C2,OCNT-2310852,3,22,22,3,22,True,True,False
C2,OCNT-2310856,2,22,22,22,22,True,True,True
C2,OCNT-2310858,2,17,17,17,17,True,True,True
C2,OCNT-2310859,2,12,10,10,10,False,False,False
C2,OCNT-2310861,2,5,23,23,23,False,False,False
C2,OCNT-2310871,3,15,21,21,21,False,False,False
C2,OCNT-2310875,2,22,22,22,22,True,True,True
C2,OCNT-2310884,3,6,12,12,12,False,False,False
C2,OCNT-2310885,4,5,10,10,10,False,False,False
C2,OCNT-2310888,2,17,17,17,17,True,True,True
C2,OCNT-2310890,2,11,11,11,13,False,True,True
C2,OCNT-2310899,2,22,22,22,22,True,True,True
C2,OCNT-2310901,2,12,9,9,12,True,False,False
C2,OCNT-2310909,2,6,1,1,1,False,False,False
C2,OCNT-2310911,2,19,19,19,19,True,True,True
C2,OCNT-2310913,3,23,14,23,23,True,False,True
C2,OCNT-2310916,2,22,22,22,22,True,True,True
C2,OCNT-2310917,2,14,14,14,14,True,True,True
C2,OCNT-2310919,2,18,11,18,18,True,False,True
C2,OCNT-2310925,3,24,8,8,8,False,False,False
C2,OCNT-2310927,2,5,7,7,7,False,False,False
C2,OCNT-2310928,2,19,18,19,19,True,False,True
C2,OCNT-2310939,3,26,13,13,13,False,False,False
C2,OCNT-2310942,3,9,9,9,9,True,True,True
C2,OCNT-2310944,3,12,5,10,5,False,False,False
C2,OCNT-2310945,3,3,11,11,11,False,False,False
C2,OCNT-2310946,3,2,24,24,24,False,False,False
C2,OCNT-2310948,2,23,21,21,21,False,False,False
C2,OCNT-2310956,5,21,21,21,21,True,True,True
C2,OCNT-2310958,2,15,15,15,16,False,True,True
C2,OCNT-2310963,2,3,13,3,13,False,False,True
C2,OCNT-2310967,3,23,3,13,13,False,False,False
C2,OCNT-2310968,2,11,11,11,11,True,True,True
C2,OCNT-2310969,5,4,21,22,22,False,False,False
C2,OCNT-2310971,3,22,15,15,15,False,False,False
C2,OCNT-2310974,2,21,11,11,11,False,False,False
C2,OCNT-2310978,3,7,7,7,7,True,True,True
C2,OCNT-2310979,3,23,23,23,23,True,True,True
C2,OCNT-2310980,2,23,23,23,23,True,True,True
C2,OCNT-2310981,3,11,11,11,11,True,True,True
C2,OCNT-2310983,4,28,20,28,28,True,False,True
C2,OCNT-2310988,2,21,21,21,21,True,True,True
C2,OCNT-2310993,3,15,17,15,17,False,False,True
C2,OCNT-2310997,2,26,1,1,1,False,False,False
C2,OCNT-2311003,4,22,8,22,22,True,False,True
C2,OCNT-2311009,3,24,8,24,24,True,False,True
C2,OCNT-2311018,4,5,11,5,11,False,False,True
C2,OCNT-2311031,3,21,12,12,21,True,False,False
C2,OCNT-2311032,4,11,23,11,23,False,False,True
C2,OCNT-2311034,2,14,14,14,14,True,True,True
C2,OCNT-2311052,2,13,7,7,7,False,False,False
C2,OCNT-2311053,4,22,5,5,5,False,False,False
C2,OCNT-2311058,2,17,12,12,17,True,False,False
C2,OCNT-2311060,5,25,20,20,20,False,False,False
C2,OCNT-2311061,3,22,22,22,22,True,True,True
C2,OCNT-2311070,3,8,8,8,8,True,True,True
C2,OCNT-2311071,2,28,28,28,28,True,True,True
C2,OCNT-2311072,3,17,12,12,12,False,False,False
C2,OCNT-2311074,3,2,23,2,2,True,False,True
C2,OCNT-2311075,2,19,23,23,23,False,False,False
C2,OCNT-2311081,2,16,16,16,16,True,True,True
C2,OCNT-2311086,4,14,12,12,12,False,False,False
C2,OCNT-2311088,2,18,18,18,18,True,True,True
C2,OCNT-2311090,3,6,11,11,11,False,False,False
C2,OCNT-2311091,2,8,20,8,8,True,False,True
C2,OCNT-2311092,2,15,17,17,15,True,False,False
C2,OCNT-2311094,3,20,2,2,2,False,False,False
C2,OCNT-2311097,2,31,18,18,31,True,False,False
C2,OCNT-2311102,3,13,13,13,4,False,True,True
C2,OCNT-2311105,2,12,4,4,12,True,False,False
C2,OCNT-2311106,2,20,1,1,1,False,False,False
C2,OCNT-2311107,2,4,19,4,4,True,False,True
C2,OCNT-2311113,3,22,4,4,4,False,False,False
C2,OCNT-2311121,3,21,1,1,1,False,False,False
C2,OCNT-2311123,3,17,21,21,21,False,False,False
C2,OCNT-2311132,3,4,4,4,4,True,True,True
C2,OCNT-2311133,3,19,1,1,1,False,False,False
C2,OCNT-2311135,2,6,6,6,6,True,True,True
C2,OCNT-2311148,4,3,11,11,11,False,False,False
C2,OCNT-2311152,4,15,21,21,21,False,False,False
C2,OCNT-2311155,3,23,7,7,7,False,False,False
C2,OCNT-2311159,2,21,19,19,19,False,False,False
C2,OCNT-2311164,2,14,2,14,2,False,False,True
C2,OCNT-2311166,3,18,22,22,22,False,False,False
C2,OCNT-2311175,2,17,25,17,17,True,False,True
C2,OCNT-2311178,3,2,23,23,23,False,False,False
C2,OCNT-2311182,2,3,3,3,20,False,True,True
C2,OCNT-2311191,2,3,3,3,3,True,True,True
C2,OCNT-2311205,3,23,4,23,23,True,False,True
C2,OCNT-2311213,2,16,15,16,16,True,False,True
C2,OCNT-2311219,3,21,21,21,21,True,True,True
C2,OCNT-2311225,2,22,22,22,22,True,True,True
C2,OCNT-2311229,2,21,13,13,13,False,False,False
C2,OCNT-2311231,2,13,13,13,13,True,True,True
C2,OCNT-2311234,2,24,24,24,24,True,True,True
C2,OCNT-2311235,3,17,17,17,10,False,True,True
C2,OCNT-2311249,3,24,24,24,24,True,True,True
C2,OCNT-2311250,2,21,21,12,21,True,True,False
C2,OCNT-2311251,3,8,6,6,6,False,False,False
C2,OCNT-2311252,5,23,10,10,10,False,False,False
C2,OCNT-2311263,2,26,26,26,26,True,True,True
C2,OCNT-2311264,3,21,4,4,21,True,False,False
C2,OCNT-2311268,2,3,3,3,11,False,True,True
C2,OCNT-2311278,2,3,3,3,3,True,True,True
C2,OCNT-2311279,3,9,9,9,9,True,True,True
C2,OCNT-2311281,2,22,22,22,22,True,True,True
C2,OCNT-2311282,2,24,24,24,24,True,True,True
C2,OCNT-2311283,4,6,19,19,19,False,False,False
C2,OCNT-2311287,3,18,13,13,16,False,False,False
C2,OCNT-2311293,3,16,14,14,14,False,False,False
C2,OCNT-2311303,3,23,23,23,17,False,True,True
C2,OCNT-2311311,3,5,20,20,8,False,False,False
C2,OCNT-2311317,4,15,24,6,24,False,False,False
C2,OCNT-2311325,3,18,22,18,18,True,False,True
C2,OCNT-2311328,3,4,18,18,4,True,False,False
C2,OCNT-2311335,2,13,13,13,13,True,True,True
C2,OCNT-2311336,3,11,21,21,21,False,False,False
C2,OCNT-2311343,2,4,4,4,4,True,True,True
C2,OCNT-2311372,2,3,11,11,11,False,False,False
C2,OCNT-2311381,2,21,15,15,15,False,False,False
C2,OCNT-2311387,3,17,14,17,14,False,False,True
C2,OCNT-2311392,4,9,19,9,4,False,False,True
C2,OCNT-2311393,3,23,23,23,23,True,True,True
C2,OCNT-2311397,2,17,17,17,17,True,True,True
C2,OCNT-2311413,3,8,2,8,2,False,False,True
C2,OCNT-2311414,4,13,13,13,8,False,True,True
C2,OCNT-2311427,2,19,19,19,19,True,True,True
C2,OCNT-2311438,3,7,17,17,17,False,False,False
C2,OCNT-2311440,3,2,28,2,2,True,False,True
C2,OCNT-2311447,2,18,18,18,18,True,True,True
C2,OCNT-2311450,2,22,14,14,14,False,False,False
C2,OCNT-2311453,2,22,22,22,22,True,True,True
C2,OCNT-2311462,4,9,23,9,23,False,False,True
C2,OCNT-2311473,3,12,22,22,22,False,False,False
C2,OCNT-2311478,2,22,22,10,10,False,True,False
C2,OCNT-2311487,2,21,21,21,21,True,True,True
C2,OCNT-2311489,2,20,20,20,20,True,True,True
C2,OCNT-2311493,2,2,25,25,2,True,False,False
C2,OCNT-2311500,2,17,17,17,17,True,True,True
C2,OCNT-2311523,2,6,11,6,11,False,False,True
C2,OCNT-2311525,2,20,7,7,7,False,False,False
C2,OCNT-2311534,3,19,19,19,19,True,True,True
C2,OCNT-2311547,4,20,20,20,20,True,True,True
C2,OCNT-2311552,3,8,22,8,22,False,False,True
C2,OCNT-2311565,2,20,20,20,20,True,True,True
C2,OCNT-2311571,3,18,23,23,23,False,False,False
C2,OCNT-2311573,2,17,21,17,21,False,False,True
C2,OCNT-2311582,2,20,20,20,20,True,True,True
C2,OCNT-2311590,2,19,2,2,2,False,False,False
C2,OCNT-2311592,2,17,17,17,17,True,True,True
C2,OCNT-2311596,2,13,13,13,6,False,True,True
C2,OCNT-2311600,3,17,17,20,17,True,True,False
C2,OCNT-2311602,3,18,3,2,18,True,False,False
C2,OCNT-2311604,4,3,7,7,7,False,False,False
C2,OCNT-2311610,2,5,15,15,15,False,False,False
C2,OCNT-2311617,3,11,1,11,1,False,False,True
C2,OCNT-2311619,2,5,5,5,5,True,True,True
C2,OCNT-2311621,2,19,19,19,19,True,True,True
C2,OCNT-2311626,2,4,9,9,9,False,False,False
C2,OCNT-2311629,2,20,20,20,20,True,True,True
C2,OCNT-2311633,2,20,5,5,5,False,False,False
C2,OCNT-2311634,2,19,1,19,1,False,False,True
C2,OCNT-2311636,6,16,11,11,11,False,False,False
C2,OCNT-2311638,3,11,11,11,11,True,True,True
C2,OCNT-2311644,4,19,12,12,12,False,False,False
C2,OCNT-2311651,4,21,8,21,8,False,False,True
C2,OCNT-2311652,2,17,17,17,17,True,True,True
C2,OCNT-2311655,2,13,20,13,13,True,False,True
C2,OCNT-2311669,3,12,12,12,12,True,True,True
C2,OCNT-2311674,3,8,8,8,8,True,True,True
C2,OCNT-2311676,2,11,11,11,11,True,True,True
C2,OCNT-2311678,2,20,20,20,20,True,True,True
C2,OCNT-2311686,2,21,21,21,21,True,True,True
C2,OCNT-2311688,2,12,12,12,12,True,True,True
C2,OCNT-2311722,2,17,17,17,17,True,True,True
C2,OCNT-2311724,3,10,10,10,10,True,True,True
C2,OCNT-2311728,2,11,11,11,11,True,True,True
C2,OCNT-2311730,3,2,2,2,2,True,True,True
C2,OCNT-2311732,2,18,18,18,18,True,True,True
C2,OCNT-2311745,3,11,2,11,11,True,False,True
C2,OCNT-2311748,3,12,24,15,12,True,False,False
C2,OCNT-2311751,3,21,21,21,21,True,True,True
C2,OCNT-2311752,2,24,24,24,24,True,True,True
C2,OCNT-2311754,4,14,5,5,5,False,False,False
C2,OCNT-2311758,4,22,18,4,4,False,False,False
C2,OCNT-2311762,3,23,21,21,21,False,False,False
C2,OCNT-2311766,2,23,12,12,12,False,False,False
C2,OCNT-2311769,4,10,19,19,19,False,False,False
C2,OCNT-2311771,2,5,5,5,5,True,True,True
C2,OCNT-2311773,4,11,9,11,9,False,False,True
C2,OCNT-2311780,2,19,19,19,25,False,True,True
C2,OCNT-2311781,3,12,12,12,7,False,True,True
C2,OCNT-2311783,2,15,15,15,15,True,True,True
C2,OCNT-2311787,3,22,2,2,22,True,False,False
C2,OCNT-2311794,2,9,2,9,9,True,False,True
C2,OCNT-2311800,2,7,12,12,12,False,False,False
C2,OCNT-2311802,3,5,7,7,7,False,False,False
C2,OCNT-2311804,4,2,14,14,14,False,False,False
C2,OCNT-2311807,2,3,24,24,3,True,False,False
C2,OCNT-2311808,2,17,17,17,17,True,True,True
C2,OCNT-2311815,3,13,8,8,13,True,False,False
C2,OCNT-2311816,2,20,20,20,20,True,True,True
C2,OCNT-2311829,2,16,24,24,24,False,False,False
C2,OCNT-2311830,2,19,19,19,19,True,True,True
C2,OCNT-2311831,2,16,13,16,13,False,False,True
C2,OCNT-2311839,5,22,22,22,22,True,True,True
C2,OCNT-2311849,2,15,2,2,2,False,False,False
C2,OCNT-2311862,2,25,25,25,25,True,True,True
C2,OCNT-2311873,4,10,23,23,10,True,False,False
C2,OCNT-2311889,2,11,12,12,12,False,False,False
C2,OCNT-2311892,3,12,12,12,12,True,True,True
C2,OCNT-2311899,2,14,25,14,25,False,False,True
C2,OCNT-2311905,4,17,21,21,21,False,False,False
C2,OCNT-2311907,2,5,5,5,5,True,True,True
C2,OCNT-2311909,3,22,5,5,5,False,False,False
C2,OCNT-2311915,2,15,15,15,15,True,True,True
C2,OCNT-2311935,4,15,15,15,15,True,True,True
C2,OCNT-2311948,2,20,20,20,20,True,True,True
C2,OCNT-2311950,3,13,13,13,13,True,True,True
C2,OCNT-2311955,4,4,4,4,4,True,True,True
C2,OCNT-2311958,2,7,7,7,7,True,True,True
C2,OCNT-2311961,2,14,21,21,21,False,False,False
C2,OCNT-2311984,2,21,18,18,18,False,False,False
C2,OCNT-2311985,3,17,19,19,17,True,False,False
C2,OCNT-2311986,3,15,20,20,20,False,False,False
C2,OCNT-2311994,3,5,17,17,17,False,False,False
C2,OCNT-2312009,3,18,16,16,16,False,False,False
C2,OCNT-2312011,3,9,9,9,9,True,True,True
C2,OCNT-2312014,2,16,16,16,16,True,True,True
C2,OCNT-2312015,2,11,11,11,11,True,True,True
C2,OCNT-2312016,3,14,17,17,17,False,False,False
C2,OCNT-2312020,2,13,13,13,13,True,True,True
C2,OCNT-2312021,3,17,22,17,17,True,False,True
C2,OCNT-2312027,2,25,19,19,19,False,False,False
C2,OCNT-2312041,3,19,24,19,24,False,False,True
C2,OCNT-2312044,2,21,15,15,15,False,False,False
C2,OCNT-2312047,4,13,13,13,13,True,True,True
C2,OCNT-2312048,2,16,5,5,5,False,False,False
C2,OCNT-2312049,4,3,23,3,23,False,False,True
C2,OCNT-2312053,3,20,17,20,17,False,False,True
C2,OCNT-2312058,2,19,18,19,19,True,False,True
C2,OCNT-2312061,3,25,2,25,2,False,False,True
C2,OCNT-2312062,2,4,4,4,7,False,True,True
C2,OCNT-2312063,3,21,23,23,23,False,False,False
C2,OCNT-2312069,2,9,14,14,9,True,False,False
C2,OCNT-2312071,2,15,15,15,15,True,True,True
C2,OCNT-2312083,3,21,18,21,18,False,False,True
C2,OCNT-2312085,2,20,20,20,20,True,True,True
C2,OCNT-2312087,2,22,22,22,22,True,True,True
C2,OCNT-2312089,4,14,11,11,11,False,False,False
C2,OCNT-2312094,2,8,23,23,23,False,False,False
C2,OCNT-2312095,2,10,10,10,10,True,True,True
C2,OCNT-2312096,5,10,10,10,10,True,True,True
C2,OCNT-2312098,2,6,8,8,8,False,False,False
C2,OCNT-2312099,3,12,12,12,12,True,True,True
C2,OCNT-2312101,2,22,22,22,22,True,True,True
C2,OCNT-2312102,4,17,9,9,9,False,False,False
C2,OCNT-2312103,2,5,5,5,5,True,True,True
C2,OCNT-2312104,2,11,23,23,23,False,False,False
C2,OCNT-2312106,3,3,3,3,17,False,True,True
C2,OCNT-2312107,4,9,16,9,9,True,False,True
C2,OCNT-2312110,5,20,17,17,17,False,False,False
C2,OCNT-2312113,2,7,16,16,16,False,False,False
C2,OCNT-2312118,2,7,18,18,18,False,False,False
C2,OCNT-2312122,3,13,22,13,13,True,False,True
C2,OCNT-2312131,3,11,11,11,11,True,True,True
C2,OCNT-2312136,3,7,3,3,3,False,False,False
C2,OCNT-2312140,3,13,13,13,13,True,True,True
C2,OCNT-2312148,2,10,16,16,16,False,False,False
C2,OCNT-2312150,4,20,18,18,18,False,False,False
C2,OCNT-2312154,2,18,23,18,18,True,False,True
C2,OCNT-2312161,2,9,9,9,9,True,True,True
C2,OCNT-2312162,2,9,11,11,11,False,False,False
C2,OCNT-2312165,4,14,7,7,7,False,False,False
C2,OCNT-2312173,2,22,22,22,22,True,True,True
C2,OCNT-2312174,2,11,20,11,11,True,False,True
C2,OCNT-2312189,4,19,8,8,19,True,False,False
C2,OCNT-2312191,3,4,9,4,4,True,False,True
C2,OCNT-2312197,2,10,6,10,10,True,False,True
C2,OCNT-2312206,4,23,10,23,23,True,False,True
C2,OCNT-2312208,4,4,20,4,15,False,False,True
C2,OCNT-2312211,2,20,20,20,20,True,True,True
C2,OCNT-2312217,3,22,22,22,22,True,True,True
C2,OCNT-2312218,3,20,18,20,20,True,False,True
C2,OCNT-2312222,3,5,5,5,6,False,True,True
C2,OCNT-2312226,3,13,13,13,13,True,True,True
C2,OCNT-2312230,2,11,11,11,5,False,True,True
C2,OCNT-2312233,2,8,8,8,8,True,True,True
C2,OCNT-2312235,2,17,15,15,15,False,False,False
C2,OCNT-2312237,3,25,25,25,25,True,True,True
C2,OCNT-2312240,2,28,12,12,12,False,False,False
C2,OCNT-2312244,2,5,5,5,5,True,True,True
C2,OCNT-2312247,2,6,6,6,6,True,True,True
C2,OCNT-2312252,2,21,21,21,21,True,True,True
C2,OCNT-2312267,3,4,12,12,12,False,False,False
C2,OCNT-2312272,3,18,23,23,23,False,False,False
C2,OCNT-2312278,2,5,20,5,5,True,False,True
C2,OCNT-2312281,2,12,16,16,12,True,False,False
C2,OCNT-2312285,4,5,5,5,19,False,True,True
C2,OCNT-2312286,3,13,13,13,13,True,True,True
C2,OCNT-2312288,3,11,20,11,11,True,False,True
C2,OCNT-2312291,2,3,3,3,22,False,True,True
C2,OCNT-2312293,2,9,9,9,9,True,True,True
C2,OCNT-2312301,2,2,22,22,2,True,False,False
C2,OCNT-2312302,2,26,26,26,7,False,True,True
C2,OCNT-2312311,3,9,9,9,9,True,True,True
C2,OCNT-2312312,2,25,12,12,12,False,False,False
C2,OCNT-2312316,2,20,20,20,6,False,True,True
C2,OCNT-2312317,2,5,22,5,22,False,False,True
C2,OCNT-2312329,2,21,16,16,21,True,False,False
C2,OCNT-2312342,2,14,21,14,21,False,False,True
C2,OCNT-2312348,2,18,16,16,16,False,False,False
C2,OCNT-2312355,3,20,13,13,13,False,False,False
C2,OCNT-2312363,2,7,15,15,7,True,False,False
C2,OCNT-2312364,3,14,5,5,5,False,False,False
C2,OCNT-2312368,3,24,18,18,18,False,False,False
C2,OCNT-2312373,5,24,24,24,25,False,True,True
C2,OCNT-2312376,3,2,20,20,20,False,False,False
C2,OCNT-2312377,2,22,14,14,14,False,False,False
C2,OCNT-2312382,3,6,13,6,13,False,False,True
C2,OCNT-2312384,3,17,14,14,14,False,False,False
C2,OCNT-2312387,2,12,12,12,12,True,True,True
C2,OCNT-2312388,3,21,14,14,21,True,False,False
C2,OCNT-2312389,2,16,13,13,16,True,False,False
C2,OCNT-2312392,2,21,21,21,21,True,True,True
C2,OCNT-2312397,3,6,6,6,22,False,True,True
C2,OCNT-2312401,3,7,14,14,14,False,False,False
C2,OCNT-2312402,2,13,13,13,13,True,True,True
C2,OCNT-2312403,2,6,6,6,6,True,True,True
C2,OCNT-2312404,2,8,21,21,21,False,False,False
C2,OCNT-2312407,2,5,5,5,19,False,True,True
C2,OCNT-2312409,3,10,10,10,10,True,True,True
C2,OCNT-2312410,5,15,1,1,4,False,False,False
C2,OCNT-2312414,2,4,4,4,5,False,True,True
C2,OCNT-2312415,3,13,13,13,13,True,True,True
C2,OCNT-2312417,3,20,4,20,20,True,False,True
C2,OCNT-2312418,2,15,17,17,15,True,False,False
C2,OCNT-2312420,2,20,7,20,7,False,False,True
C2,OCNT-2312429,2,13,13,13,13,True,True,True
C2,OCNT-2312442,2,6,6,6,6,True,True,True
C2,OCNT-2312444,2,19,20,19,19,True,False,True
C2,OCNT-2312448,2,16,4,4,4,False,False,False
C2,OCNT-2312454,2,4,4,4,4,True,True,True
C2,OCNT-2312462,2,2,5,5,5,False,False,False
C2,OCNT-2312463,3,4,4,9,9,False,True,False
C2,OCNT-2312476,2,20,19,20,19,False,False,True
C2,OCNT-2312480,5,23,11,11,23,True,False,False
C2,OCNT-2312495,2,7,7,7,7,True,True,True
C2,OCNT-2312497,2,13,18,18,13,True,False,False
C2,OCNT-2312510,3,22,30,30,30,False,False,False
C2,OCNT-2312511,3,4,4,4,4,True,True,True
C2,OCNT-2312517,2,14,9,9,9,False,False,False
C2,OCNT-2312522,5,10,15,15,15,False,False,False
C2,OCNT-2312525,5,6,23,23,6,True,False,False
C2,OCNT-2312526,2,16,7,7,7,False,False,False
C2,OCNT-2312527,2,12,10,10,10,False,False,False
C2,OCNT-2312529,2,9,19,9,9,True,False,True
C2,OCNT-2312530,2,7,22,22,7,True,False,False
C2,OCNT-2312554,2,21,21,21,21,True,True,True
C2,OCNT-2312555,2,25,3,3,25,True,False,False
C2,OCNT-2312559,3,13,23,23,23,False,False,False
C2,OCNT-2312567,2,23,3,3,3,False,False,False
C2,OCNT-2312581,2,19,19,19,19,True,True,True
C2,OCNT-2312592,3,17,17,17,17,True,True,True
C2,OCNT-2312594,2,14,6,6,6,False,False,False
C2,OCNT-2312600,2,2,12,2,12,False,False,True
C2,OCNT-2312601,5,13,11,13,11,False,False,True
C2,OCNT-2312608,3,21,21,21,21,True,True,True
C2,OCNT-2312612,2,9,9,9,22,False,True,True
C2,OCNT-2312624,2,13,22,13,13,True,False,True
C2,OCNT-2312626,2,6,6,6,6,True,True,True
C2,OCNT-2312638,2,12,12,12,12,True,True,True
C2,OCNT-2312658,3,21,21,21,21,True,True,True
C2,OCNT-2312668,2,3,3,3,3,True,True,True
C2,OCNT-2312691,3,23,10,23,23,True,False,True
C2,OCNT-2312697,3,21,21,21,21,True,True,True
C2,OCNT-2312702,2,16,5,5,5,False,False,False
C2,OCNT-2312704,3,5,15,15,15,False,False,False
C2,OCNT-2312712,2,23,23,23,23,True,True,True
C2,OCNT-2312713,3,17,2,2,2,False,False,False
C2,OCNT-2312720,2,16,16,16,16,True,True,True
C2,OCNT-2312722,2,14,14,14,14,True,True,True
C2,OCNT-2312728,2,19,13,19,13,False,False,True
C2,OCNT-2312730,2,19,2,2,2,False,False,False
C2,OCNT-2312731,2,18,8,8,8,False,False,False
C2,OCNT-2312735,4,12,14,14,14,False,False,False
C2,OCNT-2312737,2,17,16,17,16,False,False,True
C2,OCNT-2312740,4,20,20,20,20,True,True,True
C2,OCNT-2312741,3,12,12,12,12,True,True,True
C2,OCNT-2312754,3,17,2,2,2,False,False,False
C2,OCNT-2312760,4,13,7,13,7,False,False,True
C2,OCNT-2312773,2,16,16,16,16,True,True,True
C2,OCNT-2312776,2,13,16,13,13,True,False,True
C2,OCNT-2312781,2,17,12,12,12,False,False,False
C2,OCNT-2312783,2,21,3,21,21,True,False,True
C2,OCNT-2312787,3,12,12,12,12,True,True,True
C2,OCNT-2312791,3,12,12,12,12,True,True,True
C2,OCNT-2312794,3,15,23,23,23,False,False,False
C2,OCNT-2312797,3,19,17,4,17,False,False,False
C2,OCNT-2312808,2,3,17,3,17,False,False,True
C2,OCNT-2312826,4,22,22,22,13,False,True,True
C2,OCNT-2312830,2,18,18,18,18,True,True,True
C2,OCNT-2312831,2,13,22,22,13,True,False,False
C2,OCNT-2312832,3,15,10,10,10,False,False,False
C2,OCNT-2312836,2,16,20,20,20,False,False,False
C2,OCNT-2312853,2,25,25,25,22,False,True,True
C2,OCNT-2312856,3,9,9,9,9,True,True,True
C2,OCNT-2312859,4,3,10,10,10,False,False,False
C2,OCNT-2312862,2,9,8,9,8,False,False,True
C2,OCNT-2312865,2,21,21,21,25,False,True,True
C2,OCNT-2312866,4,2,2,2,2,True,True,True
C2,OCNT-2312873,2,23,23,23,23,True,True,True
C2,OCNT-2312874,3,4,20,20,20,False,False,False
C2,OCNT-2312890,2,13,13,13,13,True,True,True
C2,OCNT-2312894,3,11,13,13,11,True,False,False
C2,OCNT-2312903,3,12,3,3,3,False,False,False
C2,OCNT-2312924,2,5,5,5,13,False,True,True
C2,OCNT-2312925,3,15,6,13,6,False,False,False
C2,OCNT-2312929,2,3,3,3,3,True,True,True
C2,OCNT-2312932,3,8,8,22,22,False,True,False
C2,OCNT-2312947,2,27,27,27,27,True,True,True
C2,OCNT-2312952,2,5,6,6,6,False,False,False
C2,OCNT-2312955,2,17,17,17,17,True,True,True
C2,OCNT-2312959,2,20,20,20,2,False,True,True
C2,OCNT-2312969,2,18,15,18,18,True,False,True
C2,OCNT-2312973,3,17,17,17,4,False,True,True
C2,OCNT-2312974,2,17,18,17,18,False,False,True
C2,OCNT-2312980,2,3,3,3,4,False,True,True
C2,OCNT-2312985,2,15,15,15,15,True,True,True
C2,OCNT-2312986,2,14,14,14,14,True,True,True
C2,OCNT-2312995,2,6,6,6,6,True,True,True
C2,OCNT-2313008,2,14,15,15,14,True,False,False
C2,OCNT-2313012,5,2,2,2,2,True,True,True
C2,OCNT-2313014,4,14,20,20,14,True,False,False
C2,OCNT-2313018,3,20,1,1,1,False,False,False
C2,OCNT-2313019,3,4,4,4,4,True,True,True
C2,OCNT-2313024,6,15,15,15,15,True,True,True
C2,OCNT-2313035,4,18,11,11,11,False,False,False
C2,OCNT-2313037,2,7,13,7,13,False,False,True
C2,OCNT-2313040,2,4,4,4,7,False,True,True
C2,OCNT-2313046,2,7,10,10,10,False,False,False
C2,OCNT-2313053,3,21,3,3,3,False,False,False
C2,OCNT-2313058,2,18,7,7,7,False,False,False
C2,OCNT-2313065,3,22,14,14,14,False,False,False
C2,OCNT-2313067,2,16,13,13,13,False,False,False
C2,OCNT-2313078,4,19,4,4,4,False,False,False
C2,OCNT-2313080,2,7,19,19,19,False,False,False
C2,OCNT-2313088,3,15,15,15,15,True,True,True
C2,OCNT-2313093,3,15,15,15,15,True,True,True
C2,OCNT-2313096,3,16,17,17,16,True,False,False
C2,OCNT-2313097,3,22,10,10,10,False,False,False
C2,OCNT-2313099,2,13,16,13,16,False,False,True
C2,OCNT-2313109,3,23,23,23,23,True,True,True
C2,OCNT-2313111,2,2,2,2,13,False,True,True
C2,OCNT-2313113,2,10,9,10,10,True,False,True
C2,OCNT-2313115,2,22,14,14,14,False,False,False
C2,OCNT-2313117,2,3,19,3,3,True,False,True
C2,OCNT-2313118,2,18,18,18,18,True,True,True
C2,OCNT-2313120,3,18,18,18,18,True,True,True
C2,OCNT-2313128,3,21,4,21,15,False,False,True
C2,OCNT-2313133,3,17,20,20,20,False,False,False
C2,OCNT-2313134,3,23,15,15,23,True,False,False
C2,OCNT-2313136,2,14,14,14,14,True,True,True
C2,OCNT-2313141,2,7,7,7,7,True,True,True
C2,OCNT-2313143,3,2,2,2,19,False,True,True
C2,OCNT-2313145,3,20,6,6,6,False,False,False
C2,OCNT-2313155,2,6,8,8,8,False,False,False
C2,OCNT-2313157,4,24,22,22,22,False,False,False
C2,OCNT-2313161,4,12,21,12,12,True,False,True
C2,OCNT-2313164,2,11,11,11,11,True,True,True
C2,OCNT-2313173,6,17,23,17,17,True,False,True
C2,OCNT-2313177,2,18,18,18,7,False,True,True
C2,OCNT-2313183,2,16,15,15,16,True,False,False
C2,OCNT-2313184,3,19,19,11,19,True,True,False
C2,OCNT-2313185,4,6,4,4,4,False,False,False
C2,OCNT-2313193,3,22,22,7,22,True,True,False
C2,OCNT-2313195,2,21,12,21,12,False,False,True
C2,OCNT-2313211,2,2,13,13,13,False,False,False
C2,OCNT-2313220,2,16,15,16,16,True,False,True
C2,OCNT-2313221,2,21,21,21,13,False,True,True
C2,OCNT-2313224,2,8,5,8,8,True,False,True
C2,OCNT-2313225,2,4,24,4,4,True,False,True
C2,OCNT-2313237,3,23,17,17,17,False,False,False
C2,OCNT-2313241,2,23,23,23,23,True,True,True
C2,OCNT-2313243,3,5,21,20,5,True,False,False
C2,OCNT-2313251,2,11,11,11,11,True,True,True
C2,OCNT-2313255,2,17,21,21,17,True,False,False
C2,OCNT-2313258,4,5,5,5,23,False,True,True
C2,OCNT-2313260,3,11,15,11,11,True,False,True
C2,OCNT-2313273,3,4,4,4,4,True,True,True
C2,OCNT-2313277,2,23,17,17,17,False,False,False
C2,OCNT-2313279,2,14,14,14,14,True,True,True
C2,OCNT-2313287,3,19,19,19,3,False,True,True
C2,OCNT-2313297,2,25,25,25,25,True,True,True
C2,OCNT-2313325,2,28,28,28,28,True,True,True
C2,OCNT-2313326,3,4,24,24,24,False,False,False
C2,OCNT-2313361,2,9,8,8,9,True,False,False
C2,OCNT-2313362,2,10,10,10,10,True,True,True
C2,OCNT-2313365,2,18,8,18,8,False,False,True
C2,OCNT-2313366,3,20,2,2,2,False,False,False
C2,OCNT-2313367,3,5,12,5,5,True,False,True
C2,OCNT-2313368,2,9,9,9,9,True,True,True
C2,OCNT-2313377,2,4,24,4,24,False,False,True
C2,OCNT-2313389,4,17,8,8,8,False,False,False
C2,OCNT-2313394,2,19,19,19,19,True,True,True
C2,OCNT-2313400,3,20,26,26,20,True,False,False
C2,OCNT-2313401,2,18,20,20,20,False,False,False
C2,OCNT-2313403,2,23,23,23,23,True,True,True
C2,OCNT-2313424,2,9,7,7,7,False,False,False
C2,OCNT-2313427,2,16,20,20,16,True,False,False
C2,OCNT-2313433,3,20,13,13,13,False,False,False
C2,OCNT-2313441,2,7,5,5,5,False,False,False
C2,OCNT-2313460,2,7,7,7,7,True,True,True
C2,OCNT-2313470,3,26,21,21,21,False,False,False
C2,OCNT-2313472,2,22,22,22,22,True,True,True
C2,OCNT-2313474,3,13,9,9,9,False,False,False
C2,OCNT-2313475,4,5,7,7,7,False,False,False
C2,OCNT-2313477,2,13,21,21,21,False,False,False
C2,OCNT-2313486,4,18,10,10,10,False,False,False
C2,OCNT-2313504,3,13,15,15,15,False,False,False
C2,OCNT-2313506,2,21,10,10,21,True,False,False
C2,OCNT-2313515,2,9,9,9,9,True,True,True
C2,OCNT-2313520,2,6,27,27,6,True,False,False
C2,OCNT-2313521,2,10,4,4,4,False,False,False
C2,OCNT-2313529,3,3,26,3,3,True,False,True
C2,OCNT-2313532,2,22,22,6,22,True,True,False
C2,OCNT-2313537,2,13,13,13,13,True,True,True
C2,OCNT-2313538,3,5,17,5,21,False,False,True
C2,OCNT-2313553,2,18,20,20,20,False,False,False
C2,OCNT-2313554,2,17,17,17,17,True,True,True
C2,OCNT-2313558,2,3,3,3,3,True,True,True
C2,OCNT-2313560,4,17,21,17,21,False,False,True
C2,OCNT-2313567,4,22,3,3,19,False,False,False
C2,OCNT-2313573,2,28,10,10,28,True,False,False
C2,OCNT-2313581,2,16,18,18,18,False,False,False
C2,OCNT-2313594,4,5,21,21,21,False,False,False
C2,OCNT-2313596,3,25,23,23,23,False,False,False
C2,OCNT-2313597,2,19,19,19,19,True,True,True
C2,OCNT-2313612,2,22,4,4,22,True,False,False
C2,OCNT-2313616,2,20,5,5,5,False,False,False
C2,OCNT-2313618,2,20,20,20,20,True,True,True
C2,OCNT-2313623,2,15,22,15,22,False,False,True
C2,OCNT-2313625,2,6,13,6,6,True,False,True
C2,OCNT-2313638,3,21,15,15,15,False,False,False
C2,OCNT-2313639,2,19,15,19,19,True,False,True
C2,OCNT-2313642,2,2,2,2,17,False,True,True
C2,OCNT-2313643,2,11,11,11,26,False,True,True
C2,OCNT-2313644,2,3,3,3,3,True,True,True
C2,OCNT-2313647,2,21,21,21,21,True,True,True
C2,OCNT-2313667,3,4,18,18,13,False,False,False
C2,OCNT-2313672,2,5,5,5,5,True,True,True
C2,OCNT-2313679,3,17,4,4,4,False,False,False
C2,OCNT-2313682,2,13,18,18,18,False,False,False
C2,OCNT-2313685,2,2,2,2,2,True,True,True
C2,OCNT-2313689,2,5,5,5,5,True,True,True
C2,OCNT-2313693,2,20,20,20,20,True,True,True
C2,OCNT-2313694,2,15,15,15,15,True,True,True
C2,OCNT-2313720,3,12,12,12,21,False,True,True
C2,OCNT-2313721,2,16,17,16,16,True,False,True
C2,OCNT-2313740,3,4,4,4,4,True,True,True
C2,OCNT-2313747,3,2,2,2,2,True,True,True
C2,OCNT-2313748,2,8,10,10,8,True,False,False
C2,OCNT-2313756,2,19,13,13,13,False,False,False
C2,OCNT-2313761,4,19,1,1,1,False,False,False
C2,OCNT-2313767,2,2,2,2,26,False,True,True
C2,OCNT-2313771,3,5,5,5,5,True,True,True
C2,OCNT-2313778,2,9,9,9,9,True,True,True
C2,OCNT-2313785,2,27,5,5,27,True,False,False
C2,OCNT-2313789,2,4,12,12,12,False,False,False
C2,OCNT-2313792,2,13,13,13,6,False,True,True
C2,OCNT-2313798,3,6,6,6,6,True,True,True
C2,OCNT-2313808,2,23,7,7,7,False,False,False
C2,OCNT-2313822,2,24,24,24,2,False,True,True
C2,OCNT-2313829,2,15,15,15,15,True,True,True
C2,OCNT-2313851,4,14,23,14,14,True,False,True
C2,OCNT-2313852,3,13,22,22,12,False,False,False
C2,OCNT-2313858,2,19,2,19,19,True,False,True
C2,OCNT-2313865,2,22,22,22,22,True,True,True
C2,OCNT-2313867,3,16,19,16,22,False,False,True
C2,OCNT-2313871,3,24,19,19,19,False,False,False
C2,OCNT-2313872,3,21,21,21,21,True,True,True
C2,OCNT-2313874,3,18,24,24,24,False,False,False
C2,OCNT-2313876,2,7,23,23,23,False,False,False
C2,OCNT-2313894,2,20,5,5,5,False,False,False
C2,OCNT-2313909,2,12,12,12,24,False,True,True
C2,OCNT-2313910,2,24,14,14,14,False,False,False
C2,OCNT-2313912,3,13,13,13,13,True,True,True
C2,OCNT-2313933,4,11,9,9,9,False,False,False
C2,OCNT-2313936,3,23,23,23,2,False,True,True
C2,OCNT-2313948,3,22,22,14,22,True,True,False
C2,OCNT-2313954,3,16,16,16,16,True,True,True
C2,OCNT-2313970,2,21,3,3,3,False,False,False
C2,OCNT-2313972,2,9,9,9,23,False,True,True
C2,OCNT-2313982,2,15,15,15,2,False,True,True
C2,OCNT-2313983,4,16,17,17,9,False,False,False
C2,OCNT-2313984,2,19,9,9,9,False,False,False
C2,OCNT-2313989,3,24,24,24,24,True,True,True
C2,OCNT-2313992,2,13,13,13,13,True,True,True
C2,OCNT-2313994,3,21,21,21,21,True,True,True
C2,OCNT-2313996,2,4,17,4,17,False,False,True
C2,OCNT-2314002,2,11,9,9,9,False,False,False
C2,OCNT-2314003,3,15,12,6,6,False,False,False
C2,OCNT-2314004,2,10,33,10,10,True,False,True
C2,OCNT-2314006,3,5,5,5,23,False,True,True
C2,OCNT-2314012,2,9,8,9,8,False,False,True
C2,OCNT-2314014,4,21,3,3,3,False,False,False
C2,OCNT-2314017,2,8,6,8,8,True,False,True
C2,OCNT-2314036,2,12,12,12,12,True,True,True
C2,OCNT-2314042,2,2,2,2,19,False,True,True
C2,OCNT-2314045,2,22,15,22,15,False,False,True
C2,OCNT-2314050,4,7,7,7,7,True,True,True
C2,OCNT-2314054,4,14,14,14,24,False,True,True
C2,OCNT-2314061,2,19,22,19,22,False,False,True
C2,OCNT-2314062,2,13,13,13,13,True,True,True
C2,OCNT-2314063,3,25,25,25,25,True,True,True
C2,OCNT-2314065,3,21,29,21,21,True,False,True
C2,OCNT-2314067,3,27,27,27,27,True,True,True
C2,OCNT-2314068,3,18,10,18,18,True,False,True
C2,OCNT-2314069,2,24,24,24,24,True,True,True
C2,OCNT-2314070,2,23,25,25,25,False,False,False
C2,OCNT-2314073,2,19,13,13,13,False,False,False
C2,OCNT-2314083,2,6,2,6,6,True,False,True
C2,OCNT-2314087,4,29,29,29,29,True,True,True
C2,OCNT-2314101,2,19,1,1,1,False,False,False
C2,OCNT-2314112,3,14,11,11,11,False,False,False
C2,OCNT-2314113,2,24,23,24,23,False,False,True
C2,OCNT-2314117,2,6,6,6,6,True,True,True
C2,OCNT-2314120,2,6,8,8,8,False,False,False
C2,OCNT-2314127,2,15,4,4,4,False,False,False
C2,OCNT-2314135,2,18,2,2,18,True,False,False
C2,OCNT-2314136,2,7,7,7,7,True,True,True
C2,OCNT-2314137,2,9,9,9,9,True,True,True
C2,OCNT-2314140,4,7,21,21,21,False,False,False
C2,OCNT-2314143,2,3,3,3,3,True,True,True
C2,OCNT-2314144,4,10,10,10,14,False,True,True
C2,OCNT-2314145,2,2,2,2,2,True,True,True
C2,OCNT-2314146,2,2,7,7,7,False,False,False
C2,OCNT-2314150,3,4,4,4,4,True,True,True
C2,OCNT-2314158,2,3,3,3,13,False,True,True
C2,OCNT-2314168,2,14,14,14,11,False,True,True
C2,OCNT-2314176,3,18,20,18,18,True,False,True
C2,OCNT-2314178,2,15,13,13,13,False,False,False
C2,OCNT-2314180,3,21,19,19,19,False,False,False
C2,OCNT-2314182,2,18,20,20,20,False,False,False
C2,OCNT-2314190,2,24,24,24,24,True,True,True
C2,OCNT-2314197,5,21,22,21,22,False,False,True
C2,OCNT-2314198,2,20,20,20,20,True,True,True
C2,OCNT-2314201,3,29,29,29,9,False,True,True
C2,OCNT-2314202,3,8,18,18,18,False,False,False
C2,OCNT-2314207,3,19,19,19,19,True,True,True
C2,OCNT-2314210,3,21,2,2,2,False,False,False
C2,OCNT-2314212,3,15,13,13,13,False,False,False
C2,OCNT-2314213,2,23,23,23,23,True,True,True
C2,OCNT-2314217,2,9,9,9,11,False,True,True
C2,OCNT-2314219,4,14,12,12,12,False,False,False
C2,OCNT-2314222,4,22,14,22,20,False,False,True
C2,OCNT-2314223,2,7,2,7,7,True,False,True
C2,OCNT-2314226,2,21,21,21,21,True,True,True
C2,OCNT-2314234,2,2,24,24,2,True,False,False
C2,OCNT-2314235,2,6,8,8,8,False,False,False
C2,OCNT-2314237,3,16,7,7,7,False,False,False
C2,OCNT-2314242,3,10,10,10,10,True,True,True
C2,OCNT-2314243,4,24,6,6,6,False,False,False
C2,OCNT-2314248,2,21,16,16,21,True,False,False
C2,OCNT-2314263,2,14,13,13,14,True,False,False
C2,OCNT-2314266,2,18,18,18,18,True,True,True
C2,OCNT-2314267,2,21,21,21,21,True,True,True
C2,OCNT-2314271,2,6,1,1,1,False,False,False
C2,OCNT-2314273,2,8,8,8,8,True,True,True
C2,OCNT-2314275,3,12,1,1,1,False,False,False
C2,OCNT-2314296,3,9,26,9,9,True,False,True
C2,OCNT-2314301,2,6,6,6,6,True,True,True
C2,OCNT-2314305,3,18,16,16,16,False,False,False
C2,OCNT-2314307,2,21,21,21,21,True,True,True
C2,OCNT-2314326,3,23,12,23,23,True,False,True
C2,OCNT-2314329,3,26,23,26,26,True,False,True
C2,OCNT-2314335,2,8,17,17,17,False,False,False
C2,OCNT-2314337,3,9,9,9,9,True,True,True
C2,OCNT-2314354,2,17,9,9,9,False,False,False
C2,OCNT-2314356,2,22,23,23,23,False,False,False
C2,OCNT-2314363,3,16,16,23,5,False,True,False
C2,OCNT-2314369,4,21,14,14,14,False,False,False
C2,OCNT-2314371,2,6,2,6,6,True,False,True
C2,OCNT-2314373,3,4,21,4,4,True,False,True
C2,OCNT-2314377,2,5,10,5,10,False,False,True
C2,OCNT-2314381,3,23,17,17,17,False,False,False
C2,OCNT-2314385,3,23,23,23,19,False,True,True
C2,OCNT-2314390,2,13,17,17,13,True,False,False
C2,OCNT-2314395,2,8,8,8,5,False,True,True
C2,OCNT-2314397,3,11,11,11,11,True,True,True
C2,OCNT-2314402,2,13,13,13,20,False,True,True
C2,OCNT-2314405,2,25,24,25,24,False,False,True
C2,OCNT-2314407,2,24,24,24,24,True,True,True
C2,OCNT-2314408,2,21,6,6,21,True,False,False
C2,OCNT-2314412,4,6,11,25,25,False,False,False
C2,OCNT-2314427,3,4,4,4,4,True,True,True
C2,OCNT-2314433,2,14,14,14,14,True,True,True
C2,OCNT-2314447,2,24,19,19,19,False,False,False
C2,OCNT-2314450,2,23,15,15,23,True,False,False
C2,OCNT-2314454,2,24,24,24,24,True,True,True
C2,OCNT-2314457,5,7,17,17,7,True,False,False
C2,OCNT-2314459,2,9,9,9,9,True,True,True
C2,OCNT-2314461,4,21,1,1,1,False,False,False
C2,OCNT-2314465,2,19,18,19,19,True,False,True
C2,OCNT-2314467,2,22,22,22,22,True,True,True
C2,OCNT-2314468,3,9,11,11,11,False,False,False
C2,OCNT-2314473,3,15,13,13,13,False,False,False
C2,OCNT-2314480,2,17,4,4,4,False,False,False
C2,OCNT-2314481,3,20,2,2,2,False,False,False
C2,OCNT-2314482,3,5,18,5,5,True,False,True
C2,OCNT-2314483,2,16,10,10,10,False,False,False
C2,OCNT-2314487,2,15,15,15,15,True,True,True
C2,OCNT-2314488,2,21,11,21,11,False,False,True
C2,OCNT-2314492,2,25,21,25,25,True,False,True
C2,OCNT-2314494,3,19,19,19,19,True,True,True
C2,OCNT-2314499,2,18,9,18,9,False,False,True
C2,OCNT-2314502,3,19,7,7,7,False,False,False
C2,OCNT-2314508,2,8,18,8,8,True,False,True
C2,OCNT-2314511,2,21,21,21,21,True,True,True
C2,OCNT-2314524,2,5,5,5,5,True,True,True
C2,OCNT-2314526,3,14,14,14,9,False,True,True
C2,OCNT-2314528,2,13,11,11,11,False,False,False
C2,OCNT-2314536,2,14,6,6,14,True,False,False
C2,OCNT-2314548,3,26,6,26,26,True,False,True
C2,OCNT-2314551,2,29,29,29,29,True,True,True
C2,OCNT-2314553,3,23,23,23,23,True,True,True
C2,OCNT-2314559,4,21,30,21,21,True,False,True
C2,OCNT-2314567,2,18,21,18,21,False,False,True
C2,OCNT-2314568,2,5,13,13,13,False,False,False
C2,OCNT-2314570,3,14,2,2,14,True,False,False
C2,OCNT-2314574,2,14,21,21,14,True,False,False
C2,OCNT-2314584,2,19,22,19,19,True,False,True
C2,OCNT-2314588,3,19,8,8,8,False,False,False
C2,OCNT-2314591,2,5,4,5,5,True,False,True
C2,OCNT-2314592,3,7,7,7,7,True,True,True
C2,OCNT-2314601,4,21,14,14,14,False,False,False
C2,OCNT-2314602,3,23,16,16,23,True,False,False
C2,OCNT-2314603,3,14,22,22,22,False,False,False
C2,OCNT-2314607,3,11,11,11,24,False,True,True
C2,OCNT-2314609,2,14,14,14,14,True,True,True
C2,OCNT-2314610,3,22,24,22,22,True,False,True
C2,OCNT-2314615,2,22,22,21,22,True,True,False
C2,OCNT-2314616,2,2,11,11,11,False,False,False
C2,OCNT-2314618,3,20,12,20,12,False,False,True
C2,OCNT-2314619,2,12,19,19,19,False,False,False
C2,OCNT-2314621,3,11,1,1,1,False,False,False
C2,OCNT-2314630,4,14,22,22,22,False,False,False
C2,OCNT-2314632,2,19,19,19,13,False,True,True
C2,OCNT-2314637,4,15,23,23,23,False,False,False
C2,OCNT-2314654,3,16,18,18,16,True,False,False
C2,OCNT-2314657,2,24,3,24,24,True,False,True
C2,OCNT-2314658,3,17,22,22,17,True,False,False
C2,OCNT-2314662,3,10,10,10,10,True,True,True
C2,OCNT-2314665,3,20,3,3,3,False,False,False
C2,OCNT-2314673,2,16,16,16,16,True,True,True
C2,OCNT-2314682,2,12,15,15,15,False,False,False
C2,OCNT-2314683,4,13,13,13,5,False,True,True
C2,OCNT-2314688,2,7,9,9,9,False,False,False
C2,OCNT-2314691,3,5,5,5,10,False,True,True
C2,OCNT-2314692,2,21,20,21,21,True,False,True
C2,OCNT-2314694,2,24,28,24,24,True,False,True
C2,OCNT-2314695,3,15,15,15,15,True,True,True
C2,OCNT-2314705,3,21,13,21,13,False,False,True
C2,OCNT-2314706,2,21,4,4,4,False,False,False
C2,OCNT-2314713,2,11,19,19,19,False,False,False
C2,OCNT-2314715,2,18,17,17,18,True,False,False
C2,OCNT-2314717,2,22,22,22,26,False,True,True
C2,OCNT-2314720,4,7,3,3,3,False,False,False
C2,OCNT-2314724,2,10,10,10,11,False,True,True
C2,OCNT-2314726,2,6,3,6,3,False,False,True
C2,OCNT-2314739,3,22,14,14,14,False,False,False
C2,OCNT-2314744,2,18,18,18,18,True,True,True
C2,OCNT-2314747,3,25,25,22,25,True,True,False
C2,OCNT-2314750,2,18,18,18,18,True,True,True
C2,OCNT-2314762,3,15,18,15,15,True,False,True
C2,OCNT-2314768,4,28,28,28,25,False,True,True
C2,OCNT-2314770,4,4,8,4,8,False,False,True
C2,OCNT-2314774,2,8,2,2,2,False,False,False
C2,OCNT-2314777,3,7,7,7,7,True,True,True
C2,OCNT-2314778,3,6,6,6,6,True,True,True
C2,OCNT-2314790,2,20,10,10,10,False,False,False
C2,OCNT-2314795,2,20,20,20,20,True,True,True
C2,OCNT-2314796,2,7,7,7,7,True,True,True
C2,OCNT-2314800,3,14,14,14,14,True,True,True
C2,OCNT-2314804,2,7,7,7,7,True,True,True
C2,OCNT-2314807,4,21,10,10,21,True,False,False
C2,OCNT-2314812,3,18,7,18,16,False,False,True
C2,OCNT-2314813,2,12,3,3,12,True,False,False
C2,OCNT-2314816,3,3,5,5,5,False,False,False
C2,OCNT-2314818,4,21,15,15,15,False,False,False
C2,OCNT-2314820,3,9,17,17,17,False,False,False
C2,OCNT-2314831,3,6,13,13,13,False,False,False
C2,OCNT-2314833,2,9,9,9,9,True,True,True
C2,OCNT-2314845,2,7,15,15,15,False,False,False
C2,OCNT-2314853,3,20,21,21,21,False,False,False
C2,OCNT-2314858,3,17,18,14,14,False,False,False
C2,OCNT-2314861,3,12,17,17,17,False,False,False
C2,OCNT-2314864,2,10,10,10,23,False,True,True
C2,OCNT-2314865,2,15,11,11,11,False,False,False
C2,OCNT-2314866,2,6,6,6,6,True,True,True
C2,OCNT-2314875,2,13,7,13,7,False,False,True
C2,OCNT-2314879,2,25,25,25,25,True,True,True
C2,OCNT-2314884,3,23,23,23,23,True,True,True
C2,OCNT-2314886,3,12,10,10,10,False,False,False
C2,OCNT-2314897,3,19,15,15,15,False,False,False
C2,OCNT-2314898,2,16,16,16,16,True,True,True
C2,OCNT-2314903,2,28,28,28,28,True,True,True
C2,OCNT-2314907,2,8,6,6,6,False,False,False
C2,OCNT-2314910,5,25,25,25,19,False,True,True
C2,OCNT-2314919,2,20,11,11,11,False,False,False
C2,OCNT-2314929,2,8,8,8,8,True,True,True
C2,OCNT-2314941,2,8,6,8,6,False,False,True
C2,OCNT-2314946,2,16,15,16,15,False,False,True
C2,OCNT-2314947,3,6,6,6,6,True,True,True
C2,OCNT-2314960,2,14,1,1,1,False,False,False
C2,OCNT-2314961,2,20,20,20,20,True,True,True
C2,OCNT-2314966,3,23,23,23,11,False,True,True
C2,OCNT-2314969,2,13,6,6,6,False,False,False
C2,OCNT-2314976,3,15,19,19,19,False,False,False
C2,OCNT-2314988,3,21,2,21,2,False,False,True
C2,OCNT-2314990,2,18,5,5,5,False,False,False
C2,OCNT-2314992,2,20,18,20,18,False,False,True
C2,OCNT-2314993,2,17,17,17,17,True,True,True
C2,OCNT-2315005,3,23,5,5,5,False,False,False
C2,OCNT-2315007,3,22,22,22,17,False,True,True
C2,OCNT-2315017,3,7,7,7,7,True,True,True
C2,OCNT-2315024,2,8,8,8,8,True,True,True
C2,OCNT-2315030,2,9,9,9,9,True,True,True
C2,OCNT-2315034,5,5,7,27,7,False,False,False
C2,OCNT-2315036,3,12,3,3,3,False,False,False
C2,OCNT-2315039,2,12,12,12,12,True,True,True
C2,OCNT-2315044,2,24,1,1,1,False,False,False
C2,OCNT-2315045,3,11,6,11,11,True,False,True
C2,OCNT-2315050,3,17,4,4,17,True,False,False
C2,OCNT-2315052,4,6,6,6,6,True,True,True
C2,OCNT-2315060,2,16,16,16,16,True,True,True
C2,OCNT-2315064,4,3,20,3,3,True,False,True
C2,OCNT-2315071,2,6,18,18,6,True,False,False
C2,OCNT-2315072,2,6,15,15,15,False,False,False
C2,OCNT-2315079,3,17,5,5,5,False,False,False
C2,OCNT-2315082,2,16,4,4,4,False,False,False
C2,OCNT-2315085,4,15,1,1,1,False,False,False
C2,OCNT-2315087,2,21,21,21,21,True,True,True
C2,OCNT-2315089,2,2,11,11,11,False,False,False
C2,OCNT-2315091,3,15,17,17,17,False,False,False
C2,OCNT-2315092,2,3,3,3,3,True,True,True
C2,OCNT-2315097,2,4,7,7,7,False,False,False
C2,OCNT-2315100,2,22,22,22,22,True,True,True
C2,OCNT-2315103,2,21,16,16,16,False,False,False
C2,OCNT-2315109,2,18,18,18,18,True,True,True
C2,OCNT-2315114,2,25,20,20,25,True,False,False
C2,OCNT-2315115,3,15,17,17,17,False,False,False
C2,OCNT-2315124,2,16,16,16,16,True,True,True
C2,OCNT-2315125,5,12,23,23,23,False,False,False
C2,OCNT-2315126,2,2,2,2,18,False,True,True
C2,OCNT-2315131,2,27,27,27,27,True,True,True
C2,OCNT-2315133,3,3,11,11,11,False,False,False
C2,OCNT-2315145,2,6,10,10,10,False,False,False
C2,OCNT-2315146,2,8,10,10,10,False,False,False
C2,OCNT-2315147,4,18,4,4,4,False,False,False
C2,OCNT-2315156,2,9,16,16,9,True,False,False
C2,OCNT-2315157,2,15,15,15,15,True,True,True
C2,OCNT-2315159,2,8,14,14,14,False,False,False
C2,OCNT-2315165,3,17,17,17,17,True,True,True
C2,OCNT-2315179,3,24,12,12,12,False,False,False
C2,OCNT-2315186,2,24,24,24,24,True,True,True
C2,OCNT-2315194,2,23,23,23,23,True,True,True
C2,OCNT-2315201,2,16,21,16,16,True,False,True
C2,OCNT-2315212,3,10,10,10,10,True,True,True
C2,OCNT-2315232,2,22,22,22,22,True,True,True
C2,OCNT-2315236,3,17,17,17,17,True,True,True
C2,OCNT-2315237,3,4,29,4,19,False,False,True
C2,OCNT-2315245,3,16,16,16,16,True,True,True
C2,OCNT-2315257,2,18,18,18,18,True,True,True
C2,OCNT-2315259,2,21,21,21,21,True,True,True
C2,OCNT-2315261,4,4,4,4,24,False,True,True
C2,OCNT-2315263,3,9,24,24,9,True,False,False
C2,OCNT-2315265,3,7,20,20,20,False,False,False
C2,OCNT-2315270,2,5,5,5,5,True,True,True
C2,OCNT-2315275,3,4,8,8,8,False,False,False
C2,OCNT-2315277,3,7,29,7,7,True,False,True
C2,OCNT-2315282,2,22,22,22,22,True,True,True
C2,OCNT-2315284,2,21,21,21,21,True,True,True
C2,OCNT-2315288,2,9,13,13,13,False,False,False
C2,OCNT-2315297,3,18,18,18,18,True,True,True
C2,OCNT-2315311,3,15,13,13,13,False,False,False
C2,OCNT-2315325,3,23,2,2,2,False,False,False
C2,OCNT-2315326,2,19,19,19,19,True,True,True
C2,OCNT-2315329,3,7,7,7,7,True,True,True
C2,OCNT-2315331,4,15,5,5,5,False,False,False
C2,OCNT-2315332,2,17,19,19,17,True,False,False
C2,OCNT-2315333,3,27,27,27,27,True,True,True
C2,OCNT-2315338,2,5,5,5,5,True,True,True
C2,OCNT-2315340,3,12,9,9,9,False,False,False
C2,OCNT-2315342,2,14,12,12,12,False,False,False
C2,OCNT-2315347,3,12,12,12,12,True,True,True
C2,OCNT-2315349,3,6,4,4,4,False,False,False
C2,OCNT-2315351,2,24,24,24,24,True,True,True
C2,OCNT-2315357,2,20,20,20,20,True,True,True
C2,OCNT-2315367,3,12,12,12,4,False,True,True
C2,OCNT-2315368,2,25,25,25,25,True,True,True
C2,OCNT-2315386,2,32,32,2,2,False,True,False
C2,OCNT-2315389,2,17,17,17,17,True,True,True
C2,OCNT-2315392,2,22,15,15,22,True,False,False
C2,OCNT-2315412,5,20,13,13,13,False,False,False
C2,OCNT-2315416,2,23,23,23,23,True,True,True
C2,OCNT-2315425,2,20,2,2,2,False,False,False
C2,OCNT-2315448,2,24,2,24,2,False,False,True
C2,OCNT-2315451,2,11,9,9,9,False,False,False
C2,OCNT-2315458,2,15,15,15,15,True,True,True
C2,OCNT-2315460,3,10,1,1,1,False,False,False
C2,OCNT-2315462,2,23,23,23,23,True,True,True
C2,OCNT-2315468,4,22,11,11,11,False,False,False
C2,OCNT-2315469,3,15,8,12,8,False,False,False
C2,OCNT-2315473,2,8,8,8,20,False,True,True
C2,OCNT-2315479,2,18,2,2,2,False,False,False
C2,OCNT-2315483,2,2,2,2,2,True,True,True
C2,OCNT-2315485,2,14,14,14,14,True,True,True
C2,OCNT-2315488,3,21,5,1,1,False,False,False
C2,OCNT-2315490,3,9,11,9,9,True,False,True
C2,OCNT-2315495,4,15,11,11,11,False,False,False
C2,OCNT-2315502,3,19,10,21,10,False,False,False
C2,OCNT-2315503,2,23,12,23,12,False,False,True
C2,OCNT-2315505,3,19,11,11,11,False,False,False
C2,OCNT-2315508,2,26,26,26,26,True,True,True
C2,OCNT-2315509,2,22,8,8,8,False,False,False
C2,OCNT-2315512,3,6,17,6,6,True,False,True
C2,OCNT-2315513,2,2,2,2,16,False,True,True
C2,OCNT-2315514,3,22,22,22,22,True,True,True
C2,OCNT-2315517,2,3,3,3,3,True,True,True
C2,OCNT-2315518,3,8,8,8,8,True,True,True
C2,OCNT-2315531,3,21,8,21,8,False,False,True
C2,OCNT-2315532,4,4,18,18,24,False,False,False
C2,OCNT-2315535,3,18,1,1,1,False,False,False
C2,OCNT-2315537,2,16,11,11,11,False,False,False
C2,OCNT-2315538,4,15,21,21,15,True,False,False
C2,OCNT-2315539,4,20,23,20,20,True,False,True
C2,OCNT-2315545,3,17,17,17,17,True,True,True
C2,OCNT-2315550,4,22,22,22,6,False,True,True
C2,OCNT-2315554,2,23,7,7,7,False,False,False
C2,OCNT-2315556,2,24,24,24,30,False,True,True
C2,OCNT-2315557,2,6,14,14,14,False,False,False
C2,OCNT-2315565,3,22,5,5,22,True,False,False
C2,OCNT-2315568,3,16,16,16,16,True,True,True
C2,OCNT-2315569,2,15,7,7,7,False,False,False
C2,OCNT-2315571,4,17,1,1,6,False,False,False
C2,OCNT-2315583,2,24,24,24,24,True,True,True
C2,OCNT-2315584,2,6,6,6,6,True,True,True
C2,OCNT-2315585,2,22,22,22,22,True,True,True
C2,OCNT-2315591,3,19,19,19,19,True,True,True
C2,OCNT-2315600,2,13,22,22,22,False,False,False
C2,OCNT-2315605,2,4,4,4,4,True,True,True
C2,OCNT-2315610,2,21,20,20,20,False,False,False
C2,OCNT-2315621,3,14,12,12,12,False,False,False
C2,OCNT-2315622,2,12,4,4,4,False,False,False
C2,OCNT-2315627,3,23,23,23,23,True,True,True
C2,OCNT-2315629,6,5,5,5,11,False,True,True
C2,OCNT-2315632,2,26,6,26,26,True,False,True
C2,OCNT-2315633,2,15,15,15,15,True,True,True
C2,OCNT-2315636,2,13,13,13,13,True,True,True
C2,OCNT-2315640,3,2,6,6,6,False,False,False
C2,OCNT-2315646,3,17,17,17,17,True,True,True
C2,OCNT-2315652,2,20,20,14,20,True,True,False
C2,OCNT-2315653,3,5,5,5,5,True,True,True
C2,OCNT-2315654,3,19,19,19,19,True,True,True
C2,OCNT-2315660,2,21,10,10,10,False,False,False
C2,OCNT-2315672,5,17,23,23,23,False,False,False
C2,OCNT-2315684,2,3,4,4,4,False,False,False
C2,OCNT-2315699,2,6,16,16,16,False,False,False
C2,OCNT-2315700,2,19,19,19,19,True,True,True
C2,OCNT-2315702,2,4,4,4,20,False,True,True
C2,OCNT-2315705,2,7,7,8,7,True,True,False
C2,OCNT-2315713,2,6,8,8,8,False,False,False
C2,OCNT-2315719,2,15,15,15,15,True,True,True
C2,OCNT-2315721,2,8,11,11,11,False,False,False
C2,OCNT-2315727,2,12,20,20,20,False,False,False
C2,OCNT-2315739,2,15,11,11,11,False,False,False
C2,OCNT-2315740,2,21,3,3,21,True,False,False
C2,OCNT-2315742,2,25,25,25,25,True,True,True
C2,OCNT-2315746,2,17,17,10,17,True,True,False
C2,OCNT-2315752,3,20,18,20,2,False,False,True
C2,OCNT-2315753,3,18,11,11,11,False,False,False
C2,OCNT-2315757,3,9,11,11,11,False,False,False
C2,OCNT-2315758,2,9,9,15,9,True,True,False
C2,OCNT-2315759,2,7,7,7,7,True,True,True
C2,OCNT-2315764,2,13,6,6,6,False,False,False
C2,OCNT-2315775,2,14,3,3,3,False,False,False
C2,OCNT-2315776,3,20,8,8,5,False,False,False
C2,OCNT-2315779,3,14,1,14,1,False,False,True
C2,OCNT-2315805,2,19,23,19,19,True,False,True
C2,OCNT-2315806,4,14,14,14,14,True,True,True
C2,OCNT-2315815,4,11,11,11,15,False,True,True
C2,OCNT-2315816,2,5,5,5,5,True,True,True
C2,OCNT-2315819,2,6,6,6,6,True,True,True
C2,OCNT-2315826,3,13,13,13,5,False,True,True
C2,OCNT-2315827,3,24,16,16,16,False,False,False
C2,OCNT-2315832,3,22,5,5,5,False,False,False
C2,OCNT-2315836,3,2,21,2,2,True,False,True
C2,OCNT-2315838,2,19,19,19,19,True,True,True
C2,OCNT-2315844,2,17,16,17,16,False,False,True
C2,OCNT-2315846,2,12,12,12,12,True,True,True
C2,OCNT-2315849,2,7,7,7,7,True,True,True
C2,OCNT-2315861,2,14,14,14,14,True,True,True
C2,OCNT-2315864,2,20,5,5,5,False,False,False
C2,OCNT-2315873,2,18,18,18,18,True,True,True
C2,OCNT-2315875,3,9,14,14,14,False,False,False
C2,OCNT-2315878,3,6,12,12,12,False,False,False
C2,OCNT-2315885,2,23,23,23,23,True,True,True
C2,OCNT-2315888,4,5,19,19,19,False,False,False
C2,OCNT-2315891,2,20,2,2,2,False,False,False
C2,OCNT-2315903,5,15,22,22,22,False,False,False
C2,OCNT-2315906,2,18,18,18,18,True,True,True
C2,OCNT-2315910,2,18,18,18,18,True,True,True
C2,OCNT-2315912,2,16,16,16,16,True,True,True
C2,OCNT-2315916,2,3,14,14,14,False,False,False
C2,OCNT-2315937,4,7,19,7,7,True,False,True
C2,OCNT-2315938,3,5,22,5,5,True,False,True
C2,OCNT-2315944,2,27,27,27,27,True,True,True
C2,OCNT-2315946,4,14,12,12,12,False,False,False
C2,OCNT-2315948,3,8,23,23,8,True,False,False
C2,OCNT-2315954,3,7,7,7,7,True,True,True
C2,OCNT-2315965,2,13,17,17,17,False,False,False
C2,OCNT-2315966,3,27,24,27,27,True,False,True
C2,OCNT-2315972,3,22,25,25,25,False,False,False
C2,OCNT-2315978,3,8,8,8,17,False,True,True
C2,OCNT-2315980,3,17,7,7,17,True,False,False
C2,OCNT-2315990,4,28,28,7,28,True,True,False
C2,OCNT-2315992,2,24,24,24,24,True,True,True
C2,OCNT-2315994,4,11,11,11,11,True,True,True
C2,OCNT-2315996,2,23,23,8,23,True,True,False
C2,OCNT-2315998,2,23,6,6,6,False,False,False
C2,OCNT-2316001,4,19,18,18,19,True,False,False
C2,OCNT-2316003,3,11,7,7,7,False,False,False
C2,OCNT-2316017,2,13,1,1,1,False,False,False
C2,OCNT-2316020,2,24,24,24,24,True,True,True
C2,OCNT-2316031,2,3,22,22,22,False,False,False
C2,OCNT-2316040,2,20,10,10,10,False,False,False
C2,OCNT-2316083,3,16,7,7,16,True,False,False
C2,OCNT-2316095,3,18,18,18,18,True,True,True
C2,OCNT-2316100,3,23,23,23,23,True,True,True
C2,OCNT-2316102,2,3,3,3,6,False,True,True
C2,OCNT-2316109,3,13,18,13,13,True,False,True
C2,OCNT-2316110,4,17,6,6,6,False,False,False
C2,OCNT-2316112,3,20,22,20,20,True,False,True
C2,OCNT-2316115,2,24,24,24,24,True,True,True
C2,OCNT-2316119,2,8,6,6,6,False,False,False
C2,OCNT-2316120,2,18,10,10,10,False,False,False
C2,OCNT-2316125,2,9,18,18,18,False,False,False
C2,OCNT-2316132,2,22,22,22,22,True,True,True
C2,OCNT-2316136,2,23,23,23,23,True,True,True
C2,OCNT-2316138,2,21,21,21,21,True,True,True
C2,OCNT-2316140,2,8,8,8,15,False,True,True
C2,OCNT-2316147,2,23,23,23,23,True,True,True
C2,OCNT-2316170,2,14,14,14,14,True,True,True
C2,OCNT-2316176,2,11,14,11,14,False,False,True
C2,OCNT-2316177,2,13,13,13,13,True,True,True
C2,OCNT-2316179,2,2,11,11,11,False,False,False
C2,OCNT-2316180,3,20,20,20,20,True,True,True
C2,OCNT-2316181,2,21,14,21,14,False,False,True
C2,OCNT-2316186,3,25,23,25,23,False,False,True
C2,OCNT-2316187,3,20,15,15,20,True,False,False
C2,OCNT-2316189,2,4,4,4,4,True,True,True
C2,OCNT-2316198,2,25,5,5,5,False,False,False
C2,OCNT-2316204,3,20,8,8,8,False,False,False
C2,OCNT-2316217,2,15,15,15,15,True,True,True
C2,OCNT-2316222,2,22,22,22,22,True,True,True
C2,OCNT-2316225,2,16,16,16,5,False,True,True
C2,OCNT-2316228,2,20,10,10,10,False,False,False
C2,OCNT-2316229,3,24,12,12,24,True,False,False
C2,OCNT-2316235,2,7,26,26,26,False,False,False
C2,OCNT-2316236,2,5,5,5,5,True,True,True
C2,OCNT-2316237,2,7,7,7,20,False,True,True
C2,OCNT-2316255,4,15,15,15,15,True,True,True
C2,OCNT-2316257,2,9,9,6,9,True,True,False
C2,OCNT-2316266,2,2,25,2,25,False,False,True
C2,OCNT-2316270,3,5,5,5,5,True,True,True
C2,OCNT-2316274,2,5,1,1,1,False,False,False
C2,OCNT-2316287,3,14,23,23,23,False,False,False
C2,OCNT-2316288,3,15,23,23,23,False,False,False
C2,OCNT-2316296,3,10,18,10,10,True,False,True
C2,OCNT-2316329,2,5,5,5,5,True,True,True
C2,OCNT-2316334,2,4,1,1,1,False,False,False
C2,OCNT-2316337,2,16,24,16,24,False,False,True
C2,OCNT-2316339,2,23,23,23,23,True,True,True
C2,OCNT-2316349,2,26,18,26,18,False,False,True
C2,OCNT-2316360,3,18,11,11,11,False,False,False
C2,OCNT-2316398,3,15,7,7,7,False,False,False
C2,OCNT-2316400,2,17,17,27,17,True,True,False
C2,OCNT-2316403,3,18,14,14,14,False,False,False
C2,OCNT-2316412,3,9,19,9,9,True,False,True
C2,OCNT-2316424,2,20,20,20,20,True,True,True
C2,OCNT-2316430,2,18,22,18,22,False,False,True
C2,OCNT-2316438,2,22,6,6,6,False,False,False
C2,OCNT-2316445,2,12,12,12,12,True,True,True
C2,OCNT-2316452,4,26,26,26,26,True,True,True
C2,OCNT-2316459,2,28,27,28,28,True,False,True
C2,OCNT-2316464,2,3,23,3,23,False,False,True
C2,OCNT-2316474,3,24,24,24,24,True,True,True
C2,OCNT-2316475,2,12,12,12,12,True,True,True
C2,OCNT-2316482,2,18,18,18,18,True,True,True
C2,OCNT-2316486,2,19,26,19,26,False,False,True
C2,OCNT-2316497,2,19,2,2,2,False,False,False
C2,OCNT-2316512,5,20,20,20,20,True,True,True
C2,OCNT-2316516,4,18,18,18,15,False,True,True
C2,OCNT-2316527,2,7,16,16,16,False,False,False
C2,OCNT-2316534,3,22,22,22,22,True,True,True
C2,OCNT-2316535,3,17,5,5,5,False,False,False
C2,OCNT-2316543,3,9,9,9,16,False,True,True
C2,OCNT-2316547,2,13,6,6,6,False,False,False
C2,OCNT-2316548,4,7,7,7,7,True,True,True
C2,OCNT-2316551,2,8,5,8,5,False,False,True
C2,OCNT-2316553,2,24,6,6,6,False,False,False
C2,OCNT-2316554,2,24,22,22,22,False,False,False
C2,OCNT-2316555,2,12,15,15,15,False,False,False
C2,OCNT-2316560,3,10,10,10,10,True,True,True
C2,OCNT-2316566,3,17,17,17,17,True,True,True
C2,OCNT-2316568,3,18,18,7,18,True,True,False
C2,OCNT-2316569,3,20,14,14,14,False,False,False
C2,OCNT-2316582,3,22,12,22,8,False,False,True
C2,OCNT-2316583,2,25,25,25,22,False,True,True
C2,OCNT-2316585,2,25,22,25,25,True,False,True
C2,OCNT-2316594,2,3,3,2,3,True,True,False
C2,OCNT-2316595,2,11,11,11,11,True,True,True
C2,OCNT-2316600,2,27,27,28,27,True,True,False
C2,OCNT-2316604,3,7,31,31,7,True,False,False
C2,OCNT-2316608,3,11,1,1,1,False,False,False
C2,OCNT-2316619,4,19,15,15,15,False,False,False
C2,OCNT-2316624,2,2,2,2,2,True,True,True
C2,OCNT-2316628,2,4,4,4,4,True,True,True
C2,OCNT-2316630,4,15,3,3,3,False,False,False
C2,OCNT-2316633,3,26,18,18,26,True,False,False
C2,OCNT-2316635,3,11,11,11,11,True,True,True
C2,OCNT-2316650,3,20,20,20,16,False,True,True
C2,OCNT-2316656,3,24,24,24,24,True,True,True
C2,OCNT-2316657,3,23,5,23,23,True,False,True
C2,OCNT-2316662,3,22,15,15,15,False,False,False
C2,OCNT-2316664,3,16,20,16,16,True,False,True
C2,OCNT-2316666,2,20,20,20,18,False,True,True
C2,OCNT-2316669,4,11,19,11,3,False,False,True
C2,OCNT-2316671,3,17,17,17,17,True,True,True
C2,OCNT-2316676,3,15,6,6,15,True,False,False
C2,OCNT-2316679,3,16,16,16,16,True,True,True
C2,OCNT-2316682,2,3,11,11,11,False,False,False
C2,OCNT-2316683,3,18,12,12,12,False,False,False
C2,OCNT-2316684,2,13,16,13,16,False,False,True
C2,OCNT-2316691,3,15,11,11,11,False,False,False
C2,OCNT-2316694,5,26,13,13,26,True,False,False
C2,OCNT-2316696,3,19,11,11,11,False,False,False
C2,OCNT-2316701,2,12,12,12,12,True,True,True
C2,OCNT-2316702,3,18,18,18,18,True,True,True
C2,OCNT-2316703,4,12,17,17,17,False,False,False
C2,OCNT-2316707,2,6,15,15,15,False,False,False
C2,OCNT-2316708,3,21,21,21,21,True,True,True
C2,OCNT-2316720,2,30,5,5,5,False,False,False
C2,OCNT-2316721,3,19,22,19,19,True,False,True
C2,OCNT-2316722,2,16,16,16,16,True,True,True
C2,OCNT-2316726,2,23,23,23,23,True,True,True
C2,OCNT-2316735,3,17,9,9,9,False,False,False
C2,OCNT-2316744,4,23,21,23,21,False,False,True
C2,OCNT-2316746,2,24,14,14,24,True,False,False
C2,OCNT-2316749,2,3,3,3,3,True,True,True
C2,OCNT-2316751,2,19,1,1,1,False,False,False
C2,OCNT-2316754,2,3,15,15,15,False,False,False
C2,OCNT-2316758,2,16,5,5,5,False,False,False
C2,OCNT-2316761,2,16,16,16,16,True,True,True
C2,OCNT-2316766,2,23,23,23,23,True,True,True
C2,OCNT-2316770,2,22,22,22,22,True,True,True
C2,OCNT-2316772,2,7,7,7,7,True,True,True
C2,OCNT-2316775,3,17,17,17,17,True,True,True
C2,OCNT-2316781,2,22,22,22,22,True,True,True
C2,OCNT-2316783,2,17,20,20,20,False,False,False
C2,OCNT-2316815,3,18,11,3,18,True,False,False
C2,OCNT-2316819,3,2,14,14,14,False,False,False
C2,OCNT-2316821,2,4,4,4,21,False,True,True
C2,OCNT-2316822,3,3,20,22,20,False,False,False
C2,OCNT-2316823,3,22,22,22,22,True,True,True
C2,OCNT-2316836,2,23,23,23,23,True,True,True
C2,OCNT-2316839,2,7,7,7,7,True,True,True
C2,OCNT-2316845,5,21,10,10,10,False,False,False
C2,OCNT-2316859,2,6,5,6,6,True,False,True
C2,OCNT-2316861,2,18,11,11,11,False,False,False
C2,OCNT-2316867,5,10,13,13,10,True,False,False
C2,OCNT-2316872,2,22,7,7,7,False,False,False
C2,OCNT-2316874,2,8,3,3,3,False,False,False
C2,OCNT-2316879,2,3,12,12,3,True,False,False
C2,OCNT-2316906,2,2,11,11,2,True,False,False
C2,OCNT-2316911,2,14,14,14,14,True,True,True
C2,OCNT-2316912,4,25,25,25,25,True,True,True
C2,OCNT-2316942,4,20,12,12,12,False,False,False
C2,OCNT-2316951,3,21,6,6,6,False,False,False
C2,OCNT-2316960,2,15,15,15,15,True,True,True
C2,OCNT-2316964,2,11,10,10,11,True,False,False
C2,OCNT-2316968,2,16,16,16,16,True,True,True
C2,OCNT-2316971,3,22,8,8,22,True,False,False
C2,OCNT-2316984,2,2,2,2,3,False,True,True
C2,OCNT-2316989,3,4,4,4,13,False,True,True
C2,OCNT-2317000,2,4,4,4,4,True,True,True
C2,OCNT-2317014,3,15,15,15,15,True,True,True
C2,OCNT-2317020,2,14,14,14,14,True,True,True
C2,OCNT-2317028,2,17,17,17,17,True,True,True
C2,OCNT-2317039,2,10,5,5,10,True,False,False
C2,OCNT-2317040,2,16,12,12,16,True,False,False
C2,OCNT-2317044,2,9,9,9,9,True,True,True
C2,OCNT-2317064,3,15,25,25,25,False,False,False
C2,OCNT-2317065,3,21,1,1,1,False,False,False
C2,OCNT-2317068,3,18,18,18,18,True,True,True
C2,OCNT-2317070,2,6,6,6,6,True,True,True
C2,OCNT-2317078,2,22,4,22,22,True,False,True
C2,OCNT-2317090,3,23,23,23,23,True,True,True
C2,OCNT-2317092,3,22,7,7,7,False,False,False
C2,OCNT-2317097,3,11,11,11,11,True,True,True
C2,OCNT-2317099,2,12,12,12,12,True,True,True
C2,OCNT-2317105,2,18,18,18,18,True,True,True
C2,OCNT-2317107,2,7,6,6,6,False,False,False
C2,OCNT-2317109,3,19,19,19,14,False,True,True
C2,OCNT-2317116,3,5,20,20,20,False,False,False
C2,OCNT-2317118,2,22,22,22,22,True,True,True
C2,OCNT-2317130,2,25,25,25,25,True,True,True
C2,OCNT-2317148,4,15,7,7,7,False,False,False
C2,OCNT-2317155,2,15,23,15,15,True,False,True
C2,OCNT-2317157,3,8,17,17,8,True,False,False
C2,OCNT-2317158,3,7,11,11,11,False,False,False
C2,OCNT-2317177,3,20,20,20,20,True,True,True
C2,OCNT-2317181,3,8,13,13,13,False,False,False
C2,OCNT-2317183,4,17,17,17,17,True,True,True
C2,OCNT-2317189,3,2,20,23,20,False,False,False
C2,OCNT-2317195,3,3,3,3,21,False,True,True
C2,OCNT-2317199,2,27,27,27,27,True,True,True
C2,OCNT-2317200,3,5,5,5,5,True,True,True
C2,OCNT-2317207,3,16,16,16,16,True,True,True
C2,OCNT-2317210,2,28,28,28,28,True,True,True
C2,OCNT-2317216,2,7,7,7,7,True,True,True
C2,OCNT-2317217,5,17,21,21,21,False,False,False
C2,OCNT-2317221,4,13,8,8,8,False,False,False
C2,OCNT-2317231,4,22,16,22,16,False,False,True
C2,OCNT-2317252,4,17,17,17,17,True,True,True
C2,OCNT-2317253,2,26,5,5,5,False,False,False
C2,OCNT-2317255,2,22,22,22,22,True,True,True
C2,OCNT-2317263,2,26,8,8,8,False,False,False
C2,OCNT-2317269,2,8,9,8,8,True,False,True
C2,OCNT-2317271,2,18,14,14,14,False,False,False
C2,OCNT-2317273,2,23,8,8,8,False,False,False
C2,OCNT-2317275,3,12,12,12,12,True,True,True
C2,OCNT-2317279,2,21,16,16,21,True,False,False
C2,OCNT-2317281,2,21,21,21,21,True,True,True
C2,OCNT-2317282,3,23,9,9,9,False,False,False
C2,OCNT-2317286,2,10,1,1,1,False,False,False
C2,OCNT-2317287,4,4,16,16,16,False,False,False
C2,OCNT-2317299,2,7,17,17,17,False,False,False
C2,OCNT-2317300,2,25,25,25,25,True,True,True
C2,OCNT-2317304,3,23,21,23,21,False,False,True
C2,OCNT-2317309,4,2,9,9,9,False,False,False
C2,OCNT-2317311,2,22,22,22,22,True,True,True
C2,OCNT-2317314,5,25,12,12,12,False,False,False
C2,OCNT-2317322,2,8,3,3,3,False,False,False
C2,OCNT-2317332,2,17,14,17,14,False,False,True
C2,OCNT-2317338,2,22,21,22,21,False,False,True
C2,OCNT-2317345,2,17,22,22,17,True,False,False
C2,OCNT-2317346,4,19,10,19,10,False,False,True
C2,OCNT-2317353,2,10,22,22,22,False,False,False
C2,OCNT-2317357,3,10,1,1,1,False,False,False
C2,OCNT-2317361,2,13,13,13,13,True,True,True
C2,OCNT-2317363,3,21,9,9,9,False,False,False
C2,OCNT-2317371,2,24,10,10,10,False,False,False
C2,OCNT-2317373,2,17,2,2,2,False,False,False
C2,OCNT-2317383,2,8,4,4,4,False,False,False
C2,OCNT-2317388,2,20,20,20,20,True,True,True
C2,OCNT-2317392,2,22,22,22,22,True,True,True
C2,OCNT-2317398,3,25,25,25,13,False,True,True
C2,OCNT-2317401,2,21,21,21,21,True,True,True
C2,OCNT-2317402,3,14,12,12,12,False,False,False
C2,OCNT-2317404,3,17,19,19,19,False,False,False
C2,OCNT-2317413,3,18,18,18,18,True,True,True
C2,OCNT-2317418,2,18,3,18,3,False,False,True
C2,OCNT-2317420,2,15,15,15,15,True,True,True
C2,OCNT-2317433,4,14,11,11,11,False,False,False
C2,OCNT-2317444,2,18,18,18,18,True,True,True
C2,OCNT-2317452,2,18,18,18,18,True,True,True
C2,OCNT-2317457,2,4,8,8,8,False,False,False
C2,OCNT-2317466,2,5,2,5,5,True,False,True
C2,OCNT-2317467,2,19,8,8,8,False,False,False
C2,OCNT-2317469,2,14,14,14,14,True,True,True
C2,OCNT-2317476,2,27,12,12,12,False,False,False
C2,OCNT-2317479,2,25,25,25,19,False,True,True
C2,OCNT-2317482,2,7,6,6,6,False,False,False
C2,OCNT-2317493,4,21,12,12,12,False,False,False
C2,OCNT-2317506,3,6,6,6,6,True,True,True
C2,OCNT-2317519,5,23,8,3,3,False,False,False
C2,OCNT-2317520,2,12,12,12,12,True,True,True
C2,OCNT-2317521,2,15,15,15,15,True,True,True
C2,OCNT-2317536,2,25,23,23,25,True,False,False
C2,OCNT-2317538,2,13,13,13,13,True,True,True
C2,OCNT-2317551,2,10,24,24,24,False,False,False
C2,OCNT-2317569,2,23,21,21,21,False,False,False
C2,OCNT-2317577,2,24,24,24,24,True,True,True
C2,OCNT-2317579,3,10,10,10,15,False,True,True
C2,OCNT-2317594,2,25,25,25,25,True,True,True
C2,OCNT-2317596,3,23,21,21,21,False,False,False
C2,OCNT-2317597,2,4,4,4,4,True,True,True
C2,OCNT-2317599,2,5,5,5,5,True,True,True
C2,OCNT-2317601,2,13,13,13,13,True,True,True
C2,OCNT-2317602,2,17,1,1,1,False,False,False
C2,OCNT-2317607,2,6,6,6,7,False,True,True
C2,OCNT-2317611,2,19,15,15,19,True,False,False
C2,OCNT-2317612,2,21,21,21,21,True,True,True
C2,OCNT-2317634,2,25,25,25,25,True,True,True
C2,OCNT-2317646,2,13,17,17,17,False,False,False
C2,OCNT-2317667,2,2,2,2,16,False,True,True
C2,OCNT-2317668,2,23,8,8,8,False,False,False
C2,OCNT-2317671,3,12,3,2,12,True,False,False
C2,OCNT-2317673,3,12,12,12,12,True,True,True
C2,OCNT-2317680,2,17,17,17,17,True,True,True
C2,OCNT-2317681,2,12,23,12,12,True,False,True
C2,OCNT-2317684,4,23,5,5,5,False,False,False
C2,OCNT-2317688,2,18,18,18,18,True,True,True
C2,OCNT-2317694,2,8,9,8,9,False,False,True
C2,OCNT-2317695,3,2,11,11,11,False,False,False
C2,OCNT-2317709,4,10,18,18,18,False,False,False
C2,OCNT-2317716,2,10,10,10,10,True,True,True
C2,OCNT-2317724,3,11,16,11,11,True,False,True
C2,OCNT-2317729,3,23,21,21,21,False,False,False
C2,OCNT-2317736,2,23,23,23,23,True,True,True
C2,OCNT-2317738,3,16,7,7,7,False,False,False
C2,OCNT-2317740,2,6,10,10,10,False,False,False
C2,OCNT-2317742,2,19,19,19,19,True,True,True
C2,OCNT-2317761,3,11,11,11,16,False,True,True
C2,OCNT-2317762,4,2,2,8,8,False,True,False
C2,OCNT-2317764,2,12,12,12,12,True,True,True
C2,OCNT-2317767,2,5,5,5,5,True,True,True
C2,OCNT-2317783,2,4,4,4,4,True,True,True
C2,OCNT-2317789,2,20,20,20,20,True,True,True
C2,OCNT-2317796,2,15,15,15,15,True,True,True
C2,OCNT-2317801,5,13,11,13,11,False,False,True
C2,OCNT-2317807,2,22,22,22,22,True,True,True
C2,OCNT-2317809,2,13,9,9,9,False,False,False
C2,OCNT-2317811,2,14,11,11,11,False,False,False
C2,OCNT-2317813,2,21,3,3,3,False,False,False
C2,OCNT-2317822,2,18,18,18,18,True,True,True
C2,OCNT-2317824,5,7,11,11,8,False,False,False
C2,OCNT-2317825,2,15,15,15,15,True,True,True
C2,OCNT-2317829,2,4,4,4,16,False,True,True
C2,OCNT-2317842,3,16,11,11,11,False,False,False
C2,OCNT-2317846,2,14,20,20,20,False,False,False
C2,OCNT-2317849,2,10,16,16,16,False,False,False
C2,OCNT-2317862,2,26,23,23,23,False,False,False
C2,OCNT-2317868,2,22,22,22,22,True,True,True
C2,OCNT-2317875,3,18,5,5,5,False,False,False
C2,OCNT-2317878,3,14,21,21,21,False,False,False
C2,OCNT-2317879,2,23,1,1,1,False,False,False
C2,OCNT-2317887,2,20,20,20,20,True,True,True
C2,OCNT-2317890,3,9,5,5,5,False,False,False
C2,OCNT-2317891,3,20,20,20,20,True,True,True
C2,OCNT-2317895,2,4,16,16,16,False,False,False
C2,OCNT-2317904,3,21,21,21,21,True,True,True
C2,OCNT-2317909,3,4,4,6,4,True,True,False
C2,OCNT-2317910,3,24,18,24,18,False,False,True
C2,OCNT-2317916,2,19,10,10,10,False,False,False
C2,OCNT-2317923,2,19,2,2,19,True,False,False
C2,OCNT-2317925,3,18,13,13,13,False,False,False
C2,OCNT-2317936,3,6,2,6,6,True,False,True
C2,OCNT-2317940,2,7,7,7,7,True,True,True
C2,OCNT-2317941,3,1,1,1,1,True,True,True
C2,OCNT-2317943,2,24,24,24,24,True,True,True
C2,OCNT-2317946,3,5,8,8,8,False,False,False
C2,OCNT-2317949,2,9,9,9,9,True,True,True
C2,OCNT-2317954,2,20,20,4,20,True,True,False
C2,OCNT-2317958,4,16,16,16,5,False,True,True
C2,OCNT-2317959,2,4,4,4,4,True,True,True
C2,OCNT-2317961,2,20,20,20,20,True,True,True
C2,OCNT-2317963,2,23,23,23,23,True,True,True
C2,OCNT-2317966,3,25,19,25,25,True,False,True
C2,OCNT-2317968,2,26,26,26,26,True,True,True
C2,OCNT-2317983,2,10,10,10,10,True,True,True
C2,OCNT-2317984,2,15,4,4,4,False,False,False
C2,OCNT-2317986,2,19,19,19,19,True,True,True
C2,OCNT-2317988,4,15,15,8,23,False,True,False
C2,OCNT-2318002,2,6,22,6,22,False,False,True
C2,OCNT-2318005,2,14,20,20,14,True,False,False
C2,OCNT-2318008,2,9,9,9,9,True,True,True
C2,OCNT-2318016,3,20,20,20,20,True,True,True
C2,OCNT-2318020,2,18,18,18,18,True,True,True
C2,OCNT-2318037,3,15,15,15,21,False,True,True
C2,OCNT-2318042,3,10,4,4,4,False,False,False
C2,OCNT-2318046,3,2,23,2,23,False,False,True
C2,OCNT-2318057,3,15,13,13,15,True,False,False
C2,OCNT-2318058,3,25,25,25,25,True,True,True
C2,OCNT-2318060,2,25,28,28,28,False,False,False
C2,OCNT-2318061,2,2,2,2,2,True,True,True
C2,OCNT-2318080,2,16,18,16,16,True,False,True
C2,OCNT-2318082,2,8,8,8,8,True,True,True
C2,OCNT-2318090,2,2,15,15,15,False,False,False
C2,OCNT-2318091,2,14,5,5,5,False,False,False
C2,OCNT-2318092,4,7,7,7,7,True,True,True
C2,OCNT-2318097,2,22,3,3,3,False,False,False
C2,OCNT-2318098,2,10,9,10,9,False,False,True
C2,OCNT-2318099,2,7,7,7,7,True,True,True
C2,OCNT-2318103,4,4,17,21,21,False,False,False
C2,OCNT-2318107,2,9,9,9,27,False,True,True
C2,OCNT-2318111,3,19,19,19,19,True,True,True
C2,OCNT-2318112,4,12,12,12,12,True,True,True
C2,OCNT-2318114,2,16,3,3,3,False,False,False
C2,OCNT-2318116,4,17,10,10,10,False,False,False
C2,OCNT-2318118,2,10,10,10,11,False,True,True
C2,OCNT-2318120,2,22,22,22,22,True,True,True
C2,OCNT-2318123,2,17,22,17,17,True,False,True
C2,OCNT-2318133,3,18,10,10,10,False,False,False
C2,OCNT-2318135,3,7,7,7,3,False,True,True
C2,OCNT-2318141,2,21,21,21,29,False,True,True
C2,OCNT-2318153,3,21,21,21,21,True,True,True
C2,OCNT-2318156,3,27,10,10,10,False,False,False
C2,OCNT-2318169,2,3,25,25,25,False,False,False
C2,OCNT-2318177,2,22,22,22,22,True,True,True
C2,OCNT-2318186,2,2,2,2,2,True,True,True
C2,OCNT-2318196,2,4,4,4,4,True,True,True
C2,OCNT-2318198,4,2,19,19,19,False,False,False
C2,OCNT-2318207,3,14,10,10,10,False,False,False
C2,OCNT-2318230,4,14,9,9,14,True,False,False
C2,OCNT-2318232,3,13,20,13,13,True,False,True
C2,OCNT-2318236,2,10,5,5,5,False,False,False
C2,OCNT-2318240,3,20,20,20,20,True,True,True
C2,OCNT-2318242,3,12,12,12,12,True,True,True
C2,OCNT-2318243,3,19,3,19,19,True,False,True
C2,OCNT-2318257,2,26,26,26,26,True,True,True
C2,OCNT-2318261,3,16,16,16,16,True,True,True
C2,OCNT-2318270,3,13,15,15,13,True,False,False
C2,OCNT-2318273,2,22,22,22,22,True,True,True
C2,OCNT-2318275,2,21,21,21,21,True,True,True
C2,OCNT-2318277,3,14,14,14,14,True,True,True
C2,OCNT-2318278,2,21,21,21,21,True,True,True
C2,OCNT-2318281,3,4,22,22,4,True,False,False
C2,OCNT-2318286,4,24,19,19,24,True,False,False
C2,OCNT-2318287,3,11,11,11,11,True,True,True
C2,OCNT-2318299,2,9,9,9,9,True,True,True
C2,OCNT-2318300,3,24,22,24,24,True,False,True
C2,OCNT-2318306,2,17,3,3,17,True,False,False
C2,OCNT-2318307,2,16,16,16,16,True,True,True
C2,OCNT-2318308,3,21,21,21,21,True,True,True
C2,OCNT-2318312,2,5,5,5,5,True,True,True
C2,OCNT-2318326,3,7,12,12,12,False,False,False
C2,OCNT-2318328,3,14,5,5,12,False,False,False
C2,OCNT-2318329,3,22,17,17,17,False,False,False
C2,OCNT-2318342,3,19,19,19,19,True,True,True
C2,OCNT-2318346,2,5,5,5,5,True,True,True
C2,OCNT-2318347,2,13,23,23,23,False,False,False
C2,OCNT-2318351,2,24,24,24,24,True,True,True
C2,OCNT-2318352,3,19,19,19,19,True,True,True
C2,OCNT-2318356,2,11,11,11,17,False,True,True
C2,OCNT-2318364,4,11,11,11,5,False,True,True
C2,OCNT-2318366,2,20,20,20,20,True,True,True
C2,OCNT-2318369,2,8,17,17,17,False,False,False
C2,OCNT-2318371,3,16,16,16,21,False,True,True
C2,OCNT-2318376,2,5,4,4,4,False,False,False
C2,OCNT-2318390,2,6,18,18,18,False,False,False
C2,OCNT-2318391,3,8,12,12,12,False,False,False
C2,OCNT-2318394,3,17,6,17,17,True,False,True
C2,OCNT-2318395,2,11,5,11,11,True,False,True
C2,OCNT-2318397,3,21,14,21,21,True,False,True
C2,OCNT-2318401,4,18,13,18,18,True,False,True
C2,OCNT-2318411,3,3,12,12,12,False,False,False
C2,OCNT-2318420,3,2,16,16,16,False,False,False
C2,OCNT-2318423,3,16,16,16,16,True,True,True
C2,OCNT-2318434,2,25,7,7,7,False,False,False
C2,OCNT-2318439,3,12,1,1,1,False,False,False
C2,OCNT-2318446,2,18,18,18,18,True,True,True
C2,OCNT-2318448,2,9,9,9,9,True,True,True
C2,OCNT-2318456,3,21,17,17,17,False,False,False
C2,OCNT-2318460,3,2,14,14,14,False,False,False
C2,OCNT-2318463,2,14,14,14,14,True,True,True
C2,OCNT-2318467,3,6,6,6,6,True,True,True
C2,OCNT-2318479,4,14,14,14,14,True,True,True
C2,OCNT-2318495,2,9,3,3,3,False,False,False
C2,OCNT-2318503,2,5,3,3,3,False,False,False
C2,OCNT-2318507,2,11,8,8,8,False,False,False
C2,OCNT-2318516,2,23,23,23,23,True,True,True
C2,OCNT-2318524,3,22,15,15,12,False,False,False
C2,OCNT-2318530,2,18,18,18,18,True,True,True
C2,OCNT-2318531,2,12,12,12,12,True,True,True
C2,OCNT-2318535,2,19,19,19,19,True,True,True
C2,OCNT-2318539,2,6,8,8,8,False,False,False
C2,OCNT-2318540,3,22,22,22,22,True,True,True
C2,OCNT-2318541,3,5,5,5,5,True,True,True
C2,OCNT-2318547,2,20,20,20,20,True,True,True
C2,OCNT-2318549,3,10,8,8,8,False,False,False
C2,OCNT-2318555,2,21,21,21,21,True,True,True
C2,OCNT-2318558,2,23,23,23,23,True,True,True
C2,OCNT-2318566,2,15,15,15,12,False,True,True
C2,OCNT-2318569,4,20,12,12,12,False,False,False
C2,OCNT-2318570,2,2,7,7,7,False,False,False
C2,OCNT-2318573,2,22,22,22,22,True,True,True
C2,OCNT-2318583,2,16,16,16,16,True,True,True
C2,OCNT-2318585,3,21,21,21,21,True,True,True
C2,OCNT-2318590,2,8,8,8,8,True,True,True
C2,OCNT-2318612,3,14,14,14,12,False,True,True
C2,OCNT-2318618,4,19,12,12,19,True,False,False
C2,OCNT-2318623,2,20,16,16,16,False,False,False
C2,OCNT-2318628,3,21,16,16,21,True,False,False
C2,OCNT-2318634,3,13,5,5,5,False,False,False
C2,OCNT-2318635,3,5,23,5,23,False,False,True
C2,OCNT-2318638,2,15,9,9,9,False,False,False
C2,OCNT-2318639,2,24,22,24,22,False,False,True
C2,OCNT-2318643,5,5,17,17,5,True,False,False
C2,OCNT-2318647,3,11,11,11,11,True,True,True
C2,OCNT-2318651,3,24,24,24,24,True,True,True
C2,OCNT-2318657,2,24,15,24,24,True,False,True
C2,OCNT-2318658,3,15,15,15,15,True,True,True
C2,OCNT-2318659,2,23,23,23,23,True,True,True
C2,OCNT-2318668,2,10,11,11,11,False,False,False
C2,OCNT-2318670,3,17,20,17,20,False,False,True
C2,OCNT-2318671,2,22,22,22,22,True,True,True
C2,OCNT-2318673,2,19,17,19,17,False,False,True
C2,OCNT-2318675,3,8,32,8,8,True,False,True
C2,OCNT-2318678,2,20,5,5,5,False,False,False
C2,OCNT-2318680,3,6,5,5,5,False,False,False
C2,OCNT-2318684,3,19,8,8,8,False,False,False
C2,OCNT-2318691,3,9,9,9,20,False,True,True
C2,OCNT-2328329,2,11,11,11,11,True,True,True
C2,OCNT-2328339,3,13,13,13,13,True,True,True
C2,OCNT-2328352,2,19,6,6,6,False,False,False
C2,OCNT-2328369,3,6,35,35,35,False,False,False
C2,OCNT-2328378,2,1,1,1,4,False,True,True
C2,OCNT-2328402,2,19,38,19,38,False,False,True
C2,OCNT-2328421,3,28,28,28,28,True,True,True
C2,OCNT-2328449,4,4,4,4,4,True,True,True
C2,OCNT-2328455,4,4,4,4,4,True,True,True
C2,OCNT-2328471,4,38,18,18,18,False,False,False
C2,OCNT-2328499,2,7,4,4,4,False,False,False
C2,OCNT-2328525,3,24,1,1,1,False,False,False
C2,OCNT-2328533,2,14,8,8,8,False,False,False
C2,OCNT-2328585,2,4,27,4,4,True,False,True
C2,OCNT-2328601,2,27,27,27,27,True,True,True
C2,OCNT-2328619,2,12,12,12,12,True,True,True
C2,OCNT-2328648,2,19,19,19,19,True,True,True
C2,OCNT-2328652,5,32,7,7,7,False,False,False
C2,OCNT-2328671,2,25,25,25,25,True,True,True
C2,OCNT-2328676,2,10,1,10,1,False,False,True
C2,OCNT-2328725,2,22,19,22,19,False,False,True
C2,OCNT-2328727,2,6,6,6,9,False,True,True
C2,OCNT-2328731,2,16,16,16,7,False,True,True
C2,OCNT-2328781,2,17,17,17,11,False,True,True
C2,OCNT-2328797,3,4,4,4,4,True,True,True
C2,OCNT-2328822,3,18,23,23,23,False,False,False
C2,OCNT-2328835,2,1,1,1,1,True,True,True
C2,OCNT-2328854,2,15,9,15,15,True,False,True
C2,OCNT-2328870,2,16,1,1,1,False,False,False
C2,OCNT-2328890,2,0,0,0,0,True,True,True
C2,OCNT-2328898,2,15,2,2,2,False,False,False
C2,OCNT-2328911,2,17,17,17,11,False,True,True
C2,OCNT-2328914,2,2,14,14,14,False,False,False
C2,OCNT-2328935,3,17,21,21,21,False,False,False
C2,OCNT-2328936,3,20,20,20,20,True,True,True
C2,OCNT-2328938,3,3,7,7,7,False,False,False
C2,OCNT-2328942,2,7,7,7,7,True,True,True
C2,OCNT-2328994,2,13,2,2,2,False,False,False
C2,OCNT-2395280,2,5,5,5,5,True,True,True
C2,OCNT-2395286,2,18,18,18,18,True,True,True
C2,OCNT-2395290,2,6,6,6,6,True,True,True
C2,OCNT-2395292,2,4,8,4,8,False,False,True
C2,OCNT-2395293,4,8,8,8,20,False,True,True
C2,OCNT-2395294,2,4,5,4,4,True,False,True
C2,OCNT-2395295,4,9,21,9,9,True,False,True
C2,OCNT-2395296,2,3,8,8,8,False,False,False
C2,OCNT-2395301,2,10,10,10,10,True,True,True
C2,OCNT-2395302,3,11,2,2,2,False,False,False
C2,OCNT-2395305,2,13,20,20,20,False,False,False
C2,OCNT-2395309,3,5,20,20,8,False,False,False
C2,OCNT-2395315,2,13,13,13,13,True,True,True
C2,OCNT-2395318,4,3,13,13,13,False,False,False
C2,OCNT-2395319,2,9,9,9,9,True,True,True
C2,OCNT-2395324,2,6,6,6,6,True,True,True
C2,OCNT-2395326,2,19,19,19,19,True,True,True
C2,OCNT-2395334,2,21,21,21,21,True,True,True
C2,OCNT-2395343,2,6,27,6,6,True,False,True
C2,OCNT-2395344,4,3,13,13,13,False,False,False
C2,OCNT-2395347,2,22,22,22,22,True,True,True
C2,OCNT-2395350,2,3,3,3,3,True,True,True
C2,OCNT-2395356,2,10,10,10,10,True,True,True
C2,OCNT-2395357,2,6,15,15,15,False,False,False
C2,OCNT-2395358,4,16,21,16,16,True,False,True
C2,OCNT-2395359,2,12,12,12,12,True,True,True
C2,OCNT-2395361,4,16,16,16,16,True,True,True
C2,OCNT-2395371,3,18,18,18,18,True,True,True
C2,OCNT-2395372,2,21,15,15,15,False,False,False
C2,OCNT-2395374,4,14,14,14,14,True,True,True
C2,OCNT-2395375,3,6,19,6,6,True,False,True
C2,OCNT-2395377,3,12,12,12,12,True,True,True
C2,OCNT-2395378,5,14,14,14,14,True,True,True
C2,OCNT-2395380,3,16,16,16,16,True,True,True
C2,OCNT-2395382,2,9,12,12,12,False,False,False
C2,OCNT-2395388,3,4,9,4,9,False,False,True
C2,OCNT-2395389,2,16,16,16,16,True,True,True
C2,OCNT-2395390,4,22,22,22,22,True,True,True
C2,OCNT-2395392,3,11,16,16,17,False,False,False
C2,OCNT-2395393,5,3,10,10,10,False,False,False
C2,OCNT-2395396,2,21,21,15,15,False,True,False
C2,OCNT-2395398,2,6,6,6,2,False,True,True
C2,OCNT-2395402,2,21,21,21,21,True,True,True
C2,OCNT-2395405,2,19,2,2,19,True,False,False
C2,OCNT-2395406,2,13,20,20,20,False,False,False
C2,OCNT-2395408,2,14,7,14,7,False,False,True
C2,OCNT-2395416,3,17,17,17,17,True,True,True
C2,OCNT-2395422,4,17,17,17,17,True,True,True
C2,OCNT-2395428,4,9,20,9,9,True,False,True
C2,OCNT-2395429,2,5,5,5,5,True,True,True
C2,OCNT-2395434,3,18,17,22,22,False,False,False
C2,OCNT-2395437,2,18,18,18,18,True,True,True
C2,OCNT-2395438,3,17,19,17,17,True,False,True
C2,OCNT-2395442,3,5,5,5,5,True,True,True
C2,OCNT-2395445,3,15,15,15,15,True,True,True
C2,OCNT-2395449,2,5,5,5,5,True,True,True
C2,OCNT-2395452,2,1,1,1,1,True,True,True
C2,OCNT-2395457,3,15,20,15,15,True,False,True
C2,OCNT-2395461,2,20,20,20,20,True,True,True
C2,OCNT-2395463,2,12,12,12,12,True,True,True
C2,OCNT-2395468,2,5,5,5,5,True,True,True
C2,OCNT-2395470,3,21,21,21,21,True,True,True
C2,OCNT-2395472,2,1,1,1,1,True,True,True
C2,OCNT-2395474,4,13,13,13,13,True,True,True
C2,OCNT-2395475,5,22,13,13,22,True,False,False
C2,OCNT-2395478,3,6,27,6,6,True,False,True
C2,OCNT-2395479,2,22,22,22,22,True,True,True
C2,OCNT-2395484,4,9,9,9,24,False,True,True
C2,OCNT-2395486,3,12,22,22,22,False,False,False
C2,OCNT-2395488,3,13,23,23,23,False,False,False
C2,OCNT-2395493,2,20,20,20,20,True,True,True
C2,OCNT-2395498,2,8,18,18,8,True,False,False
C2,OCNT-2395499,5,17,10,15,10,False,False,False
C2,OCNT-2395500,3,13,23,13,23,False,False,True
C2,OCNT-2395502,2,5,5,5,5,True,True,True
C2,OCNT-2395503,2,14,14,14,14,True,True,True
C2,OCNT-2395507,2,21,10,10,10,False,False,False
C2,OCNT-2395514,3,3,10,10,10,False,False,False
C2,OCNT-2395515,2,2,6,6,6,False,False,False
C2,OCNT-2395516,4,13,6,6,6,False,False,False
C2,OCNT-2395534,3,22,22,22,6,False,True,True
C2,OCNT-2395539,2,15,14,14,14,False,False,False
C2,OCNT-2395549,4,2,2,2,2,True,True,True
C2,OCNT-2395552,4,22,22,22,22,True,True,True
C2,OCNT-2395555,2,28,29,28,28,True,False,True
C2,OCNT-2395559,2,23,23,23,23,True,True,True
C2,OCNT-2395561,3,18,21,21,21,False,False,False
C2,OCNT-2395562,4,3,10,10,10,False,False,False
C2,OCNT-2395564,2,2,5,5,5,False,False,False
C2,OCNT-2395566,3,3,10,10,10,False,False,False
C2,OCNT-2395567,3,16,20,16,20,False,False,True
C2,OCNT-2395568,2,6,6,6,6,True,True,True
C2,OCNT-2395570,3,17,17,17,17,True,True,True
C2,OCNT-2395571,3,2,2,2,2,True,True,True
C2,OCNT-2395573,2,5,5,5,5,True,True,True
C2,OCNT-2395577,2,16,16,16,16,True,True,True
C2,OCNT-2395580,2,25,1,1,1,False,False,False
C2,OCNT-2395583,4,13,23,14,13,True,False,False
C2,OCNT-2395587,3,4,8,8,8,False,False,False
C2,OCNT-2395588,4,12,21,21,21,False,False,False
C2,OCNT-2395589,5,2,8,2,8,False,False,True
C2,OCNT-2395591,2,6,6,6,6,True,True,True
C2,OCNT-2395596,2,13,16,16,16,False,False,False
C2,OCNT-2395599,3,22,22,22,14,False,True,True
C2,OCNT-2395603,3,22,22,22,14,False,True,True
C2,OCNT-2395604,3,17,17,17,17,True,True,True
C2,OCNT-2395609,5,14,14,14,4,False,True,True
C2,OCNT-2395614,2,3,3,3,3,True,True,True
C2,OCNT-2395616,3,25,25,25,25,True,True,True
C2,OCNT-2395618,3,6,15,6,6,True,False,True
C2,OCNT-2395621,2,15,22,22,22,False,False,False
C2,OCNT-2395624,2,18,18,14,14,False,True,False
C2,OCNT-2395625,2,3,3,3,3,True,True,True
C2,OCNT-2395628,4,11,7,4,7,False,False,False
C2,OCNT-2395629,2,5,27,27,5,True,False,False
C2,OCNT-2395630,2,25,15,25,15,False,False,True
C2,OCNT-2395632,4,12,5,5,5,False,False,False
C2,OCNT-2395637,2,18,16,16,16,False,False,False
C2,OCNT-2395640,2,15,20,20,20,False,False,False
C2,OCNT-2395653,2,11,11,11,11,True,True,True
C2,OCNT-2395659,3,16,16,16,16,True,True,True
C2,OCNT-2395665,2,5,5,5,5,True,True,True
C2,OCNT-2395668,5,22,22,22,9,False,True,True
C2,OCNT-2395669,3,26,26,26,26,True,True,True
C2,OCNT-2395670,3,19,19,19,19,True,True,True
C2,OCNT-2395676,2,5,5,5,5,True,True,True
C2,OCNT-2395678,3,17,17,17,17,True,True,True
C2,OCNT-2395680,2,5,5,5,5,True,True,True
C2,OCNT-2395682,2,5,5,5,5,True,True,True
C2,OCNT-2395683,2,17,6,6,6,False,False,False
C2,OCNT-2395684,2,23,23,23,23,True,True,True
C2,OCNT-2395687,3,6,19,19,6,True,False,False
C2,OCNT-2395691,3,3,17,17,3,True,False,False
C2,OCNT-2395695,2,5,5,5,5,True,True,True
C2,OCNT-2395696,2,13,13,13,10,False,True,True
C2,OCNT-2395700,2,5,5,5,5,True,True,True
C2,OCNT-2395706,2,6,6,6,6,True,True,True
C2,OCNT-2395707,4,3,3,3,3,True,True,True
C2,OCNT-2395712,2,22,22,22,22,True,True,True
C2,OCNT-2395713,3,6,6,6,6,True,True,True
C2,OCNT-2395717,3,21,21,21,21,True,True,True
C2,OCNT-2395719,3,13,13,13,13,True,True,True
C2,OCNT-2395729,3,13,21,13,21,False,False,True
C2,OCNT-2395731,3,22,14,14,14,False,False,False
C2,OCNT-2395738,2,3,16,16,16,False,False,False
C2,OCNT-2395741,2,18,4,18,4,False,False,True
C2,OCNT-2395742,3,4,18,4,21,False,False,True
C2,OCNT-2395748,2,13,20,20,20,False,False,False
C2,OCNT-2395751,5,13,20,20,13,True,False,False
C2,OCNT-2395755,2,10,10,10,7,False,True,True
C2,OCNT-2395763,2,6,27,6,6,True,False,True
C2,OCNT-2395771,4,18,5,5,5,False,False,False
C2,OCNT-2395773,2,18,18,18,18,True,True,True
C2,OCNT-2395774,3,22,22,22,22,True,True,True
C2,OCNT-2395775,2,18,18,18,19,False,True,True
C2,OCNT-2395780,2,5,5,5,5,True,True,True
C2,OCNT-2395781,2,16,16,16,16,True,True,True
C2,OCNT-2395782,2,2,2,17,17,False,True,False
C2,OCNT-2395787,2,19,18,18,18,False,False,False
C2,OCNT-2395790,2,21,23,21,21,True,False,True
C2,OCNT-2395795,2,5,5,5,5,True,True,True
C2,OCNT-2395798,2,10,10,10,10,True,True,True
C2,OCNT-2308485,3,21,26,21,21,True,False,True
C2,OCNT-2311186,2,18,18,18,18,True,True,True
C2,OCNT-2534775,3,10,10,10,10,True,True,True
C2,OCNT-2534781,2,21,21,21,21,True,True,True
C2,OCNT-2534784,3,4,4,4,23,False,True,True
C2,OCNT-2534785,2,21,23,21,21,True,False,True
C2,OCNT-2534805,2,13,13,13,13,True,True,True
C2,OCNT-2534806,2,6,6,6,6,True,True,True
C2,OCNT-2534809,2,16,16,16,16,True,True,True
C2,OCNT-2534810,2,5,4,4,4,False,False,False
C2,OCNT-2534823,3,11,24,11,11,True,False,True
C2,OCNT-2534833,2,2,17,2,17,False,False,True
C2,OCNT-2534835,2,2,2,2,16,False,True,True
C2,OCNT-2534836,2,6,6,6,6,True,True,True
C2,OCNT-2534837,2,11,11,11,11,True,True,True
C2,OCNT-2534838,2,6,6,6,6,True,True,True
C2,OCNT-2534839,2,6,6,6,6,True,True,True
C2,OCNT-2534845,2,4,19,4,19,False,False,True
C2,OCNT-2534850,2,24,24,24,24,True,True,True
C2,OCNT-2534858,3,12,12,12,12,True,True,True
C2,OCNT-2534860,2,19,10,10,10,False,False,False
C2,OCNT-2534861,3,12,3,3,3,False,False,False
C2,OCNT-2534862,2,12,3,3,3,False,False,False
C2,OCNT-2534863,2,12,3,3,3,False,False,False
C2,OCNT-2534864,2,12,3,3,3,False,False,False
C2,OCNT-2534866,3,23,23,23,23,True,True,True
C2,OCNT-2534868,2,4,4,4,4,True,True,True
C2,OCNT-2534869,2,19,19,19,22,False,True,True
C2,OCNT-2534872,2,10,10,10,17,False,True,True
C2,OCNT-2534873,2,11,11,11,18,False,True,True
C2,OCNT-2534874,2,12,12,12,19,False,True,True
C2,OCNT-2534875,2,21,2,2,2,False,False,False
C2,OCNT-2534879,3,21,11,11,21,True,False,False
C2,OCNT-2534882,3,27,16,27,16,False,False,True
C2,OCNT-2534888,2,17,3,3,3,False,False,False
C2,OCNT-2534892,3,5,10,24,10,False,False,False
C2,OCNT-2534924,3,22,5,5,5,False,False,False
C2,OCNT-2534925,4,25,25,25,25,True,True,True
C2,OCNT-2534930,2,15,22,15,22,False,False,True
C2,OCNT-2534934,3,2,13,2,2,True,False,True
C2,OCNT-2534949,2,3,3,3,3,True,True,True
C2,OCNT-2534950,3,3,20,20,20,False,False,False
C2,OCNT-2534951,4,21,11,24,11,False,False,False
C2,OCNT-2534952,2,3,3,3,3,True,True,True
C2,OCNT-2534954,3,20,3,3,3,False,False,False
C2,OCNT-2534955,4,23,23,23,23,True,True,True
C2,OCNT-2534958,3,27,18,18,18,False,False,False
C2,OCNT-2534969,2,3,3,3,3,True,True,True
C2,OCNT-2534972,4,3,23,23,23,False,False,False
C2,OCNT-2534974,2,2,2,2,2,True,True,True
C2,OCNT-2534975,2,22,22,22,22,True,True,True
C2,OCNT-2534976,2,0,0,0,0,True,True,True
C2,OCNT-2534978,2,19,19,19,19,True,True,True
C2,OCNT-2534979,2,18,18,18,18,True,True,True
C2,OCNT-2534992,2,17,17,17,14,False,True,True
C2,OCNT-2535002,3,14,17,17,14,True,False,False
C2,OCNT-2535004,2,16,16,16,19,False,True,True
C2,OCNT-2535007,3,11,24,24,24,False,False,False
C2,OCNT-2535012,2,11,11,11,17,False,True,True
C2,OCNT-2535015,3,3,8,8,8,False,False,False
C2,OCNT-2535020,2,22,22,22,22,True,True,True
C2,OCNT-2535023,2,25,9,9,9,False,False,False
C2,OCNT-2535035,2,12,12,12,12,True,True,True
C2,OCNT-2535039,3,20,20,20,15,False,True,True
C2,OCNT-2535045,2,10,10,10,10,True,True,True
C2,OCNT-2535051,2,6,18,18,18,False,False,False
C2,OCNT-2535059,2,25,26,26,25,True,False,False
C2,OCNT-2535061,2,9,9,9,9,True,True,True
C2,OCNT-2535066,2,13,16,16,16,False,False,False
C2,OCNT-2535067,2,20,3,20,3,False,False,True
C2,OCNT-2535071,2,21,21,20,21,True,True,False
C2,OCNT-2535076,2,8,27,27,27,False,False,False
C2,OCNT-2535081,2,9,5,5,5,False,False,False
C2,OCNT-2535082,2,11,11,11,20,False,True,True
C2,OCNT-2535083,2,18,18,18,18,True,True,True
C2,OCNT-2535084,2,3,3,3,3,True,True,True
C2,OCNT-2535087,2,16,16,16,16,True,True,True
C2,OCNT-2535088,4,12,3,3,3,False,False,False
C2,OCNT-2535091,2,17,17,17,17,True,True,True
C2,OCNT-2535097,2,26,26,26,19,False,True,True
C2,OCNT-2535098,2,14,14,14,21,False,True,True
C2,OCNT-2535100,2,5,3,5,5,True,False,True
C2,OCNT-2535102,2,21,21,21,21,True,True,True
C2,OCNT-2535115,2,6,17,17,17,False,False,False
C2,OCNT-2535133,2,20,20,20,20,True,True,True
C2,OCNT-2535137,2,3,3,3,3,True,True,True
C2,OCNT-2535141,2,12,12,12,19,False,True,True
C2,OCNT-2535143,3,16,16,16,16,True,True,True
C2,OCNT-2535146,2,14,14,14,14,True,True,True
C2,OCNT-2535147,2,9,9,9,9,True,True,True
C2,OCNT-2535148,2,12,15,15,15,False,False,False
C2,OCNT-2535150,2,15,18,18,18,False,False,False
C2,OCNT-2535152,2,5,5,5,5,True,True,True
C2,OCNT-2535154,2,16,15,15,15,False,False,False
C2,OCNT-2535155,2,15,14,14,14,False,False,False
C2,OCNT-2535156,2,4,4,4,4,True,True,True
C2,OCNT-2535158,2,5,5,5,5,True,True,True
C2,OCNT-2535160,2,5,4,4,4,False,False,False
C2,OCNT-2535161,2,5,4,4,4,False,False,False
C2,OCNT-2535164,2,13,23,23,13,True,False,False
C2,OCNT-2535166,3,11,11,11,11,True,True,True
C2,OCNT-2535167,3,12,16,19,19,False,False,False
C2,OCNT-2535168,3,11,11,11,11,True,True,True
C2,OCNT-2535171,2,22,22,22,4,False,True,True
C2,OCNT-2535172,3,3,12,3,12,False,False,True
C2,OCNT-2535177,3,16,5,5,16,True,False,False
C2,OCNT-2535184,2,22,5,22,5,False,False,True
C2,OCNT-2535194,2,18,2,2,18,True,False,False
C2,OCNT-2535199,2,12,12,12,18,False,True,True
C2,OCNT-2535201,2,17,17,17,17,True,True,True
C2,OCNT-2535212,2,13,13,13,13,True,True,True
C2,OCNT-2535213,3,20,26,20,26,False,False,True
C2,OCNT-2535219,3,3,11,11,11,False,False,False
C2,OCNT-2535220,2,9,12,12,12,False,False,False
C2,OCNT-2535221,2,7,8,8,7,True,False,False
C2,OCNT-2535225,2,3,23,3,3,True,False,True
C2,OCNT-2535226,2,16,13,13,16,True,False,False
C2,OCNT-2535229,2,21,21,21,21,True,True,True
C2,OCNT-2535231,2,1,1,1,1,True,True,True
C2,OCNT-2535233,2,18,18,18,18,True,True,True
C2,OCNT-2535234,2,21,21,21,21,True,True,True
C2,OCNT-2535254,2,20,8,8,8,False,False,False
C2,OCNT-2535255,3,21,21,21,21,True,True,True
C2,OCNT-2535256,2,18,18,18,18,True,True,True
C2,OCNT-2535257,2,0,0,0,0,True,True,True
C2,OCNT-2535260,2,12,18,18,18,False,False,False
C2,OCNT-2535261,2,12,12,12,3,False,True,True
C2,OCNT-2535263,3,19,22,22,19,True,False,False
C2,OCNT-2535264,2,10,10,10,10,True,True,True
C2,OCNT-2535271,2,13,13,13,13,True,True,True
C2,OCNT-2535278,2,1,4,1,1,True,False,True
C2,OCNT-2535284,2,10,10,10,10,True,True,True
C2,OCNT-2535286,2,2,5,2,2,True,False,True
C2,OCNT-2535290,2,22,24,22,22,True,False,True
C2,OCNT-2535299,2,10,10,10,10,True,True,True
C2,OCNT-2535306,2,9,1,1,1,False,False,False
C2,OCNT-2535321,3,11,17,17,17,False,False,False
C2,OCNT-2535334,2,11,11,11,13,False,True,True
C2,OCNT-2535335,2,11,11,11,13,False,True,True
C2,OCNT-2535336,2,18,18,18,20,False,True,True
C2,OCNT-2535337,2,11,11,11,13,False,True,True
C2,OCNT-2535338,2,11,11,11,13,False,True,True
C2,OCNT-2535342,3,24,7,7,7,False,False,False
C2,OCNT-2535344,2,20,8,8,8,False,False,False
C2,OCNT-2535346,3,12,3,3,3,False,False,False
C2,OCNT-2535348,3,21,3,21,3,False,False,True
C2,OCNT-2535351,3,20,17,20,17,False,False,True
C2,OCNT-2535355,3,3,3,3,3,True,True,True
C2,OCNT-2535356,2,24,24,24,24,True,True,True
C2,OCNT-2535357,2,23,1,1,1,False,False,False
C2,OCNT-2535358,2,20,19,20,19,False,False,True
C2,OCNT-2535360,2,17,17,17,17,True,True,True
C2,OCNT-2535361,2,6,6,6,6,True,True,True
C2,OCNT-2535362,2,22,22,22,22,True,True,True
C2,OCNT-2535364,2,14,14,14,14,True,True,True
C2,OCNT-2535367,2,2,2,2,2,True,True,True
C2,OCNT-2535370,2,2,2,2,2,True,True,True
C2,OCNT-2535371,2,11,11,11,13,False,True,True
C2,OCNT-2535372,2,11,11,11,13,False,True,True
C2,OCNT-2535373,2,17,17,17,19,False,True,True
C2,OCNT-2535374,2,20,20,20,22,False,True,True
C2,OCNT-2535375,2,18,18,18,18,True,True,True
C2,OCNT-2535388,4,3,13,3,3,True,False,True
C2,OCNT-2535391,2,1,4,1,1,True,False,True
C2,OCNT-2535394,3,8,3,3,3,False,False,False
C2,OCNT-2535398,2,12,2,2,2,False,False,False
C2,OCNT-2535412,3,17,17,17,17,True,True,True
C2,OCNT-2535415,2,14,16,16,14,True,False,False
C2,OCNT-2535416,2,2,10,10,2,True,False,False
C2,OCNT-2535432,3,11,16,16,11,True,False,False
C2,OCNT-2535433,3,11,16,11,11,True,False,True
C2,OCNT-2535436,2,4,20,4,20,False,False,True
C2,OCNT-2535461,3,8,14,14,14,False,False,False
C2,OCNT-2535462,4,8,14,14,14,False,False,False
C2,OCNT-2535463,3,8,14,14,14,False,False,False
C2,OCNT-2535464,3,20,20,20,10,False,True,True
C2,OCNT-2535465,2,14,19,19,19,False,False,False
C2,OCNT-2535466,2,21,21,21,21,True,True,True
C2,OCNT-2535467,3,16,21,21,21,False,False,False
C2,OCNT-2535468,2,13,13,13,13,True,True,True
C2,OCNT-2535469,3,20,20,20,20,True,True,True
C2,OCNT-2535471,3,8,14,14,14,False,False,False
C2,OCNT-2535474,2,2,17,17,2,True,False,False
C2,OCNT-2535477,2,16,11,11,16,True,False,False
C2,OCNT-2535491,2,22,14,14,22,True,False,False
C2,OCNT-2535523,2,25,25,25,25,True,True,True
C2,OCNT-2535524,2,20,20,20,20,True,True,True
C2,OCNT-2535533,2,6,6,6,6,True,True,True
C2,OCNT-2535536,2,6,9,9,9,False,False,False
C2,OCNT-2535537,2,17,20,20,20,False,False,False
C2,OCNT-2535538,2,13,13,13,16,False,True,True
C2,OCNT-2535547,2,24,13,13,13,False,False,False
C2,OCNT-2535552,2,19,19,19,19,True,True,True
C2,OCNT-2535555,3,11,16,11,11,True,False,True
C2,OCNT-2535559,3,11,16,11,11,True,False,True
C2,OCNT-2535563,2,3,20,3,20,False,False,True
C2,OCNT-2535567,3,5,6,5,19,False,False,True
C2,OCNT-2535574,3,16,19,16,19,False,False,True
C2,OCNT-2535579,3,12,17,12,12,True,False,True
C2,OCNT-2535597,4,16,21,23,23,False,False,False
C2,OCNT-2535605,2,11,8,8,11,True,False,False
C2,OCNT-2535625,2,20,20,20,20,True,True,True
C2,OCNT-2535626,3,21,17,17,17,False,False,False
C2,OCNT-2535630,2,15,27,27,27,False,False,False
C2,OCNT-2535642,3,24,10,10,10,False,False,False
C2,OCNT-2535643,3,26,7,7,7,False,False,False
C2,OCNT-2535648,2,7,7,7,7,True,True,True
C2,OCNT-2535649,2,12,11,11,11,False,False,False
C2,OCNT-2535650,2,8,8,8,8,True,True,True
C2,OCNT-2535651,3,5,5,5,17,False,True,True
C2,OCNT-2535653,2,16,0,0,0,False,False,False
C2,OCNT-2535654,2,10,1,1,1,False,False,False
C2,OCNT-2535657,4,13,13,13,13,True,True,True
C2,OCNT-2535659,2,8,8,8,8,True,True,True
C2,OCNT-2535660,2,5,5,5,5,True,True,True
C2,OCNT-2535661,2,8,8,8,8,True,True,True
C2,OCNT-2535662,2,8,8,8,8,True,True,True
C2,OCNT-2535663,2,8,8,8,8,True,True,True
C2,OCNT-2535664,2,8,8,8,8,True,True,True
C2,OCNT-2535665,2,8,8,8,8,True,True,True
C2,OCNT-2535667,2,2,2,2,2,True,True,True
C2,OCNT-2535668,2,9,9,9,4,False,True,True
C2,OCNT-2535670,2,15,15,15,15,True,True,True
C2,OCNT-2535671,3,21,21,21,17,False,True,True
C2,OCNT-2535672,2,8,8,8,6,False,True,True
C2,OCNT-2535677,2,16,14,16,16,True,False,True
C2,OCNT-2535679,2,8,8,8,8,True,True,True
C2,OCNT-2535683,3,12,25,12,12,True,False,True
C2,OCNT-2535685,3,25,6,25,25,True,False,True
C2,OCNT-2535686,3,27,22,27,27,True,False,True
C2,OCNT-2535689,2,23,12,12,12,False,False,False
C2,OCNT-2535691,2,22,22,22,22,True,True,True
C2,OCNT-2535692,2,12,22,22,22,False,False,False
C2,OCNT-2535693,2,20,20,20,20,True,True,True
C2,OCNT-2535694,2,19,19,19,19,True,True,True
C2,OCNT-2535695,2,21,21,21,21,True,True,True
C2,OCNT-2535696,2,23,23,23,23,True,True,True
C2,OCNT-2535701,2,5,3,5,5,True,False,True
C2,OCNT-2535703,3,7,7,7,25,False,True,True
C2,OCNT-2535705,2,23,23,23,23,True,True,True
C2,OCNT-2535708,3,22,27,22,22,True,False,True
C2,OCNT-2535720,3,10,21,21,21,False,False,False
C2,OCNT-2535730,2,11,11,11,11,True,True,True
C2,OCNT-2535731,2,30,30,30,30,True,True,True
C2,OCNT-2535732,4,23,23,23,23,True,True,True
C2,OCNT-2535733,2,20,20,20,9,False,True,True
C2,OCNT-2535736,2,17,17,17,17,True,True,True
C2,OCNT-2535739,2,22,22,22,4,False,True,True
C2,OCNT-2535747,3,11,11,11,11,True,True,True
C2,OCNT-2535754,3,27,22,27,27,True,False,True
C2,OCNT-2535759,2,5,10,10,10,False,False,False
C2,OCNT-2535761,2,18,18,18,18,True,True,True
C2,OCNT-2535764,2,16,16,16,8,False,True,True
C2,OCNT-2535774,2,10,15,15,15,False,False,False
C2,OCNT-2535786,2,2,16,16,2,True,False,False
C2,OCNT-2535795,2,10,30,30,30,False,False,False
C2,OCNT-2535799,2,3,18,18,3,True,False,False
C2,OCNT-2535801,3,11,16,11,11,True,False,True
C2,OCNT-2535802,3,11,11,11,28,False,True,True
C2,OCNT-2535804,2,13,13,13,20,False,True,True
C2,OCNT-2535805,2,12,12,12,19,False,True,True
C2,OCNT-2535808,2,11,11,11,18,False,True,True
C2,OCNT-2535809,2,12,12,12,19,False,True,True
C2,OCNT-2535812,2,20,20,20,20,True,True,True
C2,OCNT-2535817,2,16,16,16,16,True,True,True
C2,OCNT-2535823,2,2,25,25,2,True,False,False
C3,OCNT-0000422,3,9,9,9,9,True,True,True
C3,OCNT-0007477,2,12,12,12,7,False,True,True
C3,OCNT-0010068,2,5,2,2,2,False,False,False
C3,OCNT-0018684,2,6,6,6,6,True,True,True
C3,OCNT-0021749,2,17,17,17,17,True,True,True
C3,OCNT-0021943,2,0,0,0,10,False,True,True
C3,OCNT-0021946,2,16,16,16,16,True,True,True
C3,OCNT-0022006,3,23,23,23,23,True,True,True
C3,OCNT-0022012,2,0,0,0,0,True,True,True
C3,OCNT-0022066,2,5,20,20,20,False,False,False
C3,OCNT-0022107,2,3,8,8,8,False,False,False
C3,OCNT-0022119,4,0,0,0,17,False,True,True
C3,OCNT-0022125,4,6,6,6,6,True,True,True
C3,OCNT-0022126,2,8,8,8,8,True,True,True
C3,OCNT-0022127,2,9,9,9,9,True,True,True
C3,OCNT-0022129,2,1,1,1,4,False,True,True
C3,OCNT-0022130,2,8,5,8,5,False,False,True
C3,OCNT-0022137,3,29,5,5,5,False,False,False
C3,OCNT-0022141,3,21,21,21,1,False,True,True
C3,OCNT-0022234,3,4,4,4,4,True,True,True
C3,OCNT-0022235,3,4,2,2,4,True,False,False
C3,OCNT-0022246,3,1,1,1,15,False,True,True
C3,OCNT-0022254,2,1,1,1,13,False,True,True
C3,OCNT-0022266,2,17,17,17,10,False,True,True
C3,OCNT-0022267,2,1,1,1,13,False,True,True
C3,OCNT-0022268,3,1,4,1,15,False,False,True
C3,OCNT-0022269,3,24,24,24,7,False,True,True
C3,OCNT-0022288,4,0,0,0,17,False,True,True
C3,OCNT-0022294,2,1,1,1,13,False,True,True
C3,OCNT-0022315,2,10,10,10,10,True,True,True
C3,OCNT-0022316,2,25,10,10,10,False,False,False
C3,OCNT-0022317,2,18,18,18,18,True,True,True
C3,OCNT-0200796,6,7,30,30,30,False,False,False
C3,OCNT-0381046,2,6,6,6,6,True,True,True
C3,OCNT-0436875,5,11,11,11,11,True,True,True
C3,OCNT-0476452,3,8,8,8,8,True,True,True
C3,OCNT-0476550,2,20,2,2,2,False,False,False
C3,OCNT-0476778,2,11,10,11,11,True,False,True
C3,OCNT-0483290,2,9,12,9,9,True,False,True
C3,OCNT-0483502,2,15,10,15,10,False,False,True
C3,OCNT-0493764,2,11,11,11,11,True,True,True
C3,OCNT-0493792,3,15,15,15,15,True,True,True
C3,OCNT-0493951,6,21,21,21,21,True,True,True
C3,OCNT-0494023,3,5,25,25,25,False,False,False
C3,OCNT-0494025,5,36,16,16,13,False,False,False
C3,OCNT-0494110,2,10,10,10,10,True,True,True
C3,OCNT-0494161,3,11,11,11,11,True,True,True
C3,OCNT-0494162,2,3,3,3,3,True,True,True
C3,OCNT-0494638,3,18,13,18,13,False,False,True
C3,OCNT-0495039,2,0,0,0,14,False,True,True
C3,OCNT-0495153,2,7,7,7,7,True,True,True
C3,OCNT-0495157,2,2,2,2,2,True,True,True
C3,OCNT-0495189,3,2,7,2,2,True,False,True
C3,OCNT-0495216,2,13,13,13,13,True,True,True
C3,OCNT-0495303,2,14,2,2,2,False,False,False
C3,OCNT-0495340,3,26,26,26,26,True,True,True
C3,OCNT-0495493,2,8,8,8,8,True,True,True
C3,OCNT-0495620,3,17,25,17,17,True,False,True
C3,OCNT-0495682,2,0,0,0,0,True,True,True
C3,OCNT-0496415,3,39,39,39,39,True,True,True
C3,OCNT-0497724,2,18,18,18,18,True,True,True
C3,OCNT-0497954,2,1,1,1,13,False,True,True
C3,OCNT-0497983,5,10,10,10,10,True,True,True
C3,OCNT-0498036,2,13,13,13,3,False,True,True
C3,OCNT-0498042,6,28,28,28,13,False,True,True
C3,OCNT-0498064,2,5,25,25,25,False,False,False
C3,OCNT-0498067,2,6,6,6,6,True,True,True
C3,OCNT-0498125,2,5,5,5,5,True,True,True
C3,OCNT-0498127,3,27,27,27,27,True,True,True
C3,OCNT-0713835,3,31,30,30,31,True,False,False
C3,OCNT-1411118,2,14,14,14,14,True,True,True
C3,OCNT-1911794,3,11,11,11,11,True,True,True
C3,OCNT-1911799,2,12,12,12,12,True,True,True
C3,OCNT-2308460,3,21,21,21,21,True,True,True
C3,OCNT-2308465,4,17,17,17,13,False,True,True
C3,OCNT-2308466,3,26,7,7,7,False,False,False
C3,OCNT-2308468,3,22,22,3,3,False,True,False
C3,OCNT-2308470,3,13,22,13,13,True,False,True
C3,OCNT-2308474,3,21,21,21,21,True,True,True
C3,OCNT-2308478,2,23,23,23,23,True,True,True
C3,OCNT-2308483,2,12,12,12,12,True,True,True
C3,OCNT-2308494,3,15,20,20,15,True,False,False
C3,OCNT-2308501,3,3,3,3,6,False,True,True
C3,OCNT-2308502,3,12,12,12,12,True,True,True
C3,OCNT-2308504,3,21,6,6,6,False,False,False
C3,OCNT-2308506,2,9,9,9,9,True,True,True
C3,OCNT-2308508,3,6,13,6,13,False,False,True
C3,OCNT-2308510,4,4,17,17,17,False,False,False
C3,OCNT-2308512,4,9,13,9,9,True,False,True
C3,OCNT-2308515,2,18,18,18,18,True,True,True
C3,OCNT-2308520,2,11,11,11,13,False,True,True
C3,OCNT-2308523,2,21,2,2,2,False,False,False
C3,OCNT-2308526,3,4,4,4,4,True,True,True
C3,OCNT-2308529,2,23,14,14,14,False,False,False
C3,OCNT-2308531,2,20,20,20,20,True,True,True
C3,OCNT-2308536,2,21,21,21,21,True,True,True
C3,OCNT-2308537,4,23,11,11,11,False,False,False
C3,OCNT-2308543,2,14,9,9,9,False,False,False
C3,OCNT-2308550,3,13,23,13,13,True,False,True
C3,OCNT-2308553,2,20,20,20,20,True,True,True
C3,OCNT-2308556,4,28,15,15,15,False,False,False
C3,OCNT-2308557,2,17,17,17,5,False,True,True
C3,OCNT-2308560,4,19,19,19,19,True,True,True
C3,OCNT-2308571,2,7,6,6,6,False,False,False
C3,OCNT-2308583,3,4,4,4,4,True,True,True
C3,OCNT-2308585,2,21,9,9,9,False,False,False
C3,OCNT-2308588,3,9,3,3,3,False,False,False
C3,OCNT-2308589,2,21,21,21,21,True,True,True
C3,OCNT-2308597,2,15,13,15,13,False,False,True
C3,OCNT-2308601,2,24,24,24,24,True,True,True
C3,OCNT-2308603,4,0,0,0,0,True,True,True
C3,OCNT-2308605,2,19,2,19,19,True,False,True
C3,OCNT-2308609,3,16,13,13,13,False,False,False
C3,OCNT-2308610,3,8,13,13,8,True,False,False
C3,OCNT-2308613,2,17,7,7,7,False,False,False
C3,OCNT-2308614,4,24,10,10,2,False,False,False
C3,OCNT-2308619,2,25,25,25,25,True,True,True
C3,OCNT-2308624,2,7,13,13,13,False,False,False
C3,OCNT-2308632,3,7,6,7,9,False,False,True
C3,OCNT-2308638,2,9,9,9,9,True,True,True
C3,OCNT-2308641,2,18,18,18,18,True,True,True
C3,OCNT-2308645,3,15,15,15,15,True,True,True
C3,OCNT-2308647,4,18,16,16,16,False,False,False
C3,OCNT-2308656,2,28,28,28,28,True,True,True
C3,OCNT-2308660,2,22,22,22,22,True,True,True
C3,OCNT-2308661,5,11,18,18,18,False,False,False
C3,OCNT-2308664,2,5,5,5,5,True,True,True
C3,OCNT-2308667,4,4,4,4,4,True,True,True
C3,OCNT-2308674,2,21,21,21,25,False,True,True
C3,OCNT-2308676,4,28,17,17,17,False,False,False
C3,OCNT-2308682,5,15,15,15,15,True,True,True
C3,OCNT-2308684,2,20,20,20,20,True,True,True
C3,OCNT-2308693,3,6,5,6,8,False,False,True
C3,OCNT-2308698,2,18,18,18,18,True,True,True
C3,OCNT-2308706,4,20,20,20,15,False,True,True
C3,OCNT-2308709,4,4,7,7,7,False,False,False
C3,OCNT-2308711,3,18,1,18,1,False,False,True
C3,OCNT-2308715,4,23,23,23,23,True,True,True
C3,OCNT-2308723,3,21,16,16,16,False,False,False
C3,OCNT-2308724,3,5,5,5,5,True,True,True
C3,OCNT-2308740,5,0,0,0,0,True,True,True
C3,OCNT-2308747,2,20,20,20,20,True,True,True
C3,OCNT-2308748,2,11,11,11,11,True,True,True
C3,OCNT-2308752,3,13,13,13,13,True,True,True
C3,OCNT-2308758,3,24,23,24,24,True,False,True
C3,OCNT-2308762,2,26,26,26,2,False,True,True
C3,OCNT-2308763,3,17,12,17,17,True,False,True
C3,OCNT-2308765,3,14,14,14,14,True,True,True
C3,OCNT-2308766,2,16,20,16,20,False,False,True
C3,OCNT-2308768,2,8,17,17,17,False,False,False
C3,OCNT-2308773,4,18,18,18,16,False,True,True
C3,OCNT-2308774,2,21,21,21,21,True,True,True
C3,OCNT-2308782,3,9,9,9,9,True,True,True
C3,OCNT-2308794,2,13,5,5,5,False,False,False
C3,OCNT-2308798,3,16,7,7,16,True,False,False
C3,OCNT-2308800,2,2,2,2,2,True,True,True
C3,OCNT-2308808,2,5,5,5,5,True,True,True
C3,OCNT-2308814,4,5,5,5,5,True,True,True
C3,OCNT-2308817,2,23,23,23,23,True,True,True
C3,OCNT-2308818,5,26,17,5,5,False,False,False
C3,OCNT-2308822,3,25,25,25,25,True,True,True
C3,OCNT-2308832,2,13,13,13,13,True,True,True
C3,OCNT-2308837,3,6,6,6,6,True,True,True
C3,OCNT-2308838,3,12,12,12,12,True,True,True
C3,OCNT-2308839,3,5,5,5,5,True,True,True
C3,OCNT-2308840,3,19,19,19,19,True,True,True
C3,OCNT-2308847,3,17,1,1,1,False,False,False
C3,OCNT-2308851,4,25,25,25,25,True,True,True
C3,OCNT-2308854,2,13,13,24,24,False,True,False
C3,OCNT-2308855,2,21,14,21,14,False,False,True
C3,OCNT-2308864,2,2,3,2,3,False,False,True
C3,OCNT-2308867,2,21,21,21,21,True,True,True
C3,OCNT-2308871,3,12,20,12,12,True,False,True
C3,OCNT-2308873,3,18,18,18,18,True,True,True
C3,OCNT-2308874,2,12,16,16,16,False,False,False
C3,OCNT-2308876,3,6,6,6,16,False,True,True
C3,OCNT-2308896,4,13,13,13,13,True,True,True
C3,OCNT-2308899,3,15,12,12,15,True,False,False
C3,OCNT-2308900,4,11,24,11,11,True,False,True
C3,OCNT-2308903,4,11,11,11,11,True,True,True
C3,OCNT-2308905,3,3,20,20,3,True,False,False
C3,OCNT-2308908,2,22,22,22,22,True,True,True
C3,OCNT-2308925,4,5,22,22,22,False,False,False
C3,OCNT-2308929,3,10,10,10,10,True,True,True
C3,OCNT-2308938,2,6,9,9,9,False,False,False
C3,OCNT-2308941,3,14,14,14,14,True,True,True
C3,OCNT-2308944,3,18,9,18,18,True,False,True
C3,OCNT-2308947,2,5,5,5,5,True,True,True
C3,OCNT-2308949,2,16,16,9,16,True,True,False
C3,OCNT-2308952,2,10,10,10,10,True,True,True
C3,OCNT-2308953,2,7,7,7,7,True,True,True
C3,OCNT-2308961,3,15,13,13,13,False,False,False
C3,OCNT-2308965,2,11,9,9,9,False,False,False
C3,OCNT-2308967,2,5,10,10,5,True,False,False
C3,OCNT-2308972,2,14,14,14,14,True,True,True
C3,OCNT-2308982,2,13,13,13,13,True,True,True
C3,OCNT-2308989,3,22,22,22,9,False,True,True
C3,OCNT-2308995,3,3,3,3,10,False,True,True
C3,OCNT-2308997,2,13,13,13,14,False,True,True
C3,OCNT-2309004,2,18,18,18,5,False,True,True
C3,OCNT-2309005,2,17,16,17,17,True,False,True
C3,OCNT-2309012,4,19,10,14,14,False,False,False
C3,OCNT-2309016,2,12,9,9,9,False,False,False
C3,OCNT-2309019,2,27,27,27,27,True,True,True
C3,OCNT-2309025,4,18,25,25,25,False,False,False
C3,OCNT-2309038,2,2,2,2,2,True,True,True
C3,OCNT-2309039,3,12,3,3,3,False,False,False
C3,OCNT-2309041,4,10,11,11,13,False,False,False
C3,OCNT-2309042,3,4,4,4,5,False,True,True
C3,OCNT-2309057,2,14,14,15,14,True,True,False
C3,OCNT-2309065,3,10,10,10,10,True,True,True
C3,OCNT-2309067,3,19,19,19,19,True,True,True
C3,OCNT-2309077,2,11,11,11,13,False,True,True
C3,OCNT-2309093,3,19,21,19,19,True,False,True
C3,OCNT-2309100,2,21,21,21,21,True,True,True
C3,OCNT-2309101,4,21,13,18,13,False,False,False
C3,OCNT-2309109,2,9,9,9,9,True,True,True
C3,OCNT-2309110,3,2,8,8,17,False,False,False
C3,OCNT-2309111,2,4,22,22,4,True,False,False
C3,OCNT-2309126,2,23,13,13,13,False,False,False
C3,OCNT-2309130,2,23,15,15,15,False,False,False
C3,OCNT-2309137,2,11,11,11,11,True,True,True
C3,OCNT-2309138,3,9,9,9,9,True,True,True
C3,OCNT-2309139,2,14,14,14,14,True,True,True
C3,OCNT-2309149,2,11,11,11,11,True,True,True
C3,OCNT-2309151,2,15,15,15,15,True,True,True
C3,OCNT-2309157,2,18,18,18,18,True,True,True
C3,OCNT-2309164,2,13,3,3,3,False,False,False
C3,OCNT-2309172,3,14,13,13,13,False,False,False
C3,OCNT-2309173,2,22,22,21,22,True,True,False
C3,OCNT-2309174,2,20,20,20,20,True,True,True
C3,OCNT-2309176,2,5,20,20,20,False,False,False
C3,OCNT-2309177,2,20,20,20,20,True,True,True
C3,OCNT-2309179,2,18,23,23,23,False,False,False
C3,OCNT-2309181,2,10,15,15,15,False,False,False
C3,OCNT-2309185,2,12,12,12,12,True,True,True
C3,OCNT-2309190,2,16,16,16,16,True,True,True
C3,OCNT-2309198,4,21,6,6,6,False,False,False
C3,OCNT-2309200,3,15,15,15,15,True,True,True
C3,OCNT-2309204,2,21,21,21,21,True,True,True
C3,OCNT-2309209,2,2,2,2,2,True,True,True
C3,OCNT-2309210,2,8,14,14,14,False,False,False
C3,OCNT-2309225,2,4,4,4,4,True,True,True
C3,OCNT-2309232,2,23,23,23,23,True,True,True
C3,OCNT-2309240,2,12,12,12,12,True,True,True
C3,OCNT-2309241,2,14,14,14,14,True,True,True
C3,OCNT-2309248,4,22,22,22,22,True,True,True
C3,OCNT-2309252,3,19,19,19,19,True,True,True
C3,OCNT-2309265,5,16,9,14,9,False,False,False
C3,OCNT-2309266,2,21,22,22,22,False,False,False
C3,OCNT-2309268,2,9,25,25,25,False,False,False
C3,OCNT-2309276,3,5,5,5,5,True,True,True
C3,OCNT-2309279,2,13,3,3,3,False,False,False
C3,OCNT-2309284,3,23,23,23,23,True,True,True
C3,OCNT-2309286,3,22,22,22,22,True,True,True
C3,OCNT-2309290,2,21,21,21,21,True,True,True
C3,OCNT-2309294,3,18,18,18,18,True,True,True
C3,OCNT-2309296,2,4,26,26,26,False,False,False
C3,OCNT-2309303,4,15,4,15,4,False,False,True
C3,OCNT-2309323,3,20,20,20,20,True,True,True
C3,OCNT-2309324,3,17,15,15,15,False,False,False
C3,OCNT-2309326,2,22,22,22,22,True,True,True
C3,OCNT-2309333,2,3,3,3,3,True,True,True
C3,OCNT-2309338,3,5,5,5,5,True,True,True
C3,OCNT-2309342,2,9,19,9,19,False,False,True
C3,OCNT-2309343,2,5,19,19,19,False,False,False
C3,OCNT-2309347,2,18,18,18,18,True,True,True
C3,OCNT-2309355,2,23,23,23,23,True,True,True
C3,OCNT-2309366,2,8,8,8,8,True,True,True
C3,OCNT-2309376,3,20,20,20,20,True,True,True
C3,OCNT-2309390,3,14,14,14,16,False,True,True
C3,OCNT-2309393,2,25,25,20,20,False,True,False
C3,OCNT-2309395,3,23,23,23,23,True,True,True
C3,OCNT-2309396,2,9,9,9,9,True,True,True
C3,OCNT-2309402,2,17,14,14,14,False,False,False
C3,OCNT-2309415,2,2,2,2,14,False,True,True
C3,OCNT-2309420,2,23,23,23,23,True,True,True
C3,OCNT-2309424,4,8,8,8,8,True,True,True
C3,OCNT-2309429,3,23,15,15,15,False,False,False
C3,OCNT-2309430,3,23,23,23,23,True,True,True
C3,OCNT-2309431,2,20,20,20,17,False,True,True
C3,OCNT-2309434,2,16,1,1,1,False,False,False
C3,OCNT-2309435,3,22,22,22,22,True,True,True
C3,OCNT-2309444,3,2,23,2,2,True,False,True
C3,OCNT-2309445,3,3,3,3,3,True,True,True
C3,OCNT-2309448,4,0,0,0,0,True,True,True
C3,OCNT-2309451,4,13,18,18,13,True,False,False
C3,OCNT-2309458,2,10,17,10,10,True,False,True
C3,OCNT-2309459,3,25,21,25,25,True,False,True
C3,OCNT-2309465,2,2,20,2,2,True,False,True
C3,OCNT-2309466,2,17,17,17,6,False,True,True
C3,OCNT-2309468,2,23,23,23,23,True,True,True
C3,OCNT-2309469,3,23,23,23,24,False,True,True
C3,OCNT-2309471,3,27,27,27,27,True,True,True
C3,OCNT-2309476,2,4,15,15,15,False,False,False
C3,OCNT-2309480,3,14,9,9,14,True,False,False
C3,OCNT-2309491,2,24,16,16,16,False,False,False
C3,OCNT-2309492,4,19,19,19,19,True,True,True
C3,OCNT-2309495,2,17,24,24,24,False,False,False
C3,OCNT-2309498,2,20,20,2,20,True,True,False
C3,OCNT-2309501,2,24,24,24,24,True,True,True
C3,OCNT-2309503,2,21,7,7,21,True,False,False
C3,OCNT-2309509,2,21,21,21,21,True,True,True
C3,OCNT-2309511,3,22,14,14,14,False,False,False
C3,OCNT-2309518,2,17,17,17,17,True,True,True
C3,OCNT-2309527,2,15,15,15,15,True,True,True
C3,OCNT-2309539,3,12,17,17,17,False,False,False
C3,OCNT-2309544,3,25,7,7,25,True,False,False
C3,OCNT-2309550,4,23,3,23,16,False,False,True
C3,OCNT-2309554,3,19,12,12,12,False,False,False
C3,OCNT-2309558,2,18,18,18,16,False,True,True
C3,OCNT-2309560,3,20,20,20,20,True,True,True
C3,OCNT-2309565,4,11,5,5,5,False,False,False
C3,OCNT-2309567,3,16,14,14,14,False,False,False
C3,OCNT-2309572,2,10,23,10,10,True,False,True
C3,OCNT-2309576,3,19,21,19,5,False,False,True
C3,OCNT-2309583,2,14,14,14,14,True,True,True
C3,OCNT-2309586,2,5,5,5,5,True,True,True
C3,OCNT-2309593,4,3,7,7,7,False,False,False
C3,OCNT-2309597,2,18,18,18,18,True,True,True
C3,OCNT-2309598,2,14,21,21,21,False,False,False
C3,OCNT-2309599,2,2,9,2,2,True,False,True
C3,OCNT-2309600,2,10,10,10,10,True,True,True
C3,OCNT-2309602,2,8,5,5,8,True,False,False
C3,OCNT-2309605,3,3,10,3,2,False,False,True
C3,OCNT-2309612,3,7,8,8,10,False,False,False
C3,OCNT-2309613,2,6,6,6,6,True,True,True
C3,OCNT-2309614,6,11,11,11,11,True,True,True
C3,OCNT-2309623,3,15,12,12,12,False,False,False
C3,OCNT-2309635,2,20,20,20,20,True,True,True
C3,OCNT-2309639,3,18,17,17,3,False,False,False
C3,OCNT-2309641,2,22,22,22,22,True,True,True
C3,OCNT-2309645,2,2,7,7,2,True,False,False
C3,OCNT-2309655,3,24,22,22,22,False,False,False
C3,OCNT-2309657,3,16,16,4,4,False,True,False
C3,OCNT-2309658,3,25,23,23,25,True,False,False
C3,OCNT-2309659,4,23,20,23,7,False,False,True
C3,OCNT-2309661,2,14,14,14,12,False,True,True
C3,OCNT-2309663,2,8,8,8,18,False,True,True
C3,OCNT-2309665,2,5,19,5,19,False,False,True
C3,OCNT-2309671,2,16,11,16,16,True,False,True
C3,OCNT-2309676,4,23,12,12,12,False,False,False
C3,OCNT-2309684,4,24,19,19,19,False,False,False
C3,OCNT-2309689,3,21,21,21,21,True,True,True
C3,OCNT-2309695,4,31,22,31,31,True,False,True
C3,OCNT-2309696,2,23,1,1,1,False,False,False
C3,OCNT-2309704,2,3,3,3,3,True,True,True
C3,OCNT-2309705,5,14,12,14,12,False,False,True
C3,OCNT-2309709,2,18,18,18,23,False,True,True
C3,OCNT-2309711,2,7,7,7,18,False,True,True
C3,OCNT-2309713,2,18,18,18,18,True,True,True
C3,OCNT-2309724,2,16,16,16,14,False,True,True
C3,OCNT-2309730,2,19,9,9,9,False,False,False
C3,OCNT-2309742,2,22,11,11,22,True,False,False
C3,OCNT-2309743,2,25,25,25,25,True,True,True
C3,OCNT-2309754,4,23,23,23,23,True,True,True
C3,OCNT-2309755,2,2,6,6,6,False,False,False
C3,OCNT-2309757,2,21,5,5,5,False,False,False
C3,OCNT-2309758,2,15,15,15,15,True,True,True
C3,OCNT-2309763,3,4,4,4,19,False,True,True
C3,OCNT-2309765,3,21,21,21,21,True,True,True
C3,OCNT-2309768,3,17,6,17,6,False,False,True
C3,OCNT-2309769,2,16,16,16,16,True,True,True
C3,OCNT-2309776,3,6,11,11,11,False,False,False
C3,OCNT-2309782,3,11,11,11,11,True,True,True
C3,OCNT-2309787,3,9,6,6,6,False,False,False
C3,OCNT-2309794,4,6,6,6,6,True,True,True
C3,OCNT-2309804,2,17,17,17,17,True,True,True
C3,OCNT-2309811,2,5,5,5,5,True,True,True
C3,OCNT-2309813,2,22,22,22,17,False,True,True
C3,OCNT-2309817,3,18,19,19,19,False,False,False
C3,OCNT-2309829,2,21,17,17,17,False,False,False
C3,OCNT-2309836,2,27,10,10,10,False,False,False
C3,OCNT-2309840,2,2,2,2,2,True,True,True
C3,OCNT-2309843,2,22,22,22,22,True,True,True
C3,OCNT-2309854,2,18,18,18,20,False,True,True
C3,OCNT-2309858,2,26,26,26,26,True,True,True
C3,OCNT-2309866,3,26,10,10,7,False,False,False
C3,OCNT-2309867,3,12,21,12,12,True,False,True
C3,OCNT-2309873,2,5,5,5,5,True,True,True
C3,OCNT-2309877,2,27,27,27,27,True,True,True
C3,OCNT-2309880,2,19,19,19,19,True,True,True
C3,OCNT-2309882,2,14,14,14,21,False,True,True
C3,OCNT-2309883,3,6,8,8,8,False,False,False
C3,OCNT-2309897,2,14,14,14,14,True,True,True
C3,OCNT-2309902,2,4,4,4,4,True,True,True
C3,OCNT-2309910,2,6,3,6,6,True,False,True
C3,OCNT-2309924,2,2,2,2,23,False,True,True
C3,OCNT-2309926,2,4,4,4,4,True,True,True
C3,OCNT-2309931,4,30,33,30,30,True,False,True
C3,OCNT-2309933,4,17,26,17,1,False,False,True
C3,OCNT-2309936,4,19,17,17,17,False,False,False
C3,OCNT-2309942,2,12,12,12,12,True,True,True
C3,OCNT-2309950,2,6,6,6,6,True,True,True
C3,OCNT-2309957,3,20,16,16,14,False,False,False
C3,OCNT-2309963,3,19,0,0,0,False,False,False
C3,OCNT-2309967,2,7,21,21,7,True,False,False
C3,OCNT-2309973,3,19,19,19,19,True,True,True
C3,OCNT-2309987,2,15,5,5,5,False,False,False
C3,OCNT-2309989,2,13,13,4,13,True,True,False
C3,OCNT-2309990,4,17,17,17,17,True,True,True
C3,OCNT-2309991,5,13,11,11,11,False,False,False
C3,OCNT-2309993,2,16,16,16,16,True,True,True
C3,OCNT-2310008,3,6,6,6,6,True,True,True
C3,OCNT-2310010,3,10,3,10,10,True,False,True
C3,OCNT-2310018,3,9,0,0,0,False,False,False
C3,OCNT-2310021,3,11,11,11,11,True,True,True
C3,OCNT-2310024,3,0,0,0,0,True,True,True
C3,OCNT-2310041,2,8,3,8,3,False,False,True
C3,OCNT-2310046,2,10,10,10,10,True,True,True
C3,OCNT-2310050,2,13,18,18,18,False,False,False
C3,OCNT-2310056,2,2,3,2,2,True,False,True
C3,OCNT-2310061,3,11,11,11,7,False,True,True
C3,OCNT-2310066,2,17,17,17,17,True,True,True
C3,OCNT-2310072,3,23,23,23,23,True,True,True
C3,OCNT-2310076,3,23,1,1,1,False,False,False
C3,OCNT-2310081,2,13,13,12,13,True,True,False
C3,OCNT-2310085,2,9,9,9,9,True,True,True
C3,OCNT-2310087,3,23,23,23,25,False,True,True
C3,OCNT-2310093,2,4,4,4,4,True,True,True
C3,OCNT-2310094,3,8,8,8,8,True,True,True
C3,OCNT-2310095,2,18,13,13,13,False,False,False
C3,OCNT-2310096,2,2,18,18,2,True,False,False
C3,OCNT-2310097,2,13,18,18,13,True,False,False
C3,OCNT-2310114,3,21,21,26,26,False,True,False
C3,OCNT-2310117,2,8,19,19,19,False,False,False
C3,OCNT-2310119,2,6,6,6,4,False,True,True
C3,OCNT-2310120,2,3,12,12,12,False,False,False
C3,OCNT-2310131,3,25,8,8,8,False,False,False
C3,OCNT-2310137,2,29,29,29,29,True,True,True
C3,OCNT-2310141,2,8,8,8,8,True,True,True
C3,OCNT-2310144,2,1,5,1,1,True,False,True
C3,OCNT-2310149,2,24,24,24,24,True,True,True
C3,OCNT-2310153,2,3,3,3,3,True,True,True
C3,OCNT-2310155,4,6,6,6,18,False,True,True
C3,OCNT-2310156,3,24,2,24,2,False,False,True
C3,OCNT-2310157,2,3,5,5,5,False,False,False
C3,OCNT-2310158,3,16,3,3,16,True,False,False
C3,OCNT-2310159,3,6,6,6,6,True,True,True
C3,OCNT-2310161,3,19,5,5,5,False,False,False
C3,OCNT-2310172,2,12,15,15,15,False,False,False
C3,OCNT-2310174,3,14,10,10,10,False,False,False
C3,OCNT-2310175,2,7,7,7,7,True,True,True
C3,OCNT-2310178,3,5,5,5,5,True,True,True
C3,OCNT-2310182,3,21,21,21,21,True,True,True
C3,OCNT-2310186,3,13,3,13,3,False,False,True
C3,OCNT-2310188,4,17,6,6,17,True,False,False
C3,OCNT-2310192,4,23,13,13,13,False,False,False
C3,OCNT-2310197,3,4,3,20,20,False,False,False
C3,OCNT-2310199,2,19,19,23,23,False,True,False
C3,OCNT-2310202,3,20,18,18,20,True,False,False
C3,OCNT-2310210,3,10,10,10,10,True,True,True
C3,OCNT-2310212,2,21,10,10,21,True,False,False
C3,OCNT-2310216,4,24,14,14,24,True,False,False
C3,OCNT-2310220,2,20,20,20,20,True,True,True
C3,OCNT-2310235,2,13,13,13,13,True,True,True
C3,OCNT-2310240,2,11,26,26,11,True,False,False
C3,OCNT-2310242,3,16,16,16,16,True,True,True
C3,OCNT-2310248,2,21,21,21,21,True,True,True
C3,OCNT-2310249,2,16,16,16,16,True,True,True
C3,OCNT-2310252,2,21,15,21,21,True,False,True
C3,OCNT-2310256,2,27,14,14,27,True,False,False
C3,OCNT-2310258,2,26,12,12,26,True,False,False
C3,OCNT-2310283,2,15,15,15,15,True,True,True
C3,OCNT-2310288,2,14,14,14,14,True,True,True
C3,OCNT-2310298,2,9,9,9,21,False,True,True
C3,OCNT-2310303,3,12,25,25,12,True,False,False
C3,OCNT-2310304,4,26,18,18,18,False,False,False
C3,OCNT-2310310,4,15,6,13,6,False,False,False
C3,OCNT-2310311,3,0,0,0,0,True,True,True
C3,OCNT-2310316,2,7,7,7,1,False,True,True
C3,OCNT-2310336,2,24,5,5,24,True,False,False
C3,OCNT-2310337,2,22,24,24,24,False,False,False
C3,OCNT-2310340,3,15,15,15,15,True,True,True
C3,OCNT-2310341,6,19,19,19,9,False,True,True
C3,OCNT-2310342,3,30,30,30,30,True,True,True
C3,OCNT-2310343,3,2,17,23,2,True,False,False
C3,OCNT-2310346,3,19,19,19,19,True,True,True
C3,OCNT-2310348,2,15,15,15,15,True,True,True
C3,OCNT-2310349,4,2,2,2,2,True,True,True
C3,OCNT-2310351,2,19,19,19,19,True,True,True
C3,OCNT-2310353,2,5,1,1,1,False,False,False
C3,OCNT-2310355,4,17,7,7,7,False,False,False
C3,OCNT-2310359,2,18,18,18,2,False,True,True
C3,OCNT-2310365,3,20,19,19,19,False,False,False
C3,OCNT-2310368,2,13,13,13,13,True,True,True
C3,OCNT-2310374,4,23,18,23,23,True,False,True
C3,OCNT-2310378,3,23,6,23,25,False,False,True
C3,OCNT-2310380,3,8,16,10,16,False,False,False
C3,OCNT-2310383,2,4,4,4,20,False,True,True
C3,OCNT-2310389,2,3,15,15,15,False,False,False
C3,OCNT-2310401,3,24,8,8,11,False,False,False
C3,OCNT-2310409,2,4,15,15,4,True,False,False
C3,OCNT-2310411,3,19,3,19,19,True,False,True
C3,OCNT-2310412,3,9,9,9,9,True,True,True
C3,OCNT-2310417,4,15,15,15,15,True,True,True
C3,OCNT-2310421,2,24,23,24,24,True,False,True
C3,OCNT-2310423,2,16,14,14,14,False,False,False
C3,OCNT-2310427,3,11,11,11,11,True,True,True
C3,OCNT-2310428,2,25,25,25,25,True,True,True
C3,OCNT-2310431,4,24,17,24,18,False,False,True
C3,OCNT-2310433,2,22,22,22,17,False,True,True
C3,OCNT-2310438,4,16,28,28,28,False,False,False
C3,OCNT-2310439,4,18,1,1,1,False,False,False
C3,OCNT-2310442,3,18,10,10,10,False,False,False
C3,OCNT-2310447,2,14,14,14,14,True,True,True
C3,OCNT-2310448,6,11,11,11,11,True,True,True
C3,OCNT-2310449,3,3,23,3,23,False,False,True
C3,OCNT-2310450,2,17,17,17,17,True,True,True
C3,OCNT-2310453,4,7,10,10,10,False,False,False
C3,OCNT-2310463,3,3,3,3,3,True,True,True
C3,OCNT-2310465,3,23,17,23,23,True,False,True
C3,OCNT-2310471,2,4,16,16,16,False,False,False
C3,OCNT-2310473,5,12,7,7,7,False,False,False
C3,OCNT-2310478,4,13,13,13,13,True,True,True
C3,OCNT-2310479,4,15,12,12,12,False,False,False
C3,OCNT-2310481,2,21,21,21,21,True,True,True
C3,OCNT-2310486,2,23,23,23,23,True,True,True
C3,OCNT-2310489,2,2,3,2,2,True,False,True
C3,OCNT-2310492,3,28,11,11,11,False,False,False
C3,OCNT-2310494,3,16,21,21,16,True,False,False
C3,OCNT-2310498,2,1,11,11,11,False,False,False
C3,OCNT-2310500,2,2,2,2,2,True,True,True
C3,OCNT-2310507,2,18,10,18,10,False,False,True
C3,OCNT-2310512,4,4,4,4,4,True,True,True
C3,OCNT-2310513,2,22,22,22,22,True,True,True
C3,OCNT-2310514,2,12,19,19,19,False,False,False
C3,OCNT-2310525,2,16,16,16,16,True,True,True
C3,OCNT-2310527,2,20,20,20,20,True,True,True
C3,OCNT-2310551,2,3,23,23,3,True,False,False
C3,OCNT-2310555,3,17,17,17,17,True,True,True
C3,OCNT-2310560,3,5,5,5,5,True,True,True
C3,OCNT-2310566,2,7,7,7,7,True,True,True
C3,OCNT-2310569,2,13,2,13,13,True,False,True
C3,OCNT-2310576,4,6,17,6,17,False,False,True
C3,OCNT-2310580,3,0,0,0,0,True,True,True
C3,OCNT-2310597,2,2,2,2,2,True,True,True
C3,OCNT-2310598,3,11,6,11,6,False,False,True
C3,OCNT-2310605,2,20,20,20,22,False,True,True
C3,OCNT-2310610,2,10,10,10,10,True,True,True
C3,OCNT-2310612,2,25,10,10,10,False,False,False
C3,OCNT-2310624,3,24,28,28,24,True,False,False
C3,OCNT-2310626,3,7,7,7,7,True,True,True
C3,OCNT-2310629,2,23,23,23,23,True,True,True
C3,OCNT-2310630,3,6,6,6,6,True,True,True
C3,OCNT-2310632,4,25,18,18,18,False,False,False
C3,OCNT-2310637,2,20,20,20,20,True,True,True
C3,OCNT-2310639,4,23,7,7,7,False,False,False
C3,OCNT-2310640,3,13,20,13,13,True,False,True
C3,OCNT-2310643,2,19,19,19,19,True,True,True
C3,OCNT-2310648,3,21,11,11,11,False,False,False
C3,OCNT-2310650,4,22,15,15,15,False,False,False
C3,OCNT-2310655,2,3,7,7,7,False,False,False
C3,OCNT-2310657,2,2,16,16,16,False,False,False
C3,OCNT-2310664,5,25,25,25,25,True,True,True
C3,OCNT-2310670,2,8,8,8,8,True,True,True
C3,OCNT-2310673,3,2,2,2,2,True,True,True
C3,OCNT-2310674,2,2,2,2,20,False,True,True
C3,OCNT-2310693,2,18,1,1,1,False,False,False
C3,OCNT-2310696,2,2,2,2,2,True,True,True
C3,OCNT-2310699,3,2,2,2,2,True,True,True
C3,OCNT-2310706,2,6,21,6,21,False,False,True
C3,OCNT-2310716,3,9,9,9,2,False,True,True
C3,OCNT-2310717,3,14,3,14,14,True,False,True
C3,OCNT-2310722,2,17,14,14,17,True,False,False
C3,OCNT-2310727,2,25,25,25,25,True,True,True
C3,OCNT-2310732,2,19,19,19,19,True,True,True
C3,OCNT-2310735,4,27,27,27,27,True,True,True
C3,OCNT-2310742,2,12,3,3,3,False,False,False
C3,OCNT-2310745,2,24,24,24,24,True,True,True
C3,OCNT-2310746,2,12,3,3,3,False,False,False
C3,OCNT-2310747,3,7,28,28,28,False,False,False
C3,OCNT-2310751,4,2,19,7,7,False,False,False
C3,OCNT-2310755,2,20,20,20,2,False,True,True
C3,OCNT-2310757,4,14,11,11,11,False,False,False
C3,OCNT-2310758,2,4,4,4,4,True,True,True
C3,OCNT-2310779,2,12,14,12,12,True,False,True
C3,OCNT-2310785,3,6,6,6,21,False,True,True
C3,OCNT-2310796,2,10,10,10,10,True,True,True
C3,OCNT-2310797,2,23,25,25,23,True,False,False
C3,OCNT-2310801,3,22,13,13,13,False,False,False
C3,OCNT-2310804,3,10,25,25,25,False,False,False
C3,OCNT-2310813,2,1,1,1,1,True,True,True
C3,OCNT-2310815,2,14,14,14,14,True,True,True
C3,OCNT-2310816,3,17,10,17,17,True,False,True
C3,OCNT-2310817,2,17,17,17,17,True,True,True
C3,OCNT-2310823,3,3,3,11,3,True,True,False
C3,OCNT-2310827,2,23,23,23,23,True,True,True
C3,OCNT-2310828,2,16,15,16,16,True,False,True
C3,OCNT-2310829,2,19,6,6,6,False,False,False
C3,OCNT-2310830,3,18,2,2,2,False,False,False
C3,OCNT-2310831,3,15,15,20,20,False,True,False
C3,OCNT-2310833,2,24,24,24,24,True,True,True
C3,OCNT-2310837,4,23,19,23,21,False,False,True
C3,OCNT-2310839,2,20,14,14,14,False,False,False
C3,OCNT-2310851,2,18,17,18,18,True,False,True
C3,OCNT-2310852,3,22,22,3,22,True,True,False
C3,OCNT-2310856,2,22,22,22,22,True,True,True
C3,OCNT-2310858,2,17,17,17,17,True,True,True
C3,OCNT-2310859,2,12,10,10,10,False,False,False
C3,OCNT-2310861,2,5,23,23,23,False,False,False
C3,OCNT-2310864,2,20,20,20,20,True,True,True
C3,OCNT-2310871,3,15,21,21,21,False,False,False
C3,OCNT-2310875,3,26,26,26,26,True,True,True
C3,OCNT-2310884,4,6,12,12,9,False,False,False
C3,OCNT-2310885,4,5,10,10,10,False,False,False
C3,OCNT-2310888,2,17,17,17,17,True,True,True
C3,OCNT-2310890,2,11,11,11,13,False,True,True
C3,OCNT-2310899,2,22,22,22,22,True,True,True
C3,OCNT-2310901,2,12,9,9,12,True,False,False
C3,OCNT-2310909,2,6,1,1,1,False,False,False
C3,OCNT-2310911,2,19,19,19,19,True,True,True
C3,OCNT-2310913,3,23,14,23,23,True,False,True
C3,OCNT-2310916,2,22,22,22,22,True,True,True
C3,OCNT-2310917,2,14,14,14,14,True,True,True
C3,OCNT-2310919,2,18,11,18,18,True,False,True
C3,OCNT-2310925,3,24,8,8,8,False,False,False
C3,OCNT-2310927,2,5,7,7,7,False,False,False
C3,OCNT-2310928,2,19,18,19,19,True,False,True
C3,OCNT-2310939,3,26,13,13,13,False,False,False
C3,OCNT-2310942,3,9,9,9,9,True,True,True
C3,OCNT-2310944,3,12,5,10,5,False,False,False
C3,OCNT-2310945,3,3,11,11,11,False,False,False
C3,OCNT-2310946,3,2,24,24,24,False,False,False
C3,OCNT-2310948,2,23,21,21,21,False,False,False
C3,OCNT-2310956,5,21,21,21,21,True,True,True
C3,OCNT-2310958,2,15,15,15,16,False,True,True
C3,OCNT-2310963,2,3,13,3,13,False,False,True
C3,OCNT-2310967,3,23,3,13,13,False,False,False
C3,OCNT-2310968,2,11,11,11,11,True,True,True
C3,OCNT-2310969,5,4,21,22,22,False,False,False
C3,OCNT-2310971,3,22,15,15,15,False,False,False
C3,OCNT-2310974,2,21,11,11,11,False,False,False
C3,OCNT-2310978,3,7,7,7,7,True,True,True
C3,OCNT-2310979,3,23,23,23,23,True,True,True
C3,OCNT-2310980,2,23,23,23,23,True,True,True
C3,OCNT-2310981,3,11,11,11,11,True,True,True
C3,OCNT-2310983,4,28,20,28,28,True,False,True
C3,OCNT-2310988,2,21,21,21,21,True,True,True
C3,OCNT-2310993,3,15,17,15,17,False,False,True
C3,OCNT-2310997,2,26,1,1,1,False,False,False
C3,OCNT-2311003,4,22,8,22,22,True,False,True
C3,OCNT-2311009,3,24,8,24,24,True,False,True
C3,OCNT-2311018,4,5,11,5,11,False,False,True
C3,OCNT-2311031,4,6,6,6,6,True,True,True
C3,OCNT-2311032,4,11,23,11,23,False,False,True
C3,OCNT-2311034,2,14,14,14,14,True,True,True
C3,OCNT-2311052,2,13,7,7,7,False,False,False
C3,OCNT-2311053,4,22,5,5,5,False,False,False
C3,OCNT-2311058,2,17,12,12,17,True,False,False
C3,OCNT-2311060,5,25,20,20,20,False,False,False
C3,OCNT-2311061,4,22,22,22,4,False,True,True
C3,OCNT-2311064,2,25,25,25,21,False,True,True
C3,OCNT-2311070,3,8,8,8,8,True,True,True
C3,OCNT-2311071,2,28,28,28,28,True,True,True
C3,OCNT-2311072,3,17,12,12,12,False,False,False
C3,OCNT-2311074,3,2,23,2,2,True,False,True
C3,OCNT-2311075,2,19,23,23,23,False,False,False
C3,OCNT-2311081,2,16,16,16,16,True,True,True
C3,OCNT-2311086,4,14,12,12,12,False,False,False
C3,OCNT-2311088,2,18,18,18,18,True,True,True
C3,OCNT-2311090,3,6,11,11,11,False,False,False
C3,OCNT-2311091,2,8,20,8,8,True,False,True
C3,OCNT-2311092,2,15,17,17,15,True,False,False
C3,OCNT-2311094,3,20,2,2,2,False,False,False
C3,OCNT-2311097,2,31,18,18,31,True,False,False
C3,OCNT-2311102,3,13,13,13,4,False,True,True
C3,OCNT-2311105,2,12,4,4,12,True,False,False
C3,OCNT-2311106,2,20,1,1,1,False,False,False
C3,OCNT-2311107,2,4,19,4,4,True,False,True
C3,OCNT-2311113,3,22,4,4,4,False,False,False
C3,OCNT-2311121,3,21,1,1,1,False,False,False
C3,OCNT-2311123,3,17,21,21,21,False,False,False
C3,OCNT-2311132,3,4,4,4,4,True,True,True
C3,OCNT-2311133,3,19,1,1,1,False,False,False
C3,OCNT-2311135,2,6,6,6,6,True,True,True
C3,OCNT-2311138,2,21,21,21,21,True,True,True
C3,OCNT-2311148,4,3,11,11,11,False,False,False
C3,OCNT-2311152,4,15,21,21,21,False,False,False
C3,OCNT-2311155,3,23,7,7,7,False,False,False
C3,OCNT-2311159,2,21,19,19,19,False,False,False
C3,OCNT-2311164,2,14,2,14,2,False,False,True
C3,OCNT-2311166,3,18,22,22,22,False,False,False
C3,OCNT-2311175,2,17,25,17,17,True,False,True
C3,OCNT-2311178,3,2,23,23,23,False,False,False
C3,OCNT-2311182,2,3,3,3,20,False,True,True
C3,OCNT-2311191,2,3,3,3,3,True,True,True
C3,OCNT-2311205,3,23,4,23,23,True,False,True
C3,OCNT-2311213,2,16,15,16,16,True,False,True
C3,OCNT-2311219,3,21,21,21,21,True,True,True
C3,OCNT-2311225,2,22,22,22,22,True,True,True
C3,OCNT-2311229,2,21,13,13,13,False,False,False
C3,OCNT-2311231,2,13,13,13,13,True,True,True
C3,OCNT-2311234,3,29,29,29,29,True,True,True
C3,OCNT-2311235,3,17,17,17,10,False,True,True
C3,OCNT-2311245,2,12,12,12,12,True,True,True
C3,OCNT-2311249,3,24,24,24,24,True,True,True
C3,OCNT-2311250,2,21,21,12,21,True,True,False
C3,OCNT-2311251,3,8,6,6,6,False,False,False
C3,OCNT-2311252,5,23,10,10,10,False,False,False
C3,OCNT-2311263,2,26,26,26,26,True,True,True
C3,OCNT-2311264,3,21,4,4,21,True,False,False
C3,OCNT-2311268,2,3,3,3,11,False,True,True
C3,OCNT-2311278,2,3,3,3,3,True,True,True
C3,OCNT-2311279,3,9,9,9,9,True,True,True
C3,OCNT-2311281,2,22,22,22,22,True,True,True
C3,OCNT-2311282,2,24,24,24,24,True,True,True
C3,OCNT-2311283,4,6,19,19,19,False,False,False
C3,OCNT-2311287,3,18,13,13,16,False,False,False
C3,OCNT-2311293,3,16,14,14,14,False,False,False
C3,OCNT-2311303,3,23,23,23,17,False,True,True
C3,OCNT-2311311,3,5,20,20,8,False,False,False
C3,OCNT-2311317,4,15,24,6,24,False,False,False
C3,OCNT-2311325,3,18,22,18,18,True,False,True
C3,OCNT-2311328,3,4,18,18,4,True,False,False
C3,OCNT-2311335,2,13,13,13,13,True,True,True
C3,OCNT-2311336,3,11,21,21,21,False,False,False
C3,OCNT-2311337,2,21,15,21,21,True,False,True
C3,OCNT-2311343,2,4,4,4,4,True,True,True
C3,OCNT-2311351,2,6,6,6,6,True,True,True
C3,OCNT-2311357,2,4,4,4,2,False,True,True
C3,OCNT-2311372,2,3,11,11,11,False,False,False
C3,OCNT-2311381,2,21,15,15,15,False,False,False
C3,OCNT-2311387,3,17,14,17,14,False,False,True
C3,OCNT-2311392,4,9,19,9,4,False,False,True
C3,OCNT-2311393,4,23,23,23,5,False,True,True
C3,OCNT-2311397,2,17,17,17,17,True,True,True
C3,OCNT-2311405,2,6,6,6,6,True,True,True
C3,OCNT-2311413,3,8,2,8,2,False,False,True
C3,OCNT-2311414,4,13,13,13,8,False,True,True
C3,OCNT-2311427,2,19,19,19,19,True,True,True
C3,OCNT-2311438,3,7,17,17,17,False,False,False
C3,OCNT-2311440,3,2,28,2,2,True,False,True
C3,OCNT-2311447,2,18,18,18,18,True,True,True
C3,OCNT-2311450,3,12,12,12,12,True,True,True
C3,OCNT-2311453,2,22,22,22,22,True,True,True
C3,OCNT-2311462,4,9,23,9,23,False,False,True
C3,OCNT-2311473,3,12,22,22,22,False,False,False
C3,OCNT-2311478,2,22,22,10,10,False,True,False
C3,OCNT-2311487,2,21,21,21,21,True,True,True
C3,OCNT-2311488,2,13,8,13,13,True,False,True
C3,OCNT-2311489,2,20,20,20,20,True,True,True
C3,OCNT-2311493,2,2,25,25,2,True,False,False
C3,OCNT-2311500,2,17,17,17,17,True,True,True
C3,OCNT-2311507,2,13,13,13,13,True,True,True
C3,OCNT-2311516,2,18,7,7,7,False,False,False
C3,OCNT-2311523,2,6,11,6,11,False,False,True
C3,OCNT-2311525,2,20,7,7,7,False,False,False
C3,OCNT-2311532,2,2,2,2,2,True,True,True
C3,OCNT-2311534,3,19,19,19,19,True,True,True
C3,OCNT-2311547,4,20,20,20,20,True,True,True
C3,OCNT-2311552,3,8,22,8,22,False,False,True
C3,OCNT-2311554,2,13,13,13,3,False,True,True
C3,OCNT-2311556,2,17,17,17,17,True,True,True
C3,OCNT-2311562,2,18,18,18,18,True,True,True
C3,OCNT-2311565,2,20,20,20,20,True,True,True
C3,OCNT-2311571,4,4,4,4,4,True,True,True
C3,OCNT-2311573,2,17,21,17,21,False,False,True
C3,OCNT-2311582,2,20,20,20,20,True,True,True
C3,OCNT-2311590,2,19,2,2,2,False,False,False
C3,OCNT-2311592,2,17,17,17,17,True,True,True
C3,OCNT-2311596,2,13,13,13,6,False,True,True
C3,OCNT-2311600,3,17,17,20,17,True,True,False
C3,OCNT-2311602,3,18,3,2,18,True,False,False
C3,OCNT-2311604,4,3,7,7,7,False,False,False
C3,OCNT-2311610,2,5,15,15,15,False,False,False
C3,OCNT-2311617,4,23,23,23,23,True,True,True
C3,OCNT-2311619,2,5,5,5,5,True,True,True
C3,OCNT-2311621,2,19,19,19,19,True,True,True
C3,OCNT-2311626,2,4,9,9,9,False,False,False
C3,OCNT-2311629,2,20,20,20,20,True,True,True
C3,OCNT-2311633,2,20,5,5,5,False,False,False
C3,OCNT-2311634,2,19,1,19,1,False,False,True
C3,OCNT-2311636,6,16,11,11,11,False,False,False
C3,OCNT-2311638,3,11,11,11,11,True,True,True
C3,OCNT-2311644,4,19,12,12,12,False,False,False
C3,OCNT-2311651,4,21,8,21,8,False,False,True
C3,OCNT-2311652,2,17,17,17,17,True,True,True
C3,OCNT-2311655,2,13,20,13,13,True,False,True
C3,OCNT-2311669,3,12,12,12,12,True,True,True
C3,OCNT-2311674,3,8,8,8,8,True,True,True
C3,OCNT-2311676,2,11,11,11,11,True,True,True
C3,OCNT-2311678,2,20,20,20,20,True,True,True
C3,OCNT-2311683,2,13,13,13,13,True,True,True
C3,OCNT-2311686,2,21,21,21,21,True,True,True
C3,OCNT-2311688,2,12,12,12,12,True,True,True
C3,OCNT-2311722,2,17,17,17,17,True,True,True
C3,OCNT-2311724,4,14,14,14,14,True,True,True
C3,OCNT-2311727,2,13,13,13,13,True,True,True
C3,OCNT-2311728,2,11,11,11,11,True,True,True
C3,OCNT-2311730,3,2,2,2,2,True,True,True
C3,OCNT-2311731,2,14,14,14,14,True,True,True
C3,OCNT-2311732,2,18,18,18,18,True,True,True
C3,OCNT-2311745,4,11,2,11,14,False,False,True
C3,OCNT-2311748,3,12,24,15,12,True,False,False
C3,OCNT-2311751,3,21,21,21,21,True,True,True
C3,OCNT-2311752,2,24,24,24,24,True,True,True
C3,OCNT-2311754,4,14,5,5,5,False,False,False
C3,OCNT-2311758,4,22,18,4,4,False,False,False
C3,OCNT-2311762,3,23,21,21,21,False,False,False
C3,OCNT-2311765,2,12,12,12,12,True,True,True
C3,OCNT-2311766,3,10,10,10,10,True,True,True
C3,OCNT-2311769,5,10,19,19,1,False,False,False
C3,OCNT-2311771,2,5,5,5,5,True,True,True
C3,OCNT-2311773,4,11,9,11,9,False,False,True
C3,OCNT-2311780,2,19,19,19,25,False,True,True
C3,OCNT-2311781,3,12,12,12,7,False,True,True
C3,OCNT-2311783,2,15,15,15,15,True,True,True
C3,OCNT-2311787,3,22,2,2,22,True,False,False
C3,OCNT-2311794,2,9,2,9,9,True,False,True
C3,OCNT-2311800,2,7,12,12,12,False,False,False
C3,OCNT-2311802,3,5,7,7,7,False,False,False
C3,OCNT-2311804,4,2,14,14,14,False,False,False
C3,OCNT-2311805,2,9,9,9,9,True,True,True
C3,OCNT-2311807,2,3,24,24,3,True,False,False
C3,OCNT-2311808,2,17,17,17,17,True,True,True
C3,OCNT-2311815,3,13,8,8,13,True,False,False
C3,OCNT-2311816,2,20,20,20,20,True,True,True
C3,OCNT-2311822,2,18,18,18,18,True,True,True
C3,OCNT-2311823,2,20,20,20,20,True,True,True
C3,OCNT-2311829,3,7,7,7,7,True,True,True
C3,OCNT-2311830,3,6,6,6,6,True,True,True
C3,OCNT-2311831,2,16,13,16,13,False,False,True
C3,OCNT-2311839,5,22,22,22,22,True,True,True
C3,OCNT-2311844,2,7,7,7,7,True,True,True
C3,OCNT-2311846,2,24,24,24,24,True,True,True
C3,OCNT-2311849,2,15,2,2,2,False,False,False
C3,OCNT-2311862,2,25,25,25,25,True,True,True
C3,OCNT-2311871,3,16,14,16,14,False,False,True
C3,OCNT-2311873,4,10,23,23,10,True,False,False
C3,OCNT-2311888,2,2,2,2,15,False,True,True
C3,OCNT-2311889,2,11,12,12,12,False,False,False
C3,OCNT-2311890,2,5,21,21,21,False,False,False
C3,OCNT-2311892,3,12,12,12,12,True,True,True
C3,OCNT-2311899,2,14,25,14,25,False,False,True
C3,OCNT-2311902,2,26,26,26,26,True,True,True
C3,OCNT-2311905,4,17,21,21,21,False,False,False
C3,OCNT-2311907,2,5,5,5,5,True,True,True
C3,OCNT-2311909,3,22,5,5,5,False,False,False
C3,OCNT-2311915,2,15,15,15,15,True,True,True
C3,OCNT-2311935,4,15,15,15,15,True,True,True
C3,OCNT-2311948,2,20,20,20,20,True,True,True
C3,OCNT-2311950,3,13,13,13,13,True,True,True
C3,OCNT-2311955,4,4,4,4,4,True,True,True
C3,OCNT-2311958,2,7,7,7,7,True,True,True
C3,OCNT-2311961,2,14,21,21,21,False,False,False
C3,OCNT-2311962,2,14,14,14,14,True,True,True
C3,OCNT-2311967,2,0,0,0,0,True,True,True
C3,OCNT-2311975,2,14,14,14,1,False,True,True
C3,OCNT-2311976,2,13,13,13,13,True,True,True
C3,OCNT-2311984,2,21,18,18,18,False,False,False
C3,OCNT-2311985,3,17,19,19,17,True,False,False
C3,OCNT-2311986,3,15,20,20,20,False,False,False
C3,OCNT-2311994,3,5,17,17,17,False,False,False
C3,OCNT-2312009,3,18,16,16,16,False,False,False
C3,OCNT-2312011,3,9,9,9,9,True,True,True
C3,OCNT-2312014,2,16,16,16,16,True,True,True
C3,OCNT-2312015,2,11,11,11,11,True,True,True
C3,OCNT-2312016,3,14,17,17,17,False,False,False
C3,OCNT-2312020,2,13,13,13,13,True,True,True
C3,OCNT-2312021,3,17,22,17,17,True,False,True
C3,OCNT-2312027,2,25,19,19,19,False,False,False
C3,OCNT-2312029,2,10,10,10,10,True,True,True
C3,OCNT-2312033,2,22,22,22,22,True,True,True
C3,OCNT-2312041,3,19,24,19,24,False,False,True
C3,OCNT-2312044,2,21,15,15,15,False,False,False
C3,OCNT-2312047,4,13,13,13,13,True,True,True
C3,OCNT-2312048,3,8,8,8,8,True,True,True
C3,OCNT-2312049,4,3,23,3,23,False,False,True
C3,OCNT-2312053,3,20,17,20,17,False,False,True
C3,OCNT-2312058,2,19,18,19,19,True,False,True
C3,OCNT-2312061,3,25,2,25,2,False,False,True
C3,OCNT-2312062,3,19,19,19,19,True,True,True
C3,OCNT-2312063,3,21,23,23,23,False,False,False
C3,OCNT-2312069,3,0,0,0,0,True,True,True
C3,OCNT-2312071,2,15,15,15,15,True,True,True
C3,OCNT-2312083,3,21,18,21,18,False,False,True
C3,OCNT-2312085,2,20,20,20,20,True,True,True
C3,OCNT-2312087,2,22,22,22,22,True,True,True
C3,OCNT-2312089,4,14,11,11,11,False,False,False
C3,OCNT-2312094,2,8,23,23,23,False,False,False
C3,OCNT-2312095,2,10,10,10,10,True,True,True
C3,OCNT-2312096,5,10,10,10,10,True,True,True
C3,OCNT-2312098,4,14,14,14,1,False,True,True
C3,OCNT-2312099,3,12,12,12,12,True,True,True
C3,OCNT-2312101,2,22,22,22,22,True,True,True
C3,OCNT-2312102,4,17,9,9,9,False,False,False
C3,OCNT-2312103,2,5,5,5,5,True,True,True
C3,OCNT-2312104,2,11,23,23,23,False,False,False
C3,OCNT-2312106,3,3,3,3,17,False,True,True
C3,OCNT-2312107,4,9,16,9,9,True,False,True
C3,OCNT-2312110,5,20,17,17,17,False,False,False
C3,OCNT-2312113,2,7,16,16,16,False,False,False
C3,OCNT-2312118,2,7,18,18,18,False,False,False
C3,OCNT-2312122,3,13,22,13,13,True,False,True
C3,OCNT-2312131,3,11,11,11,11,True,True,True
C3,OCNT-2312136,3,7,3,3,3,False,False,False
C3,OCNT-2312140,3,13,13,13,13,True,True,True
C3,OCNT-2312148,2,10,16,16,16,False,False,False
C3,OCNT-2312150,4,20,18,18,18,False,False,False
C3,OCNT-2312154,2,18,23,18,18,True,False,True
C3,OCNT-2312161,2,9,9,9,9,True,True,True
C3,OCNT-2312162,2,9,11,11,11,False,False,False
C3,OCNT-2312165,5,2,2,2,2,True,True,True
C3,OCNT-2312173,2,22,22,22,22,True,True,True
C3,OCNT-2312174,2,11,20,11,11,True,False,True
C3,OCNT-2312189,4,19,8,8,19,True,False,False
C3,OCNT-2312191,3,4,9,4,4,True,False,True
C3,OCNT-2312197,2,10,6,10,10,True,False,True
C3,OCNT-2312206,4,23,10,23,23,True,False,True
C3,OCNT-2312208,4,4,20,4,15,False,False,True
C3,OCNT-2312211,2,20,20,20,20,True,True,True
C3,OCNT-2312217,3,22,22,22,22,True,True,True
C3,OCNT-2312218,3,20,18,20,20,True,False,True
C3,OCNT-2312222,3,5,5,5,6,False,True,True
C3,OCNT-2312226,3,13,13,13,13,True,True,True
C3,OCNT-2312230,2,11,11,11,5,False,True,True
C3,OCNT-2312233,2,8,8,8,8,True,True,True
C3,OCNT-2312235,2,17,15,15,15,False,False,False
C3,OCNT-2312237,3,25,25,25,25,True,True,True
C3,OCNT-2312240,3,0,0,0,0,True,True,True
C3,OCNT-2312244,2,5,5,5,5,True,True,True
C3,OCNT-2312247,2,6,6,6,6,True,True,True
C3,OCNT-2312252,4,14,14,14,14,True,True,True
C3,OCNT-2312267,3,4,12,12,12,False,False,False
C3,OCNT-2312272,3,18,23,23,23,False,False,False
C3,OCNT-2312278,2,5,20,5,5,True,False,True
C3,OCNT-2312281,2,12,16,16,12,True,False,False
C3,OCNT-2312285,4,5,5,5,19,False,True,True
C3,OCNT-2312286,3,13,13,13,13,True,True,True
C3,OCNT-2312288,3,11,20,11,11,True,False,True
C3,OCNT-2312291,2,3,3,3,22,False,True,True
C3,OCNT-2312293,3,16,16,16,16,True,True,True
C3,OCNT-2312301,3,2,22,22,14,False,False,False
C3,OCNT-2312302,2,26,26,26,7,False,True,True
C3,OCNT-2312311,3,9,9,9,9,True,True,True
C3,OCNT-2312312,2,25,12,12,12,False,False,False
C3,OCNT-2312316,3,16,16,16,16,True,True,True
C3,OCNT-2312317,2,5,22,5,22,False,False,True
C3,OCNT-2312329,3,19,19,19,19,True,True,True
C3,OCNT-2312342,2,14,21,14,21,False,False,True
C3,OCNT-2312348,2,18,16,16,16,False,False,False
C3,OCNT-2312355,3,20,13,13,13,False,False,False
C3,OCNT-2312358,3,18,18,18,18,True,True,True
C3,OCNT-2312363,2,7,15,15,7,True,False,False
C3,OCNT-2312364,4,0,0,0,0,True,True,True
C3,OCNT-2312368,3,24,18,18,18,False,False,False
C3,OCNT-2312373,5,24,24,24,25,False,True,True
C3,OCNT-2312376,3,2,20,20,20,False,False,False
C3,OCNT-2312377,2,22,14,14,14,False,False,False
C3,OCNT-2312382,3,6,13,6,13,False,False,True
C3,OCNT-2312384,3,17,14,14,14,False,False,False
C3,OCNT-2312387,2,12,12,12,12,True,True,True
C3,OCNT-2312388,3,21,14,14,21,True,False,False
C3,OCNT-2312389,2,16,13,13,16,True,False,False
C3,OCNT-2312392,2,21,21,21,21,True,True,True
C3,OCNT-2312397,3,6,6,6,22,False,True,True
C3,OCNT-2312400,2,12,12,12,26,False,True,True
C3,OCNT-2312401,3,7,14,14,14,False,False,False
C3,OCNT-2312402,2,13,13,13,13,True,True,True
C3,OCNT-2312403,2,6,6,6,6,True,True,True
C3,OCNT-2312404,2,8,21,21,21,False,False,False
C3,OCNT-2312407,2,5,5,5,19,False,True,True
C3,OCNT-2312409,4,16,16,16,16,True,True,True
C3,OCNT-2312410,5,15,1,1,4,False,False,False
C3,OCNT-2312411,2,8,21,21,21,False,False,False
C3,OCNT-2312414,2,4,4,4,5,False,True,True
C3,OCNT-2312415,3,13,13,13,13,True,True,True
C3,OCNT-2312417,3,20,4,20,20,True,False,True
C3,OCNT-2312418,2,15,17,17,15,True,False,False
C3,OCNT-2312420,2,20,7,20,7,False,False,True
C3,OCNT-2312429,3,0,0,0,0,True,True,True
C3,OCNT-2312442,2,6,6,6,6,True,True,True
C3,OCNT-2312444,2,19,20,19,19,True,False,True
C3,OCNT-2312448,3,13,13,13,13,True,True,True
C3,OCNT-2312454,2,4,4,4,4,True,True,True
C3,OCNT-2312462,2,2,5,5,5,False,False,False
C3,OCNT-2312463,3,4,4,9,9,False,True,False
C3,OCNT-2312476,2,20,19,20,19,False,False,True
C3,OCNT-2312480,5,23,11,11,23,True,False,False
C3,OCNT-2312495,2,7,7,7,7,True,True,True
C3,OCNT-2312497,3,10,10,10,10,True,True,True
C3,OCNT-2312510,3,22,30,30,30,False,False,False
C3,OCNT-2312511,3,4,4,4,4,True,True,True
C3,OCNT-2312517,2,14,9,9,9,False,False,False
C3,OCNT-2312522,5,10,15,15,15,False,False,False
C3,OCNT-2312525,5,6,23,23,6,True,False,False
C3,OCNT-2312526,2,16,7,7,7,False,False,False
C3,OCNT-2312527,2,12,10,10,10,False,False,False
C3,OCNT-2312529,2,9,19,9,9,True,False,True
C3,OCNT-2312530,2,7,22,22,7,True,False,False
C3,OCNT-2312554,2,21,21,21,21,True,True,True
C3,OCNT-2312555,2,25,3,3,25,True,False,False
C3,OCNT-2312558,2,4,4,4,4,True,True,True
C3,OCNT-2312559,4,0,0,0,0,True,True,True
C3,OCNT-2312567,2,23,3,3,3,False,False,False
C3,OCNT-2312581,2,19,19,19,19,True,True,True
C3,OCNT-2312592,3,17,17,17,17,True,True,True
C3,OCNT-2312594,2,14,6,6,6,False,False,False
C3,OCNT-2312600,2,2,12,2,12,False,False,True
C3,OCNT-2312601,5,13,11,13,11,False,False,True
C3,OCNT-2312608,3,21,21,21,21,True,True,True
C3,OCNT-2312612,2,9,9,9,22,False,True,True
C3,OCNT-2312617,2,21,5,5,5,False,False,False
C3,OCNT-2312624,3,20,20,20,20,True,True,True
C3,OCNT-2312626,2,6,6,6,6,True,True,True
C3,OCNT-2312638,2,12,12,12,12,True,True,True
C3,OCNT-2312658,3,21,21,21,21,True,True,True
C3,OCNT-2312662,2,17,17,17,17,True,True,True
C3,OCNT-2312668,2,3,3,3,3,True,True,True
C3,OCNT-2312691,3,23,10,23,23,True,False,True
C3,OCNT-2312697,3,21,21,21,21,True,True,True
C3,OCNT-2312701,2,21,21,21,21,True,True,True
C3,OCNT-2312702,3,16,5,5,20,False,False,False
C3,OCNT-2312704,3,5,15,15,15,False,False,False
C3,OCNT-2312712,2,23,23,23,23,True,True,True
C3,OCNT-2312713,3,17,2,2,2,False,False,False
C3,OCNT-2312720,2,16,16,16,16,True,True,True
C3,OCNT-2312722,2,14,14,14,14,True,True,True
C3,OCNT-2312728,2,19,13,19,13,False,False,True
C3,OCNT-2312730,2,19,2,2,2,False,False,False
C3,OCNT-2312731,2,18,8,8,8,False,False,False
C3,OCNT-2312735,4,12,14,14,14,False,False,False
C3,OCNT-2312737,2,17,16,17,16,False,False,True
C3,OCNT-2312740,4,20,20,20,20,True,True,True
C3,OCNT-2312741,3,12,12,12,12,True,True,True
C3,OCNT-2312742,2,23,23,23,23,True,True,True
C3,OCNT-2312743,2,22,22,22,22,True,True,True
C3,OCNT-2312754,3,17,2,2,2,False,False,False
C3,OCNT-2312760,4,13,7,13,7,False,False,True
C3,OCNT-2312772,2,19,19,19,19,True,True,True
C3,OCNT-2312773,2,16,16,16,16,True,True,True
C3,OCNT-2312776,2,13,16,13,13,True,False,True
C3,OCNT-2312781,2,17,12,12,12,False,False,False
C3,OCNT-2312783,2,21,3,21,21,True,False,True
C3,OCNT-2312787,3,12,12,12,12,True,True,True
C3,OCNT-2312791,3,12,12,12,12,True,True,True
C3,OCNT-2312794,3,15,23,23,23,False,False,False
C3,OCNT-2312795,2,10,10,10,10,True,True,True
C3,OCNT-2312797,3,19,17,4,17,False,False,False
C3,OCNT-2312807,2,8,8,8,8,True,True,True
C3,OCNT-2312808,2,3,17,3,17,False,False,True
C3,OCNT-2312826,4,22,22,22,13,False,True,True
C3,OCNT-2312830,2,18,18,18,18,True,True,True
C3,OCNT-2312831,2,13,22,22,13,True,False,False
C3,OCNT-2312832,3,15,10,10,10,False,False,False
C3,OCNT-2312836,2,16,20,20,20,False,False,False
C3,OCNT-2312850,2,22,22,22,22,True,True,True
C3,OCNT-2312853,2,25,25,25,22,False,True,True
C3,OCNT-2312856,4,4,4,4,4,True,True,True
C3,OCNT-2312859,4,3,10,10,10,False,False,False
C3,OCNT-2312862,2,9,8,9,8,False,False,True
C3,OCNT-2312865,2,21,21,21,25,False,True,True
C3,OCNT-2312866,4,2,2,2,2,True,True,True
C3,OCNT-2312873,3,21,21,21,21,True,True,True
C3,OCNT-2312874,3,4,20,20,20,False,False,False
C3,OCNT-2312890,2,13,13,13,13,True,True,True
C3,OCNT-2312894,3,11,13,13,11,True,False,False
C3,OCNT-2312903,3,12,3,3,3,False,False,False
C3,OCNT-2312924,2,5,5,5,13,False,True,True
C3,OCNT-2312925,3,15,6,13,6,False,False,False
C3,OCNT-2312929,2,3,3,3,3,True,True,True
C3,OCNT-2312932,3,8,8,22,22,False,True,False
C3,OCNT-2312941,2,10,10,10,10,True,True,True
C3,OCNT-2312947,2,27,27,27,27,True,True,True
C3,OCNT-2312952,2,5,6,6,6,False,False,False
C3,OCNT-2312955,2,17,17,17,17,True,True,True
C3,OCNT-2312959,2,20,20,20,2,False,True,True
C3,OCNT-2312969,2,18,15,18,18,True,False,True
C3,OCNT-2312973,3,17,17,17,4,False,True,True
C3,OCNT-2312974,3,13,13,13,13,True,True,True
C3,OCNT-2312975,2,5,17,17,17,False,False,False
C3,OCNT-2312980,2,3,3,3,4,False,True,True
C3,OCNT-2312985,2,15,15,15,15,True,True,True
C3,OCNT-2312986,2,14,14,14,14,True,True,True
C3,OCNT-2312995,3,6,0,6,0,False,False,True
C3,OCNT-2313008,2,14,15,15,14,True,False,False
C3,OCNT-2313012,5,2,2,2,2,True,True,True
C3,OCNT-2313013,2,2,2,2,2,True,True,True
C3,OCNT-2313014,4,14,20,20,14,True,False,False
C3,OCNT-2313018,3,20,1,1,1,False,False,False
C3,OCNT-2313019,3,4,4,4,4,True,True,True
C3,OCNT-2313023,2,29,29,29,29,True,True,True
C3,OCNT-2313024,6,15,15,15,15,True,True,True
C3,OCNT-2313035,4,18,11,11,11,False,False,False
C3,OCNT-2313037,2,7,13,7,13,False,False,True
C3,OCNT-2313040,2,4,4,4,7,False,True,True
C3,OCNT-2313046,2,7,10,10,10,False,False,False
C3,OCNT-2313053,4,0,0,0,0,True,True,True
C3,OCNT-2313058,2,18,7,7,7,False,False,False
C3,OCNT-2313065,3,22,14,14,14,False,False,False
C3,OCNT-2313067,2,16,13,13,13,False,False,False
C3,OCNT-2313078,5,0,0,0,0,True,True,True
C3,OCNT-2313080,2,7,19,19,19,False,False,False
C3,OCNT-2313085,2,0,0,0,0,True,True,True
C3,OCNT-2313088,3,15,15,15,15,True,True,True
C3,OCNT-2313093,3,15,15,15,15,True,True,True
C3,OCNT-2313096,3,16,17,17,16,True,False,False
C3,OCNT-2313097,3,22,10,10,10,False,False,False
C3,OCNT-2313098,2,21,21,21,21,True,True,True
C3,OCNT-2313099,2,13,16,13,16,False,False,True
C3,OCNT-2313101,3,0,0,0,0,True,True,True
C3,OCNT-2313109,3,23,23,23,23,True,True,True
C3,OCNT-2313111,2,2,2,2,13,False,True,True
C3,OCNT-2313113,2,10,9,10,10,True,False,True
C3,OCNT-2313115,2,22,14,14,14,False,False,False
C3,OCNT-2313117,3,3,23,23,23,False,False,False
C3,OCNT-2313118,2,18,18,18,18,True,True,True
C3,OCNT-2313120,3,18,18,18,18,True,True,True
C3,OCNT-2313122,2,17,17,17,17,True,True,True
C3,OCNT-2313128,3,21,4,21,15,False,False,True
C3,OCNT-2313133,3,17,20,20,20,False,False,False
C3,OCNT-2313134,3,23,15,15,23,True,False,False
C3,OCNT-2313136,2,14,14,14,14,True,True,True
C3,OCNT-2313141,2,7,7,7,7,True,True,True
C3,OCNT-2313143,3,2,2,2,19,False,True,True
C3,OCNT-2313145,4,0,0,0,0,True,True,True
C3,OCNT-2313155,2,6,8,8,8,False,False,False
C3,OCNT-2313157,4,24,22,22,22,False,False,False
C3,OCNT-2313161,4,12,21,12,12,True,False,True
C3,OCNT-2313164,3,11,21,11,21,False,False,True
C3,OCNT-2313173,6,17,23,17,17,True,False,True
C3,OCNT-2313177,2,18,18,18,7,False,True,True
C3,OCNT-2313183,2,16,15,15,16,True,False,False
C3,OCNT-2313184,3,19,19,11,19,True,True,False
C3,OCNT-2313185,4,6,4,4,4,False,False,False
C3,OCNT-2313193,3,22,22,7,22,True,True,False
C3,OCNT-2313195,3,10,10,10,10,True,True,True
C3,OCNT-2313203,2,13,13,13,13,True,True,True
C3,OCNT-2313211,2,2,13,13,13,False,False,False
C3,OCNT-2313216,2,5,5,5,5,True,True,True
C3,OCNT-2313220,3,16,15,16,10,False,False,True
C3,OCNT-2313221,2,21,21,21,13,False,True,True
C3,OCNT-2313224,2,8,5,8,8,True,False,True
C3,OCNT-2313225,2,4,24,4,4,True,False,True
C3,OCNT-2313237,3,23,17,17,17,False,False,False
C3,OCNT-2313241,2,23,23,23,23,True,True,True
C3,OCNT-2313243,3,5,21,20,5,True,False,False
C3,OCNT-2313251,2,11,11,11,11,True,True,True
C3,OCNT-2313255,2,17,21,21,17,True,False,False
C3,OCNT-2313258,4,5,5,5,23,False,True,True
C3,OCNT-2313260,3,11,15,11,11,True,False,True
C3,OCNT-2313273,3,4,4,4,4,True,True,True
C3,OCNT-2313274,3,10,0,10,10,True,False,True
C3,OCNT-2313277,2,23,17,17,17,False,False,False
C3,OCNT-2313279,2,14,14,14,14,True,True,True
C3,OCNT-2313287,3,19,19,19,3,False,True,True
C3,OCNT-2313297,2,25,25,25,25,True,True,True
C3,OCNT-2313299,3,10,10,10,10,True,True,True
C3,OCNT-2313325,2,28,28,28,28,True,True,True
C3,OCNT-2313326,3,4,24,24,24,False,False,False
C3,OCNT-2313335,2,22,22,22,22,True,True,True
C3,OCNT-2313361,2,9,8,8,9,True,False,False
C3,OCNT-2313362,2,10,10,10,10,True,True,True
C3,OCNT-2313365,2,18,8,18,8,False,False,True
C3,OCNT-2313366,3,20,2,2,2,False,False,False
C3,OCNT-2313367,3,5,12,5,5,True,False,True
C3,OCNT-2313368,2,9,9,9,9,True,True,True
C3,OCNT-2313377,2,4,24,4,24,False,False,True
C3,OCNT-2313388,2,16,16,16,16,True,True,True
C3,OCNT-2313389,4,17,8,8,8,False,False,False
C3,OCNT-2313394,2,19,19,19,19,True,True,True
C3,OCNT-2313400,4,0,0,0,0,True,True,True
C3,OCNT-2313401,2,18,20,20,20,False,False,False
C3,OCNT-2313403,2,23,23,23,23,True,True,True
C3,OCNT-2313424,2,9,7,7,7,False,False,False
C3,OCNT-2313427,2,16,20,20,16,True,False,False
C3,OCNT-2313433,3,20,13,13,13,False,False,False
C3,OCNT-2313441,3,0,0,0,0,True,True,True
C3,OCNT-2313460,3,3,3,3,3,True,True,True
C3,OCNT-2313470,3,26,21,21,21,False,False,False
C3,OCNT-2313472,2,22,22,22,22,True,True,True
C3,OCNT-2313474,3,13,9,9,9,False,False,False
C3,OCNT-2313475,4,5,7,7,7,False,False,False
C3,OCNT-2313477,2,13,21,21,21,False,False,False
C3,OCNT-2313486,4,18,10,10,10,False,False,False
C3,OCNT-2313504,3,13,15,15,15,False,False,False
C3,OCNT-2313506,2,21,10,10,21,True,False,False
C3,OCNT-2313512,2,5,5,5,5,True,True,True
C3,OCNT-2313515,2,9,9,9,9,True,True,True
C3,OCNT-2313520,3,22,22,22,22,True,True,True
C3,OCNT-2313521,2,10,4,4,4,False,False,False
C3,OCNT-2313529,3,3,26,3,3,True,False,True
C3,OCNT-2313532,2,22,22,6,22,True,True,False
C3,OCNT-2313537,2,13,13,13,13,True,True,True
C3,OCNT-2313538,3,5,17,5,21,False,False,True
C3,OCNT-2313539,2,7,7,7,7,True,True,True
C3,OCNT-2313553,3,5,5,5,5,True,True,True
C3,OCNT-2313554,2,17,17,17,17,True,True,True
C3,OCNT-2313558,2,3,3,3,3,True,True,True
C3,OCNT-2313560,4,17,21,17,21,False,False,True
C3,OCNT-2313567,4,22,3,3,19,False,False,False
C3,OCNT-2313571,2,17,17,17,17,True,True,True
C3,OCNT-2313573,2,28,10,10,28,True,False,False
C3,OCNT-2313581,2,16,18,18,18,False,False,False
C3,OCNT-2313594,4,5,21,21,21,False,False,False
C3,OCNT-2313596,3,25,23,23,23,False,False,False
C3,OCNT-2313597,2,19,19,19,19,True,True,True
C3,OCNT-2313612,2,22,4,4,22,True,False,False
C3,OCNT-2313616,2,20,5,5,5,False,False,False
C3,OCNT-2313618,2,20,20,20,20,True,True,True
C3,OCNT-2313623,2,15,22,15,22,False,False,True
C3,OCNT-2313625,2,6,13,6,6,True,False,True
C3,OCNT-2313638,3,21,15,15,15,False,False,False
C3,OCNT-2313639,2,19,15,19,19,True,False,True
C3,OCNT-2313641,2,15,15,15,15,True,True,True
C3,OCNT-2313642,2,2,2,2,17,False,True,True
C3,OCNT-2313643,2,11,11,11,26,False,True,True
C3,OCNT-2313644,2,3,3,3,3,True,True,True
C3,OCNT-2313647,3,15,15,15,15,True,True,True
C3,OCNT-2313666,2,16,8,8,8,False,False,False
C3,OCNT-2313667,3,4,18,18,13,False,False,False
C3,OCNT-2313672,2,5,5,5,5,True,True,True
C3,OCNT-2313679,3,17,4,4,4,False,False,False
C3,OCNT-2313682,2,13,18,18,18,False,False,False
C3,OCNT-2313685,2,2,2,2,2,True,True,True
C3,OCNT-2313689,3,2,2,2,2,True,True,True
C3,OCNT-2313693,2,20,20,20,20,True,True,True
C3,OCNT-2313694,2,15,15,15,15,True,True,True
C3,OCNT-2313720,3,12,12,12,21,False,True,True
C3,OCNT-2313721,3,7,7,7,7,True,True,True
C3,OCNT-2313726,2,17,17,17,17,True,True,True
C3,OCNT-2313732,2,20,20,20,20,True,True,True
C3,OCNT-2313740,4,4,7,7,7,False,False,False
C3,OCNT-2313747,3,2,2,2,2,True,True,True
C3,OCNT-2313748,3,23,23,23,23,True,True,True
C3,OCNT-2313756,2,19,13,13,13,False,False,False
C3,OCNT-2313761,4,19,1,1,1,False,False,False
C3,OCNT-2313767,2,2,2,2,26,False,True,True
C3,OCNT-2313771,3,5,5,5,5,True,True,True
C3,OCNT-2313778,2,9,9,9,9,True,True,True
C3,OCNT-2313785,2,27,5,5,27,True,False,False
C3,OCNT-2313789,2,4,12,12,12,False,False,False
C3,OCNT-2313792,2,13,13,13,6,False,True,True
C3,OCNT-2313798,3,6,6,6,6,True,True,True
C3,OCNT-2313802,2,15,15,15,1,False,True,True
C3,OCNT-2313808,2,23,7,7,7,False,False,False
C3,OCNT-2313822,2,24,24,24,2,False,True,True
C3,OCNT-2313829,2,15,15,15,15,True,True,True
C3,OCNT-2313845,2,18,18,18,4,False,True,True
C3,OCNT-2313846,2,12,12,12,1,False,True,True
C3,OCNT-2313851,4,14,23,14,14,True,False,True
C3,OCNT-2313852,3,13,22,22,12,False,False,False
C3,OCNT-2313858,3,19,21,21,21,False,False,False
C3,OCNT-2313861,2,13,13,13,13,True,True,True
C3,OCNT-2313865,2,22,22,22,22,True,True,True
C3,OCNT-2313867,3,16,19,16,22,False,False,True
C3,OCNT-2313871,3,24,19,19,19,False,False,False
C3,OCNT-2313872,3,21,21,21,21,True,True,True
C3,OCNT-2313874,3,18,24,24,24,False,False,False
C3,OCNT-2313876,2,7,23,23,23,False,False,False
C3,OCNT-2313894,3,3,3,3,3,True,True,True
C3,OCNT-2313897,2,15,19,19,19,False,False,False
C3,OCNT-2313909,2,12,12,12,24,False,True,True
C3,OCNT-2313910,2,24,14,14,14,False,False,False
C3,OCNT-2313912,3,13,13,13,13,True,True,True
C3,OCNT-2313933,4,11,9,9,9,False,False,False
C3,OCNT-2313936,3,23,23,23,2,False,True,True
C3,OCNT-2313948,3,22,22,14,22,True,True,False
C3,OCNT-2313953,2,15,19,19,19,False,False,False
C3,OCNT-2313954,3,16,16,16,16,True,True,True
C3,OCNT-2313965,3,17,20,20,20,False,False,False
C3,OCNT-2313970,2,21,3,3,3,False,False,False
C3,OCNT-2313972,2,9,9,9,23,False,True,True
C3,OCNT-2313982,2,15,15,15,2,False,True,True
C3,OCNT-2313983,4,16,17,17,9,False,False,False
C3,OCNT-2313984,2,19,9,9,9,False,False,False
C3,OCNT-2313987,2,22,22,22,22,True,True,True
C3,OCNT-2313989,3,24,24,24,24,True,True,True
C3,OCNT-2313992,3,8,8,8,8,True,True,True
C3,OCNT-2313994,3,21,21,21,21,True,True,True
C3,OCNT-2313996,2,4,17,4,17,False,False,True
C3,OCNT-2314002,2,11,9,9,9,False,False,False
C3,OCNT-2314003,3,15,12,6,6,False,False,False
C3,OCNT-2314004,2,10,33,10,10,True,False,True
C3,OCNT-2314006,3,5,5,5,23,False,True,True
C3,OCNT-2314012,2,9,8,9,8,False,False,True
C3,OCNT-2314014,5,6,6,6,6,True,True,True
C3,OCNT-2314017,2,8,6,8,8,True,False,True
C3,OCNT-2314036,2,12,12,12,12,True,True,True
C3,OCNT-2314042,2,2,2,2,19,False,True,True
C3,OCNT-2314044,2,18,11,11,11,False,False,False
C3,OCNT-2314045,2,22,15,22,15,False,False,True
C3,OCNT-2314050,4,7,7,7,7,True,True,True
C3,OCNT-2314054,4,14,14,14,24,False,True,True
C3,OCNT-2314061,2,19,22,19,22,False,False,True
C3,OCNT-2314062,2,13,13,13,13,True,True,True
C3,OCNT-2314063,3,25,25,25,25,True,True,True
C3,OCNT-2314065,3,21,29,21,21,True,False,True
C3,OCNT-2314067,3,27,27,27,27,True,True,True
C3,OCNT-2314068,3,18,10,18,18,True,False,True
C3,OCNT-2314069,2,24,24,24,24,True,True,True
C3,OCNT-2314070,2,23,25,25,25,False,False,False
C3,OCNT-2314073,2,19,13,13,13,False,False,False
C3,OCNT-2314083,2,6,2,6,6,True,False,True
C3,OCNT-2314087,4,29,29,29,29,True,True,True
C3,OCNT-2314101,3,6,6,6,6,True,True,True
C3,OCNT-2314112,4,14,11,11,23,False,False,False
C3,OCNT-2314113,2,24,23,24,23,False,False,True
C3,OCNT-2314117,2,6,6,6,6,True,True,True
C3,OCNT-2314120,2,6,8,8,8,False,False,False
C3,OCNT-2314127,3,18,18,18,18,True,True,True
C3,OCNT-2314135,2,18,2,2,18,True,False,False
C3,OCNT-2314136,2,7,7,7,7,True,True,True
C3,OCNT-2314137,2,9,9,9,9,True,True,True
C3,OCNT-2314140,4,7,21,21,21,False,False,False
C3,OCNT-2314143,2,3,3,3,3,True,True,True
C3,OCNT-2314144,4,10,10,10,14,False,True,True
C3,OCNT-2314145,2,2,2,2,2,True,True,True
C3,OCNT-2314146,2,2,7,7,7,False,False,False
C3,OCNT-2314150,3,4,4,4,4,True,True,True
C3,OCNT-2314158,2,3,3,3,13,False,True,True
C3,OCNT-2314168,2,14,14,14,11,False,True,True
C3,OCNT-2314176,3,18,20,18,18,True,False,True
C3,OCNT-2314178,2,15,13,13,13,False,False,False
C3,OCNT-2314180,3,21,19,19,19,False,False,False
C3,OCNT-2314182,2,18,20,20,20,False,False,False
C3,OCNT-2314190,2,24,24,24,24,True,True,True
C3,OCNT-2314193,2,15,15,15,15,True,True,True
C3,OCNT-2314197,5,21,22,21,22,False,False,True
C3,OCNT-2314198,2,20,20,20,20,True,True,True
C3,OCNT-2314201,3,29,29,29,9,False,True,True
C3,OCNT-2314202,3,8,18,18,18,False,False,False
C3,OCNT-2314207,3,19,19,19,19,True,True,True
C3,OCNT-2314210,3,21,2,2,2,False,False,False
C3,OCNT-2314212,3,15,13,13,13,False,False,False
C3,OCNT-2314213,2,23,23,23,23,True,True,True
C3,OCNT-2314217,2,9,9,9,11,False,True,True
C3,OCNT-2314219,4,14,12,12,12,False,False,False
C3,OCNT-2314222,4,22,14,22,20,False,False,True
C3,OCNT-2314223,2,7,2,7,7,True,False,True
C3,OCNT-2314226,3,21,8,8,8,False,False,False
C3,OCNT-2314234,2,2,24,24,2,True,False,False
C3,OCNT-2314235,2,6,8,8,8,False,False,False
C3,OCNT-2314237,3,16,7,7,7,False,False,False
C3,OCNT-2314242,3,10,10,10,10,True,True,True
C3,OCNT-2314243,4,24,6,6,6,False,False,False
C3,OCNT-2314248,2,21,16,16,21,True,False,False
C3,OCNT-2314259,2,4,4,4,4,True,True,True
C3,OCNT-2314263,2,14,13,13,14,True,False,False
C3,OCNT-2314266,2,18,18,18,18,True,True,True
C3,OCNT-2314267,3,21,25,25,25,False,False,False
C3,OCNT-2314271,3,17,17,17,17,True,True,True
C3,OCNT-2314273,2,8,8,8,8,True,True,True
C3,OCNT-2314275,3,12,1,1,1,False,False,False
C3,OCNT-2314277,2,5,5,5,5,True,True,True
C3,OCNT-2314296,3,9,26,9,9,True,False,True
C3,OCNT-2314301,2,6,6,6,6,True,True,True
C3,OCNT-2314305,3,18,16,16,16,False,False,False
C3,OCNT-2314307,2,21,21,21,21,True,True,True
C3,OCNT-2314311,2,2,2,2,2,True,True,True
C3,OCNT-2314321,2,7,21,21,21,False,False,False
C3,OCNT-2314326,3,23,12,23,23,True,False,True
C3,OCNT-2314329,3,26,23,26,26,True,False,True
C3,OCNT-2314335,2,8,17,17,17,False,False,False
C3,OCNT-2314336,2,5,5,5,5,True,True,True
C3,OCNT-2314337,3,9,9,9,9,True,True,True
C3,OCNT-2314354,2,17,9,9,9,False,False,False
C3,OCNT-2314356,2,22,23,23,23,False,False,False
C3,OCNT-2314360,2,25,25,25,25,True,True,True
C3,OCNT-2314363,3,16,16,23,5,False,True,False
C3,OCNT-2314369,4,21,14,14,14,False,False,False
C3,OCNT-2314371,2,6,2,6,6,True,False,True
C3,OCNT-2314373,3,4,21,4,4,True,False,True
C3,OCNT-2314377,2,5,10,5,10,False,False,True
C3,OCNT-2314381,3,23,17,17,17,False,False,False
C3,OCNT-2314385,3,23,23,23,19,False,True,True
C3,OCNT-2314387,2,7,9,9,9,False,False,False
C3,OCNT-2314390,2,13,17,17,13,True,False,False
C3,OCNT-2314395,2,8,8,8,5,False,True,True
C3,OCNT-2314397,3,11,11,11,11,True,True,True
C3,OCNT-2314399,2,17,19,19,19,False,False,False
C3,OCNT-2314402,2,13,13,13,20,False,True,True
C3,OCNT-2314405,2,25,24,25,24,False,False,True
C3,OCNT-2314407,2,24,24,24,24,True,True,True
C3,OCNT-2314408,2,21,6,6,21,True,False,False
C3,OCNT-2314412,5,6,11,25,9,False,False,False
C3,OCNT-2314427,4,4,17,17,17,False,False,False
C3,OCNT-2314433,2,14,14,14,14,True,True,True
C3,OCNT-2314447,2,24,19,19,19,False,False,False
C3,OCNT-2314450,2,23,15,15,23,True,False,False
C3,OCNT-2314452,2,3,3,3,1,False,True,True
C3,OCNT-2314454,2,24,24,24,24,True,True,True
C3,OCNT-2314457,5,7,17,17,7,True,False,False
C3,OCNT-2314459,2,9,9,9,9,True,True,True
C3,OCNT-2314461,4,21,1,1,1,False,False,False
C3,OCNT-2314465,2,19,18,19,19,True,False,True
C3,OCNT-2314467,2,22,22,22,22,True,True,True
C3,OCNT-2314468,3,9,11,11,11,False,False,False
C3,OCNT-2314473,3,15,13,13,13,False,False,False
C3,OCNT-2314480,2,17,4,4,4,False,False,False
C3,OCNT-2314481,3,20,2,2,2,False,False,False
C3,OCNT-2314482,3,5,18,5,5,True,False,True
C3,OCNT-2314483,2,16,10,10,10,False,False,False
C3,OCNT-2314487,2,15,15,15,15,True,True,True
C3,OCNT-2314488,2,21,11,21,11,False,False,True
C3,OCNT-2314492,2,25,21,25,25,True,False,True
C3,OCNT-2314494,3,19,19,19,19,True,True,True
C3,OCNT-2314499,2,18,9,18,9,False,False,True
C3,OCNT-2314502,4,19,7,7,5,False,False,False
C3,OCNT-2314508,2,8,18,8,8,True,False,True
C3,OCNT-2314509,2,21,21,21,12,False,True,True
C3,OCNT-2314511,2,21,21,21,21,True,True,True
C3,OCNT-2314524,2,5,5,5,5,True,True,True
C3,OCNT-2314526,3,14,14,14,9,False,True,True
C3,OCNT-2314528,2,13,11,11,11,False,False,False
C3,OCNT-2314536,2,14,6,6,14,True,False,False
C3,OCNT-2314547,2,15,15,15,13,False,True,True
C3,OCNT-2314548,3,26,6,26,26,True,False,True
C3,OCNT-2314551,2,29,29,29,29,True,True,True
C3,OCNT-2314553,3,23,23,23,23,True,True,True
C3,OCNT-2314559,4,21,30,21,21,True,False,True
C3,OCNT-2314567,2,18,21,18,21,False,False,True
C3,OCNT-2314568,3,0,0,0,0,True,True,True
C3,OCNT-2314570,3,14,2,2,14,True,False,False
C3,OCNT-2314574,2,14,21,21,14,True,False,False
C3,OCNT-2314584,2,19,22,19,19,True,False,True
C3,OCNT-2314588,3,19,8,8,8,False,False,False
C3,OCNT-2314591,2,5,4,5,5,True,False,True
C3,OCNT-2314592,3,7,7,7,7,True,True,True
C3,OCNT-2314601,4,21,14,14,14,False,False,False
C3,OCNT-2314602,3,23,16,16,23,True,False,False
C3,OCNT-2314603,3,14,22,22,22,False,False,False
C3,OCNT-2314607,3,11,11,11,24,False,True,True
C3,OCNT-2314608,2,4,23,23,23,False,False,False
C3,OCNT-2314609,2,14,14,14,14,True,True,True
C3,OCNT-2314610,3,22,24,22,22,True,False,True
C3,OCNT-2314615,2,22,22,21,22,True,True,False
C3,OCNT-2314616,2,2,11,11,11,False,False,False
C3,OCNT-2314617,2,25,25,25,25,True,True,True
C3,OCNT-2314618,3,20,12,20,12,False,False,True
C3,OCNT-2314619,2,12,19,19,19,False,False,False
C3,OCNT-2314621,3,11,1,1,1,False,False,False
C3,OCNT-2314630,4,14,22,22,22,False,False,False
C3,OCNT-2314631,2,21,21,21,21,True,True,True
C3,OCNT-2314632,2,19,19,19,13,False,True,True
C3,OCNT-2314637,4,15,23,23,23,False,False,False
C3,OCNT-2314646,4,0,0,0,0,True,True,True
C3,OCNT-2314654,3,16,18,18,16,True,False,False
C3,OCNT-2314657,2,24,3,24,24,True,False,True
C3,OCNT-2314658,3,17,22,22,17,True,False,False
C3,OCNT-2314662,3,10,10,10,10,True,True,True
C3,OCNT-2314665,3,20,3,3,3,False,False,False
C3,OCNT-2314673,2,16,16,16,16,True,True,True
C3,OCNT-2314682,2,12,15,15,15,False,False,False
C3,OCNT-2314683,4,13,13,13,5,False,True,True
C3,OCNT-2314688,3,19,19,19,19,True,True,True
C3,OCNT-2314691,4,5,26,26,26,False,False,False
C3,OCNT-2314692,2,21,20,21,21,True,False,True
C3,OCNT-2314694,2,24,28,24,24,True,False,True
C3,OCNT-2314695,3,15,15,15,15,True,True,True
C3,OCNT-2314705,3,21,13,21,13,False,False,True
C3,OCNT-2314706,2,21,4,4,4,False,False,False
C3,OCNT-2314713,2,11,19,19,19,False,False,False
C3,OCNT-2314715,2,18,17,17,18,True,False,False
C3,OCNT-2314717,2,22,22,22,26,False,True,True
C3,OCNT-2314720,4,7,3,3,3,False,False,False
C3,OCNT-2314724,2,10,10,10,11,False,True,True
C3,OCNT-2314726,2,6,3,6,3,False,False,True
C3,OCNT-2314739,3,22,14,14,14,False,False,False
C3,OCNT-2314744,2,18,18,18,18,True,True,True
C3,OCNT-2314747,3,25,25,22,25,True,True,False
C3,OCNT-2314750,2,18,18,18,18,True,True,True
C3,OCNT-2314762,3,15,18,15,15,True,False,True
C3,OCNT-2314768,4,28,28,28,25,False,True,True
C3,OCNT-2314770,4,4,8,4,8,False,False,True
C3,OCNT-2314771,3,19,16,19,19,True,False,True
C3,OCNT-2314774,2,8,2,2,2,False,False,False
C3,OCNT-2314777,3,7,7,7,7,True,True,True
C3,OCNT-2314778,4,6,6,6,8,False,True,True
C3,OCNT-2314790,2,20,10,10,10,False,False,False
C3,OCNT-2314795,2,20,20,20,20,True,True,True
C3,OCNT-2314796,2,7,7,7,7,True,True,True
C3,OCNT-2314800,3,14,14,14,14,True,True,True
C3,OCNT-2314804,2,7,7,7,7,True,True,True
C3,OCNT-2314807,4,21,10,10,21,True,False,False
C3,OCNT-2314812,3,18,7,18,16,False,False,True
C3,OCNT-2314813,2,12,3,3,12,True,False,False
C3,OCNT-2314816,3,3,5,5,5,False,False,False
C3,OCNT-2314818,5,21,15,25,25,False,False,False
C3,OCNT-2314820,3,9,17,17,17,False,False,False
C3,OCNT-2314831,3,6,13,13,13,False,False,False
C3,OCNT-2314833,2,9,9,9,9,True,True,True
C3,OCNT-2314845,2,7,15,15,15,False,False,False
C3,OCNT-2314853,3,20,21,21,21,False,False,False
C3,OCNT-2314858,3,17,18,14,14,False,False,False
C3,OCNT-2314861,3,12,17,17,17,False,False,False
C3,OCNT-2314864,2,10,10,10,23,False,True,True
C3,OCNT-2314865,2,15,11,11,11,False,False,False
C3,OCNT-2314866,2,6,6,6,6,True,True,True
C3,OCNT-2314872,2,24,24,24,24,True,True,True
C3,OCNT-2314875,2,13,7,13,7,False,False,True
C3,OCNT-2314879,2,25,25,25,25,True,True,True
C3,OCNT-2314884,3,23,23,23,23,True,True,True
C3,OCNT-2314886,3,12,10,10,10,False,False,False
C3,OCNT-2314897,3,19,15,15,15,False,False,False
C3,OCNT-2314898,2,16,16,16,16,True,True,True
C3,OCNT-2314902,2,2,2,2,2,True,True,True
C3,OCNT-2314903,2,28,28,28,28,True,True,True
C3,OCNT-2314907,2,8,6,6,6,False,False,False
C3,OCNT-2314910,5,25,25,25,19,False,True,True
C3,OCNT-2314919,4,10,10,10,16,False,True,True
C3,OCNT-2314929,2,8,8,8,8,True,True,True
C3,OCNT-2314941,2,8,6,8,6,False,False,True
C3,OCNT-2314946,2,16,15,16,15,False,False,True
C3,OCNT-2314947,3,6,6,6,6,True,True,True
C3,OCNT-2314960,2,14,1,1,1,False,False,False
C3,OCNT-2314961,2,20,20,20,20,True,True,True
C3,OCNT-2314966,3,23,23,23,11,False,True,True
C3,OCNT-2314969,2,13,6,6,6,False,False,False
C3,OCNT-2314976,3,15,19,19,19,False,False,False
C3,OCNT-2314988,3,21,2,21,2,False,False,True
C3,OCNT-2314990,3,18,5,5,20,False,False,False
C3,OCNT-2314992,2,20,18,20,18,False,False,True
C3,OCNT-2314993,2,17,17,17,17,True,True,True
C3,OCNT-2314994,2,13,13,13,13,True,True,True
C3,OCNT-2315005,3,23,5,5,5,False,False,False
C3,OCNT-2315007,3,22,22,22,17,False,True,True
C3,OCNT-2315017,4,12,12,12,12,True,True,True
C3,OCNT-2315024,2,8,8,8,8,True,True,True
C3,OCNT-2315030,2,9,9,9,9,True,True,True
C3,OCNT-2315034,5,5,7,27,7,False,False,False
C3,OCNT-2315036,3,12,3,3,3,False,False,False
C3,OCNT-2315039,2,12,12,12,12,True,True,True
C3,OCNT-2315044,2,24,1,1,1,False,False,False
C3,OCNT-2315045,3,11,6,11,11,True,False,True
C3,OCNT-2315048,2,14,14,14,14,True,True,True
C3,OCNT-2315050,3,17,4,4,17,True,False,False
C3,OCNT-2315052,4,6,6,6,6,True,True,True
C3,OCNT-2315060,2,16,16,16,16,True,True,True
C3,OCNT-2315064,4,3,20,3,3,True,False,True
C3,OCNT-2315071,2,6,18,18,6,True,False,False
C3,OCNT-2315072,2,6,15,15,15,False,False,False
C3,OCNT-2315079,3,17,5,5,5,False,False,False
C3,OCNT-2315082,2,16,4,4,4,False,False,False
C3,OCNT-2315085,4,15,1,1,1,False,False,False
C3,OCNT-2315087,2,21,21,21,21,True,True,True
C3,OCNT-2315089,2,2,11,11,11,False,False,False
C3,OCNT-2315091,3,15,17,17,17,False,False,False
C3,OCNT-2315092,2,3,3,3,3,True,True,True
C3,OCNT-2315097,2,4,7,7,7,False,False,False
C3,OCNT-2315100,3,17,17,17,17,True,True,True
C3,OCNT-2315103,2,21,16,16,16,False,False,False
C3,OCNT-2315109,2,18,18,18,18,True,True,True
C3,OCNT-2315110,2,9,9,9,9,True,True,True
C3,OCNT-2315114,2,25,20,20,25,True,False,False
C3,OCNT-2315115,3,15,17,17,17,False,False,False
C3,OCNT-2315124,2,16,16,16,16,True,True,True
C3,OCNT-2315125,5,12,23,23,23,False,False,False
C3,OCNT-2315126,2,2,2,2,18,False,True,True
C3,OCNT-2315131,2,27,27,27,27,True,True,True
C3,OCNT-2315133,3,3,11,11,11,False,False,False
C3,OCNT-2315145,2,6,10,10,10,False,False,False
C3,OCNT-2315146,2,8,10,10,10,False,False,False
C3,OCNT-2315147,4,18,4,4,4,False,False,False
C3,OCNT-2315155,2,5,5,5,5,True,True,True
C3,OCNT-2315156,2,9,16,16,9,True,False,False
C3,OCNT-2315157,3,15,15,15,22,False,True,True
C3,OCNT-2315159,2,8,14,14,14,False,False,False
C3,OCNT-2315165,3,17,17,17,17,True,True,True
C3,OCNT-2315166,2,11,11,11,11,True,True,True
C3,OCNT-2315174,2,19,19,19,19,True,True,True
C3,OCNT-2315179,4,2,2,2,2,True,True,True
C3,OCNT-2315186,2,24,24,24,24,True,True,True
C3,OCNT-2315191,2,14,14,14,14,True,True,True
C3,OCNT-2315194,2,23,23,23,23,True,True,True
C3,OCNT-2315201,2,16,21,16,16,True,False,True
C3,OCNT-2315212,3,10,10,10,10,True,True,True
C3,OCNT-2315232,2,22,22,22,22,True,True,True
C3,OCNT-2315236,3,17,17,17,17,True,True,True
C3,OCNT-2315237,3,4,29,4,19,False,False,True
C3,OCNT-2315245,3,16,16,16,16,True,True,True
C3,OCNT-2315257,3,16,16,16,16,True,True,True
C3,OCNT-2315259,3,21,18,18,18,False,False,False
C3,OCNT-2315261,4,4,4,4,24,False,True,True
C3,OCNT-2315263,3,9,24,24,9,True,False,False
C3,OCNT-2315265,4,23,23,23,23,True,True,True
C3,OCNT-2315270,2,5,5,5,5,True,True,True
C3,OCNT-2315275,4,20,20,20,20,True,True,True
C3,OCNT-2315277,3,7,29,7,7,True,False,True
C3,OCNT-2315282,2,22,22,22,22,True,True,True
C3,OCNT-2315284,3,0,0,0,0,True,True,True
C3,OCNT-2315288,2,9,13,13,13,False,False,False
C3,OCNT-2315297,4,16,16,16,16,True,True,True
C3,OCNT-2315308,2,20,20,20,20,True,True,True
C3,OCNT-2315311,3,15,13,13,13,False,False,False
C3,OCNT-2315325,4,7,7,7,7,True,True,True
C3,OCNT-2315326,3,19,19,19,17,False,True,True
C3,OCNT-2315329,3,7,7,7,7,True,True,True
C3,OCNT-2315331,4,15,5,5,5,False,False,False
C3,OCNT-2315332,2,17,19,19,17,True,False,False
C3,OCNT-2315333,3,27,27,27,27,True,True,True
C3,OCNT-2315338,2,5,5,5,5,True,True,True
C3,OCNT-2315340,3,12,9,9,9,False,False,False
C3,OCNT-2315342,2,14,12,12,12,False,False,False
C3,OCNT-2315347,4,0,0,0,0,True,True,True
C3,OCNT-2315349,3,6,4,4,4,False,False,False
C3,OCNT-2315351,2,24,24,24,24,True,True,True
C3,OCNT-2315357,3,20,20,20,3,False,True,True
C3,OCNT-2315365,2,9,17,9,9,True,False,True
C3,OCNT-2315367,3,12,12,12,4,False,True,True
C3,OCNT-2315368,2,25,25,25,25,True,True,True
C3,OCNT-2315386,2,32,32,2,2,False,True,False
C3,OCNT-2315389,2,17,17,17,17,True,True,True
C3,OCNT-2315392,2,22,15,15,22,True,False,False
C3,OCNT-2315394,2,18,18,18,3,False,True,True
C3,OCNT-2315401,2,6,6,6,1,False,True,True
C3,OCNT-2315412,5,20,13,13,13,False,False,False
C3,OCNT-2315416,2,23,23,23,23,True,True,True
C3,OCNT-2315425,2,20,2,2,2,False,False,False
C3,OCNT-2315433,2,2,2,2,2,True,True,True
C3,OCNT-2315448,2,24,2,24,2,False,False,True
C3,OCNT-2315451,2,11,9,9,9,False,False,False
C3,OCNT-2315457,2,18,18,18,18,True,True,True
C3,OCNT-2315458,2,15,15,15,15,True,True,True
C3,OCNT-2315460,4,27,27,27,27,True,True,True
C3,OCNT-2315461,2,21,21,21,21,True,True,True
C3,OCNT-2315462,2,23,23,23,23,True,True,True
C3,OCNT-2315467,2,2,2,2,2,True,True,True
C3,OCNT-2315468,4,22,11,11,11,False,False,False
C3,OCNT-2315469,3,15,8,12,8,False,False,False
C3,OCNT-2315473,2,8,8,8,20,False,True,True
C3,OCNT-2315479,2,18,2,2,2,False,False,False
C3,OCNT-2315483,2,2,2,2,2,True,True,True
C3,OCNT-2315485,2,14,14,14,14,True,True,True
C3,OCNT-2315488,3,21,5,1,1,False,False,False
C3,OCNT-2315490,3,9,11,9,9,True,False,True
C3,OCNT-2315495,4,15,11,11,11,False,False,False
C3,OCNT-2315502,3,19,10,21,10,False,False,False
C3,OCNT-2315503,2,23,12,23,12,False,False,True
C3,OCNT-2315505,3,19,11,11,11,False,False,False
C3,OCNT-2315507,2,22,22,22,22,True,True,True
C3,OCNT-2315508,2,26,26,26,26,True,True,True
C3,OCNT-2315509,2,22,8,8,8,False,False,False
C3,OCNT-2315512,3,6,17,6,6,True,False,True
C3,OCNT-2315513,3,2,4,4,4,False,False,False
C3,OCNT-2315514,3,22,22,22,22,True,True,True
C3,OCNT-2315517,2,3,3,3,3,True,True,True
C3,OCNT-2315518,3,8,8,8,8,True,True,True
C3,OCNT-2315531,3,21,8,21,8,False,False,True
C3,OCNT-2315532,4,4,18,18,24,False,False,False
C3,OCNT-2315535,3,18,1,1,1,False,False,False
C3,OCNT-2315537,2,16,11,11,11,False,False,False
C3,OCNT-2315538,4,15,21,21,15,True,False,False
C3,OCNT-2315539,5,0,0,0,0,True,True,True
C3,OCNT-2315543,2,17,17,17,17,True,True,True
C3,OCNT-2315545,4,15,15,15,15,True,True,True
C3,OCNT-2315548,3,13,13,13,13,True,True,True
C3,OCNT-2315550,4,22,22,22,6,False,True,True
C3,OCNT-2315551,2,11,11,11,11,True,True,True
C3,OCNT-2315554,2,23,7,7,7,False,False,False
C3,OCNT-2315556,2,24,24,24,30,False,True,True
C3,OCNT-2315557,2,6,14,14,14,False,False,False
C3,OCNT-2315560,2,11,14,11,11,True,False,True
C3,OCNT-2315565,3,22,5,5,22,True,False,False
C3,OCNT-2315568,3,16,16,16,16,True,True,True
C3,OCNT-2315569,2,15,7,7,7,False,False,False
C3,OCNT-2315571,5,15,15,15,15,True,True,True
C3,OCNT-2315575,2,23,23,23,23,True,True,True
C3,OCNT-2315583,2,24,24,24,24,True,True,True
C3,OCNT-2315584,2,6,6,6,6,True,True,True
C3,OCNT-2315585,2,22,22,22,22,True,True,True
C3,OCNT-2315591,3,19,19,19,19,True,True,True
C3,OCNT-2315600,2,13,22,22,22,False,False,False
C3,OCNT-2315605,2,4,4,4,4,True,True,True
C3,OCNT-2315610,2,21,20,20,20,False,False,False
C3,OCNT-2315621,3,14,12,12,12,False,False,False
C3,OCNT-2315622,3,16,16,16,16,True,True,True
C3,OCNT-2315627,3,23,23,23,23,True,True,True
C3,OCNT-2315629,6,5,5,5,11,False,True,True
C3,OCNT-2315632,2,26,6,26,26,True,False,True
C3,OCNT-2315633,4,26,26,26,26,True,True,True
C3,OCNT-2315636,2,13,13,13,13,True,True,True
C3,OCNT-2315640,3,2,6,6,6,False,False,False
C3,OCNT-2315646,3,17,17,17,17,True,True,True
C3,OCNT-2315652,2,20,20,14,20,True,True,False
C3,OCNT-2315653,3,5,5,5,5,True,True,True
C3,OCNT-2315654,3,19,19,19,19,True,True,True
C3,OCNT-2315660,2,21,10,10,10,False,False,False
C3,OCNT-2315663,2,20,20,20,20,True,True,True
C3,OCNT-2315672,5,17,23,23,23,False,False,False
C3,OCNT-2315684,2,3,4,4,4,False,False,False
C3,OCNT-2315699,2,6,16,16,16,False,False,False
C3,OCNT-2315700,2,19,19,19,19,True,True,True
C3,OCNT-2315702,2,4,4,4,20,False,True,True
C3,OCNT-2315705,2,7,7,8,7,True,True,False
C3,OCNT-2315713,3,17,17,17,17,True,True,True
C3,OCNT-2315717,2,25,25,25,4,False,True,True
C3,OCNT-2315719,2,15,15,15,15,True,True,True
C3,OCNT-2315721,3,17,17,17,17,True,True,True
C3,OCNT-2315727,2,12,20,20,20,False,False,False
C3,OCNT-2315739,2,15,11,11,11,False,False,False
C3,OCNT-2315740,2,21,3,3,21,True,False,False
C3,OCNT-2315742,2,25,25,25,25,True,True,True
C3,OCNT-2315746,2,17,17,10,17,True,True,False
C3,OCNT-2315752,3,20,18,20,2,False,False,True
C3,OCNT-2315753,3,18,11,11,11,False,False,False
C3,OCNT-2315757,3,9,11,11,11,False,False,False
C3,OCNT-2315758,2,9,9,15,9,True,True,False
C3,OCNT-2315759,3,7,7,7,10,False,True,True
C3,OCNT-2315764,2,13,6,6,6,False,False,False
C3,OCNT-2315775,3,0,0,0,0,True,True,True
C3,OCNT-2315776,3,20,8,8,5,False,False,False
C3,OCNT-2315779,3,14,1,14,1,False,False,True
C3,OCNT-2315805,2,19,23,19,19,True,False,True
C3,OCNT-2315806,4,14,14,14,14,True,True,True
C3,OCNT-2315815,4,11,11,11,15,False,True,True
C3,OCNT-2315816,2,5,5,5,5,True,True,True
C3,OCNT-2315819,2,6,6,6,6,True,True,True
C3,OCNT-2315820,2,7,7,7,7,True,True,True
C3,OCNT-2315826,3,13,13,13,5,False,True,True
C3,OCNT-2315827,3,24,16,16,16,False,False,False
C3,OCNT-2315832,3,22,5,5,5,False,False,False
C3,OCNT-2315833,2,13,13,13,13,True,True,True
C3,OCNT-2315836,3,2,21,2,2,True,False,True
C3,OCNT-2315838,2,19,19,19,19,True,True,True
C3,OCNT-2315840,2,11,11,11,11,True,True,True
C3,OCNT-2315844,2,17,16,17,16,False,False,True
C3,OCNT-2315846,2,12,12,12,12,True,True,True
C3,OCNT-2315849,2,7,7,7,7,True,True,True
C3,OCNT-2315861,2,14,14,14,14,True,True,True
C3,OCNT-2315864,2,20,5,5,5,False,False,False
C3,OCNT-2315873,2,18,18,18,18,True,True,True
C3,OCNT-2315875,3,9,14,14,14,False,False,False
C3,OCNT-2315878,3,6,12,12,12,False,False,False
C3,OCNT-2315885,3,20,20,20,20,True,True,True
C3,OCNT-2315886,2,14,14,14,14,True,True,True
C3,OCNT-2315888,4,5,19,19,19,False,False,False
C3,OCNT-2315891,3,14,14,14,14,True,True,True
C3,OCNT-2315900,2,24,24,24,24,True,True,True
C3,OCNT-2315903,5,15,22,22,22,False,False,False
C3,OCNT-2315906,2,18,18,18,18,True,True,True
C3,OCNT-2315910,2,18,18,18,18,True,True,True
C3,OCNT-2315912,3,12,12,12,12,True,True,True
C3,OCNT-2315913,2,21,21,21,21,True,True,True
C3,OCNT-2315916,2,3,14,14,14,False,False,False
C3,OCNT-2315937,4,7,19,7,7,True,False,True
C3,OCNT-2315938,3,5,22,5,5,True,False,True
C3,OCNT-2315944,2,27,27,27,27,True,True,True
C3,OCNT-2315946,4,14,12,12,12,False,False,False
C3,OCNT-2315948,3,8,23,23,8,True,False,False
C3,OCNT-2315954,3,7,7,7,7,True,True,True
C3,OCNT-2315959,3,17,19,17,17,True,False,True
C3,OCNT-2315965,2,13,17,17,17,False,False,False
C3,OCNT-2315966,3,27,24,27,27,True,False,True
C3,OCNT-2315972,3,22,25,25,25,False,False,False
C3,OCNT-2315978,3,8,8,8,17,False,True,True
C3,OCNT-2315980,3,17,7,7,17,True,False,False
C3,OCNT-2315990,4,28,28,7,28,True,True,False
C3,OCNT-2315992,3,22,22,22,22,True,True,True
C3,OCNT-2315994,4,11,11,11,11,True,True,True
C3,OCNT-2315996,2,23,23,8,23,True,True,False
C3,OCNT-2315998,2,23,6,6,6,False,False,False
C3,OCNT-2316001,4,19,18,18,19,True,False,False
C3,OCNT-2316003,3,11,7,7,7,False,False,False
C3,OCNT-2316017,2,13,1,1,1,False,False,False
C3,OCNT-2316020,2,24,24,24,24,True,True,True
C3,OCNT-2316031,2,3,22,22,22,False,False,False
C3,OCNT-2316040,3,24,24,24,24,True,True,True
C3,OCNT-2316079,2,22,22,22,22,True,True,True
C3,OCNT-2316083,4,16,7,7,9,False,False,False
C3,OCNT-2316095,3,18,18,18,18,True,True,True
C3,OCNT-2316100,3,23,23,23,23,True,True,True
C3,OCNT-2316102,3,14,14,14,14,True,True,True
C3,OCNT-2316109,3,13,18,13,13,True,False,True
C3,OCNT-2316110,4,17,6,6,6,False,False,False
C3,OCNT-2316112,5,3,3,3,3,True,True,True
C3,OCNT-2316115,2,24,24,24,24,True,True,True
C3,OCNT-2316119,3,0,0,0,0,True,True,True
C3,OCNT-2316120,2,18,10,10,10,False,False,False
C3,OCNT-2316125,3,0,0,0,0,True,True,True
C3,OCNT-2316132,2,22,22,22,22,True,True,True
C3,OCNT-2316136,3,20,20,20,20,True,True,True
C3,OCNT-2316138,2,21,21,21,21,True,True,True
C3,OCNT-2316140,3,21,21,21,21,True,True,True
C3,OCNT-2316147,2,23,23,23,23,True,True,True
C3,OCNT-2316170,2,14,14,14,14,True,True,True
C3,OCNT-2316175,2,7,7,7,7,True,True,True
C3,OCNT-2316176,2,11,14,11,14,False,False,True
C3,OCNT-2316177,2,13,13,13,13,True,True,True
C3,OCNT-2316179,2,2,11,11,11,False,False,False
C3,OCNT-2316180,3,20,20,20,20,True,True,True
C3,OCNT-2316181,2,21,14,21,14,False,False,True
C3,OCNT-2316186,3,25,23,25,23,False,False,True
C3,OCNT-2316187,3,20,15,15,20,True,False,False
C3,OCNT-2316189,2,4,4,4,4,True,True,True
C3,OCNT-2316198,2,25,5,5,5,False,False,False
C3,OCNT-2316204,3,20,8,8,8,False,False,False
C3,OCNT-2316215,2,19,19,19,19,True,True,True
C3,OCNT-2316217,2,15,15,15,15,True,True,True
C3,OCNT-2316222,2,22,22,22,22,True,True,True
C3,OCNT-2316225,2,16,16,16,5,False,True,True
C3,OCNT-2316228,2,20,10,10,10,False,False,False
C3,OCNT-2316229,3,24,12,12,24,True,False,False
C3,OCNT-2316235,2,7,26,26,26,False,False,False
C3,OCNT-2316236,3,14,14,14,14,True,True,True
C3,OCNT-2316237,2,7,7,7,20,False,True,True
C3,OCNT-2316247,2,14,14,14,14,True,True,True
C3,OCNT-2316255,4,15,15,15,15,True,True,True
C3,OCNT-2316257,2,9,9,6,9,True,True,False
C3,OCNT-2316266,2,2,25,2,25,False,False,True
C3,OCNT-2316270,4,5,5,5,24,False,True,True
C3,OCNT-2316274,2,5,1,1,1,False,False,False
C3,OCNT-2316287,3,14,23,23,23,False,False,False
C3,OCNT-2316288,3,15,23,23,23,False,False,False
C3,OCNT-2316296,3,10,18,10,10,True,False,True
C3,OCNT-2316320,2,8,8,8,8,True,True,True
C3,OCNT-2316326,2,10,10,10,10,True,True,True
C3,OCNT-2316329,2,5,5,5,5,True,True,True
C3,OCNT-2316334,3,18,18,18,18,True,True,True
C3,OCNT-2316337,3,16,7,7,7,False,False,False
C3,OCNT-2316339,2,23,23,23,23,True,True,True
C3,OCNT-2316348,2,2,2,2,2,True,True,True
C3,OCNT-2316349,2,26,18,26,18,False,False,True
C3,OCNT-2316354,3,20,20,20,20,True,True,True
C3,OCNT-2316358,2,17,17,17,17,True,True,True
C3,OCNT-2316360,3,18,11,11,11,False,False,False
C3,OCNT-2316394,2,8,8,8,8,True,True,True
C3,OCNT-2316398,3,15,7,7,7,False,False,False
C3,OCNT-2316399,2,13,13,13,13,True,True,True
C3,OCNT-2316400,2,17,17,27,17,True,True,False
C3,OCNT-2316402,2,21,21,21,21,True,True,True
C3,OCNT-2316403,3,18,14,14,14,False,False,False
C3,OCNT-2316412,3,9,19,9,9,True,False,True
C3,OCNT-2316424,2,20,20,20,20,True,True,True
C3,OCNT-2316430,2,18,22,18,22,False,False,True
C3,OCNT-2316438,2,22,6,6,6,False,False,False
C3,OCNT-2316445,2,12,12,12,12,True,True,True
C3,OCNT-2316452,4,26,26,26,26,True,True,True
C3,OCNT-2316459,2,28,27,28,28,True,False,True
C3,OCNT-2316464,2,3,23,3,23,False,False,True
C3,OCNT-2316474,3,24,24,24,24,True,True,True
C3,OCNT-2316475,3,12,19,19,19,False,False,False
C3,OCNT-2316482,2,18,18,18,18,True,True,True
C3,OCNT-2316486,2,19,26,19,26,False,False,True
C3,OCNT-2316497,3,5,5,5,5,True,True,True
C3,OCNT-2316512,5,20,20,20,20,True,True,True
C3,OCNT-2316516,4,18,18,18,15,False,True,True
C3,OCNT-2316527,2,7,16,16,16,False,False,False
C3,OCNT-2316534,3,22,22,22,22,True,True,True
C3,OCNT-2316535,3,17,5,5,5,False,False,False
C3,OCNT-2316543,3,9,9,9,16,False,True,True
C3,OCNT-2316547,2,13,6,6,6,False,False,False
C3,OCNT-2316548,4,7,7,7,7,True,True,True
C3,OCNT-2316551,2,8,5,8,5,False,False,True
C3,OCNT-2316553,3,10,10,10,10,True,True,True
C3,OCNT-2316554,2,24,22,22,22,False,False,False
C3,OCNT-2316555,2,12,15,15,15,False,False,False
C3,OCNT-2316560,4,14,14,14,14,True,True,True
C3,OCNT-2316565,2,9,9,9,9,True,True,True
C3,OCNT-2316566,3,17,17,17,17,True,True,True
C3,OCNT-2316568,3,18,18,7,18,True,True,False
C3,OCNT-2316569,3,20,14,14,14,False,False,False
C3,OCNT-2316573,2,6,6,6,3,False,True,True
C3,OCNT-2316582,3,22,12,22,8,False,False,True
C3,OCNT-2316583,2,25,25,25,22,False,True,True
C3,OCNT-2316585,3,10,10,10,10,True,True,True
C3,OCNT-2316594,2,3,3,2,3,True,True,False
C3,OCNT-2316595,2,11,11,11,11,True,True,True
C3,OCNT-2316600,2,27,27,28,27,True,True,False
C3,OCNT-2316604,3,7,31,31,7,True,False,False
C3,OCNT-2316608,3,11,1,1,1,False,False,False
C3,OCNT-2316617,2,6,6,6,6,True,True,True
C3,OCNT-2316619,4,19,15,15,15,False,False,False
C3,OCNT-2316624,2,2,2,2,2,True,True,True
C3,OCNT-2316628,3,22,22,22,22,True,True,True
C3,OCNT-2316630,5,0,0,0,0,True,True,True
C3,OCNT-2316633,3,26,18,18,26,True,False,False
C3,OCNT-2316635,3,11,11,11,11,True,True,True
C3,OCNT-2316641,2,13,4,13,13,True,False,True
C3,OCNT-2316650,3,20,20,20,16,False,True,True
C3,OCNT-2316656,3,24,24,24,24,True,True,True
C3,OCNT-2316657,3,23,5,23,23,True,False,True
C3,OCNT-2316662,3,22,15,15,15,False,False,False
C3,OCNT-2316664,3,16,20,16,16,True,False,True
C3,OCNT-2316666,3,0,0,0,0,True,True,True
C3,OCNT-2316669,4,11,19,11,3,False,False,True
C3,OCNT-2316671,3,17,17,17,17,True,True,True
C3,OCNT-2316676,3,15,6,6,15,True,False,False
C3,OCNT-2316679,3,16,16,16,16,True,True,True
C3,OCNT-2316682,2,3,11,11,11,False,False,False
C3,OCNT-2316683,3,18,12,12,12,False,False,False
C3,OCNT-2316684,2,13,16,13,16,False,False,True
C3,OCNT-2316691,3,15,11,11,11,False,False,False
C3,OCNT-2316694,5,26,13,13,26,True,False,False
C3,OCNT-2316696,3,19,11,11,11,False,False,False
C3,OCNT-2316701,2,12,12,12,12,True,True,True
C3,OCNT-2316702,3,18,18,18,18,True,True,True
C3,OCNT-2316703,4,12,17,17,17,False,False,False
C3,OCNT-2316705,2,13,13,13,6,False,True,True
C3,OCNT-2316707,2,6,15,15,15,False,False,False
C3,OCNT-2316708,3,21,21,21,21,True,True,True
C3,OCNT-2316720,2,30,5,5,5,False,False,False
C3,OCNT-2316721,3,19,22,19,19,True,False,True
C3,OCNT-2316722,2,16,16,16,16,True,True,True
C3,OCNT-2316726,3,23,2,2,2,False,False,False
C3,OCNT-2316735,3,17,9,9,9,False,False,False
C3,OCNT-2316744,5,7,7,7,7,True,True,True
C3,OCNT-2316746,2,24,14,14,24,True,False,False
C3,OCNT-2316749,2,3,3,3,3,True,True,True
C3,OCNT-2316751,2,19,1,1,1,False,False,False
C3,OCNT-2316754,2,3,15,15,15,False,False,False
C3,OCNT-2316758,4,21,21,21,8,False,True,True
C3,OCNT-2316761,2,16,16,16,16,True,True,True
C3,OCNT-2316766,3,22,22,22,22,True,True,True
C3,OCNT-2316768,3,0,0,0,0,True,True,True
C3,OCNT-2316770,2,22,22,22,22,True,True,True
C3,OCNT-2316771,2,2,25,25,25,False,False,False
C3,OCNT-2316772,2,7,7,7,7,True,True,True
C3,OCNT-2316775,3,17,17,17,17,True,True,True
C3,OCNT-2316781,2,22,22,22,22,True,True,True
C3,OCNT-2316783,2,17,20,20,20,False,False,False
C3,OCNT-2316815,3,18,11,3,18,True,False,False
C3,OCNT-2316819,3,2,14,14,14,False,False,False
C3,OCNT-2316821,2,4,4,4,21,False,True,True
C3,OCNT-2316822,3,3,20,22,20,False,False,False
C3,OCNT-2316823,3,22,22,22,22,True,True,True
C3,OCNT-2316836,2,23,23,23,23,True,True,True
C3,OCNT-2316839,5,10,10,10,1,False,True,True
C3,OCNT-2316845,6,13,13,13,13,True,True,True
C3,OCNT-2316859,3,6,5,6,21,False,False,True
C3,OCNT-2316861,2,18,11,11,11,False,False,False
C3,OCNT-2316867,6,10,13,13,4,False,False,False
C3,OCNT-2316870,2,19,19,19,19,True,True,True
C3,OCNT-2316872,2,22,7,7,7,False,False,False
C3,OCNT-2316874,3,15,15,15,15,True,True,True
C3,OCNT-2316879,2,3,12,12,3,True,False,False
C3,OCNT-2316906,2,2,11,11,2,True,False,False
C3,OCNT-2316911,2,14,14,14,14,True,True,True
C3,OCNT-2316912,4,25,25,25,25,True,True,True
C3,OCNT-2316913,2,11,11,11,11,True,True,True
C3,OCNT-2316917,2,21,21,21,21,True,True,True
C3,OCNT-2316942,4,20,12,12,12,False,False,False
C3,OCNT-2316951,3,21,6,6,6,False,False,False
C3,OCNT-2316954,2,11,11,11,11,True,True,True
C3,OCNT-2316959,2,8,8,8,8,True,True,True
C3,OCNT-2316960,2,15,15,15,15,True,True,True
C3,OCNT-2316964,2,11,10,10,11,True,False,False
C3,OCNT-2316968,2,16,16,16,16,True,True,True
C3,OCNT-2316971,3,22,8,8,22,True,False,False
C3,OCNT-2316984,3,12,12,12,12,True,True,True
C3,OCNT-2316989,3,4,4,4,13,False,True,True
C3,OCNT-2317000,2,4,4,4,4,True,True,True
C3,OCNT-2317002,2,23,23,23,23,True,True,True
C3,OCNT-2317014,3,15,15,15,15,True,True,True
C3,OCNT-2317020,2,14,14,14,14,True,True,True
C3,OCNT-2317023,2,20,20,20,20,True,True,True
C3,OCNT-2317028,2,17,17,17,17,True,True,True
C3,OCNT-2317039,2,10,5,5,10,True,False,False
C3,OCNT-2317040,2,16,12,12,16,True,False,False
C3,OCNT-2317044,3,9,2,2,2,False,False,False
C3,OCNT-2317059,2,15,26,26,26,False,False,False
C3,OCNT-2317064,3,15,25,25,25,False,False,False
C3,OCNT-2317065,3,21,1,1,1,False,False,False
C3,OCNT-2317068,3,18,18,18,18,True,True,True
C3,OCNT-2317070,2,6,6,6,6,True,True,True
C3,OCNT-2317078,2,22,4,22,22,True,False,True
C3,OCNT-2317084,2,20,20,20,20,True,True,True
C3,OCNT-2317086,2,22,22,22,22,True,True,True
C3,OCNT-2317090,3,23,23,23,23,True,True,True
C3,OCNT-2317092,3,22,7,7,7,False,False,False
C3,OCNT-2317097,3,11,11,11,11,True,True,True
C3,OCNT-2317099,2,12,12,12,12,True,True,True
C3,OCNT-2317105,2,18,18,18,18,True,True,True
C3,OCNT-2317107,3,7,6,6,15,False,False,False
C3,OCNT-2317109,3,19,19,19,14,False,True,True
C3,OCNT-2317116,3,5,20,20,20,False,False,False
C3,OCNT-2317118,2,22,22,22,22,True,True,True
C3,OCNT-2317130,2,25,25,25,25,True,True,True
C3,OCNT-2317132,2,17,17,17,4,False,True,True
C3,OCNT-2317148,4,15,7,7,7,False,False,False
C3,OCNT-2317155,2,15,23,15,15,True,False,True
C3,OCNT-2317157,3,8,17,17,8,True,False,False
C3,OCNT-2317158,4,15,15,15,15,True,True,True
C3,OCNT-2317177,3,20,20,20,20,True,True,True
C3,OCNT-2317181,3,8,13,13,13,False,False,False
C3,OCNT-2317183,4,17,17,17,17,True,True,True
C3,OCNT-2317189,3,2,20,23,20,False,False,False
C3,OCNT-2317195,3,3,3,3,21,False,True,True
C3,OCNT-2317199,2,27,27,27,27,True,True,True
C3,OCNT-2317200,3,5,5,5,5,True,True,True
C3,OCNT-2317207,3,16,16,16,16,True,True,True
C3,OCNT-2317210,2,28,28,28,28,True,True,True
C3,OCNT-2317216,2,7,7,7,7,True,True,True
C3,OCNT-2317217,5,17,21,21,21,False,False,False
C3,OCNT-2317221,4,13,8,8,8,False,False,False
C3,OCNT-2317231,4,22,16,22,16,False,False,True
C3,OCNT-2317252,4,17,17,17,17,True,True,True
C3,OCNT-2317253,2,26,5,5,5,False,False,False
C3,OCNT-2317255,2,22,22,22,22,True,True,True
C3,OCNT-2317261,2,2,7,2,2,True,False,True
C3,OCNT-2317263,2,26,8,8,8,False,False,False
C3,OCNT-2317269,2,8,9,8,8,True,False,True
C3,OCNT-2317271,2,18,14,14,14,False,False,False
C3,OCNT-2317273,2,23,8,8,8,False,False,False
C3,OCNT-2317275,3,12,12,12,12,True,True,True
C3,OCNT-2317279,2,21,16,16,21,True,False,False
C3,OCNT-2317281,2,21,21,21,21,True,True,True
C3,OCNT-2317282,3,23,9,9,9,False,False,False
C3,OCNT-2317286,2,10,1,1,1,False,False,False
C3,OCNT-2317287,4,4,16,16,16,False,False,False
C3,OCNT-2317299,2,7,17,17,17,False,False,False
C3,OCNT-2317300,2,25,25,25,25,True,True,True
C3,OCNT-2317304,3,23,21,23,21,False,False,True
C3,OCNT-2317309,4,2,9,9,9,False,False,False
C3,OCNT-2317311,2,22,22,22,22,True,True,True
C3,OCNT-2317314,5,25,12,12,12,False,False,False
C3,OCNT-2317322,2,8,3,3,3,False,False,False
C3,OCNT-2317332,2,17,14,17,14,False,False,True
C3,OCNT-2317336,2,27,27,27,27,True,True,True
C3,OCNT-2317338,2,22,21,22,21,False,False,True
C3,OCNT-2317343,3,19,19,19,19,True,True,True
C3,OCNT-2317345,2,17,22,22,17,True,False,False
C3,OCNT-2317346,4,19,10,19,10,False,False,True
C3,OCNT-2317353,3,10,22,22,21,False,False,False
C3,OCNT-2317357,3,10,1,1,1,False,False,False
C3,OCNT-2317361,2,13,13,13,13,True,True,True
C3,OCNT-2317363,3,21,9,9,9,False,False,False
C3,OCNT-2317368,2,2,2,2,2,True,True,True
C3,OCNT-2317371,3,13,13,13,13,True,True,True
C3,OCNT-2317373,2,17,2,2,2,False,False,False
C3,OCNT-2317383,3,2,2,2,2,True,True,True
C3,OCNT-2317388,2,20,20,20,20,True,True,True
C3,OCNT-2317392,2,22,22,22,22,True,True,True
C3,OCNT-2317398,3,25,25,25,13,False,True,True
C3,OCNT-2317401,2,21,21,21,21,True,True,True
C3,OCNT-2317402,3,14,12,12,12,False,False,False
C3,OCNT-2317404,3,17,19,19,19,False,False,False
C3,OCNT-2317413,3,18,18,18,18,True,True,True
C3,OCNT-2317414,2,4,4,4,4,True,True,True
C3,OCNT-2317418,2,18,3,18,3,False,False,True
C3,OCNT-2317420,2,15,15,15,15,True,True,True
C3,OCNT-2317433,4,14,11,11,11,False,False,False
C3,OCNT-2317442,2,4,4,4,4,True,True,True
C3,OCNT-2317444,2,18,18,18,18,True,True,True
C3,OCNT-2317452,2,18,18,18,18,True,True,True
C3,OCNT-2317457,2,4,8,8,8,False,False,False
C3,OCNT-2317466,2,5,2,5,5,True,False,True
C3,OCNT-2317467,2,19,8,8,8,False,False,False
C3,OCNT-2317469,2,14,14,14,14,True,True,True
C3,OCNT-2317476,2,27,12,12,12,False,False,False
C3,OCNT-2317479,2,25,25,25,19,False,True,True
C3,OCNT-2317482,2,7,6,6,6,False,False,False
C3,OCNT-2317493,4,21,12,12,12,False,False,False
C3,OCNT-2317506,3,6,6,6,6,True,True,True
C3,OCNT-2317519,5,23,8,3,3,False,False,False
C3,OCNT-2317520,2,12,12,12,12,True,True,True
C3,OCNT-2317521,3,7,7,7,7,True,True,True
C3,OCNT-2317536,2,25,23,23,25,True,False,False
C3,OCNT-2317538,2,13,13,13,13,True,True,True
C3,OCNT-2317551,2,10,24,24,24,False,False,False
C3,OCNT-2317569,2,23,21,21,21,False,False,False
C3,OCNT-2317571,2,18,18,18,18,True,True,True
C3,OCNT-2317577,3,8,8,8,8,True,True,True
C3,OCNT-2317579,3,10,10,10,15,False,True,True
C3,OCNT-2317594,2,25,25,25,25,True,True,True
C3,OCNT-2317596,3,23,21,21,21,False,False,False
C3,OCNT-2317597,2,4,4,4,4,True,True,True
C3,OCNT-2317599,3,8,8,8,8,True,True,True
C3,OCNT-2317601,2,13,13,13,13,True,True,True
C3,OCNT-2317602,2,17,1,1,1,False,False,False
C3,OCNT-2317607,2,6,6,6,7,False,True,True
C3,OCNT-2317611,2,19,15,15,19,True,False,False
C3,OCNT-2317612,2,21,21,21,21,True,True,True
C3,OCNT-2317625,2,21,20,20,20,False,False,False
C3,OCNT-2317633,2,3,17,17,17,False,False,False
C3,OCNT-2317634,2,25,25,25,25,True,True,True
C3,OCNT-2317635,2,12,12,12,12,True,True,True
C3,OCNT-2317646,2,13,17,17,17,False,False,False
C3,OCNT-2317654,3,9,9,9,9,True,True,True
C3,OCNT-2317667,2,2,2,2,16,False,True,True
C3,OCNT-2317668,2,23,8,8,8,False,False,False
C3,OCNT-2317671,3,12,3,2,12,True,False,False
C3,OCNT-2317673,3,12,12,12,12,True,True,True
C3,OCNT-2317680,3,2,2,2,2,True,True,True
C3,OCNT-2317681,2,12,23,12,12,True,False,True
C3,OCNT-2317684,4,23,5,5,5,False,False,False
C3,OCNT-2317688,2,18,18,18,18,True,True,True
C3,OCNT-2317694,2,8,9,8,9,False,False,True
C3,OCNT-2317695,3,2,11,11,11,False,False,False
C3,OCNT-2317709,4,10,18,18,18,False,False,False
C3,OCNT-2317716,2,10,10,10,10,True,True,True
C3,OCNT-2317719,2,19,22,22,22,False,False,False
C3,OCNT-2317724,3,11,16,11,11,True,False,True
C3,OCNT-2317729,3,23,21,21,21,False,False,False
C3,OCNT-2317736,2,23,23,23,23,True,True,True
C3,OCNT-2317738,3,16,7,7,7,False,False,False
C3,OCNT-2317740,2,6,10,10,10,False,False,False
C3,OCNT-2317742,2,19,19,19,19,True,True,True
C3,OCNT-2317758,2,3,3,3,3,True,True,True
C3,OCNT-2317761,3,11,11,11,16,False,True,True
C3,OCNT-2317762,4,2,2,8,8,False,True,False
C3,OCNT-2317763,2,7,7,7,7,True,True,True
C3,OCNT-2317764,2,12,12,12,12,True,True,True
C3,OCNT-2317767,2,5,5,5,5,True,True,True
C3,OCNT-2317783,2,4,4,4,4,True,True,True
C3,OCNT-2317789,2,20,20,20,20,True,True,True
C3,OCNT-2317796,3,12,12,12,12,True,True,True
C3,OCNT-2317801,5,13,11,13,11,False,False,True
C3,OCNT-2317807,2,22,22,22,22,True,True,True
C3,OCNT-2317809,2,13,9,9,9,False,False,False
C3,OCNT-2317811,2,14,11,11,11,False,False,False
C3,OCNT-2317813,3,8,8,8,8,True,True,True
C3,OCNT-2317822,2,18,18,18,18,True,True,True
C3,OCNT-2317824,5,7,11,11,8,False,False,False
C3,OCNT-2317825,2,15,15,15,15,True,True,True
C3,OCNT-2317826,2,2,2,2,2,True,True,True
C3,OCNT-2317829,2,4,4,4,16,False,True,True
C3,OCNT-2317842,3,16,11,11,11,False,False,False
C3,OCNT-2317846,2,14,20,20,20,False,False,False
C3,OCNT-2317849,3,10,16,23,23,False,False,False
C3,OCNT-2317862,2,26,23,23,23,False,False,False
C3,OCNT-2317868,2,22,22,22,22,True,True,True
C3,OCNT-2317872,2,6,6,6,6,True,True,True
C3,OCNT-2317874,2,14,14,14,14,True,True,True
C3,OCNT-2317875,3,18,5,5,5,False,False,False
C3,OCNT-2317878,3,14,21,21,21,False,False,False
C3,OCNT-2317879,3,23,1,22,22,False,False,False
C3,OCNT-2317887,2,20,20,20,20,True,True,True
C3,OCNT-2317890,4,0,0,0,0,True,True,True
C3,OCNT-2317891,3,20,20,20,20,True,True,True
C3,OCNT-2317895,2,4,16,16,16,False,False,False
C3,OCNT-2317904,3,21,21,21,21,True,True,True
C3,OCNT-2317906,2,18,17,17,17,False,False,False
C3,OCNT-2317909,4,4,20,20,20,False,False,False
C3,OCNT-2317910,3,24,18,24,18,False,False,True
C3,OCNT-2317916,2,19,10,10,10,False,False,False
C3,OCNT-2317923,2,19,2,2,19,True,False,False
C3,OCNT-2317925,3,18,13,13,13,False,False,False
C3,OCNT-2317926,2,5,20,20,20,False,False,False
C3,OCNT-2317931,2,17,2,17,2,False,False,True
C3,OCNT-2317936,3,6,2,6,6,True,False,True
C3,OCNT-2317940,2,7,7,7,7,True,True,True
C3,OCNT-2317941,3,1,1,1,1,True,True,True
C3,OCNT-2317943,2,24,24,24,24,True,True,True
C3,OCNT-2317946,3,5,8,8,8,False,False,False
C3,OCNT-2317949,2,9,9,9,9,True,True,True
C3,OCNT-2317954,3,9,9,9,9,True,True,True
C3,OCNT-2317958,4,16,16,16,5,False,True,True
C3,OCNT-2317959,2,4,4,4,4,True,True,True
C3,OCNT-2317961,2,20,20,20,20,True,True,True
C3,OCNT-2317963,2,23,23,23,23,True,True,True
C3,OCNT-2317966,3,25,19,25,25,True,False,True
C3,OCNT-2317968,2,26,26,26,26,True,True,True
C3,OCNT-2317981,2,13,13,13,13,True,True,True
C3,OCNT-2317983,2,10,10,10,10,True,True,True
C3,OCNT-2317984,2,15,4,4,4,False,False,False
C3,OCNT-2317986,2,19,19,19,19,True,True,True
C3,OCNT-2317988,5,15,13,13,13,False,False,False
C3,OCNT-2318002,2,6,22,6,22,False,False,True
C3,OCNT-2318005,2,14,20,20,14,True,False,False
C3,OCNT-2318008,2,9,9,9,9,True,True,True
C3,OCNT-2318016,3,20,20,20,20,True,True,True
C3,OCNT-2318020,2,18,18,18,18,True,True,True
C3,OCNT-2318023,2,6,6,6,6,True,True,True
C3,OCNT-2318037,3,15,15,15,21,False,True,True
C3,OCNT-2318042,3,10,4,4,4,False,False,False
C3,OCNT-2318046,3,2,23,2,23,False,False,True
C3,OCNT-2318049,2,5,5,5,5,True,True,True
C3,OCNT-2318057,3,15,13,13,15,True,False,False
C3,OCNT-2318058,3,25,25,25,25,True,True,True
C3,OCNT-2318060,2,25,28,28,28,False,False,False
C3,OCNT-2318061,2,2,2,2,2,True,True,True
C3,OCNT-2318080,3,22,22,22,22,True,True,True
C3,OCNT-2318082,2,8,8,8,8,True,True,True
C3,OCNT-2318089,2,4,4,4,4,True,True,True
C3,OCNT-2318090,3,19,19,19,19,True,True,True
C3,OCNT-2318091,2,14,5,5,5,False,False,False
C3,OCNT-2318092,4,7,7,7,7,True,True,True
C3,OCNT-2318097,2,22,3,3,3,False,False,False
C3,OCNT-2318098,3,10,9,10,7,False,False,True
C3,OCNT-2318099,3,0,0,0,0,True,True,True
C3,OCNT-2318103,4,4,17,21,21,False,False,False
C3,OCNT-2318107,2,9,9,9,27,False,True,True
C3,OCNT-2318111,3,19,19,19,19,True,True,True
C3,OCNT-2318112,4,12,12,12,12,True,True,True
C3,OCNT-2318114,2,16,3,3,3,False,False,False
C3,OCNT-2318116,4,17,10,10,10,False,False,False
C3,OCNT-2318118,2,10,10,10,11,False,True,True
C3,OCNT-2318120,2,22,22,22,22,True,True,True
C3,OCNT-2318123,2,17,22,17,17,True,False,True
C3,OCNT-2318132,2,6,6,6,6,True,True,True
C3,OCNT-2318133,3,18,10,10,10,False,False,False
C3,OCNT-2318135,3,7,7,7,3,False,True,True
C3,OCNT-2318141,2,21,21,21,29,False,True,True
C3,OCNT-2318153,3,21,21,21,21,True,True,True
C3,OCNT-2318156,3,27,10,10,10,False,False,False
C3,OCNT-2318169,2,3,25,25,25,False,False,False
C3,OCNT-2318177,2,22,22,22,22,True,True,True
C3,OCNT-2318183,2,8,8,8,8,True,True,True
C3,OCNT-2318185,2,16,16,16,16,True,True,True
C3,OCNT-2318186,2,2,2,2,2,True,True,True
C3,OCNT-2318196,2,4,4,4,4,True,True,True
C3,OCNT-2318198,5,11,11,11,11,True,True,True
C3,OCNT-2318207,3,14,10,10,10,False,False,False
C3,OCNT-2318230,4,14,9,9,14,True,False,False
C3,OCNT-2318232,3,13,20,13,13,True,False,True
C3,OCNT-2318236,3,0,0,0,0,True,True,True
C3,OCNT-2318240,3,20,20,20,20,True,True,True
C3,OCNT-2318242,3,12,12,12,12,True,True,True
C3,OCNT-2318243,3,19,3,19,19,True,False,True
C3,OCNT-2318257,3,26,17,17,17,False,False,False
C3,OCNT-2318259,2,18,18,18,18,True,True,True
C3,OCNT-2318261,3,16,16,16,16,True,True,True
C3,OCNT-2318270,3,13,15,15,13,True,False,False
C3,OCNT-2318273,2,22,22,22,22,True,True,True
C3,OCNT-2318275,2,21,21,21,21,True,True,True
C3,OCNT-2318277,3,14,14,14,14,True,True,True
C3,OCNT-2318278,2,21,21,21,21,True,True,True
C3,OCNT-2318281,3,4,22,22,4,True,False,False
C3,OCNT-2318286,4,24,19,19,24,True,False,False
C3,OCNT-2318287,3,11,11,11,11,True,True,True
C3,OCNT-2318299,2,9,9,9,9,True,True,True
C3,OCNT-2318300,4,15,15,15,15,True,True,True
C3,OCNT-2318306,2,17,3,3,17,True,False,False
C3,OCNT-2318307,2,16,16,16,16,True,True,True
C3,OCNT-2318308,3,21,21,21,21,True,True,True
C3,OCNT-2318312,3,8,8,8,8,True,True,True
C3,OCNT-2318324,2,2,2,2,2,True,True,True
C3,OCNT-2318326,3,7,12,12,12,False,False,False
C3,OCNT-2318328,4,14,5,5,3,False,False,False
C3,OCNT-2318329,3,22,17,17,17,False,False,False
C3,OCNT-2318340,2,11,20,20,20,False,False,False
C3,OCNT-2318342,3,19,19,19,19,True,True,True
C3,OCNT-2318344,2,18,18,18,18,True,True,True
C3,OCNT-2318346,3,5,5,5,24,False,True,True
C3,OCNT-2318347,2,13,23,23,23,False,False,False
C3,OCNT-2318351,2,24,24,24,24,True,True,True
C3,OCNT-2318352,3,19,19,19,19,True,True,True
C3,OCNT-2318356,2,11,11,11,17,False,True,True
C3,OCNT-2318364,4,11,11,11,5,False,True,True
C3,OCNT-2318366,2,20,20,20,20,True,True,True
C3,OCNT-2318369,3,15,15,15,15,True,True,True
C3,OCNT-2318371,3,16,16,16,21,False,True,True
C3,OCNT-2318376,3,5,4,4,2,False,False,False
C3,OCNT-2318379,2,24,24,24,24,True,True,True
C3,OCNT-2318388,2,20,20,20,20,True,True,True
C3,OCNT-2318390,2,6,18,18,18,False,False,False
C3,OCNT-2318391,4,0,0,0,0,True,True,True
C3,OCNT-2318394,3,17,6,17,17,True,False,True
C3,OCNT-2318395,2,11,5,11,11,True,False,True
C3,OCNT-2318397,3,21,14,21,21,True,False,True
C3,OCNT-2318399,2,6,25,25,25,False,False,False
C3,OCNT-2318401,4,18,13,18,18,True,False,True
C3,OCNT-2318405,2,15,15,15,15,True,True,True
C3,OCNT-2318411,3,3,12,12,12,False,False,False
C3,OCNT-2318420,3,2,16,16,16,False,False,False
C3,OCNT-2318423,3,16,16,16,16,True,True,True
C3,OCNT-2318434,2,25,7,7,7,False,False,False
C3,OCNT-2318439,4,6,6,6,6,True,True,True
C3,OCNT-2318446,3,22,22,22,22,True,True,True
C3,OCNT-2318448,2,9,9,9,9,True,True,True
C3,OCNT-2318456,3,21,17,17,17,False,False,False
C3,OCNT-2318460,3,2,14,14,14,False,False,False
C3,OCNT-2318463,3,22,22,22,22,True,True,True
C3,OCNT-2318467,3,6,6,6,6,True,True,True
C3,OCNT-2318479,5,14,24,24,24,False,False,False
C3,OCNT-2318495,2,9,3,3,3,False,False,False
C3,OCNT-2318503,2,5,3,3,3,False,False,False
C3,OCNT-2318507,2,11,8,8,8,False,False,False
C3,OCNT-2318516,2,23,23,23,23,True,True,True
C3,OCNT-2318524,3,22,15,15,12,False,False,False
C3,OCNT-2318530,2,18,18,18,18,True,True,True
C3,OCNT-2318531,2,12,12,12,12,True,True,True
C3,OCNT-2318535,2,19,19,19,19,True,True,True
C3,OCNT-2318539,2,6,8,8,8,False,False,False
C3,OCNT-2318540,3,22,22,22,22,True,True,True
C3,OCNT-2318541,3,5,5,5,5,True,True,True
C3,OCNT-2318545,2,20,20,20,20,True,True,True
C3,OCNT-2318547,2,20,20,20,20,True,True,True
C3,OCNT-2318549,3,10,8,8,8,False,False,False
C3,OCNT-2318555,2,21,21,21,21,True,True,True
C3,OCNT-2318558,2,23,23,23,23,True,True,True
C3,OCNT-2318566,2,15,15,15,12,False,True,True
C3,OCNT-2318569,4,20,12,12,12,False,False,False
C3,OCNT-2318570,3,10,10,10,10,True,True,True
C3,OCNT-2318573,2,22,22,22,22,True,True,True
C3,OCNT-2318576,3,22,22,22,22,True,True,True
C3,OCNT-2318583,2,16,16,16,16,True,True,True
C3,OCNT-2318585,3,21,21,21,21,True,True,True
C3,OCNT-2318590,2,8,8,8,8,True,True,True
C3,OCNT-2318599,2,15,15,15,15,True,True,True
C3,OCNT-2318602,2,9,9,9,9,True,True,True
C3,OCNT-2318612,3,14,14,14,12,False,True,True
C3,OCNT-2318618,4,19,12,12,19,True,False,False
C3,OCNT-2318623,2,20,16,16,16,False,False,False
C3,OCNT-2318628,3,21,16,16,21,True,False,False
C3,OCNT-2318633,2,9,1,9,1,False,False,True
C3,OCNT-2318634,3,13,5,5,5,False,False,False
C3,OCNT-2318635,3,5,23,5,23,False,False,True
C3,OCNT-2318638,2,15,9,9,9,False,False,False
C3,OCNT-2318639,2,24,22,24,22,False,False,True
C3,OCNT-2318643,5,5,17,17,5,True,False,False
C3,OCNT-2318647,3,11,11,11,11,True,True,True
C3,OCNT-2318651,3,24,24,24,24,True,True,True
C3,OCNT-2318657,2,24,15,24,24,True,False,True
C3,OCNT-2318658,3,15,15,15,15,True,True,True
C3,OCNT-2318659,2,23,23,23,23,True,True,True
C3,OCNT-2318668,3,10,11,11,8,False,False,False
C3,OCNT-2318670,3,17,20,17,20,False,False,True
C3,OCNT-2318671,2,22,22,22,22,True,True,True
C3,OCNT-2318673,2,19,17,19,17,False,False,True
C3,OCNT-2318675,3,8,32,8,8,True,False,True
C3,OCNT-2318678,3,15,15,15,15,True,True,True
C3,OCNT-2318680,3,6,5,5,5,False,False,False
C3,OCNT-2318684,3,19,8,8,8,False,False,False
C3,OCNT-2318691,3,9,9,9,20,False,True,True
C3,OCNT-2328323,2,7,7,7,7,True,True,True
C3,OCNT-2328329,2,11,11,11,11,True,True,True
C3,OCNT-2328332,2,22,12,22,12,False,False,True
C3,OCNT-2328333,2,10,10,10,10,True,True,True
C3,OCNT-2328339,3,13,13,13,13,True,True,True
C3,OCNT-2328348,2,31,14,14,31,True,False,False
C3,OCNT-2328352,2,19,6,6,6,False,False,False
C3,OCNT-2328359,2,12,12,12,12,True,True,True
C3,OCNT-2328369,3,6,35,35,35,False,False,False
C3,OCNT-2328371,7,28,13,28,31,False,False,True
C3,OCNT-2328378,2,1,1,1,4,False,True,True
C3,OCNT-2328385,2,14,14,14,14,True,True,True
C3,OCNT-2328402,2,19,38,19,38,False,False,True
C3,OCNT-2328410,3,0,0,0,7,False,True,True
C3,OCNT-2328416,2,11,11,11,11,True,True,True
C3,OCNT-2328421,3,28,28,28,28,True,True,True
C3,OCNT-2328426,2,0,0,0,0,True,True,True
C3,OCNT-2328446,2,6,6,6,6,True,True,True
C3,OCNT-2328449,5,4,12,12,12,False,False,False
C3,OCNT-2328455,4,4,4,4,4,True,True,True
C3,OCNT-2328471,4,38,18,18,18,False,False,False
C3,OCNT-2328475,4,10,10,10,14,False,True,True
C3,OCNT-2328483,2,3,3,3,3,True,True,True
C3,OCNT-2328499,5,16,14,14,18,False,False,False
C3,OCNT-2328510,2,39,21,39,21,False,False,True
C3,OCNT-2328518,2,21,21,21,21,True,True,True
C3,OCNT-2328525,3,24,1,1,1,False,False,False
C3,OCNT-2328533,2,14,8,8,8,False,False,False
C3,OCNT-2328546,2,14,14,14,14,True,True,True
C3,OCNT-2328558,2,12,12,12,12,True,True,True
C3,OCNT-2328562,2,0,0,0,4,False,True,True
C3,OCNT-2328568,2,12,12,12,12,True,True,True
C3,OCNT-2328579,2,9,9,9,9,True,True,True
C3,OCNT-2328585,3,4,12,12,12,False,False,False
C3,OCNT-2328587,6,28,13,28,28,True,False,True
C3,OCNT-2328601,3,27,27,27,10,False,True,True
C3,OCNT-2328619,5,7,9,12,9,False,False,False
C3,OCNT-2328631,2,25,25,25,18,False,True,True
C3,OCNT-2328638,3,0,0,0,13,False,True,True
C3,OCNT-2328648,2,19,19,19,19,True,True,True
C3,OCNT-2328652,6,3,3,3,3,True,True,True
C3,OCNT-2328671,3,0,0,0,0,True,True,True
C3,OCNT-2328673,2,0,0,0,0,True,True,True
C3,OCNT-2328676,2,10,1,10,1,False,False,True
C3,OCNT-2328681,4,9,9,9,15,False,True,True
C3,OCNT-2328691,2,2,2,2,8,False,True,True
C3,OCNT-2328725,3,22,13,13,13,False,False,False
C3,OCNT-2328727,3,0,0,0,0,True,True,True
C3,OCNT-2328729,2,10,10,10,10,True,True,True
C3,OCNT-2328731,2,16,16,16,7,False,True,True
C3,OCNT-2328732,4,2,2,2,6,False,True,True
C3,OCNT-2328748,2,11,11,11,11,True,True,True
C3,OCNT-2328750,6,8,10,12,10,False,False,False
C3,OCNT-2328753,4,0,0,0,26,False,True,True
C3,OCNT-2328759,2,4,0,0,0,False,False,False
C3,OCNT-2328781,2,17,17,17,11,False,True,True
C3,OCNT-2328789,2,0,0,0,0,True,True,True
C3,OCNT-2328797,5,4,4,4,6,False,True,True
C3,OCNT-2328816,2,11,11,11,11,True,True,True
C3,OCNT-2328820,2,6,6,6,6,True,True,True
C3,OCNT-2328822,3,18,23,23,23,False,False,False
C3,OCNT-2328824,2,2,28,28,2,True,False,False
C3,OCNT-2328835,2,1,1,1,1,True,True,True
C3,OCNT-2328840,2,11,11,11,11,True,True,True
C3,OCNT-2328849,2,2,2,2,2,True,True,True
C3,OCNT-2328854,2,15,9,15,15,True,False,True
C3,OCNT-2328857,3,3,0,0,3,True,False,False
C3,OCNT-2328869,3,24,24,24,24,True,True,True
C3,OCNT-2328870,2,16,1,1,1,False,False,False
C3,OCNT-2328886,2,14,12,14,12,False,False,True
C3,OCNT-2328890,2,0,0,0,0,True,True,True
C3,OCNT-2328892,2,0,0,0,14,False,True,True
C3,OCNT-2328898,3,5,5,5,5,True,True,True
C3,OCNT-2328911,2,17,17,17,11,False,True,True
C3,OCNT-2328914,3,17,17,17,17,True,True,True
C3,OCNT-2328935,3,17,21,21,21,False,False,False
C3,OCNT-2328936,4,16,16,16,16,True,True,True
C3,OCNT-2328938,3,3,7,7,7,False,False,False
C3,OCNT-2328942,2,7,7,7,7,True,True,True
C3,OCNT-2328943,3,32,32,32,32,True,True,True
C3,OCNT-2328952,2,8,8,27,8,True,True,False
C3,OCNT-2328958,2,3,3,3,1,False,True,True
C3,OCNT-2328964,3,11,13,13,13,False,False,False
C3,OCNT-2328985,3,27,4,27,27,True,False,True
C3,OCNT-2328989,3,18,18,18,11,False,True,True
C3,OCNT-2328994,3,24,2,24,24,True,False,True
C3,OCNT-2395278,2,14,10,10,10,False,False,False
C3,OCNT-2395280,2,5,5,5,5,True,True,True
C3,OCNT-2395286,2,18,18,18,18,True,True,True
C3,OCNT-2395289,2,7,6,6,6,False,False,False
C3,OCNT-2395290,2,6,6,6,6,True,True,True
C3,OCNT-2395292,2,4,8,4,8,False,False,True
C3,OCNT-2395293,4,8,8,8,20,False,True,True
C3,OCNT-2395294,2,4,5,4,4,True,False,True
C3,OCNT-2395295,4,9,21,9,9,True,False,True
C3,OCNT-2395296,2,3,8,8,8,False,False,False
C3,OCNT-2395301,2,10,10,10,10,True,True,True
C3,OCNT-2395302,3,11,2,2,2,False,False,False
C3,OCNT-2395305,3,3,3,3,3,True,True,True
C3,OCNT-2395308,2,23,23,23,23,True,True,True
C3,OCNT-2395309,3,5,20,20,8,False,False,False
C3,OCNT-2395315,2,13,13,13,13,True,True,True
C3,OCNT-2395318,4,3,13,13,13,False,False,False
C3,OCNT-2395319,2,9,9,9,9,True,True,True
C3,OCNT-2395324,3,6,5,5,5,False,False,False
C3,OCNT-2395326,2,19,19,19,19,True,True,True
C3,OCNT-2395334,2,21,21,21,21,True,True,True
C3,OCNT-2395341,2,19,15,19,19,True,False,True
C3,OCNT-2395343,3,6,24,24,24,False,False,False
C3,OCNT-2395344,4,3,13,13,13,False,False,False
C3,OCNT-2395347,2,22,22,22,22,True,True,True
C3,OCNT-2395350,2,3,3,3,3,True,True,True
C3,OCNT-2395356,2,10,10,10,10,True,True,True
C3,OCNT-2395357,2,6,15,15,15,False,False,False
C3,OCNT-2395358,4,16,21,16,16,True,False,True
C3,OCNT-2395359,3,15,15,15,15,True,True,True
C3,OCNT-2395361,4,16,16,16,16,True,True,True
C3,OCNT-2395371,3,18,18,18,18,True,True,True
C3,OCNT-2395372,2,21,15,15,15,False,False,False
C3,OCNT-2395373,2,14,8,8,8,False,False,False
C3,OCNT-2395374,4,14,14,14,14,True,True,True
C3,OCNT-2395375,3,6,19,6,6,True,False,True
C3,OCNT-2395377,3,12,12,12,12,True,True,True
C3,OCNT-2395378,5,14,14,14,14,True,True,True
C3,OCNT-2395380,4,16,2,2,2,False,False,False
C3,OCNT-2395382,2,9,12,12,12,False,False,False
C3,OCNT-2395388,4,4,9,4,6,False,False,True
C3,OCNT-2395389,2,16,16,16,16,True,True,True
C3,OCNT-2395390,4,22,22,22,22,True,True,True
C3,OCNT-2395392,4,11,16,16,14,False,False,False
C3,OCNT-2395393,5,3,10,10,10,False,False,False
C3,OCNT-2395396,2,21,21,15,15,False,True,False
C3,OCNT-2395398,2,6,6,6,2,False,True,True
C3,OCNT-2395402,2,21,21,21,21,True,True,True
C3,OCNT-2395405,2,19,2,2,19,True,False,False
C3,OCNT-2395406,3,3,3,3,3,True,True,True
C3,OCNT-2395408,2,14,7,14,7,False,False,True
C3,OCNT-2395416,3,17,17,17,17,True,True,True
C3,OCNT-2395420,2,2,4,2,2,True,False,True
C3,OCNT-2395422,4,17,17,17,17,True,True,True
C3,OCNT-2395426,2,15,15,15,15,True,True,True
C3,OCNT-2395428,4,9,20,9,9,True,False,True
C3,OCNT-2395429,2,5,5,5,5,True,True,True
C3,OCNT-2395432,2,12,12,12,12,True,True,True
C3,OCNT-2395434,3,18,17,22,22,False,False,False
C3,OCNT-2395437,2,18,18,18,18,True,True,True
C3,OCNT-2395438,4,3,3,3,3,True,True,True
C3,OCNT-2395441,2,11,11,11,18,False,True,True
C3,OCNT-2395442,3,5,5,5,5,True,True,True
C3,OCNT-2395445,3,15,15,15,15,True,True,True
C3,OCNT-2395448,2,16,16,16,16,True,True,True
C3,OCNT-2395449,2,5,5,5,5,True,True,True
C3,OCNT-2395451,2,13,13,13,13,True,True,True
C3,OCNT-2395452,2,1,1,1,1,True,True,True
C3,OCNT-2395453,2,11,11,11,14,False,True,True
C3,OCNT-2395457,3,15,20,15,15,True,False,True
C3,OCNT-2395461,2,20,20,20,20,True,True,True
C3,OCNT-2395463,2,12,12,12,12,True,True,True
C3,OCNT-2395468,2,5,5,5,5,True,True,True
C3,OCNT-2395470,3,21,21,21,21,True,True,True
C3,OCNT-2395471,2,18,18,18,18,True,True,True
C3,OCNT-2395472,2,1,1,1,1,True,True,True
C3,OCNT-2395474,4,13,13,13,13,True,True,True
C3,OCNT-2395475,6,22,13,13,5,False,False,False
C3,OCNT-2395478,3,6,27,6,6,True,False,True
C3,OCNT-2395479,2,22,22,22,22,True,True,True
C3,OCNT-2395484,4,9,9,9,24,False,True,True
C3,OCNT-2395486,3,12,22,22,22,False,False,False
C3,OCNT-2395488,3,13,23,23,23,False,False,False
C3,OCNT-2395489,2,6,20,20,20,False,False,False
C3,OCNT-2395493,2,20,20,20,20,True,True,True
C3,OCNT-2395495,2,11,11,11,14,False,True,True
C3,OCNT-2395498,2,8,18,18,8,True,False,False
C3,OCNT-2395499,5,17,10,15,10,False,False,False
C3,OCNT-2395500,3,13,23,13,23,False,False,True
C3,OCNT-2395502,2,5,5,5,5,True,True,True
C3,OCNT-2395503,2,14,14,14,14,True,True,True
C3,OCNT-2395507,2,21,10,10,10,False,False,False
C3,OCNT-2395511,2,7,7,7,7,True,True,True
C3,OCNT-2395514,4,3,20,20,20,False,False,False
C3,OCNT-2395515,2,2,6,6,6,False,False,False
C3,OCNT-2395516,4,13,6,6,6,False,False,False
C3,OCNT-2395521,2,19,19,19,19,True,True,True
C3,OCNT-2395529,2,18,18,18,18,True,True,True
C3,OCNT-2395534,3,22,22,22,6,False,True,True
C3,OCNT-2395535,2,20,20,20,20,True,True,True
C3,OCNT-2395539,2,15,14,14,14,False,False,False
C3,OCNT-2395549,4,2,2,2,2,True,True,True
C3,OCNT-2395552,4,22,22,22,22,True,True,True
C3,OCNT-2395555,2,28,29,28,28,True,False,True
C3,OCNT-2395559,2,23,23,23,23,True,True,True
C3,OCNT-2395561,4,3,3,3,3,True,True,True
C3,OCNT-2395562,4,3,10,10,10,False,False,False
C3,OCNT-2395563,3,18,18,18,18,True,True,True
C3,OCNT-2395564,2,2,5,5,5,False,False,False
C3,OCNT-2395566,4,3,18,18,18,False,False,False
C3,OCNT-2395567,3,16,20,16,20,False,False,True
C3,OCNT-2395568,2,6,6,6,6,True,True,True
C3,OCNT-2395570,3,17,17,17,17,True,True,True
C3,OCNT-2395571,3,2,2,2,2,True,True,True
C3,OCNT-2395573,2,5,5,5,5,True,True,True
C3,OCNT-2395577,2,16,16,16,16,True,True,True
C3,OCNT-2395580,2,25,1,1,1,False,False,False
C3,OCNT-2395583,4,13,23,14,13,True,False,False
C3,OCNT-2395586,2,14,14,14,1,False,True,True
C3,OCNT-2395587,3,4,8,8,8,False,False,False
C3,OCNT-2395588,4,12,21,21,21,False,False,False
C3,OCNT-2395589,5,2,8,2,8,False,False,True
C3,OCNT-2395591,2,6,6,6,6,True,True,True
C3,OCNT-2395596,2,13,16,16,16,False,False,False
C3,OCNT-2395599,4,22,22,22,5,False,True,True
C3,OCNT-2395603,4,22,22,22,5,False,True,True
C3,OCNT-2395604,5,8,8,8,5,False,True,True
C3,OCNT-2395609,5,14,14,14,4,False,True,True
C3,OCNT-2395614,2,3,3,3,3,True,True,True
C3,OCNT-2395616,4,25,25,25,5,False,True,True
C3,OCNT-2395618,3,6,15,6,6,True,False,True
C3,OCNT-2395621,3,3,3,3,3,True,True,True
C3,OCNT-2395624,2,18,18,14,14,False,True,False
C3,OCNT-2395625,2,3,3,3,3,True,True,True
C3,OCNT-2395628,4,11,7,4,7,False,False,False
C3,OCNT-2395629,2,5,27,27,5,True,False,False
C3,OCNT-2395630,2,25,15,25,15,False,False,True
C3,OCNT-2395632,4,12,5,5,5,False,False,False
C3,OCNT-2395636,2,17,17,17,17,True,True,True
C3,OCNT-2395637,2,18,16,16,16,False,False,False
C3,OCNT-2395639,2,16,16,16,16,True,True,True
C3,OCNT-2395640,2,15,20,20,20,False,False,False
C3,OCNT-2395647,2,3,3,3,3,True,True,True
C3,OCNT-2395653,2,11,11,11,11,True,True,True
C3,OCNT-2395659,3,16,16,16,16,True,True,True
C3,OCNT-2395662,2,6,6,6,6,True,True,True
C3,OCNT-2395665,2,5,5,5,5,True,True,True
C3,OCNT-2395668,6,22,22,22,7,False,True,True
C3,OCNT-2395669,4,26,26,26,5,False,True,True
C3,OCNT-2395670,3,19,19,19,19,True,True,True
C3,OCNT-2395676,2,5,5,5,5,True,True,True
C3,OCNT-2395677,2,3,3,3,3,True,True,True
C3,OCNT-2395678,3,17,17,17,17,True,True,True
C3,OCNT-2395680,2,5,5,5,5,True,True,True
C3,OCNT-2395682,2,5,5,5,5,True,True,True
C3,OCNT-2395683,2,17,6,6,6,False,False,False
C3,OCNT-2395684,3,23,1,23,1,False,False,True
C3,OCNT-2395687,3,6,19,19,6,True,False,False
C3,OCNT-2395691,3,3,17,17,3,True,False,False
C3,OCNT-2395695,2,5,5,5,5,True,True,True
C3,OCNT-2395696,3,13,9,9,9,False,False,False
C3,OCNT-2395697,2,17,17,17,17,True,True,True
C3,OCNT-2395700,2,5,5,5,5,True,True,True
C3,OCNT-2395703,2,2,2,2,2,True,True,True
C3,OCNT-2395706,2,6,6,6,6,True,True,True
C3,OCNT-2395707,4,3,3,3,3,True,True,True
C3,OCNT-2395708,2,19,19,19,19,True,True,True
C3,OCNT-2395709,2,19,19,19,19,True,True,True
C3,OCNT-2395711,2,18,18,18,18,True,True,True
C3,OCNT-2395712,2,22,22,22,22,True,True,True
C3,OCNT-2395713,3,6,6,6,6,True,True,True
C3,OCNT-2395717,3,21,21,21,21,True,True,True
C3,OCNT-2395719,3,13,13,13,13,True,True,True
C3,OCNT-2395729,3,13,21,13,21,False,False,True
C3,OCNT-2395731,4,22,14,14,12,False,False,False
C3,OCNT-2395738,2,3,16,16,16,False,False,False
C3,OCNT-2395741,2,18,4,18,4,False,False,True
C3,OCNT-2395742,3,4,18,4,21,False,False,True
C3,OCNT-2395748,3,2,2,2,2,True,True,True
C3,OCNT-2395751,6,13,23,23,23,False,False,False
C3,OCNT-2395753,2,6,6,6,6,True,True,True
C3,OCNT-2395754,2,20,20,20,20,True,True,True
C3,OCNT-2395755,2,10,10,10,7,False,True,True
C3,OCNT-2395761,2,11,11,11,14,False,True,True
C3,OCNT-2395763,2,6,27,6,6,True,False,True
C3,OCNT-2395767,2,12,2,2,2,False,False,False
C3,OCNT-2395768,2,9,9,9,19,False,True,True
C3,OCNT-2395770,2,18,18,18,18,True,True,True
C3,OCNT-2395771,4,18,5,5,5,False,False,False
C3,OCNT-2395773,2,18,18,18,18,True,True,True
C3,OCNT-2395774,4,22,22,22,5,False,True,True
C3,OCNT-2395775,2,18,18,18,19,False,True,True
C3,OCNT-2395778,2,17,17,17,17,True,True,True
C3,OCNT-2395780,3,26,26,26,26,True,True,True
C3,OCNT-2395781,2,16,16,16,16,True,True,True
C3,OCNT-2395782,2,2,2,17,17,False,True,False
C3,OCNT-2395785,2,20,20,20,20,True,True,True
C3,OCNT-2395787,2,19,18,18,18,False,False,False
C3,OCNT-2395790,2,21,23,21,21,True,False,True
C3,OCNT-2395793,2,22,22,22,22,True,True,True
C3,OCNT-2395795,2,5,5,5,5,True,True,True
C3,OCNT-2395797,2,20,20,20,20,True,True,True
C3,OCNT-2395798,2,10,10,10,10,True,True,True
C3,OCNT-0010024,2,10,2,2,2,False,False,False
C3,OCNT-1498525,2,0,0,0,13,False,True,True
C3,OCNT-2148029,3,10,10,10,4,False,True,True
C3,OCNT-2308485,4,7,7,7,7,True,True,True
C3,OCNT-2311186,3,18,20,20,20,False,False,False
C3,OCNT-2314689,2,20,22,22,22,False,False,False
C3,OCNT-2534775,3,10,10,10,10,True,True,True
C3,OCNT-2534776,2,22,22,22,22,True,True,True
C3,OCNT-2534778,2,19,8,8,8,False,False,False
C3,OCNT-2534781,2,21,21,21,21,True,True,True
C3,OCNT-2534784,3,4,4,4,23,False,True,True
C3,OCNT-2534785,2,21,23,21,21,True,False,True
C3,OCNT-2534805,2,13,13,13,13,True,True,True
C3,OCNT-2534806,2,6,6,6,6,True,True,True
C3,OCNT-2534809,3,16,16,16,14,False,True,True
C3,OCNT-2534810,3,5,4,4,2,False,False,False
C3,OCNT-2534823,3,11,24,11,11,True,False,True
C3,OCNT-2534828,2,13,13,13,13,True,True,True
C3,OCNT-2534833,2,2,17,2,17,False,False,True
C3,OCNT-2534835,2,2,2,2,16,False,True,True
C3,OCNT-2534836,2,6,6,6,6,True,True,True
C3,OCNT-2534837,2,11,11,11,11,True,True,True
C3,OCNT-2534838,2,6,6,6,6,True,True,True
C3,OCNT-2534839,2,6,6,6,6,True,True,True
C3,OCNT-2534845,2,4,19,4,19,False,False,True
C3,OCNT-2534850,2,24,24,24,24,True,True,True
C3,OCNT-2534858,3,12,12,12,12,True,True,True
C3,OCNT-2534860,2,19,10,10,10,False,False,False
C3,OCNT-2534861,3,12,3,3,3,False,False,False
C3,OCNT-2534862,2,12,3,3,3,False,False,False
C3,OCNT-2534863,2,12,3,3,3,False,False,False
C3,OCNT-2534864,2,12,3,3,3,False,False,False
C3,OCNT-2534866,3,23,23,23,23,True,True,True
C3,OCNT-2534868,2,4,4,4,4,True,True,True
C3,OCNT-2534869,2,19,19,19,22,False,True,True
C3,OCNT-2534872,2,10,10,10,17,False,True,True
C3,OCNT-2534873,2,11,11,11,18,False,True,True
C3,OCNT-2534874,2,12,12,12,19,False,True,True
C3,OCNT-2534875,2,21,2,2,2,False,False,False
C3,OCNT-2534878,2,9,9,9,12,False,True,True
C3,OCNT-2534879,3,21,11,11,21,True,False,False
C3,OCNT-2534882,3,27,16,27,16,False,False,True
C3,OCNT-2534888,2,17,3,3,3,False,False,False
C3,OCNT-2534892,3,5,10,24,10,False,False,False
C3,OCNT-2534910,2,17,2,2,2,False,False,False
C3,OCNT-2534924,3,22,5,5,5,False,False,False
C3,OCNT-2534925,4,25,25,25,25,True,True,True
C3,OCNT-2534930,2,15,22,15,22,False,False,True
C3,OCNT-2534934,3,2,13,2,2,True,False,True
C3,OCNT-2534949,3,3,18,18,18,False,False,False
C3,OCNT-2534950,3,3,20,20,20,False,False,False
C3,OCNT-2534951,4,21,11,24,11,False,False,False
C3,OCNT-2534952,2,3,3,3,3,True,True,True
C3,OCNT-2534954,3,20,3,3,3,False,False,False
C3,OCNT-2534955,4,23,23,23,23,True,True,True
C3,OCNT-2534958,3,27,18,18,18,False,False,False
C3,OCNT-2534960,2,17,2,2,2,False,False,False
C3,OCNT-2534963,2,18,2,2,2,False,False,False
C3,OCNT-2534964,2,2,2,2,2,True,True,True
C3,OCNT-2534965,2,2,2,2,2,True,True,True
C3,OCNT-2534969,2,3,3,3,3,True,True,True
C3,OCNT-2534972,4,3,23,23,23,False,False,False
C3,OCNT-2534974,2,2,2,2,2,True,True,True
C3,OCNT-2534975,3,22,20,20,20,False,False,False
C3,OCNT-2534976,2,0,0,0,0,True,True,True
C3,OCNT-2534977,2,11,11,11,11,True,True,True
C3,OCNT-2534978,2,19,19,19,19,True,True,True
C3,OCNT-2534979,2,18,18,18,18,True,True,True
C3,OCNT-2534985,2,18,18,18,18,True,True,True
C3,OCNT-2534992,2,17,17,17,14,False,True,True
C3,OCNT-2534995,2,10,10,10,10,True,True,True
C3,OCNT-2534998,2,10,10,10,10,True,True,True
C3,OCNT-2535000,2,13,13,13,13,True,True,True
C3,OCNT-2535002,3,14,17,17,14,True,False,False
C3,OCNT-2535004,2,16,16,16,19,False,True,True
C3,OCNT-2535007,3,11,24,24,24,False,False,False
C3,OCNT-2535012,2,11,11,11,17,False,True,True
C3,OCNT-2535015,3,3,8,8,8,False,False,False
C3,OCNT-2535020,2,22,22,22,22,True,True,True
C3,OCNT-2535023,2,25,9,9,9,False,False,False
C3,OCNT-2535030,2,22,22,22,22,True,True,True
C3,OCNT-2535033,2,10,10,10,10,True,True,True
C3,OCNT-2535034,2,10,10,10,10,True,True,True
C3,OCNT-2535035,2,12,12,12,12,True,True,True
C3,OCNT-2535036,2,23,23,23,23,True,True,True
C3,OCNT-2535037,2,18,18,18,18,True,True,True
C3,OCNT-2535039,3,20,20,20,15,False,True,True
C3,OCNT-2535045,3,17,17,17,17,True,True,True
C3,OCNT-2535047,2,11,21,21,21,False,False,False
C3,OCNT-2535048,3,21,18,21,21,True,False,True
C3,OCNT-2535051,2,6,18,18,18,False,False,False
C3,OCNT-2535059,2,25,26,26,25,True,False,False
C3,OCNT-2535061,2,9,9,9,9,True,True,True
C3,OCNT-2535062,2,2,2,2,2,True,True,True
C3,OCNT-2535066,2,13,16,16,16,False,False,False
C3,OCNT-2535067,2,20,3,20,3,False,False,True
C3,OCNT-2535071,2,21,21,20,21,True,True,False
C3,OCNT-2535076,2,8,27,27,27,False,False,False
C3,OCNT-2535077,2,16,10,10,10,False,False,False
C3,OCNT-2535081,2,9,5,5,5,False,False,False
C3,OCNT-2535082,2,11,11,11,20,False,True,True
C3,OCNT-2535083,2,18,18,18,18,True,True,True
C3,OCNT-2535084,2,3,3,3,3,True,True,True
C3,OCNT-2535086,2,12,12,12,12,True,True,True
C3,OCNT-2535087,2,16,16,16,16,True,True,True
C3,OCNT-2535088,4,12,3,3,3,False,False,False
C3,OCNT-2535091,2,17,17,17,17,True,True,True
C3,OCNT-2535097,2,26,26,26,19,False,True,True
C3,OCNT-2535098,2,14,14,14,21,False,True,True
C3,OCNT-2535099,2,18,18,18,18,True,True,True
C3,OCNT-2535100,2,5,3,5,5,True,False,True
C3,OCNT-2535101,3,11,21,21,21,False,False,False
C3,OCNT-2535102,2,21,21,21,21,True,True,True
C3,OCNT-2535115,2,6,17,17,17,False,False,False
C3,OCNT-2535133,2,20,20,20,20,True,True,True
C3,OCNT-2535137,2,3,3,3,3,True,True,True
C3,OCNT-2535141,2,12,12,12,19,False,True,True
C3,OCNT-2535143,3,16,16,16,16,True,True,True
C3,OCNT-2535146,2,14,14,14,14,True,True,True
C3,OCNT-2535147,2,9,9,9,9,True,True,True
C3,OCNT-2535148,2,12,15,15,15,False,False,False
C3,OCNT-2535150,2,15,18,18,18,False,False,False
C3,OCNT-2535152,2,5,5,5,5,True,True,True
C3,OCNT-2535154,3,16,15,15,13,False,False,False
C3,OCNT-2535155,3,15,14,14,12,False,False,False
C3,OCNT-2535156,3,4,4,4,2,False,True,True
C3,OCNT-2535158,3,5,5,5,2,False,True,True
C3,OCNT-2535160,3,5,4,4,2,False,False,False
C3,OCNT-2535161,3,5,4,4,2,False,False,False
C3,OCNT-2535164,2,13,23,23,13,True,False,False
C3,OCNT-2535166,3,11,11,11,11,True,True,True
C3,OCNT-2535167,3,12,16,19,19,False,False,False
C3,OCNT-2535168,3,11,11,11,11,True,True,True
C3,OCNT-2535171,2,22,22,22,4,False,True,True
C3,OCNT-2535172,3,3,12,3,12,False,False,True
C3,OCNT-2535177,3,16,5,5,16,True,False,False
C3,OCNT-2535184,2,22,5,22,5,False,False,True
C3,OCNT-2535194,2,18,2,2,18,True,False,False
C3,OCNT-2535199,2,12,12,12,18,False,True,True
C3,OCNT-2535201,2,17,17,17,17,True,True,True
C3,OCNT-2535202,2,5,5,5,5,True,True,True
C3,OCNT-2535204,2,21,21,21,21,True,True,True
C3,OCNT-2535205,2,15,15,15,15,True,True,True
C3,OCNT-2535212,2,13,13,13,13,True,True,True
C3,OCNT-2535213,3,20,26,20,26,False,False,True
C3,OCNT-2535215,2,5,5,5,5,True,True,True
C3,OCNT-2535216,2,16,16,16,16,True,True,True
C3,OCNT-2535219,3,3,11,11,11,False,False,False
C3,OCNT-2535220,2,9,12,12,12,False,False,False
C3,OCNT-2535221,2,7,8,8,7,True,False,False
C3,OCNT-2535224,2,5,5,5,5,True,True,True
C3,OCNT-2535225,2,3,23,3,3,True,False,True
C3,OCNT-2535226,2,16,13,13,16,True,False,False
C3,OCNT-2535229,2,21,21,21,21,True,True,True
C3,OCNT-2535231,2,1,1,1,1,True,True,True
C3,OCNT-2535233,2,18,18,18,18,True,True,True
C3,OCNT-2535234,2,21,21,21,21,True,True,True
C3,OCNT-2535242,2,6,6,6,6,True,True,True
C3,OCNT-2535251,2,10,24,24,24,False,False,False
C3,OCNT-2535254,2,20,8,8,8,False,False,False
C3,OCNT-2535255,3,21,21,21,21,True,True,True
C3,OCNT-2535256,2,18,18,18,18,True,True,True
C3,OCNT-2535257,2,0,0,0,0,True,True,True
C3,OCNT-2535258,2,12,20,20,20,False,False,False
C3,OCNT-2535260,3,16,16,16,16,True,True,True
C3,OCNT-2535261,2,12,12,12,3,False,True,True
C3,OCNT-2535263,3,19,22,22,19,True,False,False
C3,OCNT-2535264,3,10,10,10,12,False,True,True
C3,OCNT-2535271,2,13,13,13,13,True,True,True
C3,OCNT-2535278,2,1,4,1,1,True,False,True
C3,OCNT-2535284,2,10,10,10,10,True,True,True
C3,OCNT-2535286,2,2,5,2,2,True,False,True
C3,OCNT-2535290,2,22,24,22,22,True,False,True
C3,OCNT-2535293,3,22,22,22,8,False,True,True
C3,OCNT-2535299,2,10,10,10,10,True,True,True
C3,OCNT-2535306,2,9,1,1,1,False,False,False
C3,OCNT-2535321,3,11,17,17,17,False,False,False
C3,OCNT-2535328,2,16,16,16,16,True,True,True
C3,OCNT-2535334,2,11,11,11,13,False,True,True
C3,OCNT-2535335,2,11,11,11,13,False,True,True
C3,OCNT-2535336,2,18,18,18,20,False,True,True
C3,OCNT-2535337,2,11,11,11,13,False,True,True
C3,OCNT-2535338,2,11,11,11,13,False,True,True
C3,OCNT-2535342,3,24,7,7,7,False,False,False
C3,OCNT-2535344,2,20,8,8,8,False,False,False
C3,OCNT-2535346,3,12,3,3,3,False,False,False
C3,OCNT-2535348,3,21,3,21,3,False,False,True
C3,OCNT-2535351,3,20,17,20,17,False,False,True
C3,OCNT-2535355,3,3,3,3,3,True,True,True
C3,OCNT-2535356,2,24,24,24,24,True,True,True
C3,OCNT-2535357,2,23,1,1,1,False,False,False
C3,OCNT-2535358,2,20,19,20,19,False,False,True
C3,OCNT-2535360,2,17,17,17,17,True,True,True
C3,OCNT-2535361,2,6,6,6,6,True,True,True
C3,OCNT-2535362,2,22,22,22,22,True,True,True
C3,OCNT-2535364,2,14,14,14,14,True,True,True
C3,OCNT-2535367,2,2,2,2,2,True,True,True
C3,OCNT-2535370,2,2,2,2,2,True,True,True
C3,OCNT-2535371,2,11,11,11,13,False,True,True
C3,OCNT-2535372,2,11,11,11,13,False,True,True
C3,OCNT-2535373,2,17,17,17,19,False,True,True
C3,OCNT-2535374,2,20,20,20,22,False,True,True
C3,OCNT-2535375,2,18,18,18,18,True,True,True
C3,OCNT-2535385,2,21,21,21,21,True,True,True
C3,OCNT-2535386,2,21,21,21,21,True,True,True
C3,OCNT-2535388,4,3,13,3,3,True,False,True
C3,OCNT-2535391,2,1,4,1,1,True,False,True
C3,OCNT-2535394,3,8,3,3,3,False,False,False
C3,OCNT-2535398,2,12,2,2,2,False,False,False
C3,OCNT-2535400,2,9,9,9,12,False,True,True
C3,OCNT-2535412,3,17,17,17,17,True,True,True
C3,OCNT-2535415,2,14,16,16,14,True,False,False
C3,OCNT-2535416,2,2,10,10,2,True,False,False
C3,OCNT-2535418,2,5,5,5,13,False,True,True
C3,OCNT-2535424,2,9,9,9,12,False,True,True
C3,OCNT-2535432,3,11,16,16,11,True,False,False
C3,OCNT-2535433,3,11,16,11,11,True,False,True
C3,OCNT-2535436,2,4,20,4,20,False,False,True
C3,OCNT-2535461,4,0,0,0,0,True,True,True
C3,OCNT-2535462,5,0,0,0,0,True,True,True
C3,OCNT-2535463,4,0,0,0,0,True,True,True
C3,OCNT-2535464,4,24,24,24,24,True,True,True
C3,OCNT-2535465,3,18,18,18,18,True,True,True
C3,OCNT-2535466,3,25,25,25,25,True,True,True
C3,OCNT-2535467,4,20,20,20,20,True,True,True
C3,OCNT-2535468,3,13,17,17,17,False,False,False
C3,OCNT-2535469,4,24,24,24,24,True,True,True
C3,OCNT-2535471,4,0,0,0,0,True,True,True
C3,OCNT-2535474,2,2,17,17,2,True,False,False
C3,OCNT-2535477,2,16,11,11,16,True,False,False
C3,OCNT-2535491,2,22,14,14,22,True,False,False
C3,OCNT-2535521,2,10,10,10,13,False,True,True
C3,OCNT-2535523,2,25,25,25,25,True,True,True
C3,OCNT-2535524,3,20,20,20,17,False,True,True
C3,OCNT-2535533,2,6,6,6,6,True,True,True
C3,OCNT-2535536,2,6,9,9,9,False,False,False
C3,OCNT-2535537,2,17,20,20,20,False,False,False
C3,OCNT-2535538,2,13,13,13,16,False,True,True
C3,OCNT-2535539,2,5,5,5,5,True,True,True
C3,OCNT-2535547,2,24,13,13,13,False,False,False
C3,OCNT-2535552,2,19,19,19,19,True,True,True
C3,OCNT-2535555,4,0,0,0,0,True,True,True
C3,OCNT-2535559,3,11,16,11,11,True,False,True
C3,OCNT-2535563,2,3,20,3,20,False,False,True
C3,OCNT-2535565,2,17,17,17,17,True,True,True
C3,OCNT-2535566,2,17,17,17,17,True,True,True
C3,OCNT-2535567,3,5,6,5,19,False,False,True
C3,OCNT-2535574,3,16,19,16,19,False,False,True
C3,OCNT-2535579,4,2,2,2,2,True,True,True
C3,OCNT-2535596,2,3,3,3,3,True,True,True
C3,OCNT-2535597,5,0,0,0,0,True,True,True
C3,OCNT-2535605,2,11,8,8,11,True,False,False
C3,OCNT-2535606,2,16,16,16,14,False,True,True
C3,OCNT-2535611,2,18,18,18,9,False,True,True
C3,OCNT-2535623,2,14,14,11,14,True,True,False
C3,OCNT-2535625,2,20,20,20,20,True,True,True
C3,OCNT-2535626,3,21,17,17,17,False,False,False
C3,OCNT-2535630,2,15,27,27,27,False,False,False
C3,OCNT-2535634,2,2,19,19,19,False,False,False
C3,OCNT-2535642,3,24,10,10,10,False,False,False
C3,OCNT-2535643,3,26,7,7,7,False,False,False
C3,OCNT-2535644,2,13,0,0,13,True,False,False
C3,OCNT-2535645,2,12,12,12,12,True,True,True
C3,OCNT-2535648,2,7,7,7,7,True,True,True
C3,OCNT-2535649,3,12,11,11,9,False,False,False
C3,OCNT-2535650,2,8,8,8,8,True,True,True
C3,OCNT-2535651,3,5,5,5,17,False,True,True
C3,OCNT-2535652,2,20,2,2,2,False,False,False
C3,OCNT-2535653,2,16,0,0,0,False,False,False
C3,OCNT-2535654,2,10,1,1,1,False,False,False
C3,OCNT-2535655,2,22,22,22,22,True,True,True
C3,OCNT-2535657,4,13,13,13,13,True,True,True
C3,OCNT-2535659,2,8,8,8,8,True,True,True
C3,OCNT-2535660,2,5,5,5,5,True,True,True
C3,OCNT-2535661,2,8,8,8,8,True,True,True
C3,OCNT-2535662,2,8,8,8,8,True,True,True
C3,OCNT-2535663,2,8,8,8,8,True,True,True
C3,OCNT-2535664,2,8,8,8,8,True,True,True
C3,OCNT-2535665,2,8,8,8,8,True,True,True
C3,OCNT-2535667,2,2,2,2,2,True,True,True
C3,OCNT-2535668,2,9,9,9,4,False,True,True
C3,OCNT-2535670,2,15,15,15,15,True,True,True
C3,OCNT-2535671,3,21,21,21,17,False,True,True
C3,OCNT-2535672,2,8,8,8,6,False,True,True
C3,OCNT-2535677,2,16,14,16,16,True,False,True
C3,OCNT-2535679,2,8,8,8,8,True,True,True
C3,OCNT-2535683,3,12,25,12,12,True,False,True
C3,OCNT-2535685,3,25,6,25,25,True,False,True
C3,OCNT-2535686,4,15,15,15,15,True,True,True
C3,OCNT-2535687,2,12,12,12,12,True,True,True
C3,OCNT-2535689,2,23,12,12,12,False,False,False
C3,OCNT-2535691,2,22,22,22,22,True,True,True
C3,OCNT-2535692,2,12,22,22,22,False,False,False
C3,OCNT-2535693,2,20,20,20,20,True,True,True
C3,OCNT-2535694,2,19,19,19,19,True,True,True
C3,OCNT-2535695,2,21,21,21,21,True,True,True
C3,OCNT-2535696,2,23,23,23,23,True,True,True
C3,OCNT-2535701,2,5,3,5,5,True,False,True
C3,OCNT-2535703,3,7,7,7,25,False,True,True
C3,OCNT-2535705,2,23,23,23,23,True,True,True
C3,OCNT-2535708,4,3,3,3,3,True,True,True
C3,OCNT-2535712,2,12,12,12,12,True,True,True
C3,OCNT-2535713,2,20,26,26,26,False,False,False
C3,OCNT-2535720,3,10,21,21,21,False,False,False
C3,OCNT-2535725,2,11,22,22,22,False,False,False
C3,OCNT-2535726,2,17,17,17,4,False,True,True
C3,OCNT-2535728,2,20,10,10,10,False,False,False
C3,OCNT-2535730,2,11,11,11,11,True,True,True
C3,OCNT-2535731,2,30,30,30,30,True,True,True
C3,OCNT-2535732,4,23,23,23,23,True,True,True
C3,OCNT-2535733,3,20,20,20,3,False,True,True
C3,OCNT-2535736,2,17,17,17,17,True,True,True
C3,OCNT-2535739,2,22,22,22,4,False,True,True
C3,OCNT-2535744,2,19,8,8,8,False,False,False
C3,OCNT-2535747,3,11,11,11,11,True,True,True
C3,OCNT-2535754,3,27,22,27,27,True,False,True
C3,OCNT-2535755,2,27,27,27,27,True,True,True
C3,OCNT-2535759,2,5,10,10,10,False,False,False
C3,OCNT-2535761,2,18,18,18,18,True,True,True
C3,OCNT-2535764,2,16,16,16,8,False,True,True
C3,OCNT-2535774,2,10,15,15,15,False,False,False
C3,OCNT-2535786,2,2,16,16,2,True,False,False
C3,OCNT-2535795,2,10,30,30,30,False,False,False
C3,OCNT-2535799,2,3,18,18,3,True,False,False
C3,OCNT-2535801,3,11,16,11,11,True,False,True
C3,OCNT-2535802,3,11,11,11,28,False,True,True
C3,OCNT-2535804,2,13,13,13,20,False,True,True
C3,OCNT-2535805,2,12,12,12,19,False,True,True
C3,OCNT-2535808,2,11,11,11,18,False,True,True
C3,OCNT-2535809,2,12,12,12,19,False,True,True
C3,OCNT-2535812,2,20,20,20,20,True,True,True
C3,OCNT-2535817,2,16,16,16,16,True,True,True
C3,OCNT-2535823,2,2,25,25,2,True,False,False
