set,inchikey,Molecule_Name,n_basic_n,n_basic_n_loose,n_nitrogen,net_charge_ph74,crippen_logp
train,IENZQIKPVFGBNW-UHFFFAOYSA-N,OCNT-0022066,0,2,5,1,1.7845999999999995
train,YBHILYKTIRIUTE-UHFFFAOYSA-N,OCNT-0022237,0,0,1,1,3.096300000000001
train,VCKUSRYTPJJLNI-UHFFFAOYSA-N,OCNT-0022316,0,2,5,1,1.0567999999999995
train,NNTMZAGJQBDZRO-UHFFFAOYSA-N,OCNT-0283087,0,0,4,1,2.0394
train,RBTBFTRPCNLSDE-UHFFFAOYSA-N,OCNT-0476578,0,1,3,1,2.498900000000001
train,PIXMJBOEBUQEEW-UHFFFAOYSA-N,OCNT-0492977,0,0,1,1,1.7643
train,JCCNYMKQOSZNPW-UHFFFAOYSA-N,OCNT-0493312,0,0,2,1,4.887800000000005
train,GOTYRUGSSMKFNF-UHFFFAOYSA-N,OCNT-0494717,0,1,3,1,0.0297999999999998
train,NCDNCNXCDXHOMX-XGKFQTDJSA-N,OCNT-0495340,0,0,6,1,5.905200000000005
train,QJJXYPPXXYFBGM-CLAWHKJSSA-N,OCNT-0496415,0,0,1,1,4.639000000000004
train,LLJFMFZYVVLQKT-UHFFFAOYSA-N,OCNT-0497901,0,0,3,1,3.518500000000002
train,RUZYUOTYCVRMRZ-UHFFFAOYSA-N,OCNT-0498064,0,2,5,1,1.717799999999999
train,XFYDIVBRZNQMJC-UHFFFAOYSA-N,OCNT-1911799,0,0,5,1,1.715799999999999
train,WJFRXTNVJXUMKZ-UHFFFAOYSA-N,OCNT-2308462,0,0,3,1,2.4654999999999996
train,FOBFOEZLLATUMX-UHFFFAOYSA-N,OCNT-2308464,0,0,2,1,3.2407200000000023
train,DVMAGBMCBPEMHG-UHFFFAOYSA-N,OCNT-2308468,0,0,6,1,2.6609000000000007
train,MGZZNLHVDYPPJO-UHFFFAOYSA-N,OCNT-2308473,0,0,2,1,2.944000000000001
train,KAQRDYBEHRCINW-UHFFFAOYSA-N,OCNT-2308476,0,1,3,1,2.6953000000000005
train,BMCKPGYQWRVRGW-UHFFFAOYSA-N,OCNT-2308479,0,0,3,1,2.782000000000001
train,ZUSVERMHGZARGI-UHFFFAOYSA-N,OCNT-2308492,0,0,2,1,2.1534000000000004
train,ZWRLRPADEBXZJB-UHFFFAOYSA-N,OCNT-2308539,0,0,3,1,4.053300000000004
train,JHNSUBHCHVVGQI-UHFFFAOYSA-N,OCNT-2308554,0,1,4,1,2.9405400000000013
train,SWJFEOOTYQNNQB-UHFFFAOYSA-N,OCNT-2308556,0,0,8,1,1.1587999999999987
train,SZQOFSLZUFSAPQ-UHFFFAOYSA-N,OCNT-2308583,0,1,4,1,3.0089000000000015
train,ALMQKCCGRABQBO-UHFFFAOYSA-N,OCNT-2308584,0,0,2,1,3.2867000000000024
train,JXYXGAQDRCZGRG-UHFFFAOYSA-N,OCNT-2308599,0,0,2,1,2.7894000000000005
train,AVCXISNYMQIPJV-UHFFFAOYSA-N,OCNT-2308610,0,0,5,1,3.4071000000000025
train,BNVYMBNZHADONN-UHFFFAOYSA-N,OCNT-2308632,0,0,3,1,3.874900000000003
train,ANPHAOHEORVOHK-UHFFFAOYSA-N,OCNT-2308645,0,0,5,1,2.5090000000000003
train,DDYGUKULIGNEQA-UHFFFAOYSA-N,OCNT-2308646,0,0,3,1,1.8001999999999998
train,YRULVSZKPXWCAI-UHFFFAOYSA-N,OCNT-2308666,0,0,4,1,3.886440000000003
train,JMYMUKYHTNJJQP-UHFFFAOYSA-N,OCNT-2308680,0,0,2,2,2.9450400000000014
train,GFMCPOUBFSTUTJ-UHFFFAOYSA-N,OCNT-2308683,0,0,4,1,4.034480000000003
train,BOENRGZTNSTROB-UHFFFAOYSA-N,OCNT-2308687,0,0,2,1,2.2497
train,JKRHRSTTXYTARO-UHFFFAOYSA-N,OCNT-2308693,0,0,3,1,3.877900000000003
train,LPAPGSISEAYHFM-UHFFFAOYSA-N,OCNT-2308706,0,0,6,1,2.3855200000000005
train,WHDFCOKAEBTKOH-UHFFFAOYSA-N,OCNT-2308710,0,0,2,1,2.867600000000002
train,PLMFUTBIWIEIMS-UHFFFAOYSA-N,OCNT-2308711,0,0,5,1,3.8983000000000025
train,IBLMLYIIJGOTCM-UHFFFAOYSA-N,OCNT-2308723,0,1,6,1,3.0372000000000003
train,ZTKDJIPAEOPJOD-UHFFFAOYSA-N,OCNT-2308739,0,0,4,1,3.5947000000000022
train,XQTHQQRIGKWCMM-TTZKSVMKSA-N,OCNT-2308740,0,1,7,1,1.1104
train,XFLBADZEIKRUNC-UHFFFAOYSA-N,OCNT-2308744,0,1,4,1,3.2963000000000022
train,FLKYDMSXMXMDMV-UHFFFAOYSA-N,OCNT-2308748,0,1,4,1,2.8104000000000005
train,FWUVJXRZTDKDIO-UHFFFAOYSA-N,OCNT-2308759,0,0,1,1,4.562720000000004
train,HNCQSEQJZWSJMC-UHFFFAOYSA-N,OCNT-2308775,0,1,4,1,3.2619200000000017
train,PNCZMKHABMWZJN-ZIAGYGMSSA-N,OCNT-2308811,0,0,4,1,1.7582
train,LZWPGDLJEWKAJG-UHFFFAOYSA-N,OCNT-2308817,0,1,5,1,3.043700000000001
train,SQNZLQKMVFUELG-UHFFFAOYSA-N,OCNT-2308829,0,0,2,1,2.6519000000000013
train,FQCKBCZETREUQU-UHFFFAOYSA-N,OCNT-2308842,0,1,3,1,3.0164000000000017
train,UOEJFTCEQBIHPZ-UHFFFAOYSA-N,OCNT-2308850,0,1,4,1,2.4271199999999995
train,JTEWTVFVNPJYQY-UHFFFAOYSA-N,OCNT-2308852,0,0,4,1,2.2225399999999995
train,RPDJRGYDAQZMIA-UHFFFAOYSA-N,OCNT-2308858,0,0,2,1,3.373300000000002
train,HMLCRQUVBWFOAN-UHFFFAOYSA-N,OCNT-2308864,0,0,3,1,3.674520000000003
train,CDHJEMYPBYQHIH-UHFFFAOYSA-N,OCNT-2308879,0,0,3,1,4.617200000000004
train,SDTAXCBCRRJDSR-UHFFFAOYSA-N,OCNT-2308884,0,1,5,2,1.3115999999999997
train,GKBBWEMJHFFLAB-UHFFFAOYSA-N,OCNT-2308889,0,0,3,1,3.850100000000003
train,DXWBHDVTIHPDRA-UHFFFAOYSA-N,OCNT-2308890,0,0,3,1,1.4322
train,UEZFBGDNQHATJI-UHFFFAOYSA-N,OCNT-2308914,0,0,3,1,2.9487000000000014
train,PLJXPASPUUPXHL-UHFFFAOYSA-N,OCNT-2308945,0,0,4,1,3.595900000000002
train,APCKBGSTXTVQIO-UHFFFAOYSA-N,OCNT-2308958,0,0,2,1,5.114820000000004
train,FEIVABVHLMDZJB-UHFFFAOYSA-N,OCNT-2308967,0,0,5,1,3.1841000000000017
train,BMOCPDTYCNVLRX-UHFFFAOYSA-N,OCNT-2308968,0,0,4,1,5.295620000000005
train,BCNJVOKAJSJOAF-UHFFFAOYSA-N,OCNT-2308975,0,0,4,1,1.0981
train,KELUFBHDMTWQEL-UHFFFAOYSA-N,OCNT-2308995,0,1,4,1,3.179100000000002
train,CWMXYKKRUKUVCU-UHFFFAOYSA-N,OCNT-2309001,0,0,2,1,2.9167000000000014
train,FQSPNVWLGQABTO-UHFFFAOYSA-N,OCNT-2309005,0,0,3,1,3.3553000000000024
train,IKDPWPQBEGQURO-UHFFFAOYSA-N,OCNT-2309022,0,0,2,1,2.7262000000000004
train,GPQIHVFVASWNLH-UHFFFAOYSA-N,OCNT-2309025,0,1,7,1,2.890500000000001
train,QVQDNCWZNMNGMH-UHFFFAOYSA-N,OCNT-2309026,0,0,3,1,3.2784000000000013
train,LYPIDRQMFHIABL-UHFFFAOYSA-N,OCNT-2309054,0,1,4,2,3.5817000000000023
train,DIRCWRVYBSIHPW-UHFFFAOYSA-N,OCNT-2309075,0,0,3,2,3.5526800000000023
train,LYXHVLLAGHBGEM-UHFFFAOYSA-N,OCNT-2309077,0,0,3,1,3.2996000000000016
train,LACFWUBIINCTFC-UHFFFAOYSA-N,OCNT-2309082,0,0,2,2,3.2904000000000027
train,BZSKUXNWDPSATN-UHFFFAOYSA-N,OCNT-2309100,0,0,4,1,2.3334
train,TWJYYKRHHZEKKE-UHFFFAOYSA-N,OCNT-2309114,0,0,1,1,3.0101000000000013
train,UFYMXDLTXKFAPB-UHFFFAOYSA-N,OCNT-2309115,0,1,3,1,3.641700000000003
train,WOGAEFGJGCXZAZ-UHFFFAOYSA-N,OCNT-2309134,0,0,3,2,1.5912000000000002
train,SGGJYYXZDHNTMK-UHFFFAOYSA-N,OCNT-2309155,0,1,3,1,1.8302
train,HETBTAMOBRGESM-UHFFFAOYSA-N,OCNT-2309173,0,0,5,1,1.5640199999999995
train,OCLAQVJROUPZQL-UHFFFAOYSA-N,OCNT-2309174,0,0,4,1,3.128000000000002
train,QTYQHQWTDLCRNC-UHFFFAOYSA-N,OCNT-2309175,0,0,3,2,3.546400000000002
train,BWWQNTFNKYNBID-UHFFFAOYSA-N,OCNT-2309179,0,1,5,1,2.720300000000001
train,YFANDQOOCNOGQW-UHFFFAOYSA-N,OCNT-2309184,0,0,4,1,2.5265000000000004
train,XWBVWKAJUOIHSA-UHFFFAOYSA-N,OCNT-2309185,0,0,2,1,3.2897000000000016
train,AOJAFUDDLZLWHH-UHFFFAOYSA-N,OCNT-2309190,0,1,5,1,1.2498199999999997
train,IKTSFMVVXHSLCO-UHFFFAOYSA-N,OCNT-2309191,0,0,4,2,2.6097200000000003
train,UPAWLAQNHCADFI-UHFFFAOYSA-N,OCNT-2309193,0,0,2,1,3.6083000000000025
train,AWUCBRVUTSPZQP-UHFFFAOYSA-N,OCNT-2309196,0,0,2,2,2.9971000000000023
train,WEOLXZUYMDXKFF-UHFFFAOYSA-N,OCNT-2309221,0,0,5,2,0.9265000000000002
train,BQUZHORXLFIXRF-UHFFFAOYSA-N,OCNT-2309229,0,1,3,1,1.82152
train,NSGIOGNBUWVPIZ-UHFFFAOYSA-N,OCNT-2309238,0,0,4,1,1.5100999999999998
train,NNTGBBBLWXRGTB-UHFFFAOYSA-N,OCNT-2309240,0,0,4,1,3.3238200000000013
train,YBRVKGSUHFCMRG-UHFFFAOYSA-N,OCNT-2309242,0,1,4,1,2.5942000000000007
train,OKRBQLXCTWVFIO-UHFFFAOYSA-N,OCNT-2309243,0,0,4,1,1.4704999999999993
train,HZJAEDMXWJCPPZ-UHFFFAOYSA-N,OCNT-2309246,0,1,4,1,2.9635000000000016
train,OLFYPYMJSGSGAL-UHFFFAOYSA-N,OCNT-2309252,0,0,3,1,1.9712
train,ZSYUQJKKMBHOEF-UHFFFAOYSA-N,OCNT-2309276,0,1,5,1,1.55862
train,MAVCGWRYYJRRNY-UHFFFAOYSA-N,OCNT-2309280,0,1,3,1,2.549100000000001
train,BILGZUNWWFGLCD-UHFFFAOYSA-N,OCNT-2309290,0,1,4,1,2.707600000000001
train,ADQLYKALHDEWPN-UHFFFAOYSA-N,OCNT-2309293,0,0,2,1,2.1372800000000005
train,KIIQBCWPBZANCO-UHFFFAOYSA-N,OCNT-2309318,0,0,2,1,2.480900000000001
train,ZCZDVOSSGCOYLO-UHFFFAOYSA-N,OCNT-2309319,0,0,2,1,3.953040000000003
train,SOPSTNOHBNLMBW-UHFFFAOYSA-N,OCNT-2309323,0,0,6,2,0.9662999999999996
train,SENUHVDQDVFBIN-RLSDIYDTSA-N,OCNT-2309325,0,0,2,1,1.2748199999999998
train,QEKXJZUZXVJSPD-QWHCGFSZSA-N,OCNT-2309340,0,0,4,1,1.4693999999999996
train,AKNWHDZNSOSXGU-UHFFFAOYSA-N,OCNT-2309345,0,1,3,1,3.2552200000000022
train,BDHDGFPUBOQSQB-UHFFFAOYSA-N,OCNT-2309377,0,1,3,1,3.216800000000002
train,PRZNERQKPPAXRZ-MOPGFXCFSA-N,OCNT-2309379,0,0,3,1,2.5889000000000006
train,KODSSGBXANVYRN-UHFFFAOYSA-N,OCNT-2309393,0,1,5,1,2.5757200000000005
train,ZRPRJIZEXFJPDS-UHFFFAOYSA-N,OCNT-2309395,0,0,5,1,1.99952
train,CFMBNIUINYDYCI-UHFFFAOYSA-N,OCNT-2309399,0,0,4,1,4.400520000000004
train,WRTKNJZOHVPRAS-UHFFFAOYSA-N,OCNT-2309401,0,0,4,1,3.5382000000000025
train,DSKAGMDZAGTBAH-UHFFFAOYSA-N,OCNT-2309426,0,0,2,2,1.6873999999999996
train,QAWUYFWCXHGPBK-UHFFFAOYSA-N,OCNT-2309430,0,0,4,1,3.8481400000000026
train,LTXRCYPELJYQOB-UHFFFAOYSA-N,OCNT-2309443,0,1,4,1,3.9239200000000025
train,YKHUVWHAHXEIJB-UHFFFAOYSA-N,OCNT-2309444,0,1,5,1,3.114300000000002
train,IJSBTRZTQNHIPE-UHFFFAOYSA-N,OCNT-2309449,0,0,3,1,3.931700000000002
train,XRUYCSOTZWLSMU-UHFFFAOYSA-N,OCNT-2309470,0,0,5,1,0.5580999999999996
train,RLHVXEPQNQUDCI-UHFFFAOYSA-N,OCNT-2309483,0,0,2,1,3.752900000000003
train,BUVOPHNIEJYTGR-UHFFFAOYSA-N,OCNT-2309499,0,0,3,1,2.8866200000000006
train,YGHZSNAECIEOIF-UHFFFAOYSA-N,OCNT-2309506,0,0,3,2,2.540800000000001
train,DXWYWLDDFFYRBF-UHFFFAOYSA-N,OCNT-2309515,0,0,3,2,2.5477000000000007
train,WROCZHPTMZEAPU-UHFFFAOYSA-N,OCNT-2309518,0,1,5,1,2.7830200000000014
train,PQDNSHRLKSHCPF-IUODEOHRSA-N,OCNT-2309520,0,0,2,1,2.2146999999999997
train,OQWALVNPZPFZNB-UHFFFAOYSA-N,OCNT-2309524,0,0,3,1,3.003300000000002
train,JZGNANXWSVAKRU-UHFFFAOYSA-N,OCNT-2309526,0,0,3,2,3.315900000000002
train,HIVZUFUERULVAL-UHFFFAOYSA-N,OCNT-2309527,0,0,3,1,2.974920000000002
train,GKWFLKZYXIKUQH-UHFFFAOYSA-N,OCNT-2309546,0,0,4,1,4.292300000000004
train,ZLRRPJCHYQOMPH-UHFFFAOYSA-N,OCNT-2309558,0,0,5,1,0.0168999999999999
train,GVJRMVGPJLTZIZ-UHFFFAOYSA-N,OCNT-2309559,0,0,3,2,2.8481000000000014
train,VJOLPRXCRRLZKY-UHFFFAOYSA-N,OCNT-2309576,0,0,3,1,3.462200000000002
train,BRKCTOJAKSAOFN-UHFFFAOYSA-N,OCNT-2309577,0,1,3,1,3.9317800000000034
train,CBRQOHPCDLQLPJ-UHFFFAOYSA-N,OCNT-2309578,0,0,3,1,3.119100000000002
train,XAKQUAVVZRFGRT-UHFFFAOYSA-N,OCNT-2309581,0,0,3,2,1.19948
train,ODOZCRQUSVOLPT-UHFFFAOYSA-N,OCNT-2309583,0,1,6,1,2.4427000000000003
train,QYYRMTOPCBSSFG-UHFFFAOYSA-N,OCNT-2309586,0,0,4,1,2.8862200000000016
train,IXNDBORQXCOCSN-UHFFFAOYSA-N,OCNT-2309596,0,0,2,1,2.6195000000000013
train,YBRLNRZSTFHKMA-UHFFFAOYSA-N,OCNT-2309604,0,0,1,1,2.931000000000002
train,MFIXXYBDPKWHOV-UHFFFAOYSA-N,OCNT-2309606,0,1,4,2,3.4402000000000017
train,UHMOGNHSSZMADG-UHFFFAOYSA-N,OCNT-2309624,0,0,4,2,0.5862000000000012
train,YMUVXJZNSRNYFL-UHFFFAOYSA-N,OCNT-2309635,0,0,5,1,3.417900000000002
train,PIONHRJAUQAQPY-UHFFFAOYSA-N,OCNT-2309645,0,0,4,1,1.98724
train,LEPILDQORMQWAC-UHFFFAOYSA-N,OCNT-2309670,0,1,4,2,3.3371000000000013
train,YSSUBBRJQCDCQC-UHFFFAOYSA-N,OCNT-2309692,0,0,3,1,3.101700000000002
train,REOPCYQNDVZKQE-UHFFFAOYSA-N,OCNT-2309724,0,0,4,1,2.0613
train,KUGKAQQAZPSIEN-UHFFFAOYSA-N,OCNT-2309747,0,0,2,1,3.8781000000000025
train,IWGOKMFJOUAZQS-UHFFFAOYSA-N,OCNT-2309752,0,0,5,1,4.151100000000002
train,FGDFAEAOTKYXNH-UHFFFAOYSA-N,OCNT-2309758,0,1,4,1,3.605640000000002
train,DRRCOMACAPDCJW-UHFFFAOYSA-N,OCNT-2309767,0,0,4,1,2.9418000000000006
train,YCVRTKMAPZFIEU-RDJZCZTQSA-N,OCNT-2309769,0,0,3,1,3.2680000000000016
train,OPUFKIGCXGYZRQ-UHFFFAOYSA-N,OCNT-2309792,0,1,4,1,1.6906999999999994
train,LTKHJAAHPNJLHY-UHFFFAOYSA-N,OCNT-2309801,0,1,3,1,3.426800000000002
train,IELFWVPJXBLMTQ-UHFFFAOYSA-N,OCNT-2309805,0,0,3,1,3.274600000000002
train,JZKURPYQVDAOOL-UHFFFAOYSA-N,OCNT-2309809,0,0,2,1,4.5553000000000035
train,LAKMZUJEPXHSQY-UHFFFAOYSA-N,OCNT-2309810,0,1,3,1,4.9409000000000045
train,UAPMKFKSRAQMIU-UHFFFAOYSA-N,OCNT-2309817,0,1,5,1,2.21732
train,FKWGYVQNEUUREI-UHFFFAOYSA-N,OCNT-2309819,0,0,3,1,2.937500000000001
train,GGSBXNSPXLOOHI-UHFFFAOYSA-N,OCNT-2309844,0,0,4,1,3.315120000000002
train,FOYXEGYOAVQKDP-GFCCVEGCSA-N,OCNT-2309845,0,0,3,1,3.6942200000000023
train,FIOKPWAJNHKAHD-UHFFFAOYSA-N,OCNT-2309851,0,0,2,1,2.3902
train,LMJUHQZHBWIZJQ-UHFFFAOYSA-N,OCNT-2309860,0,0,5,1,3.1476200000000016
train,FWIIXEUDIUGFOZ-UHFFFAOYSA-N,OCNT-2309867,0,0,5,1,3.5420000000000025
train,ZCEYLWXXNMDZEQ-UHFFFAOYSA-N,OCNT-2309871,0,0,3,1,3.476700000000002
train,ZYPNZGJYNAHGQR-PZORYLMUSA-N,OCNT-2309878,0,0,3,2,1.4117
train,OOQDJWRFWDBFGF-UHFFFAOYSA-N,OCNT-2309885,0,0,2,1,3.4142800000000024
train,CTUPNTLXQZNNQW-UHFFFAOYSA-N,OCNT-2309897,0,1,5,1,3.001800000000001
train,QGVJVDSSUBWUGO-UHFFFAOYSA-N,OCNT-2309900,0,0,4,1,4.395400000000003
train,SVDYMXAJCOKQLE-UHFFFAOYSA-N,OCNT-2309918,0,0,3,1,2.2024
train,KAIXLFHXPRCWAS-UHFFFAOYSA-N,OCNT-2309955,0,0,3,1,2.3223000000000003
train,BNGXYKGPLNBSAF-UHFFFAOYSA-N,OCNT-2309957,0,0,4,1,2.19982
train,ZZQHSJYTAWRDDH-UHFFFAOYSA-N,OCNT-2309995,0,0,4,1,1.8595999999999997
train,RYILMESYJAREFJ-UHFFFAOYSA-N,OCNT-2309997,0,1,4,1,2.1126199999999997
train,HPEDZJJEGPOZNI-UHFFFAOYSA-N,OCNT-2310005,0,0,3,1,2.373
train,SGCPYVGCKOGTOH-UHFFFAOYSA-N,OCNT-2310035,0,0,3,1,3.4643000000000015
train,MLQRNUKEFWJQOH-UHFFFAOYSA-N,OCNT-2310067,0,0,2,1,4.218320000000003
train,ICELHAMMSYMKHZ-UHFFFAOYSA-N,OCNT-2310085,0,0,4,1,1.9656
train,DKSGZKLKCPZDOE-UHFFFAOYSA-N,OCNT-2310097,0,0,5,1,4.211720000000003
train,OKSVJUULZHAESX-UHFFFAOYSA-N,OCNT-2310101,0,0,2,1,0.5361000000000002
train,YMJWYDKEGLKYSU-UHFFFAOYSA-N,OCNT-2310120,0,1,4,1,3.595100000000002
train,OSVJTIWAVNSEQH-UHFFFAOYSA-N,OCNT-2310121,0,0,2,1,1.2366999999999992
train,LVUXIUDKFQBCBA-UHFFFAOYSA-N,OCNT-2310157,0,1,5,1,2.3424000000000005
train,IDTRRSQXKMQLJW-UHFFFAOYSA-N,OCNT-2310158,0,1,6,1,1.59562
train,IEEKGKCYWRAJSQ-LBPRGKRZSA-N,OCNT-2310163,0,0,2,1,2.7743
train,XDVDNBRVUSUIJC-UHFFFAOYSA-N,OCNT-2310175,0,1,3,1,2.812300000000002
train,FSPJNFGHZZRNHE-UHFFFAOYSA-N,OCNT-2310181,0,0,2,2,2.048
train,RMNZTHHCDTUWDA-UHFFFAOYSA-N,OCNT-2310197,0,1,5,1,3.4395000000000016
train,CSVITYFJUGJDJL-UHFFFAOYSA-N,OCNT-2310237,0,0,4,2,0.7785999999999988
train,ZMWDLJDLAOTMKB-UHFFFAOYSA-N,OCNT-2310241,0,0,3,2,2.4438000000000004
train,UXPCXNWXWKQOER-UHFFFAOYSA-N,OCNT-2310262,0,1,3,1,3.459900000000002
train,WNTXLQIWFCPBPY-UHFFFAOYSA-N,OCNT-2310264,0,0,1,1,3.366200000000002
train,NQKFCFZXAAUFSR-UHFFFAOYSA-N,OCNT-2310265,0,0,4,2,2.4452000000000007
train,QQKWDORZPRHIAU-UHFFFAOYSA-N,OCNT-2310269,0,0,3,2,3.0269000000000013
train,PUGACJGEPFNKGM-UHFFFAOYSA-N,OCNT-2310279,0,0,4,1,2.2834000000000003
train,JSJSFTYUFLJSPW-UHFFFAOYSA-N,OCNT-2310283,0,0,5,1,1.8362
train,YAYNBSVDGNDHKK-UHFFFAOYSA-N,OCNT-2310289,0,0,2,1,3.7052000000000023
train,WCATUHMRMHHKBE-UHFFFAOYSA-N,OCNT-2310292,0,0,2,1,4.511400000000002
train,BRYHPRVYXOYFFA-UHFFFAOYSA-N,OCNT-2310306,0,0,4,1,2.2834000000000003
train,YQQFMMGTYBYGGL-UHFFFAOYSA-N,OCNT-2310312,0,0,4,2,4.118600000000003
train,LRCVBALEVVGLFE-UHFFFAOYSA-N,OCNT-2310319,0,0,4,1,3.603900000000003
train,ZFKSIGYXOCXTML-UHFFFAOYSA-N,OCNT-2310322,0,0,2,1,1.8243
train,NAWQPGOGQHGLFP-UHFFFAOYSA-N,OCNT-2310332,0,0,3,1,1.9906999999999997
train,ULVJYNJGXBJXPV-UHFFFAOYSA-N,OCNT-2310335,0,0,4,1,2.4232000000000005
train,UIUOCURODLIUQA-HOCLYGCPSA-N,OCNT-2310337,0,1,5,1,1.9901999999999993
train,RECBLOHVWNTXCV-UHFFFAOYSA-N,OCNT-2310338,0,0,5,1,2.419200000000001
train,UWEBGWUZVATUQB-CYBMUJFWSA-N,OCNT-2310340,0,1,5,2,2.3045
train,KJHJATDGICCULE-UHFFFAOYSA-N,OCNT-2310351,0,0,4,1,3.009800000000001
train,MGBLKHQGXZBSOK-IJHRGXPZSA-N,OCNT-2310376,0,0,3,1,2.1273
train,FJNCYMDRTAXCFI-UHFFFAOYSA-N,OCNT-2310383,0,0,5,1,2.5043000000000006
train,JOXMIIQMSQTGDD-UHFFFAOYSA-N,OCNT-2310387,0,0,2,1,1.8691
train,RNOXAHDIXCUOSV-INIZCTEOSA-N,OCNT-2310393,0,2,4,1,3.5347000000000017
train,GPUPVYRGIRMSAG-UHFFFAOYSA-N,OCNT-2310396,0,0,2,1,3.7384200000000023
train,IBJZPRORRZJCSC-UHFFFAOYSA-N,OCNT-2310398,0,0,3,1,3.059320000000002
train,KNGUSJVQKNAZRI-UHFFFAOYSA-N,OCNT-2310416,0,0,4,1,4.052900000000003
train,VKKZQUBBITUCLX-UHFFFAOYSA-N,OCNT-2310423,0,1,5,1,3.093020000000002
train,TUTNRJIYQDWINN-UHFFFAOYSA-N,OCNT-2310433,0,0,4,1,2.6906000000000008
train,RFHWZVNSOBPKEO-UHFFFAOYSA-N,OCNT-2310437,0,0,4,1,0.4864000000000004
train,IYYSRPHITYNJJB-UHFFFAOYSA-N,OCNT-2310450,0,1,4,1,4.382200000000004
train,GFEPSUUSADSVOE-UHFFFAOYSA-N,OCNT-2310451,0,0,2,1,2.674620000000001
train,CSLBMVDUODQHOM-UHFFFAOYSA-N,OCNT-2310470,0,0,2,1,4.828200000000004
train,KVNXUPQXALPVSH-UHFFFAOYSA-N,OCNT-2310487,0,0,2,1,3.3746000000000027
train,HGGUFAVHOKJVIP-UHFFFAOYSA-N,OCNT-2310512,0,1,6,1,2.5865
train,DZKIVBMSEPJVDO-UHFFFAOYSA-N,OCNT-2310515,0,0,2,1,4.379700000000003
train,FLCKKFHSFGWPIQ-GHTZIAJQSA-N,OCNT-2310516,0,0,2,1,1.5926999999999998
train,GUPBZGPYECDPGZ-UHFFFAOYSA-N,OCNT-2310519,0,0,4,1,2.54918
train,PJTUXNCFVJUKOI-UHFFFAOYSA-N,OCNT-2310526,0,0,5,2,1.4402999999999997
train,DLKJZMONGZUVHF-UHFFFAOYSA-N,OCNT-2310539,0,0,2,1,2.2060199999999996
train,HSFFJASGMZOXAD-UHFFFAOYSA-N,OCNT-2310562,0,0,2,1,4.381600000000004
train,ADAXQGHVJCOVAG-UHFFFAOYSA-N,OCNT-2310579,0,1,3,1,2.26244
train,MPLFNWDKKKLLJT-UHFFFAOYSA-N,OCNT-2310583,0,0,4,1,2.7177000000000007
train,GNHURIKDCLLVDG-UHFFFAOYSA-N,OCNT-2310599,0,0,3,1,3.401720000000002
train,LQFYSEAFVDYONG-UHFFFAOYSA-N,OCNT-2310600,0,1,2,1,2.6373200000000008
train,RSZIAKRTNAXOPH-UHFFFAOYSA-N,OCNT-2310620,0,0,2,1,1.0422999999999996
train,ZVCOHKRDENFSPM-UHFFFAOYSA-N,OCNT-2310621,0,1,4,2,1.9728999999999997
train,YFUROBGDXNFDCC-UHFFFAOYSA-N,OCNT-2310627,0,0,5,1,0.543100000000001
train,IZWCUJPEJUAMOS-UHFFFAOYSA-N,OCNT-2310635,0,2,3,1,2.585700000000001
train,GBWWSIQMFCLPIJ-UHFFFAOYSA-N,OCNT-2310662,0,0,3,1,2.11282
train,DWLXAHZVVKKAMK-UHFFFAOYSA-N,OCNT-2310667,0,0,4,1,2.990000000000001
train,AXXIEJDVBYZXLK-UHFFFAOYSA-N,OCNT-2310680,0,0,3,1,3.459100000000002
train,CEPJBSAWUZGPOV-UHFFFAOYSA-N,OCNT-2310686,0,0,2,1,3.3180000000000014
train,HCYSRWCEBFYUAA-CQSZACIVSA-N,OCNT-2310690,0,0,3,1,2.47114
train,DXKSETYAFIGXSE-CUVJYRNJSA-N,OCNT-2310696,0,0,4,1,4.292520000000003
train,HAVCMUREFRIDQM-UHFFFAOYSA-N,OCNT-2310698,0,0,2,1,3.253700000000002
train,SDFDUAQZYLINDJ-UHFFFAOYSA-N,OCNT-2310706,0,2,4,1,2.8745200000000013
train,NESANQMBMJHHBO-UHFFFAOYSA-N,OCNT-2310727,0,0,3,1,4.2641000000000036
train,VZQKPWAYHAGELX-UHFFFAOYSA-N,OCNT-2310728,0,1,3,1,1.863
train,XJTWDTHIQQHNBE-UHFFFAOYSA-N,OCNT-2310732,0,0,4,2,2.583640000000001
train,AHWMKKZARBTOBB-UHFFFAOYSA-N,OCNT-2310733,0,0,4,2,2.2249
train,NWKIVQRDXUXRFI-UHFFFAOYSA-N,OCNT-2310737,0,1,4,2,1.1477999999999997
train,MOMOPKAZNASMQJ-UHFFFAOYSA-N,OCNT-2310747,0,1,6,1,2.3318200000000004
train,FJRUVLPXIUVCHI-UHFFFAOYSA-N,OCNT-2310759,0,0,3,2,1.8223
train,DPLKWDRKFGHJOW-UHFFFAOYSA-N,OCNT-2310760,0,0,3,1,2.989620000000002
train,KFQPBBXBJHWEEF-UHFFFAOYSA-N,OCNT-2310763,0,0,3,1,1.8860999999999992
train,IESVKFAJCKMTNV-UHFFFAOYSA-N,OCNT-2310776,0,1,3,2,2.1388999999999996
train,WRRMQFMQWRSQBI-UHFFFAOYSA-N,OCNT-2310797,0,0,5,1,1.76242
train,ZMXPQYBGJYNFMM-UHFFFAOYSA-N,OCNT-2310798,0,0,4,1,3.049500000000002
train,FUPMVALOMRMPTI-UHFFFAOYSA-N,OCNT-2310802,0,0,4,2,2.5810200000000005
train,NIYLZQUBRIFSKU-UHFFFAOYSA-N,OCNT-2310815,0,1,4,1,2.918000000000001
train,BYAVFGPTBAFTNM-UHFFFAOYSA-N,OCNT-2310816,0,2,5,1,2.31834
train,PAZGEARGQQZYLI-UHFFFAOYSA-N,OCNT-2310822,0,1,3,1,2.634900000000001
train,KVTKQEIQALRUSE-QWRGUYRKSA-N,OCNT-2310846,0,0,3,1,1.7647000000000004
train,RWLXVOZONVHWTI-UHFFFAOYSA-N,OCNT-2310851,0,0,4,1,3.3400000000000016
train,ZSRIHZUWEGOQNF-UHFFFAOYSA-N,OCNT-2310853,0,0,3,1,2.599120000000001
train,MNAGYZJQDLFINB-UHFFFAOYSA-N,OCNT-2310854,0,1,4,1,2.8839000000000015
train,HPRJCYLZBJNKRA-UHFFFAOYSA-N,OCNT-2310864,0,0,4,1,2.2201000000000004
train,BHGLMKBPWDQJDH-UHFFFAOYSA-N,OCNT-2310899,0,0,5,1,2.462300000000001
train,RNJALEGEKJSKHV-UHFFFAOYSA-N,OCNT-2310900,0,0,2,1,2.0563
train,YQEUJIXYCBLYGH-UHFFFAOYSA-N,OCNT-2310907,0,0,2,1,3.452300000000002
train,APVVXJIVTKDFLO-UHFFFAOYSA-N,OCNT-2310910,0,0,4,1,2.42164
train,XHJCHAYXQKWCFX-UHFFFAOYSA-N,OCNT-2310911,0,0,5,1,1.0862999999999996
train,CZRKFQOESBEGAC-UHFFFAOYSA-N,OCNT-2310927,0,1,4,2,3.2479200000000015
train,MJUBBVQASBHOHI-UHFFFAOYSA-N,OCNT-2310946,0,2,6,2,1.7167199999999998
train,JLRAETYKLGVMOF-UHFFFAOYSA-N,OCNT-2310952,0,0,3,1,1.6761999999999997
train,ZNYHVNPTYPXHIV-UHFFFAOYSA-N,OCNT-2310955,0,0,4,1,2.564400000000001
train,YCMWGYORDQAXDQ-UHFFFAOYSA-N,OCNT-2310963,0,0,3,1,3.419120000000002
train,KCLWZSBXZRBBSN-UHFFFAOYSA-N,OCNT-2310968,0,0,5,1,2.4286000000000003
train,HXARSPKGZRODHN-UHFFFAOYSA-N,OCNT-2310970,0,0,2,2,1.6865
train,IGPQJBRCRUOAGN-DZGCQCFKSA-N,OCNT-2310977,0,0,4,2,2.9448000000000016
train,QOMURNVBTXTAIV-UHFFFAOYSA-N,OCNT-2310983,0,0,8,2,0.6061999999999996
train,ALZLRUUMQLNXLT-UHFFFAOYSA-N,OCNT-2311004,0,0,1,1,2.513100000000001
train,ZJIRFMHKJONYOG-UHFFFAOYSA-N,OCNT-2311014,0,0,3,1,2.8705000000000016
train,HGLQTURHJVUTSV-UHFFFAOYSA-N,OCNT-2311016,0,0,3,1,2.72272
train,MQXPCGHXWRPKCK-UHFFFAOYSA-N,OCNT-2311028,0,0,4,2,1.6680999999999993
train,BMCXMTGFFJFTPX-UHFFFAOYSA-N,OCNT-2311030,0,0,2,1,2.7741000000000016
train,KXQCKBJACHMFEZ-UHFFFAOYSA-N,OCNT-2311032,0,2,6,1,3.371520000000002
train,KAESPBBAFVMUKP-UHFFFAOYSA-N,OCNT-2311042,0,0,3,1,3.3401000000000023
train,USSDJCJWNVCANP-LLVKDONJSA-N,OCNT-2311055,0,0,3,1,1.0030999999999992
train,IADLBRMVZTZASR-UHFFFAOYSA-N,OCNT-2311059,0,0,3,1,4.169800000000003
train,LHTZKKBQVHDQAX-UHFFFAOYSA-N,OCNT-2311086,0,2,7,1,1.8563999999999996
train,BASLPYSOHAOREB-UHFFFAOYSA-N,OCNT-2311097,0,0,7,1,4.018620000000002
train,LRJOBFZNWOVETF-UHFFFAOYSA-N,OCNT-2311117,0,0,2,1,3.2471000000000014
train,WAFLWFBYNRXLIA-UHFFFAOYSA-N,OCNT-2311132,0,0,5,1,2.1151999999999997
train,UVBQSVCDGQALMQ-UHFFFAOYSA-N,OCNT-2311154,0,0,4,1,4.301320000000003
train,LOHPAHJRSDGXHU-UHFFFAOYSA-N,OCNT-2311175,0,1,4,1,2.3726000000000003
train,WGZOPFSVIJRJPN-UHFFFAOYSA-N,OCNT-2311178,0,1,5,1,2.35712
train,ACQMOAXGUYLRQS-UHFFFAOYSA-N,OCNT-2311197,0,0,2,1,0.7834999999999996
train,VQPVFNBACWOGSB-UHFFFAOYSA-N,OCNT-2311199,0,0,5,1,1.9457
train,KUKLJYHYHRVBNX-UHFFFAOYSA-N,OCNT-2311204,0,1,4,1,2.5868
train,GSEZMVIVFOHBFE-UHFFFAOYSA-N,OCNT-2311213,0,0,5,1,3.124100000000002
train,MTSCISVHRPZMMM-UHFFFAOYSA-N,OCNT-2311220,0,0,4,1,2.7012
train,VAZPOTJURGQWAP-STQMWFEESA-N,OCNT-2311225,0,1,4,1,2.721400000000001
train,BKXPEYYJHOGSFC-UHFFFAOYSA-N,OCNT-2311229,0,2,4,1,3.460600000000002
train,LUCAZFYKFNDYHT-VQTJNVASSA-N,OCNT-2311234,0,1,5,2,3.669500000000004
train,JEFUHKYPAJUNPN-UHFFFAOYSA-N,OCNT-2311239,0,0,3,2,2.3661000000000003
train,GRLMZPMGZKDDMQ-UHFFFAOYSA-N,OCNT-2311249,0,0,6,1,3.5588000000000024
train,ZAYCVZAREVWGRL-UHFFFAOYSA-N,OCNT-2311251,0,1,4,1,4.436300000000004
train,KVYQCPDIBVJAEF-UHFFFAOYSA-N,OCNT-2311253,0,0,4,1,2.891420000000001
train,JFGIKQWZIKRTIL-UHFFFAOYSA-N,OCNT-2311259,0,0,2,2,2.1459
train,DJXRUJZJOVQHLY-UHFFFAOYSA-N,OCNT-2311282,0,0,3,1,2.9955000000000016
train,RQDDMLORJHULQP-UHFFFAOYSA-N,OCNT-2311291,0,0,2,2,3.4902000000000024
train,SWUBLAYQXQUNCO-UHFFFAOYSA-N,OCNT-2311294,0,0,5,2,-0.7083999999999977
train,OWMZITVSKMTHRA-UHFFFAOYSA-N,OCNT-2311306,0,0,4,1,1.9554
train,RSHZCZPRHAIFAF-UHFFFAOYSA-N,OCNT-2311310,0,0,4,1,1.5359199999999995
train,YCAOWEJDCXTHHC-UHFFFAOYSA-N,OCNT-2311325,0,1,5,1,1.15102
train,WCXXKBXIMXJSNI-UHFFFAOYSA-N,OCNT-2311328,0,0,4,1,3.4604000000000017
train,LQKJYHIZCLRVAA-UHFFFAOYSA-N,OCNT-2311336,0,1,6,1,2.0089999999999995
train,SASVNHDDQBDFCM-UHFFFAOYSA-N,OCNT-2311343,0,0,3,1,3.566600000000003
train,IFDGZZUSIYMRQQ-UHFFFAOYSA-N,OCNT-2311370,0,0,3,1,2.540000000000001
train,ZBDLKQFUQFURQT-UHFFFAOYSA-N,OCNT-2311381,0,1,4,1,2.00352
train,MQAYVQAUUCNHDF-UHFFFAOYSA-N,OCNT-2311382,0,0,4,1,2.9868200000000007
train,OMZILNLGLOPTFB-UHFFFAOYSA-N,OCNT-2311391,0,0,2,1,3.8641000000000023
train,HUQRTTFIRBGPNM-UHFFFAOYSA-N,OCNT-2311392,0,0,7,1,0.7980999999999998
train,YLSWGQHOTLFTSG-UHFFFAOYSA-N,OCNT-2311393,0,0,5,1,2.933320000000001
train,JBCWPQUYQNSOPO-UHFFFAOYSA-N,OCNT-2311435,0,0,2,1,3.5204400000000025
train,JKYOEAFNWSQZLA-UHFFFAOYSA-N,OCNT-2311436,0,0,2,2,1.4270999999999998
train,QHMBPCYPIMUTEB-UHFFFAOYSA-N,OCNT-2311440,0,1,6,1,3.597240000000002
train,SUMPTRVIGHNMEZ-UHFFFAOYSA-N,OCNT-2311447,0,0,3,1,2.706240000000001
train,VIYIOFKENPGWTN-UHFFFAOYSA-N,OCNT-2311457,0,0,2,1,2.7223000000000015
train,OSHMXVGKRHQANF-LBPRGKRZSA-N,OCNT-2311487,0,1,3,1,3.5432000000000015
train,URSGKFSCFISALV-UHFFFAOYSA-N,OCNT-2311490,0,0,2,2,1.1691000000000005
train,VDXDSSNLLKXVIZ-UHFFFAOYSA-N,OCNT-2311493,0,0,4,1,3.6137200000000025
train,DAMIWXAGOOFFCB-UHFFFAOYSA-N,OCNT-2311498,0,0,3,1,2.9979000000000013
train,ZMBBRLFHKWABNB-UHFFFAOYSA-N,OCNT-2311501,0,0,2,1,2.831520000000001
train,USTVQUDPYAFFTG-UHFFFAOYSA-N,OCNT-2311502,0,0,4,1,1.4808999999999994
train,AHIHYZQZQAYOEI-DRXWIORDSA-N,OCNT-2311533,0,0,2,2,1.7793199999999998
train,CUPDMDQECDQQIW-ZWKOTPCHSA-N,OCNT-2311537,0,0,2,1,2.2468000000000004
train,KWIFZAZOFYUVCZ-UHFFFAOYSA-N,OCNT-2311542,0,0,2,1,2.1529999999999996
train,CKDAYZQHZOJZGJ-UHFFFAOYSA-N,OCNT-2311556,0,1,4,1,2.2074999999999996
train,KWIOICCUMYONAQ-UHFFFAOYSA-N,OCNT-2311565,0,0,4,1,2.4239000000000006
train,MWCPZQWNSSVFNC-UHFFFAOYSA-N,OCNT-2311567,0,0,3,1,1.4939999999999996
train,HSZAONGFDFUHGD-UHFFFAOYSA-N,OCNT-2311569,0,0,3,1,2.7581000000000016
train,ZEPYVNPXMMPJQB-UHFFFAOYSA-N,OCNT-2311582,0,1,4,1,2.3706000000000005
train,ATLZEXPCGWQKDL-UHFFFAOYSA-N,OCNT-2311588,0,1,4,1,1.7950199999999996
train,ZQQOSDFDVQCXRI-UHFFFAOYSA-N,OCNT-2311598,0,0,3,2,5.196620000000005
train,AIDXPYZJTIDUSC-UHFFFAOYSA-N,OCNT-2311602,0,0,4,1,3.4598200000000023
train,OGPHYGJCVHSATM-UHFFFAOYSA-N,OCNT-2311615,0,0,2,1,3.2553000000000027
train,QTGQLLCXQYGJAC-UHFFFAOYSA-N,OCNT-2311616,0,0,5,1,0.6481999999999992
train,ARILZESNWCDILA-UHFFFAOYSA-N,OCNT-2311623,0,0,1,1,3.5716000000000028
train,FHLMPSUVVSVTAJ-UHFFFAOYSA-N,OCNT-2311624,0,0,3,1,2.9731000000000014
train,TVVHIDPDFJESIK-UHFFFAOYSA-N,OCNT-2311630,0,0,2,1,3.366620000000002
train,AIZGQFSORPYZAE-UHFFFAOYSA-N,OCNT-2311637,0,0,2,1,4.986700000000004
train,HUDMLWIUQXOJMV-UHFFFAOYSA-N,OCNT-2311652,0,0,4,1,3.795600000000003
train,NNQWXKPJDCMYDO-UHFFFAOYSA-N,OCNT-2311662,0,0,2,1,4.723400000000004
train,VKBIJQGEAADTJM-UHFFFAOYSA-N,OCNT-2311663,0,0,1,1,1.3879
train,JCDNVUCIHNFYER-UHFFFAOYSA-N,OCNT-2311665,0,0,5,1,1.8143
train,UUDZBFIDKCNXTJ-UHFFFAOYSA-N,OCNT-2311680,0,1,4,1,2.8057000000000007
train,CQJUDZMQLRQERA-UHFFFAOYSA-N,OCNT-2311697,0,0,3,1,3.7193000000000023
train,YVZIEHNHDMNICX-UHFFFAOYSA-N,OCNT-2311711,0,0,3,1,4.032900000000003
train,NIWGHJVYXHFVSV-UHFFFAOYSA-N,OCNT-2311714,0,0,3,1,0.9163000000000004
train,ZRTBUGKOMPSPNV-UHFFFAOYSA-N,OCNT-2311722,0,1,5,1,3.3812000000000024
train,QSAMUNMEBYLCKD-UHFFFAOYSA-N,OCNT-2311737,0,0,2,1,3.409200000000003
train,IHEPXAREJOJNRY-UHFFFAOYSA-N,OCNT-2311771,0,0,5,1,2.3920000000000003
train,QKHYTYJMUYSRFF-UHFFFAOYSA-N,OCNT-2311780,0,0,5,1,2.02622
train,FQNJZDBFAVDMES-UHFFFAOYSA-N,OCNT-2311807,0,0,5,1,3.0269000000000013
train,ADEBKNPZUBITBS-UHFFFAOYSA-N,OCNT-2311817,0,0,2,1,3.511720000000002
train,BXVZTCGLMPJMGU-RIJFORKLSA-N,OCNT-2311823,0,0,5,1,1.429899999999999
train,XIRREYNNJBHXEG-UHFFFAOYSA-N,OCNT-2311832,0,0,4,1,5.2752200000000045
train,DGUHWPMRKMJECE-UHFFFAOYSA-N,OCNT-2311834,0,0,2,1,2.9800000000000013
train,PWJXIYCMKSEYTR-UHFFFAOYSA-N,OCNT-2311840,0,0,4,1,1.5112
train,JTSNGDOVWZSFLB-MLGOLLRUSA-N,OCNT-2311846,0,0,4,1,1.255299999999999
train,AOBRDNBXUPBCHC-UHFFFAOYSA-N,OCNT-2311862,0,0,4,1,3.620420000000003
train,CTYKHSITTROELE-UHFFFAOYSA-N,OCNT-2311899,0,0,4,1,2.1794
train,SUSOBADQCIKQKR-SJLPKXTDSA-N,OCNT-2311902,0,0,4,1,1.3869999999999991
train,SOPQJUICSFKZMO-UHFFFAOYSA-N,OCNT-2311912,0,0,3,1,2.2287
train,JKCABBUJFHYLDA-UHFFFAOYSA-N,OCNT-2311915,0,0,5,1,1.5264999999999986
train,WYWNLPSNCOQRHL-UHFFFAOYSA-N,OCNT-2311916,0,0,2,1,3.7737000000000025
train,LLUZHZALVKLRDA-UHFFFAOYSA-N,OCNT-2311918,0,1,3,1,3.607800000000003
train,RITAWZJOUAIRMU-UHFFFAOYSA-N,OCNT-2311921,0,1,3,1,3.6472000000000024
train,QFDABLMMCQJNQW-GJZGRUSLSA-N,OCNT-2311938,0,0,2,1,1.1571399999999998
train,SEHQLVDSHQYOOZ-UHFFFAOYSA-N,OCNT-2311955,0,0,8,1,1.8824
train,XVUWSCRVSXIVDO-UHFFFAOYSA-N,OCNT-2311995,0,1,4,1,2.4350000000000005
train,FRTQFAFJPFTPEO-UHFFFAOYSA-N,OCNT-2312000,0,0,2,1,3.4830000000000023
train,YWJGDHOBKFWUFM-UHFFFAOYSA-N,OCNT-2312002,0,0,1,1,3.1365000000000016
train,YYBPALDQBRXPRB-NRFANRHFSA-N,OCNT-2312012,0,0,2,1,3.1685000000000016
train,RMIAEQXEHITXMI-UHFFFAOYSA-N,OCNT-2312024,0,0,2,1,4.552180000000004
train,IZEPWUIYWPIMML-UHFFFAOYSA-N,OCNT-2312045,0,0,3,2,2.0035999999999996
train,BBAYQVDJCUEEMH-UHFFFAOYSA-N,OCNT-2312046,0,0,2,1,1.9373
train,OXIIDUQEKTVIBN-UHFFFAOYSA-N,OCNT-2312048,0,1,4,1,2.0845
train,JFEDTPZIUHESQC-UHFFFAOYSA-N,OCNT-2312061,0,0,5,1,3.483920000000002
train,CBBHOEICYJMTHN-UHFFFAOYSA-N,OCNT-2312062,0,1,4,1,4.173880000000003
train,VKUDADNKGDMBGO-UHFFFAOYSA-N,OCNT-2312066,0,0,2,1,1.3815000000000002
train,JZBYRXBBUUBFHA-UHFFFAOYSA-N,OCNT-2312094,0,1,3,1,4.601100000000003
train,XFSGSMMSLFZPTO-UHFFFAOYSA-N,OCNT-2312096,0,2,9,1,2.857520000000001
train,SRRCIKPDRUJIPG-UHFFFAOYSA-N,OCNT-2312144,0,0,4,1,3.0471000000000013
train,YPJWXDAJVYLBMX-UHFFFAOYSA-N,OCNT-2312161,0,0,4,1,3.1678000000000015
train,VGDYEJHSCSQLGY-LBPRGKRZSA-N,OCNT-2312162,0,1,3,1,3.567700000000001
train,AZSGZAVZIAYUNH-UHFFFAOYSA-N,OCNT-2312168,0,0,3,1,4.691400000000004
train,DAQOUNMIHPXDNM-UHFFFAOYSA-N,OCNT-2312206,0,1,8,1,1.0551199999999992
train,HPWBEIBPKVCQNQ-UHFFFAOYSA-N,OCNT-2312233,0,1,4,1,1.8169
train,WJAINYMZPUPJIO-UHFFFAOYSA-N,OCNT-2312235,0,2,5,1,2.8324000000000016
train,IUZOTEMRJLJHNN-UHFFFAOYSA-N,OCNT-2312237,0,1,6,1,1.9908199999999996
train,ZFONBGVUTOBBAZ-UHFFFAOYSA-N,OCNT-2312272,0,2,7,1,2.31588
train,GYNQRMHTTCULMF-UHFFFAOYSA-N,OCNT-2312308,0,0,3,1,3.270800000000002
train,KVWNFDAYCLPQBD-UHFFFAOYSA-N,OCNT-2312311,0,0,5,1,1.9455
train,SFBJQTXZKXTYKE-UHFFFAOYSA-N,OCNT-2312322,0,1,4,1,3.7115000000000022
train,HXSYXMPZUGVDMN-VRFXOJNMSA-N,OCNT-2312329,0,1,5,1,2.054779999999999
train,POQXUFMEUYGOGU-UHFFFAOYSA-N,OCNT-2312348,0,1,4,1,2.818900000000001
train,UXXJEQVHPRDIRM-UHFFFAOYSA-N,OCNT-2312367,0,0,4,1,2.4308
train,YEYICSFFWSYHNJ-ZWKOTPCHSA-N,OCNT-2312377,0,1,4,1,2.2075999999999993
train,CKSVBHTZFBFHNF-UHFFFAOYSA-N,OCNT-2312394,0,0,2,1,2.3376
train,VYWJXVBPPYEDFS-YJBOKZPZSA-N,OCNT-2312409,0,0,5,1,1.3379
train,SQHLPINPIWLLGX-UHFFFAOYSA-N,OCNT-2312427,0,0,3,2,-0.5791999999999993
train,LSBRUZPACMNGNR-UHFFFAOYSA-N,OCNT-2312429,0,1,4,1,2.8974
train,ZWHJALIOCAVQTQ-UHFFFAOYSA-N,OCNT-2312434,0,0,4,1,1.3514999999999997
train,RNYJQENSIQGTFO-UHFFFAOYSA-N,OCNT-2312443,0,0,3,1,4.047500000000003
train,GQUUNRIMCUWCTR-UHFFFAOYSA-N,OCNT-2312449,0,0,3,1,2.3603999999999994
train,MLOCUOTWNGKJHZ-UHFFFAOYSA-N,OCNT-2312463,0,1,6,1,3.426800000000001
train,UMRWWCHAYOAGNW-UHFFFAOYSA-N,OCNT-2312466,0,0,5,1,0.4466999999999993
train,BEJAMOAVVZLCPF-UHFFFAOYSA-N,OCNT-2312472,0,0,3,1,2.5693200000000003
train,USKDSEPSXFSQII-UHFFFAOYSA-N,OCNT-2312480,0,1,8,1,2.7516000000000007
train,DHLKEMNTCSRWIT-UHFFFAOYSA-N,OCNT-2312481,0,0,3,1,2.456200000000001
train,DGSWVMHTWBEKTA-UHFFFAOYSA-N,OCNT-2312486,0,0,2,1,4.039600000000003
train,VPUGWHCGFRLACZ-UHFFFAOYSA-N,OCNT-2312496,0,0,2,1,3.926000000000003
train,WIKQWJWFMKMIFL-UHFFFAOYSA-N,OCNT-2312497,0,1,4,1,4.150800000000003
train,PVQWMGIQWLAPQO-KGLIPLIRSA-N,OCNT-2312511,0,0,5,1,1.997999999999999
train,BCSIHPIDPVAFBW-UHFFFAOYSA-N,OCNT-2312542,0,0,2,2,3.998900000000003
train,HUOPYHNGPCLFMW-UHFFFAOYSA-N,OCNT-2312556,0,0,3,2,3.457600000000002
train,KHVHJENYUHGFHJ-UHFFFAOYSA-N,OCNT-2312575,0,0,2,1,3.131020000000002
train,QIHYSNAOCJNIRD-UHFFFAOYSA-N,OCNT-2312607,0,0,3,1,3.3378000000000014
train,DBDCGPKJFAXMNC-UHFFFAOYSA-N,OCNT-2312608,0,1,4,1,3.071300000000001
train,NNSLNWDCBLFAMQ-UHFFFAOYSA-N,OCNT-2312616,0,0,2,1,3.342800000000002
train,AEAYDVXZPKDZCK-KBPBESRZSA-N,OCNT-2312624,0,0,4,1,1.4338
train,ADKRCCGGESGJBM-KRWDZBQOSA-N,OCNT-2312630,0,0,2,1,3.124900000000002
train,IYEIFBZHWULNCV-UHFFFAOYSA-N,OCNT-2312641,0,0,4,1,1.9076999999999993
train,JVYYCUSHMUNTPL-CQSZACIVSA-N,OCNT-2312658,0,0,5,1,2.1311
train,FPZDMQCYMFEBKJ-UHFFFAOYSA-N,OCNT-2312659,0,1,2,1,3.3820000000000023
train,WVYBTLOVJURAKV-INIZCTEOSA-N,OCNT-2312674,0,0,2,1,2.1449999999999996
train,MJHPVHZCXBAKEZ-UHFFFAOYSA-N,OCNT-2312697,0,0,4,1,2.4965200000000003
train,PMYYYGKQVCAGNC-UHFFFAOYSA-N,OCNT-2312706,0,0,2,2,2.841500000000001
train,ONXFHKVSFIIWIN-UHFFFAOYSA-N,OCNT-2312707,0,0,4,1,2.810640000000001
train,WUAZOSQKECLJFW-UHFFFAOYSA-N,OCNT-2312714,0,0,2,1,3.3378400000000017
train,XQFDZGNODAUQIR-UHFFFAOYSA-N,OCNT-2312716,0,0,1,1,3.4524200000000027
train,QPKBSKVSPWCCIR-UHFFFAOYSA-N,OCNT-2312732,0,1,3,1,2.692120000000001
train,DSYCYZDDTFTZJW-UHFFFAOYSA-N,OCNT-2312737,0,0,4,1,2.451200000000001
train,ZZFSIEKTPZLRNW-UHFFFAOYSA-N,OCNT-2312741,0,1,4,1,3.5229000000000017
train,JBILOGVIBNCUSD-UHFFFAOYSA-N,OCNT-2312742,0,1,4,1,0.9746
train,FENNNQPPBYHYSF-UHFFFAOYSA-N,OCNT-2312744,0,0,1,1,2.3554000000000004
train,NKQDZKBYXOTDSN-UHFFFAOYSA-N,OCNT-2312746,0,0,4,2,1.4437399999999998
train,MPWXVPGXQJXPCR-HNNXBMFYSA-N,OCNT-2312756,0,0,2,1,2.5215000000000005
train,IAERFFZXBBAFMV-UHFFFAOYSA-N,OCNT-2312757,0,0,3,2,2.503540000000001
train,BLBRBSCHFXIGIW-UHFFFAOYSA-N,OCNT-2312771,0,0,2,1,3.2730000000000015
train,ZDVHZKHFMHUZDU-UHFFFAOYSA-N,OCNT-2312773,0,0,4,1,2.14572
train,IAZSTIBERROYCJ-UHFFFAOYSA-N,OCNT-2312779,0,0,2,2,2.823520000000001
train,PIRXLYIUTFXXDR-UHFFFAOYSA-N,OCNT-2312780,0,0,2,1,2.6515400000000016
train,TVKZNKKPKLGLKN-UHFFFAOYSA-N,OCNT-2312797,0,1,7,1,2.5782000000000007
train,MVTBRBBDHMNKCA-UHFFFAOYSA-N,OCNT-2312798,0,0,2,1,3.223300000000002
train,QORBKWMRURPDGP-UHFFFAOYSA-N,OCNT-2312805,0,0,4,1,3.908700000000003
train,SDSCCHIAXZKJFU-UHFFFAOYSA-N,OCNT-2312807,0,0,3,1,2.852520000000001
train,PPBJPTKFQWUHAF-UHFFFAOYSA-N,OCNT-2312818,0,0,4,1,2.3377
train,WYEUZHWYVCUYQY-UHFFFAOYSA-N,OCNT-2312822,0,0,3,1,2.099499999999999
train,MEDIVWVWIKCMBU-UHFFFAOYSA-N,OCNT-2312830,0,0,3,1,3.363640000000002
train,PRMHPYHYLPARCI-JKSUJKDBSA-N,OCNT-2312846,0,0,2,1,1.8887199999999995
train,XVEOZZDPTYFUNW-UHFFFAOYSA-N,OCNT-2312847,0,0,1,1,2.226
train,KBMGYZFUIIVYPK-UHFFFAOYSA-N,OCNT-2312853,0,0,4,1,3.501900000000002
train,OWRGYPSJKIWUAT-UHFFFAOYSA-N,OCNT-2312860,0,0,4,1,2.2182000000000004
train,QBMNLEDJFKFLHG-UHFFFAOYSA-N,OCNT-2312865,0,0,4,1,2.7547200000000016
train,LRVYURUVAAPFJX-UHFFFAOYSA-N,OCNT-2312880,0,0,2,1,3.992000000000003
train,RROMXXKPNPHXSO-UHFFFAOYSA-N,OCNT-2312892,0,0,2,1,2.9403200000000016
train,PXEUCTPMPXXYMS-UHFFFAOYSA-N,OCNT-2312894,0,0,5,1,2.816300000000001
train,OSIYLOUHGXESDX-UHFFFAOYSA-N,OCNT-2312897,0,0,3,1,3.2641000000000018
train,BBIWOHKXSRLBPR-UHFFFAOYSA-N,OCNT-2312900,0,0,3,1,2.8629000000000016
train,KWPGLNNSSKFKFO-UHFFFAOYSA-N,OCNT-2312913,0,0,3,1,2.5778000000000008
train,YNXINFNGNMQVOU-FZKQIMNGSA-N,OCNT-2312915,0,0,1,1,2.4904
train,GDTJKIABNOFURC-UHFFFAOYSA-N,OCNT-2312918,0,0,2,1,5.275720000000005
train,ZIGNJPLWUJFGKO-UHFFFAOYSA-N,OCNT-2312921,0,0,3,1,3.4818000000000016
train,WHTROMHZBMIQBH-UHFFFAOYSA-N,OCNT-2312924,0,0,4,1,3.384800000000002
train,XJRDGKSZYCOSHT-UHFFFAOYSA-N,OCNT-2312931,0,0,2,1,3.9528000000000034
train,CIAGIDPMICOQQK-UHFFFAOYSA-N,OCNT-2312937,0,0,2,1,1.7724
train,IYICSJIAZQETAM-UHFFFAOYSA-N,OCNT-2312943,0,0,3,1,3.405520000000002
train,MYZOARLOUTWGHY-UHFFFAOYSA-N,OCNT-2312947,0,1,5,1,3.818800000000003
train,FHURGZGGJGEEFF-UHFFFAOYSA-N,OCNT-2312959,0,2,4,1,3.268320000000002
train,NTWIAZAMENNAFD-UHFFFAOYSA-N,OCNT-2312980,0,0,4,1,2.5718000000000005
train,PIPKZVMFJISYNX-UHFFFAOYSA-N,OCNT-2312985,0,1,3,1,4.8083000000000045
train,RXNQVOUPMKOJOR-UHFFFAOYSA-N,OCNT-2312986,0,0,3,1,2.653200000000001
train,DAAQXYINTYQCAU-UHFFFAOYSA-N,OCNT-2312987,0,0,2,1,2.8876000000000017
train,JISPBDOUMQZWLT-UHFFFAOYSA-N,OCNT-2312988,0,0,3,1,2.817520000000001
train,CEWPCADJKNEVJT-UHFFFAOYSA-N,OCNT-2312994,0,0,3,1,3.3493200000000014
train,KBYXLQCFKUCTQR-UHFFFAOYSA-N,OCNT-2312998,0,0,2,1,3.858200000000003
train,XIZQQSGHQFLWIM-UHFFFAOYSA-N,OCNT-2313003,0,0,2,1,2.4681000000000006
train,VIFGVQZFHRGOSS-UHFFFAOYSA-N,OCNT-2313008,0,1,5,1,3.209900000000001
train,RZFIMRUQWQTVLX-UHFFFAOYSA-N,OCNT-2313031,0,0,4,1,2.6353
train,BWOSCHCTGWRGJD-UHFFFAOYSA-N,OCNT-2313041,0,1,4,1,0.2911999999999997
train,IVUZDLSIHOHZFW-UHFFFAOYSA-N,OCNT-2313062,0,1,3,1,3.434400000000002
train,WFTNCVLBOBLEGN-UONOGXRCSA-N,OCNT-2313094,0,0,4,1,2.146199999999999
train,WNBIMBZYKXPHFP-UHFFFAOYSA-N,OCNT-2313103,0,0,3,1,3.1582000000000017
train,WMAVYCVAPMWVJT-UHFFFAOYSA-N,OCNT-2313104,0,0,3,1,3.4467000000000017
train,FNNRNBHDBIXRDM-UHFFFAOYSA-N,OCNT-2313105,0,0,2,1,3.1582000000000017
train,CDBHGUKGNGPQCC-UHFFFAOYSA-N,OCNT-2313108,0,0,2,1,2.5183800000000005
train,DJXWVEZFBLYNEZ-UHFFFAOYSA-N,OCNT-2313118,0,0,5,2,3.298040000000002
train,FBSKIPBYQNQUJZ-UHFFFAOYSA-N,OCNT-2313134,0,0,6,1,1.0170200000000005
train,GXOILNXGFVPNFI-UHFFFAOYSA-N,OCNT-2313147,0,0,3,2,2.7708000000000004
train,MPHJDHDXCSOMPR-UHFFFAOYSA-N,OCNT-2313151,0,0,3,2,2.3352200000000005
train,MVLVMUSGLLNWMA-UHFFFAOYSA-N,OCNT-2313159,0,1,3,1,2.523620000000001
train,BQFFKKCJFAURMU-UHFFFAOYSA-N,OCNT-2313175,0,1,5,1,3.9159000000000024
train,KWVITUKLMNTECU-UHFFFAOYSA-N,OCNT-2313179,0,1,4,1,1.802499999999999
train,HZLJTTVIFIBCFG-UHFFFAOYSA-N,OCNT-2313185,0,1,5,1,3.1431000000000013
train,IXTXGTPGRXHPQS-UHFFFAOYSA-N,OCNT-2313192,0,0,5,1,0.9922999999999996
train,FIXSKUCISNGAPJ-UHFFFAOYSA-N,OCNT-2313206,0,0,3,1,2.7255000000000003
train,YBZCGNCZXCCCRN-ZYMOGRSISA-N,OCNT-2313213,0,0,3,1,2.779720000000001
train,IPTMKVRVKHYFNV-UHFFFAOYSA-N,OCNT-2313215,0,0,1,1,3.246000000000002
train,QNBRVDKSFRVUDJ-UHFFFAOYSA-N,OCNT-2313225,0,1,4,1,1.594
train,XOJOXZSBAYBBPA-UHFFFAOYSA-N,OCNT-2313248,0,0,4,2,4.395800000000003
train,HOHUAUMULAZGEZ-UHFFFAOYSA-N,OCNT-2313254,0,0,3,1,2.15672
train,FSRWABFDKDBIDA-UHFFFAOYSA-N,OCNT-2313255,0,1,5,1,2.4706200000000003
train,JGIPHLUSPCSBAK-UHFFFAOYSA-N,OCNT-2313267,0,0,4,1,1.6359
train,IASSYYRRIMLMJF-UHFFFAOYSA-N,OCNT-2313273,0,0,6,1,2.9502000000000015
train,OTDNIPBKKBRUCL-SUMWQHHRSA-N,OCNT-2313281,0,0,4,1,2.908120000000001
train,JMFBXZNHLBNMKS-UHFFFAOYSA-N,OCNT-2313307,0,0,2,1,2.7067000000000005
train,RSXPNCZXNWPWJE-UHFFFAOYSA-N,OCNT-2313318,0,1,2,1,3.3045000000000018
train,NRTZNFXSWOSRAR-UHFFFAOYSA-N,OCNT-2313325,0,2,6,1,2.4857000000000005
train,VXOXNSXYWJEKTF-UHFFFAOYSA-N,OCNT-2313383,0,0,3,1,3.1110000000000015
train,MYJKWLXJAYNIMV-UHFFFAOYSA-N,OCNT-2313388,0,0,2,1,3.625300000000002
train,JTFCFWFAKZPANV-UHFFFAOYSA-N,OCNT-2313393,0,0,3,1,2.3493000000000004
train,JWDFHTDYIIEBOU-UHFFFAOYSA-N,OCNT-2313399,0,0,3,1,2.928720000000001
train,JLCVNZJHVMBCOV-UHFFFAOYSA-N,OCNT-2313424,0,1,3,1,3.1437000000000017
train,UTEIVQSYRZXEAV-UHFFFAOYSA-N,OCNT-2313435,0,0,3,1,3.714400000000002
train,GBKPILDGEGGVEI-UHFFFAOYSA-N,OCNT-2313441,0,1,3,1,3.7997000000000014
train,JGJPMLIXMVZFNW-RBSFLKMASA-N,OCNT-2313447,0,0,2,1,1.4188999999999996
train,VCNRZEABQBWOJY-UHFFFAOYSA-N,OCNT-2313451,0,1,4,1,3.9456000000000024
train,BVHOHRQDYPRBHR-UHFFFAOYSA-N,OCNT-2313470,0,1,6,1,1.3647199999999993
train,GRETURNQUURUGU-UHFFFAOYSA-N,OCNT-2313507,0,0,4,1,3.507340000000001
train,YTUXANBXYDOALA-UHFFFAOYSA-N,OCNT-2313509,0,0,4,1,1.4843999999999995
train,WJHZTXJTCNVBER-UHFFFAOYSA-N,OCNT-2313514,0,0,3,1,1.5023000000000002
train,NJETWSWVWMKXSO-UHFFFAOYSA-N,OCNT-2313526,0,0,4,1,3.0603000000000016
train,OFCAZISUDVYWIU-UHFFFAOYSA-N,OCNT-2313529,0,0,6,1,2.9278000000000013
train,OYFSBZBBLNTGRQ-UHFFFAOYSA-N,OCNT-2313535,0,0,2,1,1.7771999999999994
train,KWMJQZUPACDVHZ-UHFFFAOYSA-N,OCNT-2313551,0,0,3,2,1.5946000000000002
train,VZJHTEOIPSDNSF-YVEFUNNKSA-N,OCNT-2313554,0,1,5,1,3.2167000000000012
train,SXZUQTAAKWPCTG-UMSPYCQHSA-N,OCNT-2313560,0,1,6,1,2.8149000000000006
train,JGJXVQOCJMXBEJ-UHFFFAOYSA-N,OCNT-2313564,0,0,5,1,2.573500000000001
train,HYUHVOLQYDHZHQ-UHFFFAOYSA-N,OCNT-2313573,0,0,7,1,3.7418000000000022
train,JCYSAYZGOVJPNA-UHFFFAOYSA-N,OCNT-2313596,0,2,7,1,1.04842
train,VEOLTILWHRWFDA-UHFFFAOYSA-N,OCNT-2313602,0,0,2,1,1.5989999999999998
train,PHWWBFWSIGLVED-UHFFFAOYSA-N,OCNT-2313603,0,0,3,1,2.3274
train,XHOKDUNWTNZYPV-VIFPVBQESA-N,OCNT-2313623,0,1,5,1,1.3032
train,AIJVJIJYNFAQBX-UHFFFAOYSA-N,OCNT-2313636,0,1,4,2,1.7386999999999992
train,GKLIDFRFMZSOTO-UHFFFAOYSA-N,OCNT-2313637,0,0,2,1,3.241200000000002
train,WGKDQQWFANDLEP-UHFFFAOYSA-N,OCNT-2313671,0,0,2,1,2.674500000000001
train,PUAWDLMNXLVBTB-UHFFFAOYSA-N,OCNT-2313685,0,0,5,1,3.4555000000000025
train,SIJYOTKHCGXIIV-UHFFFAOYSA-N,OCNT-2313707,0,0,4,1,3.960900000000003
train,BIFLDVCMWKAYEW-UHFFFAOYSA-N,OCNT-2313710,0,0,3,1,3.6994200000000026
train,XHHUBSTUIDERMY-UHFFFAOYSA-N,OCNT-2313737,0,0,4,1,2.633120000000001
train,JJUHNTPZRYBNKV-UHFFFAOYSA-N,OCNT-2313740,0,0,5,1,0.8137000000000001
train,HPSPZTKMIWGONM-UONOGXRCSA-N,OCNT-2313748,0,0,3,1,2.6524
train,YENIUINOCHUVDI-UHFFFAOYSA-N,OCNT-2313749,0,0,2,1,4.347500000000003
train,MTIQWDDSHMGBCV-UHFFFAOYSA-N,OCNT-2313758,0,0,3,1,2.3402000000000003
train,OTNGFHKZEVTRBS-RTBURBONSA-N,OCNT-2313778,0,0,4,1,2.977100000000001
train,XOUCDEWWDAZSRK-UHFFFAOYSA-N,OCNT-2313815,0,0,3,2,2.790400000000001
train,KPUXHFCBTOEAHN-UHFFFAOYSA-N,OCNT-2313822,0,2,5,1,2.0744
train,BGZMVPUNDGPXIM-UHFFFAOYSA-N,OCNT-2313825,0,0,1,1,4.303300000000004
train,GPJFIUFMOSAZGL-UHFFFAOYSA-N,OCNT-2313839,0,0,4,1,1.6355999999999995
train,YPALTINXGZJQAC-UHFFFAOYSA-N,OCNT-2313842,0,0,4,1,0.3933200000000006
train,GRXNKYJPVRMSEL-UHFFFAOYSA-N,OCNT-2313846,0,0,3,1,2.449020000000001
train,HIIRLZXIBDJCOU-UHFFFAOYSA-N,OCNT-2313859,0,0,2,1,2.2398399999999996
train,NIYULIQCZVFWLR-UHFFFAOYSA-N,OCNT-2313865,0,0,6,1,2.996900000000002
train,JSJHAJURFVUFKI-UHFFFAOYSA-N,OCNT-2313886,0,0,3,1,3.3390000000000013
train,PEIDMFGKYSEABD-UHFFFAOYSA-N,OCNT-2313887,0,1,3,1,3.1708200000000017
train,AKGNFUOCHVNYDC-UHFFFAOYSA-N,OCNT-2313888,0,0,2,1,1.6972000000000005
train,MNPYESDKOVWXSR-UHFFFAOYSA-N,OCNT-2313895,0,0,3,1,2.86392
train,JICCVDIDAFNKEU-UHFFFAOYSA-N,OCNT-2313913,0,1,3,1,4.606100000000004
train,PCALXBQHOTZTPH-UHFFFAOYSA-N,OCNT-2313921,0,0,2,1,2.4228000000000005
train,QBMXBWJGVUKDQR-UHFFFAOYSA-N,OCNT-2313923,0,0,1,1,3.2844200000000017
train,AASVXHJOMJWMJZ-CXAGYDPISA-N,OCNT-2313925,0,0,4,1,1.17634
train,ZVDUPAFRUPRJTO-UHFFFAOYSA-N,OCNT-2313936,0,0,6,1,1.7501199999999997
train,NUKPHKXLLJXVFK-UHFFFAOYSA-N,OCNT-2313944,0,0,4,1,4.774200000000003
train,HYDMJJIQJHFVMR-UHFFFAOYSA-N,OCNT-2313949,0,0,3,1,0.9607999999999997
train,SWNJAIASNHOJIY-UHFFFAOYSA-N,OCNT-2313953,0,0,1,1,1.6810999999999996
train,AAHRGEWRSAXFHK-UHFFFAOYSA-N,OCNT-2313972,0,0,4,2,2.757200000000001
train,VTWNNPOZHUCBHZ-RDJZCZTQSA-N,OCNT-2313987,0,0,3,1,2.3197
train,WVKSYVADYXLNCD-UHFFFAOYSA-N,OCNT-2313992,0,0,4,1,2.25052
train,HSHQPMSDKXGBOZ-UHFFFAOYSA-N,OCNT-2313995,0,1,3,1,4.495740000000004
train,PGIGWWAPHIEOSA-BBTUJRGHSA-N,OCNT-2313997,0,1,4,2,2.943880000000001
train,AOWBBTKHKUABIR-UHFFFAOYSA-N,OCNT-2314004,0,0,7,1,3.4406000000000017
train,UXHPOOLMZAWLIS-UHFFFAOYSA-N,OCNT-2314011,0,1,3,1,2.4597000000000007
train,POSKFSHTDIVBQU-UHFFFAOYSA-N,OCNT-2314015,0,0,3,2,1.0120199999999997
train,LEQSLZQFYHLUIU-UHFFFAOYSA-N,OCNT-2314017,0,1,4,1,2.583700000000001
train,SURJULAVWQTUDT-UHFFFAOYSA-N,OCNT-2314023,0,0,3,1,3.144700000000001
train,LSFMGKPSZGJWRZ-UHFFFAOYSA-N,OCNT-2314028,0,1,4,1,4.453400000000004
train,MAFHWMLXQOSBNE-UHFFFAOYSA-N,OCNT-2314029,0,0,3,1,1.8225
train,WDHJJQQNQJWHFH-UHFFFAOYSA-N,OCNT-2314037,0,0,1,1,4.171300000000003
train,HIQYVZSPMFIADO-UHFFFAOYSA-N,OCNT-2314042,0,0,5,1,1.9713
train,VQVPXYROELRNLE-LBPRGKRZSA-N,OCNT-2314054,0,1,6,1,4.012800000000002
train,MMANAQFFSPEWDM-YLJYHZDGSA-N,OCNT-2314064,0,0,3,1,2.4039000000000006
train,UHKRMQBELBBMBX-UHFFFAOYSA-N,OCNT-2314069,0,0,6,1,2.1863999999999995
train,XALYUGQYUQJNAD-UHFFFAOYSA-N,OCNT-2314113,0,0,4,2,2.17572
train,LEBBFHPAILOSTF-UHFFFAOYSA-N,OCNT-2314122,0,0,5,1,2.44632
train,ZWKPLPQOZQTTCU-WDEVSDKISA-N,OCNT-2314127,0,1,5,1,2.05478
train,GXHPRWRZNWEZTC-UHFFFAOYSA-N,OCNT-2314146,0,1,6,1,0.6271999999999993
train,RVTZNVLWCXLJPL-UHFFFAOYSA-N,OCNT-2314148,0,0,1,1,3.262400000000002
train,LURKJIHDDXREDC-UHFFFAOYSA-N,OCNT-2314158,0,1,4,1,2.17952
train,JBUZWBLYMKAVMF-UHFFFAOYSA-N,OCNT-2314168,0,1,4,1,3.0367000000000015
train,WBVQFQJYACJRED-UHFFFAOYSA-N,OCNT-2314169,0,1,4,1,1.8550999999999995
train,GSUGZHKFDPWTRP-ZDUSSCGKSA-N,OCNT-2314180,0,1,5,1,2.4111
train,JUPPCDZKBBDTEC-UHFFFAOYSA-N,OCNT-2314187,0,0,4,1,3.657600000000002
train,DOFQECKISJCOKJ-UHFFFAOYSA-N,OCNT-2314190,0,0,6,2,2.007599999999999
train,MGCVXFFXMUIATM-UHFFFAOYSA-N,OCNT-2314193,0,0,2,1,2.9940000000000015
train,VMQVPAMNFSTCAC-UHFFFAOYSA-N,OCNT-2314207,0,0,4,1,2.930200000000001
train,XBHQNSQHLGDTSU-UHFFFAOYSA-N,OCNT-2314208,0,1,4,1,4.241420000000002
train,DBBCYNPRCHVZOY-UHFFFAOYSA-N,OCNT-2314221,0,0,2,1,3.423140000000002
train,BPNYIDLJZSGJNS-UHFFFAOYSA-N,OCNT-2314247,0,0,3,2,1.6123000000000005
train,IBGXCUDZMNOTSR-UHFFFAOYSA-N,OCNT-2314251,0,0,4,1,3.7329200000000022
train,MHMLNPGOPQKOTM-UHFFFAOYSA-N,OCNT-2314262,0,0,4,1,3.1976400000000016
train,NVQLRNPGJMCFJN-UHFFFAOYSA-N,OCNT-2314279,0,0,3,1,3.3129000000000017
train,LKHLFUHYEJGOEG-UHFFFAOYSA-N,OCNT-2314283,0,0,3,2,2.770500000000001
train,BUFZTOKCRSQULC-UHFFFAOYSA-N,OCNT-2314290,0,0,4,1,2.2865
train,KFADPKUTZZVLIQ-OAHLLOKOSA-N,OCNT-2314295,0,0,4,1,2.1094999999999997
train,FAIPFRSDTGEWBZ-UHFFFAOYSA-N,OCNT-2314306,0,1,3,1,3.716680000000002
train,DFBBOYDEPSYBPJ-UHFFFAOYSA-N,OCNT-2314307,0,1,4,1,2.717600000000001
train,WKNCAKADOQJKFX-FUBQLUNQSA-N,OCNT-2314311,0,0,4,1,2.3763000000000005
train,XPHNDQLBIHZZOS-UHFFFAOYSA-N,OCNT-2314324,0,0,3,1,2.755700000000001
train,SDLOTUAAJZLXOV-UHFFFAOYSA-N,OCNT-2314328,0,0,1,1,3.097500000000002
train,UIVHSXNADPPCMP-UHFFFAOYSA-N,OCNT-2314353,0,0,5,2,2.03962
train,ZAHNYOIOVUNRET-UHFFFAOYSA-N,OCNT-2314363,0,0,6,1,1.3045
train,OSEWFKGKUJEEFD-UHFFFAOYSA-N,OCNT-2314371,0,0,4,1,3.3931200000000024
train,YRBDXVLPGDGYTN-UHFFFAOYSA-N,OCNT-2314375,0,0,4,1,2.648200000000001
train,XXJPKEXBIMLSPG-UHFFFAOYSA-N,OCNT-2314377,0,0,4,1,4.113100000000004
train,ZLZTVJRCKRVNHF-UHFFFAOYSA-N,OCNT-2314416,0,0,3,1,2.8195000000000014
train,BWZBXMNGGSMTKT-UHFFFAOYSA-N,OCNT-2314434,0,0,4,1,2.762100000000001
train,AQDKRQSEIDTHDQ-UHFFFAOYSA-N,OCNT-2314436,0,0,3,2,2.929220000000001
train,PGIJAJXIBGHEQS-INIZCTEOSA-N,OCNT-2314439,0,0,3,1,2.1747999999999994
train,HDDVBAXIGQYQHH-UHFFFAOYSA-N,OCNT-2314445,0,0,3,1,3.421420000000002
train,QYHDOFQZWNVICE-UHFFFAOYSA-N,OCNT-2314460,0,0,4,1,0.2098
train,DAZULYSTDCFGOM-DZGCQCFKSA-N,OCNT-2314468,0,1,6,1,3.652400000000001
train,JHMXYYCTSDBMSY-UHFFFAOYSA-N,OCNT-2314492,0,0,4,1,3.5146400000000018
train,WEGDKVGLZWGWSI-UHFFFAOYSA-N,OCNT-2314499,0,0,4,1,3.1012200000000014
train,QYXPINIYROVOMX-UHFFFAOYSA-N,OCNT-2314509,0,0,3,1,3.5329000000000015
train,NCIBUVAYBGDBLS-UHFFFAOYSA-N,OCNT-2314515,0,0,3,1,1.5015199999999995
train,MYQPLCJFXCDWRJ-UHFFFAOYSA-N,OCNT-2314516,0,0,4,1,2.421220000000001
train,LQVTYUIEGKMZHO-UHFFFAOYSA-N,OCNT-2314524,0,0,4,1,3.507920000000002
train,MEEZHJJBYCBMLL-UHFFFAOYSA-N,OCNT-2314526,0,1,5,1,3.8133000000000026
train,NUKMCQPEFJSAAZ-MBOZVWFJSA-N,OCNT-2314527,0,0,2,1,2.3666
train,DSQFTSWIPOKTPP-UHFFFAOYSA-N,OCNT-2314537,0,0,3,1,1.8709
train,LATOOSZSOUGHJE-UHFFFAOYSA-N,OCNT-2314547,0,0,4,1,2.3084
train,CEYRGLDKUBETCE-UHFFFAOYSA-N,OCNT-2314568,0,1,3,1,4.143100000000001
train,VYPAFGXRKCBKND-UHFFFAOYSA-N,OCNT-2314570,0,0,6,1,2.801700000000001
train,VMMAOGVIBOQCRR-UHFFFAOYSA-N,OCNT-2314574,0,0,4,1,0.7705000000000002
train,LOQPWSNDFNSRCO-YOEHRIQHSA-N,OCNT-2314575,0,0,3,2,1.8149
train,SMPWASMRDISMMM-INSVYWFGSA-N,OCNT-2314586,0,0,2,2,1.1891
train,GCQDSXSVRBQJIS-UHFFFAOYSA-N,OCNT-2314591,0,0,5,1,3.3584000000000023
train,RQWFYJBPMOLITH-KBPBESRZSA-N,OCNT-2314610,0,1,6,1,0.3432000000000017
train,XFLWIZMCEFPWSR-UHFFFAOYSA-N,OCNT-2314613,0,0,3,2,1.3380999999999998
train,XWXFPZLYHJMDET-UHFFFAOYSA-N,OCNT-2314629,0,0,2,1,4.9277400000000044
train,LAXFUTMBNOBLAP-UHFFFAOYSA-N,OCNT-2314632,0,0,4,1,1.4410200000000002
train,GJYQEWJPDFTXRK-UHFFFAOYSA-N,OCNT-2314636,0,0,2,1,2.125220000000001
train,BXCHGIKOQTXVJL-SFHVURJKSA-N,OCNT-2314649,0,0,3,1,2.9406000000000008
train,FQFAHDMNRAXBFT-UHFFFAOYSA-N,OCNT-2314657,0,0,4,1,2.6999000000000004
train,GTGFBWKCCOBBSR-UHFFFAOYSA-N,OCNT-2314662,0,0,4,1,2.767400000000001
train,HUZQULPZWZSFBK-UHFFFAOYSA-N,OCNT-2314674,0,0,4,1,2.01088
train,KOULUEUAIZCSHA-UHFFFAOYSA-N,OCNT-2314692,0,0,4,1,2.6328000000000005
train,LJXDGFVGNPOQIW-UHFFFAOYSA-N,OCNT-2314694,0,0,4,1,2.9834000000000014
train,IIGPKLVZMJDWCL-PXAZEXFGSA-N,OCNT-2314699,0,0,1,1,3.008600000000002
train,BOVZTVIRIMQCMP-QUCCMNQESA-N,OCNT-2314708,0,0,2,1,3.522700000000002
train,PJDIXNHLJXRWIU-UHFFFAOYSA-N,OCNT-2314715,0,1,5,1,1.4493999999999998
train,OSTWVWUINOEZHS-UHFFFAOYSA-N,OCNT-2314717,0,1,6,1,2.9170000000000016
train,QDZLJEUNTNYVTE-UHFFFAOYSA-N,OCNT-2314741,0,0,4,1,2.731600000000001
train,WGLOMJBEIXDVFC-UHFFFAOYSA-N,OCNT-2314757,0,1,3,2,2.820500000000001
train,FLGWVQJYGWKVRH-UHFFFAOYSA-N,OCNT-2314778,0,0,7,1,2.5893200000000007
train,CXAMTUILUGPKDJ-UHFFFAOYSA-N,OCNT-2314781,0,0,4,2,3.187000000000002
train,SBXRHPFDQZBYMA-UHFFFAOYSA-N,OCNT-2314787,0,0,1,1,2.3024999999999993
train,OWUMXLCYZSGLOQ-UHFFFAOYSA-N,OCNT-2314805,0,0,3,1,2.809100000000001
train,JAKRBEYEQJYSGS-UHFFFAOYSA-N,OCNT-2314827,0,0,2,1,4.253200000000003
train,PUVFNUJBXLULQY-UHFFFAOYSA-N,OCNT-2314866,0,0,4,1,2.637100000000001
train,XBAMHOMIJVDSSD-UHFFFAOYSA-N,OCNT-2314872,0,0,4,1,1.2576999999999996
train,ODWLEQVMUYNMBW-UHFFFAOYSA-N,OCNT-2314898,0,0,5,1,3.225740000000002
train,SQZUVLLUVJDPHA-UHFFFAOYSA-N,OCNT-2314902,0,1,3,1,2.3638000000000003
train,QTAPQRDOUOSYMS-UHFFFAOYSA-N,OCNT-2314905,0,0,4,1,3.588960000000002
train,BORUZYFEQSVJRU-UHFFFAOYSA-N,OCNT-2314907,0,1,5,2,2.5268000000000006
train,GLVIPJZPZKYYPY-UHFFFAOYSA-N,OCNT-2314924,0,0,3,1,3.2100000000000017
train,CPLZEKVZZPZDRM-UHFFFAOYSA-N,OCNT-2314928,0,0,2,1,3.1915000000000022
train,QHHTXVIQZKULHO-UHFFFAOYSA-N,OCNT-2314946,0,0,4,1,2.18954
train,UXPDAXCXFZTAEN-UHFFFAOYSA-N,OCNT-2314962,0,0,3,1,1.9889
train,URDLEVJEFQHTIJ-UHFFFAOYSA-N,OCNT-2314966,0,0,4,1,2.9141000000000012
train,IKLROGGBSVRPBV-UHFFFAOYSA-N,OCNT-2314977,0,0,2,1,3.1464000000000016
train,HGRGABFJUIANRF-UHFFFAOYSA-N,OCNT-2314985,0,1,4,1,1.4422999999999997
train,LKGXUXAUPNVFKD-UHFFFAOYSA-N,OCNT-2314995,0,1,3,1,2.672500000000001
train,GEYZZYHKDCQEGW-UHFFFAOYSA-N,OCNT-2314998,0,0,5,1,0.1998999999999988
train,AXAKOINREVMBNI-UHFFFAOYSA-N,OCNT-2315024,0,0,5,1,1.8202999999999996
train,QUTDGZYQXZVYFC-SJKOYZFVSA-N,OCNT-2315042,0,0,2,1,2.9277200000000008
train,YQKLTNOXGTYSOG-UHFFFAOYSA-N,OCNT-2315045,0,0,5,1,2.4936000000000007
train,LBCJOUUDNYKSSR-KRWDZBQOSA-N,OCNT-2315056,0,0,2,1,3.102040000000001
train,GDEIECWMPLCILB-UHFFFAOYSA-N,OCNT-2315060,0,1,5,2,2.911920000000001
train,IOBKGDZZBKRYCG-UHFFFAOYSA-N,OCNT-2315064,0,0,6,1,1.75032
train,VGNAGDOFHMNKBO-UHFFFAOYSA-N,OCNT-2315074,0,0,1,1,2.3073200000000007
train,JCPHKQUSKIQDIE-UHFFFAOYSA-N,OCNT-2315087,0,0,4,1,2.719500000000001
train,IRUBKGMUVRXDDT-UHFFFAOYSA-N,OCNT-2315092,0,0,4,1,2.8812000000000015
train,FWQGELGUVIJUCC-UHFFFAOYSA-N,OCNT-2315103,0,0,3,1,2.8801200000000016
train,LTHPWOHLAQICFN-UHFFFAOYSA-N,OCNT-2315114,0,0,5,1,2.0828999999999995
train,DDBVVOVNSRWTJU-UHFFFAOYSA-N,OCNT-2315121,0,0,3,1,2.4830000000000005
train,PNDJJJLHVBRNTL-UHFFFAOYSA-N,OCNT-2315146,0,1,5,1,2.0843
train,FEROKVSYPLWBAJ-UHFFFAOYSA-N,OCNT-2315153,0,0,2,2,1.9816200000000004
train,GBCJFMVVTQVMHP-PYMCNQPYSA-N,OCNT-2315155,0,0,3,1,1.8283
train,DXZFYTFQGFMLCK-UHFFFAOYSA-N,OCNT-2315156,0,0,3,1,2.811700000000001
train,BVZPBARCGQEFOO-UHFFFAOYSA-N,OCNT-2315174,0,0,2,1,2.9989000000000017
train,BKZIOMFKCGEUHT-UHFFFAOYSA-N,OCNT-2315183,0,1,3,1,3.094920000000001
train,FLSQQEOSBFMSDU-UHFFFAOYSA-N,OCNT-2315201,0,1,4,1,3.3527200000000024
train,OIGAMNBRMKHQFG-UHFFFAOYSA-N,OCNT-2315202,0,0,2,1,3.343460000000002
train,DGRCPXUHDLNDFW-NSHDSACASA-N,OCNT-2315213,0,0,3,1,2.1606999999999994
train,ZDZLABUIOYHHDH-UHFFFAOYSA-N,OCNT-2315214,0,0,2,1,2.375
train,PDFCYYCDILPAGT-UHFFFAOYSA-N,OCNT-2315215,0,0,2,1,3.129900000000002
train,MPDZWCZFJGQWOI-UHFFFAOYSA-N,OCNT-2315236,0,0,6,1,2.061919999999999
train,USOCNVCPXNFHMT-UHFFFAOYSA-N,OCNT-2315246,0,0,2,1,2.505600000000001
train,MMUITTPKYKXKFD-UHFFFAOYSA-N,OCNT-2315270,0,0,3,1,3.295720000000002
train,BAELEBQZHOCHBQ-UHFFFAOYSA-N,OCNT-2315273,0,1,4,1,4.143920000000003
train,HJWNBMPWZUYAMW-UHFFFAOYSA-N,OCNT-2315280,0,1,4,1,2.2374
train,VFHRCOLYDWSHHU-UHFFFAOYSA-N,OCNT-2315291,0,0,1,1,2.8156000000000008
train,ARRCDCODGKTZHK-LLVKDONJSA-N,OCNT-2315293,0,1,3,2,2.7277000000000005
train,DZZVVUKOBSRNAM-UHFFFAOYSA-N,OCNT-2315294,0,0,5,1,2.5012
train,KMRXIPIOAUJDBO-UHFFFAOYSA-N,OCNT-2315311,0,1,6,1,2.595800000000001
train,OCSVTGWIMRELRH-VIFPVBQESA-N,OCNT-2315321,0,0,2,2,1.5489000000000002
train,RVQWHLPCLPJWRR-UHFFFAOYSA-N,OCNT-2315326,0,1,3,1,2.917200000000001
train,AJLGKZFVBQWOMF-UHFFFAOYSA-N,OCNT-2315342,0,1,4,1,1.6956
train,WFVSDBTXMRGQAP-UHFFFAOYSA-N,OCNT-2315349,0,1,5,1,4.105000000000002
train,BAKSNXKDXHGPPP-UHFFFAOYSA-N,OCNT-2315370,0,0,3,1,4.351300000000003
train,TZXXXQOWLNHNKD-UHFFFAOYSA-N,OCNT-2315379,0,1,4,3,2.395600000000001
train,DNHIOOUTPIZWRA-UHFFFAOYSA-N,OCNT-2315386,0,0,4,1,4.011720000000003
train,ISTVQRMBDXXFIL-UHFFFAOYSA-N,OCNT-2315394,0,0,2,1,3.8797000000000033
train,RCKVVFKGCLFGIN-UHFFFAOYSA-N,OCNT-2315408,0,0,4,2,1.6589999999999996
train,GOBZVKUSTBBCMP-UHFFFAOYSA-N,OCNT-2315413,0,0,3,2,2.535000000000001
train,LGMLEVHOVWZGKR-UHFFFAOYSA-N,OCNT-2315416,0,1,4,1,2.0593999999999997
train,LINUEMAWVXHAKO-CRAIPNDOSA-N,OCNT-2315444,0,1,4,1,3.009800000000001
train,LODZKHHZAIWPKV-UHFFFAOYSA-N,OCNT-2315447,0,0,3,2,3.1140000000000017
train,GNVOYDAHBDQAQC-UHFFFAOYSA-N,OCNT-2315448,0,0,4,1,1.82442
train,KIIBRPVFLWMGBE-UHFFFAOYSA-N,OCNT-2315458,0,0,4,1,2.856320000000001
train,NTWKCVGWDKYKKL-IIBYNOLFSA-N,OCNT-2315482,0,0,3,1,2.6565000000000003
train,OWGWMFBREAAOMT-UHFFFAOYSA-N,OCNT-2315485,0,0,4,1,2.21492
train,PHFDMHSHNJLUJW-OXJNMPFZSA-N,OCNT-2315493,0,1,4,2,2.0889
train,KYQVKLFQOSOPNM-UHFFFAOYSA-N,OCNT-2315498,0,0,2,2,2.7495200000000013
train,UERZMAGKKQJDCW-UHFFFAOYSA-N,OCNT-2315508,0,0,5,1,1.76242
train,IUZLYQRADKSHLN-UHFFFAOYSA-N,OCNT-2315514,0,1,5,1,2.866620000000002
train,IPKAAALDILAYHE-UHFFFAOYSA-N,OCNT-2315537,0,1,5,3,0.7451999999999994
train,DYWXKXCQAIZFKB-TTZKSVMKSA-N,OCNT-2315539,0,1,7,1,1.1103999999999998
train,YMUYFYIALFIMHS-UHFFFAOYSA-N,OCNT-2315545,0,0,5,1,1.2916
train,XBCRGIOEBAQMJV-UHFFFAOYSA-N,OCNT-2315551,0,0,3,1,2.4620000000000006
train,HAEHCDQNZXNFKO-QLFBSQMISA-N,OCNT-2315560,0,0,1,1,0.9658999999999996
train,HOQJOHPYCNLBRI-UHFFFAOYSA-N,OCNT-2315567,0,0,3,1,3.410000000000003
train,VHNYUZCBKCYTFS-UHFFFAOYSA-N,OCNT-2315575,0,0,2,1,4.1773000000000025
train,XKAJLUQIWOREOM-UHFFFAOYSA-N,OCNT-2315584,0,0,4,1,4.247100000000003
train,WBYJISAUOUBXPW-UHFFFAOYSA-N,OCNT-2315609,0,0,3,2,3.035400000000001
train,JXWZKTCUNRLGCD-UHFFFAOYSA-N,OCNT-2315616,0,1,3,1,3.3922000000000025
train,GBBBBEMODIRFJT-RWZMTBSZSA-N,OCNT-2315630,0,0,3,1,2.986220000000001
train,YLBHRYSMLHYOBI-KBPBESRZSA-N,OCNT-2315633,0,0,4,1,0.5065999999999995
train,PDLOAELCEZJLJG-UHFFFAOYSA-N,OCNT-2315684,0,0,4,1,2.0356999999999994
train,XFSIKJKODJKJMF-UHFFFAOYSA-N,OCNT-2315694,0,1,3,1,3.8781000000000025
train,DAMSLNKLZKWYAV-UHFFFAOYSA-N,OCNT-2315696,0,0,2,1,1.3874000000000009
train,MVAFKRMCPMJIOF-BETUJISGSA-N,OCNT-2315698,0,0,1,1,1.4758
train,SLSYBPBKTDBVFO-UHFFFAOYSA-N,OCNT-2315702,0,0,5,1,1.0330999999999997
train,CHGCNPYLFWQWFG-UHFFFAOYSA-N,OCNT-2315721,0,0,4,1,2.7887000000000013
train,LHHOVTVLTFGONE-KZUDCZAMSA-N,OCNT-2315725,0,0,3,1,0.4839999999999996
train,CZSAMRIBHKTNAZ-UHFFFAOYSA-N,OCNT-2315731,0,1,5,1,1.1528999999999991
train,OPQIZFQOXXHXER-UHFFFAOYSA-N,OCNT-2315742,0,0,5,2,1.0603
train,ZKKXLEFLWRARMY-UHFFFAOYSA-N,OCNT-2315749,0,0,1,1,2.3767000000000005
train,GSEDQKWLDCEDGI-UHFFFAOYSA-N,OCNT-2315756,0,0,2,1,2.5664000000000007
train,DSEKPNRIJZHILG-UHFFFAOYSA-N,OCNT-2315758,0,1,5,2,2.6182000000000007
train,RNTOIGRBODRYSF-UHFFFAOYSA-N,OCNT-2315765,0,0,4,1,4.472220000000003
train,CJCNATFYPQAVNP-QWHCGFSZSA-N,OCNT-2315767,0,0,3,1,2.554900000000001
train,ZUWJKCQLZRWURZ-UHFFFAOYSA-N,OCNT-2315780,0,0,4,1,4.477900000000004
train,AXVQIXKVNSXPGM-UHFFFAOYSA-N,OCNT-2315791,0,0,2,1,2.7059000000000006
train,FBOWIAGTHUDLQI-UHFFFAOYSA-N,OCNT-2315805,0,2,5,1,2.1167999999999996
train,AREAGOCNFVOBCP-UHFFFAOYSA-N,OCNT-2315816,0,0,4,1,2.3711200000000003
train,VPCJPFLMSZDJFI-UHFFFAOYSA-N,OCNT-2315823,0,0,4,1,4.498400000000004
train,ZKWIIGAKQSXBRC-UHFFFAOYSA-N,OCNT-2315836,0,0,5,1,2.687820000000001
train,IGEAIMCXVSRMND-UHFFFAOYSA-N,OCNT-2315838,0,0,5,1,1.6859
train,KOLHWAHUAOOVFG-UHFFFAOYSA-N,OCNT-2315845,0,0,3,1,4.166540000000003
train,SONKSBMYIAESOX-UHFFFAOYSA-N,OCNT-2315846,0,0,4,1,2.4732200000000004
train,ABEXPSKBOVMHEU-UHFFFAOYSA-N,OCNT-2315851,0,0,3,1,4.715600000000005
train,RSIOEWHOJVUUFH-SKDZVZGDSA-N,OCNT-2315859,0,0,2,1,3.8960000000000026
train,REZMVDVWEFPWII-UHFFFAOYSA-N,OCNT-2315866,0,0,2,1,2.2398
train,DPIKOYZFBFKNFE-UHFFFAOYSA-N,OCNT-2315873,0,1,4,1,1.6114000000000002
train,MUCOCRLQOQLZIV-UHFFFAOYSA-N,OCNT-2315874,0,0,2,1,1.1022999999999998
train,GUZVPUBRPOUFHH-UHFFFAOYSA-N,OCNT-2315886,0,0,3,1,2.939300000000001
train,WMYCJMKODWMDQF-UHFFFAOYSA-N,OCNT-2315908,0,0,1,1,4.3247000000000035
train,YAHVIAWMRXVLAP-UHFFFAOYSA-N,OCNT-2315910,0,0,4,1,3.292200000000001
train,RTWMBMRUDZASKG-UHFFFAOYSA-N,OCNT-2315931,0,0,5,1,0.1472200000000004
train,FFOPUDGTPLZMOT-UHFFFAOYSA-N,OCNT-2315934,0,1,5,2,2.685200000000001
train,RVDWAGALOWZBAV-UHFFFAOYSA-N,OCNT-2315937,0,2,6,1,2.639800000000001
train,BSDLDEUSTRLQEY-UHFFFAOYSA-N,OCNT-2315945,0,0,3,1,2.2959000000000005
train,IEXQMLIWZWKXBA-UHFFFAOYSA-N,OCNT-2315960,0,0,4,1,2.823500000000001
train,MSPLSQKCPNGXFQ-UHFFFAOYSA-N,OCNT-2315974,0,0,3,1,2.923300000000001
train,WSRRLCNILMYAGW-UHFFFAOYSA-N,OCNT-2315982,0,0,3,1,3.2286400000000013
train,KDWINTKNCFXETQ-UHFFFAOYSA-N,OCNT-2315988,0,0,2,1,2.772420000000001
train,OXEBQHUGNKQHBU-UHFFFAOYSA-N,OCNT-2315991,0,0,3,1,4.244700000000003
train,XEMCUDAQPISXBU-UHFFFAOYSA-N,OCNT-2315996,0,0,5,1,3.5825000000000022
train,VUODWNPUQSCMQY-AWEZNQCLSA-N,OCNT-2316025,0,1,5,1,4.021000000000003
train,SUJSYOFYNXGWMI-NGKGQXKNSA-N,OCNT-2316040,0,1,5,1,2.554580000000001
train,UHSCQJNPWIVPJV-UHFFFAOYSA-N,OCNT-2316044,0,0,3,1,1.6709199999999993
train,WDWXLGUKGPSCJB-UHFFFAOYSA-N,OCNT-2316049,0,1,2,1,3.422200000000003
train,JGORGCVKTVDGCF-IYBDPMFKSA-N,OCNT-2316070,0,0,3,1,2.1808000000000005
train,QQYAHLPJWKQNTM-UHFFFAOYSA-N,OCNT-2316084,0,0,3,1,2.5159
train,ILXVZKLXZOEKTC-UHFFFAOYSA-N,OCNT-2316099,0,0,2,1,0.4898999999999998
train,APRNCIZEBGWKCC-UHFFFAOYSA-N,OCNT-2316105,0,0,4,1,2.633800000000001
train,BFVHBFKLFDSHNI-UHFFFAOYSA-N,OCNT-2316119,0,1,4,1,4.578300000000002
train,HBIXLLBPTHZDRI-UHFFFAOYSA-N,OCNT-2316121,0,0,2,1,4.499800000000003
train,YIFDISNBBGKJKI-UHFFFAOYSA-N,OCNT-2316131,0,0,2,1,5.245900000000004
train,YQABVYWBHBCFDO-RBUKOAKNSA-N,OCNT-2316133,0,0,2,2,1.8960999999999997
train,TWEFBDRCKSVINZ-UHFFFAOYSA-N,OCNT-2316136,0,0,3,1,2.604720000000001
train,IQMCPNDQOKHXLC-UHFFFAOYSA-N,OCNT-2316140,0,0,4,1,2.2626
train,RJTQYMCYOPQQOM-UHFFFAOYSA-N,OCNT-2316147,0,0,4,1,3.1564000000000014
train,AWWOJKWIDRKRRX-UHFFFAOYSA-N,OCNT-2316158,0,0,2,2,1.4773
train,JVDGAKHVFVRQPJ-UHFFFAOYSA-N,OCNT-2316159,0,1,3,1,2.8499000000000017
train,KKEULVBKRYJFFQ-UHFFFAOYSA-N,OCNT-2316163,0,0,3,1,2.3626000000000005
train,IVSXKJLOXRBZSW-UHFFFAOYSA-N,OCNT-2316164,0,0,3,2,1.5816999999999994
train,WQSJTLOSKGORSG-UHFFFAOYSA-N,OCNT-2316170,0,0,4,1,2.6862200000000005
train,PENAZWDHEMHUSC-UHFFFAOYSA-N,OCNT-2316177,0,0,5,1,0.0168999999999999
train,QYATYFWVQSEJPP-UHFFFAOYSA-N,OCNT-2316185,0,0,4,1,2.815100000000001
train,JGRXJJMQSRXVHX-UHFFFAOYSA-N,OCNT-2316186,0,1,7,1,1.5127999999999997
train,AVSBSKYNGOROPD-UHFFFAOYSA-N,OCNT-2316187,0,0,6,1,1.8794199999999992
train,PAHHJKGABHEMIV-UHFFFAOYSA-N,OCNT-2316194,0,0,2,1,3.116600000000002
train,UHDSYFOJPWKJQM-UHFFFAOYSA-N,OCNT-2316195,0,0,3,1,2.3031999999999995
train,UPXQXMXYQKKYRX-UHFFFAOYSA-N,OCNT-2316196,0,0,4,2,2.1736999999999993
train,QDOKDFPHEPCJNS-UHFFFAOYSA-N,OCNT-2316197,0,0,4,2,1.0770199999999996
train,CALFQHMXANLWPL-UHFFFAOYSA-N,OCNT-2316205,0,0,2,1,3.9945400000000024
train,XFOAKKRCKCVQOA-UHFFFAOYSA-N,OCNT-2316209,0,0,3,1,2.963300000000001
train,FHFCYNRPXCADTG-UHFFFAOYSA-N,OCNT-2316212,0,0,2,1,4.705120000000003
train,PSIGXFFTBZQNEN-UHFFFAOYSA-N,OCNT-2316217,0,1,4,1,1.3118199999999995
train,IAADIQFSVHQZEG-UHFFFAOYSA-N,OCNT-2316222,0,0,5,1,3.139700000000002
train,IQXMDEBCQLDYBS-UHFFFAOYSA-N,OCNT-2316230,0,1,3,2,2.633900000000001
train,UCLIBLSNLJTFCY-UHFFFAOYSA-N,OCNT-2316240,0,0,2,1,3.4472000000000023
train,PQYPFFASSMZDMA-UHFFFAOYSA-N,OCNT-2316252,0,0,3,1,2.4225000000000003
train,RAMYBWRNVKSEGW-UHFFFAOYSA-N,OCNT-2316266,0,1,4,1,1.92172
train,KPSGOILJROKABB-JKSUJKDBSA-N,OCNT-2316278,0,0,4,1,2.739600000000001
train,XYXFLBLYUWEHNS-UHFFFAOYSA-N,OCNT-2316280,0,0,3,1,1.7978999999999996
train,WJSGRZXGMIBXIR-UHFFFAOYSA-N,OCNT-2316303,0,0,4,1,3.6695800000000025
train,ZQWNBUUGCZZBQG-UHFFFAOYSA-N,OCNT-2316305,0,0,4,2,1.132599999999999
train,ZGQZXSDSBGYNBR-UHFFFAOYSA-N,OCNT-2316322,0,0,4,1,3.574600000000002
train,ZOJWIUJADMWDPN-JKSUJKDBSA-N,OCNT-2316344,0,0,5,1,1.9363
train,YDNNWCSROCTHFP-UHFFFAOYSA-N,OCNT-2316349,0,0,5,1,3.674900000000001
train,HXVPFLAIUCTCLG-UHFFFAOYSA-N,OCNT-2316356,0,1,4,1,2.9410000000000016
train,QFUBGOOMOUUJRG-UHFFFAOYSA-N,OCNT-2316359,0,0,5,1,2.79122
train,CCWKWZDOARHVPW-UHFFFAOYSA-N,OCNT-2316365,0,0,4,1,1.5515999999999994
train,HXJWEJOIHWHYQT-UHFFFAOYSA-N,OCNT-2316367,0,0,2,1,4.987220000000005
train,HTDLZOBEDKINPU-UHFFFAOYSA-N,OCNT-2316372,0,0,4,1,2.852500000000001
train,IJKDYORCPLEIQG-LBPRGKRZSA-N,OCNT-2316374,0,0,3,1,1.9971999999999996
train,MQBUEZDBNBGKQA-UHFFFAOYSA-N,OCNT-2316392,0,0,3,1,3.4730200000000027
train,QMNINDHVHYVNNE-UHFFFAOYSA-N,OCNT-2316399,0,0,3,1,2.794920000000001
train,KOMQOBZLPXBGIL-UHFFFAOYSA-N,OCNT-2316444,0,0,2,1,2.907300000000001
train,URAQAPFFYYJDFQ-UHFFFAOYSA-N,OCNT-2316452,0,0,5,1,1.96932
train,AVXKCXZTVJXENU-INIZCTEOSA-N,OCNT-2316472,0,1,5,1,1.7489999999999994
train,BGGNNTFHIXNCDE-UHFFFAOYSA-N,OCNT-2316482,0,0,5,1,1.6564199999999996
train,YCKQLOFLKFDRSW-UHFFFAOYSA-N,OCNT-2316507,0,0,3,1,4.386200000000003
train,VNXDVPIEKLJBAE-UHFFFAOYSA-N,OCNT-2316559,0,0,3,1,4.167620000000002
train,JPOJZHJYWGFGNZ-UHFFFAOYSA-N,OCNT-2316563,0,0,2,1,1.495899999999999
train,SWMOBBBYJUMHJZ-UHFFFAOYSA-N,OCNT-2316570,0,0,3,1,1.7711999999999997
train,ZXVJQGOJHBPTOQ-UHFFFAOYSA-N,OCNT-2316589,0,0,3,1,2.1472
train,OQOVOJADYWLGMQ-UHFFFAOYSA-N,OCNT-2316591,0,0,3,1,2.7131000000000007
train,JMGPTMRUYKMATP-UHFFFAOYSA-N,OCNT-2316600,0,0,6,1,1.9981999999999995
train,WRAALMNEWKOQBJ-UHFFFAOYSA-N,OCNT-2316604,0,0,6,1,0.8768999999999996
train,LTODDWBFRYADKR-UHFFFAOYSA-N,OCNT-2316606,0,0,2,1,2.5973000000000006
train,NJJAJTQWQZTIQS-UHFFFAOYSA-N,OCNT-2316628,0,0,4,1,3.239700000000002
train,BZGWCXPBGHVUHJ-UHFFFAOYSA-N,OCNT-2316656,0,0,6,1,2.7211000000000007
train,DHTRYQIITKASDN-UHFFFAOYSA-N,OCNT-2316657,0,0,6,1,3.0131000000000014
train,LNLXZSGXBYWBDU-NSHDSACASA-N,OCNT-2316684,0,0,4,1,1.6918999999999995
train,KIEYDKIZZGRRKU-UHFFFAOYSA-N,OCNT-2316691,0,1,6,1,0.4455
train,ZCQGIHFEEOMIKD-UHFFFAOYSA-N,OCNT-2316705,0,0,3,1,3.031600000000001
train,YVLRYYJNSUZEGJ-UHFFFAOYSA-N,OCNT-2316721,0,1,6,1,3.3970200000000013
train,IOCGCTLTLUNNIC-UHFFFAOYSA-N,OCNT-2316739,0,0,2,1,3.9281000000000033
train,LWYMZGBKXMCJGE-UHFFFAOYSA-N,OCNT-2316747,0,0,4,1,1.4951999999999992
train,VYUFPKYULHKDHH-UHFFFAOYSA-N,OCNT-2316767,0,0,5,2,3.5842000000000027
train,AGOYKHUKFFLSAC-UHFFFAOYSA-N,OCNT-2316769,0,0,2,1,4.055820000000003
train,OVYLQAHYCNVLEA-UHFFFAOYSA-N,OCNT-2316775,0,0,7,1,1.1206999999999998
train,ATVIQSIFQPGBBE-UHFFFAOYSA-N,OCNT-2316803,0,0,2,1,3.6541000000000015
train,GWJKOGITESZIFO-FZKQIMNGSA-N,OCNT-2316821,0,0,3,1,3.0984000000000016
train,FLWMSIWGBRDEKV-UHFFFAOYSA-N,OCNT-2316822,0,1,5,1,3.820700000000002
train,NPZPIMWHOCMQED-UHFFFAOYSA-N,OCNT-2316836,0,0,4,1,2.5608000000000004
train,ZBWQWXIWIAKVAW-UHFFFAOYSA-N,OCNT-2316855,0,0,2,1,1.462999999999999
train,DAEYVJQXDCUQSJ-UHFFFAOYSA-N,OCNT-2316859,0,0,5,1,2.6426000000000007
train,SAIZSVXLCUVKDR-UHFFFAOYSA-N,OCNT-2316880,0,0,3,1,0.6973
train,FQRXVCUWONYUBJ-FUHWJXTLSA-N,OCNT-2316891,0,0,3,2,2.704220000000001
train,SVKGNUYZKALPQP-UHFFFAOYSA-N,OCNT-2316904,0,0,2,1,3.3900200000000025
train,LLVPFYYBGYZHJD-UHFFFAOYSA-N,OCNT-2316912,0,1,7,1,1.7588199999999998
train,VXEUJRVUHGVPJP-UHFFFAOYSA-N,OCNT-2316923,0,0,2,1,2.491200000000001
train,JLCNBMAIKIRJSZ-OAHLLOKOSA-N,OCNT-2316937,0,0,3,1,1.1666000000000003
train,JUAYEPILUMVOGD-UHFFFAOYSA-N,OCNT-2316948,0,0,3,1,2.4791000000000007
train,QCFAHERSFSXCNA-PREGVCBESA-N,OCNT-2316959,0,0,3,1,1.8962
train,IMUWGGOPROYNBY-UHFFFAOYSA-N,OCNT-2316961,0,0,4,1,2.4474
train,FDXDMLFUMWUNQS-UHFFFAOYSA-N,OCNT-2316964,0,0,4,1,2.871100000000001
train,KYICLBKPBDUCOF-UHFFFAOYSA-N,OCNT-2316966,0,0,3,1,2.0396
train,VJHCTJSCUJLUGE-UHFFFAOYSA-N,OCNT-2316968,0,1,4,1,2.5912000000000006
train,RSBIZJHNWRDDIL-UHFFFAOYSA-N,OCNT-2316997,0,1,5,1,2.773640000000001
train,ITOOMEUXMAOJCK-UHFFFAOYSA-N,OCNT-2317000,0,1,5,1,2.677220000000001
train,QKAFDUFLNKNOQH-UHFFFAOYSA-N,OCNT-2317021,0,0,4,2,1.1845199999999991
train,BQNATFGVLJYIAJ-UHFFFAOYSA-N,OCNT-2317023,0,0,2,1,2.7210200000000015
train,CWTIVQSCTRJKQB-UHFFFAOYSA-N,OCNT-2317024,0,1,3,1,2.3776200000000003
train,OCPSMTDXYDJWPR-UHFFFAOYSA-N,OCNT-2317025,0,0,4,1,2.602100000000001
train,IROJCVZEMVZADB-UHFFFAOYSA-N,OCNT-2317028,0,0,5,2,0.3747999999999996
train,NDVHKGFDQOULIT-LBPRGKRZSA-N,OCNT-2317039,0,0,4,1,3.1442000000000014
train,QITAFAPBPCOIGF-UHFFFAOYSA-N,OCNT-2317062,0,0,3,1,2.4418200000000008
train,FDVDBGNSFJGCJV-UHFFFAOYSA-N,OCNT-2317066,0,0,4,1,1.62402
train,BVSPVPUOGZRITE-UHFFFAOYSA-N,OCNT-2317070,0,1,4,2,1.9083999999999997
train,JFHSBXXHDLRYIN-UHFFFAOYSA-N,OCNT-2317077,0,0,2,1,2.6788
train,SIYCGRQKRCPMCS-UHFFFAOYSA-N,OCNT-2317087,0,0,4,1,2.54152
train,DPGMDMIJSACEFU-UHFFFAOYSA-N,OCNT-2317101,0,0,3,1,3.315500000000002
train,WMVMFLQAXFCORR-UHFFFAOYSA-N,OCNT-2317103,0,0,3,1,3.4940000000000024
train,WJZHHMLLNOOCCB-UHFFFAOYSA-N,OCNT-2317105,0,0,4,1,2.0728
train,ZYPJZJXFTMGPQG-GVJPCGBOSA-N,OCNT-2317107,0,0,3,1,2.697020000000001
train,WIGRLROQSJOJNQ-ZDUSSCGKSA-N,OCNT-2317112,0,0,3,2,1.9592
train,AQJAPFHFJNHFNT-UHFFFAOYSA-N,OCNT-2317118,0,0,3,1,2.2602200000000003
train,JHJNVPMWROZEOJ-UHFFFAOYSA-N,OCNT-2317123,0,0,2,1,2.9628000000000014
train,MSGZOSCMRKZOEH-UHFFFAOYSA-N,OCNT-2317126,0,0,3,2,3.2147000000000023
train,YSMVBBHHARPKHV-UHFFFAOYSA-N,OCNT-2317127,0,0,4,1,2.5386000000000006
train,UXDPKMLAHNSVRK-UHFFFAOYSA-N,OCNT-2317134,0,0,4,1,4.368540000000004
train,YDCJRPBUBSOJKG-UHFFFAOYSA-N,OCNT-2317135,0,0,3,1,3.1343200000000015
train,VLACRBFSKCIPCT-UHFFFAOYSA-N,OCNT-2317136,0,1,3,1,2.0564
train,GKJYGOJWCSVTPJ-UHFFFAOYSA-N,OCNT-2317143,0,0,3,1,3.6599600000000025
train,WXFCLZJVDLEBTJ-UHFFFAOYSA-N,OCNT-2317145,0,0,2,1,4.201100000000004
train,SSUKSLQLAMYYRJ-UHFFFAOYSA-N,OCNT-2317155,0,0,5,1,1.5205
train,QWKKOAHNRCVFMA-UHFFFAOYSA-N,OCNT-2317163,0,2,2,1,2.1844
train,QVGRVYCOBKFJSE-UHFFFAOYSA-N,OCNT-2317166,0,0,3,2,1.2939999999999996
train,RBFWRWJCOIIAOK-UHFFFAOYSA-N,OCNT-2317169,0,0,3,1,3.502200000000003
train,NNWPGRNASUEASN-HNNXBMFYSA-N,OCNT-2317174,0,0,2,1,3.180900000000002
train,VYPSUWCDPQGJSH-UHFFFAOYSA-N,OCNT-2317183,0,1,6,1,2.16922
train,JEGQPUIGZZGZOC-UHFFFAOYSA-N,OCNT-2317189,0,2,5,1,3.279720000000002
train,BVCKJGVIXOMZBW-UHFFFAOYSA-N,OCNT-2317192,0,1,4,2,3.531320000000002
train,QDQYRQVQOSZPRQ-UHFFFAOYSA-N,OCNT-2317204,0,0,4,1,2.7181000000000006
train,NVCRVFHBHXMEBG-UHFFFAOYSA-N,OCNT-2317205,0,0,2,1,1.8544000000000005
train,DSLZMQBZYLSBTB-UHFFFAOYSA-N,OCNT-2317208,0,0,2,1,2.850500000000001
train,ZDMSBRNBFTXZPJ-UHFFFAOYSA-N,OCNT-2317210,0,0,6,1,2.5616000000000003
train,LIVJZDMANQVUDP-UHFFFAOYSA-N,OCNT-2317216,0,0,4,1,2.2920000000000007
train,HYZUFGFQMUOIJF-UHFFFAOYSA-N,OCNT-2317220,0,0,4,1,2.8052
train,AJDPYTIBXFXLJL-UHFFFAOYSA-N,OCNT-2317222,0,0,3,1,2.9015400000000016
train,PUJGNFDSNPSMAP-UHFFFAOYSA-N,OCNT-2317227,0,0,4,1,4.202640000000003
train,VWJTXFVOSPBHEE-UHFFFAOYSA-N,OCNT-2317229,0,0,3,1,3.9086000000000025
train,BSZJGUYIKNYVHK-FQEVSTJZSA-N,OCNT-2317238,0,0,3,1,4.181500000000003
train,IPAKMHNGINFDBK-UHFFFAOYSA-N,OCNT-2317246,0,0,3,1,1.7228999999999992
train,QOACIIMPIYRKBZ-HQJQHLMTSA-N,OCNT-2317249,0,0,2,1,1.5593
train,USPKRHIRDZZKOT-UHFFFAOYSA-N,OCNT-2317255,0,0,5,1,2.6175000000000006
train,NDUSXQDVIMTNBB-LBPRGKRZSA-N,OCNT-2317275,0,1,4,1,3.2409000000000017
train,ZYGIEWYSBUXBOA-UHFFFAOYSA-N,OCNT-2317285,0,0,2,1,3.1054000000000013
train,UWTYAVHPESHLAS-UHFFFAOYSA-N,OCNT-2317297,0,0,2,1,3.2886000000000024
train,QWFQNYHSELKKOS-UHFFFAOYSA-N,OCNT-2317298,0,0,3,1,3.400500000000002
train,OLYONISXYQGNEZ-UHFFFAOYSA-N,OCNT-2317300,0,0,5,1,3.901620000000003
train,VGDNMAYUMWEAGA-UHFFFAOYSA-N,OCNT-2317311,0,1,4,1,3.009920000000001
train,HXTZWUVDAMAHMH-UHFFFAOYSA-N,OCNT-2317316,0,0,2,1,3.4547000000000025
train,KUUWYEPQQQTPPJ-UHFFFAOYSA-N,OCNT-2317323,0,0,4,1,3.7508200000000023
train,ZRPRENNLQPUIDE-UHFFFAOYSA-N,OCNT-2317327,0,1,2,1,2.6218000000000004
train,BQCLOPRHTTXRHS-UHFFFAOYSA-N,OCNT-2317337,0,0,4,1,2.964120000000001
train,UBQFGIHFQCAKOP-UHFFFAOYSA-N,OCNT-2317340,0,0,2,1,0.1418000000000008
train,ZNVAMOPQLIAHRK-UHFFFAOYSA-N,OCNT-2317360,0,0,2,1,3.8145000000000033
train,HAXWJABKHZJNKI-UHFFFAOYSA-N,OCNT-2317366,0,0,2,1,3.5718000000000023
train,QEZJQBRKHCJOPM-LSLKUGRBSA-N,OCNT-2317382,0,0,3,2,2.300300000000001
train,ZDGTVXDBPFDLNV-UHFFFAOYSA-N,OCNT-2317388,0,0,5,1,1.3033999999999994
train,CAXCKSHZGGCADW-UHFFFAOYSA-N,OCNT-2317394,0,0,3,1,2.6888200000000007
train,PJFOLGNBSMWTRW-UHFFFAOYSA-N,OCNT-2317395,0,0,3,2,2.8263000000000007
train,AVNGUBYGKYOLIF-UHFFFAOYSA-N,OCNT-2317398,0,0,4,1,3.4598200000000023
train,RUIUOFAPPJHIQX-UHFFFAOYSA-N,OCNT-2317403,0,0,4,2,2.678640000000001
train,BKUOWEPFMBBEIG-UHFFFAOYSA-N,OCNT-2317408,0,0,2,2,2.2146999999999997
train,QXDPSJGGLMPYEN-UHFFFAOYSA-N,OCNT-2317409,0,0,1,1,3.584500000000003
train,UOJGMMZGRJXRSE-UHFFFAOYSA-N,OCNT-2317417,0,0,4,1,3.1290000000000013
train,HHYMJVBGEXOJQQ-UHFFFAOYSA-N,OCNT-2317424,0,0,3,1,1.454
train,VDNOHDVADQZRIC-UHFFFAOYSA-N,OCNT-2317434,0,0,3,2,1.5911
train,WPIPWESKVFABQC-UHFFFAOYSA-N,OCNT-2317449,0,0,2,1,1.8375999999999997
train,JRCOIWYNGLKBGT-UHFFFAOYSA-N,OCNT-2317460,0,1,3,1,2.3696200000000003
train,KCRVSGJRJSNJCF-UHFFFAOYSA-N,OCNT-2317472,0,0,2,1,2.704840000000001
train,KZWJVGASKGBLKC-XJKSGUPXSA-N,OCNT-2317482,0,0,4,1,3.043820000000001
train,QRKNEGILCRXQDE-UHFFFAOYSA-N,OCNT-2317486,0,0,4,1,2.8976000000000015
train,QXVOLVUYUUILGN-UHFFFAOYSA-N,OCNT-2317498,0,0,3,2,2.4933200000000006
train,DOAQIMHBTYEUKO-UHFFFAOYSA-N,OCNT-2317504,0,0,3,1,1.8166
train,NHUSIRABIVGDSH-UHFFFAOYSA-N,OCNT-2317505,0,0,3,1,3.7074200000000026
train,BJZXTDVCVLILQJ-UHFFFAOYSA-N,OCNT-2317510,0,0,2,1,3.6685000000000025
train,RBHWHOHULGCWMO-UHFFFAOYSA-N,OCNT-2317512,0,0,2,1,3.2188000000000017
train,LTUCBBUWUBLJCT-UHFFFAOYSA-N,OCNT-2317520,0,1,5,1,2.4915000000000003
train,MGOHCICCVHEFCY-UHFFFAOYSA-N,OCNT-2317533,0,0,3,1,4.558400000000003
train,LKTDMFRMVOXKKC-UHFFFAOYSA-N,OCNT-2317536,0,0,4,1,4.161200000000004
train,APLGRJRASYSBPU-UHFFFAOYSA-N,OCNT-2317552,0,0,2,1,3.499500000000003
train,FJYLSGJFHBGEQX-UHFFFAOYSA-N,OCNT-2317571,0,0,1,1,1.6787
train,RPUPJYABVMMEOG-UHFFFAOYSA-N,OCNT-2317577,0,1,4,1,2.0972999999999997
train,JKRIYLHNKNNCLI-UHFFFAOYSA-N,OCNT-2317584,0,0,3,1,2.4502000000000006
train,PIDYXGYPPPDVSK-UHFFFAOYSA-N,OCNT-2317589,0,0,2,1,3.4749000000000025
train,GVRNGMTUEFDGRL-UHFFFAOYSA-N,OCNT-2317592,0,0,3,1,1.9176999999999995
train,BRLQLLYRNCGYQA-UHFFFAOYSA-N,OCNT-2317597,0,0,4,1,3.2291000000000016
train,POFHNBYWRJBGAM-UHFFFAOYSA-N,OCNT-2317600,0,1,4,1,2.9441000000000006
train,CEWDQEGZUQAZAM-UHFFFAOYSA-N,OCNT-2317604,0,0,4,1,2.708000000000001
train,ZXDAYOIUCMOFIM-AWKYBWMHSA-N,OCNT-2317607,0,0,4,1,2.0939999999999994
train,JERUGZGTUIAMNX-UHFFFAOYSA-N,OCNT-2317624,0,0,1,1,1.2641999999999995
train,FDCHJYMTWLORCR-UHFFFAOYSA-N,OCNT-2317625,0,1,3,1,3.5260200000000026
train,JVPYFHHRFAYIRG-UHFFFAOYSA-N,OCNT-2317628,0,0,2,1,3.4436000000000018
train,DKVUIXXQGCNCLH-UHFFFAOYSA-N,OCNT-2317634,0,1,4,1,2.9353000000000016
train,MWBQPWYUYIBGDJ-UHFFFAOYSA-N,OCNT-2317641,0,1,4,1,1.95812
train,NHGQLNVVVOVPGH-UHFFFAOYSA-N,OCNT-2317652,0,0,2,1,4.182800000000004
train,PPBPKFPLNHJZQP-UHFFFAOYSA-N,OCNT-2317655,0,0,1,1,2.6393200000000014
train,IAKDXTQWRJADOV-UHFFFAOYSA-N,OCNT-2317662,0,1,3,1,4.0008000000000035
train,QMSJBRPWYZGZAW-UHFFFAOYSA-N,OCNT-2317666,0,0,3,1,1.6535999999999995
train,XFLKWYMYPBGZDG-UHFFFAOYSA-N,OCNT-2317667,0,1,5,1,1.4078999999999997
train,GFMXIBGNFZXSSH-AWEZNQCLSA-N,OCNT-2317673,0,1,4,1,3.0726000000000013
train,OOGLWWUFNCINGL-UHFFFAOYSA-N,OCNT-2317682,0,0,2,1,3.4075000000000024
train,VFIJEZMQDWSIAC-UHFFFAOYSA-N,OCNT-2317684,0,0,8,1,2.505000000000001
train,NTFPMYZCRLAQNU-UHFFFAOYSA-N,OCNT-2317690,0,0,2,2,2.856300000000001
train,KSEBSDIEVDZEHK-UHFFFAOYSA-N,OCNT-2317693,0,0,5,1,2.3539399999999997
train,ICLQWWBFFSMTFG-UHFFFAOYSA-N,OCNT-2317711,0,0,3,1,2.387200000000001
train,AHDYMGFGNKYMDZ-UHFFFAOYSA-N,OCNT-2317736,0,1,5,1,1.598
train,RXKVFHONEONTJU-UHFFFAOYSA-N,OCNT-2317749,0,0,2,1,3.4699000000000018
train,AUZSUYFMOUDHNG-UHFFFAOYSA-N,OCNT-2317767,0,0,5,1,2.2258999999999993
train,RPMBYTWWNQIVRU-UHFFFAOYSA-N,OCNT-2317789,0,0,5,1,2.2471000000000005
train,OJEODUWXYRVZBW-UHFFFAOYSA-N,OCNT-2317796,0,1,4,1,2.840500000000002
train,UZEUGOLWNTWXEE-UHFFFAOYSA-N,OCNT-2317815,0,0,4,1,2.5188000000000006
train,ZUXHJBLTLBPRJR-QZTJIDSGSA-N,OCNT-2317816,0,0,2,1,2.7670000000000012
train,CPILBGUKHQTHAL-UHFFFAOYSA-N,OCNT-2317818,0,0,4,1,2.828500000000001
train,OHGMMNADIQFRMU-UHFFFAOYSA-N,OCNT-2317822,0,0,5,1,2.2552200000000004
train,LUHAPWCCZJSEOG-UHFFFAOYSA-N,OCNT-2317829,0,1,5,1,2.8836000000000013
train,VQFKXIXXWKFPFJ-UHFFFAOYSA-N,OCNT-2317841,0,0,2,1,3.234700000000002
train,RPFCFLHFKIGAHY-UHFFFAOYSA-N,OCNT-2317854,0,0,4,2,0.9549000000000004
train,LAFOGORSVWQSJI-UHFFFAOYSA-N,OCNT-2317868,0,0,4,1,2.933720000000001
train,SZWIAWLUABGOBA-UHFFFAOYSA-N,OCNT-2317870,0,0,3,1,3.4594000000000023
train,AJOYKRHCFAMXBV-UKRRQHHQSA-N,OCNT-2317872,0,0,4,1,1.3366999999999991
train,BZAIRDCOXHAADH-WCQYABFASA-N,OCNT-2317874,0,0,3,1,1.7788999999999997
train,GQHAQPLODRDBSK-UHFFFAOYSA-N,OCNT-2317899,0,0,4,1,2.6127
train,RUIHACGNWCVTDQ-UHFFFAOYSA-N,OCNT-2317906,0,1,3,1,2.8123200000000006
train,XYOOFTYLPMVVHY-UHFFFAOYSA-N,OCNT-2317908,0,0,3,2,1.249
train,YMCUBCOVRKYZEW-UHFFFAOYSA-N,OCNT-2317910,0,0,6,1,2.139
train,HSLDDWQXTMWJCT-UHFFFAOYSA-N,OCNT-2317938,0,1,4,1,2.07522
train,HCERZQWQSYZVFX-AWEZNQCLSA-N,OCNT-2317951,0,1,3,2,3.885900000000003
train,BMZXTIDIBIAXTN-UHFFFAOYSA-N,OCNT-2317957,0,0,3,1,1.4053000000000002
train,XRRIJYHEWNMUKI-UHFFFAOYSA-N,OCNT-2317961,0,0,5,1,2.999200000000001
train,JRLDABZBMFCURG-UHFFFAOYSA-N,OCNT-2317968,0,1,6,1,1.2395999999999998
train,PSJIQJTYHRSVMF-UHFFFAOYSA-N,OCNT-2317970,0,0,1,1,2.0225999999999997
train,JEACVFCBHMQKEI-UHFFFAOYSA-N,OCNT-2317974,0,0,2,1,2.1886
train,GDPHPXILXSNLGE-UHFFFAOYSA-N,OCNT-2317979,0,0,2,1,3.6042000000000023
train,MJBADUAGPNZJKC-UHFFFAOYSA-N,OCNT-2317999,0,0,3,1,4.237100000000003
train,XZUOPKZBRIBBTC-UHFFFAOYSA-N,OCNT-2318014,0,1,5,1,2.9267400000000015
train,QUBDEYFKIBCNDL-UHFFFAOYSA-N,OCNT-2318020,0,0,5,1,2.4649
train,NGLQWYBBWZPWAG-UHFFFAOYSA-N,OCNT-2318022,0,1,4,1,2.995700000000001
train,NJZGQVIBLMPPCR-UHFFFAOYSA-N,OCNT-2318023,0,0,2,1,4.306140000000004
train,MJBFYSJSWHNXSF-UHFFFAOYSA-N,OCNT-2318024,0,0,2,1,3.5454000000000025
train,MDXBZDBSLKDZJO-UHFFFAOYSA-N,OCNT-2318030,0,0,6,1,0.6209199999999995
train,RFBSFICICWAJJP-UHFFFAOYSA-N,OCNT-2318031,0,0,4,1,1.0707999999999998
train,DAVAPQJLEBBMCT-UHFFFAOYSA-N,OCNT-2318034,0,0,4,2,0.9288999999999996
train,QGTCUSWJSRWNHW-UHFFFAOYSA-N,OCNT-2318037,0,0,5,1,1.2341
train,YXWUJBCMCDTVMO-UHFFFAOYSA-N,OCNT-2318048,0,1,4,1,3.2535000000000016
train,LHKPZQCRTJSJBZ-UHFFFAOYSA-N,OCNT-2318058,0,1,6,1,3.2501000000000015
train,BQDVZEIIVADUJR-UHFFFAOYSA-N,OCNT-2318060,0,1,5,1,2.7144400000000015
train,UAZXYQOFROGJMV-UHFFFAOYSA-N,OCNT-2318074,0,0,3,2,3.2296000000000022
train,PXJXDGWVKBKLDC-WFASDCNBSA-N,OCNT-2318080,0,1,4,1,1.5415
train,FRFJADVSOMLOLN-UHFFFAOYSA-N,OCNT-2318092,0,0,7,1,1.62424
train,SFHLFNWOCGHDOA-UHFFFAOYSA-N,OCNT-2318103,0,2,6,1,2.1051
train,QGOIKUNMZODDJF-UHFFFAOYSA-N,OCNT-2318117,0,0,3,1,4.317720000000003
train,MOGOAFHRNRFONI-UHFFFAOYSA-N,OCNT-2318120,0,1,5,1,3.0409000000000015
train,CRUWCZSXWRLWRA-OAHLLOKOSA-N,OCNT-2318123,0,0,5,1,1.6609
train,MVJRPLRVGMQACD-UHFFFAOYSA-N,OCNT-2318130,0,0,4,1,2.6766000000000014
train,ZQFYYXLJVMCABY-UHFFFAOYSA-N,OCNT-2318133,0,1,6,1,1.4073999999999995
train,PPEXGJGXTXTSDR-UHFFFAOYSA-N,OCNT-2318150,0,0,3,1,4.719920000000004
train,VVHDDUIJNWYKBB-UHFFFAOYSA-N,OCNT-2318157,0,0,4,2,0.87534
train,CLGIMEFNCIRTPK-UHFFFAOYSA-N,OCNT-2318175,0,1,4,1,3.141800000000001
train,NWBGOPRZTXBCAE-UHFFFAOYSA-N,OCNT-2318176,0,0,2,2,1.84872
train,JREVYRBXQYZBDG-UHFFFAOYSA-N,OCNT-2318177,0,0,4,1,3.6089400000000023
train,ZZDHFDXGYJAHLU-UHFFFAOYSA-N,OCNT-2318196,0,0,6,2,0.0802000000000011
train,RVJSSNFKGUQAPH-UHFFFAOYSA-N,OCNT-2318197,0,0,3,2,3.519120000000002
train,HPTNEYKDDIQBKZ-UHFFFAOYSA-N,OCNT-2318205,0,0,3,1,4.071420000000003
train,PITWNXFLDVKEPP-UHFFFAOYSA-N,OCNT-2318209,0,0,4,1,2.5911
train,BKXOCSXNRVMALB-UHFFFAOYSA-N,OCNT-2318220,0,1,3,2,3.8427000000000024
train,KTAZEQLUINXWCV-UHFFFAOYSA-N,OCNT-2318223,0,0,4,1,1.9381999999999993
train,HUMZAECDVMKEFK-UHFFFAOYSA-N,OCNT-2318241,0,0,4,1,1.5189000000000006
train,ZHIHTRGKAIBXBP-UHFFFAOYSA-N,OCNT-2318242,0,0,5,1,1.0859999999999994
train,NOLQLTVSCIXGBD-UHFFFAOYSA-N,OCNT-2318244,0,0,5,1,2.3295200000000005
train,XDVGRJCMNYKMJE-DLBZAZTESA-N,OCNT-2318253,0,0,2,1,3.5404000000000027
train,LHRIMKHYEVFVRV-UHFFFAOYSA-N,OCNT-2318254,0,0,2,1,2.888900000000002
train,VMXKQIBOTHZOBO-UHFFFAOYSA-N,OCNT-2318270,0,0,5,1,2.7680000000000007
train,UKTBFCZOQYRQMR-UHFFFAOYSA-N,OCNT-2318273,0,0,3,1,3.7692000000000023
train,NADPQXATXMIYFF-UHFFFAOYSA-N,OCNT-2318278,0,0,4,1,3.2802200000000017
train,ZQHUBTBJNOFDIR-UHFFFAOYSA-N,OCNT-2318290,0,0,3,1,2.6710200000000004
train,LDZQHKRZLLIRPS-UHFFFAOYSA-N,OCNT-2318305,0,0,4,2,3.1861000000000015
train,HRBHCRJOSKLRMT-UHFFFAOYSA-N,OCNT-2318316,0,0,2,1,3.697200000000003
train,WKLFNRWGRUQSCD-UHFFFAOYSA-N,OCNT-2318324,0,0,4,1,3.269800000000001
train,OUZNICPVYXGEES-UHFFFAOYSA-N,OCNT-2318344,0,0,2,1,2.2881800000000005
train,HSJXGPVCBNTXGE-UHFFFAOYSA-N,OCNT-2318346,0,0,3,1,5.042120000000004
train,HRAUNQSCAGTDPW-UHFFFAOYSA-N,OCNT-2318350,0,0,4,1,4.158700000000003
train,CCXULBUUIBWSSY-UHFFFAOYSA-N,OCNT-2318351,0,1,4,1,4.134900000000003
train,VMNRUUOJQZXLAD-UHFFFAOYSA-N,OCNT-2318366,0,2,5,1,1.0535
train,BQUVOZXRGPDMHY-NVXWUHKLSA-N,OCNT-2318379,0,0,3,1,0.9806999999999992
train,UGURDBLDUFYVGV-UHFFFAOYSA-N,OCNT-2318390,0,0,5,1,2.3442
train,IYDFTEKHSVJCIL-UHFFFAOYSA-N,OCNT-2318397,0,1,5,2,2.1601
train,WYGOEDVZWVWBCN-UHFFFAOYSA-N,OCNT-2318401,0,0,7,1,0.7637199999999995
train,PHMGMGUOOWDYOQ-UHFFFAOYSA-N,OCNT-2318423,0,0,5,1,2.584500000000001
train,YYFXEECPBGTJKS-UHFFFAOYSA-N,OCNT-2318428,0,0,2,1,3.631300000000002
train,HSJXHVPUQBTTPD-UHFFFAOYSA-N,OCNT-2318462,0,0,4,1,2.2928000000000006
train,CZBQYJBGTDDOAR-UHFFFAOYSA-N,OCNT-2318467,0,0,5,1,2.1534199999999997
train,CHDDNIMGAPMUGM-UHFFFAOYSA-N,OCNT-2318474,0,0,3,1,1.4523999999999997
train,IZSQBCPRFXIMON-UHFFFAOYSA-N,OCNT-2318483,0,1,3,1,1.8237999999999992
train,KMEXCRYMZXZMKV-UHFFFAOYSA-N,OCNT-2318487,0,0,3,1,2.922740000000002
train,OQMLLPJRQZSRGF-UHFFFAOYSA-N,OCNT-2318503,0,0,4,1,1.599
train,VNHATLSVIPZWCF-UHFFFAOYSA-N,OCNT-2318522,0,0,2,1,0.3253999999999997
train,ROJMQXCYXDRWHC-UHFFFAOYSA-N,OCNT-2318529,0,0,2,1,2.933600000000001
train,GATDBAWFTANSFK-DZGCQCFKSA-N,OCNT-2318535,0,0,3,1,2.56252
train,VGRYRGVVZXGGHO-UHFFFAOYSA-N,OCNT-2318542,0,0,4,2,2.8629000000000016
train,CUKLPMIRRAQNDY-UHFFFAOYSA-N,OCNT-2318543,0,0,4,1,3.3821200000000013
train,ZEPXYGRPOMHJQF-UHFFFAOYSA-N,OCNT-2318546,0,0,2,1,4.058940000000003
train,ODFQLEKETFSJFO-UHFFFAOYSA-N,OCNT-2318552,0,0,2,1,1.6092399999999998
train,RGZHJDLYBPQKIJ-UHFFFAOYSA-N,OCNT-2318561,0,0,3,1,4.044420000000003
train,VRFQISMUCTWNIV-UHFFFAOYSA-N,OCNT-2318569,0,1,5,1,4.674300000000003
train,OENLQSQVVZGAJS-IIAWOOMASA-N,OCNT-2318590,0,1,3,1,2.769020000000001
train,BZTHPXPXRNAQFT-UHFFFAOYSA-N,OCNT-2318595,0,0,2,1,2.9006000000000016
train,PQPZVMQAWPBFLB-UHFFFAOYSA-N,OCNT-2318603,0,0,3,1,2.492120000000001
train,ZBKRHJYUTNDEEN-PKOBYXMFSA-N,OCNT-2318609,0,0,2,2,2.3833
train,SSTBQYZOJAYQSM-UHFFFAOYSA-N,OCNT-2318628,0,0,4,1,3.2574000000000023
train,NDPFONCFIJLCSN-UHFFFAOYSA-N,OCNT-2318637,0,0,1,1,0.7819000000000005
train,MNPGBPBPRIRZDE-UHFFFAOYSA-N,OCNT-2318639,0,1,5,1,3.700400000000002
train,QAZOAAIWQSZDGT-UHFFFAOYSA-N,OCNT-2318651,0,1,6,2,3.4204000000000017
train,SKJNEGPDPYJBMI-UHFFFAOYSA-N,OCNT-2318675,0,0,7,1,1.5819999999999994
train,LWGNVLQERFNDFA-UHFFFAOYSA-N,OCNT-2318691,0,2,6,1,3.175600000000002
train,BYJAVTDNIXVSPW-UHFFFAOYSA-N,OCNT-2328318,0,0,2,1,2.1082
train,WIGIZIANZCJQQY-RUCARUNLSA-N,OCNT-2328321,0,0,4,1,3.0740000000000016
train,FDLYAMZZIXQODN-UHFFFAOYSA-N,OCNT-2328327,0,0,4,1,2.3474000000000004
train,GJSURZIOUXUGAL-UHFFFAOYSA-N,OCNT-2328331,0,0,3,1,2.3644999999999996
train,WDZVGELJXXEGPV-UHFFFAOYSA-N,OCNT-2328395,0,0,4,1,1.8103700000000005
train,OTBXOEAOVRKTNQ-UHFFFAOYSA-N,OCNT-2328401,0,0,3,1,1.9263
train,KSGXQBZTULBEEQ-UHFFFAOYSA-N,OCNT-2328402,0,1,7,1,5.602600000000005
train,VQASKUSHBVDKGU-UHFFFAOYSA-N,OCNT-2328411,0,0,1,1,0.7637
train,XYFPWWZEPKGCCK-GOSISDBHSA-N,OCNT-2328421,0,1,6,1,4.2173000000000025
train,HUCJFAOMUPXHDK-UHFFFAOYSA-N,OCNT-2328441,0,0,2,1,3.1451400000000014
train,QMHSXPLYMTVAMK-UHFFFAOYSA-N,OCNT-2328450,0,1,3,1,5.308240000000004
train,LGLFFNDHMLKUMI-UHFFFAOYSA-N,OCNT-2328469,0,2,3,1,4.4596000000000044
train,REYFJDPCWQRWAA-UHFFFAOYSA-N,OCNT-2328485,0,1,3,1,2.6949000000000014
train,WHWZLSFABNNENI-UHFFFAOYSA-N,OCNT-2328509,0,0,3,1,2.4668
train,QMNFFXRFOJIOKZ-UHFFFAOYSA-N,OCNT-2328527,0,0,5,2,1.5255000000000003
train,GFRUPHOKLBPHTQ-UHFFFAOYSA-N,OCNT-2328540,0,0,1,1,3.4841000000000015
train,CMSMOCZEIVJLDB-UHFFFAOYSA-N,OCNT-2328597,0,0,2,2,1.884
train,CNIIGCLFLJGOGP-UHFFFAOYSA-N,OCNT-2328599,0,0,2,1,2.3840000000000003
train,RLGQACBPNDBWTB-UHFFFAOYSA-N,OCNT-2328630,0,0,1,1,6.173900000000007
train,IVBHGBMCVLDMKU-GXNBUGAJSA-N,OCNT-2328631,0,0,5,2,-0.2402999999999968
train,SSOLNOMRVKKSON-UHFFFAOYSA-N,OCNT-2328635,0,0,5,2,1.7897000000000003
train,OWRCNXZUPFZXOS-UHFFFAOYSA-N,OCNT-2328670,0,0,3,1,3.1453700000000007
train,HPBNRIOWIXYZFK-UHFFFAOYSA-N,OCNT-2328675,0,0,3,1,0.5452699999999997
train,IKBKZGMPCYNSLU-UHFFFAOYSA-N,OCNT-2328704,0,0,5,1,2.8145700000000007
train,NIVZHWNOUVJHKV-UHFFFAOYSA-N,OCNT-2328745,0,0,3,1,0.9813999999999996
train,NEUSVAOJNUQRTM-UHFFFAOYSA-N,OCNT-2328787,0,0,1,1,6.455400000000006
train,SIYLLGKDQZGJHK-UHFFFAOYSA-N,OCNT-2328791,0,0,1,1,6.072400000000007
train,OYYDSUSKLWTMMQ-JKHIJQBDSA-N,OCNT-2328805,0,0,1,1,3.769700000000003
train,LDEKQSIMHVQZJK-CAQYMETFSA-N,OCNT-2328822,0,1,6,1,2.9729
train,XWXYUMMDTVBTOU-UHFFFAOYSA-N,OCNT-2328827,0,0,3,1,2.4484000000000004
train,HIUVKVDQFXDZHU-UHFFFAOYSA-N,OCNT-2328829,0,0,3,1,0.3094699999999997
train,OUBMGJOQLXMSNT-UHFFFAOYSA-N,OCNT-2328950,0,2,2,1,4.250500000000002
train,OGQYPPBGSLZBEG-UHFFFAOYSA-N,OCNT-2328970,0,0,1,1,13.585799999999974
train,ZCAXGDJOGFCONB-UHFFFAOYSA-N,OCNT-2395274,0,1,4,1,2.77152
train,UMJJMALOVZJHOM-UHFFFAOYSA-N,OCNT-2395277,0,0,4,1,3.030000000000001
train,VKLDISFNRAPLRT-UHFFFAOYSA-N,OCNT-2395280,0,0,4,1,3.7200200000000025
train,RHIWXUBXXYCMOO-UHFFFAOYSA-N,OCNT-2395281,0,0,3,1,2.7688000000000015
train,YQABWLDXYKWUOR-UHFFFAOYSA-N,OCNT-2395284,0,0,2,1,1.93922
train,YYPUSKSRHZZVBY-UHFFFAOYSA-N,OCNT-2395285,0,0,3,1,3.387500000000002
train,LOEFSXOPDVXMHN-UHFFFAOYSA-N,OCNT-2395286,0,0,4,1,2.271100000000001
train,RJJZTKVXXCCXQF-UHFFFAOYSA-N,OCNT-2395287,0,1,4,1,2.8406200000000013
train,BGJFRMNKWBUDET-UHFFFAOYSA-N,OCNT-2395291,0,0,3,1,3.1285000000000016
train,SCBUMNWYMYTYCN-UHFFFAOYSA-N,OCNT-2395299,0,0,2,1,2.756500000000001
train,FYTQJFADWIUEBH-UHFFFAOYSA-N,OCNT-2395301,0,1,4,1,0.8949999999999996
train,YAPINTZWRKUNKN-UHFFFAOYSA-N,OCNT-2395303,0,0,2,1,3.9883000000000033
train,KODDDKNMFUECDZ-UHFFFAOYSA-N,OCNT-2395312,0,0,1,1,3.3751000000000024
train,QMZQXJFEYSUTKR-UHFFFAOYSA-N,OCNT-2395314,0,0,2,1,2.5265000000000004
train,YKAIARMMHPODFN-UHFFFAOYSA-N,OCNT-2395320,0,0,4,2,2.806200000000002
train,RJECDYXFFUGFPD-UHFFFAOYSA-N,OCNT-2395321,0,0,2,1,2.7647000000000013
train,WVOZCIQIUNFGBG-UHFFFAOYSA-N,OCNT-2395328,0,0,2,1,2.753240000000001
train,BBDGGEDHOSSLBQ-UHFFFAOYSA-N,OCNT-2395329,0,0,4,1,3.0435000000000016
train,VTFLDUPQAXQKEL-UHFFFAOYSA-N,OCNT-2395334,0,0,3,1,3.9354200000000024
train,ZHFWOANMAIXAJU-UHFFFAOYSA-N,OCNT-2395338,0,0,5,1,2.1035000000000004
train,LGCUCBFUBNZFJW-UHFFFAOYSA-N,OCNT-2395340,0,0,2,1,2.6717200000000005
train,OENNRUNZZPQSEX-UHFFFAOYSA-N,OCNT-2395342,0,1,2,1,2.9607400000000013
train,FKTCCFIFDHWPQA-UHFFFAOYSA-N,OCNT-2395348,0,0,3,1,2.1763000000000003
train,FQHFKBXLGTXQFY-UHFFFAOYSA-N,OCNT-2395350,0,0,4,1,2.599400000000001
train,JYISCUZKHOGWER-UHFFFAOYSA-N,OCNT-2395353,0,0,3,1,1.9067
train,ZAPVJORONMBPNV-UHFFFAOYSA-N,OCNT-2395354,0,0,2,2,1.4155
train,BJTBDZVOSPIJGS-UHFFFAOYSA-N,OCNT-2395356,0,0,4,1,3.239700000000002
train,RTTDKCZBPZAHKL-UHFFFAOYSA-N,OCNT-2395360,0,0,2,1,3.7421000000000033
train,MPFAPLWWRCZTHK-UHFFFAOYSA-N,OCNT-2395362,0,0,2,1,3.143340000000002
train,ZHBQDFNQECZKOW-UHFFFAOYSA-N,OCNT-2395364,0,2,4,1,3.060920000000001
train,FAIRUKOBKBQTAQ-UHFFFAOYSA-N,OCNT-2395365,0,0,3,1,1.1764
train,OZVHDAZEKXGBCT-UHFFFAOYSA-N,OCNT-2395367,0,0,3,1,3.615420000000003
train,XXIDEZIPVPUJRR-UHFFFAOYSA-N,OCNT-2395374,0,0,7,1,1.3905
train,XLKNKPMYYYSUSJ-UHFFFAOYSA-N,OCNT-2395375,0,0,5,1,3.088740000000002
train,GEACKMSWHYXGRM-UHFFFAOYSA-N,OCNT-2395378,0,0,7,1,1.484
train,WDPCVDLHFFVZIC-UHFFFAOYSA-N,OCNT-2395385,0,1,4,2,2.402400000000001
train,MNUGCIKLGXBMPT-UHFFFAOYSA-N,OCNT-2395387,0,0,3,2,4.008200000000004
train,TUOZOGICBZYBJG-UHFFFAOYSA-N,OCNT-2395397,0,0,2,1,1.4406
train,QBTKYQSQDNYSJW-UHFFFAOYSA-N,OCNT-2395398,0,0,4,1,2.668820000000001
train,OPVZHLFVZBTKCV-UHFFFAOYSA-N,OCNT-2395400,0,0,2,1,1.8191
train,PIEUKHQZMGTCEY-UHFFFAOYSA-N,OCNT-2395402,0,0,3,1,2.1163
train,NQCVIFUTOQVPDB-UHFFFAOYSA-N,OCNT-2395403,0,0,2,1,2.7089800000000013
train,ZBWYNVDXWISWEV-UHFFFAOYSA-N,OCNT-2395409,0,0,2,1,2.2222999999999997
train,NDHHNNVKKGDRRL-UHFFFAOYSA-N,OCNT-2395410,0,0,3,1,1.9416
train,MOHFBXPYGOQCSP-UHFFFAOYSA-N,OCNT-2395412,0,0,2,2,0.1270400000000002
train,KQEICCLPAAAHRO-UHFFFAOYSA-N,OCNT-2395413,0,0,3,1,2.8556800000000013
train,BMZLZQHDDRYCEU-UHFFFAOYSA-N,OCNT-2395416,0,1,6,1,2.7478000000000007
train,WGZYAWPDCLTPSI-UHFFFAOYSA-N,OCNT-2395417,0,0,2,1,2.858600000000001
train,IDRBFVDPCUUZRD-UHFFFAOYSA-N,OCNT-2395419,0,0,3,1,2.2447
train,ZVRYWGQLYCRLGV-UHFFFAOYSA-N,OCNT-2395423,0,0,3,1,2.8580000000000014
train,WEZDLCWMGMEVOS-UHFFFAOYSA-N,OCNT-2395429,0,0,4,1,3.9446200000000022
train,MKSMCTOLENWCGA-UHFFFAOYSA-N,OCNT-2395431,0,0,3,1,1.59934
train,GLIVBFQFNSHUBO-UHFFFAOYSA-N,OCNT-2395434,0,1,6,2,2.4237
train,NBPSWOWTAKNVRB-UHFFFAOYSA-N,OCNT-2395442,0,0,5,1,0.4123000000000001
train,CDBUNSVKISKPRX-UHFFFAOYSA-N,OCNT-2395445,0,0,6,1,1.8818
train,CNMLKICHDRHLEI-UHFFFAOYSA-N,OCNT-2395447,0,0,4,1,4.405100000000004
train,ATIMUHARSAHFAK-UHFFFAOYSA-N,OCNT-2395449,0,0,3,1,5.038720000000004
train,XYHDZVFDRHTQDJ-UHFFFAOYSA-N,OCNT-2395450,0,0,1,1,1.8071
train,MZOCERLDUKGVLV-UHFFFAOYSA-N,OCNT-2395454,0,0,2,1,1.93922
train,CMOXMEILBPKQHC-UHFFFAOYSA-N,OCNT-2395455,0,0,2,1,3.0119000000000016
train,GPMBXOSHPXJMSI-UHFFFAOYSA-N,OCNT-2395462,0,0,2,1,2.543700000000001
train,BLNJIJIHMCVGGR-UHFFFAOYSA-N,OCNT-2395463,0,0,3,1,3.3084000000000024
train,RVBYSOSSNDRWFO-UHFFFAOYSA-N,OCNT-2395466,0,1,3,1,1.8646199999999995
train,UYBHEJVKQXAYTI-UHFFFAOYSA-N,OCNT-2395468,0,0,3,1,3.306000000000002
train,GVMJETQWQFZAOL-UHFFFAOYSA-N,OCNT-2395477,0,0,3,1,2.2325
train,BSZKLZWMMFZEPX-UHFFFAOYSA-N,OCNT-2395480,0,1,2,1,2.9768000000000017
train,ANKYSPAPZXZRKL-UHFFFAOYSA-N,OCNT-2395481,0,0,2,1,1.6307999999999998
train,FYXATUVRXCBDOZ-UHFFFAOYSA-N,OCNT-2395483,0,0,2,1,2.728980000000001
train,UTGNHLMDABULJW-UHFFFAOYSA-N,OCNT-2395487,0,0,2,1,2.5731400000000004
train,PQVBRMBLROECLW-UHFFFAOYSA-N,OCNT-2395492,0,0,3,1,2.2065200000000003
train,DDLPNKVNROYJQL-UHFFFAOYSA-N,OCNT-2395493,0,0,3,1,2.06954
train,PEZCWYOLOOOVQM-UHFFFAOYSA-N,OCNT-2395496,0,0,2,1,3.8948000000000023
train,ZDFFDMZFFSSVFR-UHFFFAOYSA-N,OCNT-2395502,0,1,6,1,2.63
train,AENNRDYULBOVRM-UHFFFAOYSA-N,OCNT-2395506,0,0,2,1,1.34732
train,HODJUJRIJNKYPU-UHFFFAOYSA-N,OCNT-2395510,0,0,2,1,2.9632400000000017
train,YIEREMIFPPSLAV-UHFFFAOYSA-N,OCNT-2395513,0,1,4,1,2.8240000000000007
train,VVDJWVOWFMXLDK-UHFFFAOYSA-N,OCNT-2395516,0,0,6,1,2.1505
train,SHWLLIJABCWDCS-UHFFFAOYSA-N,OCNT-2395517,0,0,3,2,1.8915
train,GODHPEISNMRQSM-UHFFFAOYSA-N,OCNT-2395520,0,1,3,1,2.8555800000000007
train,LVOWMZLLFMGBEG-UHFFFAOYSA-N,OCNT-2395524,0,0,2,1,1.6812000000000002
train,IXFFHUDQCVBCGR-UHFFFAOYSA-N,OCNT-2395527,0,0,1,1,1.8607
train,KXEYOSCNJBANRN-NSHDSACASA-N,OCNT-2395530,0,0,5,1,1.9180199999999996
train,OHEMXIOBWNASLA-UHFFFAOYSA-N,OCNT-2395531,0,0,3,1,2.5764400000000007
train,KTQKEHUXYRBZQZ-UHFFFAOYSA-N,OCNT-2395532,0,0,3,1,3.309840000000002
train,ZOLMJFXEDWNUJB-UHFFFAOYSA-N,OCNT-2395533,0,0,2,1,2.1741
train,QAUKGBKPRCSUTL-UHFFFAOYSA-N,OCNT-2395534,0,0,4,1,3.7703400000000022
train,YDNXXLBAXFAQOE-UHFFFAOYSA-N,OCNT-2395536,0,0,2,1,2.1451
train,OWZIUSPJOOLACL-UHFFFAOYSA-N,OCNT-2395537,0,0,4,1,3.262500000000002
train,JFXRKJJBUPVDID-UHFFFAOYSA-N,OCNT-2395557,0,0,3,1,1.3624399999999997
train,MORWPVGUBKMGDD-UHFFFAOYSA-N,OCNT-2395559,0,0,3,1,5.092520000000005
train,BVIBTKJBXINXTB-UHFFFAOYSA-N,OCNT-2395560,0,0,1,1,1.69644
train,UINJNLMZILWCOM-UHFFFAOYSA-N,OCNT-2395568,0,2,6,1,3.5543000000000022
train,HEPXFCPIBMRRBZ-UHFFFAOYSA-N,OCNT-2395569,0,0,2,2,1.348
train,KQOBWZMZCYYAAY-UHFFFAOYSA-N,OCNT-2395573,0,0,4,1,3.1644200000000007
train,YXTNAXUFAGFNGO-UHFFFAOYSA-N,OCNT-2395576,0,0,4,1,3.523100000000002
train,ASYSKXKSYXHSST-UHFFFAOYSA-N,OCNT-2395578,0,0,2,1,1.9914
train,KUEHVWZNBQXFKG-UHFFFAOYSA-N,OCNT-2395579,0,0,3,1,3.860300000000003
train,HIRWKCSPRPLOEE-UHFFFAOYSA-N,OCNT-2395584,0,1,3,1,1.2179799999999998
train,OFVYGPTZXPGSJK-UHFFFAOYSA-N,OCNT-2395591,0,1,5,1,4.077500000000003
train,VHRRHVUNMHCJBW-UHFFFAOYSA-N,OCNT-2395592,0,0,2,1,2.3925
train,GCAMXDNHOWPDQQ-UHFFFAOYSA-N,OCNT-2395595,0,0,3,1,1.551
train,LVAIYFMLCDCGBX-UHFFFAOYSA-N,OCNT-2395596,0,1,4,1,1.9954199999999993
train,KPMIUAWNKQVILX-UHFFFAOYSA-N,OCNT-2395601,0,0,2,1,3.2989000000000015
train,DSXQSGUWZUCAGL-UHFFFAOYSA-N,OCNT-2395605,0,0,2,1,3.462200000000002
train,RDBPABDQGOSKOW-UHFFFAOYSA-N,OCNT-2395609,0,0,7,1,1.484
train,PNSZESMBEQEHIA-UHFFFAOYSA-N,OCNT-2395610,0,0,3,1,1.441999999999999
train,ZQLCOZWULRSUGR-UHFFFAOYSA-N,OCNT-2395611,0,0,2,1,3.1799000000000017
train,QBJNBFCCRIXTHF-UHFFFAOYSA-N,OCNT-2395613,0,0,3,1,1.3253999999999992
train,UBJPKQKUQGHQAR-UHFFFAOYSA-N,OCNT-2395614,0,0,4,1,1.4462000000000002
train,KPQNCOJHCNBSCU-UHFFFAOYSA-N,OCNT-2395616,0,0,5,1,3.325020000000001
train,ZFLNQKJXJYGVKM-UHFFFAOYSA-N,OCNT-2395617,0,0,3,1,2.3012000000000006
train,BMMVJXJFLUGSEX-UHFFFAOYSA-N,OCNT-2395633,0,1,4,1,2.4265399999999997
train,SJDBXHGBFBTMPJ-UHFFFAOYSA-N,OCNT-2395634,0,0,2,1,1.2858199999999995
train,MMXVLSGEADNUOM-UHFFFAOYSA-N,OCNT-2395642,0,0,4,1,-1.6251999999999969
train,QWFFUICWNHFVHO-UHFFFAOYSA-N,OCNT-2395649,0,0,3,1,2.935120000000002
train,BNKCFMJRVCVWHY-UHFFFAOYSA-N,OCNT-2395650,0,0,4,1,2.502200000000001
train,WXVTZDYNLZPTQT-UHFFFAOYSA-N,OCNT-2395655,0,0,2,1,2.588520000000001
train,CLDQXDRBKSWPDM-UHFFFAOYSA-N,OCNT-2395658,0,0,3,1,0.5211999999999998
train,UZHURQDNHUMLEL-UHFFFAOYSA-N,OCNT-2395659,0,0,6,1,2.5656800000000004
train,AZHXIZBFCJDPTB-UHFFFAOYSA-N,OCNT-2395663,0,0,2,1,3.496100000000003
train,HSWJCCBDYYODGY-UHFFFAOYSA-N,OCNT-2395665,0,0,3,1,4.841520000000004
train,XMCDHOWLCPYRIE-UHFFFAOYSA-N,OCNT-2395667,0,0,2,1,3.638600000000003
train,FBNSCPOUYQTZQL-UHFFFAOYSA-N,OCNT-2395669,0,0,5,1,2.56142
train,FWDPBSHOGVZHJC-UHFFFAOYSA-N,OCNT-2395671,0,0,2,1,2.6094
train,QOWDANZXWYEGPT-UHFFFAOYSA-N,OCNT-2395672,0,0,2,1,1.5455999999999992
train,BUUYZXXQVCAQCR-UHFFFAOYSA-N,OCNT-2395673,0,0,2,1,4.276300000000004
train,RUTPHZIFPKYSDE-UHFFFAOYSA-N,OCNT-2395675,0,0,2,1,4.028700000000003
train,TZNJQBVUNQARRZ-UHFFFAOYSA-N,OCNT-2395676,0,0,4,1,2.04396
train,GFEUBPZWGFGNQZ-UHFFFAOYSA-N,OCNT-2395677,0,0,2,1,2.2656
train,RNTZGPVNVXBBDD-UHFFFAOYSA-N,OCNT-2395679,0,0,4,2,1.7196
train,SVHXLBHHDFWNFL-UHFFFAOYSA-N,OCNT-2395680,0,0,3,1,3.062400000000002
train,IJNIUNYHEGJPNQ-UHFFFAOYSA-N,OCNT-2395684,0,0,3,1,5.432220000000005
train,DAQPBQMVTKEWBC-UHFFFAOYSA-N,OCNT-2395685,0,0,4,1,3.4596000000000027
train,OLRZPWDVYYEKGN-UHFFFAOYSA-N,OCNT-2395687,0,0,5,1,2.5758600000000005
train,ZVLNTDQWUXCSMT-UHFFFAOYSA-N,OCNT-2395694,0,1,3,1,1.6064799999999997
train,KJOQKNQCWTVGHB-UHFFFAOYSA-N,OCNT-2395695,0,0,5,1,3.1229000000000022
train,AXRJDRPMXHOCCH-UHFFFAOYSA-N,OCNT-2395698,0,0,3,1,4.008300000000003
train,WILYLUAZWYVZGW-LBPRGKRZSA-N,OCNT-2395699,0,0,3,2,1.5092
train,YUELOPLGXPZEIB-UHFFFAOYSA-N,OCNT-2395700,0,0,3,1,4.283600000000003
train,AZXFYHPPEUAOQX-UHFFFAOYSA-N,OCNT-2395710,0,0,3,1,0.4149999999999996
train,SPZQDXGBZLHTIG-UHFFFAOYSA-N,OCNT-2395712,0,1,5,1,2.6257200000000003
train,UMVWNNSJHBRWIX-UHFFFAOYSA-N,OCNT-2395713,0,1,6,1,2.962900000000001
train,ASTDCICFPQKUIL-UHFFFAOYSA-N,OCNT-2395718,0,0,2,1,1.8431999999999995
train,BAMCAUBMJPYDDW-UHFFFAOYSA-N,OCNT-2395721,0,0,3,1,2.3657000000000004
train,JDWLRROGHCDSOZ-UHFFFAOYSA-N,OCNT-2395736,0,0,2,1,2.0563
train,YCALEJXKPODUPX-UHFFFAOYSA-N,OCNT-2395737,0,0,1,1,3.185640000000002
train,ICMNNHCJCVVWEO-UHFFFAOYSA-N,OCNT-2395738,0,0,4,1,3.129220000000002
train,MNLLGQAENHHBIN-UHFFFAOYSA-N,OCNT-2395739,0,0,3,1,2.484900000000001
train,FOIRYFMSWXZVCR-UHFFFAOYSA-N,OCNT-2395740,0,0,3,1,2.5764400000000007
train,VTTWZHQHBBSLPE-UHFFFAOYSA-N,OCNT-2395743,0,0,2,1,3.0135000000000014
train,HYYPZIJYXJOXQU-UHFFFAOYSA-N,OCNT-2395744,0,0,3,1,2.6130000000000004
train,UTRUSDZGXYTFKF-UHFFFAOYSA-N,OCNT-2395746,0,0,3,1,2.715740000000001
train,UMEQLVRXXFSNPX-UHFFFAOYSA-N,OCNT-2395750,0,1,4,1,2.0585999999999993
train,OYPCDIDJBDWGBV-UHFFFAOYSA-N,OCNT-2395752,0,0,2,1,2.854400000000001
train,LCUBNOXBRVRFKV-UHFFFAOYSA-N,OCNT-2395756,0,0,1,1,3.1697000000000015
train,FLPFGAVRHGFMLG-UHFFFAOYSA-N,OCNT-2395757,0,0,2,1,4.291300000000004
train,QEPYPTWVHZEDEC-UHFFFAOYSA-N,OCNT-2395760,0,0,1,1,2.7171400000000014
train,XRPWPGQIRUZTNN-UHFFFAOYSA-N,OCNT-2395763,0,1,5,1,3.972900000000003
train,MIHQOVWURRKPCA-UHFFFAOYSA-N,OCNT-2395764,0,1,2,1,2.8377000000000017
train,FNCBHXBFQJNUKT-UHFFFAOYSA-N,OCNT-2395769,0,0,1,1,2.08964
train,ABSKUSPPWSRJDC-UHFFFAOYSA-N,OCNT-2395771,0,1,6,1,1.56344
train,FHYNURLETVEOII-UHFFFAOYSA-N,OCNT-2395774,0,0,5,1,2.5464200000000003
train,CDLAWHKYLDYWRA-UHFFFAOYSA-N,OCNT-2395780,0,0,3,1,3.669820000000003
train,TYXAWTYGUIZJQA-UHFFFAOYSA-N,OCNT-2395790,0,1,5,1,2.5654000000000003
train,SCPRVCRZHVPKLD-UHFFFAOYSA-N,OCNT-2395795,0,0,5,1,2.6207400000000005
train,KPQLYHAILKEOPQ-UHFFFAOYSA-N,OCNT-2395797,0,1,3,1,3.187000000000002
blind,BVDAFZWKMQCHRT-GASCZTMLSA-N,OCNT-0491471,0,0,3,1,1.4972
blind,LZSBQYVBPJVTDR-UHFFFAOYSA-N,OCNT-2534803,0,1,3,2,3.2531000000000017
blind,CIIDVXHWUXRQNL-UHFFFAOYSA-N,OCNT-2534831,0,0,2,1,2.6341
blind,GAHPJTQJDZYREJ-UHFFFAOYSA-N,OCNT-2534850,0,0,5,1,1.2614999999999994
blind,XXCRZZKYNGSUNJ-UHFFFAOYSA-N,OCNT-2534877,0,0,2,1,2.5482000000000005
blind,FBDSZUWAAXYTPA-UHFFFAOYSA-N,OCNT-2534881,0,0,2,1,3.5824000000000025
blind,WGRHNYMEVAMGGU-UHFFFAOYSA-N,OCNT-2534913,0,0,3,1,2.9711000000000016
blind,RKZDKVQYBMGUPX-UHFFFAOYSA-N,OCNT-2534915,0,0,3,1,2.5478000000000005
blind,MHTNPZUPKMIADR-UHFFFAOYSA-N,OCNT-2534916,0,0,4,2,1.6589999999999991
blind,KUYLBYOZSRYMDE-UHFFFAOYSA-N,OCNT-2534919,0,0,3,1,2.7171200000000013
blind,CHXPEHVXNPCPPL-UHFFFAOYSA-N,OCNT-2534921,0,0,4,2,2.193199999999999
blind,LGVPXABYCVNIGO-UHFFFAOYSA-N,OCNT-2534922,0,0,4,2,2.4391999999999996
blind,UWJUOLHIVJHENY-UHFFFAOYSA-N,OCNT-2534938,0,0,4,2,2.35752
blind,SREQUWGGTBLVPD-UHFFFAOYSA-N,OCNT-2534939,0,0,4,2,2.0490999999999993
blind,OPZJNMIUJYEZEY-UHFFFAOYSA-N,OCNT-2534942,0,0,4,2,1.2688999999999997
blind,VMYAXVMJYUZFSU-UHFFFAOYSA-N,OCNT-2534943,0,0,4,2,2.0490999999999997
blind,RYRMMJFZGTYOFO-UHFFFAOYSA-N,OCNT-2534952,0,1,4,1,1.694
blind,WEXFQWFZXGNBNH-UHFFFAOYSA-N,OCNT-2534955,0,0,6,1,1.3508
blind,HHYHPUZSEDXWSP-UHFFFAOYSA-N,OCNT-2534956,0,0,2,1,2.9765000000000006
blind,UTDWDLUZCAEWPY-UHFFFAOYSA-N,OCNT-2534969,0,1,4,1,2.4911000000000003
blind,RXGMQGHDTAIXIW-UHFFFAOYSA-N,OCNT-2534974,0,1,4,1,2.6012199999999996
blind,LKIMECLKXUAUEP-UHFFFAOYSA-N,OCNT-2534979,0,0,3,1,2.0023
blind,QSHIPBRGUIUHSP-UHFFFAOYSA-N,OCNT-2534982,0,0,1,1,3.202340000000002
blind,IYUMPCGGZOFGAD-UHFFFAOYSA-N,OCNT-2534983,0,0,1,1,4.083600000000003
blind,FKHZWXJUCIODRH-UHFFFAOYSA-N,OCNT-2534984,0,0,2,1,1.3867
blind,JUQNLDDJKUGUHV-UHFFFAOYSA-N,OCNT-2534991,0,1,4,1,1.7635199999999995
blind,AIMMSTIQRDLJKH-UHFFFAOYSA-N,OCNT-2534995,0,0,3,1,1.3642199999999998
blind,JDPCINSMLVUFPO-UHFFFAOYSA-N,OCNT-2534996,0,0,2,1,2.5891200000000003
blind,ZRQYTHSVXXFAPY-UHFFFAOYSA-N,OCNT-2534997,0,0,1,1,0.9095999999999996
blind,RXOPBTLTFWZATL-UHFFFAOYSA-N,OCNT-2534998,0,0,3,1,1.0557999999999996
blind,NCKLLRVUAZAPDA-UHFFFAOYSA-N,OCNT-2534999,0,0,1,1,2.3223000000000003
blind,COBKTOCKOIWELQ-UHFFFAOYSA-N,OCNT-2535000,0,0,2,1,1.9271399999999996
blind,JYFWMKVLBXMHNH-SYGMWZTRSA-N,OCNT-2535017,0,0,1,1,2.5706000000000007
blind,NIBUNRRIBLBRAZ-UHFFFAOYSA-N,OCNT-2535025,0,0,1,1,2.782400000000001
blind,GCSPKOFKTNMIJM-UHFFFAOYSA-N,OCNT-2535030,0,0,4,1,2.3765
blind,CIHLZCMPRMSNDX-UHFFFAOYSA-N,OCNT-2535033,0,0,2,1,3.4160200000000023
blind,VBQXROGKZCOCEX-UHFFFAOYSA-N,OCNT-2535034,0,0,2,1,3.5551200000000023
blind,ORQVCZZTVCFTRF-UHFFFAOYSA-N,OCNT-2535045,0,0,4,1,2.3468
blind,RMZQMWLOHMIUCC-UHFFFAOYSA-N,OCNT-2535049,0,0,3,1,3.916100000000003
blind,XONRNTKMPVDEFH-UHFFFAOYSA-N,OCNT-2535050,0,0,2,1,2.597600000000001
blind,ZKZIMMAKAMEPAA-UHFFFAOYSA-N,OCNT-2535052,0,0,2,1,2.9863000000000017
blind,ZLSHALHADKEATB-UHFFFAOYSA-N,OCNT-2535086,0,0,3,1,1.0557999999999998
blind,OOSQUUIXYIJTKC-UHFFFAOYSA-N,OCNT-2535094,0,1,2,1,2.3303200000000004
blind,RKNSFTXTHYXSNE-UHFFFAOYSA-N,OCNT-2535095,0,1,3,1,3.027820000000002
blind,RLRFPLIYHVETRX-UHFFFAOYSA-N,OCNT-2535096,0,1,3,1,2.3161199999999997
blind,OJBCCVHFEMTZJR-UHFFFAOYSA-N,OCNT-2535097,0,1,6,1,1.7658199999999995
blind,MUQLJFDGJGYLDJ-UHFFFAOYSA-N,OCNT-2535100,0,1,4,1,2.976620000000002
blind,AGMAYQWAVMKCRK-UHFFFAOYSA-N,OCNT-2535111,0,0,4,1,1.517619999999999
blind,ZSBYGIHSLQRFLQ-UHFFFAOYSA-N,OCNT-2535127,0,0,1,1,0.8599999999999997
blind,OFPDZAVRUHSYJU-UHFFFAOYSA-N,OCNT-2535133,0,0,3,1,2.0483
blind,MOCCCMVDMPPWLX-UHFFFAOYSA-N,OCNT-2535145,0,1,2,1,3.4198200000000023
blind,RLECTTKOBJGDTM-UHFFFAOYSA-N,OCNT-2535152,0,0,4,1,3.3984200000000024
blind,SIOOYOMYAOCUHO-UHFFFAOYSA-N,OCNT-2535171,0,2,5,2,2.0218999999999996
blind,DHILLHKBQUXGCS-UHFFFAOYSA-N,OCNT-2535178,0,1,4,1,1.6666199999999998
blind,CSKFNYTUMKSYLX-UHFFFAOYSA-N,OCNT-2535182,0,0,2,1,3.170420000000002
blind,UTIDESMGGKOHKC-UHFFFAOYSA-N,OCNT-2535207,0,1,3,1,2.3729000000000005
blind,MQKFKNKJNHXMNZ-UHFFFAOYSA-N,OCNT-2535225,0,1,5,1,2.5440400000000007
blind,OJCLHERKFHHUTB-UHFFFAOYSA-N,OCNT-2535228,0,0,1,1,1.6258
blind,ACGPBLZSPDCGCA-UHFFFAOYSA-N,OCNT-2535229,0,0,3,1,3.080400000000002
blind,IGZCDJVRJJTBLG-UHFFFAOYSA-N,OCNT-2535233,0,0,3,1,4.947900000000005
blind,AFXVIHMNMRJRDS-UHFFFAOYSA-N,OCNT-2535234,0,0,3,1,1.9251
blind,ULRIVKPPJKOYOS-UHFFFAOYSA-N,OCNT-2535237,0,0,2,1,3.638600000000003
blind,XKVFOSUENYMPEI-UHFFFAOYSA-N,OCNT-2535238,0,0,2,1,3.2485000000000017
blind,RJVMMJOMRIMUAW-UHFFFAOYSA-N,OCNT-2535241,0,0,3,1,4.663000000000003
blind,WYMAJKNSMXCGIZ-UHFFFAOYSA-N,OCNT-2535245,0,0,2,1,2.7859000000000007
blind,DXSBLFMKEXSCHT-UHFFFAOYSA-N,OCNT-2535246,0,0,3,1,2.1604
blind,NEHJFSRZGHWAPB-UHFFFAOYSA-N,OCNT-2535263,0,0,5,1,1.89502
blind,QOFNSDLTCSJDLA-UHFFFAOYSA-N,OCNT-2535281,0,0,3,1,4.298920000000003
blind,KHHXJNRZURBROH-UHFFFAOYSA-N,OCNT-2535286,0,0,3,1,3.019020000000001
blind,RGMOYEDXVSBPSL-UHFFFAOYSA-N,OCNT-2535290,0,0,3,1,3.094000000000001
blind,PIVAZIMYJGDVBC-UHFFFAOYSA-N,OCNT-2535297,0,0,4,1,2.918000000000001
blind,LQAPARJGASQPRL-UHFFFAOYSA-N,OCNT-2535303,0,0,4,1,3.101300000000001
blind,LOSYCBROYSQTLJ-UHFFFAOYSA-N,OCNT-2535304,0,0,1,1,3.392400000000002
blind,OHQVQKICERBNIS-UHFFFAOYSA-N,OCNT-2535315,0,1,3,2,1.8919
blind,LGUCUIDFWMIUJQ-UHFFFAOYSA-N,OCNT-2535316,0,0,2,1,2.837300000000001
blind,RDUREHFLQGXCTB-UHFFFAOYSA-N,OCNT-2535354,0,0,2,2,2.391
blind,ZMGVXRUDVLUFFM-UHFFFAOYSA-N,OCNT-2535355,0,0,4,1,1.1737
blind,LBTWHFVYVCJPDY-UHFFFAOYSA-N,OCNT-2535405,0,0,3,1,1.0518999999999994
blind,RCGSHNCCAXCFBG-UHFFFAOYSA-N,OCNT-2535406,0,0,3,1,2.2222
blind,GAIJWLNOPUVOQA-UHFFFAOYSA-N,OCNT-2535408,0,0,2,1,2.857000000000001
blind,GLVYEJAJUNSCSG-ZDUSSCGKSA-N,OCNT-2535409,0,0,3,1,1.830499999999999
blind,UDZQACMOTGHBFF-WHUIICBVSA-N,OCNT-2535410,0,0,3,1,1.4403999999999992
blind,SBJUDQGWTGRCOS-UHFFFAOYSA-N,OCNT-2535411,0,0,3,1,2.2206
blind,OMXUVUJESQSBFF-UHFFFAOYSA-N,OCNT-2535442,0,0,2,1,2.5043000000000006
blind,TVLXRHKHOIQLFG-UHFFFAOYSA-N,OCNT-2535443,0,0,2,1,2.6492000000000004
blind,VKSYTAAUDUIAJS-UHFFFAOYSA-N,OCNT-2535447,0,0,4,1,2.9366400000000015
blind,IZRLYXSDUURUQV-UHFFFAOYSA-N,OCNT-2535450,0,0,2,1,3.198100000000002
blind,PAEOFPRSRSRSST-UHFFFAOYSA-N,OCNT-2535451,0,0,2,1,3.3912000000000013
blind,AHGPUGNOBPVLGN-HVFKJYJOSA-N,OCNT-2535460,0,0,3,2,4.696000000000003
blind,QUVJUZYXSQGWFB-WGIUUAEBSA-N,OCNT-2535461,0,1,6,1,1.1773999999999991
blind,XFNRDHKLLKOGLQ-VNXPTHQBSA-N,OCNT-2535462,0,1,6,1,1.4728999999999997
blind,QKMHAXQDDXGVIL-KZMQIFKDSA-N,OCNT-2535463,0,1,5,1,2.0778999999999996
blind,OGVWWRHHLXLTMA-XHAYOOOLSA-N,OCNT-2535464,0,1,6,1,1.9495799999999996
blind,RQPHUVUBLSWRJU-RJPUVWTNSA-N,OCNT-2535465,0,1,5,1,1.864499999999999
blind,RVDIXDKVKBHDOZ-RIJFORKLSA-N,OCNT-2535466,0,1,5,1,3.2079800000000014
blind,GGYFXVVOEHYTQZ-HIDCPEKUSA-N,OCNT-2535467,0,1,6,1,1.1047999999999998
blind,JOBOJJDANUYXJK-GFWLXOEUSA-N,OCNT-2535468,0,1,5,1,2.5545800000000005
blind,LWFCHJCJKHVUIA-VUOSCMKMSA-N,OCNT-2535469,0,1,6,1,1.9495799999999996
blind,UKCAZHRMWOHLFQ-ZRNAQANOSA-N,OCNT-2535471,0,1,5,1,2.1846999999999994
blind,SPYDUYOFQJNSFT-UHFFFAOYSA-N,OCNT-2535473,0,0,1,1,3.584400000000003
blind,UUNXUCVNDXSLNL-UHFFFAOYSA-N,OCNT-2535482,0,0,3,1,2.3631
blind,IEQWNXZBGUGNNG-UHFFFAOYSA-N,OCNT-2535519,0,0,3,1,3.875300000000003
blind,KNZOSALJKRZREA-UHFFFAOYSA-N,OCNT-2535524,0,0,3,1,2.2532000000000005
blind,PDQJLWJVQZINJW-UHFFFAOYSA-N,OCNT-2535531,0,0,4,1,3.0833000000000004
blind,UEJLENUDLJDDCQ-UHFFFAOYSA-N,OCNT-2535534,0,0,2,1,2.5393800000000004
blind,PJBBPZUOXMVBGM-UHFFFAOYSA-N,OCNT-2535540,0,0,3,1,3.336100000000002
blind,NSIHAZMQGXAMJI-UHFFFAOYSA-N,OCNT-2535541,0,0,1,1,2.3904000000000005
blind,BMGVQTUPKNPSSW-UHFFFAOYSA-N,OCNT-2535560,0,0,1,1,2.247
blind,JQGBNTLYTQELFB-UHFFFAOYSA-N,OCNT-2535564,0,0,3,1,4.903100000000004
blind,MYLDNWDULMBTAK-UHFFFAOYSA-N,OCNT-2535578,0,0,3,2,1.9267
blind,DQHOPQPJUVXCQP-UHFFFAOYSA-N,OCNT-2535605,0,0,4,1,2.3324
blind,IYCLSQIPWSQNIF-UHFFFAOYSA-N,OCNT-2535624,0,1,2,1,2.653620000000001
blind,ODSYZVWQYJLMAW-UHFFFAOYSA-N,OCNT-2535625,0,0,3,1,2.6903000000000006
blind,ALWDRGAHNVDCTR-UHFFFAOYSA-N,OCNT-2535639,0,0,3,1,2.2970999999999995
blind,LVFVQOFQOOLRJQ-UHFFFAOYSA-N,OCNT-2535666,0,0,2,1,3.3156000000000025
blind,BLMVIILCDNTTEE-UHFFFAOYSA-N,OCNT-2535667,0,1,4,1,2.2927999999999997
blind,DACUBDAGRHAABD-UHFFFAOYSA-N,OCNT-2535668,0,0,4,1,2.963300000000001
blind,UFSYAAOXXINHFF-UHFFFAOYSA-N,OCNT-2535688,0,0,3,1,2.7966000000000015
blind,GEYDCUDSXDUENK-UHFFFAOYSA-N,OCNT-2535701,0,0,3,1,3.2730000000000024
blind,SPSHBGKJKWGKHH-INIZCTEOSA-N,OCNT-2535703,0,0,7,1,2.0807
blind,DZDXENYZKRWWPA-UHFFFAOYSA-N,OCNT-2535706,0,1,4,3,2.2626999999999997
blind,DOMSXLVTHIWDNG-UHFFFAOYSA-N,OCNT-2535720,0,2,6,2,1.4082999999999997
blind,KUBKVEWRTKQMEO-UHFFFAOYSA-N,OCNT-2535737,0,0,5,1,2.712600000000001
blind,DLHHFYXNVIMXSY-UHFFFAOYSA-N,OCNT-2535788,0,0,4,2,3.144000000000001
blind,HFQKXZJLNCTZKT-LDCVWXEPSA-N,OCNT-2535793,0,0,3,1,3.9060000000000032
blind,MEQMJZOEHYDCQO-UHFFFAOYSA-N,OCNT-2535810,0,0,3,1,2.4145000000000003
blind,VCFQFPHACUNRAC-UHFFFAOYSA-N,OCNT-2535812,0,0,4,1,2.4319000000000006
blind,HKIGXXRMJFUUKV-UHFFFAOYSA-N,OCNT-2535813,0,0,1,1,1.2357
