config,repeat,fold,bootstrap_seed,CYP1A2_ST-RAE,CYP1A2_MAE,CYP1A2_R2,CYP1A2_Spearman_R,CYP1A2_Kendall_Tau,CYP2C9_ST-RAE,CYP2C9_MAE,CYP2C9_R2,CYP2C9_Spearman_R,CYP2C9_Kendall_Tau,CYP2D6_ST-RAE,CYP2D6_MAE,CYP2D6_R2,CYP2D6_Spearman_R,CYP2D6_Kendall_Tau,CYP3A4_ST-RAE,CYP3A4_MAE,CYP3A4_R2,CYP3A4_Spearman_R,CYP3A4_Kendall_Tau,MA_ST-RAE,MA_MAE,MA_R2,MA_Spearman_R,MA_Kendall_Tau
chemeleon__lightgbm,0,0,2684470948,0.865666793659106,0.7131049202933641,0.1674918049046337,0.4172663757383791,0.2929520988237373,0.8380549193156138,0.58942946804301,0.231710836994859,0.5063784350380752,0.3535988487248229,0.8997131797035374,0.5733541113605923,0.142849689572304,0.4008187956681443,0.27787610529290613,0.6091169019249177,0.6051674636907418,0.49376064814473153,0.7006679763133604,0.5086660388960974,0.8031379486507938,0.6202639908469271,0.2589532449041321,0.5062828956894898,0.35827327293439093
chemeleon__lightgbm,0,1,4091952314,0.9624639626216346,0.6859674606695243,0.08254203967176338,0.3329814098321395,0.2256424704872489,0.769853859134472,0.4888852482649669,0.23068163015612728,0.4841247967407073,0.33669562246255735,0.9402770705914483,0.6172975746846786,0.1472406573143201,0.3638168290019618,0.24824143556323217,0.575112489649261,0.5686231014434441,0.5219490746459255,0.715400845821489,0.5279647939802142,0.811926845499204,0.5901933462656535,0.24560335044703407,0.47408097034907437,0.3346360806233131
chemeleon__lightgbm,0,2,233227757,0.8194693870001902,0.702635852443489,0.2198526766718304,0.4399696595403363,0.3010588256028799,0.8527871654036198,0.5041345472694014,0.21504788837774091,0.45460471352830095,0.31911765759932537,1.002464362300593,0.5911694469231714,0.05987233752418384,0.29660853091754236,0.198033968485984,0.638505713233338,0.6001660263074137,0.4474382185379798,0.6625155619206266,0.4816373365596739,0.8283066569844352,0.599526468235869,0.23555278027793375,0.4634246164767015,0.3249619470619658
chemeleon__lightgbm,0,3,3276785861,0.9740496693628589,0.6855622912443049,0.06593096311340611,0.293379038253195,0.20115434435842774,0.7906435920723892,0.543815949748676,0.2420538745864662,0.5036370086074095,0.3460422616728426,0.9635162681662862,0.6530358467139324,0.07249214001726038,0.26412139185051825,0.17871514736291033,0.6240351231479122,0.6373141541690253,0.5025187533324753,0.6967439967184079,0.508220103622481,0.8380611631873617,0.6299320604689846,0.220748932762402,0.43947035885738267,0.30853296425416543
chemeleon__lightgbm,0,4,3644269654,0.9012331051015638,0.6986443871393345,0.15212019022189988,0.44025298485291436,0.30456127360162194,0.7861296550456118,0.4860388576033628,0.30351257102509804,0.5367577284789421,0.37617298806360866,0.9393948121044619,0.6012378629924712,0.17640148922312854,0.3962076734544802,0.2709141420949691,0.5913882763668483,0.6286224162005007,0.48005854804012504,0.6917577751000296,0.5040889864674454,0.8045364621546215,0.6036358809839173,0.27802319962756294,0.5162440404715916,0.3639343475569113
chemeleon__lightgbm,1,0,1206282609,0.9446379110810608,0.6673404258183043,0.1120212208288166,0.387804047364744,0.26547735435970643,0.7625724161872467,0.5359910170081952,0.24407366519095358,0.5171486700014801,0.3657047150820958,0.9271091515484438,0.6591144644611805,0.13026367766012997,0.3575043886263466,0.2511694638094438,0.5646324434682771,0.5992983328746687,0.5044794379738766,0.7116532638486942,0.517356063134204,0.799737980571257,0.6154360600405873,0.2477095004134442,0.49352759246031624,0.3499268990963625
chemeleon__lightgbm,1,1,3543069911,0.8915861546661099,0.7243759949144283,0.19102995405300538,0.45246931210670877,0.3115955505742273,0.7607366393408681,0.5122601516910739,0.269457532272153,0.5058232049784428,0.3557303532418081,0.9922618265188884,0.5928894628581766,0.06341752314662641,0.30113735273306824,0.20428620722231544,0.5770144758511195,0.5813269761828459,0.5184992570170944,0.7204698138092908,0.5311636206536366,0.8053997740942465,0.6027131464116311,0.2606010666222198,0.4949749209068776,0.35069393292299683
chemeleon__lightgbm,1,2,3479688010,0.8653520773471987,0.7190657612821966,0.13722572764184798,0.4232219012849597,0.29394642944688076,0.7822485245084893,0.5479450375183957,0.2467452731161861,0.4999529099132988,0.3490027884679889,0.9460880174425347,0.5813645824052895,0.08850880769295627,0.34413756749341506,0.23290341198726866,0.604218025211131,0.6426918411839717,0.4993883416392048,0.7062971096831144,0.516189489516224,0.7994766611273384,0.6227668055974634,0.2429670375225488,0.49340237209369703,0.3480105298545906
chemeleon__lightgbm,1,3,877132087,0.9642201813202177,0.6879372106841153,0.09301405291495887,0.34008299500690603,0.23256320677180917,0.8348785510106226,0.5019137072148496,0.19729706770163732,0.45577680271249305,0.3167012323834479,0.9470862271709726,0.6306166483266527,0.13509326865380494,0.3935911533401688,0.263926631007452,0.6788343587955054,0.6246485490731907,0.43111102990010725,0.6407586845768422,0.46021769672876706,0.8562548295743296,0.6112790288247021,0.21412885479262708,0.4575524089091025,0.318352191722869
chemeleon__lightgbm,1,4,1244265337,0.8695924087323641,0.690752912155766,0.1617445309579544,0.4109743537817655,0.27970655577350406,0.8235554641018397,0.49050706684991363,0.1997145501783958,0.45143439517693223,0.31959641753692336,0.947691799127725,0.5859685958828182,0.1019888017711539,0.3544599645917735,0.24247521009352346,0.6230716776461447,0.6196568781242165,0.4592343174167453,0.6820647121067734,0.49225420691287397,0.8159778374020183,0.5967213632531785,0.23067055008106235,0.4747333564143112,0.3335080975792062
chemeleon__lightgbm,2,0,2740186692,0.8976783551516717,0.6979176284884704,0.13744880753413383,0.4303415849806529,0.29775841140485687,0.8624798394789543,0.5048140836533203,0.16368748837476177,0.4319035386534533,0.29922964776853667,0.9647791152367835,0.5794286265192765,0.08856760116735972,0.3425987409554675,0.23519518411657642,0.6043058855062539,0.6074692517506203,0.5081810551951862,0.7144793716459936,0.5234442759361952,0.8323107988434157,0.5974073976029218,0.22447123806786037,0.4798308090588918,0.3389068798065413
chemeleon__lightgbm,2,1,3884972972,0.8536498107314207,0.6378823651352089,0.2176713030164588,0.48281721256129234,0.33273145978657676,0.755840692955058,0.5278904389665032,0.2827485818480902,0.5225165472837524,0.37152886628206866,0.9166996651970792,0.629327604851042,0.12661303872544508,0.3760151373794588,0.25490790540414676,0.586255401705965,0.6033620621659556,0.501511781325261,0.7077423268982077,0.513835148534455,0.7781113926473807,0.5996156177796774,0.28213617622881376,0.5222728060306777,0.3682508450018118
chemeleon__lightgbm,2,2,829139639,0.8762630082127629,0.6878655791986908,0.18666784871569814,0.45670327691222945,0.3189466834456597,0.7653003468495693,0.49890332437245843,0.26753456265125364,0.5309948588541087,0.3742189288623351,0.9541089126369581,0.6446306968530381,0.10620414007835974,0.3513606758917411,0.23909269619956347,0.6265984919682579,0.6082267831315201,0.4940984153861716,0.6971960840921262,0.5062367355162682,0.8055676899168871,0.6099065958889268,0.2636262417078708,0.5090637239375514,0.3596237610059566
chemeleon__lightgbm,2,3,2545567356,0.955703385428377,0.6899062351524605,0.12457563327869062,0.4187402611974843,0.290298208839465,0.7698858305375499,0.49337222044254936,0.28075562559738987,0.5195738499896811,0.3674018218091603,0.9474464402444537,0.6092877185853215,0.127539139011185,0.3767951995719384,0.25332653233198915,0.6157698756537459,0.5981825783633926,0.4689623139012104,0.6618934686428417,0.4853314081683354,0.8222013829660316,0.597687188135931,0.250458177947119,0.49425069485048634,0.3490894927872375
chemeleon__lightgbm,2,4,2718398101,0.8360487417149645,0.7256236523573445,0.18329870988508687,0.4362575174981382,0.30392102734025317,0.74050936418474,0.522796170814318,0.2929345240365091,0.5191664006453562,0.36366193493920534,0.9696181585161088,0.5795838276302046,0.049241541486025726,0.28460947285592886,0.19399015343290607,0.5730059759480134,0.6034512507020071,0.5109927032214578,0.7109380990232775,0.5193395782857922,0.7797955600909566,0.6078637253759684,0.2591168696572699,0.4877428725056752,0.3452281734995392
chemeleon__lightgbm,3,0,176092387,0.8452660219791558,0.6565217213115364,0.19173591785916685,0.4660568702978468,0.3283660474428422,0.881190653079275,0.5676252746474011,0.15757483003477327,0.45196807925761007,0.3191756716648685,0.9443869374666549,0.6233985534011128,0.12087245979308055,0.3017381240136367,0.2013438676392321,0.5906143775389716,0.6103668180836169,0.5024275884312952,0.7083714719370463,0.5142767246899603,0.8153644975160144,0.6144780918609168,0.24315269902957898,0.48203363637653496,0.34079057785922584
chemeleon__lightgbm,3,1,3528048386,0.9430953908214254,0.7226498855056521,0.11655516368065771,0.34475158217501234,0.23958234481251,0.715451383336316,0.47828319011286835,0.28922531779184796,0.5204726091339864,0.3656949980216151,0.9418370505221368,0.6314539731153948,0.10042783027264707,0.37316175330623796,0.2520478670084412,0.6551837839180733,0.5959977864160504,0.5212174691818449,0.7168994394165766,0.5260938140886211,0.8138919021494878,0.6070962087874914,0.2568564452317494,0.48882134600795335,0.34585475598279686
chemeleon__lightgbm,3,2,569531098,0.987199151158425,0.7151920277265816,0.11581311529555594,0.39429969164322687,0.2683516847362287,0.9371412355005863,0.566421994625336,0.12974736707985002,0.3794110176681727,0.2592432381394592,0.9407517759173977,0.6026914591927642,0.08562598498260156,0.3074731922788552,0.21026951855864556,0.5541450297863912,0.5942211632293244,0.5105916484832407,0.7157364217946616,0.5233625615956699,0.8548092980907,0.6196316611935015,0.21044452896031204,0.4492300808462291,0.3153067507575008
chemeleon__lightgbm,3,3,1337295874,0.9337773461396921,0.7146018327289831,0.15696967278931312,0.4142385805611012,0.2865366499282376,0.8130508762343877,0.5177976038831572,0.23913510884335437,0.48756049140669655,0.3379590683818763,1.00916705922395,0.585009486122925,0.11566332375476722,0.3729931901638807,0.2571409034270307,0.6651502121212358,0.6471747094192681,0.439884226744676,0.6592669528329765,0.4769507690652643,0.8552863734298163,0.6161459080385834,0.23791308303302766,0.48351480374116373,0.3396468477006022
chemeleon__lightgbm,3,4,612016888,0.8587760792066425,0.6880010451709482,0.16318832440310144,0.42343932947113094,0.29021266165089343,0.7831383886755992,0.5239127315280869,0.268619520307469,0.5042874630713566,0.3512792855967292,0.8958257526734004,0.5946350937696696,0.14981705236604392,0.40359554957765037,0.27956369955312593,0.6377538554684187,0.6453164595774478,0.4167187779436892,0.6412760441713974,0.4625285502486939,0.7938735190060151,0.6129663325115381,0.24958591875507588,0.4931495965728839,0.3458960492623606
chemeleon__lightgbm,4,0,232150720,0.8904094974656995,0.7271538705888585,0.18884736009716152,0.44416264702781044,0.30899353539539526,0.7441363286271083,0.5691264314437302,0.27674556490970487,0.545931227414205,0.38365397084635416,0.9283572251322701,0.5886387326821921,0.13057100922657935,0.34097387671305623,0.23559431880803794,0.6374245262250626,0.6322521856842179,0.4538065464401874,0.655132648953347,0.47314622533879247,0.8000818943625351,0.6292928050997497,0.2624926201684083,0.4965501000271047,0.35034701259714496
chemeleon__lightgbm,4,1,2324106676,0.9190740416252878,0.7390713170375297,0.11695533362199986,0.35259061111401035,0.24039935635769383,0.7166514956301782,0.4948470809455464,0.32154371292544526,0.5600128888581674,0.39439257226233093,0.979678880478663,0.6078623999120275,0.10053799999552408,0.29201926865753797,0.20010290559447344,0.627103301610315,0.6161558311887927,0.483192954109989,0.6805012285688978,0.4976474058519273,0.810626929836111,0.6144841572709742,0.2555575001632395,0.4712809992996534,0.3331355600166064
chemeleon__lightgbm,4,2,1658700540,0.8770718253479727,0.6643793206498249,0.14751890185034433,0.4016108245594771,0.27337824236472297,0.8336999224042838,0.43846359981985916,0.22054878802184685,0.46023738267904124,0.3252376283233173,0.9451676716475769,0.6346433648724508,0.1125969360451846,0.3701431020403712,0.253759668583199,0.5914094996914367,0.5626381395256018,0.5156948204923081,0.720521109915592,0.5307373954071294,0.8118372297728175,0.5750311062169342,0.24908986160242094,0.48812810479862045,0.34577823366959215
chemeleon__lightgbm,4,3,609942288,0.9150203441270236,0.6958791348550849,0.21834820909380379,0.4279962643187586,0.2942594875124365,0.8318804661879233,0.5282141912312982,0.1937346705647083,0.4399845890147476,0.3094267235672059,0.9022475284608491,0.5415220835087298,0.13902928598170586,0.40443414962532376,0.27526860466201947,0.6590409640250705,0.6443801998371013,0.4410143657301057,0.6469879475206722,0.46578755937690924,0.8270473257002166,0.6024989023580536,0.24803163284258092,0.4798507376198755,0.3361855937796428
chemeleon__lightgbm,4,4,3405943863,0.921598529381749,0.6544902735207764,0.17221023372192032,0.41261047066898765,0.28317960445286794,0.8667803074106798,0.5520775040347692,0.1790214550839864,0.45047094476021776,0.3171484110104512,0.9635363234542498,0.6410807350538652,0.0891642366476358,0.2995901613983621,0.2004040474153512,0.5977565206189914,0.6263468111274645,0.4915496665127606,0.7079891961325404,0.5116605489666762,0.8374179202164176,0.6184988309342188,0.23298639799157578,0.46766519324002703,0.32809815296133665
chemeleon__rf,0,0,2684470948,0.8564681125026505,0.710985647002827,0.19473596336874233,0.43691930545536994,0.3074028988137269,0.7722157321215872,0.5720439622712582,0.27281975493668337,0.5470808582640913,0.3859542458931342,0.9234788827009104,0.5843408594929851,0.14780185883580224,0.4300014954971621,0.29754731797673506,0.6576636623241731,0.6511882258954936,0.4227086973194206,0.6599160252449713,0.47507629507225635,0.8024565974123303,0.629639673665641,0.25951656861516215,0.5184794211153986,0.3664951894389631
chemeleon__rf,0,1,4091952314,0.9058076701303721,0.6567107678837807,0.13428949610577928,0.4063799260710957,0.2794053395125021,0.7613646447138382,0.4711161831591378,0.257045509463441,0.514168157966105,0.36092523987977015,0.9713554755444606,0.6299684775734518,0.15226598865461838,0.37474500162572094,0.25303729941931397,0.6378393453761143,0.6265025006932063,0.4453810040451278,0.6783892245944813,0.48934701983271767,0.8190917839411963,0.5960744823273942,0.24724549956724165,0.4934205775643507,0.3456787246610759
chemeleon__rf,0,2,233227757,0.8246295101408749,0.6966306317238908,0.22195149712945014,0.47070949880571766,0.3209619240062586,0.8270719486563598,0.4945572841331487,0.20650193117002047,0.47538837171750614,0.3349040751255757,0.9393705011552569,0.5627158155025531,0.13878778901394873,0.4170483511310385,0.2866002648186162,0.6872048397869386,0.6380775815812897,0.39859771366309654,0.633066493855373,0.4548974916102375,0.8195691999348576,0.5979953282352206,0.241459732744129,0.4990531788774088,0.34934093889017204
chemeleon__rf,0,3,3276785861,0.861238858530416,0.6300457244728488,0.22399061867938003,0.4694437040235993,0.3265338346965821,0.7860504143132427,0.5381856001302796,0.2485136097620064,0.5073523152313383,0.3553472565251036,0.942025554763298,0.6409291523719305,0.10877247790353102,0.36592005055748117,0.2466806134230303,0.6567817924824234,0.6772449389536376,0.44238045918446445,0.6649250196087748,0.4814980424446305,0.811524155022345,0.6216013539821742,0.2559142913823455,0.5019102723552984,0.35251493677233664
chemeleon__rf,0,4,3644269654,0.9029957058995631,0.7005665825861136,0.17030710535126298,0.4332579735264841,0.30053941180432125,0.7807816058035392,0.4919302858057884,0.27363603804168735,0.5268178207396064,0.3700769655990948,0.8779263058934763,0.575627396495206,0.20149041819262115,0.4514228622777659,0.310293442060269,0.6424553526632855,0.6796441709943789,0.4075957471992436,0.6445752821972883,0.46344429477847504,0.801039742564966,0.6119421089703717,0.2632573271962038,0.5140184846852861,0.3610885285605401
chemeleon__rf,1,0,1206282609,0.9145055791390965,0.6536601387081631,0.1685856762968272,0.40905171026042186,0.28209053058529976,0.7366169960397668,0.5177417261444291,0.25888789704871257,0.5431401041834122,0.3831399289478741,0.9154420825901517,0.6512949261615519,0.16406787282424348,0.40305416378601316,0.27959784497938217,0.5474481120281682,0.6124152930339946,0.4843965299521436,0.7181080115825459,0.525027277500874,0.7785031924492959,0.6087780210120347,0.2689844940304817,0.5183384974530982,0.3674638955033575
chemeleon__rf,1,1,3543069911,0.8938096069755707,0.7256296361798539,0.20395603787550606,0.458823002801947,0.31521758518900717,0.7782207047909221,0.5143137471646957,0.2576493728061925,0.4994811110934557,0.3540858229431141,0.9226060310503628,0.5622902418565024,0.16016743533557287,0.3986089451310771,0.27397717774024327,0.638831929426764,0.6369186213182927,0.4447893504336691,0.6734069686240557,0.4895002528481317,0.8083670680609049,0.6097880616298362,0.2666405491127351,0.5075800069126338,0.358195209680124
chemeleon__rf,1,2,3479688010,0.7986767421571163,0.6868779092575902,0.22128371310347147,0.48059910983447435,0.3368703210790165,0.7697128038268471,0.5440062771151503,0.2565202811655773,0.5300637305248161,0.3754285111060833,0.9863110181583057,0.5945250141261241,0.07610065505161173,0.36570727931556923,0.24893527878845623,0.6513624166091494,0.6851506198397919,0.4267802322755771,0.6715894098671394,0.49038859920913075,0.8015157451878546,0.6276399550846642,0.2451712203990594,0.5119898823854998,0.36290567754567166
chemeleon__rf,1,3,877132087,0.9364819842935844,0.6699588476238312,0.13750412754373542,0.38498542902156285,0.2637707137640657,0.8420001298002993,0.4996690992253373,0.22806214454414017,0.4811758317291031,0.3375231467716882,0.913104776111932,0.6079353343000529,0.16107523649969996,0.42872759624840956,0.29449464090826527,0.7176799850320135,0.6539562914699125,0.3908414249286858,0.6101012018099062,0.43525724437123037,0.8523167188094573,0.6078798931547835,0.22937073337906536,0.47624751470224547,0.3327614364538124
chemeleon__rf,1,4,1244265337,0.8338286639158929,0.6693476846735757,0.1858545195868868,0.4448398341564393,0.3125373507232641,0.8022689772173223,0.48368534836531807,0.22059439319457835,0.4697800562334099,0.33218574339072926,0.9825267487016904,0.5989293451452399,0.09496915733269763,0.38267642600279006,0.26133760264655004,0.6852100296753609,0.6666269216082874,0.4035175442139633,0.6447730496515768,0.4596271667077177,0.8259586048775667,0.6046473249481052,0.2262339035820315,0.48551734151105397,0.3414219658670653
chemeleon__rf,2,0,2740186692,0.8501454030595785,0.6691779518107025,0.2061599064348726,0.47047497065232446,0.3297941268863307,0.8323637559476891,0.4821708277677619,0.18962244651435362,0.4748040409921294,0.33267655945169655,0.964063231948405,0.5802916726118985,0.12724133203324856,0.3883498540630359,0.2647333475208897,0.6273991530614642,0.6330038733209578,0.4617948431184614,0.6907038828421225,0.5041834653623195,0.8184928860042842,0.5911610813778301,0.24620463202523404,0.5060831871374031,0.3578468748053091
chemeleon__rf,2,1,3884972972,0.8510755126276959,0.6370487202443619,0.2270514690079057,0.45735970771787654,0.3149952522147349,0.7772731921211519,0.5358045942990504,0.25627459691888077,0.5123695892803185,0.365067309922711,0.9331806021085484,0.6346688352475842,0.11345143609584625,0.357105213304749,0.24412020404203194,0.6603172417024049,0.6681264172646807,0.4088351501986275,0.6434984015038974,0.4601091278388513,0.8054616371399502,0.6189121417639193,0.25140316305531507,0.49258322795171033,0.3460729735045823
chemeleon__rf,2,2,829139639,0.8642047727474345,0.6829266325306804,0.22355824148305165,0.476898254345274,0.33293664316196464,0.7285490137330167,0.49848002031522815,0.2689117399049627,0.5413433642789168,0.3831631421005769,0.9164744836082183,0.6287846157488208,0.1741517722096589,0.4464979340402633,0.3061466796766651,0.6581919919920177,0.6441843052294114,0.4436663800099213,0.6761939670385926,0.48408917564838755,0.7918550655201718,0.6135938934560352,0.2775720334018986,0.5352333799257617,0.3765839101468985
chemeleon__rf,2,3,2545567356,0.9652632975174827,0.6965351213084471,0.10474055214840211,0.3715470726593027,0.2545857227690334,0.8305076189446875,0.5186063387176927,0.22607555344897365,0.484924072341015,0.3354399300294129,0.9554152174099378,0.6106189046580695,0.1378396487766481,0.3757701068904595,0.25666141699133904,0.651219101605511,0.6377503795275997,0.42771722635450904,0.6325960644612398,0.45861281029457696,0.8506013088694048,0.6158776860529523,0.22409324518213322,0.4662093290880043,0.32632497002109057
chemeleon__rf,2,4,2718398101,0.8224736838479759,0.7156425961685245,0.18922237888985605,0.4401915594547995,0.3078270040614425,0.7648315939895354,0.5347078659382904,0.2754019271410115,0.518883255770502,0.3633710984650219,0.9605457680421499,0.5754269146822982,0.1039104318083308,0.36010440149746525,0.2503095755561558,0.6453032777422817,0.6606645092274012,0.4241262470416544,0.664265477905046,0.4799328811372691,0.7982885809054857,0.6216104715041285,0.2481652462202132,0.49586117365695315,0.3503601398049723
chemeleon__rf,3,0,176092387,0.8520223150001468,0.6604716736890184,0.19948515313711354,0.44396763142722473,0.3083407141229626,0.7660146319553444,0.5204432779699278,0.27483352768421365,0.5776554673677117,0.41498296490731035,0.97164622280665,0.6288845759021874,0.137244638114717,0.3293609106007019,0.22403449236055145,0.6698539385886869,0.6762737093928703,0.4137776070005374,0.6433744745773078,0.4635109716800514,0.814884277087707,0.621518309238501,0.25633523148414544,0.4985896209932365,0.352717285767719
chemeleon__rf,3,1,3528048386,0.9091190700253874,0.7060468041621103,0.14721080513410198,0.3881867836000561,0.2732776166322094,0.7524883120528619,0.48451846925941566,0.2687740630117807,0.5110102903932567,0.35561202669264197,0.9686593154418558,0.6448021780459796,0.11228954123130185,0.3722385701753812,0.25108426846093745,0.6854207979676329,0.6232220744428908,0.4789962200504096,0.6971541365255564,0.5084070667835924,0.8289218738719345,0.6146473814775991,0.25181765735689854,0.49214744517356257,0.34709524464234526
chemeleon__rf,3,2,569531098,0.9079648216050004,0.6715449663131197,0.18165137680306703,0.4701759470026483,0.3259109475809791,0.8434973041593744,0.5414036347318564,0.18609604438998958,0.42833550626377737,0.2968500801090316,0.9131418312194233,0.5872017234393391,0.15256182528522674,0.42080488567947705,0.29226021353565296,0.5925466210236713,0.6352270151898775,0.43925055553107567,0.6826210391013641,0.49359403116743916,0.8142876445018674,0.6088443349185482,0.23988995050233977,0.5004843445118167,0.3521538180982757
chemeleon__rf,3,3,1337295874,0.8934057569033975,0.6910364657815566,0.19716144043033831,0.45210536386725647,0.3134103211839129,0.751473357496795,0.4979475449150906,0.2769242934848917,0.5348098533841903,0.3755229518493293,0.9294366698239478,0.5506549459482394,0.13968031154851748,0.41627304908293516,0.29032219400161446,0.6938682453716782,0.6736122397179621,0.38881293464188127,0.6254864430885747,0.4478184800506998,0.8170460073989546,0.6033127990907122,0.2506447450264072,0.5071686773557392,0.3567684867713891
chemeleon__rf,3,4,612016888,0.79945439194699,0.6675918389599406,0.20891874510906236,0.4637867939931087,0.31827258937297664,0.8058687579256589,0.5338719141641064,0.2268262677392684,0.46169276628676986,0.3248025055208344,0.8896725639121233,0.5921921179798129,0.1863242863031268,0.43490833435347664,0.2989224914737367,0.6302760457781899,0.6635924285330889,0.39899823647797195,0.6330534492590623,0.4553924682756179,0.7813179398907405,0.6143120749092371,0.25526688390735736,0.49836033597310436,0.3493475136607914
chemeleon__rf,4,0,232150720,0.8559522446287393,0.7151230381185069,0.20956078120684177,0.4788610178271464,0.33158709949464366,0.7805755619894575,0.5845290314878906,0.23712758638701317,0.4974270711551237,0.34709413955440044,0.9136826129419867,0.5811007871259493,0.15943079855588826,0.39051686818170106,0.2662926319265122,0.6593675463332924,0.6581967876558874,0.4235763990185964,0.6441279493008228,0.46853576806048414,0.8023944914733689,0.6347374110970585,0.25742389129208487,0.5027332266161986,0.3533774097590101
chemeleon__rf,4,1,2324106676,0.8617362667659674,0.704235381406554,0.1447314303940988,0.40146404055989543,0.27456844486068654,0.7000437427313458,0.4884238080456089,0.29814613258815287,0.5714652124145634,0.40212569999714104,0.9171030181604933,0.5818419970744294,0.15887759704428447,0.40010585959795997,0.27771578142526954,0.6556773488994926,0.6561871456667656,0.43999925731763956,0.6617158527639171,0.47930636832237616,0.7836400941393248,0.6076720830483394,0.26043860433604393,0.508687741334084,0.3584290736513683
chemeleon__rf,4,2,1658700540,0.8902267412354914,0.6709471291759621,0.13090522310215713,0.3927866083041298,0.2717627539348409,0.8245158024592272,0.43556453166238335,0.21207828314899307,0.4562516871149511,0.3243590811881107,0.9577371455335576,0.6376879098127854,0.13457675360747587,0.4076649932942631,0.27860665687959413,0.6171287440568305,0.600745424230397,0.4558181195698924,0.6896677347071671,0.5025055230160873,0.8224021083212766,0.5862362487203819,0.2333445948571296,0.4865927558551278,0.34430850375465827
chemeleon__rf,4,3,609942288,0.8585163325153613,0.6738634031844288,0.25132064770908963,0.48301896961005797,0.3376141244823007,0.7895546380859751,0.5191128270342305,0.24301641706881927,0.5117773184480995,0.3583847287183092,0.8814861680141851,0.5320817129474781,0.19450443408020465,0.47363144711666855,0.3273367581403728,0.7058015230573661,0.6904139166285214,0.3694415793751072,0.6018097379626294,0.4312750407667549,0.8088396654182219,0.6038679649486647,0.26457076955830516,0.5175593682843638,0.3636526630269344
chemeleon__rf,4,4,3405943863,0.8844724630455817,0.6349492275785984,0.19186031655305638,0.4485322230122274,0.3091070163337262,0.845921868235486,0.5463817909949542,0.21433530029291098,0.4824511041919551,0.33645844742286135,0.9844755406101159,0.6516956759815128,0.10233832265764432,0.3490511038907726,0.23919175639570506,0.627077267682941,0.656037838643693,0.43451191527778893,0.6769027072128069,0.4908799601753099,0.8354867848935312,0.6222661332996896,0.23576146369535017,0.48923428457694046,0.3439092950819006
chemeleon__xgboost,0,0,2684470948,0.9133508100763517,0.7401597274855887,0.13448215638116398,0.39290369223030674,0.2733625139081901,0.9001272916069958,0.6140705939021265,0.15198121679253074,0.402634138673382,0.2765130494279144,0.9766507825284535,0.6105930004182031,0.05501065597118896,0.28646463901165053,0.191702687162225,0.6512921521112083,0.652409838905824,0.4278581351596957,0.6569953585955505,0.47256381905079387,0.8603552590807523,0.6543082901779356,0.19233304107614485,0.43474945712772245,0.3035355173872809
chemeleon__xgboost,0,1,4091952314,1.0347616248844858,0.7086382612020753,0.02889442762781442,0.34740630805622974,0.2309796816727893,0.8438030807387376,0.48760946340107914,0.21694044465645793,0.4737237124600951,0.33252497175661955,0.9710550620948163,0.6271659268552088,0.12327077899078145,0.3342744611860877,0.22589463069384974,0.6652244087189346,0.633412169069137,0.42602340219232304,0.648284923441879,0.46516675774962296,0.8787110441092435,0.614206455131875,0.1987822633668442,0.4509223512860729,0.31364151046822036
chemeleon__xgboost,0,2,233227757,0.8427551699228238,0.7066012120630357,0.1895787393845199,0.4327545779723651,0.3001070809810922,0.9583910440251728,0.5248040030610096,0.09611932571841465,0.40125765158817106,0.28177473385145047,1.0502482044698922,0.6049879408717017,0.046308740275457394,0.271820787998456,0.18902732459681193,0.7419501110361156,0.6571496535277574,0.34563769335464745,0.6071314750747302,0.43066711813470415,0.8983361323635012,0.6233857023808762,0.16941112468325986,0.42824112315843066,0.3003940643910147
chemeleon__xgboost,0,3,3276785861,0.9762529024287239,0.678572462382772,0.06235914838098663,0.23371604608131866,0.15786242586480742,0.8803638742688805,0.5768158358720826,0.10583527601345084,0.3553774630742607,0.24648553250963848,1.029307494891419,0.6830651229194681,0.016291889450792376,0.26973972709076144,0.18477083719568996,0.6515868623552121,0.6540567846952956,0.460123088194682,0.6661443167314767,0.4810818499723583,0.8843777834860588,0.6481275514674046,0.16115235050997795,0.3812443882444544,0.26755016138562354
chemeleon__xgboost,0,4,3644269654,0.9762274401228808,0.738974005647261,0.08911250436432104,0.34191022326381665,0.23418338889484136,0.7767967444316823,0.48878422877069494,0.2703334014508873,0.5264940697434534,0.3724394871909634,1.009457510939874,0.6276091945098674,0.09605249658901771,0.29552110619335037,0.20137259062739463,0.6896467191387475,0.6915685024475544,0.38041615578998117,0.608141106487333,0.4280456053910252,0.8630321036582962,0.6367339828438445,0.20897863954855184,0.44301662642198836,0.3090102680260562
chemeleon__xgboost,1,0,1206282609,1.019827510227545,0.7075499394844884,0.05877063303725943,0.2927330436915594,0.19851224989136032,0.8257818275471187,0.5339639956544255,0.2172512789694589,0.4676318284220429,0.3283634877711665,1.004581824287967,0.6936789431692166,0.091934029887019,0.2813380040967857,0.19260858343190992,0.6114213665198737,0.6204519777754269,0.454693572295222,0.6615164687987174,0.47568691067657126,0.8654031321456261,0.6389112140208894,0.20566237854723982,0.42580483625227633,0.298792807942752
chemeleon__xgboost,1,1,3543069911,0.9643257422049775,0.7546020333318976,0.09872865202732682,0.32862770449713863,0.22177712925890666,0.8774001740684916,0.5567417266507735,0.10947518783138109,0.3742225486582556,0.2577289848839168,1.0628216467175888,0.6186313902904576,0.0381382707727132,0.30425959322071244,0.21359155854279088,0.6294518137006917,0.6122551717802512,0.46083013670289885,0.6706415714602597,0.4843895870408683,0.8834998441729374,0.635557580513345,0.17679306183357998,0.41943785445909154,0.2943718149316207
chemeleon__xgboost,1,2,3479688010,0.9199478467936291,0.7413748175611097,0.11923592609722251,0.3589207168700041,0.25302408135319693,0.9089653133392689,0.5978403389062131,0.11333641654038983,0.35180190033352393,0.2406889301939895,1.0995639833971238,0.6351857438190244,-0.06824111245489312,0.27691870120139256,0.18985823749896522,0.696897068493158,0.7097208735338963,0.39703843867483424,0.6372069889480382,0.45642475002920013,0.9063435530057948,0.6710304434550609,0.14034241721438834,0.4062120768382397,0.28499899976883797
chemeleon__xgboost,1,3,877132087,1.0455986012096807,0.731589781827017,-0.06421002771153003,0.2572461162392242,0.17486909168512865,0.9531452671079931,0.5414737759789783,0.12628011003500078,0.35616474465810527,0.24700014652826285,1.0069938414588377,0.6514930598336077,0.08697641696870831,0.3445000583975133,0.23458093358690854,0.7223926610931464,0.6583870571107086,0.38578620485755194,0.6085390321796577,0.4340065285775383,0.9320325927174146,0.6457359186875778,0.13370817603743274,0.3916124878686251,0.2726141750944596
chemeleon__xgboost,1,4,1244265337,0.9620907086079982,0.7236152471309626,0.04951373818443094,0.3363173989831702,0.23487878942079793,0.8646274765375825,0.5023718688840791,0.17927411274607144,0.4298199715514172,0.2996002937678436,1.1639409809512928,0.674273339341709,-0.09104986452185844,0.25498173240779975,0.1690424664892507,0.7497113818898489,0.6872574129682195,0.34027944570542606,0.5865001888301552,0.41570582883951257,0.9350926369966807,0.6468794670812426,0.11950435802851746,0.40190482294313556,0.2798068446293512
chemeleon__xgboost,2,0,2740186692,0.9528969865611235,0.7256624086305069,0.08823514806078395,0.3459521390634815,0.23948962726133935,0.9421166709539752,0.5254482145427242,0.08607516483455323,0.3707075216146173,0.25517361217827667,0.9705576429933607,0.5818622433991912,0.04634237875408035,0.29533419265456273,0.20770015784792123,0.723046183111313,0.6854413332189541,0.37792983705103367,0.6158033595144426,0.43844850715079764,0.8971543709049431,0.6296035499478441,0.14964563217511279,0.4069493032117761,0.2852029761095837
chemeleon__xgboost,2,1,3884972972,0.991173081558391,0.7001801501320271,0.053356586977508676,0.3798321922080628,0.2619236653046427,0.8385866386492979,0.5562471419150175,0.20213783783080413,0.4397482620879628,0.3054838410996238,0.924257170414252,0.6336137335277939,0.1281084738067941,0.314462532420056,0.21873781343463317,0.6766791561758717,0.6639138492311509,0.40338931871707895,0.6321500004077509,0.45426495232084957,0.8576740116994532,0.6384887187014973,0.19674805433304646,0.4415482467809581,0.3101025680399373
chemeleon__xgboost,2,2,829139639,0.9787382424939386,0.7419575246390243,0.07591960367946811,0.29299476099361105,0.19883867854523093,0.8755239783777394,0.5406029811438279,0.11960222520095011,0.43486969736507153,0.30265743011936935,0.9646838861716658,0.6541624165397208,0.0716222371974525,0.30433280291258286,0.21267931038657636,0.7115877530893139,0.6562837288787818,0.41816227909953757,0.6371777964845647,0.4526126087759007,0.8826334650331644,0.6482516628003387,0.17132658629435207,0.4173437644389576,0.2916970069567693
chemeleon__xgboost,2,3,2545567356,1.0273956148615302,0.7269142813039224,0.057366634844616196,0.32147924035304654,0.21414465360073817,0.9100253214192213,0.5346119371090609,0.1382038172934882,0.3735314283224028,0.25854188937692246,0.9765578911407444,0.6226564581951121,0.07545414160075048,0.3181794978585406,0.21356087631993773,0.696226441390187,0.6461950825668776,0.38060528643791863,0.6130245497958566,0.43731960695670596,0.9025513172029208,0.6325944397937432,0.16290747004419337,0.40655367908246165,0.2808917565635761
chemeleon__xgboost,2,4,2718398101,0.9750454705337102,0.8082612654061055,0.05227984934795556,0.2938074038341021,0.19842398438692002,0.831888139493578,0.5572990946716223,0.19441556335500393,0.42695330511827423,0.2977319478400942,1.0478685466501974,0.6110756555823119,0.014778378400948531,0.21830128924496803,0.1472880662292287,0.6634688651566193,0.6498044089136744,0.4300636215106693,0.6475975620671751,0.46257201901272454,0.8795677554585262,0.6566101061434285,0.17288435315364434,0.3966648900661298,0.2765040043672419
chemeleon__xgboost,3,0,176092387,0.9730171603893241,0.7164385947778935,0.07095181705849266,0.3459819216525729,0.24065939551388743,0.9227209789643789,0.5844116228115293,0.10146515120392316,0.35082160080473396,0.24564634013959272,1.0054788131003494,0.6437825191344714,0.025554296788037282,0.21459244406184996,0.1448002581966836,0.6504620557417143,0.6458099483770735,0.45189162156917967,0.6663330835086799,0.4777659256507634,0.8879197520489417,0.6476106712752419,0.1624657216549082,0.39443226250695923,0.27721797987523183
chemeleon__xgboost,3,1,3528048386,0.9989641647735851,0.7490456431176511,0.08356342915111342,0.31525501566033287,0.21578444689726944,0.9222968414707029,0.5350791123011128,0.039204886432088186,0.33272934783685326,0.2317157537594956,0.9627189346060339,0.6416155908382225,0.07425328169262127,0.34470322509069573,0.2352150492095584,0.717471883266095,0.638755381254172,0.4337651907626802,0.6504629004661142,0.4674320279078706,0.9003629560291042,0.6411239318777896,0.15769669700962577,0.410787622263499,0.2875368194435485
chemeleon__xgboost,3,2,569531098,1.0379777765084162,0.7379768336698763,0.041079495340336926,0.38721884162927545,0.26245578998775926,0.9505553867853216,0.5791222217161601,0.08723801588607469,0.3367388720164528,0.23086325546307118,0.9891991974490114,0.6209471368699975,0.005016733571648719,0.2336518281335827,0.1642805344714722,0.5926529513499766,0.6241490622612955,0.46309729460681426,0.6933529295135131,0.5014183431144376,0.8925963280231815,0.6405488136293324,0.14910788485121865,0.41274061782320604,0.28975448075918503
chemeleon__xgboost,3,3,1337295874,1.0193859490999473,0.7620007989366538,0.06508847096851872,0.29640320021999483,0.20283374031287046,0.9484796776790694,0.5565683280365941,0.10865441212014139,0.42053987457030906,0.28508049850181527,1.0258743477498782,0.5965642651742026,0.053407358165600244,0.358941779607416,0.2459882063172,0.7401729582811315,0.6915578724363859,0.3685601029640543,0.6028473741851995,0.4279767080018787,0.9334782332025066,0.6516728161459591,0.14892758605457865,0.4196830571457299,0.2904697882834411
chemeleon__xgboost,3,4,612016888,0.9236011859336796,0.7346663110012398,0.037922624156066176,0.2730464132464256,0.1861182436105512,0.8674190918651403,0.5550536803185396,0.17845379041775847,0.4449012549186398,0.30770745093455815,1.0205594955024408,0.653447985010214,0.02486941705440194,0.15015635121827423,0.10656142651952363,0.7118559233069155,0.6943842854287557,0.33894674107398254,0.5857478475103901,0.416041351606934,0.880858924152044,0.6593880654396873,0.14504814317555226,0.3634629667234324,0.2541071181678917
chemeleon__xgboost,4,0,232150720,0.9374781558556028,0.7580626593930877,0.10171479365177724,0.3057774908179765,0.21379352933194049,0.8003501627694646,0.5989520967738754,0.22780772006714198,0.47980081585891426,0.3348530593241552,0.964263306644152,0.6011851098922301,0.12420533872471262,0.3171925479162896,0.21733541651111238,0.6850646107436356,0.6633049199399652,0.3918027919604643,0.6202936174073322,0.4473599423057484,0.8467890590032138,0.6553761964997895,0.21138266110102405,0.43076611800012815,0.30333548686823913
chemeleon__xgboost,4,1,2324106676,0.9895609055480293,0.7757923601733886,0.017552402852429542,0.15433029253293054,0.10646978134798794,0.9024841553632332,0.5616193451644609,0.07842057724384614,0.34749032030930754,0.23591242976954258,1.0132823755383686,0.623634553901495,0.008498365597349794,0.22011273439093818,0.14781963118195224,0.6969796628124133,0.6667493162658312,0.4156080226318864,0.6353805567547169,0.4501468459287614,0.9005767748155111,0.656948893876294,0.13001984208137796,0.33932847599697336,0.23508717205706106
chemeleon__xgboost,4,2,1658700540,0.9881576934294278,0.7156852228589177,0.09878541038526069,0.3590063146870387,0.24699025290169768,0.9311943778143327,0.45151841361836675,0.14647164382496003,0.4230395231565512,0.3002591113460341,0.9913712827388733,0.6588945519316224,0.04716725074049861,0.26880828558253056,0.1841576352123391,0.6528950768724997,0.6071867008817977,0.44402979248599617,0.6591252238865121,0.47644730218582243,0.8909046077137833,0.6083212223226762,0.18411352435917885,0.4274948368281581,0.30196357541147334
chemeleon__xgboost,4,3,609942288,0.9861800699263867,0.7308440431280571,0.1070653918126379,0.30357916427986614,0.20844107523561992,0.9513702569692969,0.5704342198128755,0.10743205127127455,0.3638796884260484,0.25050284629727915,0.933430610514588,0.5611026846480137,0.10449435324229997,0.41284398906752967,0.28412836281187515,0.7459132354209558,0.6892478286582315,0.35913357276085794,0.5786118223494985,0.41302487537585414,0.9042235432078068,0.6379071940617944,0.16953134227176758,0.41472866603073566,0.28902428993015705
chemeleon__xgboost,4,4,3405943863,1.0325312911790627,0.7044775096433783,0.040198676691701574,0.28763206060719654,0.19329133877539822,0.861734746725251,0.5500997606856396,0.17602441111431372,0.4434252863475622,0.30993871195236494,1.0223627691196608,0.6693531660740983,0.06180275229118487,0.25512758395567914,0.1752309638189465,0.6620922862649274,0.6653036039223794,0.4045704095773415,0.6384967901965799,0.46182951350119505,0.8946802733222255,0.6473085100813739,0.17064906241863542,0.4061704302767544,0.2850726320119762
chemprop_chemeleoninit,0,0,2684470948,0.7883875412504711,0.6590054097361588,0.2948648621590517,0.5275029724617273,0.37137991884892524,0.7113010720512997,0.52776904450625,0.36090086579988867,0.5834375096996,0.4111687371604241,0.9580366078313584,0.5985335031988949,0.16496204844362733,0.4170427188170808,0.28296186304211957,0.49103534655860465,0.5297021102416467,0.6053608924698222,0.7945810954766308,0.5973362177353275,0.7371901419229334,0.5787525169207376,0.35652216721809743,0.5806410741137598,0.41571168419669907
chemprop_chemeleoninit,0,1,4091952314,0.8722179044172848,0.6225281618992308,0.2278823807880343,0.48295784314209395,0.3371615623851629,0.5837758682625701,0.41574367965254316,0.4415787407955715,0.6529226310109133,0.477403270575647,0.9569560493130124,0.6232304488143768,0.11721095140362751,0.37395624521312026,0.25250178492570746,0.6102207129107592,0.5636109517323823,0.5149248957725147,0.7275898690392696,0.5404788380688245,0.7557926337259067,0.5562783105246333,0.325399242189937,0.5593566471013492,0.4018863639888355
chemprop_chemeleoninit,0,2,233227757,0.797198501136896,0.6824312296844843,0.2962798044198623,0.5295306918544868,0.37216976768490295,0.712247861397181,0.4611437779200616,0.28671208288247285,0.5789877011052802,0.4174937190226957,0.9722095973933633,0.5710648237978131,0.14361605308906802,0.4511943241181651,0.31365822069463384,0.6697772788735936,0.5684423668820596,0.5096079085246554,0.7398149090450402,0.5536813361032494,0.7878583097002585,0.5707705495711046,0.30905396222901466,0.5748819065307431,0.41425076087637047
chemprop_chemeleoninit,0,3,3276785861,0.7832492684117721,0.5854806248047706,0.311918362733322,0.5728676474398885,0.4056854325479541,0.6215620185118855,0.47787888498178277,0.4244953911060561,0.6803525108137155,0.5004459859041317,1.0446124963248897,0.6897501934888425,0.05365861595444334,0.38833983622265605,0.2680109689761922,0.4780603235397566,0.5490096173896517,0.5871971697816173,0.7772971534839227,0.5870184374928648,0.731871026697076,0.5755298301662619,0.3443173848938597,0.6047142869900457,0.44029020623028564
chemprop_chemeleoninit,0,4,3644269654,0.8891741613388273,0.6949889165505574,0.14811498892026362,0.4665232196101207,0.32718637183235144,0.6779990832359799,0.4469231040767684,0.3966628364838909,0.6145530287585081,0.44354599071366846,1.0637585930632911,0.6451740472213829,0.05992651648964005,0.37895896377762683,0.25597145711455244,0.6122705634100402,0.5864609053387918,0.550284531800672,0.7542833583957724,0.5624674494333753,0.8108006002620346,0.5933867432968751,0.2887472184236166,0.5535796426355071,0.3972928172734869
chemprop_chemeleoninit,1,0,1206282609,0.871486244161885,0.6248169699911146,0.241216230357387,0.5090743600872077,0.35740991607340206,0.6828650866603483,0.4859044524729109,0.34129807526668327,0.6332043319129471,0.45871238947988013,0.9476148357926176,0.664026349314782,0.15824281472276955,0.3910861938721448,0.26947683545931383,0.5041213491308932,0.56020375447543,0.5454118232379559,0.7620573728334534,0.5698945778472738,0.7515218789364361,0.5837378815635594,0.3215422358961989,0.5738555646764384,0.4138734297149675
chemprop_chemeleoninit,1,1,3543069911,0.9040377505924749,0.7092920835439055,0.23441697733426178,0.5911132756135385,0.4155041080610244,0.6416581625586035,0.46239062714024803,0.42373914920183803,0.6373450074482926,0.45733478435705,0.9645828553988515,0.5797446234241433,0.1131079858379468,0.39706558601429287,0.27202768697667484,0.5386955018140125,0.5348721535289617,0.5821985973038059,0.7796512914167718,0.5867955734307402,0.7622435675909857,0.5715748719093147,0.3383656774194631,0.6012937901232239,0.43291553820637235
chemprop_chemeleoninit,1,2,3479688010,0.8839108776790604,0.718854896629885,0.19146201651820927,0.491470546678421,0.3413017688679142,0.5478286578110553,0.4426173216260456,0.5354370711927058,0.7298256452256199,0.5367558149328755,1.0920388543794688,0.6364520320967919,-0.010077902747128976,0.376531242863728,0.256862774019205,0.4691185004179204,0.5504235655698129,0.6109696650269194,0.777886421384598,0.5904551021124567,0.7482242225718763,0.5870869539806339,0.3319477124976763,0.5939284640380917,0.43134386498311283
chemprop_chemeleoninit,1,3,877132087,0.9648493331364121,0.6703241740623572,0.19145357116533923,0.4746089196534235,0.3322402173106076,0.6545571250611353,0.436621615607755,0.38119984943082086,0.6272041286911003,0.4596889430697708,0.986497821006575,0.6463428918460373,0.10406783744667233,0.4130596233547198,0.2833810127637589,0.508527115695503,0.507871961845503,0.6082028848270956,0.7883116496437722,0.5921302334922994,0.7786078487249064,0.5652901608404132,0.321231035717482,0.575796080335754,0.4168601016591092
chemprop_chemeleoninit,1,4,1244265337,0.8946151251506241,0.6850371330317697,0.22208460229346386,0.549993172278269,0.3815805988777533,0.6767797050011155,0.44082219306233456,0.38392378397688975,0.6060769112740536,0.4372842706403575,1.0857127255633714,0.639873664216777,0.056572411207128866,0.4182616695059981,0.28554374371306496,0.559841925628412,0.5623798388304512,0.51065483437726,0.7263151870023785,0.5438547738431998,0.8042373703358807,0.5820282072853331,0.29330890796368564,0.5751617350151749,0.41206584676859387
chemprop_chemeleoninit,2,0,2740186692,0.8542142959494546,0.6602969113614529,0.2784793661537717,0.5120908534861406,0.35930274886931746,0.792785879482341,0.4668186692150114,0.22720848976404784,0.5268395695008877,0.3795715076313796,1.083036134923653,0.6292067925043452,0.008084880091197361,0.38282238889823456,0.26028198900597643,0.5096695518424862,0.5448691260471543,0.5840390341873842,0.7640071557584149,0.5684749806855163,0.8099264655494838,0.575297874781991,0.2744529425491003,0.5464399919109194,0.3919078065480474
chemprop_chemeleoninit,2,1,3884972972,0.8405455999880922,0.6216620379960072,0.24203469667249292,0.5040064742405573,0.3481951771357507,0.6536627468630704,0.4740873390146226,0.4088746102310582,0.6198108012665593,0.44665185693144044,0.8474571751545268,0.5950614431680535,0.1730438111589113,0.4554697583144873,0.3181202168902522,0.5961307648607449,0.562116751282647,0.5661025262904059,0.7664119866900808,0.5717114166193692,0.7344490717166086,0.5632318928653325,0.34751391108821705,0.5864247551279212,0.42116966689420315
chemprop_chemeleoninit,2,2,829139639,0.9185532544738018,0.6944255504904563,0.2493618857402323,0.5172887641873449,0.36611473588730414,0.6578019556892816,0.4449271029795356,0.36605024141331133,0.6697054443275193,0.48443984170362253,1.019859886216185,0.6717557957611049,0.14001050629258976,0.4424169316016659,0.3041243456321581,0.5214511642464363,0.5288422726996479,0.591975344660063,0.7811723138162541,0.5903217776418476,0.7794165651564261,0.5849876804826862,0.3368494945265491,0.602645863483196,0.43625017521623305
chemprop_chemeleoninit,2,3,2545567356,0.9592837674436271,0.6936096271368979,0.14727754299950524,0.4565923731910461,0.31422854893646485,0.7226515617241018,0.46365957822497683,0.41780459569268885,0.6180745702580506,0.4457647946379128,1.0284653795334757,0.6469974409441003,-0.0038849686063750707,0.38756223205666396,0.26110400372370013,0.5374126215193287,0.53789559980978,0.5496988862428738,0.7329612393274839,0.5510802629130381,0.8119533325551334,0.5855405615289387,0.2777240140821732,0.5487976037083112,0.393044402552779
chemprop_chemeleoninit,2,4,2718398101,0.8032593890800086,0.6920713935945203,0.29227348259555713,0.5582473807506885,0.3950385034079989,0.6918243266643131,0.46825973725124626,0.44515899486023275,0.6887441310306572,0.5038363720046849,1.1185429757496783,0.6359187494809603,-0.009594008248873189,0.3269654764793539,0.2206104721018288,0.5874828162137212,0.587815212926885,0.5347887310929368,0.7481134902677907,0.5506642556420078,0.8002773769269304,0.596016273313403,0.3156568000749634,0.5805176196321227,0.4175374007891301
chemprop_chemeleoninit,3,0,176092387,0.8470908927773141,0.6439396194219434,0.2560484935641573,0.5058607388338353,0.3546255064015703,0.6445274634775471,0.45554943643743867,0.4603032661490942,0.6667500364827825,0.4907549326384892,1.0731506505891548,0.6782653797677364,0.06440788056987855,0.35538427985321436,0.242137600735035,0.5129036764372619,0.5474184878980174,0.5767789508642837,0.77555256983554,0.5788385616774021,0.7694181708203195,0.581293230881284,0.3393846477868534,0.575886906251343,0.41658915036312416
chemprop_chemeleoninit,3,1,3528048386,0.8586299624414748,0.6725791655640773,0.19244026267046743,0.4344229256566034,0.30352685559890447,0.6342335892930638,0.4431042431475582,0.3738154907046062,0.6412446681319538,0.4574592757792779,0.9490452525217048,0.6368695526904186,0.08871898554191072,0.3608355316993291,0.2453862095723825,0.5520692691468696,0.5376040978686244,0.5809644452027494,0.757100124447543,0.5648491821031519,0.7484945183507783,0.5725392648176696,0.3089847960299334,0.5484008124838573,0.3928053807634292
chemprop_chemeleoninit,3,2,569531098,0.9545045252627169,0.6866462928134879,0.18254394194710785,0.4918956433379819,0.34105590421534043,0.7825175437016803,0.5029015811058611,0.3048057037709206,0.5563762043335428,0.3955482840612771,0.9592795223103836,0.6050037135711122,0.11798392165657492,0.4250962132019133,0.29159478350631524,0.5319875828759203,0.55434151095055,0.548549630097711,0.7575430255723155,0.5686537140045583,0.8070722935376753,0.5872232746102528,0.28847079936807857,0.5577277716114384,0.39921317144687274
chemprop_chemeleoninit,3,3,1337295874,0.8641183661969529,0.6795199116310761,0.2075737616232422,0.5187457322359125,0.36423085897562474,0.6981301336247447,0.46642090177232487,0.3898393069638303,0.6101735197914084,0.44192909108854594,0.9635039293430613,0.5617005551943498,0.12656007904071193,0.42043721622829466,0.2846547305914488,0.5242087137930581,0.5450712539766867,0.5674241327890733,0.7587168386854551,0.5692421346553196,0.7624902857394543,0.5631781556436093,0.3228493201042144,0.5770183267352677,0.4150142038277348
chemprop_chemeleoninit,3,4,612016888,0.8425844701240708,0.6785963907916474,0.2324439294070219,0.5044894964825547,0.3512236335652224,0.6654214760946692,0.4658301322109496,0.3857943974842721,0.6207919653001881,0.4527832115442875,0.9832306526347788,0.636341196985663,0.1501685985199027,0.43187250628277696,0.29762121445449463,0.5409085025332117,0.5654629069295694,0.5391786596408172,0.7362246454773045,0.5496584227333896,0.7580362753466826,0.5865576567294574,0.32689639626300343,0.5733446533857062,0.4128216205743485
chemprop_chemeleoninit,4,0,232150720,0.8700913933907533,0.7143792078217915,0.24151760496013522,0.523343389320199,0.36344728393757836,0.6160912011888535,0.5052163342664244,0.38478631866570784,0.6741538393623515,0.4883435348785534,1.04533239318875,0.6372801343428538,0.07479990454670636,0.3351057543038398,0.2270649875621963,0.5069078132126144,0.5553255272905852,0.5485852163559469,0.7590767205038884,0.5711850665163863,0.7596057002452428,0.6030503009304138,0.3124222611321241,0.5729199258725697,0.41251021822367856
chemprop_chemeleoninit,4,1,2324106676,0.8972936519306629,0.7100196953830232,0.04463648854722355,0.4199546651558874,0.29885862328787427,0.5833017918528272,0.4287832024731068,0.46667673874842663,0.6676248318903558,0.48860678778076033,1.0320048652951253,0.6219288033614784,0.13244725119433728,0.4097350128563574,0.285858155950627,0.613533412416559,0.573850018730784,0.5364152374554666,0.7351529908332458,0.5524343693707898,0.7815334303737935,0.583645429987098,0.29504392898636356,0.5581168751839616,0.40643948409751285
chemprop_chemeleoninit,4,2,1658700540,0.7856681090753247,0.6103363772093964,0.3171471088558707,0.5690238141786289,0.4004586289300126,0.842554513560111,0.4103610215657101,0.32288002327469956,0.6008301645510741,0.43414783282907354,0.92386281120558,0.6217966582989284,0.17231655232905613,0.4790062503868112,0.330747771689737,0.5840881247165166,0.5259852807378308,0.5723303302464305,0.7589674030426332,0.5693029644329588,0.7840433896393831,0.5421198344529664,0.3461685036765142,0.6019569080397869,0.4336642994704455
chemprop_chemeleoninit,4,3,609942288,0.8343385751021194,0.6603177002051672,0.20954260047754278,0.5094529998986469,0.3579279709087414,0.7126221127414942,0.48761968984937737,0.3170495414370807,0.559906470195341,0.39899447843874847,1.006266494715846,0.5757939782139823,0.15217359413365947,0.488092078271022,0.3363841123748329,0.5232888473438843,0.553936267148326,0.5520513075884579,0.7527688130636253,0.5632236451145598,0.7691290074758359,0.5694169088542133,0.30770426090918523,0.5775550903571589,0.4141325517092206
chemprop_chemeleoninit,4,4,3405943863,0.9321713658176711,0.6473766558347209,0.2109546487258211,0.4851619553693714,0.33785483338515154,0.7585818729697272,0.5043799895346,0.34844792328254365,0.5826825978778319,0.42112842512187637,0.9926253430572154,0.6566282545994406,0.10125471517190322,0.3301380663115431,0.22684480289110595,0.5676830029011213,0.5744767402236344,0.558902440730089,0.7683071718321752,0.5674522045639757,0.8127653961864338,0.595715410048099,0.30488993197758923,0.5415724478477305,0.38832006649052736
chemprop_randominit,0,0,2684470948,0.9180971232650482,0.749287704843935,0.09901384922179154,0.4510931769409047,0.31290595617423317,0.8110480120619554,0.5638484809534848,0.1914506755693859,0.5497092037038275,0.38962284654325047,0.9215819547241351,0.5843540276675254,0.14626123359807755,0.41422902687058366,0.28795664191607123,0.7265862913093132,0.6816556351866733,0.42438626603176993,0.698147388854438,0.5085244165546466,0.8443283453401129,0.6447864621629046,0.21527800610525621,0.5282946990924384,0.37475246529705036
chemprop_randominit,0,1,4091952314,0.9517403316349211,0.6679921120893992,0.08723864928612975,0.4354449423498618,0.30469688384481464,0.6039367189939991,0.42624876107525533,0.4379486193997666,0.654070466516405,0.4815909819751634,0.9249418897390583,0.6092745223276302,0.1305820729113251,0.36500608768920656,0.24866317308645491,0.5710711825166911,0.5632813511915918,0.5452773299781547,0.7377546357301955,0.546426523650812,0.7629225307211673,0.5666991866709692,0.30026166789384406,0.5480690330714173,0.39534439063931126
chemprop_randominit,0,2,233227757,0.8426033613925528,0.7121367528364634,0.2448848181704996,0.5398288043594517,0.3772495434552377,0.8714242006564333,0.5062742979196211,0.04244265123840985,0.5563718068187511,0.39623913255636045,1.0177138311628955,0.5929261951865233,0.07148798804788824,0.4351379419180049,0.3028065379218121,0.6745095559286033,0.574015905716388,0.4632957310852671,0.6873406127512078,0.5034957387814888,0.8515627372851212,0.596338287914749,0.2055277971355162,0.5546697914618539,0.39494773817872475
chemprop_randominit,0,3,3276785861,0.8923301293796563,0.6353234152685555,0.1667668759158612,0.5008552288488773,0.34823217925790273,0.6508644151664952,0.4954539915064959,0.37048796683083796,0.6205309726935573,0.44883737070810864,1.0258320816059325,0.6808641749621801,0.022163555893141222,0.3416120823020722,0.2346791320262155,0.6004026458410371,0.6325397871889638,0.4314979647969842,0.7275343712973155,0.5366515760138637,0.7923573179982802,0.6110453422315488,0.24772909085920614,0.5476331637854556,0.3921000645015226
chemprop_randominit,0,4,3644269654,0.9478595194044773,0.715799430404125,0.08417991902710237,0.4640682420226997,0.328602073488363,0.7870116641250272,0.4779729659361066,0.3085986454407365,0.5876880371867802,0.4179215157950145,1.0395295805467675,0.6409723834090496,0.13464804033154731,0.41082416176511305,0.28246842454474697,0.6176737325182151,0.6348464102862268,0.49086864308732714,0.7175865581538139,0.5219204340149917,0.8480186241486217,0.617397797508877,0.25457381197167833,0.5450417497821017,0.387728111960779
chemprop_randominit,1,0,1206282609,1.0403078916176713,0.7100833670472465,0.07222767581710059,0.3945687759634406,0.27049136645890415,0.7186408253796958,0.4819834643365385,0.37337274510808505,0.6468342439915082,0.46263105117060666,1.034660761504521,0.705820448856519,0.08100751843436599,0.3776708245116902,0.26027941920290615,0.6312024927447438,0.5822159685608072,0.5203750692850557,0.7430855373443922,0.5497883037143119,0.8562029928116581,0.6200258122002777,0.2617457521611518,0.5405398454527578,0.3857975351366822
chemprop_randominit,1,1,3543069911,0.9722544923268868,0.7361480361943746,0.11595834037342698,0.5260108070542373,0.3625161074032524,0.7151288569183402,0.4900588745185764,0.28590439231146714,0.6151039699284978,0.44537758469094896,1.236265077600684,0.68898189521445,-0.0760567816833831,0.3484857654688626,0.2374289625173672,0.5893547173651557,0.5682242424616599,0.4804483378372622,0.7647361700184113,0.5695942378063394,0.8782507860527666,0.6208532620972652,0.20156357220969326,0.5635841781175023,0.403729223104477
chemprop_randominit,1,2,3479688010,0.8296101303872347,0.6988970991702125,0.22541179838412834,0.4682537295845454,0.32691235743812447,0.5677990880781909,0.4722892017130874,0.4413932216439147,0.6887764042295933,0.4999740246130728,0.9210931449115801,0.5712549962789472,0.11760308116239658,0.4373614291614466,0.303013174624146,0.5418083418296825,0.6115197312552115,0.5349016052808219,0.7631836597984069,0.5698960717201762,0.7150776763016721,0.5884902571043646,0.3298274266178154,0.5893938056934981,0.42494890709887984
chemprop_randominit,1,3,877132087,0.952592365069019,0.6788239818985555,0.16275942200068827,0.4412708122318802,0.3024133881180315,0.7623226259486717,0.4773346502992332,0.2758768984472314,0.5455736058535565,0.39013327909826107,0.9675535233819762,0.6314788678871017,0.12295083234995494,0.44993660593010615,0.3113585187090693,0.6815408886243848,0.5963196777718527,0.4403898957891214,0.6975835748838902,0.5097414637506635,0.841002350756013,0.5959892944641858,0.25049426214674897,0.5335911497248582,0.37841166241900637
chemprop_randominit,1,4,1244265337,0.865066393783508,0.678195670574928,0.15848442695788312,0.4617767022912227,0.3191560714524899,0.73222687982736,0.46041446698551913,0.3042092602795901,0.5582985044113569,0.40168272991517573,1.0216452032609662,0.6199121341862683,0.09683869151561322,0.34883636832856935,0.23113297895497287,0.6151669700211908,0.620861217615462,0.42122953795588935,0.6559326738113559,0.4806771632221118,0.8085263617232563,0.5948458723405443,0.24519047917724396,0.5062110622106262,0.3581622358861876
chemprop_randominit,2,0,2740186692,0.8726717820993505,0.6723102880261849,0.19623945879146015,0.4693146067941964,0.32510867496272483,0.8020716224958819,0.48941644639572895,0.1916828945707125,0.5256590755428303,0.37358175542012817,1.1238265881795255,0.6455241308416417,0.011508898114645385,0.3314825694810807,0.2241029483665909,0.6528163624623551,0.6446588453328752,0.4359780828129453,0.6651009087654297,0.47647218493451565,0.8628465888092782,0.6129774276491077,0.20885233357244085,0.4978892901458843,0.3498163909209899
chemprop_randominit,2,1,3884972972,0.9163735156744273,0.6594878876468835,0.15566077239222442,0.453145469928472,0.3141299191884841,0.6568258513018814,0.49271045947961084,0.34041296566490986,0.6336053084262137,0.4576138999245087,0.9852905531316493,0.6639811961310702,0.0661914084043623,0.3516752223314348,0.23924980704837298,0.5599491898589171,0.5757114191191458,0.5410518226171833,0.744483762184688,0.5510301056395186,0.7796097774917188,0.5979727405941776,0.27582924226967,0.5457274407177022,0.3905059329502211
chemprop_randominit,2,2,829139639,0.8967736812590671,0.6927222131690336,0.2040624232797998,0.46000219157205413,0.3214395789746312,0.8247138872812824,0.5091497181473013,0.13064024214040598,0.536663521099671,0.383852880449025,0.9082567920921634,0.6245746841026434,0.1921432925494602,0.4608177040263124,0.32093950652347464,0.757902059825386,0.6679094328980739,0.35382815757568636,0.6577506074993033,0.4764692292014735,0.8469116051144747,0.6235890120792631,0.2201685288863381,0.5288085060493353,0.3756752987871511
chemprop_randominit,2,3,2545567356,0.9619179186110369,0.7027898010119401,0.10603782524770579,0.40750137352824184,0.27948478792674286,0.7711618221727167,0.4868291103387374,0.3319538372359265,0.5538727978250911,0.39361293885509663,1.0741750752679895,0.6636384710634448,-0.015912768671625784,0.30779233959682756,0.20563028790505267,0.6763303908510566,0.6578138331651218,0.37020940309138645,0.675636935151552,0.4931082850974411,0.8708963017256999,0.627767803894811,0.19807207422584822,0.48620086152542813,0.3429590749460833
chemprop_randominit,2,4,2718398101,0.8566047694428256,0.7240784371142251,0.19138805752456206,0.44979355080920747,0.3124723792962843,0.836722546607103,0.5315717357241642,0.30240870238708034,0.586904474740452,0.4257292861376199,1.1077044065578296,0.6258108945141523,0.038429803662109054,0.27897709332636245,0.189392385840883,0.6856324813258105,0.62501116026295,0.4574957157267685,0.6970046088974448,0.5087784640274433,0.8716660509833922,0.626618056903873,0.24743056982512995,0.5031699319433667,0.35909312882555766
chemprop_randominit,3,0,176092387,0.874692153214213,0.6558255744459576,0.24910164267255772,0.5281963910716381,0.36586283027146793,0.7343312482328199,0.4808520074554312,0.3656897984999433,0.6718703384150336,0.4955494398155804,1.0834328668229178,0.6768583621257431,0.05476940784204533,0.38521951546702554,0.2590082348491756,0.5411284513102452,0.5590282553226044,0.5614109906794361,0.7775844159857067,0.5798167800344851,0.808396179895049,0.593141049837434,0.3077429599234956,0.590717665234851,0.42505932124267726
chemprop_randominit,3,1,3528048386,1.0491739411739727,0.7611881084968198,0.017732116299861354,0.4106711755054955,0.28936153510721196,0.6577413951579176,0.4481990857900723,0.3768638295837229,0.6314434592506406,0.45363319641231425,1.1929331970475503,0.7381012742838604,-0.14508410518898263,0.3569115839357851,0.24497380616594017,0.7595320939878466,0.6598790990874558,0.3838025214037321,0.6926410045702002,0.5040201544968388,0.9148451568418218,0.6518418919145521,0.15832859052458337,0.5229168058155304,0.3729971730455763
chemprop_randominit,3,2,569531098,1.0368527828955965,0.7312992508442976,0.09025320426415546,0.47069732290174965,0.3205574518372393,0.8454334997573764,0.5382590331941707,0.035819015498541946,0.4981332404458415,0.35520162525634674,1.1213703823175676,0.6764107030120468,-0.030467317385443855,0.3158315764349065,0.2158396665097192,0.5379174811977245,0.5555230241428091,0.5639043227883548,0.7674268514027041,0.5741605902287222,0.8853935365420663,0.6253730027983311,0.16487730629140204,0.5130222477963005,0.3664398334580069
chemprop_randominit,3,3,1337295874,0.9980006865551135,0.7294359417154747,0.1357621337977603,0.4902065874726809,0.34469393618675775,0.7313952388367602,0.4906148949257005,0.3316997210095992,0.6140926191867858,0.44001324403127634,1.1605550401892293,0.6417988200720859,-0.06082628401862369,0.29049297672325897,0.19627444098522773,0.603888921756634,0.6198016529657052,0.4611350276456231,0.7173499812187815,0.5304568880373012,0.8734599718344344,0.6204128274197416,0.2169426496085897,0.5280355411503768,0.3778596273101408
chemprop_randominit,3,4,612016888,0.9057732275700621,0.7098241376780171,0.20042907217682807,0.41666962772838134,0.28868979464049355,0.6848310271890503,0.47515952327929495,0.31464187320409065,0.5944141089164519,0.4323252422156548,0.9453958879106982,0.6135772363166341,0.1256377265483279,0.44046457047829135,0.2983826225421079,0.6524974448031565,0.6363647874572059,0.38189663698499776,0.6541727357581747,0.4758341451160629,0.7971243968682419,0.608731421182788,0.2556513272285611,0.5264302607203247,0.37380795112857984
chemprop_randominit,4,0,232150720,0.9625989542246006,0.7623208793441449,0.0859256513217932,0.5154200557872498,0.35820578808163756,0.7074689912193703,0.5450488480484327,0.09700380956007457,0.6371790616553491,0.46039816748385626,1.0515801972703311,0.6389055565689626,-0.044773215692159786,0.3557902407480326,0.24424372565397948,0.6519361235360865,0.6165565442622614,0.3762853547996891,0.7253043311429398,0.5367344720773178,0.8433960665625971,0.6407079570559504,0.12861039999734925,0.5584234223333928,0.3998955383241978
chemprop_randominit,4,1,2324106676,0.9808679737522167,0.76973605003899,0.06135931899965491,0.38479975071918626,0.2680389591624739,0.6906739521030903,0.47972121210183205,0.35944288981567335,0.6425558834536774,0.4648941249358134,1.1496950507535293,0.6720344289312259,0.004100516138527346,0.36866067969766214,0.2564991216186123,0.5649689580495529,0.5640504992019956,0.5348507349278125,0.7334249995441883,0.5521620130375472,0.8465514836645973,0.6213855475685109,0.23993836497041704,0.5323603283536786,0.3853985546886117
chemprop_randominit,4,2,1658700540,0.8415706238049913,0.6458675221619888,0.22801019698090375,0.4591813415530891,0.31798556125464666,0.8629107104091548,0.43129562024919743,0.24855113782671748,0.524776906707169,0.3780915259446884,1.0581805618893305,0.6788661313710529,0.0730215052063098,0.43313323164143447,0.2990602963686291,0.7414429095213444,0.6266158636201736,0.4234428785714057,0.6914680068883088,0.5059402370641134,0.8760262014062052,0.5956612843506032,0.2432564296463342,0.5271398716975003,0.3752694051580194
chemprop_randominit,4,3,609942288,0.8916485392784128,0.6972922147497425,0.09563660182715243,0.448141002315934,0.3135804990756433,0.7481118025258298,0.4978513700785623,0.27656121422274815,0.5419479322512452,0.3870982253804326,1.0410074314722209,0.5931229652280815,0.11009141223740891,0.44359231986103287,0.3045208496023789,0.6631281338622532,0.6741242131801409,0.3943747633212529,0.6625845413941331,0.47903479563420054,0.8359739767846792,0.6155976908091317,0.2191659979021406,0.5240664489555863,0.3710585924231638
chemprop_randominit,4,4,3405943863,0.9458198002368088,0.6479755961596356,0.166152718671524,0.49124384322930525,0.34360701025017937,0.8295980317793099,0.5502644236604182,0.2134398200519284,0.5262973794133727,0.3776475543059225,1.0296120184644675,0.6675176976682136,0.03718605093467286,0.31004661423495355,0.2105492498717316,0.5957388919533494,0.6234349429481313,0.4830803558012968,0.7312966434678992,0.5349706741866013,0.8501921856084839,0.6222981651090997,0.22496473636485553,0.5147211200863827,0.36669362215360873
ecfp4_narrow__lightgbm,0,0,2684470948,0.8547823857975954,0.7077432515693264,0.18760654530013257,0.43686816294301933,0.2997787628958859,0.7637214416611458,0.5612653414881891,0.2802793607180679,0.5391857621735925,0.37210172887003595,0.9891118082949346,0.6138416835245017,0.08678901116347548,0.3076081880396494,0.21109994440433885,0.5745490293092893,0.5798429156508685,0.5338500344004408,0.7262414061357837,0.5342228683275373,0.7955411662657412,0.6156732980582215,0.2721312378955292,0.5024758798230112,0.35430082612444946
ecfp4_narrow__lightgbm,0,1,4091952314,0.9047810464329649,0.6531411299199167,0.13437493546435234,0.43150211075002176,0.28905523350833584,0.7314911357419398,0.4694342961735933,0.2704020600710039,0.5140948087520583,0.3702380985755322,0.9498205429143127,0.6192575174160391,0.09863745183033916,0.2712887996686467,0.17940594362555407,0.5916411074934811,0.5879031794881301,0.4917234887903683,0.706008596847648,0.5196560725469607,0.7944334581456746,0.5824340307494198,0.24878448403901593,0.4807235790045937,0.3395888370640957
ecfp4_narrow__lightgbm,0,2,233227757,0.8027005730298195,0.6941553207662777,0.22790084888983264,0.4992161225951623,0.35096970474324884,0.8166550917638197,0.4838840554449988,0.21839604625915546,0.5118381334253825,0.36464212717635813,0.9062201963309443,0.5516374630096825,0.12132216864741102,0.36865714337449174,0.2556522605553362,0.6288345277477896,0.5707436043321874,0.4627729446990422,0.6901868325902041,0.5058139526385524,0.7886025972180932,0.5751051108882866,0.25759800212386036,0.5174745579963101,0.3692695112783739
ecfp4_narrow__lightgbm,0,3,3276785861,0.9304807607916035,0.6641523004714087,0.13837844194795643,0.4104661523270188,0.28395674358405093,0.7512989331804816,0.5156483726346023,0.29662402038586505,0.5576700388627202,0.3924756934565692,0.9225749587413604,0.6342553331226403,0.13402740254357076,0.3933853725191587,0.26946555148125545,0.5360309032082928,0.5635672661865351,0.5960728499934161,0.7663658182093509,0.5740427690290208,0.7850963889804345,0.5944058181037966,0.2912756787177021,0.5319718454795621,0.3799851893877241
ecfp4_narrow__lightgbm,0,4,3644269654,0.8857253602025473,0.6902396247071577,0.18806346489520664,0.45730748259158754,0.3172526255675065,0.8291780929554423,0.5064136005005975,0.2477135491192513,0.47924849719499857,0.3344725206850083,1.0062830907254872,0.6292862973461086,0.10359082181918931,0.3006276233645847,0.20628399156483246,0.5387694933586202,0.5790295825340733,0.5559114042365717,0.7409523353374188,0.5498731205424622,0.8149890093105242,0.6012422762719843,0.27381981001755473,0.49453398462214737,0.35197056458995235
ecfp4_narrow__lightgbm,1,0,1206282609,0.903082702060826,0.6470871782116447,0.15311159985697112,0.41245497173869444,0.2879243668485501,0.6700560472982939,0.4865202010269058,0.35038989919882163,0.610934281358104,0.4325272886572958,0.9390274002328032,0.6617638750592425,0.1285123350096817,0.3569331481114494,0.24679469955583888,0.5547639750866357,0.5713233523872778,0.5386543567754771,0.7289159408957173,0.5329566210991674,0.7667325311696398,0.5916736516712677,0.2926670477102379,0.5273095855259914,0.37505074404021305
ecfp4_narrow__lightgbm,1,1,3543069911,0.9103466772745451,0.7220709634748805,0.1749043653392429,0.44024858836225217,0.30376009947848553,0.7626206985665259,0.5115990042161965,0.2723329805160033,0.5016168051164867,0.3569293363586151,0.9648636105550277,0.5803409501357679,0.07054512640475737,0.301423695278212,0.20497626505902194,0.542256302894584,0.5289254677819432,0.5980253121802158,0.7724458552472584,0.5757918238086628,0.7950218223226707,0.585734096402197,0.27895194611005486,0.5039337360010523,0.36036438117619635
ecfp4_narrow__lightgbm,1,2,3479688010,0.8246213244993197,0.7013759597754451,0.2003309421929597,0.46234792236030287,0.32703781263267795,0.7158959880857236,0.5067243743635093,0.33955400591911633,0.5880979408642214,0.4143594372338707,0.9273199879886331,0.575713763728232,0.11329277326542744,0.3504262788587914,0.23951860829991306,0.5609091394360353,0.6071751983098936,0.5420337797447684,0.7240285978118672,0.5386425512997013,0.7571866100024278,0.59774732404427,0.2988028752805679,0.5312251849737958,0.3798896023665408
ecfp4_narrow__lightgbm,1,3,877132087,0.8846156172125023,0.6506307741556396,0.17936773940185252,0.44500228526224056,0.30544574315098316,0.8522204600765121,0.5098072142170709,0.20133973876348613,0.4563333559403474,0.32422243459542854,0.9418136757764528,0.6267759384600745,0.10377819363851519,0.3077118219880941,0.20843320611298413,0.578496741252288,0.5468541249568909,0.5544429642678304,0.7356157591017528,0.5442194490006214,0.8142866235794387,0.583517012947419,0.25973215901792107,0.48616580557310873,0.3455802082150043
ecfp4_narrow__lightgbm,1,4,1244265337,0.8122469832908086,0.6694038367124522,0.21124602311048635,0.4952019358463414,0.3455341944027338,0.7801130150547514,0.47531818569712725,0.2814537649671657,0.5061102630950258,0.3600012961578869,1.0073864312503003,0.6063064301512924,0.06752116836142034,0.3301490981006267,0.2245947100043666,0.6269813439274244,0.6183127624089522,0.438543108517104,0.6714375338412863,0.4909541540866903,0.8066819433808212,0.592335303742456,0.24969101623904408,0.5007247077208201,0.3552710886629194
ecfp4_narrow__lightgbm,2,0,2740186692,0.891604330890154,0.6829298377839559,0.16349617413047618,0.4406196632673202,0.30285112935256103,0.8381552758752279,0.4933470762315543,0.20130200779528068,0.45835633788926156,0.32344787095525707,0.9662024593975517,0.5775511547050137,0.08006655013657042,0.3181551368297834,0.21597023035809437,0.5505017970744104,0.5641816433123832,0.5377330641291256,0.7359521788884295,0.5465257874991192,0.811615965809336,0.5795024280082267,0.2456494490478632,0.4882708292186987,0.34719875454125787
ecfp4_narrow__lightgbm,2,1,3884972972,0.902624815231665,0.6530269722942449,0.1622071821416908,0.43818172620647566,0.3037174398942518,0.7210815413889712,0.5145350502070265,0.28567490216510416,0.5569890900411885,0.392758061609872,0.9197338741950231,0.6304020103740905,0.11097951795004032,0.33854280401092174,0.23067208366343248,0.5326142501094777,0.5579103608970035,0.5917704355692267,0.7635125366861938,0.5643201983160901,0.7690136202312842,0.5889685984430915,0.28765800945651554,0.5243065392361949,0.37286694587091157
ecfp4_narrow__lightgbm,2,2,829139639,0.9086374558562175,0.7106092392193347,0.16684691753295214,0.401531280242765,0.2786566818048891,0.8348044835645883,0.5193942712317955,0.21516024171754478,0.5098623559204857,0.3590508406052687,0.9492042381293982,0.6397708941351851,0.09662825360493792,0.3006552952660221,0.20426053241287886,0.6010267004283679,0.5579268235686454,0.5560569378069331,0.7271865456147125,0.5361724634448259,0.8234182194946429,0.6069253070387403,0.258673087665592,0.4848088692609963,0.34453512956696564
ecfp4_narrow__lightgbm,2,3,2545567356,0.9112767132348094,0.6707020616036226,0.1745253476437991,0.4606832856080524,0.3143430166844466,0.7753336529527804,0.4822945750682765,0.32268112671741955,0.5372848373535324,0.3809329290788099,0.9571665212151129,0.6161265755815,0.08116296627442525,0.26605501107968244,0.1796672652806756,0.57903804980506,0.5643352222413298,0.5266731896598923,0.7089767544130133,0.5236336409743787,0.8057037343019406,0.5833646086236822,0.276260657573884,0.4932499721135701,0.3496442130045777
ecfp4_narrow__lightgbm,2,4,2718398101,0.8358032550553826,0.7228687648358594,0.1399434738476956,0.4054649954956498,0.27999010120955903,0.6824090721025683,0.5020389110028525,0.373711525023521,0.6139351038639747,0.43392820459767906,1.0023962864482099,0.5928731206402416,0.04977156482373383,0.2502013924974065,0.1700071853528066,0.5498344666810446,0.5791785167211234,0.5278453141459907,0.7197869086026559,0.5335513474811174,0.7676107700718015,0.5992398283000192,0.27281796946023523,0.4973471001149217,0.3543692096602905
ecfp4_narrow__lightgbm,3,0,176092387,0.793282519103023,0.630909456806836,0.24772686869723518,0.5361986236604691,0.373698176417545,0.6899526246342862,0.4922210693722985,0.3844054891241713,0.5994889318284701,0.43029896915110444,0.938545883341965,0.6150813619235201,0.15716617865617755,0.3527660573964192,0.24322469243824224,0.5907942261546428,0.602706731014251,0.5001236123904762,0.7155499118290465,0.5235825587056689,0.7531438133084792,0.5852296547792264,0.32235553721701504,0.5510008811786011,0.39270109917814017
ecfp4_narrow__lightgbm,3,1,3528048386,0.9045386336077235,0.6997404585565475,0.1791942106111316,0.41482860693519047,0.2891517316712863,0.7370910968319184,0.4750025136844724,0.3047198933201499,0.5331953714290935,0.3728887111402397,0.9615408438495601,0.6412149887684387,0.07555998808108155,0.3177108120143988,0.22173756305391798,0.5972064249467682,0.5619409308474864,0.5515687418336302,0.7353185307417285,0.5415713417390796,0.8000942498089926,0.5944747229642363,0.2777607084614983,0.5002633302801028,0.35633733690113095
ecfp4_narrow__lightgbm,3,2,569531098,0.9518924718492635,0.6917133136654329,0.13994589017584708,0.4186594565494945,0.2868895050227282,0.8521862045362782,0.5340202231791721,0.23196695930840797,0.474933005383178,0.32881405942590963,0.9700087575845822,0.6093929039557742,0.0858809338007201,0.35336061523390905,0.2404520008483855,0.5064850935811974,0.5316502175086614,0.5860789805166647,0.7713618098403484,0.582563731927933,0.8201431318878304,0.5916941645772602,0.26096819095040996,0.5045787217517326,0.35967982430623907
ecfp4_narrow__lightgbm,3,3,1337295874,0.9260727402888386,0.7092321376615155,0.1626664179606695,0.4661994106764812,0.3204185667617964,0.8307436372157673,0.5202916024714033,0.22161514093072845,0.5018797108721754,0.35034846148801446,1.0287697228535702,0.5912882899224668,0.05152134716822201,0.26515065384054054,0.17748620175369714,0.5824532727420684,0.5825818806946486,0.5388246867855062,0.7199872528684346,0.5295714766076018,0.842009843275061,0.6008484776875085,0.2436568982112815,0.48830425706440794,0.34445617665277745
ecfp4_narrow__lightgbm,3,4,612016888,0.8327712860497246,0.6818141053770983,0.2039195386790532,0.4652695952562652,0.3222943523637084,0.7257638425504864,0.5046279358526432,0.3011225907661486,0.5124804865511216,0.36181563076787693,0.9178681481018205,0.6063387763082805,0.15172687476025792,0.34654545204408405,0.23855592337099069,0.6023993032531643,0.6005961978436027,0.4753940430812359,0.691132785504326,0.5100226704099324,0.7697006449887989,0.5983442538454062,0.2830407618216739,0.5038570798389492,0.35817214422812715
ecfp4_narrow__lightgbm,4,0,232150720,0.863809055492689,0.7149359491122329,0.1975384892028858,0.4604422345755305,0.31831932565014315,0.7372608316715344,0.5585366534954008,0.3198778087461337,0.5611172850276239,0.39166803081598156,0.9782297768317187,0.6080615893126973,0.07528595217495268,0.2872074702671701,0.19644515005946148,0.61869173739495,0.6096287259306638,0.48927460295115605,0.6978735466587886,0.510219177428926,0.799497850347723,0.6227907294627487,0.27049421326878204,0.5016601341322783,0.35416292098862806
ecfp4_narrow__lightgbm,4,1,2324106676,0.8595699064776583,0.7026722533281479,0.15804577424579927,0.4141858780624792,0.29076391077324654,0.7179177931011358,0.47876376021241945,0.3332895509549322,0.5695271242942977,0.41022754180508925,0.968484734238034,0.6051621303176719,0.11310939940887066,0.3117975410032878,0.2150115240898941,0.528293794786293,0.5505048570929573,0.5655878544425782,0.7518610101006348,0.5616071059132045,0.7685665571507804,0.5842757502377991,0.29250814476304504,0.5118428883651749,0.36940252064535856
ecfp4_narrow__lightgbm,4,2,1658700540,0.8072320799756437,0.6322312668637798,0.23481859185750623,0.5063862644936045,0.35520439999022124,0.9735248501662582,0.4652351618007629,0.13993805581531138,0.4563144919938919,0.3187388467953309,0.9362499503769286,0.6281154630728008,0.12231118780109887,0.3548508506336103,0.24171747771716356,0.5318957294949547,0.523355547471772,0.5940810138373256,0.7681636295490161,0.5751402930886447,0.8122256525034464,0.5622343598022789,0.2727872123278105,0.5214288091675306,0.37270025439784005
ecfp4_narrow__lightgbm,4,3,609942288,0.8635942390187982,0.674935300674977,0.2158614758527346,0.45802443457463904,0.3197012856635438,0.7846552755755145,0.5094356266200064,0.270077932992513,0.5463212579883377,0.38008838047320465,0.9526842408415608,0.5607404183288819,0.1310739788879817,0.38745564056491766,0.26784140929779265,0.6096875653884993,0.6077015470938227,0.4839627792675836,0.6845713256576299,0.5003803588550516,0.8026553302060933,0.5882032231794219,0.2752440417502032,0.5190931646963811,0.36700285857239817
ecfp4_narrow__lightgbm,4,4,3405943863,0.911383184278957,0.6478556720769295,0.1874542707263541,0.4453501000031313,0.3071686219999206,0.8298380947107628,0.5350728213331355,0.26453429753639696,0.5045085200330237,0.35168254041544256,0.9940135619037183,0.6558125260181773,0.07998601302194228,0.24151841094448045,0.163156006658205,0.5508215080069727,0.5764688946928894,0.5461314213424294,0.7468246181320423,0.5484902206346001,0.8215140872251027,0.603802478530283,0.2695265006567807,0.4845504122781694,0.34262434742704206
ecfp4_narrow__rf,0,0,2684470948,0.8234644257902826,0.6927756588203101,0.21337038837722574,0.4636142231969343,0.32461437159919887,0.6907044700647033,0.5185485432659949,0.3735983790137023,0.6032639450957715,0.42972644757087225,0.9506844646599824,0.5978294363280215,0.09288068698717818,0.3354146498740994,0.22753878637677702,0.6125736882206677,0.6021193947936812,0.5057449082355883,0.6963264571466578,0.5083102886710557,0.769356762183909,0.602818258302002,0.29639859065342367,0.5246548188283657,0.372547473554476
ecfp4_narrow__rf,0,1,4091952314,0.9312064034328231,0.6629224893821142,0.10875037148500918,0.38363070763953033,0.261276845593709,0.6816910323710128,0.44791286180361145,0.3248273649370228,0.539455087107131,0.389649164553717,0.9962071906339376,0.6420314450745254,0.09239048090564345,0.257722790762466,0.1734766802572854,0.6064565422058594,0.5907941364871494,0.47831609378955453,0.6901554353681016,0.5116015688842002,0.8038902921609083,0.58591523318685,0.2510710777793075,0.4677410052193072,0.3340010648222279
ecfp4_narrow__rf,0,2,233227757,0.8257224081490456,0.6987265738073473,0.22649776666876784,0.47461500951881924,0.32956074526793955,0.7883984678912203,0.486067451357233,0.23447366346619605,0.5242550023536162,0.3755435081099839,1.0037894271709291,0.5889354346267817,0.04789750044817005,0.23686202548729887,0.15967684801331353,0.6441585443710077,0.5907181481103296,0.4353874387121288,0.6642576749142195,0.48376981742633085,0.8155172118955506,0.591111901975423,0.2360640923238157,0.47499742806848844,0.337137729704392
ecfp4_narrow__rf,0,3,3276785861,0.8411789633692554,0.6130090202648584,0.2536338441190407,0.5076229284214304,0.3515801887809271,0.7354605522982293,0.517252737794478,0.2852259643004229,0.5292159283311464,0.3756616287007168,0.9698456320477974,0.6574578907958571,0.07174978532273285,0.2902851863822516,0.19955530873884517,0.583672089477212,0.6024522639285061,0.5476134907660674,0.7360265284180322,0.5428595724901851,0.7825393092981235,0.5975429781959248,0.28955577112706593,0.5157876428882151,0.3674141746776685
ecfp4_narrow__rf,0,4,3644269654,0.9077518459537546,0.7017399521626559,0.1622124387811709,0.4082540185255474,0.2825223072877725,0.8059283939547417,0.5033166490598804,0.25075080895094615,0.48334772940336657,0.34057991664860765,0.9643279462939671,0.6126159119262139,0.11990825163728448,0.31455612885559947,0.21709057651199568,0.5692439332065113,0.6078025060685655,0.5123724994553747,0.7096627844097447,0.5181852565033042,0.8118130298522438,0.606368754804329,0.26131099970619404,0.4789551652985646,0.33959451423792003
ecfp4_narrow__rf,1,0,1206282609,0.8852202484101487,0.6397177175651753,0.15407884435257538,0.3885366472611652,0.26829410597869274,0.6859214711524356,0.49536735439341456,0.32563761069175057,0.5947712139717923,0.42149743488502445,0.9533278070290191,0.6692928526212006,0.10902765020293138,0.310248125988801,0.21730256717654461,0.5985879200394002,0.6022335054594758,0.47693244122143774,0.6905076453558618,0.5011293517920635,0.7807643616577509,0.6016528575098166,0.26641913661717376,0.4960159081444051,0.35205586495808133
ecfp4_narrow__rf,1,1,3543069911,0.9132704960914245,0.7249374727107137,0.15026434288885984,0.4046106626920991,0.2845572339515078,0.7568907343230602,0.5107076635969475,0.2794611322498245,0.4905730092756063,0.34535851607511026,0.9751592725628689,0.5869760934890076,0.0725405305636865,0.2665892532910055,0.1848907980262673,0.5685787485567253,0.5550327692062972,0.5669427077716541,0.7435429353212216,0.5492777022703224,0.8034748128835197,0.5944134997507415,0.2673021783685062,0.4763289651449832,0.34102106258080195
ecfp4_narrow__rf,1,2,3479688010,0.779244935282239,0.6756653746518159,0.23222779145892894,0.5075153645115323,0.3605949398635481,0.6974380512938086,0.5141876600452268,0.31821352560277416,0.5799505606720712,0.41196452589008287,0.9304953476270479,0.5779989039274684,0.1266470327474744,0.3486763710447002,0.23870303689521993,0.5862666774198116,0.638929844548837,0.499899982462225,0.7065570593945364,0.5201691164781668,0.7483612529057269,0.601695445793337,0.29424708306785063,0.53567483890571,0.3828579047817544
ecfp4_narrow__rf,1,3,877132087,0.8802245656936798,0.6405890316581561,0.14756774762510483,0.41552581970013147,0.284112574585346,0.7497548991607049,0.48155151703677557,0.3065779987931204,0.5055790275001039,0.36084580642826886,0.9828716033887951,0.6461142333585325,0.09016203433376027,0.2548914625604568,0.17196972238630973,0.5982549310802643,0.5572303996628504,0.5264950475291451,0.7248206985907887,0.5305009004158079,0.802776499830861,0.5813712954290786,0.26770070707028265,0.4752042520878702,0.3368572509539331
ecfp4_narrow__rf,1,4,1244265337,0.8392994420196166,0.6773277938487162,0.1876226682659222,0.48904995156036485,0.3384737112324314,0.7895384001136737,0.47301695973033214,0.2802564703543698,0.4797300904263114,0.3356611247852574,1.0470265943094053,0.6206152274802431,0.022963986512122794,0.2888267730088064,0.1959051412128676,0.6535723706559997,0.6355253489460092,0.40646518869642106,0.6450373979194793,0.4713825777840679,0.8323592017746738,0.6016213325013251,0.22432707845720895,0.47566105322874047,0.3353556387536561
ecfp4_narrow__rf,2,0,2740186692,0.8783078751209473,0.6838772323992637,0.17685934368727624,0.4259919419698728,0.29006290070621793,0.8368365356830237,0.492335035022787,0.188601441348363,0.4614681060731416,0.32468715583983154,0.9872015503265495,0.588586016637684,0.062443820286329964,0.30444655263213805,0.20344774919081213,0.5883770942492791,0.5925139136208959,0.4986488366418889,0.7148182742414066,0.5246991629993301,0.8226807638449499,0.5893280494201576,0.2316383604909645,0.47668121872913977,0.3357242421840479
ecfp4_narrow__rf,2,1,3884972972,0.8708338582500467,0.6454991599314625,0.17137171812198257,0.43903710629111314,0.3013335212489714,0.6780554944025312,0.49631954089594726,0.32411242431725057,0.5733405141238433,0.409327885436102,0.9362176794604712,0.6364418197720694,0.0922483134272272,0.3375819851785687,0.2313712527725264,0.5640579651034491,0.5859671151263818,0.5228668918410765,0.7219573361611432,0.5273973514621945,0.7622912493041245,0.5910569089314652,0.27764983692688416,0.5179792354386672,0.3673575027299486
ecfp4_narrow__rf,2,2,829139639,0.8392124570203042,0.6694769515449858,0.22955113533975074,0.4867153205896098,0.34262168835051154,0.7425017713803191,0.5001745064478234,0.25723305242255023,0.5331461344897284,0.38048090535329265,0.9181361531377706,0.6278469229976434,0.12098205813007375,0.3735550960576385,0.2589408877183908,0.6447023183594462,0.5981335718957866,0.5061435336852251,0.6888262800535219,0.5005509517304457,0.78613817497446,0.5989079882215598,0.27847744489439996,0.5205607077976245,0.37064860828816015
ecfp4_narrow__rf,2,3,2545567356,0.9434984430495555,0.6853012575584696,0.1415530379135518,0.4105986752893298,0.2789684366007302,0.7672733607951225,0.48121032615244264,0.3234323795461961,0.5282077268195886,0.3749913189178248,1.0181511938473364,0.640385068288778,0.03238500775562483,0.23738669142371294,0.15720858025025064,0.6014223946666726,0.5923204235347056,0.48845721871860637,0.6927569308109487,0.5064230676964847,0.8325863480896718,0.599804268883599,0.24645691098349476,0.46723750608589504,0.32939785086632256
ecfp4_narrow__rf,2,4,2718398101,0.8395723685394921,0.7273894380936428,0.13653220764831084,0.40334437254004835,0.2799931688028608,0.729360684537972,0.5169617790400933,0.3350717560610337,0.5901121769285578,0.4232059822860461,1.0030467931478055,0.5864711389222994,0.05449872208397659,0.26035144523604375,0.17920806719575214,0.5979867676297161,0.6078192188360534,0.4871296651397135,0.6910976000156203,0.5107008614051133,0.7924916534637464,0.6096603937230223,0.25330808773325864,0.48622639868006756,0.3482770199224431
ecfp4_narrow__rf,3,0,176092387,0.8429871900225577,0.6607291788609134,0.17801021774610282,0.4952124798925128,0.34689039673469185,0.6887603086775901,0.4882341034952957,0.360677911313295,0.5995231320519575,0.4308675828635894,0.9836345433036036,0.6387659598296312,0.0839356670160072,0.27637135552171765,0.18774610518999651,0.6102936235776766,0.6197207857802064,0.48329093700507314,0.6983892823703944,0.5057652353318255,0.781418916395357,0.6018625069915118,0.2764786832701196,0.5173740624591456,0.36781733003002587
ecfp4_narrow__rf,3,1,3528048386,0.9075151386042455,0.7023126445932651,0.15995487607457995,0.3716577745604563,0.25786825213654063,0.701330975087199,0.4669752041523803,0.3334343136827705,0.557314603377754,0.3925738119720591,1.0078670769249882,0.6630582990694973,0.06703603668623048,0.2763841208309481,0.18897833436055134,0.6123857534760502,0.5694008506966022,0.5257231727194851,0.7151771269132445,0.5241425599152426,0.8072747360231207,0.6004367496279363,0.2715370997907665,0.48013340642060076,0.3408907395960984
ecfp4_narrow__rf,3,2,569531098,0.9159526295969702,0.678863773266065,0.15898658535002527,0.4182567014916117,0.2836849727383655,0.9101466819125023,0.5620420466844815,0.1666383299289442,0.4125134116902914,0.28173451651904885,0.98744070303288,0.6193818014404675,0.03402696685618793,0.26404991649089044,0.1778297669229581,0.5644036980854903,0.5681609287827416,0.5474652209575027,0.7321816493753166,0.5408643826162302,0.8444859281569608,0.607112137543439,0.226779275773165,0.45675041976202757,0.32102840969915064
ecfp4_narrow__rf,3,3,1337295874,0.8937144651885225,0.692951503043928,0.16899557300864154,0.4471723179601992,0.3060762988240654,0.7810223625793395,0.4874600006717146,0.2625332710108394,0.5250181654626751,0.37322183344059745,1.0299127424789876,0.5892724905593223,0.03998015745998705,0.2863938683742366,0.1918737829388262,0.590674471723573,0.592107630039693,0.5215812856121217,0.7114398512647596,0.522056923232016,0.8238310104926057,0.5904479060786645,0.2482725717728974,0.4925060507654676,0.34830720960887623
ecfp4_narrow__rf,3,4,612016888,0.8143842464656335,0.6720374819824958,0.2017714235616335,0.4521580095222333,0.3109708085095123,0.689098116492947,0.4943895628252887,0.28384279945116075,0.5426361946047432,0.3864541432945941,0.9606799948872167,0.6276453455887052,0.12169178973660623,0.3395317811459427,0.23029608418340416,0.6297281726859902,0.6331386829596918,0.4207669484025718,0.6491520591081078,0.4755621255660693,0.7734726326329469,0.6068027683390455,0.2570182402879931,0.49586951109525673,0.350820790388395
ecfp4_narrow__rf,4,0,232150720,0.8645470568080865,0.7170620392926348,0.17322520378088008,0.45255886777979104,0.3141352583674541,0.7229018789819853,0.5528932559261723,0.3103310825003072,0.5478337686162491,0.3915650995966141,0.9740946209033499,0.604856958418374,0.08715274822571017,0.24408936566765346,0.1653129678407289,0.6108524631964788,0.607789662383032,0.49678581314041853,0.6856947828310618,0.5008090197948594,0.7930990049724751,0.6206504790050532,0.266873711911829,0.4825441962236889,0.34295558639991414
ecfp4_narrow__rf,4,1,2324106676,0.8747408922943124,0.7089920021401674,0.13321430809160217,0.38349681743547326,0.2681005097098361,0.6379481316049911,0.47207784325092983,0.3677057939586711,0.6111507945888204,0.44365439985538924,0.9657874182199855,0.6044192028502382,0.10492653586834601,0.31631648580000915,0.2164709441214552,0.5660682396872825,0.5785130422162972,0.5247271697340488,0.714866470419377,0.5347089252531266,0.761136170451643,0.5910005226144082,0.28264345191316703,0.5064576420609199,0.36573369473495176
ecfp4_narrow__rf,4,2,1658700540,0.8457648779458312,0.6542569364153605,0.19102512930234608,0.4410916158629965,0.30743142857417133,0.8217531853595883,0.4369908295920573,0.23032544566932875,0.46496867889439847,0.3298678983041489,0.9268055929853873,0.6259144002371306,0.13542467321352492,0.4015876045887331,0.27541587142822715,0.5492317741922105,0.5424059189219846,0.5609693845974586,0.7545052006007343,0.5602796529260319,0.7858888576207542,0.5648920212916333,0.2794361581956646,0.5155382749867156,0.3682487128081448
ecfp4_narrow__rf,4,3,609942288,0.8763291641771611,0.675860627623544,0.1976666655062172,0.4457841025870627,0.3067151846283407,0.7654209493904298,0.5003631201287451,0.2796572933626616,0.547303944598983,0.3859644940425345,0.9849203411554589,0.5784828564625922,0.046354556771840943,0.29792223202690926,0.2063376278572217,0.6204946863362212,0.616577778865916,0.4541137852477591,0.6519225196421966,0.4750213345385801,0.8117912852648178,0.5928210957701994,0.2444480752221197,0.48573319971378787,0.34350966026666924
ecfp4_narrow__rf,4,4,3405943863,0.8780052885298343,0.6377158636874151,0.20692830609537102,0.4338557376213561,0.29857453507274107,0.7939228393434937,0.5184882359112424,0.276443132020003,0.527545234833054,0.374169626907128,0.950759261092074,0.6334709911747276,0.10473459195391963,0.3127453629432593,0.2162190901133849,0.5735840174820571,0.6045840788137502,0.5081812842997829,0.7305981759203053,0.5330258858662311,0.7990678516118648,0.5985647923967838,0.27407182859226914,0.5011861278294937,0.3554972844898713
ecfp4_narrow__xgboost,0,0,2684470948,0.887385943477519,0.7307071932630274,0.1177332126142731,0.3809674098081912,0.2673161095269553,0.8042326616799195,0.5695301229224612,0.24782766621622834,0.5173306079832508,0.3651662119132828,1.0057081666630368,0.6242201274121858,0.045176461272594115,0.2583714619416491,0.17407695541277746,0.6228329393389674,0.6052206617828928,0.49820172226650145,0.6935837326436921,0.5070326903559074,0.8300399277898606,0.6324195263451418,0.22723476559239925,0.4625633030941958,0.3283979918022307
ecfp4_narrow__xgboost,0,1,4091952314,0.9651174863796288,0.6810659980018884,0.04064169125834602,0.37583379519059346,0.25641725195248755,0.7468558969047406,0.47984525394579747,0.24554817653436284,0.48053896832209786,0.34297924079959263,0.9816905540474512,0.6358219955044255,0.07208498652400491,0.1773929171349439,0.12433995478065993,0.6586682607265629,0.6293140163597835,0.4294023777672732,0.6445589063325765,0.466428483761364,0.8380830495145959,0.6065118159529738,0.19691930802099675,0.4195811467450529,0.29754123282352607
ecfp4_narrow__xgboost,0,2,233227757,0.8686357494153104,0.7230328208022305,0.1509531474963212,0.4171125572593791,0.30304138425531596,0.8014771933254169,0.48738129260175767,0.22513885543044512,0.4820827991594927,0.3500659994862051,0.9984663883060896,0.5877271985695252,0.04741980957272011,0.28834021458678105,0.19825675974549073,0.6539783005726899,0.5917437709351921,0.44493738314598985,0.6728105336141496,0.4913456626029658,0.8306394079048768,0.5974712707271764,0.21711229891136907,0.4650865261549506,0.3356774515224944
ecfp4_narrow__xgboost,0,3,3276785861,0.925282841337017,0.6580273354853129,0.13987559719396014,0.4528643037567814,0.32343122969963517,0.7959262459657431,0.5334560647465695,0.25637271428327146,0.49194620351771456,0.34537321428309814,0.9945230865887263,0.6697519208411413,0.030354259533068858,0.21866954894573032,0.15630857806880394,0.6098625338782433,0.6046522991857729,0.5441610132108783,0.7212259172017838,0.5323387061292264,0.8313986769424324,0.6164719050646992,0.2426908960552947,0.4711764933555025,0.3393629320451909
ecfp4_narrow__xgboost,0,4,3644269654,0.9621720489046965,0.7283644126595572,0.09052939840424636,0.35862322338688196,0.24543994244721176,0.8136309629156542,0.49594172955901555,0.2647887974635521,0.5109125028891024,0.35867257600677743,0.9522002686902015,0.608776409158224,0.08910619606335257,0.2772147044794622,0.1989728574047345,0.5665291664742319,0.613388391692798,0.5173503493524653,0.7206807198014231,0.5280088584541872,0.823633111746196,0.6116177357673986,0.24044368532090407,0.4668577876392175,0.3327735585782277
ecfp4_narrow__xgboost,1,0,1206282609,0.9543083838804226,0.6658882505904,0.13335763743125822,0.3582127137115936,0.24694952278788626,0.7406061115820686,0.5138532672265572,0.2808394110908288,0.5624855021107388,0.3970450210733527,0.9695225129651032,0.678311981841729,0.045765105813283406,0.1981330640695474,0.14895348398656033,0.6257752089906253,0.6159365785987294,0.4637782199380445,0.6818438466357998,0.49148621669926473,0.8225530543545548,0.6184975195643538,0.23093509356835376,0.4501687816319199,0.321108561136766
ecfp4_narrow__xgboost,1,1,3543069911,0.9648452673624128,0.7509429172341253,0.11629142446931577,0.39530237434266735,0.2733717958868997,0.8019707687071395,0.5279607438372865,0.2528295701798705,0.504440964215072,0.3553182754115521,0.9864922089757268,0.5870926293371629,0.03027100838287628,0.20406138459841525,0.1399826598632208,0.5741318616814696,0.5578619494772583,0.5580605800645528,0.7404114398179319,0.5451222628930599,0.8318600266816871,0.6059645599714583,0.23936314577415385,0.46105404074352163,0.3284487485136831
ecfp4_narrow__xgboost,1,2,3479688010,0.8757198685706427,0.7207566198240212,0.1703116442567522,0.4186000545459858,0.29143128673657887,0.7209707389901593,0.527720284954014,0.3170269033156502,0.5830632480341119,0.4105949412477557,0.9595599229028308,0.5919581339613077,0.06139615534680002,0.33560355823459265,0.2346343208361756,0.600906561748236,0.6445931245614236,0.4907637083184686,0.6950093235905375,0.5079768487181943,0.7892892730529671,0.6212570408251915,0.25987460280941777,0.508069046101307,0.3611593493846761
ecfp4_narrow__xgboost,1,3,877132087,0.9506371156078519,0.6728187353879013,0.10549344711147825,0.38826792709524766,0.26836594793261154,0.8677914768340995,0.5177308636486356,0.18537234113303208,0.4339749834221985,0.30888778122748145,0.964737929523786,0.6399655064248518,0.08071277108023174,0.24983850927037934,0.1748002971304701,0.625871918770884,0.5689177403252526,0.5066078602760593,0.7112628145830371,0.51881965013133,0.8522596101841553,0.5998582114466603,0.21954660490020034,0.44583605859271563,0.31771841910547327
ecfp4_narrow__xgboost,1,4,1244265337,0.8420706312499908,0.6760284489798393,0.16163223378808814,0.47140199504995767,0.33920173897497846,0.7891147095474256,0.4758993291472514,0.2590523158627507,0.49131874082725135,0.34547053702032765,0.9979318877632036,0.6067505084767816,0.054010604359878686,0.26186460891162283,0.18311474007499243,0.6375844290201196,0.627748464387208,0.4154036649448191,0.6555060115298567,0.47752699220273953,0.816675414395185,0.59660668774777,0.22252470473888414,0.47002283907967213,0.33632850206825954
ecfp4_narrow__xgboost,2,0,2740186692,0.8974874458532093,0.6906770648769237,0.17398159511381422,0.4110552354547842,0.28428175904447317,0.8692137910904394,0.5021964810469207,0.16735506470223066,0.4389933177688477,0.3029197408502727,0.9596429722169554,0.5771727774595535,0.05765765401875896,0.31236608939657845,0.23063158260458466,0.5987858057828751,0.5972175000473219,0.48531035019061464,0.6982001474365721,0.5116331919941429,0.8312825037358698,0.59181595585768,0.22107616600635463,0.4651536975141956,0.3323665686233684
ecfp4_narrow__xgboost,2,1,3884972972,0.9449232413146489,0.6753064282472341,0.0994840899700279,0.4135837481899762,0.28397922948039095,0.7410224222076636,0.5207645080369856,0.25737384571891864,0.49929778204027625,0.3524157270935617,0.9436793719605933,0.6457603421248824,0.07863140753173918,0.2603587420008778,0.1861143221228043,0.5809312162327003,0.5845419104457146,0.5368077096308244,0.7213518852274059,0.5311667516734915,0.8026390629289014,0.6065932972137043,0.2430742632128775,0.473648039364634,0.3384190075925621
ecfp4_narrow__xgboost,2,2,829139639,0.9516916070482061,0.7271743474263529,0.08915526792679522,0.4151374904609809,0.3079482916305482,0.8290342727365781,0.5184100587549778,0.20191230028394985,0.5165499861710536,0.3682245084343067,0.9813491145726497,0.658689864735345,0.051928144253071885,0.26806593525673683,0.18569896277406325,0.642828767690057,0.5988712558626565,0.4911808598893505,0.6837144000935221,0.49784497493115176,0.8512259405118727,0.625786381694833,0.2085441430882919,0.4708669529955734,0.3399291844425175
ecfp4_narrow__xgboost,2,3,2545567356,0.9809825011959534,0.6979188429944907,0.07908711589409517,0.40530149121909703,0.27612953005826274,0.7917130583260992,0.494879933085158,0.27922610452143365,0.5109873231029399,0.3638046597295672,0.9745076590374483,0.6236329982157258,0.05949304932557562,0.3031230121349878,0.20356398597318337,0.6125426124292848,0.596224310599165,0.4951311526874842,0.6990966726280338,0.5128400298981903,0.8399364577471964,0.6031640212236349,0.22823435560714714,0.4796271247712646,0.33908455141480087
ecfp4_narrow__xgboost,2,4,2718398101,0.8837139086475477,0.7492292403235745,0.0855319649683834,0.338082947214572,0.23032894150710018,0.7446601419575196,0.5218628603978139,0.30873211759553437,0.5723362961409029,0.40704193512762304,1.033574998989655,0.6018344186933293,0.017695091766474495,0.24949444202917553,0.16819804839468508,0.627561144193529,0.6412307953017046,0.4511307353802036,0.667501096799551,0.48965556542487465,0.8223775484470629,0.6285393286791056,0.21577247742764896,0.4568536955460504,0.3238061226135707
ecfp4_narrow__xgboost,3,0,176092387,0.8461772014020696,0.6594956886565324,0.18283827508585698,0.4798415905071405,0.33124113354434365,0.7842403735123904,0.5352484446586082,0.2471276633890218,0.5396636727273094,0.3883189093461807,0.9867039202489507,0.6404599325198297,0.040931232244602725,0.17340767988055597,0.11991518879130045,0.6145277947667172,0.6203200994387693,0.4750739613412944,0.6982313931534119,0.508626370508996,0.807912322482532,0.6138810413184349,0.236492783015194,0.47278608406710443,0.3370254005477052
ecfp4_narrow__xgboost,3,1,3528048386,0.8980659148927562,0.6934580658960813,0.1367493133717586,0.32881921423741245,0.23218257119400335,0.759231599171198,0.48550594061198266,0.30634542425375066,0.5264496267623717,0.3690310356837347,0.992466325671479,0.6589934621388313,0.017002051264369634,0.23188794878275082,0.1675140053208996,0.6868800545218421,0.6132138223139724,0.451501705663529,0.665358030758119,0.4852734060968688,0.8341609735643188,0.612792822740217,0.22789962363835195,0.43812870513516344,0.31350025457387665
ecfp4_narrow__xgboost,3,2,569531098,0.9714769318860164,0.7041407938439971,0.1165559313443266,0.47081801299385057,0.3231495540327314,0.9883345106939944,0.5789214108774376,0.08292157998454129,0.3291178448947938,0.22376839366967624,0.9655991378599227,0.6114897676711153,0.05597124254246735,0.2744491531606028,0.19824850474193748,0.5123437545655247,0.5390894812840379,0.5763581863995211,0.7585649585958296,0.565703089640456,0.8594385837513645,0.608410363419147,0.20795173506771408,0.4582374924112692,0.3277173855212002
ecfp4_narrow__xgboost,3,3,1337295874,0.9527426520376108,0.7298219241001045,0.09176934353949817,0.32776347037021214,0.22870516257255874,0.8223662496426325,0.5070696365936783,0.21617077985981667,0.4828929785948758,0.33758860907446037,1.0172985187202865,0.5875043772142514,0.034807086980183824,0.2562194524885309,0.17275361770995487,0.611885742997903,0.6007463362543666,0.5113444937416841,0.7006585915481626,0.5109534003434579,0.8510732908496081,0.6062855685406002,0.21352292603029568,0.44188362325044533,0.31250019742510804
ecfp4_narrow__xgboost,3,4,612016888,0.823452532957663,0.6868393945386758,0.16318159167424665,0.41800462753284306,0.29810020966622064,0.7798018586684521,0.521374945698384,0.22852210511665189,0.48265466165315524,0.3401642435428987,0.9516158935748791,0.6228865206867564,0.0719537525351535,0.2740081271981139,0.1931200946862462,0.6398047597477058,0.6348840121459036,0.42804772879488356,0.6590333620248144,0.4832306840587494,0.798668761237175,0.61649621826743,0.22292629453023388,0.4584251946022317,0.3286538079885287
ecfp4_narrow__xgboost,4,0,232150720,0.9003597312355024,0.7331634662233625,0.16315032334300236,0.4364786718553439,0.3016560647021529,0.7688429026737552,0.578232601682672,0.2426147238838274,0.4951593169493576,0.344726390354963,1.0178247835907184,0.6262704180050093,0.02713427905025943,0.24330017672875057,0.16541822501976705,0.6206904877025141,0.6159781852986889,0.48750450923900635,0.6876839241730699,0.5005151598828369,0.8269294763006226,0.6384111678024331,0.23010095887902388,0.4656555224266305,0.32807895998993
ecfp4_narrow__xgboost,4,1,2324106676,0.9054720072141167,0.7234535647548191,0.11519728369560689,0.34741212242979425,0.24230356110032067,0.7326384290826276,0.4993622345582464,0.2931346456573494,0.5368648876020394,0.3812555257170028,0.9671704927319394,0.6045526765365544,0.03963165111407493,0.17748951060342213,0.12777362819460883,0.6110336130794398,0.6079104949150561,0.4924208902778432,0.687982944213734,0.504878211808674,0.8040786355270308,0.608819742691169,0.2350961176862186,0.43743736621224744,0.3140527317051515
ecfp4_narrow__xgboost,4,2,1658700540,0.888488345607149,0.6647135142927862,0.17190064358260906,0.44359795782010364,0.30520516507750334,0.8481965220838916,0.43728581908390163,0.19071723744784905,0.44343646679492144,0.3185588087344105,0.9719852920806189,0.645529068473046,0.08311335825636247,0.3269093116407857,0.2278863487560716,0.5607245557731606,0.5324563134254252,0.5701657756357172,0.7460496021322746,0.5565229890784271,0.817348678886205,0.5699961788187897,0.2539742537306345,0.4899983345970213,0.3520433279116032
ecfp4_narrow__xgboost,4,3,609942288,0.9351593155781086,0.7013437061933955,0.15059840678866773,0.4132569398594511,0.28353100873802545,0.7703444089100104,0.5001929723551273,0.27994324491807926,0.5647992987859203,0.3957690024512265,0.9539217370607922,0.564114860118567,0.10522750021319568,0.34377918723380707,0.23692020030104732,0.6489583896932293,0.6255529211024622,0.45145305048423173,0.6560927556987001,0.4737235926358038,0.8270959628105352,0.5978011149423881,0.2468055506010436,0.49448204539446966,0.34748595103152574
ecfp4_narrow__xgboost,4,4,3405943863,0.9423486407215372,0.6636384920601976,0.10376386067138706,0.40592389391512546,0.27833065862588086,0.858537652942211,0.5400096955305749,0.2364989864516335,0.4974698401470363,0.35180759951804214,1.0974720733479335,0.7007612173243871,-0.01926924244618048,0.15780934349663525,0.10655969257120723,0.5554948587875048,0.5823744571318653,0.5289121340568885,0.742780184439142,0.5464899770122414,0.8634633064497966,0.6216959655117562,0.21247643468343214,0.45099581549948475,0.32079698193184286
mordred_pca__lightgbm,0,0,2684470948,0.8590357529461244,0.7194220762159629,0.15068741802503038,0.3939801946356382,0.27142298527431075,0.898858349804927,0.6192000755772465,0.14047444680802657,0.3631013708590477,0.24906772079836856,0.9942884054922985,0.6144588665882613,0.07273182009061699,0.2679216871444944,0.18376159873573197,0.6783751578003638,0.6704415490156515,0.4031865413605433,0.6378907799006953,0.4540240869171378,0.8576394165109285,0.6558806418492805,0.1917700565710543,0.4157235081349689,0.28956909793138724
mordred_pca__lightgbm,0,1,4091952314,0.9415499081486385,0.6744166789126324,0.07859467172283786,0.32716849314433094,0.22285454266620294,0.7778827287252664,0.4821450083031392,0.28113301132493435,0.48249651889595185,0.3403440887804473,1.0325725923602798,0.6575464983569784,0.038741033620388006,0.2457591619221474,0.16816727749223997,0.69272295271774,0.6604252599647938,0.3667847274616532,0.5959158041691845,0.42734339682443,0.8611820454879812,0.6186333613843861,0.19131336103245333,0.4128349945329037,0.2896773264408301
mordred_pca__lightgbm,0,2,233227757,0.9321185180302715,0.7702468347930687,0.09469240066956584,0.28672485037884093,0.19404774028855654,1.0288044589372793,0.5634593948349805,0.003060997099466513,0.23593290273777381,0.1623659743924052,0.9874711516777559,0.583631552757079,0.05359307270755456,0.2900345430667889,0.19844005113259558,0.7160979165875792,0.645927945184857,0.3430993625966506,0.565160916518799,0.404455773125622,0.9161230113082215,0.6408164318924964,0.12361145826830937,0.3444633031755507,0.23982738473479484
mordred_pca__lightgbm,0,3,3276785861,0.9415730996334339,0.6656859305747955,0.11532238047627288,0.3581573280311165,0.24442077796700995,0.8633192866720129,0.5777846973233314,0.12643023719970253,0.37327400241133973,0.25776732890735166,0.9593189473951751,0.6514038236698888,0.06114640264933277,0.30010586421225277,0.20627583670247657,0.7077314451817133,0.705364810325998,0.3893449026991872,0.6132049947011157,0.43851168511649974,0.8679856947205837,0.6500598154735033,0.17306098075612386,0.4111855473389562,0.2867439071733345
mordred_pca__lightgbm,0,4,3644269654,0.9071345324897775,0.7003365862182774,0.13597393656345738,0.38782099469798154,0.27190778766323365,0.9100269346523725,0.5357979867407102,0.13277215369217807,0.3765087429830963,0.2570702463410941,1.005085570812336,0.6285609316120451,0.04978953585117603,0.18933258771165043,0.12988509287709762,0.655841658070286,0.6853927971621069,0.3882330330790202,0.6350354046878285,0.45740592466039004,0.869522174006193,0.637522075433285,0.1766921647964579,0.3971744325201392,0.27906726288545386
mordred_pca__lightgbm,1,0,1206282609,0.9714832351695437,0.6826202804168284,0.07678469774264894,0.30167056856069396,0.20432355735413954,0.9395057848058714,0.583499265559814,0.03627698956465801,0.2999325487084946,0.2039988211352443,0.993392870866035,0.6920360193912514,0.028539816356371955,0.18119450425298048,0.12011702650605659,0.6033770779293267,0.6342007250381718,0.40380151778900647,0.6528783494101686,0.4713675898186808,0.8769397421926942,0.6480890726015165,0.13635075536317134,0.3589189927330844,0.24995174870353032
mordred_pca__lightgbm,1,1,3543069911,0.9504192572939816,0.7510998431854624,0.08338518637790451,0.3403115056488417,0.2319962578374919,0.7981199715042246,0.5343507761866094,0.21640914759277477,0.4406065892909033,0.31131298991428613,1.0105118240577737,0.5982132370671809,0.051029032601154725,0.21827431665798025,0.14655704397570926,0.6230643376416127,0.6289835205558901,0.46735463630705293,0.6828182618629549,0.49201143007620685,0.8455288476243982,0.6281618442487857,0.20454450071972172,0.42050266836517003,0.29546943045092355
mordred_pca__lightgbm,1,2,3479688010,0.8709688363731596,0.722479681438604,0.11792640177826433,0.36186614621433844,0.24776298824091317,0.8384909895648678,0.5704852673333065,0.21973365135608747,0.4486856511067995,0.310821606961157,1.0031024140833893,0.6046538274970333,0.0630054739895693,0.28967977813399826,0.19718331377312215,0.6921802317414594,0.7357203967351179,0.3559090409038452,0.600951346875497,0.43151690403867443,0.851185617940719,0.6583347932510154,0.18914364200694156,0.4252957305826583,0.2968212032534667
mordred_pca__lightgbm,1,3,877132087,0.9697061253091745,0.686153924435579,0.09389277805408305,0.33306660668398347,0.23023963989878063,0.9372315397945296,0.5353751581979754,0.11054479013720571,0.3383014470642096,0.22898194741217154,1.0137745026989702,0.6619173437798388,0.029190084721595712,0.23883828552421246,0.15807776768337342,0.7138344632115078,0.650427014778661,0.41560946557123346,0.6139648650927355,0.4398224037640583,0.9086366577535455,0.6334683602980136,0.16230927962102948,0.3810428010912853,0.2642804396895959
mordred_pca__lightgbm,1,4,1244265337,0.8684794140584191,0.6906970213457089,0.18217517881728143,0.42143926185741726,0.2886808786823546,0.8735610036917058,0.502313295750005,0.15404690904866633,0.4219809068567816,0.2913427351054865,0.9868484553348178,0.6033553933414912,0.05164771806159675,0.31825319721850165,0.2192026338113599,0.7375974992449184,0.6921294674318653,0.34518151512742984,0.567912237204175,0.40275914656605555,0.8666215930824653,0.6221237944672676,0.18326283026374357,0.43239640078421887,0.30049634854131413
mordred_pca__lightgbm,2,0,2740186692,0.907626388005631,0.7003211041262052,0.1393210515040105,0.3555626798594025,0.24338022006593918,0.934405367830583,0.5142051581288841,0.09666747398194109,0.30798250273968986,0.20984287459963682,0.9702016854310933,0.581864914529853,0.0463008672820519,0.2897136247935902,0.19274283421130722,0.6849338093710751,0.6619332843908823,0.4022500265576011,0.6292358228461827,0.45634886386646345,0.8742918126595957,0.6145811152939561,0.17113485483140115,0.3956236575597163,0.27557869818583663
mordred_pca__lightgbm,2,1,3884972972,0.9106934245993769,0.6703833070874486,0.11356104538519117,0.35696115190658345,0.23875467512126822,0.8377014164731957,0.5614058756033953,0.19547424333848212,0.4214755137845828,0.291328919339536,1.0217284832628348,0.6804513262493945,0.011936604176834746,0.17715907966703523,0.11907551437422226,0.6805223978625744,0.6787246356945745,0.4002445769340399,0.6400339457791728,0.45756561466595796,0.8626614305494954,0.6477412861587033,0.180304117458637,0.3989074227843436,0.2766811808752461
mordred_pca__lightgbm,2,2,829139639,0.9865267039026385,0.7505261125393929,0.08538312474743333,0.2803412405328907,0.18801121470341983,0.7548669588246871,0.5004834657587964,0.22990724270721155,0.5096990007528017,0.36029283540876117,0.997420131633701,0.6645090653172373,0.07193457933597924,0.2516749660175771,0.17076820024545294,0.6902721418762839,0.6575697645106027,0.4081241956742779,0.6452296295214098,0.4595298544123221,0.8572714840593277,0.6432721020315073,0.1988372856162255,0.4217362092061698,0.294650526192489
mordred_pca__lightgbm,2,3,2545567356,0.986210812530134,0.7057698368630195,0.0828210643641358,0.3553958405265806,0.23762740415824582,0.9053702581425623,0.5532096522693947,0.1315125509216561,0.3349905948803589,0.23239438668707327,0.9756746531012946,0.6239740790580549,0.025090247374338587,0.17317268792824453,0.11740452650886173,0.6774790317212903,0.6664883721835766,0.39980665434988755,0.621441073644514,0.446265475468348,0.8861836888738203,0.6373604850935114,0.15980762925250452,0.3712500492449245,0.25842294820563216
mordred_pca__lightgbm,2,4,2718398101,0.8332073528836573,0.7215844485917229,0.1762347231190946,0.4025482698080688,0.27756955116503684,0.8352801136062284,0.563191205955636,0.22980805066291057,0.4621241408507163,0.3211223466411796,0.9912449443065312,0.5879907835260622,0.0231622558488926,0.1404845370812471,0.0970043373591686,0.7288916629765801,0.7126299197859023,0.33014540732514125,0.5772082001016555,0.4073793429226853,0.8471560184432493,0.6463490894648308,0.18983760923900977,0.39559128696042195,0.2757688945220176
mordred_pca__lightgbm,3,0,176092387,0.933571615051897,0.706904955020795,0.11340558980002148,0.34261509883662855,0.22527852083043146,0.9315190368768012,0.5895375111923916,0.131643090143401,0.3524479114428872,0.2404694743186991,0.9913559425509487,0.6422005943577325,0.004676221081835678,0.14047635678795098,0.0921064808814719,0.7123194984217684,0.7090753085076745,0.3557258432068792,0.58985764169155,0.4194637228037433,0.8921915232253538,0.6619295922696484,0.15136268605803435,0.35634925218975416,0.24432954970858642
mordred_pca__lightgbm,3,1,3528048386,0.9685168308308869,0.73394744936716,0.09342999940243987,0.34087219539111857,0.23427604794327744,0.8459526699382893,0.50901302124441,0.15418939317666625,0.41143807794152815,0.29163486161450625,0.9942416852981151,0.6540208479615757,0.012924877852498854,0.18610256735964267,0.12809599905022795,0.7621193019664461,0.6593067832768054,0.37134130280531963,0.5904281471345989,0.4213276315280064,0.8927076220084343,0.6390720254624878,0.15797139330923113,0.38221024695672207,0.2688336350340045
mordred_pca__lightgbm,3,2,569531098,0.9646951773330149,0.7017604964807633,0.10732826358992167,0.35425754835975276,0.23906204565891873,0.9261120657569241,0.5668215491995082,0.09792567680213772,0.317584245287007,0.21902545417388122,0.9763168604160545,0.6136307241922141,0.07115205523378837,0.2788178815098477,0.18852737590673482,0.637883577541719,0.6569525112532973,0.40392811051316596,0.6557008686525164,0.4688639305941614,0.8762519202619281,0.6347913202814458,0.17008352653475342,0.401590135952281,0.27886970158342406
mordred_pca__lightgbm,3,3,1337295874,0.9306533930911814,0.716165589506075,0.13743923185238796,0.33930626783195794,0.234389792998216,0.8945316046488665,0.544932172558768,0.11507042085621963,0.36148851399856263,0.24860741590812102,1.0657993086276272,0.6066995356950782,0.005852831886531664,0.22056314484318476,0.1471677543149209,0.7131250862854317,0.6951051155999736,0.3540322415590314,0.586205614857047,0.41599758865409014,0.9010273481632768,0.6407256033399736,0.15309868153854264,0.3768908853826881,0.26154063796883703
mordred_pca__lightgbm,3,4,612016888,0.9331585793253289,0.740923451606088,0.034256122242306,0.23074509014840697,0.15692938468484335,0.8552710573988178,0.5529604998904949,0.16809646371521259,0.4000385851682999,0.2765964768818376,0.9935469516158981,0.6363711485919764,0.057746305107165635,0.1702418860173527,0.1154310045437573,0.6922118516882162,0.6805494048457533,0.36823220936612566,0.5878003328758937,0.4230478025530185,0.8685471100070653,0.6527011262335782,0.15708277510770247,0.3472064735524883,0.2430011671658642
mordred_pca__lightgbm,4,0,232150720,0.900273721021004,0.7433314531973936,0.1384646840147485,0.39329242448439866,0.2715172026768937,0.817558357259055,0.594523869378647,0.19239029956297218,0.4341531792255638,0.2969990892215682,0.9933924133146862,0.6155550733850635,0.03364284743741186,0.1666835914298726,0.11265841150356329,0.6994559202138546,0.6892997704721666,0.3517753434674513,0.5936804808141418,0.4257827938085825,0.85267010295215,0.6606775416083177,0.17906829362064597,0.39695241898849415,0.276739374302652
mordred_pca__lightgbm,4,1,2324106676,0.9325075055581608,0.744665232741505,0.09992363336327183,0.3451573402896726,0.23406799916311002,0.848854109242658,0.5367919883720367,0.18502427115924155,0.43502101879214866,0.30023162365011924,0.9906436564763823,0.6134503571407746,0.050315558207730066,0.2752372421125213,0.18484826449785616,0.6413472390059951,0.6391226654182866,0.44593650221096576,0.6599149067535411,0.4807351817858201,0.8533381275707991,0.6335075609181507,0.19529999123530228,0.42883262698697094,0.2999707672742264
mordred_pca__lightgbm,4,2,1658700540,0.916963405126155,0.690394441137206,0.11771502306650523,0.3499075265453271,0.2402571349163667,0.9176999362493936,0.467431346546823,0.10421491110419534,0.31988943878225623,0.22202982150594563,1.028828817681395,0.676491955789098,-0.00211533143591379,0.16725936839589528,0.11206076902056152,0.6725196186278345,0.6341700238981354,0.4151464245213475,0.6407764039025299,0.4589049411327159,0.8840029444211944,0.6171219418428157,0.15874025681403356,0.3694581844065021,0.2583131666438974
mordred_pca__lightgbm,4,3,609942288,0.9368182139812803,0.7102297434182832,0.12829373548072365,0.2976424763498934,0.20537883715140695,0.8919189296661519,0.5470765986488315,0.12466733433318146,0.3853855478911107,0.2630085282083522,0.9920673209795735,0.5805225099255718,0.0525891468973683,0.31878231474195884,0.213624399588587,0.7329755986498728,0.6946959403294374,0.3516311583691187,0.571545969018825,0.40651213207804576,0.8884450158192196,0.6331311980805309,0.16429534377009802,0.393339077000447,0.272130974256598
mordred_pca__lightgbm,4,4,3405943863,0.9246182482661065,0.6609755912686281,0.1482346901976752,0.37799026833070715,0.2559663659506586,0.9516513387753485,0.58924889925491,0.08854256971837372,0.31301242832360876,0.21396428620483326,1.0310649883813956,0.6748623464695673,0.011368199584480647,0.1731908280398321,0.11683756463670199,0.6616451296707956,0.6766680254566597,0.39096884948611915,0.6284830614280669,0.4489033864237434,0.8922449262734115,0.6504387156124413,0.15977857724666217,0.3731691465305537,0.2589179008039843
mordred_pca__rf,0,0,2684470948,0.904571963527827,0.7349974208283062,0.13839376006104862,0.37722775385591745,0.25610494699949193,0.8954400119614111,0.6162416260487631,0.15124452823490211,0.37108316096639177,0.25427241863531924,0.9776358550859316,0.610094272687752,0.07067718915301129,0.2794968215709309,0.19229533463827092,0.7393143125789968,0.7269775585491074,0.32915626994647906,0.6163578778454498,0.43581602740412645,0.8792405357885416,0.6720777195284822,0.1723679368488603,0.4110414035596725,0.2846221819193021
mordred_pca__rf,0,1,4091952314,0.9726145487375594,0.6879321187541746,0.06798669718608995,0.3155220231354589,0.21610583789117385,0.7992088496830868,0.4981914646121602,0.2035188323601926,0.4461380508445937,0.31389724370577843,0.9850218090923498,0.6388514400564778,0.07206577578798515,0.2778147598773908,0.18848115730561413,0.7255668695738519,0.6964390721906141,0.3378224595087057,0.600271524878245,0.4307341686619658,0.870603019271712,0.6303535239033566,0.17034844121074336,0.4099365896839221,0.287304601891133
mordred_pca__rf,0,2,233227757,0.9464100736697997,0.7732414955395615,0.11092649451023931,0.33245503424349804,0.22431316390570646,0.9518174211447925,0.5371491956388389,0.0772237782483347,0.29223473247098375,0.19937823860157572,0.99582657976911,0.5870757007605153,0.06204366323867613,0.2577558118251988,0.17496913098883246,0.7487710735619405,0.6985142027332274,0.27153759132589733,0.5402944181965322,0.3809540456131437,0.9107062870364107,0.6489951486680358,0.13043288183078686,0.3556849991840532,0.24490364477731458
mordred_pca__rf,0,3,3276785861,0.9121022962768494,0.648577753794161,0.19814905977455363,0.43545942390671627,0.30094772916939355,0.8240658380440529,0.5581393610391255,0.20372762455598878,0.44251586432539936,0.3010469398486147,0.9459805136156983,0.6476948114688532,0.08521065397491137,0.32487833891198126,0.22131631456371217,0.7461049883658001,0.7559567878308984,0.3179430752273157,0.5830933690477129,0.4143972941239584,0.8570634090756001,0.6525921785332596,0.20125760338319237,0.44648674904795244,0.30942706942641973
mordred_pca__rf,0,4,3644269654,0.9745037577199971,0.736459152123029,0.10571104703454799,0.37059333480906465,0.25604417134456603,0.9217950101757775,0.5420337799409173,0.12599565714421235,0.3417862592109088,0.23534693298617337,1.0257642857990104,0.6393415339419589,0.04603960680747096,0.23639786809842595,0.15988938511854855,0.712984785764595,0.7377799210888002,0.3258428741843206,0.5914477571845869,0.42008246298143687,0.9087619598648451,0.6639035967736763,0.15089729629263798,0.38505630482574654,0.2678407381076812
mordred_pca__rf,1,0,1206282609,1.0165328920744625,0.7048680624829182,0.0794691397915847,0.2762162323163672,0.18447880581100773,0.8175311480024134,0.5599663792221097,0.15428328800444258,0.4377213774201706,0.3034273109071446,0.9778744201341802,0.6811109109013143,0.09194290370382081,0.30833631890043445,0.21225950867507917,0.6697067567193258,0.698286169808129,0.32756665298092263,0.6075683055960556,0.4298417704358705,0.8704113042325955,0.6610578806036178,0.16331549612019267,0.4074605585582569,0.28250184895727554
mordred_pca__rf,1,1,3543069911,0.9587066726240393,0.7595690802869277,0.11857939020311822,0.3777751796468689,0.2535001465395369,0.8488594552503489,0.5491726787855032,0.17640073128929104,0.397098150771022,0.2758867280949572,0.982155521505005,0.5874787778823183,0.07791725315277413,0.27636845500636986,0.1860292713174352,0.694096195665642,0.6800901265862994,0.37166180548342054,0.641289066948771,0.46015046812529226,0.8709544612612587,0.6440776658852622,0.18613979503215097,0.42313271309325795,0.2938916535193054
mordred_pca__rf,1,2,3479688010,0.8807978871597734,0.7329579497582942,0.13234733160036746,0.38064131306599225,0.2555127572288958,0.869291550200913,0.5824567415695092,0.1760669872150164,0.4158260626675462,0.2883962338198931,0.9940305438974041,0.6001879351711493,0.06978256321980647,0.29501812368143204,0.20022704679687298,0.7240593330405872,0.7703518185596586,0.2951786921418823,0.5802685167640715,0.4199309716424061,0.8670448285746694,0.6714886112646529,0.16834389354426815,0.4179385040447605,0.291016752372017
mordred_pca__rf,1,3,877132087,0.9920209867513277,0.7037188076130649,0.11770079006236643,0.3501019250724148,0.23852103075266387,0.9120147982749266,0.5281986053499599,0.14648631748630483,0.38362504394952257,0.2631466493390466,0.9761004743073055,0.645257065799815,0.06090390892366088,0.259191311795741,0.17243268008114956,0.7689742944084998,0.6888210948323873,0.3512944409030275,0.5970765244598175,0.4241865838954185,0.912277638435515,0.6414988933988067,0.16909636434383993,0.397498701319374,0.2745717360170697
mordred_pca__rf,1,4,1244265337,0.8858156866505357,0.6959894057899515,0.14853371122962786,0.3921217495385,0.2757632078224475,0.8529005547534279,0.48764777131469306,0.1808960563224887,0.4279692349223131,0.30189371956520533,1.03133614164986,0.6246783427928394,0.009925199668588654,0.2844808061690707,0.18716468755930527,0.7633649801821858,0.7341052753124443,0.29834410070574563,0.5620936009142328,0.3976796170412905,0.8833543408090023,0.635605198802482,0.15942476698161273,0.41666634788602913,0.29062530799706215
mordred_pca__rf,2,0,2740186692,0.8851539617148237,0.6835925219072161,0.16705939547542092,0.41376596350229644,0.28633787006524414,0.8948085608809562,0.5096371142509999,0.1346637516108752,0.36630573955496415,0.2589358539339785,0.9942890498823951,0.5925046561627709,0.04004348425718262,0.280429740283524,0.1902123297876896,0.7524420105610985,0.7263402037886287,0.3274225195781204,0.5763843416776843,0.409373419614933,0.8816733957598184,0.6280186240274039,0.16729728773039979,0.4092214462546172,0.2862148683504613
mordred_pca__rf,2,1,3884972972,0.9289431698910328,0.6795459771276057,0.1296473027106363,0.372997350703342,0.2517062932637156,0.8290931323296589,0.5532741060687384,0.2021466473188996,0.48416508135403497,0.3362099030646407,1.0022221264398032,0.6662602655175446,0.033181941739431654,0.2287402278772471,0.15304186543032616,0.7320512353811014,0.7270828670134863,0.31391318498390813,0.6024901736483519,0.42576904298798535,0.8730774160103991,0.6565408039318437,0.16972226918821892,0.42209820839574397,0.29168177618666696
mordred_pca__rf,2,2,829139639,1.008050248326631,0.7616784507658728,0.11253983596610385,0.32568445876596963,0.22099950939444163,0.8133670011220939,0.5302538024762911,0.1830444503949467,0.46448915135931607,0.3278593430485129,0.9836986303640007,0.6637282515823348,0.084108827330291,0.3088254143614392,0.2105820149645452,0.7334729081890395,0.7114305768781521,0.3343251616852023,0.5992881921813656,0.421616228748612,0.8846471970004414,0.6667727704256627,0.17850456884413599,0.4245718041670226,0.29526427403902794
mordred_pca__rf,2,3,2545567356,1.0146229782015899,0.7190818648468559,0.059024167792251045,0.3108224021183408,0.2084743598116103,0.8748134952466087,0.531007048300483,0.19003548788203362,0.4050617790975175,0.2812572079972355,0.9817872338409395,0.6232473694514552,0.058224461376875626,0.24809766256554658,0.16825667979094497,0.7055465096332367,0.6964767959180447,0.34670384972458607,0.6032876524779848,0.42974242422659836,0.8941925542305937,0.6424532696292097,0.16349699169393656,0.3918173740648474,0.2719326679565973
mordred_pca__rf,2,4,2718398101,0.8776644717539316,0.7532131134717889,0.14193935226697696,0.36761684069462736,0.2524010340057447,0.8515442345741921,0.5689304302285924,0.18987950035421053,0.4328099835700455,0.29946808452823764,1.004247803342651,0.5938619766848927,0.04595893616782591,0.24051873367400078,0.16123331949181802,0.7688477963007232,0.7472338172492361,0.28056334023032503,0.5507916403471322,0.3852476304513429,0.8755760764928745,0.6658098344086276,0.1645852822548346,0.39793429957145143,0.2745875171192858
mordred_pca__rf,3,0,176092387,0.9253476772334145,0.7015904545781982,0.14536048959468414,0.39943370886518953,0.2663649523280969,0.8664776494494503,0.55900988735179,0.1878748970773581,0.43164859054982235,0.3015108584603973,0.9813001029294514,0.6377799852288473,0.07751222675118641,0.25806304226236115,0.17398830720862674,0.7335342974453752,0.7378874675132834,0.3126178552872375,0.604468192446393,0.42792023412828883,0.8766649317644228,0.6590669486680297,0.18084136717761654,0.4234033835309415,0.29244608803135247
mordred_pca__rf,3,1,3528048386,0.9719603399989709,0.735348581408923,0.11818716276534763,0.34385423534039183,0.23830793622264304,0.8758251662799706,0.5198618118542195,0.139250971460737,0.3907629450433108,0.2692866683355399,0.953978678831393,0.6393486781528187,0.05209899528772265,0.28091709201255083,0.19056517466339679,0.7730223166496426,0.6958634636199611,0.3235421968286713,0.6051086665204896,0.42846494865808665,0.8936966254399943,0.6476056337589806,0.15826983158561964,0.40516073472918573,0.2816561819699166
mordred_pca__rf,3,2,569531098,0.970560706128256,0.706472071927434,0.1261847569069673,0.3878623703844992,0.26123632452391177,0.8932354838002061,0.5586837133615482,0.11974584973416655,0.3434671434005059,0.24053745599327814,0.9850134673263057,0.6193131413659564,0.051746592588832574,0.24723238874595177,0.1649734380056668,0.6486348071927829,0.6865267279399003,0.35123844886994954,0.6493647067343552,0.4675701622760055,0.8743611161118877,0.6427489136487098,0.162228912024979,0.40698165231632805,0.2835793451997156
mordred_pca__rf,3,3,1337295874,0.9195518322153202,0.7124893159189475,0.1706559062265953,0.4079257276261273,0.2802090161750078,0.852463854098648,0.5292902404172505,0.15978085975732165,0.38915402500071705,0.27166641387603935,1.0059729127871784,0.584900354223691,0.02132641630222865,0.2488063844018543,0.16866419067624752,0.7739505114943652,0.7419124761428181,0.3061747259592694,0.5539075100507332,0.3911688251353745,0.887984777648878,0.6421480966756767,0.16448447706135375,0.39994841176985796,0.2779271114656673
mordred_pca__rf,3,4,612016888,0.9135521631419786,0.7245040916421064,0.10790384361668626,0.33828659508463266,0.23156336095468621,0.8712823407462771,0.5594074539832827,0.13045080253817726,0.36693808839441916,0.24945702252526747,0.9888503996399873,0.6328974563564302,0.09524654836680162,0.26914036078145714,0.18442226644499757,0.7496298113860872,0.7420842410679076,0.2838990865625546,0.5377721549231564,0.37706517056153965,0.8808286787285825,0.6647233107624317,0.15437507027105493,0.37803429979591635,0.2606269551216227
mordred_pca__rf,4,0,232150720,0.916102254882107,0.7480050692321397,0.1377086057550461,0.3826514100196177,0.26281879286573545,0.8223120275266986,0.6055372106577753,0.1771613459950941,0.4358426905006626,0.3026942544346048,1.013917448471565,0.6262938289669981,0.045403033626800156,0.19826714569052692,0.13331435188796284,0.7130473685030557,0.7151765556518754,0.3389605949560414,0.6104517217074252,0.4359732440431029,0.8663447748458566,0.6737531661271972,0.17480839508324542,0.4068032419795581,0.2837001608078515
mordred_pca__rf,4,1,2324106676,0.9337700497922801,0.742118726246212,0.1028285931021627,0.322422223672355,0.21840165953066162,0.8488830869247148,0.5343539858244721,0.1734029171602917,0.43843135678840484,0.3032698877118789,0.958856362513019,0.6035260360036345,0.1135333849209942,0.3219146187222786,0.223359790449632,0.7162722632828432,0.71568975644793,0.34859098374300324,0.630401278394828,0.4518429228858546,0.8644454406282144,0.6489221261305621,0.18458896973161296,0.42829236939446663,0.2992185651445068
mordred_pca__rf,4,2,1658700540,0.9408282867698633,0.7016329345924387,0.1140719395352084,0.357640019076308,0.2424840642738214,0.858784293763594,0.4553698604663996,0.1561513414420594,0.35960818604902733,0.24687384210222285,0.9953600510587262,0.6566658466066654,0.05196027882893908,0.2508519899266636,0.16924269538744527,0.7241817964829022,0.68495379353356,0.3330389313246953,0.5855645595262816,0.4142790543754808,0.8797886070187715,0.6246556087997659,0.16380562278272556,0.3884161886445701,0.2682199140347426
mordred_pca__rf,4,3,609942288,0.8988163695987968,0.6930540188944829,0.17560668211039074,0.42661525503024833,0.291533951938184,0.8292832215311318,0.5262935720866303,0.20657596770475511,0.45006276998964473,0.31104256759290044,0.9593712706788947,0.5651956349102015,0.10610572117491399,0.35895945349521674,0.2429925391263745,0.7971693527927087,0.7570333302549944,0.26281076720776547,0.513874921002544,0.36489686361961926,0.8711600536503831,0.6353941390365774,0.18777478454945634,0.4373780998794134,0.3026164805692696
mordred_pca__rf,4,4,3405943863,0.9695438781430248,0.682224071742193,0.11862548463829303,0.3338579446532997,0.22720511789907777,0.9311404570089712,0.5821348562940236,0.13184951835323935,0.3891552275878045,0.2676338252412305,1.0250056072892608,0.6678577832721871,-0.00252327733294167,0.19728914133889655,0.1323455846923517,0.7293611432339684,0.7320848639320926,0.3210559745946763,0.6030668757486535,0.4254925329339464,0.9137627714188064,0.666075393810124,0.14225192506331674,0.3808422973321635,0.26316926519165157
mordred_pca__xgboost,0,0,2684470948,0.9222178760345211,0.7499565464812025,0.08828007972188817,0.32750441403161806,0.22850068455750022,0.9049423402913414,0.6060899676416102,0.15043820708012653,0.3871369267865808,0.26509285262537685,1.0312902995887057,0.6325720093985185,0.03340470962572015,0.2056294795698712,0.13985853559063885,0.7713942550904057,0.7388139977078916,0.2921391033412475,0.5449312991423936,0.3801469447921121,0.9074611927512434,0.6818581303073056,0.14106552494224558,0.3663005298826159,0.253399754391407
mordred_pca__xgboost,0,1,4091952314,1.0272380480797856,0.713827526885406,-0.013530848114740465,0.31355383378627505,0.2097485343829158,0.8923215750702678,0.5290525567605414,0.09734070664739293,0.2919543053210699,0.19971947869412612,1.068520014411486,0.6766667302413588,-0.030553591311121085,0.14472285096181756,0.09697293920180208,0.7691990352408622,0.706876681628829,0.2857970973898537,0.5302547530225052,0.3786774366608691,0.9393196682006003,0.6566058738790338,0.08476334115284624,0.3201214357729169,0.22127959723492827
mordred_pca__xgboost,0,2,233227757,1.0280033057511822,0.8177035989846224,-0.024375194702750104,0.2607533717302468,0.17624997110806226,1.0083210062471777,0.5538951300318344,0.03673853588573084,0.23622544433616,0.158080186127111,1.1346946143676968,0.642087573760411,-0.02990518735162061,0.1556189990980403,0.1052951023990381,0.7716483773583276,0.682933042046631,0.2943744667461877,0.5458887233227661,0.38441638696842234,0.985666825931096,0.6741548362058748,0.06920815514438694,0.2996216346218033,0.20601041165065842
mordred_pca__xgboost,0,3,3276785861,0.9693195429264754,0.6745739940036619,0.08754559124620093,0.353461949565397,0.24412450704487118,0.9510964402818822,0.5934843479380361,0.06772141323211303,0.3204986236429193,0.21871903094068154,1.037014564951126,0.6872956372023853,-0.01851299662887905,0.17264507668232132,0.11434802389963156,0.7787812417419161,0.7530627498075425,0.3224417229501094,0.5639930421896447,0.39502269638221144,0.93405294747535,0.6771041822379065,0.11479893269988606,0.3526496730200706,0.24305356456684893
mordred_pca__xgboost,0,4,3644269654,1.0081663057844088,0.7571312942499796,0.03353847666704251,0.2803007304636474,0.18932929719355035,0.9686816894285138,0.5508241590303669,0.060076459844843264,0.3268366033457739,0.22071646946409962,1.016466452804602,0.6342401278696259,0.057657513721076456,0.27818841631008706,0.19019368915358928,0.7092263461558782,0.7102314320543517,0.3248154112703098,0.5657356110840311,0.4036033962637091,0.9256351985433506,0.6631067533010809,0.11902196537581798,0.36276534030088486,0.25096071301873707
mordred_pca__xgboost,1,0,1206282609,1.04837257715302,0.7132840271367938,0.04241056308624377,0.24947725118820277,0.17081561929784042,0.9362931336291317,0.5864165702067103,0.026876625900186083,0.24817106428968747,0.1730951958763323,1.0247900347013132,0.7028629272484245,0.043959297132920294,0.22279755162210982,0.15051457656820738,0.677430753967784,0.6861322140272719,0.3163543628164705,0.5884283870280322,0.41685394742220766,0.9217216248628122,0.6721739346548001,0.10740021223395514,0.32721856353200807,0.22781983479114695
mordred_pca__xgboost,1,1,3543069911,1.002237654673027,0.7789796595405271,0.043470520850648314,0.31496750720993033,0.21163581638678472,0.9740927213087719,0.6026242666866031,0.023903685370059047,0.11846061010015763,0.08199347268110156,1.055484608619016,0.6147712813055278,-0.06458134917883565,0.14143348647482,0.09189593207707238,0.6729026451415266,0.6464736142373733,0.4300899322907419,0.6454764795738493,0.46352045559710847,0.9261794074355852,0.6607122054425077,0.10822069733315337,0.30508452083968934,0.21226141918551678
mordred_pca__xgboost,1,2,3479688010,0.9773005504349689,0.7810162833178173,0.02974109372201001,0.22456831645239694,0.15123402072921022,0.9319554116530254,0.6047833550475123,0.13081747635344357,0.3685387986552857,0.251984383173573,1.0014163508989318,0.6074120700217092,0.040849065042945325,0.2200191064594565,0.14781355423173428,0.7764477067805243,0.7881132642500507,0.26529280691490226,0.5219800921728236,0.37116206035016697,0.9217800049418625,0.6953312431592724,0.11667511050832527,0.33377657843499065,0.2305485046211711
mordred_pca__xgboost,1,3,877132087,1.0187336277154406,0.713749477465636,0.019999809188757663,0.20116320019501474,0.1356120376131067,1.0245531814621187,0.5597763907862278,0.005491620568787231,0.17626908790742613,0.1249174508718517,1.0029798718563072,0.6556040023908017,0.010953606945736324,0.1343797593936822,0.09627795288002586,0.7952453795336261,0.6887472412856259,0.3256978148851486,0.5454034243798266,0.383963453564035,0.9603780151418732,0.6544692779820729,0.09053571289710743,0.2643038679689874,0.18519272373225482
mordred_pca__xgboost,1,4,1244265337,0.9525963428372302,0.7364287204352074,0.06681907665562747,0.3338060096078545,0.220666641584742,0.8592131324592013,0.495385368047443,0.17381923032418453,0.40149264423229436,0.28186925588304684,1.0133231862013108,0.6151086164191722,0.001560161224235389,0.1297899487517317,0.08899610835726232,0.8533784760987084,0.7621018916751789,0.2176791905172675,0.4573145908273787,0.31790111972718166,0.9196277843991126,0.6522561491442503,0.11496941468032872,0.3306007983548148,0.2273582813880582
mordred_pca__xgboost,2,0,2740186692,0.929413745555815,0.7036942936350898,0.1060589570484536,0.3486351582310358,0.23407623190275775,1.0313894804779555,0.5636566910159404,-0.0352633341471139,0.16047368991141675,0.11098559761725364,1.0583970033269623,0.6212829354815091,-0.03921547974123657,0.1399321568011189,0.09399784571779846,0.7761636765420162,0.7220850928063,0.3122511535045457,0.5509838695866938,0.3860320593608888,0.9488409764756873,0.6526797532347097,0.08595782416616216,0.30000621863256627,0.20627293364967467
mordred_pca__xgboost,2,1,3884972972,0.9954036225908568,0.705858240479811,0.010180063331888686,0.19188230371791948,0.13177432048687288,0.9677250062304282,0.6057265406922351,0.06724494041986963,0.2836579557232229,0.19338245668300064,1.0087506859474593,0.6717139581921109,0.0045880617825831815,0.14905763337760158,0.1032373080434656,0.7593096356310373,0.7178104532431241,0.3015070587675854,0.5646108707408103,0.39304530849318464,0.9327972375999455,0.6752772981518202,0.0958800310754817,0.2973021908898886,0.20535984842663094
mordred_pca__xgboost,2,2,829139639,1.014786432974709,0.7565239313470862,-0.008827332673707453,0.15880258143244416,0.10756796959165445,0.9190194238904468,0.5588940299005708,0.11233388108729726,0.400169860797462,0.2711622101401326,1.0535506644828774,0.6925764912753413,0.006436368941784819,0.1637192235062846,0.11042387237692045,0.7639783130677604,0.7098556205405743,0.33621245103692715,0.5824916065586898,0.4070840167853228,0.9378337086039483,0.6794625182658931,0.11153884209807542,0.32629581807372016,0.22405951722350756
mordred_pca__xgboost,2,3,2545567356,1.0455081218191125,0.7319051860048126,-0.003101294787706219,0.2919149250191351,0.1997887277045036,1.019156601968618,0.5799636034919585,0.03837918903944117,0.27749129579409143,0.18342795466853007,0.9914306390614334,0.6283979959333129,0.047000853200483896,0.23464876344758356,0.15954180939838045,0.7633351638905264,0.7024737883562441,0.31856425008675127,0.5502466935416184,0.3909806759434173,0.9548576316849224,0.660685143446582,0.1002107493847425,0.3385754194506071,0.23343479192870786
mordred_pca__xgboost,2,4,2718398101,0.9414801554072947,0.7828064598413134,0.06974091243210369,0.2922049438520185,0.1991036151850693,0.9293698585812447,0.603657644552264,0.1204491366829719,0.34897572660083886,0.2357889030667012,1.0101868842447708,0.5959952082405099,0.0037111387093385667,0.08655263190083504,0.06028992768016963,0.7563028591252869,0.7226435352758775,0.3062222332492711,0.5449564005451031,0.38130452250363267,0.9093349393396493,0.6762757119774913,0.1250308552684213,0.3181724257246989,0.21912174210889318
mordred_pca__xgboost,3,0,176092387,0.9894784556294505,0.7356992936241684,0.06290226324652175,0.26627923621160027,0.17934066849184185,0.9489094665509691,0.5905623086823584,0.09488114012369092,0.29630090120297975,0.20273532871985686,1.0969769932475546,0.688817846005053,-0.006502801806308952,0.1290416679127689,0.08767909809105799,0.7480290193418178,0.7149423022206183,0.3497648305620586,0.5849685246454829,0.4093464700290689,0.945848483692448,0.6825054376330495,0.12526135803149055,0.31914758249320796,0.2197753913329564
mordred_pca__xgboost,3,1,3528048386,1.017828143440109,0.7573272075549168,0.052883009931248566,0.29975447812298794,0.20555783840419567,0.9359293023439667,0.5435628382975544,0.06266352858269614,0.35622861351251983,0.24327253178049255,1.069638552671585,0.6883768208304588,-0.046599791168815664,0.0830891019945224,0.057486893127995334,0.8166355289757883,0.6993484152350348,0.3145352909970459,0.5620782921559371,0.39484126555890353,0.9600078818578622,0.6721538204794911,0.09587050958554372,0.3252876214464918,0.22528963221789677
mordred_pca__xgboost,3,2,569531098,1.0684712711234057,0.7579508507046873,0.026690678317797905,0.2799031689053685,0.18530456115304314,0.9887485363762099,0.592771010437531,0.03255908054354855,0.1977369748481626,0.13930942963700713,1.0151636519938279,0.631796571268791,-0.016907652538656705,0.1061071304644001,0.07472705191303325,0.7517564038611267,0.721783957885273,0.30117512374852423,0.5470723354137997,0.3848547284203033,0.9560349658386426,0.6760755975740705,0.08587930751780347,0.2827049024079327,0.19604894278084672
mordred_pca__xgboost,3,3,1337295874,1.0393443636816564,0.7660408404812463,0.04239353392741926,0.3119111764648307,0.21441350020286026,0.9098100545220403,0.5368633743718494,0.13251595336869,0.39350675016708103,0.2761835579516978,1.1264448705161025,0.626671619463607,-0.06983269267633398,0.2054124810079167,0.14126100563729826,0.7735520928453713,0.7401826837072316,0.28839136144924105,0.5121672629411869,0.36221758113646035,0.9622878453912926,0.6674396295059836,0.09836703901725406,0.3557494176452538,0.24851891123207917
mordred_pca__xgboost,3,4,612016888,0.924333921802296,0.7374613234970008,0.04872507652097297,0.2294666701661064,0.1599309374936242,0.9858679845411206,0.582226582768074,0.03966312089317183,0.3105644912434907,0.21631687760937424,1.0081053545161838,0.6479555638171982,0.01927598310676356,0.16030508073399166,0.11109566968593634,0.8180379602012803,0.7539852199639185,0.23558870341536575,0.46511150950177693,0.32507512524919757,0.9340863052652202,0.6804071725115479,0.0858132209840685,0.29136193791134146,0.20310465250953308
mordred_pca__xgboost,4,0,232150720,0.9628953667432995,0.7628741916674466,0.11109006504175196,0.3458048185688058,0.2367575273242092,0.8911476450391633,0.6391154574950276,0.11997987494888221,0.3437929575276568,0.22647669076513682,1.0594772951244602,0.6451116278127246,-0.008082049110537885,0.0353587708429639,0.022403563102331873,0.7741707807713238,0.7314271229065565,0.3094795639783891,0.5353346586083529,0.37522872973913335,0.9219227719195617,0.6946320999704388,0.13311686371462134,0.3150728013869448,0.2152166277327028
mordred_pca__xgboost,4,1,2324106676,1.0120177903762995,0.7873143614323164,-0.006078924707070284,0.15443974088719103,0.10116195500804315,0.9637748067117973,0.5720331991879962,0.08331815195735631,0.30355925772787634,0.20625436487635324,1.0540670141683501,0.6391235939715209,-0.015545045020709811,0.24549210565854188,0.16447165837371147,0.751722665137552,0.6891427839474509,0.3578848177519712,0.5746583182523914,0.40876944220965633,0.9453955690984996,0.6719034846348211,0.10489474999538682,0.3195373556315002,0.22016435511694105
mordred_pca__xgboost,4,2,1658700540,0.9634323240057708,0.7162182097125985,0.051853289594875965,0.2985171992640919,0.2041136551966097,1.0009821746908685,0.4959661452781327,0.018842181300844002,0.1853229123511006,0.1288079409000616,1.0944141599467763,0.7065981393372559,-0.04694655745146931,0.07078288009149927,0.0482336437178386,0.8027904563165789,0.7056273219544055,0.2945062105929758,0.5336283088067638,0.3703961590253709,0.9654047787399986,0.6561024540705982,0.0795637810093066,0.2720628251283639,0.1878878497099702
mordred_pca__xgboost,4,3,609942288,1.0329117778507788,0.7596099415693551,0.004797498989538515,0.26552475488865196,0.17975635773375578,0.966733435809837,0.5707623416374413,0.08980963091541637,0.3717734689721598,0.25476508319062463,1.0849699594280358,0.6132550573739389,0.03322537270688497,0.36535334626210864,0.2452508334254741,0.7954788147869206,0.7250973404850451,0.26923870384400156,0.5124785980443626,0.3610633029990664,0.970023496968893,0.6671811702664452,0.09926780161396034,0.3787825420418207,0.2602088943372302
mordred_pca__xgboost,4,4,3405943863,1.0148743732596588,0.70088224342463,0.08195188100895116,0.31601091300343515,0.21260985307887686,0.9938247634724484,0.6084745744730186,0.05910096220190042,0.23513977488267634,0.16132720272306367,1.1133307159356673,0.7059267185024802,-0.05401493816606367,0.12065308596621399,0.08218036769428254,0.8203006406039198,0.7714482236718866,0.23013621405514273,0.48802247250968617,0.3355724293270743,0.9855826233179236,0.6966829400180038,0.07929352977498264,0.28995656159050287,0.19792246320582432
naive_mean,0,0,2684470948,0.9858944182561744,0.7837521026528755,-0.004845904502188556,0.0,0.0,1.037155529296195,0.6662712546721979,-0.009306767260311183,0.0,0.0,0.9967421525348973,0.6189699233179679,-0.013627470848998723,0.0,0.0,1.0061522655353063,0.9114601553164138,-0.0023086673223485215,0.0,0.0,1.0064860914056433,0.7451133589898637,-0.007522202483461741,0.0,0.0
naive_mean,0,1,4091952314,1.006898247605642,0.7084359483719859,-0.003916420039845304,0.0,0.0,0.9752173787211886,0.5546567079681874,-0.009893595605931052,0.0,0.0,0.9973007184534262,0.6448732430016598,-0.0034455292807503324,0.0,0.0,1.0186582424194395,0.8824895613127955,-0.00503041480668833,0.0,0.0,0.9995186467999241,0.6976138651636571,-0.005571489933303749,0.0,0.0
naive_mean,0,2,233227757,0.9888632686307958,0.7935787310235374,-0.004752912774218435,0.0,0.0,1.024291048168341,0.55781412627972,-0.0076880699846547185,0.0,0.0,1.0164772798176591,0.5963775797171985,-0.01166317854217365,0.0,0.0,0.993573476539047,0.831451494687455,-0.0027492332194069997,0.0,0.0,1.0058012682889608,0.6948054829269776,-0.006713348630113446,0.0,0.0
naive_mean,0,3,3276785861,1.0243898055899745,0.7084371882237523,-0.0065911795841394494,0.0,0.0,0.9821654734626831,0.6160942517143067,-0.009661973007163925,0.0,0.0,1.0031188798838293,0.673578294214199,-0.004155369084734434,0.0,0.0,0.9983836316087655,0.9267687607861957,-0.0022543876589088178,0.0,0.0,1.002014447636313,0.7312196237346135,-0.005665727333736651,0.0,0.0
naive_mean,0,4,3644269654,1.0157767688139547,0.7595609017407045,-0.003788854425268628,0.0,0.0,1.014467521888624,0.5759693661976452,-0.004496695839270938,0.0,0.0,1.003601091262648,0.62846472553539,-0.005033934025456765,0.0,0.0,0.9909413404627386,0.9277353815119969,-0.0030781981989358607,0.0,0.0,1.0061966806069913,0.7229325937464341,-0.004099420622233042,0.0,0.0
naive_mean,1,0,1206282609,1.0408242400811416,0.7163287720865366,-0.009531526450379095,0.0,0.0,0.976922177086778,0.6020994862137976,-0.01340815735682782,0.0,0.0,1.002010486940651,0.6952129771922757,-0.004134589955112718,0.0,0.0,0.9664760421079779,0.8879389772409026,-0.01608501879609396,0.0,0.0,0.9965582365541371,0.725395053183378,-0.010789823139603397,0.0,0.0
naive_mean,1,1,3543069911,1.016789146606454,0.7909137475897697,-0.004834215604345671,0.0,0.0,1.0056363317278052,0.6105354194821052,-0.0037854125560748343,0.0,0.0,1.0005115890060752,0.5939752574580014,-0.0032074477466257855,0.0,0.0,1.0239095406666248,0.8972694699391283,-0.005464690109489624,0.0,0.0,1.0117116520017397,0.7231734736172512,-0.0043229415041339736,0.0,0.0
naive_mean,1,2,3479688010,0.9638564731873246,0.7778211798050323,-0.009622691847529913,0.0,0.0,1.0041047897567772,0.6339862731272162,-0.0038053292110512065,0.0,0.0,1.0161775576202703,0.6120970261159651,-0.015205876440890475,0.0,0.0,0.9929474428032418,0.950188802670339,-0.0033500244711211105,0.0,0.0,0.9942715658419035,0.7435233204296382,-0.007995980492648174,0.0,0.0
naive_mean,1,3,877132087,1.023204379118556,0.7169805336632605,-0.005742900920234248,0.0,0.0,1.0248980734498025,0.5665258628016847,-0.007023778933215484,0.0,0.0,0.9955206377553787,0.6518658629167,-0.008605876766177816,0.0,0.0,1.0328667808842902,0.8619427985413409,-0.007973506056370976,0.0,0.0,1.019122467802007,0.6993287644807465,-0.007336515668999627,0.0,0.0
naive_mean,1,4,1244265337,0.9777700083314531,0.7472463239218087,-0.006799593925623039,0.0,0.0,1.0174768282853786,0.5501436348263128,-0.006005148476080075,0.0,0.0,0.9933521442952957,0.6062349377689523,-0.010209371693972942,0.0,0.0,1.0067164989133948,0.8928855728911107,-0.0024369466205291855,0.0,0.0,0.9988288699563805,0.6991276173520461,-0.006362765179051303,0.0,0.0
naive_mean,2,0,2740186692,1.0009125035305275,0.7462004518286758,-0.003487545299036903,0.0,0.0,1.0119963043671711,0.5512282259835792,-0.0046943043304733464,0.0,0.0,0.9955444714679899,0.5925637854561242,-0.016782290981735355,0.0,0.0,1.007117384726714,0.8986500579823911,-0.0027341591273152173,0.0,0.0,1.0038926660231007,0.6971606303126926,-0.006924574934640199,0.0,0.0
naive_mean,2,1,3884972972,0.992885000940418,0.7060640298649351,-0.003960642757374374,0.0,0.0,1.00305214689037,0.6201351334640324,-0.003822472645278959,0.0,0.0,1.0026911788855766,0.6707759862006901,-0.0037339352408009207,0.0,0.0,1.0110427457832505,0.9107100679173752,-0.0027830620119637128,0.0,0.0,1.0024177681249038,0.7269213043617583,-0.0035750281638544834,0.0,0.0
naive_mean,2,2,829139639,1.021390547572484,0.7664234135179596,-0.004943807916280048,0.0,0.0,0.9756644842229484,0.5857643199267609,-0.022749969107813406,0.0,0.0,1.0090048840410657,0.6734812904411962,-0.005320467347616277,0.0,0.0,0.9767060061721631,0.8706212687737095,-0.008553625365885324,0.0,0.0,0.9956914805021653,0.7240725731649066,-0.010391967434398762,0.0,0.0
naive_mean,2,3,2545567356,1.051353290417105,0.7419091860159257,-0.013899373419879086,0.0,0.0,1.0253854133732838,0.5766218434204814,-0.006968213273912624,0.0,0.0,1.0024847722844241,0.6338876367478399,-0.0036932502446369955,0.0,0.0,0.9966430608646059,0.8791720374382913,-0.0023625361383238573,0.0,0.0,1.0189666342348547,0.7078976759056347,-0.006730843269188135,0.0,0.0
naive_mean,2,4,2718398101,0.9552480663434755,0.7968827493374574,-0.014993433272278886,0.0,0.0,1.0229232597161413,0.6329659556879634,-0.006099570085488574,0.0,0.0,1.0002318646949526,0.5917678288334065,-0.004020733326414001,0.0,0.0,1.0149569712867892,0.9177060837648693,-0.004076602137159012,0.0,0.0,0.9983400405103396,0.7348306544059242,-0.007297584705335113,0.0,0.0
naive_mean,3,0,176092387,0.9828464688527493,0.7293348175270168,-0.005483374006163839,0.0,0.0,1.0321014780791222,0.6287324812907347,-0.010243954378908546,0.0,0.0,0.9956167720212433,0.6452000567838299,-0.008132543516846908,0.0,0.0,0.9954175030377013,0.909125364513972,-0.0025653172107857965,0.0,0.0,1.001495555497704,0.7280981800288883,-0.006606297278176268,0.0,0.0
naive_mean,3,1,3528048386,1.0242452430507718,0.7613521550371389,-0.005840811264325537,0.0,0.0,0.9867984692800258,0.557197512009459,-0.005772357890631017,0.0,0.0,1.011721451592531,0.6655682667075207,-0.016679910472525393,0.0,0.0,1.0503148668674835,0.8744770344480888,-0.018103519550479646,0.0,0.0,1.018270007697703,0.7146487420505518,-0.011599149794490397,0.0,0.0
naive_mean,3,2,569531098,1.0469009753584821,0.7430442735607129,-0.01094126685799947,0.0,0.0,1.0175933070102945,0.6038193314193717,-0.006103021243892301,0.0,0.0,0.9954459389447917,0.626242968697327,-0.008992494005032823,0.0,0.0,0.9859597764663579,0.8948043540065777,-0.00412992121444851,0.0,0.0,1.0114749994449816,0.7169777319209972,-0.007541675830343273,0.0,0.0
naive_mean,3,3,1337295874,1.0282137068117727,0.772548371104471,-0.006140504484640105,0.0,0.0,0.994833590930717,0.5790007343790798,-0.00499732599734049,0.0,0.0,1.0012970694468175,0.5808433800916877,-0.003449825544082464,0.0,0.0,1.0117550604023842,0.9097950124930276,-0.003160755197657007,0.0,0.0,1.0090248568979228,0.7105468745170666,-0.004437102805930009,0.0,0.0
naive_mean,3,4,612016888,0.961801692407124,0.7567369581942122,-0.01708709840566896,0.0,0.0,0.9763217840226475,0.5931254940982414,-0.0076975907462877875,0.0,0.0,1.0023511045925,0.6445499431786458,-0.003889438861687433,0.0,0.0,0.9704953983252967,0.8964422308914869,-0.011354164422965399,0.0,0.0,0.977742494836892,0.7227136565906466,-0.010007073109152392,0.0,0.0
naive_mean,4,0,232150720,0.9879867907199392,0.7893958464656317,-0.004580120843928596,0.0,0.0,0.9825256043712725,0.6752400782088152,-0.013085300842606118,0.0,0.0,0.9984756636387456,0.6207417352534718,-0.004055817912845387,0.0,0.0,0.993886979125171,0.9111143961202204,-0.0026899898780025208,0.0,0.0,0.9907187594637821,0.7491230140120346,-0.006102807369345652,0.0,0.0
naive_mean,4,1,2324106676,0.9963340856850009,0.7817724293093288,-0.0034835913235363608,0.0,0.0,0.9876219156188372,0.5860971442592775,-0.006160326555908124,0.0,0.0,1.0000705497263611,0.6178744250843206,-0.0035366437407037977,0.0,0.0,0.9962608447573594,0.8980839690726392,-0.0023802467663634804,0.0,0.0,0.9950718489468896,0.7209569919313915,-0.003890202096627934,0.0,0.0
naive_mean,4,2,1658700540,0.9967563874727524,0.734937335626002,-0.003643317085367984,0.0,0.0,1.0097239551347912,0.48988078818583697,-0.004646451696460941,0.0,0.0,1.005078590623656,0.6605927809533866,-0.013112828052984159,0.0,0.0,0.9977663354834861,0.8529196705457315,-0.0022880939928722924,0.0,0.0,1.0023313171786714,0.6845826438277393,-0.005922672706921336,0.0,0.0
naive_mean,4,3,609942288,0.9960194768107132,0.7402361960638397,-0.0035726090969984982,0.0,0.0,1.0137436948782503,0.5927374182498993,-0.0043832589749558705,0.0,0.0,1.0065405535758942,0.5886594182520675,-0.0042851323770273335,0.0,0.0,1.0108579543260237,0.902170330122569,-0.002690406401087147,0.0,0.0,1.0067904198977204,0.7059508406720938,-0.0037328517125172055,0.0,0.0
naive_mean,4,4,3405943863,1.0450285566626476,0.7108866100089957,-0.011773021120823436,0.0,0.0,1.0450530386822003,0.6184088781691907,-0.015573495829868273,0.0,0.0,1.0111049145542343,0.6659617380847672,-0.009787234421689514,0.0,0.0,1.0078036323201058,0.9139782018604732,-0.0023561007727952396,0.0,0.0,1.027247535554797,0.7273088570308568,-0.00987246303629411,0.0,0.0
