inchikey,y_pred,y_true,fold,arm
PVNIIMVLHYAWGP-UHFFFAOYSA-N,2.447389,2.273187415,0,baseline
JWZZKOKVBUJMES-UHFFFAOYSA-N,3.1940837,3.853962615,0,baseline
HXGBXQDTNZMWGS-RUZDIDTESA-N,5.3645496,4.980639392,0,baseline
RLMUFLVAROGUMJ-UHFFFAOYSA-N,4.4768186,4.441333868,0,baseline
PIXMJBOEBUQEEW-UHFFFAOYSA-N,4.076269,4.70326415,0,baseline
GOTYRUGSSMKFNF-UHFFFAOYSA-N,3.0160377,2.161463383,0,baseline
YJGVMLPVUAXIQN-XVVDYKMHSA-N,5.091472,5.491105252,0,baseline
BCEHBSKCWLPMDN-MGPLVRAMSA-N,4.902029,3.80082054,0,baseline
UIAGMCDKSXEBJQ-UHFFFAOYSA-N,4.6310444,5.680652535,0,baseline
FAKRSMQSSFJEIM-RQJHMYQMSA-N,2.2992072,2.324624968,0,baseline
VZZJRYRQSPEMTK-CALCHBBNSA-N,5.3110676,5.005361857,0,baseline
QRZAKQDHEVVFRX-UHFFFAOYSA-N,3.1258526,2.36673856,0,baseline
FOBFOEZLLATUMX-UHFFFAOYSA-N,4.506987,4.552812463,0,baseline
QAKYWAMJKFCXEF-UHFFFAOYSA-N,4.814384,4.686252178,0,baseline
GWKKACOWMLNGAU-UHFFFAOYSA-N,4.065638,3.902369885,0,baseline
SFFQJAZXVFNTET-UHFFFAOYSA-N,4.9064374,3.467917395,0,baseline
IJXKTNXZLUWVPW-UHFFFAOYSA-N,3.0496073,1.98367122,0,baseline
DHQWOWWYSIXUOX-UHFFFAOYSA-N,5.365605,5.639553692,0,baseline
CFWFMSIZXRKNNO-UHFFFAOYSA-N,3.1998024,2.206256075,0,baseline
FWUVJXRZTDKDIO-UHFFFAOYSA-N,4.717373,5.646787395,0,baseline
WPBCUTZPCFFBTO-UHFFFAOYSA-N,4.768732,3.846268418,0,baseline
SDTAXCBCRRJDSR-UHFFFAOYSA-N,3.0904365,2.23144827,0,baseline
CFCALRFTJMJNCF-UHFFFAOYSA-N,3.764568,3.479948305,0,baseline
CFUFBCRJXAPUJE-UHFFFAOYSA-N,3.0027673,2.053682982,0,baseline
PDODIQSMNZENSC-UHFFFAOYSA-N,3.512204,2.547484273,0,baseline
FEGBIJFBCXKVFZ-LSDHHAIUSA-N,3.227089,3.29505238,0,baseline
YSUJLOTUTGXMLQ-UHFFFAOYSA-N,4.0650125,3.622686865,0,baseline
WOGAEFGJGCXZAZ-UHFFFAOYSA-N,3.0939226,2.029039945,0,baseline
ZRYNHQKLUTZQLA-UHFFFAOYSA-N,3.543642,2.644012105,0,baseline
HETBTAMOBRGESM-UHFFFAOYSA-N,3.9712598,3.624866728,0,baseline
JGZHGYZQBVTMJC-UHFFFAOYSA-N,2.911416,2.247989647,0,baseline
AOJAFUDDLZLWHH-UHFFFAOYSA-N,3.599401,2.21060679,0,baseline
AWUCBRVUTSPZQP-UHFFFAOYSA-N,4.468053,5.43996689,0,baseline
KQWVGAQCBXYSBL-UHFFFAOYSA-N,5.012824,5.13412217,0,baseline
CKULYSVCWINHRD-UHFFFAOYSA-N,4.8119926,4.838466442,0,baseline
XYQUEYBQTCSVQX-UHFFFAOYSA-N,4.86385,5.96637383,0,baseline
QCYJPTYQHOZBTF-UHFFFAOYSA-N,5.074983,5.431020372,0,baseline
BDHDGFPUBOQSQB-UHFFFAOYSA-N,4.968733,5.733716787,0,baseline
FDTLDSJQJPLLPT-UHFFFAOYSA-N,4.0354,4.410240222,0,baseline
DSKAGMDZAGTBAH-UHFFFAOYSA-N,4.079794,2.579478153,0,baseline
QAWUYFWCXHGPBK-UHFFFAOYSA-N,4.318269,3.717094888,0,baseline
XRUYCSOTZWLSMU-UHFFFAOYSA-N,3.3046045,2.177398278,0,baseline
YGHZSNAECIEOIF-UHFFFAOYSA-N,3.8518012,4.526692223,0,baseline
DXWYWLDDFFYRBF-UHFFFAOYSA-N,3.7524683,2.948431848,0,baseline
GKWFLKZYXIKUQH-UHFFFAOYSA-N,5.107093,4.855531348,0,baseline
JGTVHIAIXYKOTI-UHFFFAOYSA-N,5.0379696,5.914312052,0,baseline
CBRQOHPCDLQLPJ-UHFFFAOYSA-N,4.9371614,4.731289415,0,baseline
QNLHNCPDDFWRQF-UHFFFAOYSA-N,4.706095,3.865637308,0,baseline
UISBDOVUEJVHOM-UHFFFAOYSA-N,4.473677,2.581972495,0,baseline
GVMFXFGUVKNDTJ-UHFFFAOYSA-N,3.70024,4.55709736,0,baseline
RUBZJFAKOKTNCJ-UHFFFAOYSA-N,4.4075804,4.068564775,0,baseline
ZRDDUQNCPHKPCT-UHFFFAOYSA-N,3.688796,2.298208105,0,baseline
YCVRTKMAPZFIEU-RDJZCZTQSA-N,4.6383567,3.626002505,0,baseline
TXWRWZKMDWLPJI-UHFFFAOYSA-N,4.74361,5.173216105,0,baseline
LAKMZUJEPXHSQY-UHFFFAOYSA-N,4.8749704,5.258509235,0,baseline
YKVLNDDAPLQHQD-UHFFFAOYSA-N,4.324438,4.663993425,0,baseline
QGVJVDSSUBWUGO-UHFFFAOYSA-N,5.058745,4.788579197,0,baseline
NQKQACGDDZDFGL-UHFFFAOYSA-N,4.6290216,5.228164608,0,baseline
BNGXYKGPLNBSAF-UHFFFAOYSA-N,4.149249,2.02041593,0,baseline
WQPXKISOMALLDG-UHFFFAOYSA-N,5.3486347,5.337629942,0,baseline
PFNJCNWOBAUXCO-UHFFFAOYSA-N,5.219142,5.55603187,0,baseline
YMARYWNDXSNPMK-UHFFFAOYSA-N,4.3828897,5.14452858,0,baseline
GJHOQPYBMAKJRB-UHFFFAOYSA-N,5.127642,5.239640683,0,baseline
LUYXTBKTNMYWDB-UHFFFAOYSA-N,4.535332,4.994229285,0,baseline
WZGUFSYUDFQWBF-UHFFFAOYSA-N,3.4273136,1.966218385,0,baseline
SOWHXMPYVHVKNM-UHFFFAOYSA-N,2.5426934,1.96408744,0,baseline
CSVITYFJUGJDJL-UHFFFAOYSA-N,3.3555646,3.814395395,0,baseline
XOMFEUVPSSJASA-UHFFFAOYSA-N,4.024212,4.112927565,0,baseline
VYHRYSNAZJVJNC-LLVKDONJSA-N,4.1378803,2.433856025,0,baseline
XSCFQDHSPXTQFT-UHFFFAOYSA-N,3.301741,3.552159,0,baseline
LDWRQBCBDUYCBF-UHFFFAOYSA-N,4.650103,4.06697716,0,baseline
DLOMJSNDIHDMTK-UHFFFAOYSA-N,5.0634274,4.77079698,0,baseline
DZKIVBMSEPJVDO-UHFFFAOYSA-N,4.84346,5.0718178,0,baseline
XZFNSPBVNWVTJC-UHFFFAOYSA-N,4.218113,4.059785025,0,baseline
PSMOSYOPNQRHNZ-UHFFFAOYSA-N,4.7271485,4.914309425,0,baseline
WTFXQTNMNBBFAO-UHFFFAOYSA-N,4.4799857,4.275799225,0,baseline
QAROPJJFLVXWSM-UHFFFAOYSA-N,4.269077,4.965954425,0,baseline
LKHRRVQZULYLAS-UONOGXRCSA-N,3.750257,3.873931203,0,baseline
YKXGBOCHBJEVRD-UHFFFAOYSA-N,3.895831,3.49645816,0,baseline
GBWWSIQMFCLPIJ-UHFFFAOYSA-N,3.8451445,4.238793732,0,baseline
HCYSRWCEBFYUAA-CQSZACIVSA-N,4.6335583,5.069097875,0,baseline
QPAJEUJMJBPJOL-UHFFFAOYSA-N,3.1363301,2.124743468,0,baseline
MOMOPKAZNASMQJ-UHFFFAOYSA-N,4.3748956,4.970871237,0,baseline
ZMXPQYBGJYNFMM-UHFFFAOYSA-N,5.38821,4.605632335,0,baseline
FUPMVALOMRMPTI-UHFFFAOYSA-N,3.9708009,3.851475855,0,baseline
WEMDNGXFLHBHKC-UXHICEINSA-N,4.7691593,4.522788958,0,baseline
RWLXVOZONVHWTI-UHFFFAOYSA-N,5.0751667,3.836926565,0,baseline
MNAGYZJQDLFINB-UHFFFAOYSA-N,4.7933407,4.37040202,0,baseline
HDXXWIMMIYDYQO-UHFFFAOYSA-N,5.163052,5.774263255,0,baseline
XHJCHAYXQKWCFX-UHFFFAOYSA-N,3.7861767,3.502739865,0,baseline
RGJLGHOKRSIVNB-UHFFFAOYSA-N,4.199923,4.301574933,0,baseline
AUGRFJVNNHVTMY-UHFFFAOYSA-N,4.2384663,3.700532,0,baseline
YBZCZQBJOQWPJQ-UHFFFAOYSA-N,4.643032,4.97559505,0,baseline
FEGQQHPUTSRZAG-UHFFFAOYSA-N,4.7702475,4.433826547,0,baseline
OLLKSWQPCSWOKP-UHFFFAOYSA-N,5.035667,4.322184425,0,baseline
WAFLWFBYNRXLIA-UHFFFAOYSA-N,3.8126101,4.428010695,0,baseline
MQODADLHDYLIFR-UHFFFAOYSA-N,3.8443413,4.033958317,0,baseline
NQTJKWCRDRARBG-UHFFFAOYSA-N,4.4173164,3.71226643,0,baseline
NVPSOSIRMJDRPU-UHFFFAOYSA-N,3.341299,2.809871705,0,baseline
JFGIKQWZIKRTIL-UHFFFAOYSA-N,3.8910048,2.81226268,0,baseline
WVCJVIQCQHDHBX-UHFFFAOYSA-N,3.4934385,4.06602255,0,baseline
RQDDMLORJHULQP-UHFFFAOYSA-N,4.1594353,4.25505698,0,baseline
NMNKFVCNPVCIOY-OCCSQVGLSA-N,3.835817,2.237064005,0,baseline
OWMZITVSKMTHRA-UHFFFAOYSA-N,4.03459,3.529890103,0,baseline
LCCOAQYOJSHIPJ-UHFFFAOYSA-N,5.1619816,5.38287681,0,baseline
OCXOMPOAICENRT-UHFFFAOYSA-N,2.5422812,2.119669222,0,baseline
MQAYVQAUUCNHDF-UHFFFAOYSA-N,4.5838866,4.516093178,0,baseline
JHVLKXIDWMPJMT-UHFFFAOYSA-N,5.1603117,5.39512529,0,baseline
SUMPTRVIGHNMEZ-UHFFFAOYSA-N,3.969101,4.38444001,0,baseline
CUFZSGFNRGYWQU-UHFFFAOYSA-N,4.7226114,4.425468122,0,baseline
MIGWKHIQDUYWTC-UHFFFAOYSA-N,4.8082194,4.538519843,0,baseline
CKDAYZQHZOJZGJ-UHFFFAOYSA-N,3.63482,2.893924045,0,baseline
LCUCUXXVWLELNJ-UHFFFAOYSA-N,2.9969802,1.918085225,0,baseline
XLCKGMINJOIRBQ-UHFFFAOYSA-N,5.0605145,5.323711023,0,baseline
GKIZKNATVXCLLF-UHFFFAOYSA-N,3.2853737,2.886437125,0,baseline
TVVHIDPDFJESIK-UHFFFAOYSA-N,3.177295,3.92657747,0,baseline
AIZGQFSORPYZAE-UHFFFAOYSA-N,5.171583,5.205857342,0,baseline
JFZABASWGGCCKV-UHFFFAOYSA-N,5.1509233,5.876757645,0,baseline
TXHFRSPUYJGUOC-UHFFFAOYSA-N,4.8059964,5.089682045,0,baseline
XWNBURIQWGCTOZ-UHFFFAOYSA-N,4.808788,5.120539805,0,baseline
HHHGHYGOJRNHLQ-UHFFFAOYSA-N,4.5695014,4.329659763,0,baseline
ZMADJKCDAFJXQB-UHFFFAOYSA-N,5.2464046,5.290832133,0,baseline
MIADJAWNWSIAHD-UHFFFAOYSA-N,3.9375534,2.941186973,0,baseline
NUJZSEZNBAAEBL-UHFFFAOYSA-N,4.5928826,4.80070957,0,baseline
WQIMXLYTESNREJ-UHFFFAOYSA-N,3.0427241,3.721936057,0,baseline
OMISETSBIRJDGV-UHFFFAOYSA-N,4.485489,5.317936325,0,baseline
IZGGXJPZTVMGGP-UHFFFAOYSA-N,4.4890676,3.785388597,0,baseline
SLHPOKMDXGIIDD-UHFFFAOYSA-N,4.726784,4.08936284,0,baseline
NHVKUEVIUUHHDF-UHFFFAOYSA-N,5.2994432,5.61093729,0,baseline
IZEPWUIYWPIMML-UHFFFAOYSA-N,3.6223755,2.66553864,0,baseline
ZGYOGTJSHWIDCM-UHFFFAOYSA-N,4.7946606,3.82609471,0,baseline
UHEMPWQRYZEJBV-UHFFFAOYSA-N,3.1061993,2.464019985,0,baseline
YPJWXDAJVYLBMX-UHFFFAOYSA-N,5.257423,5.445329992,0,baseline
QDPDBQWXUHIQLC-NSHDSACASA-N,5.05587,3.92157747,0,baseline
ZASRUAYAKMHXRL-MRXNPFEDSA-N,3.4959006,2.031538242,0,baseline
FKEFBKBJXDQHJO-UHFFFAOYSA-N,4.8948636,4.19880174,0,baseline
PQPGOORJZHZVIF-UHFFFAOYSA-N,4.698918,4.724450505,0,baseline
KVWNFDAYCLPQBD-UHFFFAOYSA-N,2.9866908,2.136561533,0,baseline
POQXUFMEUYGOGU-UHFFFAOYSA-N,4.728021,6.06245664,0,baseline
PIKOQLVRUZGZGM-UHFFFAOYSA-N,5.3409853,4.71810331,0,baseline
BNLQGZVZNCOJKF-UHFFFAOYSA-N,5.4243097,5.17296535,0,baseline
ODXDLPBRDULOEP-UHFFFAOYSA-N,4.8385477,5.8101924,0,baseline
DGSWVMHTWBEKTA-UHFFFAOYSA-N,4.647086,5.166347952,0,baseline
AWXBLKSFTZTHJW-UHFFFAOYSA-N,5.2292128,5.61961092,0,baseline
PVQWMGIQWLAPQO-KGLIPLIRSA-N,4.2860394,3.84602739,0,baseline
KUZJQXDTEWOIEK-UHFFFAOYSA-N,5.751438,6.936491525,0,baseline
DXIJNEODHVKRKU-UHFFFAOYSA-N,4.5034604,4.665833745,0,baseline
YQUFLEHPYLRINP-UHFFFAOYSA-N,3.9954867,2.089793428,0,baseline
AEAYDVXZPKDZCK-KBPBESRZSA-N,3.6313157,2.453434783,0,baseline
DWVAWAZUSUBEMQ-UHFFFAOYSA-N,2.8583298,1.948410522,0,baseline
JBILOGVIBNCUSD-UHFFFAOYSA-N,2.9055307,3.63856798,0,baseline
IAERFFZXBBAFMV-UHFFFAOYSA-N,3.9065876,2.600097542,0,baseline
IAZSTIBERROYCJ-UHFFFAOYSA-N,4.295308,3.803329245,0,baseline
IKZGPXPEEGGKRF-UHFFFAOYSA-N,4.2565804,3.977199077,0,baseline
KJNTUBDFKPAUOJ-UHFFFAOYSA-N,4.5678635,4.64335551,0,baseline
XVEOZZDPTYFUNW-UHFFFAOYSA-N,4.8089952,5.275000722,0,baseline
CQTXCPOMKQGOIV-UHFFFAOYSA-N,3.5714703,4.405505878,0,baseline
KBMGYZFUIIVYPK-UHFFFAOYSA-N,4.7333903,4.623078142,0,baseline
YUTGINHCIPZCTR-QGZVFWFLSA-N,5.2264237,2.076084757,0,baseline
RROMXXKPNPHXSO-UHFFFAOYSA-N,5.1652184,3.78657058,0,baseline
KWPGLNNSSKFKFO-UHFFFAOYSA-N,4.470707,3.709615847,0,baseline
BXWFENLMEOSBDD-UHFFFAOYSA-N,2.965694,2.49815474,0,baseline
FLMMWMMCGAHOID-WJYNOGRTSA-N,5.347052,4.168835715,0,baseline
JISPBDOUMQZWLT-UHFFFAOYSA-N,4.201655,4.619517248,0,baseline
SUTPNRPSFCKHJS-UHFFFAOYSA-N,4.504565,3.953533618,0,baseline
RZFIMRUQWQTVLX-UHFFFAOYSA-N,4.1427283,4.587192055,0,baseline
DAMVDZMZNFDOHH-UHFFFAOYSA-N,4.5651026,3.885736442,0,baseline
JZRJXAPOGYPHEK-UHFFFAOYSA-N,4.3966875,3.715800537,0,baseline
VPGAMVPLPDAICZ-UHFFFAOYSA-N,3.8067384,4.798132707,0,baseline
DMKVLYVYLQRBKM-UHFFFAOYSA-N,4.287089,4.363863925,0,baseline
GXOILNXGFVPNFI-UHFFFAOYSA-N,4.832108,5.13874227,0,baseline
MPHJDHDXCSOMPR-UHFFFAOYSA-N,3.5182035,4.10103707,0,baseline
KUEFKGHTPSBWEL-UHFFFAOYSA-N,5.0291348,5.199354095,0,baseline
FIXSKUCISNGAPJ-UHFFFAOYSA-N,4.326129,3.902099,0,baseline
KEZQXRKVMXZDQJ-UHFFFAOYSA-N,5.222118,4.82542266,0,baseline
YRRHXQBCLVLMPM-UHFFFAOYSA-N,5.0990973,5.687596183,0,baseline
RSXPNCZXNWPWJE-UHFFFAOYSA-N,3.5444698,4.60005939,0,baseline
FYIVOYFZRCZICX-UHFFFAOYSA-N,4.7593756,4.099866582,0,baseline
YUFKMJWWPJWJNY-UHFFFAOYSA-N,5.6495905,4.23196836,0,baseline
MYJKWLXJAYNIMV-UHFFFAOYSA-N,5.3037615,5.467650543,0,baseline
UTEIVQSYRZXEAV-UHFFFAOYSA-N,4.689411,4.552269062,0,baseline
JGJPMLIXMVZFNW-RBSFLKMASA-N,3.114043,2.039378205,0,baseline
YTUXANBXYDOALA-UHFFFAOYSA-N,3.4764066,3.082478023,0,baseline
AMFIZLVJCNIIFQ-UHFFFAOYSA-N,3.6236966,4.33482822,0,baseline
OFCAZISUDVYWIU-UHFFFAOYSA-N,4.442044,5.790067677,0,baseline
JTTKHVPADJHMIE-UHFFFAOYSA-N,3.047896,2.543313735,0,baseline
JCYSAYZGOVJPNA-UHFFFAOYSA-N,3.844834,3.627796287,0,baseline
YQHXRQUOFRLUFK-UHFFFAOYSA-N,4.2916794,2.348734148,0,baseline
YMMCUIRZEYIPCT-UHFFFAOYSA-N,4.1679974,5.277013402,0,baseline
NWIQZCQGBSFWSR-UHFFFAOYSA-N,3.4538624,3.721186487,0,baseline
VZYBSSGCMRPKIK-UHFFFAOYSA-N,4.448748,4.848011697,0,baseline
UKLGOIATROTBSK-UHFFFAOYSA-N,3.6290984,3.310591548,0,baseline
BACMTMYNBNCBMU-UHFFFAOYSA-N,4.159749,4.514640392,0,baseline
YFHAUHXJFQRZJQ-UHFFFAOYSA-N,4.232581,4.369324348,0,baseline
NYPQWFIWQBGCSN-UHFFFAOYSA-N,4.1927795,4.15287812,0,baseline
BGZMVPUNDGPXIM-UHFFFAOYSA-N,4.6907573,5.166013292,0,baseline
HIIRLZXIBDJCOU-UHFFFAOYSA-N,3.1473632,2.095021727,0,baseline
NIYULIQCZVFWLR-UHFFFAOYSA-N,5.7925167,5.196100575,0,baseline
MEUXVMNOWUHXPO-UHFFFAOYSA-N,5.779558,5.9941916,0,baseline
QRRRJMGDMNQYJZ-UHFFFAOYSA-N,5.086891,5.673624075,0,baseline
VTWNNPOZHUCBHZ-RDJZCZTQSA-N,4.3234386,4.425940018,0,baseline
XMUSWZXWTNNACE-UHFFFAOYSA-N,5.124165,4.09443821,0,baseline
GYTCLQMPVMJGFA-UHFFFAOYSA-N,4.17642,2.74205837,0,baseline
WVSLEKSANMYUQT-UHFFFAOYSA-N,4.097311,4.431569957,0,baseline
PFZDDDCXFJSCKQ-UHFFFAOYSA-N,4.749185,3.923338353,0,baseline
XZNGSOPYOVQRAS-YWVDXFKGSA-N,2.6598928,1.935252555,0,baseline
RHEVNNHIFUFFBB-UHFFFAOYSA-N,3.9966478,3.143717265,0,baseline
HIABLDMYIKYFFZ-UHFFFAOYSA-N,3.0828662,2.171114993,0,baseline
RDBNOINQMHYGCO-UHFFFAOYSA-N,4.0959888,4.391379602,0,baseline
ZHAHADNUYQPEQK-UHFFFAOYSA-N,3.3652003,3.529544772,0,baseline
RVTZNVLWCXLJPL-UHFFFAOYSA-N,5.304765,5.07529613,0,baseline
JXKHXXHGQFDIGY-UHFFFAOYSA-N,5.1582193,5.081942127,0,baseline
DOFQECKISJCOKJ-UHFFFAOYSA-N,3.627306,2.811746218,0,baseline
XPIXQQFKIMODLQ-UHFFFAOYSA-N,4.455906,3.561565782,0,baseline
BUWPDOKJHOVWEV-UHFFFAOYSA-N,5.3110466,6.428566638,0,baseline
GAPLSBBGIVIWTM-UHFFFAOYSA-N,5.383743,4.425284945,0,baseline
OSEWFKGKUJEEFD-UHFFFAOYSA-N,4.3415337,4.03738259,0,baseline
OMNOWGXRBKTQNU-UHFFFAOYSA-N,4.564959,3.339706515,0,baseline
OFXBNHUEKULFNH-UHFFFAOYSA-N,3.1448777,2.04207704,0,baseline
PGIJAJXIBGHEQS-INIZCTEOSA-N,2.5159893,2.02647341,0,baseline
HVIJOBHTSPWXFX-UHFFFAOYSA-N,5.080717,5.671453385,0,baseline
QYFXAYDDKNNFAP-UHFFFAOYSA-N,3.9779668,4.680554038,0,baseline
NWNMCXZQYBPRPZ-UHFFFAOYSA-N,5.169879,5.429143218,0,baseline
NQHRLOVRIMNNFT-UHFFFAOYSA-N,5.0967493,5.414823933,0,baseline
VKKZJKXTMRRBFA-UHFFFAOYSA-N,4.633292,5.5349876,0,baseline
UPDFXVMQTKYTKC-UHFFFAOYSA-N,5.248787,5.534735125,0,baseline
LRBHGXZQWVNOHB-QFBILLFUSA-N,4.3690615,3.803409853,0,baseline
LXFHBEHWOYNRSS-MRXNPFEDSA-N,4.878729,5.439484532,0,baseline
LOQPWSNDFNSRCO-YOEHRIQHSA-N,4.455197,4.123829245,0,baseline
XFLWIZMCEFPWSR-UHFFFAOYSA-N,3.8248174,3.315846993,0,baseline
PSBKQXWLPLHNHO-UHFFFAOYSA-N,3.5448027,3.021040135,0,baseline
XEDRHVSLJMQZHC-UHFFFAOYSA-N,4.183336,4.431477645,0,baseline
RDICYFQRZMFODS-MFKMUULPSA-N,4.9458065,5.19545769,0,baseline
PXEMWOAWSRNDKZ-UHFFFAOYSA-N,4.033974,4.856294702,0,baseline
KPCBJDYSXNGNDR-UHFFFAOYSA-N,4.0451727,4.294925585,0,baseline
OJISFMIUEGMAME-UHFFFAOYSA-N,4.5316777,4.300442835,0,baseline
PIWRKLXWYMRFMP-UHFFFAOYSA-N,3.339048,2.339968912,0,baseline
IPAJNZRDKHKVHD-KBXCAEBGSA-N,4.8562646,5.11520141,0,baseline
YQKLTNOXGTYSOG-UHFFFAOYSA-N,4.165786,5.139681483,0,baseline
MLTHGNJIXXBNLK-UHFFFAOYSA-N,4.5311933,4.079953387,0,baseline
LTHPWOHLAQICFN-UHFFFAOYSA-N,4.034796,4.27330808,0,baseline
AHQNKQQOLTVRAI-UHFFFAOYSA-N,5.097877,5.401497447,0,baseline
YBCPCIMMDSGFDJ-UHFFFAOYSA-N,3.8441935,2.80016467,0,baseline
YGEJAGMUFFRADY-UHFFFAOYSA-N,2.9468944,3.398660913,0,baseline
NMOWDWMKIBNABG-UHFFFAOYSA-N,5.3883014,4.883755237,0,baseline
OIGAMNBRMKHQFG-UHFFFAOYSA-N,5.0052834,4.783223722,0,baseline
QGQQRPHAUFJGFI-LBPRGKRZSA-N,4.812673,5.3413464,0,baseline
FWXVKHIYRRYNGU-UHFFFAOYSA-N,5.276514,5.616899258,0,baseline
DJFNSXOKPDJGJR-UHFFFAOYSA-N,5.486824,4.988022958,0,baseline
HJWNBMPWZUYAMW-UHFFFAOYSA-N,4.2540126,4.545108273,0,baseline
RASGZHDTHAJHKS-UHFFFAOYSA-N,4.7206492,4.836769645,0,baseline
AJLGKZFVBQWOMF-UHFFFAOYSA-N,3.5476785,4.644875938,0,baseline
YRTKTEHWARBBDO-UHFFFAOYSA-N,5.068124,4.79525214,0,baseline
FSKSZHRSWMPXOS-UHFFFAOYSA-N,4.8590612,5.117736675,0,baseline
LRTPHJSBDWYALO-UHFFFAOYSA-N,5.216524,5.657193265,0,baseline
FBLJIUSHADIUAZ-UHFFFAOYSA-N,4.822776,5.403072745,0,baseline
GOBZVKUSTBBCMP-UHFFFAOYSA-N,3.9838574,4.12339492,0,baseline
MKHWAPOBJQZJEY-UHFFFAOYSA-N,5.16704,4.700584767,0,baseline
OCTGYJIORZIWOI-UHFFFAOYSA-N,6.0039964,5.350106043,0,baseline
ZXANSNCVAKYHQO-UHFFFAOYSA-N,4.818808,5.336830762,0,baseline
NTWKCVGWDKYKKL-IIBYNOLFSA-N,4.72351,5.249099615,0,baseline
MLDPVLDSUXYSRI-UHFFFAOYSA-N,4.7801304,3.49402962,0,baseline
DYSXHEQZHLDEEV-UHFFFAOYSA-N,4.4295177,4.65121589,0,baseline
BKRAQGXMLRMBMK-UHFFFAOYSA-N,2.8419528,3.80374558,0,baseline
WBYJISAUOUBXPW-UHFFFAOYSA-N,4.846051,5.483920203,0,baseline
CIFMMEDLNIKOGG-UHFFFAOYSA-N,5.3526325,4.941017302,0,baseline
OLJFNVZJUWIQBA-UHFFFAOYSA-N,3.3299184,2.137261065,0,baseline
RWADOZLLDAROOR-SAABIXHNSA-N,4.8729134,2.489100355,0,baseline
SLSYBPBKTDBVFO-UHFFFAOYSA-N,3.1253765,2.357468963,0,baseline
LZRKSMFOPBHIJC-UHFFFAOYSA-N,5.2781477,4.822124495,0,baseline
OVGYSEOUQWUKNQ-UHFFFAOYSA-N,4.2744107,2.76789295,0,baseline
ZKKXLEFLWRARMY-UHFFFAOYSA-N,4.025474,3.05670292,0,baseline
YWHGLLLODCPXHJ-UHFFFAOYSA-N,4.9134994,4.97033459,0,baseline
WMYCJMKODWMDQF-UHFFFAOYSA-N,5.2930703,5.3511341,0,baseline
CKNAQYRDRLONHB-UHFFFAOYSA-N,3.9079034,3.24355174,0,baseline
FFOPUDGTPLZMOT-UHFFFAOYSA-N,4.534918,3.993944288,0,baseline
GRCJNZRZNKRVHW-UHFFFAOYSA-N,3.444203,3.13753483,0,baseline
SQUDKELOJLLRRO-UHFFFAOYSA-N,5.2727666,5.16842578,0,baseline
IEXQMLIWZWKXBA-UHFFFAOYSA-N,5.7378626,5.641604007,0,baseline
PHMDDIHADNUCSF-HZPDHXFCSA-N,4.9138627,4.1545921,0,baseline
MVEPKMUQYNJZEZ-UHFFFAOYSA-N,3.8730612,3.221427133,0,baseline
POERQIHEEDXADC-UHFFFAOYSA-N,3.8117232,4.222630207,0,baseline
GGQJTMVJNYFFAV-UHFFFAOYSA-N,5.199665,6.075636388,0,baseline
FXXWMYAWOYDVCR-UHFFFAOYSA-N,4.4291587,3.528682627,0,baseline
GIABMCLUWDKIQB-UHFFFAOYSA-N,4.218411,2.339529442,0,baseline
AWWOJKWIDRKRRX-UHFFFAOYSA-N,4.167625,3.824272543,0,baseline
PSIGXFFTBZQNEN-UHFFFAOYSA-N,3.9817212,2.5482557,0,baseline
IJKDYORCPLEIQG-LBPRGKRZSA-N,3.1366637,3.076821783,0,baseline
HIOCORNYUDAROQ-UHFFFAOYSA-N,4.144981,4.446449742,0,baseline
AVXKCXZTVJXENU-INIZCTEOSA-N,3.503375,1.956486295,0,baseline
RTQQWXFMGMPLAP-UHFFFAOYSA-N,5.3823996,6.02859067,0,baseline
ZXVJQGOJHBPTOQ-UHFFFAOYSA-N,3.6389117,3.568440847,0,baseline
JMGPTMRUYKMATP-UHFFFAOYSA-N,4.7886953,4.531237573,0,baseline
ZCDIGCDKQZKDJM-UHFFFAOYSA-N,4.811097,5.933411468,0,baseline
GWDOIAFYMZHEGB-UHFFFAOYSA-N,4.425162,4.96712044,0,baseline
CWFPQLBTJZTNDY-UHFFFAOYSA-N,3.6450071,5.163538417,0,baseline
GDOWWIHJUTWXRW-UHFFFAOYSA-N,5.011239,5.07417144,0,baseline
JFMBSBUKPKSSTC-UHFFFAOYSA-N,5.766615,5.006224675,0,baseline
LWYMZGBKXMCJGE-UHFFFAOYSA-N,3.7168581,2.132930655,0,baseline
NIPINTPDSLQBFW-UHFFFAOYSA-N,4.983757,5.375990985,0,baseline
GWJKOGITESZIFO-FZKQIMNGSA-N,4.66484,4.325517667,0,baseline
YGHLOUSQDXCSTJ-UHFFFAOYSA-N,4.6068797,3.876297028,0,baseline
DAEYVJQXDCUQSJ-UHFFFAOYSA-N,3.8294294,3.800100432,0,baseline
BZEFEBTZXOQPOP-BZUAXINKSA-N,2.9711175,2.675550747,0,baseline
FQRXVCUWONYUBJ-FUHWJXTLSA-N,3.3025627,2.447324098,0,baseline
ANJHOBGFDAEZIV-UHFFFAOYSA-N,3.1977024,2.852250885,0,baseline
CCDKNPYYXSSWEW-YNODCEANSA-N,3.25554,2.148021065,0,baseline
DOYFDXKCOSEUNT-UHFFFAOYSA-N,4.2429447,1.982199055,0,baseline
IROJCVZEMVZADB-UHFFFAOYSA-N,3.5696335,3.347411623,0,baseline
NDVHKGFDQOULIT-LBPRGKRZSA-N,4.6539855,5.151749772,0,baseline
KESKFKJDTWUQSA-UHFFFAOYSA-N,4.3362136,4.228604095,0,baseline
CDBVACQSVAPFKR-JENMUQSASA-N,3.0961862,1.935694702,0,baseline
ORIAPXGWHWRMEQ-UHFFFAOYSA-N,3.8556423,1.917312778,0,baseline
MSGZOSCMRKZOEH-UHFFFAOYSA-N,4.301103,5.29543816,0,baseline
SSUKSLQLAMYYRJ-UHFFFAOYSA-N,3.5443542,2.101922857,0,baseline
NNWPGRNASUEASN-HNNXBMFYSA-N,3.8966331,4.506317573,0,baseline
RWSITYKBDCHDCW-UHFFFAOYSA-N,4.342592,2.970991978,0,baseline
ZMRFNBCSWLZXAP-UHFFFAOYSA-N,4.07056,3.40062262,0,baseline
FUNYNROMNNKPCR-UHFFFAOYSA-N,3.4863935,2.177626995,0,baseline
OMQDGDIDGWFKFW-UHFFFAOYSA-N,4.8373055,4.502469825,0,baseline
QWFQNYHSELKKOS-UHFFFAOYSA-N,4.341417,5.180752603,0,baseline
MQFIOQIKCJYFPV-UHFFFAOYSA-N,4.9314814,4.56882444,0,baseline
KLPAEUWMZVVNNT-UHFFFAOYSA-N,4.614611,4.830641345,0,baseline
GRIDBZHPCALFNO-UHFFFAOYSA-N,4.9896216,4.723480428,0,baseline
INKIPGZBLPASRD-UHFFFAOYSA-N,2.730475,2.019919525,0,baseline
ZDGTVXDBPFDLNV-UHFFFAOYSA-N,4.133241,3.024710998,0,baseline
PJFOLGNBSMWTRW-UHFFFAOYSA-N,4.1848884,5.324473063,0,baseline
QXDPSJGGLMPYEN-UHFFFAOYSA-N,4.8986015,4.805716305,0,baseline
HHYMJVBGEXOJQQ-UHFFFAOYSA-N,3.1339443,2.37999946,0,baseline
TZIWCXVMUKKAHY-UHFFFAOYSA-N,3.7840347,4.721941102,0,baseline
UKUKUKSSBCDKHZ-UHFFFAOYSA-N,3.9406264,4.96755517,0,baseline
DUTUEFFLBQSBRW-UHFFFAOYSA-N,4.76628,4.721310847,0,baseline
MGOHCICCVHEFCY-UHFFFAOYSA-N,4.670912,4.75831004,0,baseline
LKTDMFRMVOXKKC-UHFFFAOYSA-N,4.782033,5.844603215,0,baseline
JKRIYLHNKNNCLI-UHFFFAOYSA-N,4.1948543,4.67823274,0,baseline
AVDVFOWUFZTAOA-UHFFFAOYSA-N,2.4584198,2.05228555,0,baseline
LNBBIANUWQLMSS-UHFFFAOYSA-N,4.7560487,4.59553415,0,baseline
NTFPMYZCRLAQNU-UHFFFAOYSA-N,4.6162424,4.797027918,0,baseline
WDWGJHDJADSHBE-UHFFFAOYSA-N,2.8671455,2.25515684,0,baseline
MWOVXDDIBYKEAQ-UHFFFAOYSA-N,4.2805214,3.798798075,0,baseline
HSLDDWQXTMWJCT-UHFFFAOYSA-N,3.9825158,3.763052023,0,baseline
FNALGIFLGOIDNI-UHFFFAOYSA-N,3.907123,4.173690537,0,baseline
UVSGZYBPFLKLFY-UHFFFAOYSA-N,4.534482,4.724083712,0,baseline
MDXBZDBSLKDZJO-UHFFFAOYSA-N,3.3057466,2.522295142,0,baseline
QBMFUVNZPFXQOW-UHFFFAOYSA-N,3.4529662,4.709805063,0,baseline
LGBXJZIKTPOPEY-UHFFFAOYSA-N,5.331259,5.87509289,0,baseline
BQDVZEIIVADUJR-UHFFFAOYSA-N,3.85405,3.204665177,0,baseline
MCOJMOCNKBUMFG-UHFFFAOYSA-N,3.8472545,3.659290205,0,baseline
KIZGJXADGBKBNO-UHFFFAOYSA-N,3.870263,4.124655423,0,baseline
PXJXDGWVKBKLDC-WFASDCNBSA-N,3.958574,4.266410545,0,baseline
VXLPXEUDXOBHBR-UHFFFAOYSA-N,3.6975276,4.721925465,0,baseline
SGKBXHPHSYQSKW-UHFFFAOYSA-N,5.579988,5.10318846,0,baseline
PITWNXFLDVKEPP-UHFFFAOYSA-N,4.2065797,4.391326923,0,baseline
UPVJTKMLEIVOON-UHFFFAOYSA-N,4.299447,4.287314763,0,baseline
ZVSJITCJAVGKLB-UHFFFAOYSA-N,4.784997,4.401026328,0,baseline
JDONHNOIFDCDQO-BDAKNGLRSA-N,4.479062,4.657910682,0,baseline
BQUVOZXRGPDMHY-NVXWUHKLSA-N,2.9913025,1.991322242,0,baseline
YJRZDAXNMXGWAN-UHFFFAOYSA-N,4.2655993,3.286338335,0,baseline
HSJXHVPUQBTTPD-UHFFFAOYSA-N,3.4455738,3.292380222,0,baseline
VGRYRGVVZXGGHO-UHFFFAOYSA-N,3.8095336,4.58741566,0,baseline
QKJPUCXOHMTWNL-UHFFFAOYSA-N,4.6492033,4.522013347,0,baseline
ZBKRHJYUTNDEEN-PKOBYXMFSA-N,3.591901,2.915929035,0,baseline
RTVWVQOQWOQJJL-UHFFFAOYSA-N,4.9242826,5.070039073,0,baseline
NDPFONCFIJLCSN-UHFFFAOYSA-N,3.715913,2.77777442,0,baseline
SEADNZVFHOZWAD-UHFFFAOYSA-N,5.0319223,4.849004965,0,baseline
KJVVIDKHFWXVTM-UHFFFAOYSA-N,4.6709843,4.447054045,0,baseline
HPNSFSBZBAHARI-RUDMXATFSA-N,4.2234974,2.626332057,0,baseline
RTGDFNSFWBGLEC-SYZQJQIISA-N,4.731331,4.502966093,0,baseline
GHOSNRCGJFBJIB-UHFFFAOYSA-N,5.608103,5.142915203,0,baseline
UVCJGUGAGLDPAA-UHFFFAOYSA-N,3.958862,2.034344685,0,baseline
KGSXMPPBFPAXLY-UHFFFAOYSA-N,4.6459365,2.245141247,0,baseline
RLGQACBPNDBWTB-UHFFFAOYSA-N,4.2786937,4.774971565,0,baseline
RJKFOVLPORLFTN-LEKSSAKUSA-N,4.055789,4.697796678,0,baseline
FJLBFSROUSIWMA-UHFFFAOYSA-N,4.599761,5.001760232,0,baseline
VJJPUSNTGOMMGY-MRVIYFEKSA-N,4.59918,2.897205487,0,baseline
SEBMTIQKRHYNIT-UHFFFAOYSA-N,3.871615,3.140214593,0,baseline
WOZSCQDILHKSGG-UHFFFAOYSA-N,4.504091,4.822987888,0,baseline
DDFOUSQFMYRUQK-RCDICMHDSA-N,5.4804425,6.24090818,0,baseline
WUZYKBABMWJHDL-UHFFFAOYSA-N,5.116027,5.745036395,0,baseline
KSCFJBIXMNOVSH-UHFFFAOYSA-N,1.7768989,2.052592035,0,baseline
OGQYPPBGSLZBEG-UHFFFAOYSA-N,5.501449,1.977219185,0,baseline
BOXQIGRGNPZXFX-UHFFFAOYSA-N,3.8653336,3.939599167,0,baseline
NGUMOZNITYCJGF-UHFFFAOYSA-N,4.9404283,5.3311479,0,baseline
JWGGVPCDAXNDKK-UHFFFAOYSA-N,5.169598,6.149932165,0,baseline
AVTCWHYPQDBLCG-UHFFFAOYSA-N,5.02042,4.985183427,0,baseline
UDVCSWPMFIKVAP-UHFFFAOYSA-N,2.6291642,3.48504155,0,baseline
UUFANUQZEIXAIL-UHFFFAOYSA-N,4.6487174,5.158784883,0,baseline
LEMCARVFRFAHQA-UHFFFAOYSA-N,4.7847037,4.167815617,0,baseline
RJUPONDGJKOQKB-UHFFFAOYSA-N,4.826777,4.877370508,0,baseline
ZSSBSJSLBNTTKF-UHFFFAOYSA-N,4.3682923,4.089022693,0,baseline
QMZQXJFEYSUTKR-UHFFFAOYSA-N,4.664584,4.569166005,0,baseline
LRZNQHDMLARWJV-UHFFFAOYSA-N,4.351716,4.931118263,0,baseline
XPWTVFAVHOTZIJ-UHFFFAOYSA-N,5.2520237,5.132729885,0,baseline
MTBSWHRYDICOJO-UHFFFAOYSA-N,3.1708865,3.094681512,0,baseline
CKUCBIVKRSGFPJ-UHFFFAOYSA-N,4.8749223,4.8886919,0,baseline
WVOZCIQIUNFGBG-UHFFFAOYSA-N,4.9028587,5.526844937,0,baseline
JBNAORDNZOJTQQ-UHFFFAOYSA-N,5.0317693,5.291706657,0,baseline
FWGOMKHOFNHOSZ-UHFFFAOYSA-N,4.199517,3.224351552,0,baseline
LGCUCBFUBNZFJW-UHFFFAOYSA-N,5.2703953,5.030308093,0,baseline
CAHXBHWTWVDXQQ-UHFFFAOYSA-N,4.261646,3.64090752,0,baseline
QQUZBGKHYDCYFR-UHFFFAOYSA-N,4.1274333,4.059691825,0,baseline
NIQQBBWZBFEUGO-UHFFFAOYSA-N,4.6767297,4.463125545,0,baseline
NFHCGUNMCRWVSN-UHFFFAOYSA-N,3.6296163,2.349003532,0,baseline
MPFAPLWWRCZTHK-UHFFFAOYSA-N,4.996451,4.883148688,0,baseline
FAIRUKOBKBQTAQ-UHFFFAOYSA-N,2.995048,2.845771448,0,baseline
OZVHDAZEKXGBCT-UHFFFAOYSA-N,4.8208256,5.104955732,0,baseline
ORTWNJZUAIUYKM-UHFFFAOYSA-N,5.2792163,5.24223199,0,baseline
WDPCVDLHFFVZIC-UHFFFAOYSA-N,3.4564617,3.779270617,0,baseline
IKTGMHKSMCGXAG-UHFFFAOYSA-N,4.3108206,3.805039413,0,baseline
NDHHNNVKKGDRRL-UHFFFAOYSA-N,3.4651833,3.416517965,0,baseline
DCOAWIYXHYJILR-UHFFFAOYSA-N,2.210806,2.072467178,0,baseline
MKSMCTOLENWCGA-UHFFFAOYSA-N,3.4975467,3.45467804,0,baseline
ACNPWTRMUDDYPP-UHFFFAOYSA-N,3.1491656,2.1809837,0,baseline
TYZSFHHKSSQPJU-UHFFFAOYSA-N,3.6450825,2.330581078,0,baseline
NBPSWOWTAKNVRB-UHFFFAOYSA-N,3.722715,2.174431442,0,baseline
DNATURMYSDGZGK-CYBMUJFWSA-N,2.3566213,2.071110248,0,baseline
XYHDZVFDRHTQDJ-UHFFFAOYSA-N,3.8052304,5.054998692,0,baseline
CQSWJAWKJQTGDN-UHFFFAOYSA-N,4.1783657,3.579423645,0,baseline
DMZMESXZSXERBS-UHFFFAOYSA-N,3.1956394,2.131347953,0,baseline
CMOXMEILBPKQHC-UHFFFAOYSA-N,3.8565936,4.542286403,0,baseline
GPMBXOSHPXJMSI-UHFFFAOYSA-N,4.9187946,4.89951958,0,baseline
IELNOOSLYDYAIF-UHFFFAOYSA-N,2.8286238,2.968446817,0,baseline
BSZKLZWMMFZEPX-UHFFFAOYSA-N,4.7578173,3.903181492,0,baseline
UTGNHLMDABULJW-UHFFFAOYSA-N,4.508756,3.80811524,0,baseline
CMJHYIYEZVPEKX-UHFFFAOYSA-N,4.748679,4.594297577,0,baseline
MNOQZPJJKNSAQL-UHFFFAOYSA-N,4.5956206,5.005418815,0,baseline
KIJYYOINJCKHJF-JGKCFBKVSA-N,3.7721882,3.851940177,0,baseline
HODJUJRIJNKYPU-UHFFFAOYSA-N,4.7981505,5.290375023,0,baseline
PARDZBRNWRKBKB-UHFFFAOYSA-N,4.5210075,4.002443927,0,baseline
PJIHKGPZPNRFGQ-UHFFFAOYSA-N,4.900141,2.993381435,0,baseline
ZMBUKZLIAFVCFR-UHFFFAOYSA-N,4.351946,4.614936862,0,baseline
NRYADSRCTBFWRF-JBAPVGOWSA-N,4.5761843,4.954365495,0,baseline
GQYUWLZNMAPXLB-UHFFFAOYSA-N,4.7722287,4.952892825,0,baseline
LPPOWJNZVPEGCD-UHFFFAOYSA-N,3.0621765,1.94737139,0,baseline
SXXPSQHXVBZGFB-UHFFFAOYSA-N,4.476679,3.427380085,0,baseline
QHBUDYGEBAPFAA-UHFFFAOYSA-N,4.2541485,3.847277183,0,baseline
JVNHATDFFGPPEH-UHFFFAOYSA-N,3.2269475,2.076511913,0,baseline
YBCQCDKLRZBYPI-UHFFFAOYSA-N,4.5067067,4.440221917,0,baseline
HEPXFCPIBMRRBZ-UHFFFAOYSA-N,3.2242136,2.187934527,0,baseline
VBAWRDJFHYDMGH-UHFFFAOYSA-N,4.354567,4.08378289,0,baseline
RIGDPSQIGGHOAJ-UHFFFAOYSA-N,4.240339,4.609398255,0,baseline
LTSNYNNZVGUBAC-UHFFFAOYSA-N,4.412752,4.10892818,0,baseline
GCAMXDNHOWPDQQ-UHFFFAOYSA-N,3.0671916,4.884816772,0,baseline
XHFGLYKXHHCIRB-UHFFFAOYSA-N,3.2998533,3.036258822,0,baseline
ZQLCOZWULRSUGR-UHFFFAOYSA-N,4.935563,4.860509438,0,baseline
RMTBYRORQHCODR-UHFFFAOYSA-N,5.118341,5.068388083,0,baseline
MTYQXMCXAMUYNH-UHFFFAOYSA-N,4.6524487,3.933598293,0,baseline
GMJJDFXZFUOKTF-UHFFFAOYSA-N,3.7930562,2.869463802,0,baseline
MGJABRQUUPPNCJ-UHFFFAOYSA-N,3.325208,3.533098777,0,baseline
FBTMRCDSAVMBSY-UHFFFAOYSA-N,3.6095707,3.68222437,0,baseline
DOHJYNWDMIJJRO-UHFFFAOYSA-N,4.65328,4.572224542,0,baseline
GTGHMFZNRBBBFC-UHFFFAOYSA-N,4.4469833,4.21129633,0,baseline
ZBNKSKRIHHGFDR-UHFFFAOYSA-N,3.8943527,4.013320542,0,baseline
UDCKCJBOMZTNLE-UHFFFAOYSA-N,5.288859,5.133925675,0,baseline
YSUDFDDJOBYGGO-UHFFFAOYSA-N,5.1678195,5.912842905,0,baseline
IJEYSVPOSBTGJK-UHFFFAOYSA-N,4.980136,6.072193412,0,baseline
FFEDIEBSLQQKEK-UHFFFAOYSA-N,4.098191,2.261559773,0,baseline
ZHIAIEHGKQCKIB-UHFFFAOYSA-N,4.8131833,4.944225128,0,baseline
IRKYFFBPASUKKZ-UHFFFAOYSA-N,2.335487,2.404207318,0,baseline
UVOMGXSVGIIVLK-UHFFFAOYSA-N,5.2011323,5.454998965,0,baseline
OPZVYCKRPQUWGZ-UHFFFAOYSA-N,4.745381,4.210004452,0,baseline
SFXWSPJNMWPVAR-UHFFFAOYSA-N,5.038573,6.163297652,0,baseline
CSAVRAYPCFIKJD-UHFFFAOYSA-N,5.2369637,4.814842452,0,baseline
AVVYSOUEAQUFBT-UHFFFAOYSA-N,3.2454815,4.07004387,0,baseline
WILYLUAZWYVZGW-LBPRGKRZSA-N,3.3823144,2.874505928,0,baseline
WJDRVAVVTCEAPY-UHFFFAOYSA-N,4.0644155,4.165031332,0,baseline
ASTDCICFPQKUIL-UHFFFAOYSA-N,3.414977,4.01772276,0,baseline
BEPNKMHMXYDMND-UHFFFAOYSA-N,3.5811396,3.219694877,0,baseline
QEGGWMNIQSHUTK-UHFFFAOYSA-N,5.682852,6.421514082,0,baseline
JHOHCIQEHBJHIY-UHFFFAOYSA-N,3.5662732,4.056562995,0,baseline
UQRAPFAOZXRVPN-UHFFFAOYSA-N,4.3832207,4.70771295,0,baseline
MNLLGQAENHHBIN-UHFFFAOYSA-N,4.294681,4.537244252,0,baseline
VTTWZHQHBBSLPE-UHFFFAOYSA-N,4.4815845,4.89372463,0,baseline
NRZJPDRMSXJXPN-UHFFFAOYSA-N,3.5469992,3.171157898,0,baseline
UMEQLVRXXFSNPX-UHFFFAOYSA-N,3.2435744,3.991076515,0,baseline
OYPCDIDJBDWGBV-UHFFFAOYSA-N,4.3580894,4.842778378,0,baseline
RDLVSGOVJOSIHV-UHFFFAOYSA-N,3.6117728,2.61765796,0,baseline
SGCOMSXBUQWSBL-UHFFFAOYSA-N,4.8492217,4.691256633,0,baseline
MIHQOVWURRKPCA-UHFFFAOYSA-N,4.7501945,4.118716433,0,baseline
NSKDYCIRIAJLLX-UHFFFAOYSA-N,5.2527466,5.127293565,0,baseline
ZTFVHUMBZXGEFS-UHFFFAOYSA-N,4.182763,4.23762731,0,baseline
MXUJLCXEOWHBQS-UHFFFAOYSA-N,5.3198028,5.091984573,0,baseline
ANBSJISXBRSMBJ-UHFFFAOYSA-N,4.3964977,4.674123667,0,baseline
QTPUYZHOAQIFOH-UHFFFAOYSA-N,4.7492065,5.050195387,0,baseline
HZYLYVJGIBASSW-UHFFFAOYSA-N,4.380364,4.37567144,0,baseline
WQXJMCFTTNHOKM-UHFFFAOYSA-N,2.904697,2.174806105,0,baseline
YGOZMPQSOVOEFW-UHFFFAOYSA-N,4.0312405,4.618491245,0,baseline
RJWCNWNNABAKHU-UHFFFAOYSA-N,5.2742205,4.702887592,0,baseline
KPQLYHAILKEOPQ-UHFFFAOYSA-N,3.9724224,4.456504423,0,baseline
WKSXSTRTSACGEN-UHFFFAOYSA-N,4.3329897,4.384382063,0,baseline
VRBKIVRKKCLPHA-UHFFFAOYSA-N,5.006833,5.49990294,1,baseline
YLJREFDVOIBQDA-UHFFFAOYSA-N,4.175875,3.93948658,1,baseline
YMTINGFKWWXKFG-UHFFFAOYSA-N,4.381758,4.006448953,1,baseline
RZTAMFZIAATZDJ-UHFFFAOYSA-N,5.622034,5.756632872,1,baseline
ASFKKFRSMGBFRO-UHFFFAOYSA-N,4.9989233,5.025327815,1,baseline
WJFRXTNVJXUMKZ-UHFFFAOYSA-N,3.6638038,4.51366385,1,baseline
RQGVCACJTCSQTN-UHFFFAOYSA-N,4.697607,5.643419205,1,baseline
ZUSVERMHGZARGI-UHFFFAOYSA-N,4.6421747,4.83706575,1,baseline
WNVJJXBDZXMAAQ-UHFFFAOYSA-N,3.6107626,4.163376835,1,baseline
DCACQNXHYGCETB-UHFFFAOYSA-N,2.60502,1.982874425,1,baseline
BZQFGNJQXVEMQC-UHFFFAOYSA-N,4.203748,4.95944273,1,baseline
QCPPGXUAWUBFAE-UHFFFAOYSA-N,3.906441,3.689226253,1,baseline
JCVYGXQQGUWEBI-UHFFFAOYSA-N,2.997281,4.216524775,1,baseline
PHWUOFXXLTWMIY-UHFFFAOYSA-N,4.040518,3.697792612,1,baseline
SZQOFSLZUFSAPQ-UHFFFAOYSA-N,4.7562723,4.884097395,1,baseline
PMARXGXDUQASRS-SXUUOERCSA-N,2.704008,2.010199325,1,baseline
JMYMUKYHTNJJQP-UHFFFAOYSA-N,4.8473215,4.578000367,1,baseline
RBIQMTORZFPEDR-UHFFFAOYSA-N,3.3192005,3.717727417,1,baseline
MRFSFKZEHHILJU-UHFFFAOYSA-N,3.4692707,2.527693255,1,baseline
PLMFUTBIWIEIMS-UHFFFAOYSA-N,3.8751538,3.76069906,1,baseline
DRNKHGWQMRLKOU-HJWAUIETSA-N,3.570467,4.636115595,1,baseline
CZPCBSYPEXOWNN-KXBFYZLASA-N,4.5887995,4.543412782,1,baseline
KTVLLRJMYGKMJX-CQSZACIVSA-N,3.9842436,4.46958539,1,baseline
QECPZZNXERNMLC-HJWAUIETSA-N,3.7748756,2.898475525,1,baseline
JOVSAVNPGWRRBL-UHFFFAOYSA-N,5.0921082,5.196504013,1,baseline
LEHCXNHICCYZMN-WFASDCNBSA-N,3.1860182,4.282762248,1,baseline
ISPQYOYYXLTZOE-UHFFFAOYSA-N,3.184844,3.29423693,1,baseline
BCNJVOKAJSJOAF-UHFFFAOYSA-N,4.161583,3.79643806,1,baseline
CWMXYKKRUKUVCU-UHFFFAOYSA-N,3.7179499,3.577908428,1,baseline
XSVIVDYCHPPUGK-UHFFFAOYSA-N,2.1497228,2.180249755,1,baseline
FVPAAWBIVRGLIW-UHFFFAOYSA-N,4.480415,4.680828975,1,baseline
QJWGFXLKMHWCMY-UHFFFAOYSA-N,3.9805222,4.415683742,1,baseline
XYLISCWHQABNBV-UHFFFAOYSA-N,3.941795,4.094013043,1,baseline
IKTSFMVVXHSLCO-UHFFFAOYSA-N,3.9707835,4.187814177,1,baseline
YBRVKGSUHFCMRG-UHFFFAOYSA-N,3.1910827,3.671888055,1,baseline
VLLMQANKEOMBSB-UHFFFAOYSA-N,2.7934473,2.099843542,1,baseline
SENUHVDQDVFBIN-RLSDIYDTSA-N,3.5167627,3.916030493,1,baseline
QEKXJZUZXVJSPD-QWHCGFSZSA-N,3.107161,1.987554438,1,baseline
ZBMSVMLZFAQJBK-UHFFFAOYSA-N,5.0966825,4.526252835,1,baseline
JBZFEESAMVTQMT-UHFFFAOYSA-N,3.6191788,2.211780667,1,baseline
ZRPRJIZEXFJPDS-UHFFFAOYSA-N,2.4541917,2.042630627,1,baseline
KQTXYDRDXSUVEF-UHFFFAOYSA-N,4.133248,5.053744907,1,baseline
MZOUBTFGGXQHPW-UHFFFAOYSA-N,3.6696754,4.658515383,1,baseline
DKECLTFHSLKIAP-UHFFFAOYSA-N,3.851275,4.681046027,1,baseline
YFMCBAIBXKSIAP-UHFFFAOYSA-N,5.083915,3.823852005,1,baseline
LTXRCYPELJYQOB-UHFFFAOYSA-N,4.5177608,4.832719388,1,baseline
ZNXSOFTVVXKJCM-UHFFFAOYSA-N,4.0894713,4.3840829,1,baseline
VHRWMNXPYKUVDY-UHFFFAOYSA-N,4.373353,5.664234612,1,baseline
PQYCKRCCDROECP-UHFFFAOYSA-N,1.6662669,2.093231042,1,baseline
WUJHRFRBGPBFFB-UHFFFAOYSA-N,5.300156,5.865022967,1,baseline
KDVYIMXKDLLSDZ-UHFFFAOYSA-N,4.2165504,3.96068925,1,baseline
BBRIXFTZIRVEEF-UHFFFAOYSA-N,5.6204176,5.528186045,1,baseline
SROIHPUUXSGIAV-UHFFFAOYSA-N,3.486489,2.408528185,1,baseline
XQSMMYKKUBTICB-UHFFFAOYSA-N,4.141282,4.94025483,1,baseline
ATCMVTVKIVRQON-UHFFFAOYSA-N,2.7903278,2.20583836,1,baseline
KUGKAQQAZPSIEN-UHFFFAOYSA-N,4.6054807,4.68190131,1,baseline
PIUBGBAMJLHFCS-UHFFFAOYSA-N,4.5506663,5.100720335,1,baseline
OOPGWPZBSRALIG-UHFFFAOYSA-N,2.8484764,2.091183545,1,baseline
OPUFKIGCXGYZRQ-UHFFFAOYSA-N,3.45987,2.467173532,1,baseline
FKWGYVQNEUUREI-UHFFFAOYSA-N,5.43044,6.29576257,1,baseline
FGUQAYRHKXYOTM-UHFFFAOYSA-N,6.419248,6.69209685,1,baseline
GSOOPDXKCPTVNZ-UHFFFAOYSA-N,5.054586,4.859908095,1,baseline
SNXACLBSLNBILH-UHFFFAOYSA-N,4.816726,4.131585155,1,baseline
KEULIPXJNMIZGG-WMLDXEAASA-N,3.562952,2.829589687,1,baseline
OXVAKGJWUUTGGP-UHFFFAOYSA-N,4.3177953,4.722611342,1,baseline
KAIXLFHXPRCWAS-UHFFFAOYSA-N,4.02691,3.94284675,1,baseline
FKQSJZQWYQETSO-UHFFFAOYSA-N,4.7685046,5.37132473,1,baseline
IQFYPMWUTQTIEV-UHFFFAOYSA-N,3.7568185,5.0768823,1,baseline
UGCWRWQIZCSGIA-UHFFFAOYSA-N,4.5166655,3.978649387,1,baseline
HJSCMXIXVZQQOK-UHFFFAOYSA-N,4.5707674,5.461775043,1,baseline
XKJYAEPYUWOCPY-UHFFFAOYSA-N,2.654447,2.141555135,1,baseline
NVYFYGSTPHISCA-MRXNPFEDSA-N,4.928839,4.988303825,1,baseline
BXVFIYNWDFDHGV-UHFFFAOYSA-N,2.8420634,2.225750435,1,baseline
YFWYLSQWPNJHAE-UHFFFAOYSA-N,5.7224913,5.719062883,1,baseline
TWKXRJAUKSDMNC-UHFFFAOYSA-N,4.562975,5.03215361,1,baseline
GQMDVEHOCDKMQP-UHFFFAOYSA-N,4.711443,4.99666658,1,baseline
MTYHBDSLDITDIR-UHFFFAOYSA-N,3.18944,2.741962335,1,baseline
UDYHSXCNPDCLFL-CYBMUJFWSA-N,3.603582,4.317430135,1,baseline
XDIJGISKACAZPE-UHFFFAOYSA-N,3.413475,4.27965316,1,baseline
HGGUFAVHOKJVIP-UHFFFAOYSA-N,3.2160192,2.620137807,1,baseline
DTKNSZIBMSDKHW-UHFFFAOYSA-N,5.713728,5.955765657,1,baseline
OBFXQQDABBGHKA-UHFFFAOYSA-N,3.3073595,4.156398017,1,baseline
PRNRLKFWWFHYKW-UHFFFAOYSA-N,2.6345212,2.078993408,1,baseline
BSJLYSNMYGWDGZ-UHFFFAOYSA-N,2.211667,2.121280367,1,baseline
HTXRGYGCSCJNGY-UHFFFAOYSA-N,3.2872071,2.61695506,1,baseline
GXPGHNGKEYVVSJ-UHFFFAOYSA-N,3.3394578,3.39420639,1,baseline
RVKFZTLIFOTNKJ-UHFFFAOYSA-N,4.5461235,4.70724697,1,baseline
PQGTYOYGKAPMNB-UHFFFAOYSA-N,3.174104,4.36625595,1,baseline
HAVCMUREFRIDQM-UHFFFAOYSA-N,3.7158735,2.799867685,1,baseline
BGRGEAOBJZGPLW-UHFFFAOYSA-N,2.643397,2.100754382,1,baseline
XJTWDTHIQQHNBE-UHFFFAOYSA-N,3.0683103,4.493550495,1,baseline
AHWMKKZARBTOBB-UHFFFAOYSA-N,2.5178092,2.09012465,1,baseline
NWKIVQRDXUXRFI-UHFFFAOYSA-N,2.4674911,2.31576097,1,baseline
HEWYXUQCRFPUCU-UHFFFAOYSA-N,4.2848825,5.14380517,1,baseline
YIVMQZCQVWWLET-UHFFFAOYSA-N,3.50068,5.876030575,1,baseline
NIYLZQUBRIFSKU-UHFFFAOYSA-N,4.190189,3.626193213,1,baseline
PAZGEARGQQZYLI-UHFFFAOYSA-N,4.960671,4.965897785,1,baseline
APVVXJIVTKDFLO-UHFFFAOYSA-N,3.0155702,3.572555593,1,baseline
FMPOGJMGFDQNLR-UHFFFAOYSA-N,4.1525936,4.137529103,1,baseline
IUVIVDJBUXBGAR-UHFFFAOYSA-N,3.9783628,4.077384698,1,baseline
GOQBVBCDXZTTEO-AWEZNQCLSA-N,4.9775796,5.552376012,1,baseline
IRQYCNOLJQJSPS-UHFFFAOYSA-N,4.0016394,2.68710448,1,baseline
ZHAWBIUHLMHDTL-UHFFFAOYSA-N,3.944754,2.251027623,1,baseline
NAPZQJSCZNMDDZ-UHFFFAOYSA-N,2.6410909,1.973443305,1,baseline
KXQCKBJACHMFEZ-UHFFFAOYSA-N,4.896617,5.19111785,1,baseline
KAESPBBAFVMUKP-UHFFFAOYSA-N,4.415567,4.665653545,1,baseline
USSDJCJWNVCANP-LLVKDONJSA-N,2.981441,2.767265615,1,baseline
OIUFDMSQABURBB-UHFFFAOYSA-N,4.7172213,4.553555337,1,baseline
CSGQJHIXMLGJKK-UHFFFAOYSA-N,5.0464473,4.053108553,1,baseline
ROQPQFXWBJCFRO-UHFFFAOYSA-N,5.1028075,4.945423975,1,baseline
GRLMZPMGZKDDMQ-UHFFFAOYSA-N,4.4129887,5.348730325,1,baseline
VPILAGKTLOBGDE-UHFFFAOYSA-N,5.068662,4.963333955,1,baseline
SWUBLAYQXQUNCO-UHFFFAOYSA-N,2.230552,2.033033305,1,baseline
WCXXKBXIMXJSNI-UHFFFAOYSA-N,3.7538981,4.91464548,1,baseline
FQCDMDCBFOOLSS-UHFFFAOYSA-N,4.059313,4.95506759,1,baseline
BQTTZOPVMFZWGY-UHFFFAOYSA-N,2.1991181,2.00208499,1,baseline
HUQRTTFIRBGPNM-UHFFFAOYSA-N,2.9873362,5.003049945,1,baseline
OGIYBCQWFOZLPG-UHFFFAOYSA-N,3.5733051,3.483314305,1,baseline
VIYIOFKENPGWTN-UHFFFAOYSA-N,4.618438,3.867359603,1,baseline
USTVQUDPYAFFTG-UHFFFAOYSA-N,2.2075605,2.21678377,1,baseline
CUPDMDQECDQQIW-ZWKOTPCHSA-N,3.554432,3.35037278,1,baseline
VTQXUFDARAXXEL-UHFFFAOYSA-N,4.3290663,4.661321928,1,baseline
PZZAZPHQEDPVKI-UHFFFAOYSA-N,4.110088,3.88967099,1,baseline
YDNMVMFHJDBZIM-UHFFFAOYSA-N,4.3500648,3.4912619,1,baseline
HLXPTOWPJDRPRH-UHFFFAOYSA-N,3.8450017,4.866574908,1,baseline
JJJJVJUOKHUIHD-UHFFFAOYSA-N,3.388408,4.433561283,1,baseline
SWRIFYKPRHINJT-UHFFFAOYSA-N,5.275584,5.291962068,1,baseline
ZRTBUGKOMPSPNV-UHFFFAOYSA-N,5.13067,4.345515533,1,baseline
FADJNMZHNKQROB-UHFFFAOYSA-N,3.2267907,2.835372463,1,baseline
IHEPXAREJOJNRY-UHFFFAOYSA-N,3.676864,2.299154908,1,baseline
XKRNHUNIZWAAMV-UHFFFAOYSA-N,4.7305794,3.756496772,1,baseline
BDXZIUPCZHDUKE-UHFFFAOYSA-N,1.8650603,2.355650435,1,baseline
ZMMHEFMEZJBPCK-XIKOKIGWSA-N,2.2963922,2.11320451,1,baseline
JTSNGDOVWZSFLB-MLGOLLRUSA-N,3.109118,2.257770208,1,baseline
SUSOBADQCIKQKR-SJLPKXTDSA-N,3.330855,3.813084453,1,baseline
JKCABBUJFHYLDA-UHFFFAOYSA-N,3.6052225,2.375981097,1,baseline
LLUZHZALVKLRDA-UHFFFAOYSA-N,4.945733,5.073868098,1,baseline
QUZPEWLBLPJDGR-UHFFFAOYSA-N,2.9328768,4.343044185,1,baseline
OWDWRNXWWTYROW-UHFFFAOYSA-N,4.825761,4.25994229,1,baseline
BBAYQVDJCUEEMH-UHFFFAOYSA-N,4.2097197,3.273931933,1,baseline
ONVOISIYJMNJNS-UHFFFAOYSA-N,4.047905,5.011346778,1,baseline
GJZXIYRUQJJTIE-UHFFFAOYSA-N,4.3644395,4.436093993,1,baseline
CZISMGSEGKDFSI-UHFFFAOYSA-N,3.6998136,5.31885993,1,baseline
HPWBEIBPKVCQNQ-UHFFFAOYSA-N,4.094752,2.955284793,1,baseline
VHVDSVFDMWNWAU-RKQQLJTISA-N,4.8015604,5.29286125,1,baseline
ICSDQXGOLJHMSK-UHFFFAOYSA-N,3.0322528,2.96482114,1,baseline
UXXJEQVHPRDIRM-UHFFFAOYSA-N,2.8402748,3.21024772,1,baseline
SQHLPINPIWLLGX-UHFFFAOYSA-N,2.7283626,3.36999116,1,baseline
RPQPAZRCMDJERP-UHFFFAOYSA-N,3.8332353,6.251219898,1,baseline
QKIZSEXMADPSAN-UHFFFAOYSA-N,3.7016456,4.313959628,1,baseline
URZCPZIXXWCLIY-UHFFFAOYSA-N,5.2140884,4.787617433,1,baseline
NLXSFVWGDYEQIS-UHFFFAOYSA-N,5.0075088,4.982057725,1,baseline
BCSIHPIDPVAFBW-UHFFFAOYSA-N,5.172901,4.82513654,1,baseline
NQQGFLRQAYNQKG-UHFFFAOYSA-N,4.872044,5.053911242,1,baseline
NKDOBKPPCCBZAM-UHFFFAOYSA-N,2.15509,2.13615695,1,baseline
ODYBUNKJMVEHEM-UHFFFAOYSA-N,3.4196596,3.077856338,1,baseline
KDYUNBKZYGJOSA-LSDHHAIUSA-N,6.107272,5.54733069,1,baseline
WVYBTLOVJURAKV-INIZCTEOSA-N,3.1544442,3.6589752,1,baseline
VHYOVTZGEQNPDZ-FZKQIMNGSA-N,4.0904884,4.72071526,1,baseline
PMYYYGKQVCAGNC-UHFFFAOYSA-N,4.077183,3.98440303,1,baseline
ONXFHKVSFIIWIN-UHFFFAOYSA-N,4.2875295,4.598900168,1,baseline
QPKBSKVSPWCCIR-UHFFFAOYSA-N,4.3600044,4.07472714,1,baseline
FYJLBFSDAWXPSB-UHFFFAOYSA-N,2.9323897,3.7607239,1,baseline
RGOYPSLBXQDYGL-UHFFFAOYSA-N,4.5952096,4.713501417,1,baseline
PRMHPYHYLPARCI-JKSUJKDBSA-N,2.9959128,3.614910297,1,baseline
LRVYURUVAAPFJX-UHFFFAOYSA-N,5.739695,6.117137813,1,baseline
BBIWOHKXSRLBPR-UHFFFAOYSA-N,3.8055363,4.217491097,1,baseline
WHTROMHZBMIQBH-UHFFFAOYSA-N,4.2907577,3.73684695,1,baseline
XJRDGKSZYCOSHT-UHFFFAOYSA-N,4.5950103,4.528305637,1,baseline
CDADLVPZLCSKOB-UHFFFAOYSA-N,5.372622,4.940161857,1,baseline
DDEASTSDYSMDBB-UHFFFAOYSA-N,2.759563,2.977944008,1,baseline
DIDURIXSXBWFPC-UHFFFAOYSA-N,4.093815,4.572688002,1,baseline
YLVWRHXAIJGXAY-UHFFFAOYSA-N,5.743638,5.879786,1,baseline
RIJWTIMIRDXITA-UHFFFAOYSA-N,4.3627415,3.83959974,1,baseline
FBSKIPBYQNQUJZ-UHFFFAOYSA-N,3.3826299,2.472731802,1,baseline
KWVITUKLMNTECU-UHFFFAOYSA-N,2.7843678,3.867745165,1,baseline
GCJKMNHTLRYIMJ-UHFFFAOYSA-N,3.5606916,4.049433908,1,baseline
QTNWAPPUIVRJJA-UHFFFAOYSA-N,3.901914,3.486464575,1,baseline
JQORUYRZRLPNSY-UHFFFAOYSA-N,4.28544,4.402697055,1,baseline
STKPDYXEWHQTCA-UHFFFAOYSA-N,4.6516943,4.31156113,1,baseline
IASSYYRRIMLMJF-UHFFFAOYSA-N,3.794196,4.196689665,1,baseline
PSPNJHJLCZRMIA-UHFFFAOYSA-N,2.917912,4.85689231,1,baseline
QVIMLULUIMQIGH-UHFFFAOYSA-N,2.5067234,2.033877163,1,baseline
RTATWVVYZGOVFV-UHFFFAOYSA-N,4.0041866,4.192126372,1,baseline
UTKYZUZVBSGYGI-UHFFFAOYSA-N,4.179739,4.498467292,1,baseline
IHLDXAAKKIDUFM-UHFFFAOYSA-N,4.309196,4.232497217,1,baseline
DFXDAVJGERHEEO-UHFFFAOYSA-N,2.3448443,1.909049648,1,baseline
ZGHCLLNXTCYXPM-JGVFFNPUSA-N,2.3928494,2.129290123,1,baseline
SZCQYPNXSHPDMK-UHFFFAOYSA-N,3.8356156,4.215949635,1,baseline
KWMJQZUPACDVHZ-UHFFFAOYSA-N,2.9682417,3.15698588,1,baseline
ZZMUEMSIAZDSCB-UHFFFAOYSA-N,3.1627,3.623927055,1,baseline
FJJGWWWOOWJCMW-UHFFFAOYSA-N,4.734829,4.6176576,1,baseline
GGXUBOXSDLLLRW-UHFFFAOYSA-N,3.7204556,4.784948885,1,baseline
SIJYOTKHCGXIIV-UHFFFAOYSA-N,4.1658716,4.09391884,1,baseline
JHOVLLAFZUGIRN-UHFFFAOYSA-N,3.787376,3.908834795,1,baseline
YENIUINOCHUVDI-UHFFFAOYSA-N,5.403475,5.313172212,1,baseline
UTFJVWIFVHWOCG-QMTHXVAHSA-N,3.5563293,2.06857737,1,baseline
SQJMMPMDMDJGMZ-UHFFFAOYSA-N,5.151642,4.596748068,1,baseline
SUJQFQJPAWTXTL-UHFFFAOYSA-N,4.8638315,4.251745728,1,baseline
QVWZUTGGSWIQLH-UHFFFAOYSA-N,3.8590708,4.864202275,1,baseline
PEYUIRWCNUJIJN-UHFFFAOYSA-N,3.776586,3.530049412,1,baseline
QVFHSMGCYHVHEX-UHFFFAOYSA-N,4.638036,4.7326969,1,baseline
AASVXHJOMJWMJZ-CXAGYDPISA-N,2.9649181,1.990420455,1,baseline
XZOHWXOVKMMWNK-UHFFFAOYSA-N,2.35784,2.584018463,1,baseline
MMANAQFFSPEWDM-YLJYHZDGSA-N,3.7445092,4.533964183,1,baseline
UHKRMQBELBBMBX-UHFFFAOYSA-N,3.7460132,3.621849465,1,baseline
GHSVIASTMJPJAL-UHFFFAOYSA-N,3.4025717,4.902988677,1,baseline
ABUNSDMPQVALBH-UHFFFAOYSA-N,4.518916,5.248056232,1,baseline
IXYQHOTWKVUKSC-UHFFFAOYSA-N,3.8527782,4.610624227,1,baseline
DIPOULUMVHFNBF-UHFFFAOYSA-N,4.4348555,4.279887227,1,baseline
PNZYMSWQEYPOPA-UHFFFAOYSA-N,4.6864924,4.923383753,1,baseline
IURDZXWYYGBBOU-MRXNPFEDSA-N,4.776753,4.048873108,1,baseline
SDLOTUAAJZLXOV-UHFFFAOYSA-N,3.5744083,3.961423673,1,baseline
MILIOGNESIKGOH-UHFFFAOYSA-N,2.7090664,2.032832963,1,baseline
BFEUJJDBPNVUAZ-UHFFFAOYSA-N,5.400284,4.955052688,1,baseline
BBEPUEHUDFJMBA-UHFFFAOYSA-N,4.040553,4.223559652,1,baseline
XXQZZAVTJKDDAX-UHFFFAOYSA-N,4.0722575,4.18621691,1,baseline
MYQPLCJFXCDWRJ-UHFFFAOYSA-N,3.6270392,4.76811988,1,baseline
NUKMCQPEFJSAAZ-MBOZVWFJSA-N,3.0696478,2.377254123,1,baseline
KIFGRFFZZJBKRI-QMEXGPQWSA-N,3.7572303,3.998607307,1,baseline
SMPWASMRDISMMM-INSVYWFGSA-N,2.5746436,2.428004025,1,baseline
RLHHNQCNJVVVEI-UHFFFAOYSA-N,3.3724408,3.99294753,1,baseline
KDRZNRIULSLEHY-UHFFFAOYSA-N,3.897365,4.076483598,1,baseline
GBIZTEIKKCLWIH-UHFFFAOYSA-N,4.378124,4.197972335,1,baseline
FLGWVQJYGWKVRH-UHFFFAOYSA-N,3.9656706,3.73312804,1,baseline
WYRQUHYUCVJXLF-UHFFFAOYSA-N,3.598057,4.061734572,1,baseline
IAOARJMKEVETCS-UHFFFAOYSA-N,5.140229,4.934840957,1,baseline
UBAYQRWMNBZFGL-UHFFFAOYSA-N,4.97894,5.158835765,1,baseline
QUTDGZYQXZVYFC-SJKOYZFVSA-N,4.649941,4.288542807,1,baseline
IOBKGDZZBKRYCG-UHFFFAOYSA-N,4.1639776,4.827346797,1,baseline
FWQGELGUVIJUCC-UHFFFAOYSA-N,2.97055,3.21232539,1,baseline
AZWGCDLUISJWCP-UHFFFAOYSA-N,2.93189,3.276763837,1,baseline
PNDJJJLHVBRNTL-UHFFFAOYSA-N,4.4665504,4.905761982,1,baseline
CAFOAHPXRAJQAK-UHFFFAOYSA-N,3.7658272,3.566373487,1,baseline
HLKBFLBGOYKZDI-JKSUJKDBSA-N,5.44219,5.138592392,1,baseline
MHHJIXHHDYIHPX-UHFFFAOYSA-N,4.679,3.638123242,1,baseline
YQEFHYJQFQHVMO-IAQYHMDHSA-N,4.0873156,4.005393523,1,baseline
VXXGQHSCKDHNJP-MNOVXSKESA-N,3.4482012,2.965374128,1,baseline
CWHAVRGSJLYPDK-UHFFFAOYSA-N,5.461059,4.99004783,1,baseline
YBPKRBILFQUIEO-NSHDSACASA-N,2.6474466,3.368762803,1,baseline
LGMLEVHOVWZGKR-UHFFFAOYSA-N,4.0450954,3.849254713,1,baseline
FQTOHOCJEYDRRG-UHFFFAOYSA-N,2.3380542,2.754289857,1,baseline
DCLUHTRDULUYBE-JOCQHMNTSA-N,3.7616954,4.446970708,1,baseline
KIIBRPVFLWMGBE-UHFFFAOYSA-N,4.200718,4.661217348,1,baseline
UOYBHIONASJOKF-UHFFFAOYSA-N,4.5927854,4.636902988,1,baseline
DYCVTPUMSCBWQS-UHFFFAOYSA-N,2.9298959,3.878634088,1,baseline
JRLWANZGUSYXRH-HOTGVXAUSA-N,3.7606735,3.5545027,1,baseline
DGCVWBPMLIWDPP-UHFFFAOYSA-N,3.452722,3.633658937,1,baseline
VYZSNRUMPKDNLT-UHFFFAOYSA-N,4.008636,3.533409043,1,baseline
KPPDEEPHSUATOL-UHFFFAOYSA-N,5.0773563,5.405866807,1,baseline
GSIICQVDWMDVDG-UHFFFAOYSA-N,3.4523482,3.58144519,1,baseline
ZWGFNGTXTLBDPF-UHFFFAOYSA-N,4.1229415,2.36334372,1,baseline
NJWPFCZHUWORBI-UHFFFAOYSA-N,4.1115394,2.84721,1,baseline
FJQDILFBCXCGIP-UHFFFAOYSA-N,4.8223763,6.313210545,1,baseline
RTWMBMRUDZASKG-UHFFFAOYSA-N,2.4353004,2.70369167,1,baseline
PLBGFVFWTLSZGL-UHFFFAOYSA-N,2.977334,2.517685372,1,baseline
XEMCUDAQPISXBU-UHFFFAOYSA-N,5.5793285,5.974041725,1,baseline
KGIKOJGFXHUXFI-UHFFFAOYSA-N,3.1864336,2.241415588,1,baseline
MRLYRYUBHGOFSG-UHFFFAOYSA-N,4.8115973,5.32308748,1,baseline
XGQFKAWKVLIBAF-UHFFFAOYSA-N,3.1842444,3.382432502,1,baseline
ILXVZKLXZOEKTC-UHFFFAOYSA-N,2.862996,4.288646478,1,baseline
VDDCFMULUARAJA-UHFFFAOYSA-N,4.9035773,4.51463321,1,baseline
NLJQZNHEMSUVFB-VQIMIIECSA-N,5.0218687,5.199269245,1,baseline
HOKIEOIBMAMYDU-DIFFPNOSSA-N,3.676014,4.829044793,1,baseline
AVSBSKYNGOROPD-UHFFFAOYSA-N,3.5483255,3.936897763,1,baseline
SBSGAKBWWPKTNZ-UHFFFAOYSA-N,5.331197,6.168070013,1,baseline
PAHHJKGABHEMIV-UHFFFAOYSA-N,4.2394185,4.552659145,1,baseline
YVRPHAJCWJZBDE-UHFFFAOYSA-N,3.4773824,3.207199585,1,baseline
PQYPFFASSMZDMA-UHFFFAOYSA-N,3.3661687,2.647839822,1,baseline
FACJYNRPNSFHRG-UHFFFAOYSA-N,2.1270356,2.090774792,1,baseline
KPSGOILJROKABB-JKSUJKDBSA-N,3.8630395,4.24217269,1,baseline
WJSGRZXGMIBXIR-UHFFFAOYSA-N,4.8233604,4.475472498,1,baseline
ZQWNBUUGCZZBQG-UHFFFAOYSA-N,4.363598,4.775317718,1,baseline
CCFPURFYUXRBIA-UHFFFAOYSA-N,5.291388,5.955409647,1,baseline
ATFFWNIHJPKPHE-UHFFFAOYSA-N,4.544073,5.74655907,1,baseline
RVMONIUXPWNMOU-UHFFFAOYSA-N,4.3635573,4.78611958,1,baseline
RAQMKDXAEMZEKK-UHFFFAOYSA-N,4.685935,5.017209357,1,baseline
CODZALLZJSHHRX-UHFFFAOYSA-N,4.664109,4.811813028,1,baseline
XTRQCVSHVGEAGT-UHFFFAOYSA-N,4.671767,5.09465059,1,baseline
WWEYQIABJMBUAI-UHFFFAOYSA-N,3.503092,3.270820033,1,baseline
ATVIQSIFQPGBBE-UHFFFAOYSA-N,3.6700423,4.553666823,1,baseline
GPXQDQQBCYIEQW-UHFFFAOYSA-N,3.0859904,3.67162816,1,baseline
DDCURYRYFVHMIV-HUUCEWRRSA-N,2.9314005,3.27627787,1,baseline
RFOMAUWZJRTBGS-UHFFFAOYSA-N,2.7185001,5.014764858,1,baseline
KRXXJHYTZDBUSJ-UHFFFAOYSA-N,2.615008,2.71402715,1,baseline
LMBJRHSTZKEVBI-UHFFFAOYSA-N,4.2667456,4.65552182,1,baseline
JLCNBMAIKIRJSZ-OAHLLOKOSA-N,2.2758021,2.107960063,1,baseline
GDCXYFNYLMNNOC-UHFFFAOYSA-N,4.6700287,5.110956855,1,baseline
XMGORMGYUQDAAL-UHFFFAOYSA-N,5.287618,5.739264047,1,baseline
RSBIZJHNWRDDIL-UHFFFAOYSA-N,4.572257,4.96020237,1,baseline
LPKNBEGSMBPPJL-UHFFFAOYSA-N,2.9722145,3.327621795,1,baseline
BVSPVPUOGZRITE-UHFFFAOYSA-N,2.9289184,4.592901402,1,baseline
ZYPJZJXFTMGPQG-GVJPCGBOSA-N,3.6360826,3.769107792,1,baseline
JHJNVPMWROZEOJ-UHFFFAOYSA-N,3.7751076,4.856156598,1,baseline
UXDPKMLAHNSVRK-UHFFFAOYSA-N,4.210569,5.00127224,1,baseline
VLACRBFSKCIPCT-UHFFFAOYSA-N,3.1098542,3.794024557,1,baseline
QVGRVYCOBKFJSE-UHFFFAOYSA-N,2.9281554,2.54340782,1,baseline
YJOJLVRDJYKCNH-UHFFFAOYSA-N,5.550696,4.967530553,1,baseline
JGTLGAGKPNYMRY-UHFFFAOYSA-N,3.7010882,4.239084615,1,baseline
PUJGNFDSNPSMAP-UHFFFAOYSA-N,4.5420938,5.35169879,1,baseline
QOACIIMPIYRKBZ-HQJQHLMTSA-N,2.3350945,2.730613257,1,baseline
HWVNCPZEOLHWHL-UHFFFAOYSA-N,4.4134355,4.840242042,1,baseline
WTTPTXHWBCVSAE-UHFFFAOYSA-N,3.559013,3.464697555,1,baseline
DOEHPOBMCJZKBX-UHFFFAOYSA-N,4.410575,4.26744182,1,baseline
LUIQXOKUNHJUSI-UHFFFAOYSA-N,3.5925927,4.766761165,1,baseline
CAXCKSHZGGCADW-UHFFFAOYSA-N,4.1790285,4.003798573,1,baseline
HBGRIMGVLDOSAX-OAHLLOKOSA-N,3.7087183,3.905343752,1,baseline
ZGWQAVUHFTXTOT-UHFFFAOYSA-N,4.374587,3.70605219,1,baseline
SSWUFYBXSQSZTP-UHFFFAOYSA-N,3.2514076,3.826717955,1,baseline
YKJMLSDPNOJKOB-UHFFFAOYSA-N,4.377962,4.762171262,1,baseline
JDZUJZMKUYOOOX-UHFFFAOYSA-N,3.7396626,3.988401872,1,baseline
VGUYAGDDPQYEDR-UHFFFAOYSA-N,2.2858322,2.395769367,1,baseline
JERUGZGTUIAMNX-UHFFFAOYSA-N,3.7604573,3.17493777,1,baseline
FDCHJYMTWLORCR-UHFFFAOYSA-N,4.6127086,4.665070187,1,baseline
IQAHQNXPPGWENP-UHFFFAOYSA-N,4.728116,3.734894302,1,baseline
ADCRROSQMSVSQW-UHFFFAOYSA-N,4.7358565,4.724000437,1,baseline
JXXQXVLGNNHRES-TUOGLVOQSA-N,2.732658,2.287121508,1,baseline
IWFPOYLMDJDZHA-CYBMUJFWSA-N,3.232954,4.195084347,1,baseline
BLSSOUSOURPNPD-UHFFFAOYSA-N,2.759333,2.068067157,1,baseline
IQOIRCGJHMFYFT-UHFFFAOYSA-N,5.681216,4.53088401,1,baseline
YYSDCSCFHCRZAY-UHFFFAOYSA-N,5.2019978,5.321651427,1,baseline
OTSKWPLKWNHXNG-UHFFFAOYSA-N,5.387704,5.203477128,1,baseline
BDZAPJZYPBDZIC-UHFFFAOYSA-N,4.4289675,4.431612102,1,baseline
SEHXKWXUVBWHEP-UHFFFAOYSA-N,4.1177073,4.338803627,1,baseline
JRXHPYCZKUMFCR-UHFFFAOYSA-N,3.764535,3.64998434,1,baseline
TYVXGMCHDUUECR-UHFFFAOYSA-N,2.9094622,4.24943707,1,baseline
REMJOPWUWSLWKZ-UHFFFAOYSA-N,2.1832352,2.316499762,1,baseline
NZLSUTAIXZHEED-UHFFFAOYSA-N,5.048234,5.273441845,1,baseline
LOCCFUQBAHYDIZ-UHFFFAOYSA-N,2.5957966,2.376397743,1,baseline
WJOWUCLGRHYEOJ-UHFFFAOYSA-N,3.01892,3.27675679,1,baseline
WRYGBIGUBYQMEK-UHFFFAOYSA-N,2.6195455,2.8973866,1,baseline
YQQUZYTYDNXBBK-UHFFFAOYSA-N,4.4573,4.557309952,1,baseline
JEACVFCBHMQKEI-UHFFFAOYSA-N,3.8343737,3.647261208,1,baseline
BLHWMBAQHCSKAB-UHFFFAOYSA-N,3.527371,4.070875052,1,baseline
NJZGQVIBLMPPCR-UHFFFAOYSA-N,4.580723,5.063002635,1,baseline
QUDSFKIXQFFIOI-UHFFFAOYSA-N,5.1486607,4.438221687,1,baseline
CRUWCZSXWRLWRA-OAHLLOKOSA-N,4.3824134,3.818094625,1,baseline
WEHUTJWIOPFKEQ-UHFFFAOYSA-N,2.6611474,3.3679012,1,baseline
ZZDHFDXGYJAHLU-UHFFFAOYSA-N,2.852697,2.077046045,1,baseline
KTAZEQLUINXWCV-UHFFFAOYSA-N,2.5681067,2.392897492,1,baseline
XDVGRJCMNYKMJE-DLBZAZTESA-N,4.9774866,4.847706835,1,baseline
WERKMJOGKJEZGI-UHFFFAOYSA-N,4.885735,5.100891905,1,baseline
ZERZLZZXKXXCBL-UHFFFAOYSA-N,4.448389,4.823696855,1,baseline
MXOSBTWGOGZZER-AZOXIEDXSA-N,4.801864,4.962174565,1,baseline
QUZAPYSTGOQIJY-UHFFFAOYSA-N,2.935069,2.79742109,1,baseline
APURBVBIOACKLC-UHFFFAOYSA-N,2.1209137,2.2280043,1,baseline
PVCJAHQCQKVCAF-UHFFFAOYSA-N,2.4195533,2.704943735,1,baseline
CHDDNIMGAPMUGM-UHFFFAOYSA-N,3.4618008,3.700481433,1,baseline
OQMLLPJRQZSRGF-UHFFFAOYSA-N,2.8251333,3.4958544,1,baseline
RGZHJDLYBPQKIJ-UHFFFAOYSA-N,5.2162113,5.444706208,1,baseline
VLPJUPPNDLFATF-UHFFFAOYSA-N,2.3020701,2.26172203,1,baseline
RDXGXRITHNUPKD-UHFFFAOYSA-N,2.5778308,4.009477295,1,baseline
PRQLICOUGTXMQD-UHFFFAOYSA-N,3.7959797,4.130032315,1,baseline
PHLBKPHSAVXXEF-UHFFFAOYSA-N,4.5102425,3.925884955,1,baseline
KYAKGJDISSNVPZ-UHFFFAOYSA-N,4.124441,4.718160855,1,baseline
KSGXQBZTULBEEQ-UHFFFAOYSA-N,4.7996736,5.497406215,1,baseline
HEFNNWSXXWATRW-JTQLQIEISA-N,1.7945554,2.277124133,1,baseline
ACEWLPOYLGNNHV-UHFFFAOYSA-N,4.6117005,4.591719858,1,baseline
DHMQDGOQFOQNFH-UHFFFAOYSA-N,0.23058462,2.088260505,1,baseline
CNIIGCLFLJGOGP-UHFFFAOYSA-N,2.8178964,3.604846617,1,baseline
YBSJFWOBGCMAKL-UHFFFAOYSA-N,2.929607,2.113958757,1,baseline
OBWASQILIWPZMG-QZMOQZSNSA-N,4.5642037,2.484795243,1,baseline
HSRJKNPTNIJEKV-UHFFFAOYSA-N,2.7552547,2.39320434,1,baseline
YQGDEPYYFWUPGO-UHFFFAOYSA-N,0.37795687,2.10376344,1,baseline
UMJJMALOVZJHOM-UHFFFAOYSA-N,4.0063124,5.064258277,1,baseline
VKLDISFNRAPLRT-UHFFFAOYSA-N,3.55121,4.013291673,1,baseline
YQABWLDXYKWUOR-UHFFFAOYSA-N,3.9119787,3.586721283,1,baseline
YYPUSKSRHZZVBY-UHFFFAOYSA-N,5.6690254,5.731906275,1,baseline
NPUQZCISJDJSQS-UHFFFAOYSA-N,4.01099,3.409232298,1,baseline
YAPINTZWRKUNKN-UHFFFAOYSA-N,5.3317375,5.809834187,1,baseline
RXNDJKIHSSKQMU-UHFFFAOYSA-N,3.9465487,4.758699123,1,baseline
YFEAWONHDZRTON-UHFFFAOYSA-N,4.0334377,4.59437675,1,baseline
DUBHZLUWBVLGOC-UHFFFAOYSA-N,4.9510694,5.885073883,1,baseline
YKAIARMMHPODFN-UHFFFAOYSA-N,3.407779,3.644961728,1,baseline
RJECDYXFFUGFPD-UHFFFAOYSA-N,4.649517,5.312398685,1,baseline
PBZGCLVVCQILOX-UHFFFAOYSA-N,5.0931377,5.519664872,1,baseline
BBDGGEDHOSSLBQ-UHFFFAOYSA-N,2.8048582,3.768727975,1,baseline
VMKFDGZZTLOMLG-UHFFFAOYSA-N,5.0744767,3.57392645,1,baseline
VTFLDUPQAXQKEL-UHFFFAOYSA-N,4.4203277,4.996639828,1,baseline
ZHFWOANMAIXAJU-UHFFFAOYSA-N,4.1704454,3.19121677,1,baseline
FQHFKBXLGTXQFY-UHFFFAOYSA-N,4.0145445,4.39927141,1,baseline
QCADNHVJUJASRH-UHFFFAOYSA-N,4.378404,4.867541923,1,baseline
NVPWMPMUEXSPEG-UHFFFAOYSA-N,3.3581882,4.458540315,1,baseline
DHOGCLBDWIPOBU-UHFFFAOYSA-N,5.054525,5.406038363,1,baseline
IODIDYHIBDZVLN-UHFFFAOYSA-N,2.8705878,3.91647593,1,baseline
KNKFHOOEOAGPDF-UHFFFAOYSA-N,5.153282,5.233174372,1,baseline
UXTJYBXFNHLFDQ-UHFFFAOYSA-N,4.6549354,5.05016215,1,baseline
QBTKYQSQDNYSJW-UHFFFAOYSA-N,3.730452,3.936778295,1,baseline
OPVZHLFVZBTKCV-UHFFFAOYSA-N,3.215168,3.39431766,1,baseline
YICSFNCAIRPWQX-UHFFFAOYSA-N,3.5693462,3.515679212,1,baseline
MUXQTGKIVRSWAN-UHFFFAOYSA-N,2.382544,2.39752221,1,baseline
ZBWYNVDXWISWEV-UHFFFAOYSA-N,4.655733,5.232010117,1,baseline
IDRBFVDPCUUZRD-UHFFFAOYSA-N,4.5785956,4.924192827,1,baseline
RSYRQOFGAIHZDA-UHFFFAOYSA-N,6.5174017,6.57682035,1,baseline
WEZDLCWMGMEVOS-UHFFFAOYSA-N,4.2632737,4.540503295,1,baseline
DXLJVPKHMCRJMN-UHFFFAOYSA-N,1.9258747,2.180110838,1,baseline
CDBUNSVKISKPRX-UHFFFAOYSA-N,2.3640847,3.53333597,1,baseline
ICZFYMYWWTWOKP-UHFFFAOYSA-N,3.9621599,3.509074313,1,baseline
CNMLKICHDRHLEI-UHFFFAOYSA-N,4.7218485,5.66007574,1,baseline
ATIMUHARSAHFAK-UHFFFAOYSA-N,4.686203,5.110449832,1,baseline
MZOCERLDUKGVLV-UHFFFAOYSA-N,3.5926657,4.118105522,1,baseline
FPGLWHHAKABDQO-UHFFFAOYSA-N,4.868057,5.856038895,1,baseline
SCJSDZLVHPJNSV-UHFFFAOYSA-N,2.8223886,2.020488837,1,baseline
DYQMZWJGNHQRSM-UHFFFAOYSA-N,4.5892835,4.95156472,1,baseline
HRIJOSOSAQLPFO-UHFFFAOYSA-N,3.5880895,4.957931657,1,baseline
ANKYSPAPZXZRKL-UHFFFAOYSA-N,2.8605647,3.275800322,1,baseline
LNYDBAPUCWZEDQ-UHFFFAOYSA-N,3.399391,4.614954295,1,baseline
AATKRDLDTAZTJL-UHFFFAOYSA-N,5.055477,5.1413988,1,baseline
ZDFFDMZFFSSVFR-UHFFFAOYSA-N,3.0387876,3.70184245,1,baseline
AENNRDYULBOVRM-UHFFFAOYSA-N,3.1333656,3.853191718,1,baseline
SHWLLIJABCWDCS-UHFFFAOYSA-N,4.9980087,4.032193927,1,baseline
URXVOZINLDYRAI-UHFFFAOYSA-N,3.0367882,2.579042223,1,baseline
IXFFHUDQCVBCGR-UHFFFAOYSA-N,3.8481374,4.063649153,1,baseline
ZOLMJFXEDWNUJB-UHFFFAOYSA-N,4.5539565,3.81463258,1,baseline
UKXDNQVGUXFCMX-UHFFFAOYSA-N,4.9597135,5.688555218,1,baseline
GAIWOBVHIKIOHU-UHFFFAOYSA-N,5.2318296,4.669056513,1,baseline
LHVZLEPXLOJWSU-UHFFFAOYSA-N,4.5298333,5.038823883,1,baseline
BWHLAXKIFCJLKR-UHFFFAOYSA-N,3.6952631,3.865375667,1,baseline
FKDGSNNIFHGRKN-UHFFFAOYSA-N,3.6701224,3.826424575,1,baseline
JFXRKJJBUPVDID-UHFFFAOYSA-N,3.828976,3.350590577,1,baseline
UCKVXHVXXNFHID-UHFFFAOYSA-N,2.4723725,2.04500877,1,baseline
MORWPVGUBKMGDD-UHFFFAOYSA-N,5.0340266,6.171894857,1,baseline
MHUOOTATOROKJY-UHFFFAOYSA-N,3.9743872,5.21310288,1,baseline
JBNUTMLKBDTHQR-UHFFFAOYSA-N,4.0933657,4.594446373,1,baseline
KQOBWZMZCYYAAY-UHFFFAOYSA-N,3.6672866,4.205072515,1,baseline
YXTNAXUFAGFNGO-UHFFFAOYSA-N,3.3324223,4.395570003,1,baseline
SDFQMEBBXPQHEL-UHFFFAOYSA-N,3.738168,4.015097575,1,baseline
ASYSKXKSYXHSST-UHFFFAOYSA-N,3.5228689,4.358190552,1,baseline
KRSSFSQYSIKVQE-UHFFFAOYSA-N,3.496892,4.06572573,1,baseline
COBJIQXSNFUCNG-UHFFFAOYSA-N,4.0551395,4.58605595,1,baseline
VHRRHVUNMHCJBW-UHFFFAOYSA-N,4.439549,4.110678552,1,baseline
WBTVQSWVXWEBLO-UHFFFAOYSA-N,5.47251,5.809395215,1,baseline
RFCVVICONKLKDS-UHFFFAOYSA-N,3.6845448,4.319952052,1,baseline
QBJNBFCCRIXTHF-UHFFFAOYSA-N,2.9419053,3.48046569,1,baseline
UBJPKQKUQGHQAR-UHFFFAOYSA-N,2.8013873,2.778184492,1,baseline
ZFLNQKJXJYGVKM-UHFFFAOYSA-N,4.2343016,4.474392293,1,baseline
WQGHBTCSLVOUKD-UHFFFAOYSA-N,4.735084,3.908615055,1,baseline
OIKMQQJMUBHTCG-UHFFFAOYSA-N,3.2971048,3.194039572,1,baseline
SJDBXHGBFBTMPJ-UHFFFAOYSA-N,3.137979,2.190838462,1,baseline
MMXVLSGEADNUOM-UHFFFAOYSA-N,2.037244,2.204663052,1,baseline
BNKCFMJRVCVWHY-UHFFFAOYSA-N,3.7755175,3.267771695,1,baseline
JDZPZNCTSDINLK-UHFFFAOYSA-N,4.6841927,4.87965294,1,baseline
CLDQXDRBKSWPDM-UHFFFAOYSA-N,1.9849589,2.102320618,1,baseline
HSWJCCBDYYODGY-UHFFFAOYSA-N,4.643529,5.191766043,1,baseline
ANKJZMOSISEFKF-UHFFFAOYSA-N,4.358653,4.504472302,1,baseline
QOWDANZXWYEGPT-UHFFFAOYSA-N,3.5501153,4.23344031,1,baseline
GFEUBPZWGFGNQZ-UHFFFAOYSA-N,4.024977,4.102520603,1,baseline
LUMZXSYMMBSXFL-UHFFFAOYSA-N,4.306268,5.167533805,1,baseline
ZHAARJLDFPNKLT-UHFFFAOYSA-N,3.386647,2.79488905,1,baseline
YSXFALBFZPSVAY-UHFFFAOYSA-N,3.0659814,3.821236808,1,baseline
IJNIUNYHEGJPNQ-UHFFFAOYSA-N,5.0214124,5.258613602,1,baseline
HLGONRSHXFEINO-UHFFFAOYSA-N,3.6880012,3.564863805,1,baseline
JLOUEWPKMPUJBL-UHFFFAOYSA-N,4.5214005,5.75038255,1,baseline
KABBEWDXVKIGSN-UHFFFAOYSA-N,3.445826,3.509472672,1,baseline
KJOQKNQCWTVGHB-UHFFFAOYSA-N,2.8760414,3.472697055,1,baseline
CGPCPBSMPYTZMC-UHFFFAOYSA-N,5.427157,5.872654955,1,baseline
XQZLQFCGPSJOGX-UHFFFAOYSA-N,4.9929595,4.71633843,1,baseline
XERTZFVAIHWZLQ-UHFFFAOYSA-N,3.5237575,3.823097905,1,baseline
DUKICPCHQPYURE-UHFFFAOYSA-N,4.852259,4.18104634,1,baseline
PLDOVZRBVXPFPE-UHFFFAOYSA-N,3.5390625,4.183870363,1,baseline
AVFZTFSYIQABNW-UHFFFAOYSA-N,4.987785,5.231255505,1,baseline
ARMHNKPKRVBKDE-UHFFFAOYSA-N,3.5435307,3.75389345,1,baseline
QTFAXBVQCAYEKF-UHFFFAOYSA-N,4.983099,5.243843163,1,baseline
ABBNLJTZTQVBCG-UHFFFAOYSA-N,4.088335,4.524574675,1,baseline
ICMNNHCJCVVWEO-UHFFFAOYSA-N,3.4500928,3.458538008,1,baseline
QOGJQGMDFNGKRO-UHFFFAOYSA-N,4.330067,3.786477802,1,baseline
WQIQLBAMTRKXTD-UHFFFAOYSA-N,4.174451,3.846829993,1,baseline
VGKTZOSSNOYRLG-UHFFFAOYSA-N,5.082754,5.922702717,1,baseline
YBBZRYZPMFGACI-UHFFFAOYSA-N,2.5414748,1.974573193,1,baseline
XHMRHVMVFSPYOG-UHFFFAOYSA-N,4.2232213,4.174297132,1,baseline
CDLAWHKYLDYWRA-UHFFFAOYSA-N,3.8546681,4.640412657,1,baseline
NXOOQLSEMPVQBV-UHFFFAOYSA-N,2.713594,3.092548765,1,baseline
TYXAWTYGUIZJQA-UHFFFAOYSA-N,3.982596,4.13460412,1,baseline
SCPRVCRZHVPKLD-UHFFFAOYSA-N,3.2955694,3.008647815,1,baseline
FUKVXEGKZLQFNL-UHFFFAOYSA-N,5.003783,5.850883063,1,baseline
IENZQIKPVFGBNW-UHFFFAOYSA-N,4.1639237,4.145495083,2,baseline
ZUXABONWMNSFBN-UHFFFAOYSA-N,3.9755704,4.323056245,2,baseline
WXPNDRBBWZMPQG-UHFFFAOYSA-N,3.963035,2.792889913,2,baseline
YRCWQPVGYLYSOX-UHFFFAOYSA-N,3.2545905,2.057364435,2,baseline
WXFIGDLSSYIKKV-RCOVLWMOSA-N,3.20618,2.71259529,2,baseline
CDQSUAXVLAUUPS-UHFFFAOYSA-N,4.1283154,3.778298405,2,baseline
GPKJTRJOBQGKQK-UHFFFAOYSA-N,4.982657,5.01010258,2,baseline
LPEPZBJOKDYZAD-UHFFFAOYSA-N,2.695911,3.022274392,2,baseline
BRZANEXCSZCZCI-UHFFFAOYSA-N,3.8618157,2.214196058,2,baseline
LAQWXSZWFLYJOE-UHFFFAOYSA-N,5.309003,4.76600142,2,baseline
YQNQNVDNTFHQSW-UHFFFAOYSA-N,3.3996944,3.684320417,2,baseline
XIQVNETUBQGFHX-UHFFFAOYSA-N,4.8637404,4.835022902,2,baseline
WSPOMRSOLSGNFJ-AUWJEWJLSA-N,4.503342,4.32313365,2,baseline
RUZYUOTYCVRMRZ-UHFFFAOYSA-N,4.41648,4.9888352,2,baseline
JNMRHUJNCSQMMB-UHFFFAOYSA-N,3.7391853,2.103773238,2,baseline
UREBDLICKHMUKA-DVTGEIKXSA-N,2.4395275,3.687954215,2,baseline
ADCLRPXGARJRNH-UHFFFAOYSA-N,4.132192,4.770343345,2,baseline
MGZZNLHVDYPPJO-UHFFFAOYSA-N,4.511956,3.36519394,2,baseline
BMCKPGYQWRVRGW-UHFFFAOYSA-N,3.899357,3.65400295,2,baseline
NGONJMJRJGVYLJ-UHFFFAOYSA-N,3.2955399,3.2337988,2,baseline
VEVIEDVOUPSXNL-HOCLYGCPSA-N,3.543086,3.099472117,2,baseline
RNTIEMUIAFFWHS-UHFFFAOYSA-N,4.3547997,4.777893155,2,baseline
FJUHYDGFHVCIQR-UHFFFAOYSA-N,4.5414867,4.594022655,2,baseline
AGHRSHXYCSETRU-UHFFFAOYSA-N,3.6893725,2.86790216,2,baseline
DDYGUKULIGNEQA-UHFFFAOYSA-N,3.1977255,5.498045242,2,baseline
NECXPRJZRYCKAT-UHFFFAOYSA-N,5.5554075,5.569357062,2,baseline
HARMXPWBSOZJFG-UHFFFAOYSA-N,2.7826185,2.715260445,2,baseline
MTNCBXHNXWKXRE-UHFFFAOYSA-N,4.7401214,5.075595437,2,baseline
BOENRGZTNSTROB-UHFFFAOYSA-N,4.429886,4.54065294,2,baseline
MXXXXMGDCZIZBB-UHFFFAOYSA-N,4.7661767,5.585976282,2,baseline
IBLMLYIIJGOTCM-UHFFFAOYSA-N,4.872359,5.500174805,2,baseline
ADFCSRJBTBPUKM-UHFFFAOYSA-N,3.6447434,3.32502246,2,baseline
JQGRCFSKLLFIPC-UHFFFAOYSA-N,3.2797756,3.789451435,2,baseline
LHANYQYWDMCDJS-UHFFFAOYSA-N,4.093354,3.119296237,2,baseline
KQKCGQUCCTXYTA-UHFFFAOYSA-N,3.4930148,2.587130662,2,baseline
UQBSWRKJTBGPQD-STQMWFEESA-N,3.0069752,4.282106348,2,baseline
CYDNTBXARFNHOK-UHFFFAOYSA-N,2.3124964,2.226776045,2,baseline
YVFXCMLVGKSGDB-UHFFFAOYSA-N,5.1777816,4.970041317,2,baseline
GPQIHVFVASWNLH-UHFFFAOYSA-N,4.342955,3.914125675,2,baseline
NPJRQVNMMCQTSZ-UHFFFAOYSA-N,2.7222672,3.926984765,2,baseline
VAFHQABZUSGLJF-UHFFFAOYSA-N,4.939594,4.88168079,2,baseline
LYPIDRQMFHIABL-UHFFFAOYSA-N,4.2123485,4.734992907,2,baseline
ORSYPTHHRYXLOK-UHFFFAOYSA-N,5.4591103,6.650677757,2,baseline
VLTFPIJIFJIPFV-UHFFFAOYSA-N,3.9650602,4.222455027,2,baseline
LJZMBGSJCFOKGN-UHFFFAOYSA-N,4.4484425,3.836663758,2,baseline
IMHFCXAUGGYESY-UHFFFAOYSA-N,4.479265,4.76428286,2,baseline
BILGZUNWWFGLCD-UHFFFAOYSA-N,4.774936,4.7267301,2,baseline
LVGZTOUPOSNRMC-UHFFFAOYSA-N,4.032872,4.869078457,2,baseline
SZIZNFZWYZMKGP-UHFFFAOYSA-N,3.4156277,4.37168324,2,baseline
NXGRJPKKRGWPKN-UHFFFAOYSA-N,3.559389,2.024431085,2,baseline
ADEDIGFEFPYZAG-UHFFFAOYSA-N,4.438804,4.866275922,2,baseline
YRYCNCAAIQZHCQ-UHFFFAOYSA-N,3.6194541,4.808987682,2,baseline
BIVGETPZEPQOBV-LBPRGKRZSA-N,4.308997,4.051491175,2,baseline
XYBSIQLXXDTGIG-MRVPVSSYSA-N,3.3976665,2.090999372,2,baseline
XBGKGWGJHWEDQP-UHFFFAOYSA-N,3.4318712,3.624592112,2,baseline
WYXZWQBOJBWGRS-UHFFFAOYSA-N,4.529194,4.629011913,2,baseline
SRCWENMLXFLRIA-UHFFFAOYSA-N,3.876579,3.302121712,2,baseline
JEIGWQHMZMNNGN-UHFFFAOYSA-N,4.555423,3.67145394,2,baseline
GGSBXNSPXLOOHI-UHFFFAOYSA-N,5.2280183,6.04559205,2,baseline
LMJUHQZHBWIZJQ-UHFFFAOYSA-N,4.9571033,5.150775183,2,baseline
QLCQSUUIWFLDNX-UHFFFAOYSA-N,4.7896366,3.669333762,2,baseline
DZNPQDPYYZENCJ-UHFFFAOYSA-N,5.711195,5.452919655,2,baseline
RYILMESYJAREFJ-UHFFFAOYSA-N,4.503346,5.75675987,2,baseline
SHHJJHGACOTBED-GHMZBOCLSA-N,2.3452055,2.83212149,2,baseline
YXVXGYRWFHPXRG-UHFFFAOYSA-N,4.7976685,4.262344103,2,baseline
KNQGOFFYQJABKJ-UHFFFAOYSA-N,2.8842306,2.090409895,2,baseline
MLQRNUKEFWJQOH-UHFFFAOYSA-N,4.8209147,5.332954717,2,baseline
OKSVJUULZHAESX-UHFFFAOYSA-N,3.4703016,3.84640374,2,baseline
NCWLJEVSBCJHNM-UHFFFAOYSA-N,5.112474,4.545574832,2,baseline
YMJWYDKEGLKYSU-UHFFFAOYSA-N,4.7034745,4.81260784,2,baseline
OSVJTIWAVNSEQH-UHFFFAOYSA-N,4.606356,2.790967568,2,baseline
WNTXLQIWFCPBPY-UHFFFAOYSA-N,5.137075,4.77881633,2,baseline
JSJSFTYUFLJSPW-UHFFFAOYSA-N,3.677826,3.033616223,2,baseline
YAYNBSVDGNDHKK-UHFFFAOYSA-N,4.5592823,3.934902302,2,baseline
VXSFJIRIMDYAFH-UHFFFAOYSA-N,5.57279,6.330775717,2,baseline
LRCVBALEVVGLFE-UHFFFAOYSA-N,4.8208895,4.696104287,2,baseline
MQZZCCINAHCTQG-UHFFFAOYSA-N,4.6292076,5.137646755,2,baseline
MLXVRHYZAAKFDH-UHFFFAOYSA-N,3.6029675,4.01074426,2,baseline
FJNCYMDRTAXCFI-UHFFFAOYSA-N,3.7912605,2.509015773,2,baseline
RSPCESQETIRETP-UHFFFAOYSA-N,3.9487689,3.597721745,2,baseline
AHFQUVDNKMZQIK-UHFFFAOYSA-N,4.458827,4.102454097,2,baseline
YFMFZOQOJHZEAM-UHFFFAOYSA-N,4.1101446,3.853686657,2,baseline
MTAKEIICAOLKFM-UHFFFAOYSA-N,3.6223755,3.759346945,2,baseline
LGYSCTIZOHPFJD-UHFFFAOYSA-N,5.116711,6.130037083,2,baseline
FGMFVAQQFBHWOE-UHFFFAOYSA-N,5.09363,4.600903527,2,baseline
RSZIAKRTNAXOPH-UHFFFAOYSA-N,3.412004,3.379489842,2,baseline
ZVCOHKRDENFSPM-UHFFFAOYSA-N,2.7034218,3.739102985,2,baseline
SDWWLTJQJIPGEO-UHFFFAOYSA-N,4.4840283,5.131701908,2,baseline
FRIHMUFJBJMGQK-UHFFFAOYSA-N,4.086733,4.1319632,2,baseline
XTDCITUSGXXBBG-UHFFFAOYSA-N,3.3133843,2.41579948,2,baseline
SJYXGKSCAKTUBG-UHFFFAOYSA-N,4.3297663,4.560168555,2,baseline
ZOBNNUJODGRTRA-UHFFFAOYSA-N,3.6194377,4.230479823,2,baseline
VAHWRSZAURKYGM-UHFFFAOYSA-N,4.1189218,4.214249813,2,baseline
SQXMBABHTNNZOC-UHFFFAOYSA-N,4.7812033,4.87844303,2,baseline
QKSASFITOIEIMX-UHFFFAOYSA-N,3.7739763,4.08054416,2,baseline
ORXMZBQPCWIHBW-UHFFFAOYSA-N,2.1024718,2.130210358,2,baseline
SALPRQGNBKYGBL-UHFFFAOYSA-N,3.4997578,2.25979485,2,baseline
KCVGBSCOBIITGF-UHFFFAOYSA-N,4.770755,3.966478497,2,baseline
MJUBBVQASBHOHI-UHFFFAOYSA-N,3.7147381,4.994726167,2,baseline
JNUPUTJOTQNJHS-UHFFFAOYSA-N,4.958872,5.87039775,2,baseline
KCLWZSBXZRBBSN-UHFFFAOYSA-N,4.409567,3.902560783,2,baseline
DPCRFIMDLMABSP-UHFFFAOYSA-N,5.7012286,7.186665953,2,baseline
HGLQTURHJVUTSV-UHFFFAOYSA-N,4.7482667,4.572986923,2,baseline
DSXVJCZCXOYUOK-UHFFFAOYSA-N,3.8313644,2.030110115,2,baseline
MQXPCGHXWRPKCK-UHFFFAOYSA-N,3.7572103,4.133092572,2,baseline
MEGVWEUUUNFHJZ-ZDUSSCGKSA-N,2.6741488,2.484979553,2,baseline
ZUEZMUYOYHAKCT-UHFFFAOYSA-N,3.5990615,4.020250362,2,baseline
LPRYCBITNRSRNR-UHFFFAOYSA-N,5.2175503,5.159339423,2,baseline
SJEFVVPHZSAYHV-FUHWJXTLSA-N,2.7256768,3.580244055,2,baseline
VQAVIIHKSNSDRU-UHFFFAOYSA-N,5.38294,4.987116077,2,baseline
KXAWYHBBFHVSLR-UHFFFAOYSA-N,3.5871313,2.523636012,2,baseline
LOHPAHJRSDGXHU-UHFFFAOYSA-N,3.884789,4.199997547,2,baseline
WGZOPFSVIJRJPN-UHFFFAOYSA-N,4.142585,3.541061135,2,baseline
IRELANSYNNWRMV-UHFFFAOYSA-N,3.1376336,2.771526065,2,baseline
BKJONGMYVDDYHZ-UHFFFAOYSA-N,4.4944816,4.993338912,2,baseline
CPOPRSAGMUGGIW-UHFFFAOYSA-N,4.9843297,4.494065735,2,baseline
JBCWPQUYQNSOPO-UHFFFAOYSA-N,4.576295,4.409767783,2,baseline
YCCGHCCVGFNCRD-UHFFFAOYSA-N,3.3670337,4.197104865,2,baseline
FMHQXHWZSQJKAP-UHFFFAOYSA-N,3.4752395,2.22195716,2,baseline
KNHOKGYXVGIUBR-UHFFFAOYSA-N,1.6232097,2.052655422,2,baseline
PVKXXXJWSIHBNV-UHFFFAOYSA-N,3.9037468,4.990687795,2,baseline
FFLCNUCKIWWFFL-IBGZPJMESA-N,4.92404,5.297393805,2,baseline
HSZAONGFDFUHGD-UHFFFAOYSA-N,4.203096,3.121036838,2,baseline
AVWOIDVOWIXTBD-UHFFFAOYSA-N,5.385019,5.579058435,2,baseline
OGPHYGJCVHSATM-UHFFFAOYSA-N,4.1651607,4.299874642,2,baseline
YYKMRMTYTUHGAM-UHFFFAOYSA-N,2.6099129,3.419543963,2,baseline
XMWNJVUBIFPEBV-UHFFFAOYSA-N,4.666023,5.785632915,2,baseline
CQJUDZMQLRQERA-UHFFFAOYSA-N,5.8917384,6.006745022,2,baseline
QNDPREYSNOCOOT-UHFFFAOYSA-N,3.5942726,4.15447882,2,baseline
BIJKXSIAIACXNV-UHFFFAOYSA-N,4.845317,5.051168503,2,baseline
CDJZECPEHULQQM-UHFFFAOYSA-N,5.914629,6.050932363,2,baseline
MYJTXSQZAPTVCC-UHFFFAOYSA-N,3.6419966,2.872159712,2,baseline
DGUHWPMRKMJECE-UHFFFAOYSA-N,4.7941294,5.128671577,2,baseline
IFPCQLFPEPZBKC-UHFFFAOYSA-N,3.979058,3.889417665,2,baseline
NJERGYGFXSOKSW-UHFFFAOYSA-N,4.6191015,5.19923446,2,baseline
FRTQFAFJPFTPEO-UHFFFAOYSA-N,4.9274764,4.596328095,2,baseline
YWJGDHOBKFWUFM-UHFFFAOYSA-N,5.4350553,4.431101178,2,baseline
ICKRQBWOWOXQPE-UHFFFAOYSA-N,5.220789,6.227752448,2,baseline
MQUVAJORNAXLCS-UHFFFAOYSA-N,3.737245,4.467026628,2,baseline
YSQUPUKGTQOCAI-UHFFFAOYSA-N,4.8996434,5.008325502,2,baseline
SEGYCPXNPJUGDE-SUMDDJOVSA-N,4.0725074,3.74995955,2,baseline
ALLZQQAZODLCLY-UHFFFAOYSA-N,4.6813846,4.235373165,2,baseline
MZKVXPBLHZQQSB-UHFFFAOYSA-N,4.4015164,4.785654193,2,baseline
AFKZBAIFJMEXMU-UHFFFAOYSA-N,4.5301924,3.910460825,2,baseline
NPTOPOGVOJXVQG-UHFFFAOYSA-N,5.0417423,5.28338795,2,baseline
GQUUNRIMCUWCTR-UHFFFAOYSA-N,2.8056083,3.897178307,2,baseline
HIFOPWASNBXHLT-UHFFFAOYSA-N,4.4656944,4.653348517,2,baseline
GJNDXZDELDCPTQ-UHFFFAOYSA-N,5.2589264,5.501483087,2,baseline
XWDHGERTKVTTNK-OCCSQVGLSA-N,3.40226,3.516112773,2,baseline
ABZDANIGSGUPSQ-QZTJIDSGSA-N,3.8089693,4.65893179,2,baseline
XITUDUKCDZPINF-UHFFFAOYSA-N,3.9235094,4.414266543,2,baseline
OAPGBPRSXNVCAB-UHFFFAOYSA-N,2.0518076,2.011759725,2,baseline
XQFDZGNODAUQIR-UHFFFAOYSA-N,4.740162,4.614776755,2,baseline
MNKMGNDBLJMEEX-UHFFFAOYSA-N,4.947302,4.729411482,2,baseline
VILLAKBBOMURQE-UHFFFAOYSA-N,3.6778882,3.570273268,2,baseline
WFMZVSWBAHEUAY-UHFFFAOYSA-N,3.7641826,3.853981043,2,baseline
NKQDZKBYXOTDSN-UHFFFAOYSA-N,3.2255025,3.450019785,2,baseline
VLIVCSIUIZLBGL-UHFFFAOYSA-N,4.9738674,5.50840485,2,baseline
ULZFHGPUDUKQOM-UHFFFAOYSA-N,4.087649,2.706600332,2,baseline
ZDVHZKHFMHUZDU-UHFFFAOYSA-N,3.5047898,3.033108745,2,baseline
WQHQBKRMUIUGCJ-UHFFFAOYSA-N,4.317821,3.682257762,2,baseline
BRDOWFMOFKGYIW-UHFFFAOYSA-N,2.6606815,2.008084975,2,baseline
PPBJPTKFQWUHAF-UHFFFAOYSA-N,3.1236854,3.137748022,2,baseline
MDLWJGRDRCYXTI-QBIMZIAESA-N,4.3415003,4.698830915,2,baseline
PMRBEXVXTYUSOE-UHFFFAOYSA-N,3.1667023,2.93698273,2,baseline
YNFVSGMRMLKAQV-UHFFFAOYSA-N,4.2116013,3.849639655,2,baseline
CPTSFZUKPHDTEW-UHFFFAOYSA-N,4.657162,4.43482326,2,baseline
KPUMQWNOZQZEFM-UHFFFAOYSA-N,4.4199314,4.398702007,2,baseline
KVAGMIQBAJGTNP-ZFWWWQNUSA-N,2.4419997,2.47539676,2,baseline
FHURGZGGJGEEFF-UHFFFAOYSA-N,5.023002,5.109494788,2,baseline
DUADTXCVWFPPIL-UHFFFAOYSA-N,4.689134,4.655252147,2,baseline
LXWQJWOXVKOTNK-UHFFFAOYSA-N,2.8364038,3.048572295,2,baseline
CAMKDLJYQPZXJB-UHFFFAOYSA-N,3.6751215,2.191223905,2,baseline
ZZFPLIDKIPRHHB-UHFFFAOYSA-N,3.0495336,2.494400348,2,baseline
IVDZETPLIKMYNC-UHFFFAOYSA-N,2.6806169,2.149771208,2,baseline
GEUHJKVUFZLKJI-UHFFFAOYSA-N,4.415944,2.142141725,2,baseline
DJXWVEZFBLYNEZ-UHFFFAOYSA-N,4.2304087,4.117966995,2,baseline
HNPLJDLBILRTDZ-UHFFFAOYSA-N,4.948609,4.96253782,2,baseline
ZRHMUXGHEVAKDW-UHFFFAOYSA-N,5.1200185,4.50062413,2,baseline
FRXIOYNYLCVQGU-UHFFFAOYSA-N,4.967141,4.972708687,2,baseline
UPAXZSAQJTVZTN-UHFFFAOYSA-N,3.263054,3.151742175,2,baseline
JGIPHLUSPCSBAK-UHFFFAOYSA-N,2.2972322,2.006495287,2,baseline
QEIQSPFXGZOUQH-UHFFFAOYSA-N,4.4772124,3.572985558,2,baseline
FTKRTBIUYBODIY-UHFFFAOYSA-N,4.864051,5.016634348,2,baseline
JWDFHTDYIIEBOU-UHFFFAOYSA-N,4.587025,4.47611362,2,baseline
CFKFIYOZBUCKGU-UHFFFAOYSA-N,4.6649027,4.21125573,2,baseline
JLCVNZJHVMBCOV-UHFFFAOYSA-N,3.9569306,3.799369833,2,baseline
GBKPILDGEGGVEI-UHFFFAOYSA-N,4.6887226,4.932542547,2,baseline
BVHOHRQDYPRBHR-UHFFFAOYSA-N,2.7881293,3.180861255,2,baseline
CUXFILKEDIHJKB-UHFFFAOYSA-N,4.897376,5.659422285,2,baseline
OTPQQBMYRRHVHO-UHFFFAOYSA-N,3.5431147,3.129496105,2,baseline
WRRBRTDCHAQNHP-UHFFFAOYSA-N,4.8451576,4.5297972,2,baseline
PHWWBFWSIGLVED-UHFFFAOYSA-N,4.165571,4.36293801,2,baseline
YDFOSAZBCLLMBO-UHFFFAOYSA-N,2.637547,3.339705603,2,baseline
MTIQWDDSHMGBCV-UHFFFAOYSA-N,4.28174,3.51014128,2,baseline
MGMUDDVTYLQJBC-CALCHBBNSA-N,2.3645172,2.022024903,2,baseline
GRXNKYJPVRMSEL-UHFFFAOYSA-N,4.134918,4.521543053,2,baseline
PEIDMFGKYSEABD-UHFFFAOYSA-N,4.2228494,4.432092192,2,baseline
LSRTWYOTIFENKS-UHFFFAOYSA-N,3.5282786,4.33313748,2,baseline
PCALXBQHOTZTPH-UHFFFAOYSA-N,3.289585,4.1690063,2,baseline
HYDMJJIQJHFVMR-UHFFFAOYSA-N,2.4420762,4.543620233,2,baseline
SWNJAIASNHOJIY-UHFFFAOYSA-N,2.9092708,4.007604807,2,baseline
XICHSSDXNJIOKJ-UHFFFAOYSA-N,2.834638,1.95935075,2,baseline
AAHRGEWRSAXFHK-UHFFFAOYSA-N,3.4319928,3.987420957,2,baseline
CMRWALMKNZNEAF-UGSOOPFHSA-N,4.0612564,3.970082812,2,baseline
WVKSYVADYXLNCD-UHFFFAOYSA-N,3.8807452,3.504104825,2,baseline
FJGRRSPJBAJJCN-UHFFFAOYSA-N,5.1039,4.796981957,2,baseline
UXHPOOLMZAWLIS-UHFFFAOYSA-N,5.029203,5.088045437,2,baseline
XCIJBXYLYAHBTP-UHFFFAOYSA-N,3.4799929,2.87160388,2,baseline
POSKFSHTDIVBQU-UHFFFAOYSA-N,2.2781682,2.090711403,2,baseline
WQWDRNYGLYESFR-UHFFFAOYSA-N,4.3481674,2.477014355,2,baseline
ZWKPLPQOZQTTCU-WDEVSDKISA-N,4.215642,3.702537373,2,baseline
UHKMGEDTTFFMSI-UHFFFAOYSA-N,4.7918954,6.095481985,2,baseline
UWSWAMWLQLOZGQ-NHYWBVRUSA-N,3.204539,2.455774487,2,baseline
JUPPCDZKBBDTEC-UHFFFAOYSA-N,4.9371033,4.709928452,2,baseline
DBBCYNPRCHVZOY-UHFFFAOYSA-N,4.4199257,4.305505958,2,baseline
WKNCAKADOQJKFX-FUBQLUNQSA-N,3.607594,3.815467795,2,baseline
UVBNIRRFSDDXSF-UHFFFAOYSA-N,2.675555,2.853882075,2,baseline
XRIJHBOHQGKBGS-UHFFFAOYSA-N,4.9546947,5.650448905,2,baseline
YRBDXVLPGDGYTN-UHFFFAOYSA-N,4.154402,4.59344608,2,baseline
CNRAMFFCDZQKEI-UHFFFAOYSA-N,3.0220137,3.289258232,2,baseline
TTWYKBFGEGAEDK-UHFFFAOYSA-N,4.7376647,5.998393518,2,baseline
AJXGBNQNWMDJBV-UHFFFAOYSA-M,3.2609928,3.7820209,2,baseline
FIBDYBROBRXMRD-UHFFFAOYSA-N,4.5669665,4.34431094,2,baseline
DMSGWBYWZFAVFS-UHFFFAOYSA-N,4.156129,3.940609063,2,baseline
JHMXYYCTSDBMSY-UHFFFAOYSA-N,4.5093107,4.48071232,2,baseline
UVNYBBOFNBCKJI-UHFFFAOYSA-N,3.606647,3.067235793,2,baseline
RJHZEIYCINLCIB-UHFFFAOYSA-N,3.4088128,4.203086397,2,baseline
IGKQFPRNWVVKOY-UHFFFAOYSA-N,3.5545068,2.142887003,2,baseline
GPZVJCWQYLPCKC-UHFFFAOYSA-N,4.9394073,5.33447703,2,baseline
KPGDGRHDGRXNJT-UHFFFAOYSA-N,3.965247,2.966886657,2,baseline
NXBAEKZVCZWXNN-UHFFFAOYSA-N,5.5795283,5.554580797,2,baseline
LJXDGFVGNPOQIW-UHFFFAOYSA-N,5.005304,5.360387323,2,baseline
RWPZLYAJVRZADS-UHFFFAOYSA-N,4.7519126,4.761407988,2,baseline
YDZMNLGKLZGCSU-UHFFFAOYSA-N,4.2029834,1.92663114,2,baseline
KNTPHJCKWPHKJW-UHFFFAOYSA-N,5.033483,4.529635632,2,baseline
CNRVFDJTCUIFFO-UHFFFAOYSA-N,3.939419,4.476862575,2,baseline
LKGXUXAUPNVFKD-UHFFFAOYSA-N,4.448512,5.388103757,2,baseline
AZCBROJFRMWNSM-UHFFFAOYSA-N,2.4638922,2.263925345,2,baseline
WCQPNTIVTWMJSZ-UHFFFAOYSA-N,3.9079232,3.643544107,2,baseline
YMIUUTGGHDBTPH-RBUKOAKNSA-N,3.7247574,3.744549413,2,baseline
NMMUSFDWIGXTFN-UHFFFAOYSA-N,4.7577324,5.0783533,2,baseline
VNRPFJXBODKBRZ-UHFFFAOYSA-N,4.822407,4.441895018,2,baseline
XDSNDYXIMICPRR-UHFFFAOYSA-N,4.569088,4.899862077,2,baseline
QJMQWXOGIDMYJR-UHFFFAOYSA-N,3.9567492,5.450506855,2,baseline
BYLGMJFBBKDVBB-UHFFFAOYSA-N,4.301099,4.647690202,2,baseline
PNKNFDXFPAAKRY-UHFFFAOYSA-N,4.1632466,5.609922897,2,baseline
DZZVVUKOBSRNAM-UHFFFAOYSA-N,4.0026236,4.52305964,2,baseline
OCSVTGWIMRELRH-VIFPVBQESA-N,3.0872989,3.59988098,2,baseline
AGOOMVXOHLHTCM-UHFFFAOYSA-N,4.8295155,2.712027158,2,baseline
TZXXXQOWLNHNKD-UHFFFAOYSA-N,4.0514083,5.21404602,2,baseline
VENNGZIZLGGFOB-UHFFFAOYSA-N,1.9678917,2.107904373,2,baseline
GQCCOYRLEFFLNE-UHFFFAOYSA-N,3.898754,3.833124142,2,baseline
LODZKHHZAIWPKV-UHFFFAOYSA-N,4.585281,3.261156718,2,baseline
IMGGHCNMCWMFKV-UHFFFAOYSA-N,2.1823611,1.98943914,2,baseline
PEXZPSYIEQFUOC-UHFFFAOYSA-N,4.7650223,5.911397433,2,baseline
UERZMAGKKQJDCW-UHFFFAOYSA-N,2.8132448,2.79644159,2,baseline
CKQZMBAQAWKVJA-UHFFFAOYSA-N,4.0956798,4.400874178,2,baseline
SGRUQKVKQPCRHR-UHFFFAOYSA-N,3.5032358,4.298569355,2,baseline
PERIRYDITADLRX-UHFFFAOYSA-N,3.8304303,4.174989627,2,baseline
MXLQVUMVBMQOGL-UHFFFAOYSA-N,4.40252,4.310096775,2,baseline
RGIVDFBCWQLKIN-UHFFFAOYSA-N,4.4717827,5.695400875,2,baseline
DAMSLNKLZKWYAV-UHFFFAOYSA-N,3.5181522,4.572099113,2,baseline
MVAFKRMCPMJIOF-BETUJISGSA-N,3.3724213,3.339524093,2,baseline
LHHOVTVLTFGONE-KZUDCZAMSA-N,2.015111,2.305296658,2,baseline
GCZKBYAGFULGHB-UHFFFAOYSA-N,5.141669,5.053660932,2,baseline
CJCNATFYPQAVNP-QWHCGFSZSA-N,2.5208633,2.44907719,2,baseline
AXVQIXKVNSXPGM-UHFFFAOYSA-N,4.1264973,3.54550777,2,baseline
KSABBJQXOFJFMB-IEBWSBKVSA-N,4.2656426,4.506671895,2,baseline
RKIRNVHTEYUZIG-UHFFFAOYSA-N,4.921439,4.526358505,2,baseline
SONKSBMYIAESOX-UHFFFAOYSA-N,3.5387475,4.547197975,2,baseline
ABEXPSKBOVMHEU-UHFFFAOYSA-N,4.8910923,5.454642985,2,baseline
MUCOCRLQOQLZIV-UHFFFAOYSA-N,3.138781,2.608455535,2,baseline
GUZVPUBRPOUFHH-UHFFFAOYSA-N,4.8048487,5.360840558,2,baseline
DLIFTYGRXDKKLI-UHFFFAOYSA-N,3.4777396,3.177873855,2,baseline
XAPVZHPMBSDYDS-VHRNVKJDSA-N,2.8533897,2.060436595,2,baseline
RSCLWXNTTOQEDX-UHFFFAOYSA-N,5.085548,6.322848957,2,baseline
KDWINTKNCFXETQ-UHFFFAOYSA-N,4.988716,4.392342102,2,baseline
STDQORBDDGCAGM-UHFFFAOYSA-N,2.9554698,2.193592918,2,baseline
APRNCIZEBGWKCC-UHFFFAOYSA-N,3.7515862,3.59407185,2,baseline
IQMCPNDQOKHXLC-UHFFFAOYSA-N,3.137509,2.895642507,2,baseline
QYATYFWVQSEJPP-UHFFFAOYSA-N,4.6506386,5.11460172,2,baseline
QDOKDFPHEPCJNS-UHFFFAOYSA-N,2.6595259,2.155422967,2,baseline
FHAJACFOFHBTNN-UHFFFAOYSA-N,4.6963043,3.9861229,2,baseline
UNJSNRUFFLYKGR-UHFFFAOYSA-N,3.5341208,4.944613473,2,baseline
ZETLBFHKRJQWQU-UHFFFAOYSA-N,4.6285887,4.44528248,2,baseline
GDDJOHRLSPNVNU-UHFFFAOYSA-N,3.3110683,4.049907037,2,baseline
DLBNHSJMOTWUAU-UHFFFAOYSA-N,2.9535377,3.961920067,2,baseline
HSBFDTVYHIRSAY-UHFFFAOYSA-N,2.4172728,2.601646085,2,baseline
ACGFDMCSCWRSIA-UHFFFAOYSA-N,4.31908,4.26923471,2,baseline
DNDOJKITKZLECV-UHFFFAOYSA-N,3.7370987,4.626496515,2,baseline
JPOJZHJYWGFGNZ-UHFFFAOYSA-N,4.3160973,4.276835885,2,baseline
SPRLTYFEFFYAKP-UHFFFAOYSA-N,5.241399,5.65842894,2,baseline
HUORSAKBYNEWOX-UHFFFAOYSA-N,4.0631623,3.788497435,2,baseline
IOCGCTLTLUNNIC-UHFFFAOYSA-N,4.7684236,5.039546772,2,baseline
WFGGFDOFVZDCKZ-UHFFFAOYSA-N,4.595861,4.489789415,2,baseline
FNEIAOTWNMRGCT-UHFFFAOYSA-N,2.2670138,2.083278458,2,baseline
SLHHRBHIBAIXRK-UHFFFAOYSA-N,3.162988,3.00186335,2,baseline
BDQYOLWAPOQQPP-UHFFFAOYSA-N,3.3822734,2.729272685,2,baseline
CBIYXLPRHXEEMR-UHFFFAOYSA-N,3.8820584,4.689175693,2,baseline
JUAYEPILUMVOGD-UHFFFAOYSA-N,4.5967965,5.21036032,2,baseline
QCFAHERSFSXCNA-PREGVCBESA-N,4.7517715,5.543489062,2,baseline
OLZAEZRBQJZYHF-UHFFFAOYSA-N,2.01288,2.02355393,2,baseline
BQNATFGVLJYIAJ-UHFFFAOYSA-N,3.6856754,5.23919741,2,baseline
NMVBTWDJOZAZKW-UHFFFAOYSA-N,4.8432045,5.109322383,2,baseline
CXBKYPURKHBHHO-UHFFFAOYSA-N,4.572158,4.10975147,2,baseline
DPGMDMIJSACEFU-UHFFFAOYSA-N,3.8978148,3.610829595,2,baseline
RYRTXSQRGPGMMD-UHFFFAOYSA-N,3.8878934,4.210244568,2,baseline
YDCJRPBUBSOJKG-UHFFFAOYSA-N,4.7641783,4.804200035,2,baseline
BSHUYFPBOAQCHF-UHFFFAOYSA-N,4.7593546,4.956704597,2,baseline
RUTGKKITWBARDX-UHFFFAOYSA-N,1.3176525,1.9755053,2,baseline
RBFWRWJCOIIAOK-UHFFFAOYSA-N,4.5286202,5.439947945,2,baseline
JVYGARKIMCXZFQ-UHFFFAOYSA-N,2.6628585,3.104736533,2,baseline
JEGQPUIGZZGZOC-UHFFFAOYSA-N,4.445967,4.246614323,2,baseline
LEEYZHUHCBLAGB-UHFFFAOYSA-N,4.775686,5.197492235,2,baseline
WXCRTIKIKRXSBU-UHFFFAOYSA-N,3.3211565,4.403241698,2,baseline
OLYONISXYQGNEZ-UHFFFAOYSA-N,4.300834,4.915645308,2,baseline
CHCGUHABIIOQCU-UHFFFAOYSA-N,3.9190145,4.133487012,2,baseline
JLHUMJNCGJZPJK-UHFFFAOYSA-N,4.5315685,4.131915098,2,baseline
RUIUOFAPPJHIQX-UHFFFAOYSA-N,4.1858373,4.757915395,2,baseline
JRCOIWYNGLKBGT-UHFFFAOYSA-N,4.760237,3.956554432,2,baseline
IWAJYMRNLRUHJH-STQMWFEESA-N,2.9919772,4.10171195,2,baseline
QXVOLVUYUUILGN-UHFFFAOYSA-N,3.1208124,3.162757072,2,baseline
ABBUBQXARKWOMA-UHFFFAOYSA-N,3.1109486,4.517631615,2,baseline
UPXGGHRKRPLSDF-UHFFFAOYSA-N,4.630806,4.998017023,2,baseline
LAHOEQWHOHUDPV-XPUUQOCRSA-N,1.8496892,2.19649394,2,baseline
VFIJEZMQDWSIAC-UHFFFAOYSA-N,3.937796,4.107053495,2,baseline
CBIVENONDKZUJJ-UHFFFAOYSA-N,3.3415651,4.137715555,2,baseline
AHDYMGFGNKYMDZ-UHFFFAOYSA-N,2.3794932,2.034568468,2,baseline
AUZSUYFMOUDHNG-UHFFFAOYSA-N,4.0032034,5.073052407,2,baseline
ZXAVAZCKQBLZHS-UHFFFAOYSA-N,2.6357026,3.72325977,2,baseline
RPFCFLHFKIGAHY-UHFFFAOYSA-N,2.3576293,3.279842945,2,baseline
GEIDIRGYDXGKAI-UHFFFAOYSA-N,3.6554196,2.090719552,2,baseline
XYOOFTYLPMVVHY-UHFFFAOYSA-N,2.115147,2.242383065,2,baseline
LLVYAIQFSXAVCB-UHFFFAOYSA-N,3.9640539,5.197977975,2,baseline
HCERZQWQSYZVFX-AWEZNQCLSA-N,4.1873055,4.825565525,2,baseline
GDPHPXILXSNLGE-UHFFFAOYSA-N,4.592131,3.015870505,2,baseline
DOIZBBKIUFPCMV-ZBEGNZNMSA-N,4.750401,4.89270878,2,baseline
OCABKFRKMVRZGW-UHFFFAOYSA-N,1.1579916,1.968786308,2,baseline
MJBADUAGPNZJKC-UHFFFAOYSA-N,4.519161,4.630498063,2,baseline
KIRRBXXYDURQOI-UHFFFAOYSA-N,3.6243072,2.12650598,2,baseline
CHGWIMCJKOUHGM-UHFFFAOYSA-N,3.134633,2.010743362,2,baseline
VVHDDUIJNWYKBB-UHFFFAOYSA-N,2.8944416,2.642457115,2,baseline
CLGIMEFNCIRTPK-UHFFFAOYSA-N,4.2902646,4.715317508,2,baseline
NWBGOPRZTXBCAE-UHFFFAOYSA-N,3.976797,4.23033225,2,baseline
BJPFWDUUOUASTR-UHFFFAOYSA-N,5.9191,6.284807875,2,baseline
AKPICNNHENFEJI-UHFFFAOYSA-N,4.464314,4.858766175,2,baseline
RVJSSNFKGUQAPH-UHFFFAOYSA-N,4.3203096,3.836082708,2,baseline
HUMZAECDVMKEFK-UHFFFAOYSA-N,3.6538103,3.269365642,2,baseline
MMUFGODKYKXDPQ-UHFFFAOYSA-N,4.9155483,5.321777715,2,baseline
STXKQWKWKKEVLS-UHFFFAOYSA-N,5.2656507,5.92823141,2,baseline
ZGVBQHVFIPSHHN-GOSISDBHSA-N,4.6062074,5.11447845,2,baseline
HIXHOKUXAQVXNT-UHFFFAOYSA-N,3.9386556,5.191693157,2,baseline
OEKICBOFCLTRJO-UHFFFAOYSA-N,3.1466882,2.630309202,2,baseline
UUGQEDCVVLEROS-UHFFFAOYSA-N,3.878611,4.657116075,2,baseline
ROJMQXCYXDRWHC-UHFFFAOYSA-N,4.0499215,4.003728025,2,baseline
GATDBAWFTANSFK-DZGCQCFKSA-N,4.022398,4.830084528,2,baseline
LBNVVKGFGBSEKN-LSDHHAIUSA-N,4.6403904,3.697662418,2,baseline
WCHSYYWYGRBQMA-UHFFFAOYSA-N,4.7658396,5.493017873,2,baseline
XJPUIWUQIZLXAR-UHFFFAOYSA-N,2.3805337,2.726152313,2,baseline
XYCMOTOFHFTUIU-UHFFFAOYSA-N,4.0355186,3.788619545,2,baseline
HQIRNZOQPUAHHV-UHFFFAOYSA-N,3.918331,3.311330967,2,baseline
JSDRRTOADPPCHY-HSQYWUDLSA-N,3.0514488,4.544614443,2,baseline
GPTXWRGISTZRIO-UHFFFAOYSA-N,4.539941,4.36386332,2,baseline
JURKNVYFZMSNLP-UHFFFAOYSA-N,4.2522373,3.897803425,2,baseline
SSMSBSWKLKKXGG-UHFFFAOYSA-N,3.4316578,4.674651942,2,baseline
GFRUPHOKLBPHTQ-UHFFFAOYSA-N,4.520423,3.526193633,2,baseline
XTNGUQKDFGDXSJ-ZXGKGEBGSA-N,3.437554,4.90616783,2,baseline
QCDFBFJGMNKBDO-UHFFFAOYSA-N,4.6164937,2.28847508,2,baseline
CBCKQZAAMUWICA-UHFFFAOYSA-N,3.4177494,4.484931598,2,baseline
GHMLBKRAJCXXBS-UHFFFAOYSA-N,3.5857348,4.591722455,2,baseline
HIUVKVDQFXDZHU-UHFFFAOYSA-N,2.3867006,2.392591655,2,baseline
AKUJBENLRBOFTD-RPRRAYFGSA-N,2.7240949,4.239855262,2,baseline
OVCDSSHSILBFBN-UHFFFAOYSA-N,4.932622,4.34668792,2,baseline
LKQMNGJUSABYFJ-UHFFFAOYSA-N,4.805107,4.304885555,2,baseline
DEHABOCJTSWPJS-UHFFFAOYSA-N,2.4057746,2.678431218,2,baseline
LOEFSXOPDVXMHN-UHFFFAOYSA-N,4.2287793,4.384895125,2,baseline
CPHWCYYMYISQSY-UHFFFAOYSA-N,3.5940976,2.655530887,2,baseline
BGJFRMNKWBUDET-UHFFFAOYSA-N,4.77367,5.172392398,2,baseline
XOXUUFNTCJYHHW-UHFFFAOYSA-N,3.8942113,4.647910397,2,baseline
HDIMKPWVHPWVCB-UHFFFAOYSA-N,3.3601844,3.778568425,2,baseline
SCBUMNWYMYTYCN-UHFFFAOYSA-N,5.048052,4.329128038,2,baseline
CGBHNLJDUUMWDQ-UHFFFAOYSA-N,4.1532764,4.744152048,2,baseline
CBLVEVRERGRBQK-LBPRGKRZSA-N,4.3984394,4.832499002,2,baseline
YNWBTLPCUJWQIQ-UHFFFAOYSA-N,5.144626,4.246439953,2,baseline
RRMQRUZATNRUIE-UHFFFAOYSA-N,3.9524176,3.77049007,2,baseline
VFOKDQSYBFQYDW-UHFFFAOYSA-N,3.5834684,3.935867842,2,baseline
LRKSEMHGCUKHSP-UHFFFAOYSA-N,3.3989654,3.84075828,2,baseline
RTTDKCZBPZAHKL-UHFFFAOYSA-N,4.8416905,4.618701045,2,baseline
DUVHSXWVUOPIDL-UHFFFAOYSA-N,3.9085958,3.526464638,2,baseline
JOKZJYZBNKHSEY-UHFFFAOYSA-N,4.4338408,5.58575969,2,baseline
WJHKKYKGFBADPM-UHFFFAOYSA-N,2.3482533,2.731910693,2,baseline
XXIDEZIPVPUJRR-UHFFFAOYSA-N,3.0054502,3.50383709,2,baseline
GEACKMSWHYXGRM-UHFFFAOYSA-N,3.3402553,2.733737248,2,baseline
RQYOVAVOOOTQGF-UHFFFAOYSA-N,4.6861815,5.41571126,2,baseline
HKBFGOGEJIHOQC-UHFFFAOYSA-N,4.1538267,4.789582925,2,baseline
GKBSFXJAHNHBDN-HWWDLCQESA-N,4.4830146,5.033908597,2,baseline
IEQJPKNNTXXKHG-UHFFFAOYSA-N,5.225615,5.797570588,2,baseline
CBLVEVRERGRBQK-UHFFFAOYSA-N,4.3970933,4.818110925,2,baseline
AFHWFGZHRNYYSU-UHFFFAOYSA-N,4.609821,5.853626023,2,baseline
FVXLSWCXTDUJFQ-UHFFFAOYSA-N,4.8687797,4.963924383,2,baseline
GPOMWJIXDFQRTL-UHFFFAOYSA-N,4.9231157,6.376078055,2,baseline
YZZRKGPDASBVGM-UHFFFAOYSA-N,4.0410285,4.88115619,2,baseline
GLIVBFQFNSHUBO-UHFFFAOYSA-N,2.992726,2.61790481,2,baseline
PHDCPFQMZFUTAS-UHFFFAOYSA-N,4.5241814,4.68024692,2,baseline
TVTPOERDJDYHCW-UHFFFAOYSA-N,4.973373,5.359680305,2,baseline
PEVSJIALOQACCU-UHFFFAOYSA-N,5.2774715,5.384433152,2,baseline
BLNJIJIHMCVGGR-UHFFFAOYSA-N,3.9926012,4.091947927,2,baseline
NOPXPKAQTBKIIK-UHFFFAOYSA-N,3.1037652,2.149480888,2,baseline
UYBHEJVKQXAYTI-UHFFFAOYSA-N,4.202429,4.130074675,2,baseline
BLLDJUUCAMPQMW-UHFFFAOYSA-N,5.1086245,4.616851608,2,baseline
SCSDUOORQIDAPE-UHFFFAOYSA-N,4.086908,4.26595296,2,baseline
BMUNXZSNIATDEL-UHFFFAOYSA-N,4.7647967,4.98831702,2,baseline
GVMJETQWQFZAOL-UHFFFAOYSA-N,3.7822149,3.887211425,2,baseline
QTKPJMXSICIVQQ-UHFFFAOYSA-N,4.505495,4.176698538,2,baseline
BPCSOHCDBKSLSO-LBPRGKRZSA-N,3.7713408,3.601665152,2,baseline
PEZCWYOLOOOVQM-UHFFFAOYSA-N,4.816716,4.793409135,2,baseline
HWCUEKLVUOSNQX-UHFFFAOYSA-N,4.3440137,4.01719418,2,baseline
FXQKJJSIQNYRBJ-UHFFFAOYSA-N,4.110794,5.184632385,2,baseline
JQIMSLHFGGIYBB-UHFFFAOYSA-N,4.724855,4.760331325,2,baseline
NQJQAEVWJGSOGU-UHFFFAOYSA-N,4.7674475,4.424826845,2,baseline
VVDJWVOWFMXLDK-UHFFFAOYSA-N,3.9531343,3.953700178,2,baseline
XSENVZWZQDNJHN-UHFFFAOYSA-N,4.979641,4.769233823,2,baseline
GODHPEISNMRQSM-UHFFFAOYSA-N,4.315713,4.023025482,2,baseline
MDSCGAYNORUSAZ-UHFFFAOYSA-N,4.7309494,4.737636343,2,baseline
QWXPXVPCPNYPHO-UHFFFAOYSA-N,5.0973835,4.64217941,2,baseline
BPADRNNGDARJRJ-UHFFFAOYSA-N,4.9410267,4.971816775,2,baseline
FYLPHAGAZIRQRL-UHFFFAOYSA-N,4.328679,4.164731677,2,baseline
BJEFVAXYWDFHHP-UHFFFAOYSA-N,4.461604,4.47172079,2,baseline
FPVJEBYTZBVJCI-UHFFFAOYSA-N,5.7246933,5.94143321,2,baseline
RXZZTHJMVRIRJH-UHFFFAOYSA-N,4.64762,4.624680377,2,baseline
OLGGPIYETWVLSY-UHFFFAOYSA-N,5.129158,4.815923983,2,baseline
WZBDBQVGUCRFNZ-UHFFFAOYSA-N,4.869387,5.30321726,2,baseline
KUEHVWZNBQXFKG-UHFFFAOYSA-N,4.5210853,4.746138913,2,baseline
DTWGQURLWJYWCB-UHFFFAOYSA-N,4.6670403,4.516886957,2,baseline
HIRWKCSPRPLOEE-UHFFFAOYSA-N,3.28598,3.793707005,2,baseline
PKEJGXMLQSFXIF-UHFFFAOYSA-N,4.9282703,4.92501999,2,baseline
LVAIYFMLCDCGBX-UHFFFAOYSA-N,4.3300595,4.3106221,2,baseline
GAJPAQZXVDIPFZ-UHFFFAOYSA-N,4.3540983,4.808982763,2,baseline
KPMIUAWNKQVILX-UHFFFAOYSA-N,4.209146,3.631573325,2,baseline
SZQLDCNOSRKNKT-UHFFFAOYSA-N,4.2441883,4.88203187,2,baseline
QXNNIJXFDISYFL-UHFFFAOYSA-N,3.5502253,4.339379105,2,baseline
DSXQSGUWZUCAGL-UHFFFAOYSA-N,5.0541244,5.60513497,2,baseline
RDBPABDQGOSKOW-UHFFFAOYSA-N,2.924031,2.496124733,2,baseline
LPDVNLVHTKBAPW-UHFFFAOYSA-N,5.178583,4.508305165,2,baseline
OWDQVZHOEPSCRJ-UHFFFAOYSA-N,4.754223,5.30099028,2,baseline
KPQNCOJHCNBSCU-UHFFFAOYSA-N,4.3833566,4.923024762,2,baseline
RQUJRQRACFINJM-UHFFFAOYSA-N,4.745716,5.043061338,2,baseline
FJEVQIGXOVBKCK-UHFFFAOYSA-N,5.158513,5.186547398,2,baseline
NJTUJJIKAYUDGD-UHFFFAOYSA-N,4.80677,4.811983657,2,baseline
OWLLCDCGNQSWBI-UHFFFAOYSA-N,4.430903,4.902830315,2,baseline
OGNYYNRLKUNZKM-UHFFFAOYSA-N,4.814146,5.918884883,2,baseline
WXVTZDYNLZPTQT-UHFFFAOYSA-N,3.7748873,2.549907935,2,baseline
UZHURQDNHUMLEL-UHFFFAOYSA-N,4.1564198,4.726165315,2,baseline
SKFXJQFWJSKOKL-UHFFFAOYSA-N,4.516347,3.803226915,2,baseline
XZLVZTVUBFBHAB-UHFFFAOYSA-N,4.0390706,4.52062949,2,baseline
FBNSCPOUYQTZQL-UHFFFAOYSA-N,3.6402378,4.571307492,2,baseline
SVHXLBHHDFWNFL-UHFFFAOYSA-N,4.733935,3.67993847,2,baseline
FBNCMWHMXUYLJC-UHFFFAOYSA-N,3.2895157,2.92375799,2,baseline
GFCMHQPOHPKLLP-UHFFFAOYSA-N,5.117008,5.46602375,2,baseline
ZVLNTDQWUXCSMT-UHFFFAOYSA-N,3.3932633,3.711903055,2,baseline
ZWQZJLBSHIQICX-UHFFFAOYSA-N,3.3761098,3.476018522,2,baseline
AXRJDRPMXHOCCH-UHFFFAOYSA-N,4.2261887,4.709783387,2,baseline
YUELOPLGXPZEIB-UHFFFAOYSA-N,5.2034254,5.210702027,2,baseline
GEHSFQFYOCUIAM-UHFFFAOYSA-N,2.3545117,2.333177083,2,baseline
WSTCJDVCOWUQJM-UHFFFAOYSA-N,3.6181931,3.718887545,2,baseline
BAMCAUBMJPYDDW-UHFFFAOYSA-N,5.0857615,4.751033347,2,baseline
ZMVBMBMWJOKHRU-UHFFFAOYSA-N,4.9052925,5.7450152,2,baseline
SHNSGVRHUGHAEL-UHFFFAOYSA-N,4.557095,5.044628075,2,baseline
ZMWVZMVZBKEKPU-UHFFFAOYSA-N,4.1816854,4.372384388,2,baseline
UGDSAPKLACMMRA-UHFFFAOYSA-N,4.4297757,4.303729255,2,baseline
LCUBNOXBRVRFKV-UHFFFAOYSA-N,4.6033316,5.112293845,2,baseline
FLPFGAVRHGFMLG-UHFFFAOYSA-N,4.5335693,4.687255527,2,baseline
ABSKUSPPWSRJDC-UHFFFAOYSA-N,3.2148569,2.225964725,2,baseline
GAJKRXTTWPIVGD-UHFFFAOYSA-N,4.928008,5.363346235,2,baseline
FHYNURLETVEOII-UHFFFAOYSA-N,3.7868688,4.122114707,2,baseline
JNMBUNCAVAQQQX-UHFFFAOYSA-N,4.961724,4.594338315,2,baseline
JBAZLIIRSZFELZ-UHFFFAOYSA-N,5.4329267,5.45690557,2,baseline
MXVNZLMSWKIWPW-UHFFFAOYSA-N,3.334959,4.17316106,2,baseline
TYMRLRRVMHJFTF-UHFFFAOYSA-N,2.718493,2.054066045,3,baseline
DKMFBWQBDIGMHM-UHFFFAOYSA-N,3.8657105,3.00105295,3,baseline
JYGXADMDTFJGBT-VWUMJDOOSA-N,3.928452,2.232554135,3,baseline
DKNWSYNQZKUICI-UHFFFAOYSA-N,4.6423492,2.27532321,3,baseline
XGALLCVXEZPNRQ-UHFFFAOYSA-N,5.014089,4.841854462,3,baseline
RGLYKWWBQGJZGM-ISLYRVAYSA-N,4.951294,5.380121762,3,baseline
QIVBCDIJIAJPQS-VIFPVBQESA-N,2.677774,2.402435062,3,baseline
OCJYIGYOJCODJL-UHFFFAOYSA-N,5.687279,5.557870813,3,baseline
ZKLPARSLTMPFCP-UHFFFAOYSA-N,3.849306,2.114282752,3,baseline
VKHAHZOOUSRJNA-GCNJZUOMSA-N,4.875297,5.421847237,3,baseline
ZQPPMHVWECSIRJ-KTKRTIGZSA-N,2.6163697,4.278194747,3,baseline
HNTSVSUJRBPIDS-UHFFFAOYSA-N,5.286763,4.33245308,3,baseline
WCGOAKBBDHZUDP-UHFFFAOYSA-N,3.3867671,3.177186508,3,baseline
HJAMHWGDBJJRCC-UHFFFAOYSA-N,4.4432244,4.404983815,3,baseline
LZWPGDLJEWKAJG-UHFFFAOYSA-N,4.862209,4.764848807,3,baseline
CBVFCOZDGIOTGW-UHFFFAOYSA-N,3.0187304,3.061471862,3,baseline
UOEJFTCEQBIHPZ-UHFFFAOYSA-N,4.060522,4.550130438,3,baseline
JTEWTVFVNPJYQY-UHFFFAOYSA-N,4.4877243,4.739666975,3,baseline
GENBLLCBSGBWSV-UHFFFAOYSA-N,4.224258,3.621380278,3,baseline
RVZPIOQWBDIUBO-UHFFFAOYSA-N,3.6159518,1.963648993,3,baseline
JCZWSASZCSTDIY-UHFFFAOYSA-N,5.01444,4.78983324,3,baseline
LNKXMGZISKGARP-UHFFFAOYSA-N,2.8243756,3.030799528,3,baseline
GDMXBTJFBFUQPG-UHFFFAOYSA-N,5.5937033,5.470328972,3,baseline
RRLUAXBCRMRKGJ-UHFFFAOYSA-N,4.4244967,3.736996632,3,baseline
FQSPNVWLGQABTO-UHFFFAOYSA-N,4.2701397,3.866611273,3,baseline
MLWJNKOKQZCQFM-UHFFFAOYSA-N,3.324791,3.29203998,3,baseline
WYOBHWOJJGJXKQ-UHFFFAOYSA-N,4.746003,4.48511985,3,baseline
TWJYYKRHHZEKKE-UHFFFAOYSA-N,4.826973,4.45277884,3,baseline
UFYMXDLTXKFAPB-UHFFFAOYSA-N,3.8390799,4.381841257,3,baseline
YCIQVSQNWXYRPJ-UHFFFAOYSA-N,3.0273433,2.024335245,3,baseline
XWBVWKAJUOIHSA-UHFFFAOYSA-N,4.3944683,3.936863152,3,baseline
NSGIOGNBUWVPIZ-UHFFFAOYSA-N,3.8186827,4.17669487,3,baseline
BRWOHQLXDDQIIN-UHFFFAOYSA-N,5.18328,5.188347138,3,baseline
ORECJXVOVYEVDN-UHFFFAOYSA-N,3.2882807,1.939983672,3,baseline
ZSYUQJKKMBHOEF-UHFFFAOYSA-N,3.6708162,2.552482262,3,baseline
GAABTIDOVCUIJA-PIVQAISJSA-N,4.2499495,4.26519794,3,baseline
ZCZDVOSSGCOYLO-UHFFFAOYSA-N,4.7736864,4.336416673,3,baseline
QQISPTBFJAYJMO-UHFFFAOYSA-N,4.702738,4.06128849,3,baseline
SMRUWTFDCWAZON-UHFFFAOYSA-N,4.311204,3.87546239,3,baseline
NUDCKBSXSMSSHR-UHFFFAOYSA-N,3.7799737,4.470959247,3,baseline
CFMBNIUINYDYCI-UHFFFAOYSA-N,5.073949,4.944421005,3,baseline
RPEWFIPYPJYNEL-UHFFFAOYSA-N,4.552398,3.82393098,3,baseline
CEXGDSRWXPGELQ-UONOGXRCSA-N,4.9651723,5.25815864,3,baseline
SPHVEWZRWTZJGL-UHFFFAOYSA-N,3.1850972,1.95482815,3,baseline
FKXADKCFWZZCLK-UHFFFAOYSA-N,4.3213243,4.923353468,3,baseline
WROCZHPTMZEAPU-UHFFFAOYSA-N,4.8646283,5.356649293,3,baseline
UGLQFTQKYFIXRS-UHFFFAOYSA-N,4.109717,3.823460068,3,baseline
PZBMCIRQTJSXEM-UHFFFAOYSA-N,4.8236938,4.955952498,3,baseline
YBRLNRZSTFHKMA-UHFFFAOYSA-N,5.2409024,4.632807945,3,baseline
MFIXXYBDPKWHOV-UHFFFAOYSA-N,4.7684855,5.182924228,3,baseline
UHMOGNHSSZMADG-UHFFFAOYSA-N,3.0724306,2.709846152,3,baseline
QVQOHIBPHPVPPB-UHFFFAOYSA-N,5.17196,4.984762537,3,baseline
PIONHRJAUQAQPY-UHFFFAOYSA-N,3.5817962,2.789160905,3,baseline
INWLAWNIFOGZLI-UHFFFAOYSA-N,5.337036,5.395813947,3,baseline
REOPCYQNDVZKQE-UHFFFAOYSA-N,3.4537325,3.74052281,3,baseline
BWIJNXAEGQNMGG-UHFFFAOYSA-N,4.584579,4.253647843,3,baseline
NKHFHTCTOGEFMC-UHFFFAOYSA-N,4.3458734,5.411355087,3,baseline
DRRCOMACAPDCJW-UHFFFAOYSA-N,4.5266495,3.21659364,3,baseline
JZKURPYQVDAOOL-UHFFFAOYSA-N,5.6562166,5.208452513,3,baseline
ZYPNZGJYNAHGQR-PZORYLMUSA-N,3.5229604,4.13016765,3,baseline
XIOVVNPCXJYUSU-UHFFFAOYSA-N,5.591769,5.32587753,3,baseline
QVVPHOWUOLZHAY-UHFFFAOYSA-N,5.624386,5.375375893,3,baseline
JLVKAGNZNJYDBF-UHFFFAOYSA-N,4.4350166,4.517411932,3,baseline
SCTUUJRAPGSPSN-UHFFFAOYSA-N,4.791808,1.955119468,3,baseline
HOGYNIIRLIDANI-UHFFFAOYSA-N,3.7384524,3.159824378,3,baseline
KTFISXUNCYDJBB-UHFFFAOYSA-N,3.3798325,2.11773605,3,baseline
GOFAIWOMBJIHPT-UHFFFAOYSA-N,5.344638,5.572514315,3,baseline
LYAIAFGFNHULKH-LRDDRELGSA-N,4.9697113,6.619647975,3,baseline
IETCJVWWRSDVEL-MRXNPFEDSA-N,3.0120513,2.13248211,3,baseline
BMDUEAJNHZCKOW-UHFFFAOYSA-N,4.109736,5.539790922,3,baseline
UXPCXNWXWKQOER-UHFFFAOYSA-N,5.145716,4.88311627,3,baseline
PUGACJGEPFNKGM-UHFFFAOYSA-N,4.415545,4.457833147,3,baseline
ZFKSIGYXOCXTML-UHFFFAOYSA-N,3.7095084,4.226493735,3,baseline
MBYHTKURRZPUOJ-CQSZACIVSA-N,3.510097,3.558299795,3,baseline
IVWQVUXCCLQHJG-UHFFFAOYSA-N,5.57666,5.495719175,3,baseline
UIUOCURODLIUQA-HOCLYGCPSA-N,4.8516407,5.435582467,3,baseline
IRMMNBSNNIDJSX-UHFFFAOYSA-N,4.0670295,2.509168762,3,baseline
CNIMFKSPIWBXRR-UHFFFAOYSA-N,4.0803537,2.454188187,3,baseline
FFZBADLRPKHLGM-UHFFFAOYSA-N,3.4858391,3.03787798,3,baseline
ZHWBOZFLNFOECB-UHFFFAOYSA-N,3.9423113,2.812038865,3,baseline
GFEVTRLHNWWRAS-UHFFFAOYSA-N,3.5610015,3.654552397,3,baseline
SHFKEHYHFQIENX-LBPRGKRZSA-N,3.6612864,4.190882708,3,baseline
PJTUXNCFVJUKOI-UHFFFAOYSA-N,2.7945323,2.96073134,3,baseline
NOCBHRIGICTARN-UHFFFAOYSA-N,5.420976,4.900167553,3,baseline
SBEVTKDZMAJRNX-UHFFFAOYSA-N,5.000007,4.825178802,3,baseline
LQFYSEAFVDYONG-UHFFFAOYSA-N,4.7126594,5.534017057,3,baseline
JMYVKSYNRSDSAR-UHFFFAOYSA-N,4.261366,4.026235223,3,baseline
KZSUIFPZSDMWRV-UHFFFAOYSA-N,3.992767,4.039998015,3,baseline
CSFWMXKMLAAALY-UHFFFAOYSA-N,3.7773902,3.6074426,3,baseline
DXKSETYAFIGXSE-CUVJYRNJSA-N,4.306593,4.43262481,3,baseline
CTSCRLQWGPGKHZ-UHFFFAOYSA-N,4.3177953,4.30025153,3,baseline
WRRMQFMQWRSQBI-UHFFFAOYSA-N,3.5902894,2.227404855,3,baseline
CFCGQLSDFTVXKM-UHFFFAOYSA-N,4.236682,5.207925708,3,baseline
MLYVEOMHGDYSSG-UHFFFAOYSA-N,3.6063435,4.574048023,3,baseline
HYLFNAOUPUAGAI-UHFFFAOYSA-N,4.6257067,4.657391845,3,baseline
RBJYOPLZTXEOMT-UHFFFAOYSA-N,4.3736534,4.336435115,3,baseline
WHGJFJLSFMSHAM-UHFFFAOYSA-N,3.121738,4.257986495,3,baseline
BUXYXJYXRNYXPO-UHFFFAOYSA-N,4.17246,4.342342805,3,baseline
YQEUJIXYCBLYGH-UHFFFAOYSA-N,4.77659,3.65180618,3,baseline
HVPGCKQRNRGMTN-UHFFFAOYSA-N,4.4724336,5.543811235,3,baseline
ZNZJGCOJFHWZII-UHFFFAOYSA-N,4.9478884,5.824724083,3,baseline
COYHCXATHHPBDZ-UHFFFAOYSA-N,4.615547,4.017989577,3,baseline
ALZLRUUMQLNXLT-UHFFFAOYSA-N,3.9184933,3.618248025,3,baseline
JTDWWVINHXMTMA-UHFFFAOYSA-N,4.523398,3.810000637,3,baseline
RRHHUYUAXCKIRN-UHFFFAOYSA-N,3.6844623,3.165842103,3,baseline
ZHERNWQWOSHVNC-UHFFFAOYSA-N,3.6626663,3.98819806,3,baseline
WKDNAMNTGZCSNP-UHFFFAOYSA-N,4.152793,4.89535215,3,baseline
CUUDYVGTWBCRGQ-UHFFFAOYSA-N,3.5387356,3.55631041,3,baseline
NHWOTDZJNFARDD-UHFFFAOYSA-N,3.2343779,4.370502635,3,baseline
ACQMOAXGUYLRQS-UHFFFAOYSA-N,2.7810664,2.02771489,3,baseline
VQPVFNBACWOGSB-UHFFFAOYSA-N,3.414772,3.277311865,3,baseline
MTSCISVHRPZMMM-UHFFFAOYSA-N,3.8800771,3.745900537,3,baseline
JEFUHKYPAJUNPN-UHFFFAOYSA-N,3.964905,4.08648127,3,baseline
OXTMQPBKXFDRNL-UHFFFAOYSA-N,5.1440206,4.732893935,3,baseline
SSOJFUYLKIYITA-UONOGXRCSA-N,3.4495277,2.159839322,3,baseline
RSHZCZPRHAIFAF-UHFFFAOYSA-N,3.6882963,2.839482715,3,baseline
ZBDLKQFUQFURQT-UHFFFAOYSA-N,3.1533005,3.731261645,3,baseline
SEQXZNXWFZKRGC-UHFFFAOYSA-N,5.2269487,4.402646615,3,baseline
AHIHYZQZQAYOEI-DRXWIORDSA-N,2.8516922,2.588934455,3,baseline
LECNWKBRWUMOOE-UHFFFAOYSA-N,3.6871116,4.434909635,3,baseline
JCDNVUCIHNFYER-UHFFFAOYSA-N,3.9933128,4.69983508,3,baseline
VWXNHHNSTRKTRD-YUZWYKEKSA-N,5.037197,5.580164198,3,baseline
IIVLHBGHMFXEAK-UHFFFAOYSA-N,4.9049487,4.934695963,3,baseline
YYJSEZIUTAVANJ-UHFFFAOYSA-N,5.6510725,5.222497227,3,baseline
BXVZTCGLMPJMGU-RIJFORKLSA-N,4.1096654,4.683888738,3,baseline
XIRREYNNJBHXEG-UHFFFAOYSA-N,5.574096,5.849145293,3,baseline
ZIDGMVYYEWLEMM-UHFFFAOYSA-N,5.06609,5.403068218,3,baseline
SEHQLVDSHQYOOZ-UHFFFAOYSA-N,3.5226393,3.655085287,3,baseline
XVUWSCRVSXIVDO-UHFFFAOYSA-N,3.9260917,3.43191598,3,baseline
MNGPPOORODVCRP-UHFFFAOYSA-N,4.848817,5.223583302,3,baseline
BWCBYKLWOXAABP-UHFFFAOYSA-N,3.3823278,3.194845533,3,baseline
AZSGZAVZIAYUNH-UHFFFAOYSA-N,4.358696,4.55161762,3,baseline
IUZOTEMRJLJHNN-UHFFFAOYSA-N,4.005486,4.87490824,3,baseline
SFBJQTXZKXTYKE-UHFFFAOYSA-N,4.9749737,4.952473562,3,baseline
GVBCUNXEFPNCSV-UHFFFAOYSA-N,5.52087,5.675257702,3,baseline
RAJNREHOKVVGSQ-UHFFFAOYSA-N,3.9559796,5.198271852,3,baseline
LFMRMWJSYPUVLX-UHFFFAOYSA-N,5.1945643,4.813022092,3,baseline
OKRBRVNWVBLXHP-UHFFFAOYSA-N,4.6104302,5.61840484,3,baseline
VYWJXVBPPYEDFS-YJBOKZPZSA-N,4.50173,4.84322006,3,baseline
JUDIGWCSUCRCTM-UHFFFAOYSA-N,4.732148,4.662518838,3,baseline
UMRWWCHAYOAGNW-UHFFFAOYSA-N,3.0801115,2.746786435,3,baseline
JIHIHEXTJMGGNN-UHFFFAOYSA-N,4.3123946,4.574394202,3,baseline
FFUMAHJRGUZSFD-UHFFFAOYSA-N,3.8011587,4.166984115,3,baseline
OPUUOMNWXYQDMA-UHFFFAOYSA-N,5.1640635,5.09727303,3,baseline
NNSLNWDCBLFAMQ-UHFFFAOYSA-N,4.4066896,3.97058453,3,baseline
XLMUFEYXHKMUIA-UHFFFAOYSA-N,4.9777155,5.07521693,3,baseline
ADKRCCGGESGJBM-KRWDZBQOSA-N,4.311524,4.169420973,3,baseline
REOZEOGSWGQJPO-UHFFFAOYSA-N,3.9705646,3.589565958,3,baseline
JVYYCUSHMUNTPL-CQSZACIVSA-N,5.0626674,4.912909038,3,baseline
PIRXLYIUTFXXDR-UHFFFAOYSA-N,3.534273,2.504521725,3,baseline
SIWDIJRUWBSGJB-UONOGXRCSA-N,4.9543743,5.793987925,3,baseline
QORBKWMRURPDGP-UHFFFAOYSA-N,4.3696256,4.542753272,3,baseline
QBMNLEDJFKFLHG-UHFFFAOYSA-N,4.8557796,5.335482225,3,baseline
GDTJKIABNOFURC-UHFFFAOYSA-N,5.26792,5.390363585,3,baseline
FKTKOBGQSYLSJM-GJZGRUSLSA-N,4.3220615,4.669072857,3,baseline
XIZQQSGHQFLWIM-UHFFFAOYSA-N,4.357191,4.97790941,3,baseline
VIFGVQZFHRGOSS-UHFFFAOYSA-N,4.331591,4.350963965,3,baseline
HHLQIPQJZOGXBB-UHFFFAOYSA-N,5.558468,4.273543913,3,baseline
MRGKVJBCESKOBW-UHFFFAOYSA-N,5.2298403,4.18503508,3,baseline
BKMRUBBEUPJYLU-UHFFFAOYSA-N,3.3343437,2.509033335,3,baseline
CPEYDSBTXHKUPJ-UHFFFAOYSA-N,4.265954,1.915662495,3,baseline
BTBSJBDTUCCQPC-UHFFFAOYSA-N,5.058983,4.391219565,3,baseline
IXTXGTPGRXHPQS-UHFFFAOYSA-N,2.9619389,1.97476065,3,baseline
OLCBGRNRGXPTRP-UHFFFAOYSA-N,3.2120662,4.651616657,3,baseline
YBZCGNCZXCCCRN-ZYMOGRSISA-N,3.7373052,3.070356283,3,baseline
VCFVDXXQVTVQND-UHFFFAOYSA-N,4.8971777,4.784348923,3,baseline
VWYPEFSGSWJMAM-UHFFFAOYSA-N,4.301498,5.477680473,3,baseline
VYRTUGVAQZIPMP-UHFFFAOYSA-N,5.6779346,5.366531287,3,baseline
UVPDFFFLZNRLHP-UHFFFAOYSA-N,4.0611095,4.390583823,3,baseline
NGKPXPHODPZOQR-GOEBONIOSA-N,4.968795,4.731058982,3,baseline
LDJYNPQUIPZXAN-UHFFFAOYSA-N,3.6969123,6.120009353,3,baseline
RPEOWZNKUYHPIC-UHFFFAOYSA-N,3.257361,2.16511723,3,baseline
MBZQIALKRNDYFS-UHFFFAOYSA-N,5.0891776,4.79947084,3,baseline
KDWWWMLVWJYXSU-UHFFFAOYSA-N,2.303564,4.749361282,3,baseline
ILDXGDCGIHSTRG-HDJSIYSDSA-N,5.680763,5.08107991,3,baseline
ULAARNWPHSKFGH-UHFFFAOYSA-N,4.4827104,5.017321528,3,baseline
NULPAYUQRRFBJZ-UHFFFAOYSA-N,4.512848,4.18748671,3,baseline
DHNZZMXDGCZABY-UHFFFAOYSA-N,4.003585,3.68070092,3,baseline
FYQCRKZFENCVBC-UHFFFAOYSA-N,3.7804444,3.982128397,3,baseline
OHKWOMNIMXUDBU-UHFFFAOYSA-N,4.821063,5.90317757,3,baseline
CRJUVBKCSKWNQJ-UHFFFAOYSA-N,4.186709,4.118239693,3,baseline
QKUKFCUGLMGFTI-UHFFFAOYSA-N,3.8823206,4.14580803,3,baseline
MKAPJUSNQVTHCK-UHFFFAOYSA-N,3.1254554,2.932106765,3,baseline
XOUCDEWWDAZSRK-UHFFFAOYSA-N,5.1751895,4.1180029,3,baseline
GPJFIUFMOSAZGL-UHFFFAOYSA-N,2.7305193,4.54909255,3,baseline
YPALTINXGZJQAC-UHFFFAOYSA-N,2.854653,2.372585658,3,baseline
UOSDAWBLIDENMK-UHFFFAOYSA-N,4.2883935,5.291513818,3,baseline
CCMJWQAMRHQPLA-AOOOYVTPSA-N,1.3944178,2.113175098,3,baseline
UZRQOSFDZJTFGF-UHFFFAOYSA-N,4.934252,5.30634373,3,baseline
BEIZLUPZPNKYCM-UHFFFAOYSA-N,3.4351492,4.391129627,3,baseline
DIYUFBAIKTZZNR-UHFFFAOYSA-N,4.481727,3.25197329,3,baseline
NRHPQGFOHHKTNQ-UHFFFAOYSA-N,4.346343,4.06354625,3,baseline
LWTRMLLALRRQTO-UHFFFAOYSA-N,4.3203573,3.694489105,3,baseline
ZERPZYBRMRUZEU-UHFFFAOYSA-N,5.2718487,5.433292397,3,baseline
MGCVXFFXMUIATM-UHFFFAOYSA-N,4.754132,4.33964827,3,baseline
HILLPHQRAJGUKV-UHFFFAOYSA-N,3.148846,2.399733262,3,baseline
NVQLRNPGJMCFJN-UHFFFAOYSA-N,4.8055115,4.755211538,3,baseline
SMKNXPIFDCZWEW-UHFFFAOYSA-N,3.332297,4.046156775,3,baseline
KBTGNWQIXXNKTI-UHFFFAOYSA-N,3.2696576,2.486855115,3,baseline
NCIBUVAYBGDBLS-UHFFFAOYSA-N,3.5625343,3.559019998,3,baseline
LATOOSZSOUGHJE-UHFFFAOYSA-N,4.2035856,4.622010702,3,baseline
IZFMINWQFIPHFI-UHFFFAOYSA-N,5.330855,4.70872063,3,baseline
RQWFYJBPMOLITH-KBPBESRZSA-N,3.3430872,3.973031015,3,baseline
GJYQEWJPDFTXRK-UHFFFAOYSA-N,3.582581,4.05435501,3,baseline
NGCHIDKGLOUTJZ-UHFFFAOYSA-N,3.5496197,3.86937792,3,baseline
PJDIXNHLJXRWIU-UHFFFAOYSA-N,4.1246715,3.364755675,3,baseline
SBXRHPFDQZBYMA-UHFFFAOYSA-N,4.3338614,4.73096113,3,baseline
WLUCRDYWGXKMRX-UHFFFAOYSA-N,4.3559566,4.617135968,3,baseline
OWGIODKGDMWLEU-UHFFFAOYSA-N,4.6791553,5.515822192,3,baseline
LHONXHPIOQMVRB-UHFFFAOYSA-N,4.237194,5.129911368,3,baseline
ATILYCBHFUMMJO-UHFFFAOYSA-N,4.382679,3.23126642,3,baseline
GLVIPJZPZKYYPY-UHFFFAOYSA-N,4.3310666,4.374533585,3,baseline
YKCHTVMJDRAQRR-SNVBAGLBSA-N,3.5968363,3.133178047,3,baseline
HGRGABFJUIANRF-UHFFFAOYSA-N,3.3952665,3.4981825,3,baseline
YDRIIVMAQGIRPU-UHFFFAOYSA-N,4.3057375,4.759673223,3,baseline
KPZHOTAFRDKLBB-UHFFFAOYSA-N,4.360498,4.085128685,3,baseline
ZIWQGZGZLCSARO-UHFFFAOYSA-N,3.184379,2.097287925,3,baseline
SDMQHYLNIDDXHB-UHFFFAOYSA-N,4.8157663,5.376955667,3,baseline
YCHNKCQNPQJYSD-UHFFFAOYSA-N,4.2274785,3.329598892,3,baseline
FVCRQUYWBISHDA-YOEHRIQHSA-N,3.6806083,3.812234123,3,baseline
PDFCYYCDILPAGT-UHFFFAOYSA-N,4.5731897,4.796851405,3,baseline
HOGMTHZFDGHDTM-UHFFFAOYSA-N,3.0370674,3.01280373,3,baseline
MMUITTPKYKXKFD-UHFFFAOYSA-N,4.035917,4.180143682,3,baseline
BAELEBQZHOCHBQ-UHFFFAOYSA-N,4.8688326,5.485690025,3,baseline
ARRCDCODGKTZHK-LLVKDONJSA-N,4.0967965,3.14349923,3,baseline
LKYSPIBWGJDZSC-RDJZCZTQSA-N,4.3302093,4.013506505,3,baseline
KMRXIPIOAUJDBO-UHFFFAOYSA-N,4.4444785,4.745603835,3,baseline
CJHXDOWULUIHLK-UHFFFAOYSA-N,4.4391837,4.243629817,3,baseline
BAKSNXKDXHGPPP-UHFFFAOYSA-N,5.1454053,5.43474031,3,baseline
AGIUTKLXDXHSFW-UHFFFAOYSA-N,2.7317147,2.818435335,3,baseline
HGKKBSCYJACRCO-UHFFFAOYSA-N,4.9246106,5.865305562,3,baseline
RIEDMHPQFMNWBU-UHFFFAOYSA-N,3.1053782,3.029105668,3,baseline
WKPCROIHHFWANF-UHFFFAOYSA-N,3.1304228,2.861527915,3,baseline
NLMGZXSFZSISFI-UHFFFAOYSA-N,3.3060508,2.326213823,3,baseline
PMKSAJIFKSKORO-UHFFFAOYSA-N,3.3400786,2.580084513,3,baseline
HAEHCDQNZXNFKO-QLFBSQMISA-N,3.129109,3.180074418,3,baseline
HOQJOHPYCNLBRI-UHFFFAOYSA-N,3.8553267,4.037111138,3,baseline
QAWOQFIMBHMFMT-UHFFFAOYSA-N,5.340835,4.596498785,3,baseline
BBTVLMOJYYJLAN-LQRGHNGLSA-N,5.422291,5.82727867,3,baseline
WOOSTSKUZCVJGW-UHFFFAOYSA-N,2.8689942,3.74622023,3,baseline
QJHGNLFVGCRXSJ-CQSZACIVSA-N,3.625624,4.48484173,3,baseline
OCYMWPBXGLDFGM-UHFFFAOYSA-N,4.868493,5.140769328,3,baseline
CHGCNPYLFWQWFG-UHFFFAOYSA-N,4.0595584,4.150867857,3,baseline
CZSAMRIBHKTNAZ-UHFFFAOYSA-N,4.171126,3.552908173,3,baseline
WGOQXRNLCAJELM-UHFFFAOYSA-N,3.692119,4.491280823,3,baseline
OPQIZFQOXXHXER-UHFFFAOYSA-N,2.574928,2.579210993,3,baseline
NJTPBFZBPRMEJR-UHFFFAOYSA-N,3.7656639,3.389942373,3,baseline
WKCSLOFDRALBJT-UHFFFAOYSA-M,3.149666,2.151907,3,baseline
ZKWIIGAKQSXBRC-UHFFFAOYSA-N,4.2580223,4.331722552,3,baseline
IGEAIMCXVSRMND-UHFFFAOYSA-N,3.912403,4.868253535,3,baseline
OXQOIQHDEIKJRI-UHFFFAOYSA-N,5.705837,5.280398492,3,baseline
OAALIGUQPNNDKL-LBPRGKRZSA-N,3.160349,2.254028288,3,baseline
HTXJKXBBNROSRZ-UHFFFAOYSA-N,4.497426,3.416008155,3,baseline
BQLHWDRMJVMSCG-UHFFFAOYSA-N,2.674285,1.991538522,3,baseline
XGAWENUTRCFJDI-CYBMUJFWSA-N,4.2653933,3.815318973,3,baseline
KKEULVBKRYJFFQ-UHFFFAOYSA-N,3.9237902,2.926350382,3,baseline
IVLDPMHWGKSBBD-UHFFFAOYSA-N,3.8862412,4.870506967,3,baseline
PENAZWDHEMHUSC-UHFFFAOYSA-N,2.7843604,2.148783127,3,baseline
UPXQXMXYQKKYRX-UHFFFAOYSA-N,3.4446974,4.670915082,3,baseline
RUVPZLYIFRKSKE-UHFFFAOYSA-N,3.369917,2.55846311,3,baseline
WWRQCHXWGJKIJG-UHFFFAOYSA-N,3.4328907,2.25192644,3,baseline
PUUICPNYFPCHEE-UHFFFAOYSA-N,4.7688227,4.992441115,3,baseline
QFUBGOOMOUUJRG-UHFFFAOYSA-N,3.8948233,4.651495482,3,baseline
KOGLKBKCAXGATQ-UHFFFAOYSA-N,4.582489,3.827092787,3,baseline
FFXRXVHUHDFJBQ-QGZVFWFLSA-N,4.5358224,4.968702988,3,baseline
XBYRRNKAWXMJHZ-UHFFFAOYSA-N,3.7444599,2.408920215,3,baseline
JELIGEPTNYWOFF-UHFFFAOYSA-N,4.519018,4.9787672,3,baseline
LEWHCBDKCHBNAH-UHFFFAOYSA-N,4.743512,4.103501182,3,baseline
YNZRGTDAPKOIRZ-UHFFFAOYSA-N,4.328794,5.09684456,3,baseline
WPZDQKODJCNDQR-OLZOCXBDSA-N,2.5217671,2.058639235,3,baseline
GFEAUAXVPJUYQZ-MRXNPFEDSA-N,4.0012274,4.265591472,3,baseline
YEOSBNSNNIDEDA-UHFFFAOYSA-N,4.570765,5.377073688,3,baseline
DBGKWFVWUQZGRD-UHFFFAOYSA-N,4.88879,6.008129135,3,baseline
FMZDTWSZRNKGID-UHFFFAOYSA-M,3.4123797,3.07113841,3,baseline
RMMHHODXIIDDJH-UHFFFAOYSA-N,3.6684918,2.348349242,3,baseline
KIYCSLQJEMBRMY-QWHCGFSZSA-N,4.4733496,4.49443749,3,baseline
SCOREPTZXFFCSA-HUUCEWRRSA-N,3.3282995,4.86275608,3,baseline
ZKURHPQROUVXIS-KGLIPLIRSA-N,3.871352,3.97700968,3,baseline
XCLNAVXHXVCNQK-UHFFFAOYSA-N,5.0813503,4.44835762,3,baseline
ZBWQWXIWIAKVAW-UHFFFAOYSA-N,2.8503842,2.27828584,3,baseline
LFCZEDKIRLKIFH-LSDHHAIUSA-N,3.801279,3.98073007,3,baseline
TXCLTRPMKJNSAA-YSYSQYOCSA-N,4.4323273,3.108848067,3,baseline
OPUUMRMCDLGHKO-UHFFFAOYSA-N,3.9114335,4.982124815,3,baseline
QTEISSPWZWBMTQ-UHFFFAOYSA-N,3.4166474,3.750865307,3,baseline
WWNHGRURPFNSSO-UHFFFAOYSA-N,3.1819124,3.120573165,3,baseline
FDVDBGNSFJGCJV-UHFFFAOYSA-N,3.1603568,2.11706234,3,baseline
XDXGIHFZXJGRRW-UHFFFAOYSA-N,3.287348,4.767247157,3,baseline
OHRAGIQGINZZDX-UHFFFAOYSA-N,3.4315343,2.452434113,3,baseline
YSMVBBHHARPKHV-UHFFFAOYSA-N,4.054261,4.490067515,3,baseline
LOMWMAXJTIJZLC-WMCAAGNKSA-N,4.7452474,4.912268013,3,baseline
ZDMSBRNBFTXZPJ-UHFFFAOYSA-N,4.6473217,4.979195707,3,baseline
AJDPYTIBXFXLJL-UHFFFAOYSA-N,4.5892534,4.241698605,3,baseline
GZGKRCBJVUVISK-UHFFFAOYSA-N,4.2948475,3.14901929,3,baseline
LWUJMSUADQVSHD-UHFFFAOYSA-N,2.4708967,2.480391085,3,baseline
BQCLOPRHTTXRHS-UHFFFAOYSA-N,4.8394394,4.147997518,3,baseline
UBQFGIHFQCAKOP-UHFFFAOYSA-N,3.1212244,2.079461535,3,baseline
QEZJQBRKHCJOPM-LSLKUGRBSA-N,3.8803709,4.000384097,3,baseline
KZLWSNCKUFFORA-UHFFFAOYSA-N,3.4653237,3.417528122,3,baseline
LSCSEDPTRFTUBY-UHFFFAOYSA-N,3.2162914,2.775742147,3,baseline
XQJWRASPVXYWPR-UHFFFAOYSA-N,5.065992,4.79586335,3,baseline
HUCPMSPYTPCDKA-UHFFFAOYSA-N,4.458315,3.972794433,3,baseline
RBHWHOHULGCWMO-UHFFFAOYSA-N,4.485876,4.444998257,3,baseline
FJYLSGJFHBGEQX-UHFFFAOYSA-N,3.7135715,3.22523384,3,baseline
IQOXVLHWYXWUMN-UHFFFAOYSA-N,4.7221723,4.139342342,3,baseline
POFHNBYWRJBGAM-UHFFFAOYSA-N,3.971404,4.171676782,3,baseline
SVQWAVSVLIDPKU-UHFFFAOYSA-N,3.3857887,2.508849932,3,baseline
PPBPKFPLNHJZQP-UHFFFAOYSA-N,4.9112926,6.550253937,3,baseline
IAKDXTQWRJADOV-UHFFFAOYSA-N,4.5170054,4.779306445,3,baseline
OHGMMNADIQFRMU-UHFFFAOYSA-N,4.5971303,5.07036187,3,baseline
XFRGQYSUPVPPGH-UHFFFAOYSA-N,2.5810368,2.074066933,3,baseline
IZTKMBZGNDQRAV-UHFFFAOYSA-N,2.2915869,2.22178571,3,baseline
LAFOGORSVWQSJI-UHFFFAOYSA-N,4.6269956,4.72710295,3,baseline
AJOYKRHCFAMXBV-UKRRQHHQSA-N,2.6791039,3.666389928,3,baseline
BZAIRDCOXHAADH-WCQYABFASA-N,3.090957,2.516809805,3,baseline
IMPAQWSWYWMAOO-UHFFFAOYSA-N,4.1283436,3.78176346,3,baseline
XZUOPKZBRIBBTC-UHFFFAOYSA-N,3.9927313,3.554360463,3,baseline
UAZXYQOFROGJMV-UHFFFAOYSA-N,4.9057126,4.926295198,3,baseline
MOGOAFHRNRFONI-UHFFFAOYSA-N,4.282259,3.850817802,3,baseline
QTSLUEVVUAILQN-UHFFFAOYSA-N,4.6643853,4.862843715,3,baseline
UKTBFCZOQYRQMR-UHFFFAOYSA-N,4.6403093,4.6892838,3,baseline
NADPQXATXMIYFF-UHFFFAOYSA-N,4.8644004,5.744499435,3,baseline
OBTYCYIXGCZPCI-UHFFFAOYSA-N,3.2452917,2.237063018,3,baseline
VMNRUUOJQZXLAD-UHFFFAOYSA-N,4.9043307,4.596780502,3,baseline
KIHONECJKDILGT-UHFFFAOYSA-N,4.529742,5.170513438,3,baseline
UIEGYIFDVIDYHB-UHFFFAOYSA-N,5.0148263,2.132644417,3,baseline
CZBQYJBGTDDOAR-UHFFFAOYSA-N,3.3966491,4.191771585,3,baseline
VNHATLSVIPZWCF-UHFFFAOYSA-N,2.5940363,2.725709568,3,baseline
QFYWGTOHQAQDPA-UHFFFAOYSA-N,4.556708,3.94903981,3,baseline
ODFQLEKETFSJFO-UHFFFAOYSA-N,3.5856142,4.487801792,3,baseline
UMIKRLLTVSCTOK-UHFFFAOYSA-N,4.163763,4.928054252,3,baseline
LJQLDSDTAXHWQQ-UHFFFAOYSA-N,4.150206,4.85246666,3,baseline
BZTHPXPXRNAQFT-UHFFFAOYSA-N,3.662321,3.709583042,3,baseline
BYWDWFGJUHGMHA-UHFFFAOYSA-N,5.052785,5.19356833,3,baseline
AZFLJNIPTRTECV-FUMNGEBKSA-N,4.0987487,3.830362768,3,baseline
SBNKFTQSBPKMBZ-UHFFFAOYSA-N,3.4517198,2.25078057,3,baseline
OUYCCCASQSFEME-QMMMGPOBSA-N,1.9084554,2.21548035,3,baseline
REYFJDPCWQRWAA-UHFFFAOYSA-N,4.3624964,2.96337939,3,baseline
ULXXDDBFHOBEHA-CWDCEQMOSA-N,4.87543,3.71669341,3,baseline
NFBAXHOPROOJAW-UHFFFAOYSA-N,4.55744,3.626352713,3,baseline
BYPFEZZEUUWMEJ-UHFFFAOYSA-N,3.040935,2.451694887,3,baseline
GKCBAIGFKIBETG-UHFFFAOYSA-N,3.5042562,2.356967875,3,baseline
SKZKKFZAGNVIMN-UHFFFAOYSA-N,3.2931461,2.39347503,3,baseline
XRCFXMGQEVUZFC-UHFFFAOYSA-N,4.660608,4.56761854,3,baseline
UBCHPRBFMUDMNC-UHFFFAOYSA-N,4.758318,4.32425443,3,baseline
ZCAXGDJOGFCONB-UHFFFAOYSA-N,4.0466647,6.79743507,3,baseline
RHIWXUBXXYCMOO-UHFFFAOYSA-N,3.42354,3.924812805,3,baseline
OSWKQOGJYLYDJV-UHFFFAOYSA-N,3.6609726,4.024870125,3,baseline
RJJZTKVXXCCXQF-UHFFFAOYSA-N,4.3737617,5.967122062,3,baseline
YBQQMUIXBUOUOC-UHFFFAOYSA-N,4.822253,4.919013703,3,baseline
VFJFLAJSQCREME-SFHVURJKSA-N,4.066364,3.18673339,3,baseline
PYTABQYAEROVHF-SFHVURJKSA-N,4.103503,4.437332085,3,baseline
VMKJVPDESMHPJU-LJQANCHMSA-N,4.7030444,4.4082593,3,baseline
RYUFHCGMJWKSFO-UHFFFAOYSA-N,2.511655,2.015861195,3,baseline
OENNRUNZZPQSEX-UHFFFAOYSA-N,5.359739,5.341886632,3,baseline
FWNABGWQKRVEAI-UHFFFAOYSA-N,4.947997,5.57847756,3,baseline
FKTCCFIFDHWPQA-UHFFFAOYSA-N,4.591671,4.691003128,3,baseline
YRMMBKQHNCTVGH-UHFFFAOYSA-N,5.5709977,5.07026549,3,baseline
JYISCUZKHOGWER-UHFFFAOYSA-N,4.646576,4.885709995,3,baseline
BJTBDZVOSPIJGS-UHFFFAOYSA-N,4.5611334,4.176819488,3,baseline
SUXZXUQWAVHMNL-UHFFFAOYSA-N,3.9030313,3.816929705,3,baseline
ZHBQDFNQECZKOW-UHFFFAOYSA-N,4.4633512,5.529586317,3,baseline
WAPOLFBEWYTOES-UHFFFAOYSA-N,4.022703,4.434343132,3,baseline
UIDFVDUTWBJQGU-UHFFFAOYSA-N,3.3342264,2.358005528,3,baseline
MSQIFYQUJDQLAO-MRXNPFEDSA-N,5.093393,5.978168057,3,baseline
XLKNKPMYYYSUSJ-UHFFFAOYSA-N,4.650271,4.144938892,3,baseline
MNUGCIKLGXBMPT-UHFFFAOYSA-N,4.9817634,4.640744168,3,baseline
CFQJCJLLMWDACS-UHFFFAOYSA-N,3.622968,4.450572252,3,baseline
SIYDVVCGLDGNGG-UHFFFAOYSA-N,3.861338,4.538755025,3,baseline
DWOHXLUDTPAGGR-UHFFFAOYSA-N,3.937223,2.757958195,3,baseline
PIEUKHQZMGTCEY-UHFFFAOYSA-N,4.0262322,4.003423502,3,baseline
UHGUQOAWTHGSAI-UHFFFAOYSA-N,4.3583593,4.170636845,3,baseline
MOHFBXPYGOQCSP-UHFFFAOYSA-N,3.3701265,2.06605357,3,baseline
GUVDEBQYZLFNCP-UHFFFAOYSA-N,4.884511,4.881132185,3,baseline
FSDPMVRINSSCJT-UHFFFAOYSA-N,4.2677565,4.5722972,3,baseline
ICIVPGDLVGXUGV-ZDUSSCGKSA-N,2.21772,2.697861178,3,baseline
VUXQAKRWVNTGDG-UHFFFAOYSA-N,5.39574,5.55095215,3,baseline
ZVRYWGQLYCRLGV-UHFFFAOYSA-N,5.2537594,5.136154207,3,baseline
ZJLLBTBHUADMQS-UHFFFAOYSA-N,5.4643593,5.120864273,3,baseline
IGLAYFYNQOQSQV-UHFFFAOYSA-N,5.253638,5.11900036,3,baseline
LCTAZAPCJHRNLF-UHFFFAOYSA-N,5.5871563,5.963552567,3,baseline
LBDZFZHERWVMSY-UHFFFAOYSA-N,5.303359,4.95328548,3,baseline
IDWNJRGRWCPMRW-UHFFFAOYSA-N,4.58983,5.138354168,3,baseline
IVQJENGSTOXPMW-UHFFFAOYSA-N,4.840938,5.470744555,3,baseline
SUWDPUGCBJMRIM-UHFFFAOYSA-N,3.178989,3.393549403,3,baseline
AUMILXDYXNJZGO-UHFFFAOYSA-N,4.7429433,5.450628942,3,baseline
RVBYSOSSNDRWFO-UHFFFAOYSA-N,3.7534628,4.931869915,3,baseline
ZAWLZKHAQFWKAY-UHFFFAOYSA-N,2.9455683,2.20648882,3,baseline
KKEQDJYMTTVTJY-UHFFFAOYSA-N,3.0190997,3.693297252,3,baseline
FYXATUVRXCBDOZ-UHFFFAOYSA-N,4.577052,4.320346508,3,baseline
NMVHDBFXWRCWPL-UHFFFAOYSA-N,2.132193,2.22116229,3,baseline
PQVBRMBLROECLW-UHFFFAOYSA-N,4.8821173,5.14859293,3,baseline
DDLPNKVNROYJQL-UHFFFAOYSA-N,4.0030084,4.056752767,3,baseline
LORROHMPLWAYJF-UHFFFAOYSA-N,4.6465726,4.788202948,3,baseline
FQOWCVFDUZFHLA-UHFFFAOYSA-N,5.0860405,5.140313218,3,baseline
DWLVFWAJLJNQFW-UHFFFAOYSA-N,5.0136156,5.023646047,3,baseline
YIEREMIFPPSLAV-UHFFFAOYSA-N,4.611153,3.086277585,3,baseline
KTSRUCFVJJDULY-QGZVFWFLSA-N,4.665643,4.350615175,3,baseline
OHEMXIOBWNASLA-UHFFFAOYSA-N,4.961636,5.156498607,3,baseline
KTQKEHUXYRBZQZ-UHFFFAOYSA-N,5.1757765,4.938750935,3,baseline
QAUKGBKPRCSUTL-UHFFFAOYSA-N,4.3237553,4.529459662,3,baseline
PVXFLYSBHKVDQJ-UHFFFAOYSA-N,2.315915,2.063968108,3,baseline
YDNXXLBAXFAQOE-UHFFFAOYSA-N,4.6452484,4.412084548,3,baseline
QOQADRJQKILPJR-UHFFFAOYSA-N,5.1209993,4.12491944,3,baseline
NJZASXAFCYBIIS-UHFFFAOYSA-N,5.154171,5.066112803,3,baseline
RUNGUEZWZTVFCU-UHFFFAOYSA-N,5.705776,5.333809693,3,baseline
UMYPCTYAILAMDR-UHFFFAOYSA-N,4.6333494,4.29194543,3,baseline
BVIBTKJBXINXTB-UHFFFAOYSA-N,4.4688506,4.065596995,3,baseline
VVODWWXDCIEJAJ-NRFANRHFSA-N,4.7019176,4.863756022,3,baseline
CFBXAUUMXSVUIF-UHFFFAOYSA-N,5.2243924,5.283430907,3,baseline
YGARPOQNDCWWPQ-SFHVURJKSA-N,4.895316,4.675248277,3,baseline
SLCOTPVWQGJWIY-UHFFFAOYSA-N,3.475409,4.669401365,3,baseline
ZGPIRWZXAQMHTR-QGZVFWFLSA-N,3.9395983,4.274050743,3,baseline
WBPMSBCKSBUUHQ-UHFFFAOYSA-N,4.5221815,4.616725535,3,baseline
VFZPQDCRSHJVJN-UHFFFAOYSA-N,4.6234665,4.28925827,3,baseline
KIHJXTBUJABJMF-UHFFFAOYSA-N,5.0848756,4.266635078,3,baseline
GMPRGCWMJRGDGJ-IBGZPJMESA-N,4.465911,4.223294652,3,baseline
BMMVJXJFLUGSEX-UHFFFAOYSA-N,3.804378,4.785576687,3,baseline
VIWKQQCJCNAQJS-UHFFFAOYSA-N,3.4794207,4.19543617,3,baseline
QWFFUICWNHFVHO-UHFFFAOYSA-N,4.7336965,4.217003818,3,baseline
POCLNLWTOQIVLU-UHFFFAOYSA-N,5.6573553,5.295529767,3,baseline
JKPGSMSHKWZNAG-UHFFFAOYSA-N,5.149125,4.85167092,3,baseline
TZNJQBVUNQARRZ-UHFFFAOYSA-N,3.5849452,3.511694225,3,baseline
OLRZPWDVYYEKGN-UHFFFAOYSA-N,3.2752929,2.984719753,3,baseline
IOWRIDUXZXMMQU-UHFFFAOYSA-N,4.6041336,4.148652315,3,baseline
LPTBJGZGXGFOPA-UHFFFAOYSA-N,4.3435965,4.004066267,3,baseline
PANVKWSDVZXEHC-CYBMUJFWSA-N,2.8890522,2.076895057,3,baseline
AZXFYHPPEUAOQX-UHFFFAOYSA-N,3.5040977,2.449073467,3,baseline
SPZQDXGBZLHTIG-UHFFFAOYSA-N,3.9933429,5.291723665,3,baseline
ORGGPYVADXNQRI-UHFFFAOYSA-N,4.509856,4.96168881,3,baseline
YCALEJXKPODUPX-UHFFFAOYSA-N,5.6101155,4.848294932,3,baseline
FOIRYFMSWXZVCR-UHFFFAOYSA-N,4.823401,5.388053982,3,baseline
HYYPZIJYXJOXQU-UHFFFAOYSA-N,4.6887407,5.051615703,3,baseline
UTRUSDZGXYTFKF-UHFFFAOYSA-N,4.206166,4.334929565,3,baseline
OYQSMGXBGLRMIQ-UHFFFAOYSA-N,2.430006,2.779373388,3,baseline
XMWBRLZHMKXMQC-UHFFFAOYSA-N,3.213947,2.073384172,3,baseline
QEPYPTWVHZEDEC-UHFFFAOYSA-N,5.0973887,4.28893312,3,baseline
BYKZUEOSWYGKMJ-UHFFFAOYSA-N,4.6229725,5.172487858,3,baseline
PLIFRKKNLIVGSF-UHFFFAOYSA-N,4.17968,4.58200774,3,baseline
FNCBHXBFQJNUKT-UHFFFAOYSA-N,4.3273597,3.666930215,3,baseline
CXGASDCRJCPHNM-UHFFFAOYSA-N,5.503253,5.151652217,3,baseline
KSZUHJDXFNOZAX-UHFFFAOYSA-N,5.3597064,5.536836112,3,baseline
GRRXOIMZKROUJB-UHFFFAOYSA-N,4.7930627,4.65374981,3,baseline
RADKZDMFGJYCBB-UHFFFAOYSA-N,2.998786,2.101240007,4,baseline
XBJWOGLKABXFJE-UHFFFAOYSA-N,2.008959,2.577795577,4,baseline
ZEWQUBUPAILYHI-UHFFFAOYSA-N,4.3906703,4.831211795,4,baseline
ZPEIMTDSQAKGNT-UHFFFAOYSA-N,4.924286,4.29878003,4,baseline
HRRBJVNMSRJFHQ-UHFFFAOYSA-N,4.930704,5.245942598,4,baseline
OBKXEAXTFZPCHS-UHFFFAOYSA-N,2.1075408,2.107909335,4,baseline
XILVEPYQJIOVNB-UHFFFAOYSA-N,4.529304,4.823637012,4,baseline
JZFPYUNJRRFVQU-UHFFFAOYSA-N,2.9455986,3.442680795,4,baseline
VFLDPWHFBUODDF-UHFFFAOYSA-N,4.896643,5.27977971,4,baseline
LLJFMFZYVVLQKT-UHFFFAOYSA-N,5.0087333,4.412271148,4,baseline
OFVLGDICTFRJMM-WESIUVDSSA-N,2.4431171,3.53253804,4,baseline
PURKAOJPTOLRMP-UHFFFAOYSA-N,5.4933143,5.416893245,4,baseline
HXYVTAGFYLMHSO-UHFFFAOYSA-N,3.6381726,1.921832463,4,baseline
HCCPDJMGEYCQRE-UHFFFAOYSA-N,6.2924414,5.860377495,4,baseline
SWJFEOOTYQNNQB-UHFFFAOYSA-N,2.9976397,2.4324844,4,baseline
KGGXLTJOCZBYMP-UHFFFAOYSA-N,4.3897843,4.55159178,4,baseline
ALMQKCCGRABQBO-UHFFFAOYSA-N,5.212675,5.52949192,4,baseline
ANPHAOHEORVOHK-UHFFFAOYSA-N,4.3671765,3.98228713,4,baseline
ZTKDJIPAEOPJOD-UHFFFAOYSA-N,4.566429,5.172229145,4,baseline
XFLBADZEIKRUNC-UHFFFAOYSA-N,4.4550667,4.488014915,4,baseline
FLKYDMSXMXMDMV-UHFFFAOYSA-N,4.640193,4.79551855,4,baseline
QVLXWVMMBVVLLJ-UHFFFAOYSA-N,5.3884296,4.31170627,4,baseline
PNCZMKHABMWZJN-ZIAGYGMSSA-N,4.04892,3.606692095,4,baseline
PQRKMMCTKGCBAT-UHFFFAOYSA-N,5.1206446,3.466839982,4,baseline
WFKYDZIZOHIRRU-UHFFFAOYSA-N,3.8696206,4.07606824,4,baseline
LOWTXHIWNNBQNU-UHFFFAOYSA-N,5.0163784,3.691492082,4,baseline
FEIVABVHLMDZJB-UHFFFAOYSA-N,4.5382633,4.80801563,4,baseline
AAFSKRHBWOQJCV-CVEARBPZSA-N,3.805191,4.337483833,4,baseline
DIRCWRVYBSIHPW-UHFFFAOYSA-N,4.5207725,4.580574243,4,baseline
PNCMDCHZNMXPME-UHFFFAOYSA-N,4.072729,4.061077265,4,baseline
QTYQHQWTDLCRNC-UHFFFAOYSA-N,4.299546,4.622459463,4,baseline
GJVNMFKPTZEFNJ-UHFFFAOYSA-N,4.3077106,5.248874218,4,baseline
GNNSHYOJQXNWBX-OOJLDXBWSA-N,5.138048,4.672194613,4,baseline
SKVWVZHLXLOFQI-UHFFFAOYSA-N,4.3857546,4.248313008,4,baseline
TXKSAEYTFYSAHV-UHFFFAOYSA-N,3.5728686,2.2069258,4,baseline
ZXIVUUXCTPHHAO-UHFFFAOYSA-N,5.0702415,5.26182954,4,baseline
TXZYYKDEFUKJEH-UHFFFAOYSA-N,2.708346,2.182149505,4,baseline
TVMRXBXRLZSHGC-UHFFFAOYSA-N,4.353489,3.763739442,4,baseline
KXUZCHWWDWUSLP-UHFFFAOYSA-N,4.402514,3.724375873,4,baseline
PTNCWVXXUKCXJP-UHFFFAOYSA-N,3.7220414,2.03019643,4,baseline
PQEAYEXDNFBSGZ-UHFFFAOYSA-N,4.703107,5.086758292,4,baseline
ZYEPRXLZEIUBNA-UHFFFAOYSA-N,3.0976315,2.368360845,4,baseline
OQWALVNPZPFZNB-UHFFFAOYSA-N,5.4531302,4.649680508,4,baseline
ODOZCRQUSVOLPT-UHFFFAOYSA-N,3.6398094,3.690696482,4,baseline
LEPILDQORMQWAC-UHFFFAOYSA-N,4.414006,5.861414615,4,baseline
MCMWQUUFOTYOLS-UHFFFAOYSA-N,3.4131238,4.39705679,4,baseline
QMUPVRYCKBCCRT-UHFFFAOYSA-N,4.003644,3.612767242,4,baseline
VVSBTNHBLWTLJO-UHFFFAOYSA-N,3.5447774,2.028918637,4,baseline
LWSCUHAHWXGQOH-UHFFFAOYSA-N,5.638924,6.051158075,4,baseline
BPSIMDRRYLTHLE-UHFFFAOYSA-N,5.4189386,4.627266935,4,baseline
GIFUCGYPMBHNPM-UHFFFAOYSA-N,5.3036942,4.441259253,4,baseline
RVBHNRAKASJYTB-UHFFFAOYSA-N,4.756211,4.42198301,4,baseline
FBVVPCSWXYVOTP-UHFFFAOYSA-N,3.974569,3.860223255,4,baseline
ZSKKBENNGKLPHJ-UHFFFAOYSA-N,3.9457703,3.751983045,4,baseline
DKSGZKLKCPZDOE-UHFFFAOYSA-N,4.9107394,4.300932767,4,baseline
GJSIXZKKNDJEAL-UHFFFAOYSA-N,4.8856616,4.84846385,4,baseline
NQKFCFZXAAUFSR-UHFFFAOYSA-N,4.022033,2.871120612,4,baseline
NAWQPGOGQHGLFP-UHFFFAOYSA-N,3.2792032,3.034982053,4,baseline
IULOBWFWYDMECP-UHFFFAOYSA-N,3.5369666,2.610752995,4,baseline
NOKWLBSHOIIUFJ-SAABIXHNSA-N,5.228935,4.893396052,4,baseline
GFTTWKOXOFWXTR-UHFFFAOYSA-N,4.5813007,4.785578425,4,baseline
LEQOABJBJQUSIJ-UHFFFAOYSA-N,4.1081905,4.645771458,4,baseline
KHTLLYHTBRHANX-ZYMOGRSISA-N,4.652543,3.656923358,4,baseline
COFKGHPLSNWTDM-UHFFFAOYSA-N,4.288544,2.224645945,4,baseline
KRVFRBXSBYEUED-UHFFFAOYSA-N,3.0609365,3.447156023,4,baseline
BEGOXMGRIYSGIP-UHFFFAOYSA-N,3.2256067,1.996908568,4,baseline
DVAALKBJTDHWBA-UHFFFAOYSA-N,4.9492087,5.014968643,4,baseline
LCUZZQUMVBHUNL-UHFFFAOYSA-N,4.030282,4.03235718,4,baseline
HANYAPMMDGMJBS-UHFFFAOYSA-N,5.3263693,5.248705098,4,baseline
GUPBZGPYECDPGZ-UHFFFAOYSA-N,3.3778265,2.035744302,4,baseline
GNHURIKDCLLVDG-UHFFFAOYSA-N,4.405622,3.875375725,4,baseline
WQGFIJIPLDIGQT-UHFFFAOYSA-N,3.5812185,3.4456522,4,baseline
OPLLJXSZBDSWKY-UHFFFAOYSA-N,4.020989,3.208682465,4,baseline
MOGCAEVCBIAYAG-UHFFFAOYSA-N,3.7073019,2.88122542,4,baseline
DWLXAHZVVKKAMK-UHFFFAOYSA-N,4.6736608,3.162989765,4,baseline
RSAHXYUKVAIXGK-UHFFFAOYSA-N,2.9268126,3.568803318,4,baseline
RZGDXDYNQPUJNA-UHFFFAOYSA-N,2.3791256,3.37408487,4,baseline
GOHPXULFFDBKGC-UHFFFAOYSA-N,4.2685084,4.009024315,4,baseline
JHNGSMKZGVLQAP-UHFFFAOYSA-N,4.7420487,4.952322975,4,baseline
POVWSOQNXDNFPG-UHFFFAOYSA-N,4.124017,4.693371322,4,baseline
IESVKFAJCKMTNV-UHFFFAOYSA-N,4.5034456,4.436124355,4,baseline
KTPFMDBAMVMZNA-MJGOQNOKSA-N,5.0194306,5.592928675,4,baseline
TXBFDVNVXDBSMI-UHFFFAOYSA-N,3.371907,3.206591363,4,baseline
VNCFAVVBLJJAFO-UHFFFAOYSA-N,4.4602485,5.22367581,4,baseline
HZOOOFYSGYSMTG-UHFFFAOYSA-N,4.346908,4.221361153,4,baseline
RUVLBPWZPKTFQY-UHFFFAOYSA-N,5.0746465,4.883709977,4,baseline
BHGLMKBPWDQJDH-UHFFFAOYSA-N,4.072429,5.14142942,4,baseline
CZRKFQOESBEGAC-UHFFFAOYSA-N,4.116727,4.532240928,4,baseline
PYENDQAOQUXIML-UHFFFAOYSA-N,5.2386208,5.10643106,4,baseline
ZCFOZFFAVPLQDU-UHFFFAOYSA-N,4.6974206,6.337594522,4,baseline
JLRAETYKLGVMOF-UHFFFAOYSA-N,3.9739451,2.03758533,4,baseline
HXARSPKGZRODHN-UHFFFAOYSA-N,2.9139984,2.319412293,4,baseline
RLRTYDNYGVMPHP-GYSYKLTISA-N,5.357709,5.15852155,4,baseline
UFNHVBKKZASTOU-UHFFFAOYSA-N,4.9872255,5.711437672,4,baseline
CDHGRDADYQRHCA-UHFFFAOYSA-N,5.5047426,5.01656615,4,baseline
BASLPYSOHAOREB-UHFFFAOYSA-N,4.8933134,4.69557903,4,baseline
LRJOBFZNWOVETF-UHFFFAOYSA-N,3.1542945,5.746158982,4,baseline
QVVSKZGCFJDBDW-UHFFFAOYSA-N,4.2233233,4.903122243,4,baseline
NYKSPKFMDXNRMC-UHFFFAOYSA-N,3.7250762,3.655340798,4,baseline
FQQWSTJGVMFWSP-UHFFFAOYSA-N,5.209235,5.8484545,4,baseline
PGDGGNROTWTVHN-UHFFFAOYSA-N,4.926773,5.012589525,4,baseline
HMOWRWBMMAKHDZ-UHFFFAOYSA-N,4.576838,4.2927049,4,baseline
FKLVANXVSRESQJ-NWDGAFQWSA-N,5.0499945,4.370416048,4,baseline
DSVJMDQCVNLLFH-UHFFFAOYSA-N,4.423646,4.144754125,4,baseline
LZAPOHZTKRQZKM-UHFFFAOYSA-N,3.0631752,2.061155022,4,baseline
KVGFXFUOPKKBHC-UHFFFAOYSA-N,4.0298624,4.02577647,4,baseline
YTOVCLCPEUYUAO-UHFFFAOYSA-N,3.542551,2.17315635,4,baseline
URSGKFSCFISALV-UHFFFAOYSA-N,2.6454897,2.4064333,4,baseline
DAMIWXAGOOFFCB-UHFFFAOYSA-N,4.133443,3.367505035,4,baseline
ZMBBRLFHKWABNB-UHFFFAOYSA-N,4.3078237,4.983913897,4,baseline
YAGSGOANEUXIEK-UHFFFAOYSA-N,2.3467293,2.528821815,4,baseline
QSAMUNMEBYLCKD-UHFFFAOYSA-N,4.483709,4.48398643,4,baseline
GNDDQECXQRSALR-UHFFFAOYSA-N,4.081121,3.376836547,4,baseline
CUQVIXOCIGZLNI-UHFFFAOYSA-N,2.795475,2.21112831,4,baseline
QFPYRHOSMPRHMQ-IEBWSBKVSA-N,3.6150455,2.272256023,4,baseline
AOBRDNBXUPBCHC-UHFFFAOYSA-N,4.5515594,4.332681897,4,baseline
GHIFDJGPEUVFQM-UHFFFAOYSA-N,4.458099,4.851009367,4,baseline
SEOUHFJIGNNOGV-UHFFFAOYSA-N,2.7030702,2.163000795,4,baseline
PXXWYWBIXVGLGJ-PKOBYXMFSA-N,4.8218617,2.992970592,4,baseline
QFDABLMMCQJNQW-GJZGRUSLSA-N,3.1986952,2.518610175,4,baseline
PPUVYNGUJWWJQC-UHFFFAOYSA-N,4.08868,3.642061443,4,baseline
OXSVLALMOLJRPR-UHFFFAOYSA-N,5.299316,4.578677465,4,baseline
OIJNGNQKPRJCLT-UHFFFAOYSA-N,5.2744102,4.218859603,4,baseline
XHXKXOXLVFVKSG-UHFFFAOYSA-N,5.3482556,5.942586037,4,baseline
BJPQOWBRTLGZDQ-UHFFFAOYSA-N,5.453741,5.433437555,4,baseline
HZOXTNPTMYUKEV-UHFFFAOYSA-N,5.237713,4.105142895,4,baseline
RHHCTZYJHCOOJF-UHFFFAOYSA-N,4.194885,3.836820278,4,baseline
PJEMYXKINDARDB-UHFFFAOYSA-N,5.145773,4.692955035,4,baseline
LWVXLFNOBPUVIX-UHFFFAOYSA-N,5.110073,5.484399145,4,baseline
YTAVGMVIPHSEQK-UHFFFAOYSA-N,4.8188596,4.263427642,4,baseline
ZWHJALIOCAVQTQ-UHFFFAOYSA-N,3.633755,4.000060308,4,baseline
STBAEFIXFQZQMV-UHFFFAOYSA-N,4.787053,4.710454785,4,baseline
XOUYXBRQSYHANN-UHFFFAOYSA-N,4.147267,3.747001085,4,baseline
JOOUCWULASYDLT-UHFFFAOYSA-N,4.4337153,4.993356617,4,baseline
OMSMYTNZCVUALZ-UHFFFAOYSA-N,3.693239,3.5822512,4,baseline
JMUPJYABPJKPMN-UHFFFAOYSA-N,2.531088,2.66668324,4,baseline
IRHNGEVFACBSDS-UHFFFAOYSA-N,3.9964044,4.345370665,4,baseline
JVSOGURKRNBPMA-UHFFFAOYSA-N,5.2691603,5.021583918,4,baseline
AMOYXGDFGWGGLF-UHFFFAOYSA-N,4.5230184,5.248214565,4,baseline
MVZCEQZXMSKTTO-UHFFFAOYSA-M,3.8286285,2.102803447,4,baseline
XFEGXICSYQNLAX-UHFFFAOYSA-N,4.8100944,4.371734838,4,baseline
BKKDBCBBSIUAFO-UHFFFAOYSA-N,5.37514,4.687758525,4,baseline
SDSCCHIAXZKJFU-UHFFFAOYSA-N,4.4355593,4.113231225,4,baseline
WYEUZHWYVCUYQY-UHFFFAOYSA-N,3.49058,3.6951886,4,baseline
NTWIAZAMENNAFD-UHFFFAOYSA-N,3.3694708,1.948869072,4,baseline
RXNQVOUPMKOJOR-UHFFFAOYSA-N,3.742738,3.74292473,4,baseline
CEWPCADJKNEVJT-UHFFFAOYSA-N,5.4562387,5.322390977,4,baseline
QNTOHWMVHLRHJK-UHFFFAOYSA-N,5.11473,4.80337406,4,baseline
YGQRUXKHKRRRPX-UHFFFAOYSA-N,4.896182,5.121493932,4,baseline
KKPMBYYDYDVFMJ-UHFFFAOYSA-N,4.1418433,4.827659123,4,baseline
WFTNCVLBOBLEGN-UONOGXRCSA-N,3.457603,3.193913503,4,baseline
XMGSKHFJBUJBTI-UHFFFAOYSA-N,4.8461847,4.318785842,4,baseline
WNBIMBZYKXPHFP-UHFFFAOYSA-N,3.30272,3.950815683,4,baseline
TUAAGFPRMDBTHV-UHFFFAOYSA-N,4.810762,5.590621373,4,baseline
QHBKNLPLROKUGS-UHFFFAOYSA-N,5.102683,4.731188185,4,baseline
SXTDMNODKPPWQE-UHFFFAOYSA-N,5.2732644,5.020160455,4,baseline
XOJOXZSBAYBBPA-UHFFFAOYSA-N,5.246678,5.0041259,4,baseline
HOHUAUMULAZGEZ-UHFFFAOYSA-N,3.6434376,2.049795582,4,baseline
HTFPKFRTYZAEHG-UHFFFAOYSA-N,4.6261387,4.900247812,4,baseline
OTDNIPBKKBRUCL-SUMWQHHRSA-N,3.4999073,4.205970705,4,baseline
AMGUHAQZHHPZGU-UHFFFAOYSA-N,5.7494106,6.296327448,4,baseline
JMFBXZNHLBNMKS-UHFFFAOYSA-N,3.715702,4.71636974,4,baseline
XPGBSXRGCZJNGR-UHFFFAOYSA-N,2.9578025,3.472278307,4,baseline
SJTSCEXRXKNNON-UHFFFAOYSA-N,4.202387,4.891540345,4,baseline
UEZFUSJYOQQFGV-UHFFFAOYSA-N,4.567423,4.36320036,4,baseline
YXHWOCJYIJAQKD-UHFFFAOYSA-N,3.6202214,2.152932452,4,baseline
VCNRZEABQBWOJY-UHFFFAOYSA-N,4.39282,4.636018297,4,baseline
GRETURNQUURUGU-UHFFFAOYSA-N,3.9135685,4.73647948,4,baseline
TXQAUPFXZASKKC-UHFFFAOYSA-N,3.9255853,3.73107955,4,baseline
WJHZTXJTCNVBER-UHFFFAOYSA-N,2.4226136,2.28030019,4,baseline
BKQSQAFFGJZVHW-UHFFFAOYSA-N,3.2806928,1.960407922,4,baseline
VZJHTEOIPSDNSF-YVEFUNNKSA-N,3.9656909,3.92268027,4,baseline
CQPLNKWKAKVWTP-UHFFFAOYSA-N,5.946994,5.23243486,4,baseline
LKZXIMPOXUAXTL-CYBMUJFWSA-N,2.9459357,2.29783854,4,baseline
KWOFVKRPGMBHKL-UHFFFAOYSA-N,4.181519,4.46510702,4,baseline
WGKDQQWFANDLEP-UHFFFAOYSA-N,4.474661,4.22336144,4,baseline
FZRRBPHUHRBOGW-UHFFFAOYSA-N,3.797729,4.989170973,4,baseline
PUAWDLMNXLVBTB-UHFFFAOYSA-N,4.2916408,4.201260333,4,baseline
FFTUEBZBLPXBFH-UHFFFAOYSA-N,3.226992,2.563085898,4,baseline
JJUHNTPZRYBNKV-UHFFFAOYSA-N,3.3060446,2.898912167,4,baseline
MKVWNCOZYPOBSM-UHFFFAOYSA-N,3.694117,3.540783025,4,baseline
GZHGYSRJOZIHEY-UHFFFAOYSA-N,3.6991892,3.45135129,4,baseline
DFTPHTHVVIAULK-CYBMUJFWSA-N,2.6215496,2.11736658,4,baseline
APMUUVFAEFGKBE-UHFFFAOYSA-N,3.4622078,2.066564797,4,baseline
BZVHKYBWSDLONO-UHFFFAOYSA-N,3.957275,2.75306095,4,baseline
SPOVBXZSDWLARY-UHFFFAOYSA-N,3.1645613,2.27816596,4,baseline
MAFHWMLXQOSBNE-UHFFFAOYSA-N,3.7724483,4.767516247,4,baseline
RJCXPEGJXBHJKB-UHFFFAOYSA-N,2.9813209,3.42603752,4,baseline
ZUYXKEDIFSQYBY-UHFFFAOYSA-N,3.3929193,3.82154681,4,baseline
BBVBTGGZKHONFX-UHFFFAOYSA-N,4.97316,5.79764719,4,baseline
XALYUGQYUQJNAD-UHFFFAOYSA-N,3.0324337,3.000241968,4,baseline
XRYABESRJLRZOG-UHFFFAOYSA-N,4.134391,4.0408311,4,baseline
FDOKMQXHLJZANP-UHFFFAOYSA-N,2.8865244,2.675900078,4,baseline
GSUGZHKFDPWTRP-ZDUSSCGKSA-N,4.598072,3.872928003,4,baseline
XBHQNSQHLGDTSU-UHFFFAOYSA-N,5.3197703,5.705788037,4,baseline
OKWGMNAGYKRRPT-UHFFFAOYSA-N,5.2374,4.83500393,4,baseline
QGDPWBQILMREMB-UHFFFAOYSA-N,3.7940528,4.356621407,4,baseline
BUFZTOKCRSQULC-UHFFFAOYSA-N,3.5450847,3.632441325,4,baseline
KFADPKUTZZVLIQ-OAHLLOKOSA-N,4.4844117,4.378331307,4,baseline
WDVWPZGOCHWSJT-ZETCQYMHSA-N,4.469933,4.761743617,4,baseline
AHLUDZNEISCUPH-HNNXBMFYSA-N,4.3159842,2.419538933,4,baseline
DCXRUHBVBOFAHS-UHFFFAOYSA-N,4.2479935,4.374797007,4,baseline
DLJQSCLUZQFLID-UHFFFAOYSA-N,4.4749413,4.530198892,4,baseline
CBZVZUYDLPWQDO-UHFFFAOYSA-N,4.342029,4.482847083,4,baseline
LQVTYUIEGKMZHO-UHFFFAOYSA-N,4.735793,3.909895802,4,baseline
JDRYIRLVOYCPNW-UHFFFAOYSA-N,5.2249517,4.92615128,4,baseline
CDMXNTHBKPPMIJ-INIZCTEOSA-N,4.560517,5.67336373,4,baseline
GIALTPSZWGVKPW-UHFFFAOYSA-N,5.4319735,4.897850725,4,baseline
SBEZNPUQNMRIFB-UHFFFAOYSA-N,4.3079886,3.563062267,4,baseline
NWLUCHZBIHVDPU-UHFFFAOYSA-N,4.586747,4.811152585,4,baseline
GCQDSXSVRBQJIS-UHFFFAOYSA-N,4.2584686,4.34038317,4,baseline
REGAQXHKDCARHB-LBPRGKRZSA-N,3.5536098,2.080469738,4,baseline
USHNZYKNXBMNCZ-UHFFFAOYSA-N,2.6433682,1.98395145,4,baseline
ZJIFXAXTZXIZMY-UHFFFAOYSA-N,4.4446707,4.165063628,4,baseline
YWMOZLLJWDAVMV-UHFFFAOYSA-N,4.913478,5.514929448,4,baseline
JAKRBEYEQJYSGS-UHFFFAOYSA-N,5.140691,5.50751886,4,baseline
NFRVHKAABSCAEL-UHFFFAOYSA-N,4.3679886,4.993322645,4,baseline
XBAMHOMIJVDSSD-UHFFFAOYSA-N,2.4051623,2.30295617,4,baseline
SQZUVLLUVJDPHA-UHFFFAOYSA-N,3.34989,2.548094117,4,baseline
QHHTXVIQZKULHO-UHFFFAOYSA-N,3.307118,3.791126203,4,baseline
SLZARXHZTPOCTN-KGLIPLIRSA-N,3.4832988,3.884827768,4,baseline
PHELUAMDTXQCHI-UHFFFAOYSA-N,3.4367192,3.757790875,4,baseline
LBCJOUUDNYKSSR-KRWDZBQOSA-N,4.687264,5.226343625,4,baseline
OEBOOYUKNSUOQK-UHFFFAOYSA-N,4.5796223,4.720121932,4,baseline
LVHWZRNQJDKLTI-UHFFFAOYSA-N,4.6967697,4.356792138,4,baseline
OUIMHMZUPAOFMZ-UHFFFAOYSA-N,3.9873762,3.442916252,4,baseline
FDYYIRBBYIDRKJ-UHFFFAOYSA-N,5.844488,5.613314305,4,baseline
DONKUAXVCYJBIN-UHFFFAOYSA-N,3.632922,3.52338631,4,baseline
ZAKKSJYTLQNJJB-UHFFFAOYSA-N,4.898989,4.78964746,4,baseline
YVQWEUNHKAAVOA-UHFFFAOYSA-N,3.036995,3.907509923,4,baseline
JMHYMYYFTOWZOE-UHFFFAOYSA-N,3.9045663,3.72303155,4,baseline
NOAUXWCEFCGHBG-UHFFFAOYSA-N,3.3614445,1.93753613,4,baseline
VGLMYVRDCQWQHI-UHFFFAOYSA-N,3.087264,3.631761013,4,baseline
RZJUZNJAYFOQPO-UHFFFAOYSA-N,3.583384,2.213438478,4,baseline
OWGWMFBREAAOMT-UHFFFAOYSA-N,4.3453975,4.463683472,4,baseline
PHFDMHSHNJLUJW-OXJNMPFZSA-N,4.0623064,2.68327334,4,baseline
HLRHRWSRSVLASR-UHFFFAOYSA-N,5.088409,4.923971202,4,baseline
BVHURWUOOCDRCE-UHFFFAOYSA-N,4.756446,4.153826653,4,baseline
VHNYUZCBKCYTFS-UHFFFAOYSA-N,5.4787107,5.772226727,4,baseline
IBXSEIJIVWLSDJ-UHFFFAOYSA-N,3.5791435,5.024742918,4,baseline
RHFWXTNJLBWQRN-UHFFFAOYSA-N,3.8264315,4.068717858,4,baseline
PRLOVFJGWZJLKR-UHFFFAOYSA-N,2.8745852,2.23280475,4,baseline
BKSHJYAEWVGUJX-UHFFFAOYSA-N,5.9400864,5.194751392,4,baseline
UHFLIRYPUSSUGK-JMSVASOKSA-N,4.463518,3.94278584,4,baseline
RAPILAMBAQJPIH-MQMHXKEQSA-N,5.585573,3.88369952,4,baseline
ZUWJKCQLZRWURZ-UHFFFAOYSA-N,4.4128532,4.167065945,4,baseline
VPCJPFLMSZDJFI-UHFFFAOYSA-N,5.3501444,5.494192525,4,baseline
MNBWGNLEKZHYPB-UHFFFAOYSA-N,4.0891213,3.772401475,4,baseline
BUFPBMSHQHKAKC-UHFFFAOYSA-N,2.2799401,2.0258516,4,baseline
BSDLDEUSTRLQEY-UHFFFAOYSA-N,3.34162,2.708443003,4,baseline
XNIZHZFXHODYBR-GOSISDBHSA-N,5.604147,5.582712518,4,baseline
ULSVLCNUYFBDCA-UHFFFAOYSA-N,5.6577435,6.41252839,4,baseline
KOBQWXPNQNIYFO-UHFFFAOYSA-N,1.8526576,1.962093413,4,baseline
QFSDRILFUKOCKE-UHFFFAOYSA-N,5.30859,4.583025637,4,baseline
IAADIQFSVHQZEG-UHFFFAOYSA-N,4.364982,4.271523163,4,baseline
BUBWMIHSTKNNPR-UHFFFAOYSA-N,3.3412242,3.104530867,4,baseline
GXYHSKJJUTYTCB-UHFFFAOYSA-N,4.5792823,5.159158775,4,baseline
WRXFOSGHPGKFAY-UHFFFAOYSA-N,4.2147694,4.627867098,4,baseline
HXJWEJOIHWHYQT-UHFFFAOYSA-N,4.374525,5.097348278,4,baseline
WEEGQGAXYCRQAE-UHFFFAOYSA-N,5.206004,4.687366985,4,baseline
YGFKTZKRYFNSGY-UHFFFAOYSA-N,5.933817,5.58953025,4,baseline
RBCULVWZGJJLJC-UHFFFAOYSA-N,3.9145343,4.726639045,4,baseline
YCKQLOFLKFDRSW-UHFFFAOYSA-N,5.291142,4.708411847,4,baseline
CNOXQHATWRFZGS-UHFFFAOYSA-N,3.06776,2.038925782,4,baseline
UCGHBZIAFOPHKJ-UHFFFAOYSA-N,5.587255,5.535707637,4,baseline
NDWFZTCZTNKEDE-OAHLLOKOSA-N,4.2141843,3.434911945,4,baseline
TXNKXQDNBUHNOQ-UHFFFAOYSA-N,5.432949,5.588364035,4,baseline
KGDBHTFHMFKVGM-UHFFFAOYSA-N,5.31181,6.116331845,4,baseline
BZGWCXPBGHVUHJ-UHFFFAOYSA-N,3.4773173,3.185495683,4,baseline
LNLXZSGXBYWBDU-NSHDSACASA-N,2.9207284,2.095675728,4,baseline
ROCHYYDLLNPZHR-UHFFFAOYSA-N,5.4978056,5.3171875,4,baseline
ARBBCNULKSAECM-UHFFFAOYSA-N,5.2696295,4.852963905,4,baseline
XJRBRUYSMPGAIC-UHFFFAOYSA-N,3.6308289,2.764280053,4,baseline
VYUFPKYULHKDHH-UHFFFAOYSA-N,5.0674963,4.897643767,4,baseline
XODQSZYCINXFPG-UHFFFAOYSA-N,4.3462954,2.02545452,4,baseline
ZMJICQIEQSJNIT-OLZOCXBDSA-N,5.597282,4.895498672,4,baseline
IISDPVGHRODLHP-UHFFFAOYSA-N,2.026904,2.140792532,4,baseline
SVKGNUYZKALPQP-UHFFFAOYSA-N,4.794613,4.734570817,4,baseline
HZGBJLLJFPERLR-UHFFFAOYSA-N,5.214318,6.128164072,4,baseline
CWTIVQSCTRJKQB-UHFFFAOYSA-N,4.0582585,4.146107025,4,baseline
WAGIKPUYTPYVEU-UHFFFAOYSA-N,3.337854,3.18994724,4,baseline
YZQUMJNKKSGTOF-CHWSQXEVSA-N,2.5385442,3.188994638,4,baseline
JFHSBXXHDLRYIN-UHFFFAOYSA-N,3.6350946,3.466350815,4,baseline
HHUXEEDRFJQGJH-UHFFFAOYSA-N,4.3041887,2.89010585,4,baseline
GKJYGOJWCSVTPJ-UHFFFAOYSA-N,3.4300337,2.695901525,4,baseline
VYPSUWCDPQGJSH-UHFFFAOYSA-N,4.173291,4.072594987,4,baseline
SBRNEVNAKYTEQV-UHFFFAOYSA-N,3.3879519,3.566651508,4,baseline
CVTSUVYINOOTTN-UHFFFAOYSA-N,5.1342344,4.538610545,4,baseline
UTTDKKQDHATASO-UHFFFAOYSA-N,5.117092,5.279497388,4,baseline
ACFHZNABOQWISD-UHFFFAOYSA-N,5.0679917,4.84079472,4,baseline
HZCMYVGOGDKMPW-UHFFFAOYSA-N,3.753643,4.176999242,4,baseline
SJOPTGZVYIXMBV-UHFFFAOYSA-N,2.7840261,2.080599563,4,baseline
UDJAZLLDDHQHPN-QWHCGFSZSA-N,5.0539455,3.844240142,4,baseline
ZLXNFRDOAYUYFO-UHFFFAOYSA-N,2.679635,2.24683686,4,baseline
SUMORXNSUMGBLX-UHFFFAOYSA-N,5.4753604,5.26565279,4,baseline
LTUCBBUWUBLJCT-UHFFFAOYSA-N,3.9632475,4.842909135,4,baseline
ZPLLAQGJBQQYMB-UHFFFAOYSA-N,3.5336263,3.610169047,4,baseline
GVRNGMTUEFDGRL-UHFFFAOYSA-N,2.9184477,2.153491995,4,baseline
HITSAYDWTCMEDP-UHFFFAOYSA-N,3.2067108,2.777157692,4,baseline
GFMXIBGNFZXSSH-AWEZNQCLSA-N,4.700171,4.723838533,4,baseline
OOGLWWUFNCINGL-UHFFFAOYSA-N,4.9551454,4.326032575,4,baseline
ICXOEPXQNDEKMJ-DLBZAZTESA-N,3.7563138,3.45316264,4,baseline
OZJYXGCMCULAMN-UHFFFAOYSA-N,4.152381,3.669963445,4,baseline
UVABLWOGWOASBG-UHFFFAOYSA-N,2.998126,3.73456672,4,baseline
LUHAPWCCZJSEOG-UHFFFAOYSA-N,4.098592,4.12828776,4,baseline
NFMYTZKQSKYEAL-UHFFFAOYSA-N,5.158844,4.884666165,4,baseline
WFOQWXUHYHWBNS-UHFFFAOYSA-N,3.6431563,3.643943628,4,baseline
RUIHACGNWCVTDQ-UHFFFAOYSA-N,3.8352184,3.220234395,4,baseline
GTLAVSMYANTKGG-UHFFFAOYSA-N,4.36433,5.14990793,4,baseline
KPCUACFGHMCLGD-UHFFFAOYSA-N,3.8040495,2.146971532,4,baseline
JRLDABZBMFCURG-UHFFFAOYSA-N,3.0757737,2.53479593,4,baseline
QUBDEYFKIBCNDL-UHFFFAOYSA-N,4.255738,4.888316,4,baseline
RFBSFICICWAJJP-UHFFFAOYSA-N,3.6317036,3.04214246,4,baseline
DAVAPQJLEBBMCT-UHFFFAOYSA-N,3.172878,2.30666154,4,baseline
YSXZJLYRWWXLBJ-UHFFFAOYSA-N,4.6831093,4.861748142,4,baseline
YXWUJBCMCDTVMO-UHFFFAOYSA-N,5.1271024,4.476775887,4,baseline
UXEXUCNMMQUJTE-UHFFFAOYSA-N,4.7389708,3.903309763,4,baseline
QGOIKUNMZODDJF-UHFFFAOYSA-N,5.369754,5.683541407,4,baseline
MVJRPLRVGMQACD-UHFFFAOYSA-N,4.7311554,4.908355613,4,baseline
KVARMYQTKIRGCQ-UHFFFAOYSA-N,4.1511073,2.77773337,4,baseline
STCMQTVWMNHFKL-UHFFFAOYSA-N,3.423298,4.099458248,4,baseline
AZOCFXABRRNKJK-UHFFFAOYSA-N,3.5635133,1.941309998,4,baseline
JGGPCIRSTZSSMU-UHFFFAOYSA-N,3.930197,4.65338344,4,baseline
FPLPOQIKBRHTGT-UHFFFAOYSA-N,4.602258,5.172464857,4,baseline
GYHXQKAUADTNEV-UHFFFAOYSA-N,4.371685,4.93556185,4,baseline
ZQQOUNKIRMMDDJ-UHFFFAOYSA-N,5.472762,4.995765805,4,baseline
LQMDSEHPQIPXOM-CABCVRRESA-N,4.953736,4.361907122,4,baseline
LXMSGGWVQVYICL-PMACEKPBSA-N,3.9032023,4.255873205,4,baseline
RCKUCGCVRMNODS-UHFFFAOYSA-N,4.384132,2.191148535,4,baseline
UBNROXQETPKCQA-UHFFFAOYSA-N,4.8729353,5.17531254,4,baseline
YTUOIKOKFJTTBW-UHFFFAOYSA-N,3.7171545,3.506578353,4,baseline
SAKVUBAQOMENKB-UHFFFAOYSA-N,4.2764316,3.10309161,4,baseline
AZJYAYPKKVKVCX-UHFFFAOYSA-N,4.893424,4.632743245,4,baseline
WTTZSARDULEWAA-KRWDZBQOSA-N,5.1749144,5.727020813,4,baseline
LOVRDRMOMCXLJW-TZMCWYRMSA-N,3.8142135,4.047352932,4,baseline
IWVCMVBTMGNXQD-PXOLEDIWSA-N,2.2873292,3.651939905,4,baseline
WUBBRNOQWQTFEX-UHFFFAOYSA-N,1.8343194,4.0776299,4,baseline
HPBNRIOWIXYZFK-UHFFFAOYSA-N,2.125294,2.616801833,4,baseline
DURULFYMVIFBIR-UHFFFAOYSA-N,3.342597,2.627554083,4,baseline
CVXBEEMKQHEXEN-UHFFFAOYSA-N,4.1677504,3.317232682,4,baseline
LDEKQSIMHVQZJK-CAQYMETFSA-N,5.112334,3.870445152,4,baseline
RMUCZJUITONUFY-UHFFFAOYSA-N,3.7339165,4.719345525,4,baseline
XUIIKFGFIJCVMT-LBPRGKRZSA-M,5.4418893,5.05946557,4,baseline
VLDFMKOUUQYFGF-UHFFFAOYSA-N,4.086448,3.467287302,4,baseline
RDJGLLICXDHJDY-UHFFFAOYSA-N,3.3055196,2.045776065,4,baseline
RGCZGDQEMAHFBB-UHFFFAOYSA-N,4.041434,3.833791445,4,baseline
IWNSTNXWQIPLHG-UHFFFAOYSA-N,4.6806064,4.312064333,4,baseline
GYYNPFCNLDIGOK-UHFFFAOYSA-N,4.635294,4.036993605,4,baseline
FYTQJFADWIUEBH-UHFFFAOYSA-N,3.253223,2.457888615,4,baseline
FISDQJFPYPYHLF-UHFFFAOYSA-N,4.84194,5.10581791,4,baseline
WAHYSPDEZQDNBT-UHFFFAOYSA-N,5.211708,4.751167857,4,baseline
TXJZXCYMSCFYJB-UHFFFAOYSA-N,4.664841,1.964653253,4,baseline
JJJSJEMEGGMYHA-UHFFFAOYSA-N,5.0014114,5.319436237,4,baseline
KODDDKNMFUECDZ-UHFFFAOYSA-N,5.0464125,5.344907917,4,baseline
PVCAHDNVFNPUKE-UHFFFAOYSA-N,4.9630766,5.134304378,4,baseline
ADOOOKDJTDHGHX-UHFFFAOYSA-N,4.9488554,4.134886143,4,baseline
CBBVJVXJZQMXGN-UHFFFAOYSA-N,3.9684103,3.77235125,4,baseline
DKNBJTLEPDZEBN-UHFFFAOYSA-N,4.7402143,4.519548128,4,baseline
XNAJDXNGXZSOOT-UHFFFAOYSA-N,4.690106,4.166390942,4,baseline
IJMPYRIYNFZQNN-UHFFFAOYSA-N,5.5330534,5.568434758,4,baseline
CDCPVGQGAVUCBZ-UHFFFAOYSA-N,3.325825,2.245221262,4,baseline
OGNSXHQCDMZUIF-UHFFFAOYSA-N,4.297991,4.572286692,4,baseline
GSHXGZNJTRBRCF-UHFFFAOYSA-N,4.243016,4.622410685,4,baseline
ZAPVJORONMBPNV-UHFFFAOYSA-N,3.6064572,3.81568132,4,baseline
ZKVBPVMPLWRDBP-UHFFFAOYSA-N,5.5980144,5.606378302,4,baseline
KGQGNVXQLYFAOR-UHFFFAOYSA-N,4.942296,4.834891833,4,baseline
PLOIOJAYZIAGDF-UHFFFAOYSA-N,4.9735327,4.44842136,4,baseline
IESKIIPQTZZPPE-UHFFFAOYSA-N,5.568668,4.532337828,4,baseline
DEFBGBDDASRAKK-UHFFFAOYSA-N,5.361917,5.648142737,4,baseline
SRQOTCAYYLJUGZ-UHFFFAOYSA-N,6.2608957,4.32048986,4,baseline
JBGUJZDWPHNSHD-UHFFFAOYSA-N,4.453912,4.260669062,4,baseline
MDZJZRZSDPJNQV-UHFFFAOYSA-N,3.727248,2.139796898,4,baseline
TUOZOGICBZYBJG-UHFFFAOYSA-N,4.2867007,4.588731053,4,baseline
NQCVIFUTOQVPDB-UHFFFAOYSA-N,4.7508655,4.747038658,4,baseline
WWLISLZNGXQQLF-UHFFFAOYSA-N,4.6573353,3.985942915,4,baseline
KQEICCLPAAAHRO-UHFFFAOYSA-N,3.569972,4.26554637,4,baseline
BMZLZQHDDRYCEU-UHFFFAOYSA-N,4.294972,4.424372147,4,baseline
WGZYAWPDCLTPSI-UHFFFAOYSA-N,3.3848264,4.885116788,4,baseline
FRYGVKUTJMGBIE-UHFFFAOYSA-N,3.987414,1.942231613,4,baseline
LLFSEGPDTIYSQU-UHFFFAOYSA-N,4.540485,4.966451915,4,baseline
STPVSAJYHZTWPV-UHFFFAOYSA-N,2.9206326,3.095404022,4,baseline
OXLGYDLAQVKNCK-UONOGXRCSA-N,3.0334723,3.340401267,4,baseline
LXMYLFHFPIIOGC-UHFFFAOYSA-N,3.8465302,5.29994507,4,baseline
ZTGUQSSHLSRSEG-UHFFFAOYSA-N,3.9318016,4.22850119,4,baseline
ZYAQFWGVXVEIGY-UHFFFAOYSA-N,4.5470433,4.34093697,4,baseline
GORNZHRCDSHATR-UHFFFAOYSA-N,4.524836,5.024356175,4,baseline
SKVPEFVDACTIOY-UHFFFAOYSA-N,3.3128252,2.09983156,4,baseline
PKNCAOVUKGGXJT-UHFFFAOYSA-N,5.0960917,5.041130693,4,baseline
ANRHTVMIRJPCOS-HOCLYGCPSA-N,3.2931433,3.176833415,4,baseline
CRMFSWNFDRJFJV-UHFFFAOYSA-N,5.6198444,4.185763455,4,baseline
YMJXJZOKKOMEOS-UHFFFAOYSA-N,5.021205,5.049904725,4,baseline
ZEFQTTZQITUPDD-UHFFFAOYSA-N,4.6406717,4.710070515,4,baseline
JDULGAIJOJJFGG-UHFFFAOYSA-N,4.941503,5.250205875,4,baseline
UWJNFPGTVMJANB-UHFFFAOYSA-N,4.944761,5.78345141,4,baseline
ZRRNUBZIEDZZSL-UHFFFAOYSA-N,4.487084,4.022104132,4,baseline
OEXSFGZZKMXAJQ-UHFFFAOYSA-N,4.822431,4.518967697,4,baseline
LVOWMZLLFMGBEG-UHFFFAOYSA-N,3.6923566,4.282864303,4,baseline
KXEYOSCNJBANRN-NSHDSACASA-N,3.5981164,3.815267538,4,baseline
OWZIUSPJOOLACL-UHFFFAOYSA-N,4.3025136,3.821690025,4,baseline
WOULMLSTCVMSPN-UHFFFAOYSA-N,5.165217,5.303949493,4,baseline
BOOGCALVPLXCGS-UHFFFAOYSA-N,5.006218,5.114120648,4,baseline
QOBNNYPGTLLCAD-UHFFFAOYSA-N,3.6893146,3.054516267,4,baseline
UINJNLMZILWCOM-UHFFFAOYSA-N,4.7893105,4.95387548,4,baseline
JTHXTLLWOUXLBR-UHFFFAOYSA-N,3.9726398,4.151883817,4,baseline
XDOGHRXULONTCX-UHFFFAOYSA-N,6.1308403,6.776572222,4,baseline
OFVYGPTZXPGSJK-UHFFFAOYSA-N,4.843681,4.725816535,4,baseline
MBFYOEVIVMKESO-UHFFFAOYSA-N,4.9404593,5.00895778,4,baseline
OVAGPSZPAVXQQC-UHFFFAOYSA-N,6.0517454,5.436417953,4,baseline
QXRGFDPWLBFMTO-UHFFFAOYSA-N,6.7884583,5.48175593,4,baseline
INPVMHGBOBZEPM-UHFFFAOYSA-N,6.461151,5.46015369,4,baseline
OYBCLJJKAIHXRC-UHFFFAOYSA-N,5.9669094,4.869666663,4,baseline
PNSZESMBEQEHIA-UHFFFAOYSA-N,2.9696913,3.32945167,4,baseline
WZLKXPBGVRPIJJ-UHFFFAOYSA-N,4.892971,4.475290858,4,baseline
YDVFKKIYGVLNGT-UHFFFAOYSA-N,5.5892577,4.031217042,4,baseline
VAWUHRUTHFYQRC-UHFFFAOYSA-N,5.6690044,4.768627985,4,baseline
FGCFGDJTBPYORT-UHFFFAOYSA-N,4.292921,3.663136355,4,baseline
FNIGLKBHRGLAIU-UHFFFAOYSA-N,5.2121096,5.346789933,4,baseline
QRJMLJSYWLHTTQ-UHFFFAOYSA-N,2.7140203,2.261276372,4,baseline
LIWVRHHQTXPNEF-UHFFFAOYSA-N,3.3231435,4.211382767,4,baseline
UFGCKAHFKZEZKP-UHFFFAOYSA-N,3.9862514,3.347266452,4,baseline
AZHXIZBFCJDPTB-UHFFFAOYSA-N,3.9519606,5.183907513,4,baseline
XMCDHOWLCPYRIE-UHFFFAOYSA-N,4.39424,4.37885095,4,baseline
FWDPBSHOGVZHJC-UHFFFAOYSA-N,3.6395926,4.42524445,4,baseline
BUUYZXXQVCAQCR-UHFFFAOYSA-N,4.6654444,6.12316442,4,baseline
RUTPHZIFPKYSDE-UHFFFAOYSA-N,4.7647676,5.905133565,4,baseline
RNTZGPVNVXBBDD-UHFFFAOYSA-N,2.9252396,3.416967683,4,baseline
DAQPBQMVTKEWBC-UHFFFAOYSA-N,4.4599104,5.100726175,4,baseline
KNRNLLFRPUTOJS-UHFFFAOYSA-N,3.7960932,2.304827018,4,baseline
MGTAKCACXPHWCG-UHFFFAOYSA-N,5.20085,4.34861851,4,baseline
SXDMWIXDSQCASC-UHFFFAOYSA-N,4.4820247,3.54631486,4,baseline
SBJBBDFONZVRSS-UHFFFAOYSA-N,3.9445646,1.959712167,4,baseline
UMVWNNSJHBRWIX-UHFFFAOYSA-N,4.3203316,4.55986093,4,baseline
MYNFOXRYOYFFSJ-UHFFFAOYSA-N,5.319496,5.418126688,4,baseline
JQVSAVSOQRGLPR-UHFFFAOYSA-N,3.6738017,4.306221147,4,baseline
CGZZWDBHJRTXFY-UHFFFAOYSA-N,5.0656805,4.986965113,4,baseline
JHKSVXWGJPSVPH-UHFFFAOYSA-N,4.250653,4.893126983,4,baseline
QNWUVTGQJNNIGN-UHFFFAOYSA-N,5.2534475,5.686804833,4,baseline
JQKYWTZUSIUQSS-UHFFFAOYSA-N,4.2789493,4.478465482,4,baseline
LMFNMUSDIICHJT-UHFFFAOYSA-N,4.7610373,4.858771785,4,baseline
JDWLRROGHCDSOZ-UHFFFAOYSA-N,4.478367,4.88265345,4,baseline
KIFQBAROWBDCDH-UHFFFAOYSA-N,3.6307914,2.004025575,4,baseline
FSJCZEKPLMBFAM-UHFFFAOYSA-N,4.0108566,4.550641833,4,baseline
XRPWPGQIRUZTNN-UHFFFAOYSA-N,4.725002,4.644817705,4,baseline
POPXRXRSPIHYIZ-UHFFFAOYSA-N,3.5751753,4.192558305,4,baseline
WETPMOBOGQDFOY-UHFFFAOYSA-N,3.9823709,3.61871611,4,baseline
GPIVGVLJKQYJPJ-UHFFFAOYSA-N,4.9741635,4.780970525,4,baseline
VYJHYXGSFJUKHH-UHFFFAOYSA-N,5.235408,4.330737265,4,baseline
MOJVVQSWSMKIAN-UHFFFAOYSA-N,5.0609474,5.57510725,4,baseline
YKNHSIPXASVCCU-KSMLVUNXSA-N,2.7204766,2.190418007,4,baseline
