repeat,fold,arm,seed,Endpoint,ST-RAE,MAE,R2,Spearman_R,Kendall_Tau
0,0,plain_qm,2684470948,CYP1A2_pIC50_direct_inhibition,0.8378184615948707,0.6682067105763266,0.2911667557206353,0.5415892190444652,0.3817346435734975
0,0,plain_qm,2684470948,CYP2C9_pIC50_direct_inhibition,0.5846143550652093,0.4818840846563488,0.4455889887096719,0.6641940913835169,0.488852980499381
0,0,plain_qm,2684470948,CYP2D6_pIC50_direct_inhibition,0.9922843985425716,0.680126047192136,0.0773023456280037,0.3802074432551264,0.2658891784303804
0,0,plain_qm,2684470948,CYP3A4_pIC50_direct_inhibition,0.5168092422302063,0.5380135476374176,0.6175777288305284,0.7784399630257869,0.5839339041020117
0,0,plain_qm,2684470948,MA,0.7328816143582145,0.5920575975155573,0.3579089547222098,0.5911076791772238,0.4301026766513177
0,0,qm_3d__ridge,2684470948,CYP1A2_pIC50_direct_inhibition,0.9619872996514454,0.7451032020973231,0.0176608213991537,0.1669346885066043,0.1075025909165953
0,0,qm_3d__ridge,2684470948,CYP2C9_pIC50_direct_inhibition,0.888125357416307,0.6318251964241073,0.0401927785764879,0.2632624736699523,0.1840693221290127
0,0,qm_3d__ridge,2684470948,CYP2D6_pIC50_direct_inhibition,1.008815849003749,0.6862184674132565,-0.0062420877261159,-0.0152246249452464,-0.0101214284907894
0,0,qm_3d__ridge,2684470948,CYP3A4_pIC50_direct_inhibition,0.928579353667008,0.8691819626704188,0.1127055547233857,0.3613568288273411,0.2456981945925787
0,0,qm_3d__ridge,2684470948,MA,0.9468769649346274,0.7330822071512764,0.0410792667432278,0.1940823415146628,0.1317871697868493
0,0,qm_dft3__ridge,2684470948,CYP1A2_pIC50_direct_inhibition,0.9510882964202368,0.7359598994099693,0.0042846368114149,0.1739274772044539,0.1243374239924751
0,0,qm_dft3__ridge,2684470948,CYP2C9_pIC50_direct_inhibition,0.9322937431883936,0.6511645579170954,0.009253134363423,0.1860932394656265,0.1261353291246113
0,0,qm_dft3__ridge,2684470948,CYP2D6_pIC50_direct_inhibition,1.0096946327620118,0.6865734809134432,5.5847547503208305e-06,0.0424484496916896,0.027997333091357
0,0,qm_dft3__ridge,2684470948,CYP3A4_pIC50_direct_inhibition,0.9950070404929668,0.9228802081210832,0.0172918343594618,0.1218442058011021,0.0818738741899743
0,0,qm_dft3__ridge,2684470948,MA,0.9720209282159022,0.7491445365903978,0.0077087975722625,0.131078343040718,0.0900859900996044
0,0,qm_elec__ridge,2684470948,CYP1A2_pIC50_direct_inhibition,0.8851405323891127,0.7042667708860959,0.0914684265893225,0.3050323540486284,0.2091080893763441
0,0,qm_elec__ridge,2684470948,CYP2C9_pIC50_direct_inhibition,0.8877450490891919,0.6351783929163549,0.0615374958252555,0.2506116792714182,0.1717456592400124
0,0,qm_elec__ridge,2684470948,CYP2D6_pIC50_direct_inhibition,1.0064870616170714,0.6861461226784599,0.0431724401250746,0.2343870427235131,0.1598775470852045
0,0,qm_elec__ridge,2684470948,CYP3A4_pIC50_direct_inhibition,0.952273679120319,0.8877481879687379,0.0683008845129211,0.2746498375177899,0.1867303501637725
0,0,qm_elec__ridge,2684470948,MA,0.932911580553924,0.7283348686124121,0.0661198117631434,0.2661702283903374,0.1818654114663334
0,0,qm_full__lightgbm,2684470948,CYP1A2_pIC50_direct_inhibition,0.9011770643291804,0.7096228492473267,0.0777228188906978,0.2486634588893759,0.1675172783043831
0,0,qm_full__lightgbm,2684470948,CYP2C9_pIC50_direct_inhibition,0.8679488551981213,0.6294666289453039,0.0891967350391596,0.2927326357046277,0.201469664390945
0,0,qm_full__lightgbm,2684470948,CYP2D6_pIC50_direct_inhibition,1.0013641855450013,0.6852006686105541,0.0265611708560934,0.2066579908014082,0.1396210991846478
0,0,qm_full__lightgbm,2684470948,CYP3A4_pIC50_direct_inhibition,0.910214119468162,0.8558766520212622,0.1145172513833132,0.3477764912409242,0.2408224454868756
0,0,qm_full__lightgbm,2684470948,MA,0.9201760561351162,0.7200416997061116,0.076999494042316,0.2739576441590841,0.1873576218417129
0,0,qm_full__rf,2684470948,CYP1A2_pIC50_direct_inhibition,0.8938305121156558,0.7068796674010486,0.1081994707728438,0.3104728310005031,0.212500404355007
0,0,qm_full__rf,2684470948,CYP2C9_pIC50_direct_inhibition,0.8872204866357956,0.6266821573919396,0.0941919717351499,0.2721424290478819,0.1821622849049663
0,0,qm_full__rf,2684470948,CYP2D6_pIC50_direct_inhibition,1.0426097667530922,0.7016976762028352,0.0108178585093707,0.223076337112911,0.1508597781768191
0,0,qm_full__rf,2684470948,CYP3A4_pIC50_direct_inhibition,0.9470946485450464,0.87021750659191,0.1015324479248614,0.331470630427899,0.2272732961433906
0,0,qm_full__rf,2684470948,MA,0.9426888535123976,0.7263692518969332,0.0786854372355564,0.2842905568972987,0.1931989408950457
0,0,qm_full__ridge,2684470948,CYP1A2_pIC50_direct_inhibition,0.8939803418980555,0.7065024293569709,0.0998243943859546,0.3087822288500774,0.2090883550075497
0,0,qm_full__ridge,2684470948,CYP2C9_pIC50_direct_inhibition,0.8448906981300712,0.6182500394221865,0.1028634443810609,0.3363283051302018,0.2292439367222498
0,0,qm_full__ridge,2684470948,CYP2D6_pIC50_direct_inhibition,1.0025143267602052,0.6857132822729314,0.0464494653757004,0.2153904961674061,0.1434423438084613
0,0,qm_full__ridge,2684470948,CYP3A4_pIC50_direct_inhibition,0.9121610041062604,0.8521196236958581,0.1408374056481281,0.3831400256711967,0.2641446388603248
0,0,qm_full__ridge,2684470948,MA,0.913386592723648,0.7156463436869868,0.097493677447711,0.3109102639547205,0.2114798185996464
0,0,qm_full__xgboost,2684470948,CYP1A2_pIC50_direct_inhibition,0.9490211858433782,0.7350409243741701,0.03226583970347,0.2147828033795596,0.1512754577550696
0,0,qm_full__xgboost,2684470948,CYP2C9_pIC50_direct_inhibition,0.8934942968584727,0.6380439410420096,0.0307128295706836,0.2847151807086552,0.1932718738040781
0,0,qm_full__xgboost,2684470948,CYP2D6_pIC50_direct_inhibition,1.0231237098970822,0.693589313011701,0.0115622922864921,0.2044755142648069,0.138170548034648
0,0,qm_full__xgboost,2684470948,CYP3A4_pIC50_direct_inhibition,0.9902655306704116,0.8944006684050503,0.0245187669895586,0.2387739253498434,0.1611141323610598
0,0,qm_full__xgboost,2684470948,MA,0.9639761808173362,0.7402687117082328,0.0247649321375511,0.2356868559257163,0.1609580029887138
0,0,qm_full_hmin__ridge,2684470948,CYP1A2_pIC50_direct_inhibition,0.9050051620707024,0.710555936821383,0.1196492045834096,0.3354027017745142,0.2252687830607628
0,0,qm_full_hmin__ridge,2684470948,CYP2C9_pIC50_direct_inhibition,0.8523877131368623,0.6199867875187693,0.0978428330730555,0.3292540123146221,0.2223979039417584
0,0,qm_full_hmin__ridge,2684470948,CYP2D6_pIC50_direct_inhibition,0.9961249283543244,0.6835457739467666,0.0601947912668742,0.2437555086971032,0.1651106849127732
0,0,qm_full_hmin__ridge,2684470948,CYP3A4_pIC50_direct_inhibition,0.8882429569428907,0.8334873222192475,0.176756314353747,0.4287934501849949,0.2955843137008658
0,0,qm_full_hmin__ridge,2684470948,MA,0.910440190126195,0.7118939551265416,0.1136107858192715,0.3343014182428087,0.2270904214040401
0,0,qm_gfn23__ridge,2684470948,CYP1A2_pIC50_direct_inhibition,0.9574343248965844,0.7392187157241048,-0.0105583565858353,0.1303086540854528,0.0883371370140101
0,0,qm_gfn23__ridge,2684470948,CYP2C9_pIC50_direct_inhibition,0.9428809625171386,0.6541284426147724,-0.0069722156920542,0.1525916178379467,0.103862807965673
0,0,qm_gfn23__ridge,2684470948,CYP2D6_pIC50_direct_inhibition,0.9786858737563212,0.6735988579965645,0.0358314309038583,0.1865910929353085,0.1264634649739455
0,0,qm_gfn23__ridge,2684470948,CYP3A4_pIC50_direct_inhibition,1.005783785134894,0.9288868076303332,-0.0005748962819171,0.0517351520828418,0.0341037453875358
0,0,qm_gfn23__ridge,2684470948,MA,0.9711962365762344,0.7489582059914437,0.0044314905860128,0.1303066292353875,0.0881917888352911
0,0,qm_new3__ridge,2684470948,CYP1A2_pIC50_direct_inhibition,0.9508909461574736,0.7413876278866164,0.0127505772194762,0.1722747674691414,0.1108120855783244
0,0,qm_new3__ridge,2684470948,CYP2C9_pIC50_direct_inhibition,0.954867909881256,0.6506683773423905,-0.0248475539637397,0.0230120494911922,0.0164199578832625
0,0,qm_new3__ridge,2684470948,CYP2D6_pIC50_direct_inhibition,1.0003280834257238,0.6819256253531176,-0.0083097141634396,0.068357043650623,0.0462677289477854
0,0,qm_new3__ridge,2684470948,CYP3A4_pIC50_direct_inhibition,1.0015745282833584,0.927912640522672,0.0012913428102898,0.0786994856443235,0.054007599892481
0,0,qm_new3__ridge,2684470948,MA,0.9769153669369528,0.7504735677761991,-0.0047788370243533,0.08558583656382,0.0568768430754633
0,0,rdkit2d_3d__ridge,2684470948,CYP1A2_pIC50_direct_inhibition,0.7230402355494635,0.6148846015457373,0.3406359001408005,0.5857277507974534,0.4186268010351395
0,0,rdkit2d_3d__ridge,2684470948,CYP2C9_pIC50_direct_inhibition,0.6647885329229661,0.5145507190779869,0.3645546813207075,0.6010545190274259,0.436259348268411
0,0,rdkit2d_3d__ridge,2684470948,CYP2D6_pIC50_direct_inhibition,0.919535125831641,0.644460725805491,0.1447592759085072,0.3698205759529525,0.2539211125128411
0,0,rdkit2d_3d__ridge,2684470948,CYP3A4_pIC50_direct_inhibition,0.5440362443588151,0.5903614647493118,0.5608206127136016,0.7533786114835493,0.5554724766124787
0,0,rdkit2d_3d__ridge,2684470948,MA,0.7128500346657214,0.5910643777946317,0.3526926175209042,0.5774953643153452,0.4160699346072176
0,0,rdkit2d__ridge,2684470948,CYP1A2_pIC50_direct_inhibition,0.7202370645373825,0.6148746013838782,0.3362465342684902,0.5816431755172953,0.4140355003992501
0,0,rdkit2d__ridge,2684470948,CYP2C9_pIC50_direct_inhibition,0.6671568832186493,0.5173398478691004,0.3604440806766674,0.5929443261605943,0.4279919302808239
0,0,rdkit2d__ridge,2684470948,CYP2D6_pIC50_direct_inhibition,0.9153849028379712,0.6431517720292601,0.1434528215127757,0.3599896221184742,0.2499279403403415
0,0,rdkit2d__ridge,2684470948,CYP3A4_pIC50_direct_inhibition,0.5471095931565619,0.591840395736282,0.5599007346080024,0.7515138512560501,0.55336013896536
0,0,rdkit2d__ridge,2684470948,MA,0.7124721109376412,0.59180165425463,0.350011042766484,0.5715227437631034,0.4113288774964439
0,0,rdkit2d_elec__ridge,2684470948,CYP1A2_pIC50_direct_inhibition,0.7219756071118498,0.6142166072692434,0.3347087193760985,0.5739928968092407,0.4099790206521549
0,0,rdkit2d_elec__ridge,2684470948,CYP2C9_pIC50_direct_inhibition,0.6762011423655191,0.5232727490351013,0.3560059260711304,0.5904306795145924,0.4244598457874701
0,0,rdkit2d_elec__ridge,2684470948,CYP2D6_pIC50_direct_inhibition,0.9130853887269388,0.6427900835612966,0.1542865645815981,0.3779211340496879,0.2611811902767976
0,0,rdkit2d_elec__ridge,2684470948,CYP3A4_pIC50_direct_inhibition,0.5522815948895438,0.5940370702955654,0.5586273905442929,0.7493852708065175,0.5496141740639365
0,0,rdkit2d_elec__ridge,2684470948,MA,0.715885933273463,0.5935791275403017,0.35090715014328,0.5729324952950097,0.4113085576950897
0,0,rdkit2d_new3__ridge,2684470948,CYP1A2_pIC50_direct_inhibition,0.7216419527903458,0.6147467050680057,0.3410964871225272,0.5865312533371019,0.4196574036948417
0,0,rdkit2d_new3__ridge,2684470948,CYP2C9_pIC50_direct_inhibition,0.6672205982425454,0.5161862212240041,0.358791473211429,0.5916614265567881,0.4270792701579914
0,0,rdkit2d_new3__ridge,2684470948,CYP2D6_pIC50_direct_inhibition,0.917958418738591,0.6435763262976044,0.1460974861379739,0.3713348438866075,0.2554401751506803
0,0,rdkit2d_new3__ridge,2684470948,CYP3A4_pIC50_direct_inhibition,0.5435063083095749,0.59048066043309,0.5606916945996397,0.7529241908858739,0.5552207302786929
0,0,rdkit2d_new3__ridge,2684470948,MA,0.7125818195202642,0.591247478255676,0.3516692852678925,0.5756129286665929,0.4143493948205516
0,0,rdkit2d_qm__ridge,2684470948,CYP1A2_pIC50_direct_inhibition,0.72365638095394,0.6149780816302207,0.3393133072212542,0.5823001167261149,0.4159583614902433
0,0,rdkit2d_qm__ridge,2684470948,CYP2C9_pIC50_direct_inhibition,0.6725962116608256,0.5196753986764349,0.3601990601618354,0.5973957900941806,0.4315297110596816
0,0,rdkit2d_qm__ridge,2684470948,CYP2D6_pIC50_direct_inhibition,0.916630146032976,0.6440404405595315,0.1550971510184791,0.383723034540632,0.2643224255619928
0,0,rdkit2d_qm__ridge,2684470948,CYP3A4_pIC50_direct_inhibition,0.5484901273857413,0.5928892175972483,0.559443737416556,0.7509992001641921,0.5508808971099411
0,0,rdkit2d_qm__ridge,2684470948,MA,0.7153432165083707,0.5928957846158588,0.3535133139545311,0.5786045353812799,0.4156728488054647
0,0,rdkit_match18__ridge,2684470948,CYP1A2_pIC50_direct_inhibition,0.7696407912990788,0.648276068790796,0.2583316105994322,0.5611256079904146,0.3960313383661848
0,0,rdkit_match18__ridge,2684470948,CYP2C9_pIC50_direct_inhibition,0.7470322776356748,0.5655833401188307,0.2131766177177647,0.5005862935537746,0.3517267326581824
0,0,rdkit_match18__ridge,2684470948,CYP2D6_pIC50_direct_inhibition,0.9319364651800428,0.652940806165244,0.111267986505859,0.3205129916426675,0.221481158496048
0,0,rdkit_match18__ridge,2684470948,CYP3A4_pIC50_direct_inhibition,0.6825902589676011,0.708667519564459,0.3884304137992524,0.6267106018841508,0.4450414076632257
0,0,rdkit_match18__ridge,2684470948,MA,0.7827999482705994,0.6438669336598324,0.2428016571555771,0.5022338737677519,0.3535701592959103
0,0,rdkit_match3_elec__ridge,2684470948,CYP1A2_pIC50_direct_inhibition,0.8642718434482919,0.6921989140073107,0.1156461120459039,0.4259359859807601,0.2958745354206246
0,0,rdkit_match3_elec__ridge,2684470948,CYP2C9_pIC50_direct_inhibition,0.8563017489258149,0.6232477058159251,0.0852447965943833,0.3282907663702537,0.2317918134322408
0,0,rdkit_match3_elec__ridge,2684470948,CYP2D6_pIC50_direct_inhibition,1.0056488280629308,0.6840470000251608,0.0056123148279832,0.0834657851814536,0.0594501733415605
0,0,rdkit_match3_elec__ridge,2684470948,CYP3A4_pIC50_direct_inhibition,0.9067661804610592,0.8584420279481432,0.1174269283674217,0.3583951443334883,0.2484443752810006
0,0,rdkit_match3_elec__ridge,2684470948,MA,0.9082471502245242,0.714483911949135,0.080982537958923,0.2990219204664889,0.2088902243688566
0,0,rdkit_match3_new3__ridge,2684470948,CYP1A2_pIC50_direct_inhibition,0.9536071158287456,0.736656273246994,0.014194609958822,0.1324134661426201,0.0885416059788905
0,0,rdkit_match3_new3__ridge,2684470948,CYP2C9_pIC50_direct_inhibition,0.9259953687883704,0.6468511328440768,0.0138187716829264,0.1717857247680106,0.116055819699796
0,0,rdkit_match3_new3__ridge,2684470948,CYP2D6_pIC50_direct_inhibition,0.9740049588152764,0.6705403076190121,0.0471536933659745,0.2287048020306117,0.1550714886624552
0,0,rdkit_match3_new3__ridge,2684470948,CYP3A4_pIC50_direct_inhibition,0.960446342734804,0.8992880938619402,0.0518672380134242,0.2472998008207622,0.1669110665813545
0,0,rdkit_match3_new3__ridge,2684470948,MA,0.9535134465417991,0.7383339518930058,0.0317585782552868,0.1950509484405012,0.1316449952306241
0,1,plain_qm,4091952314,CYP1A2_pIC50_direct_inhibition,0.8668018963652234,0.6329398167010815,0.2687352393183012,0.4955481081410841,0.3511921752216669
0,1,plain_qm,4091952314,CYP2C9_pIC50_direct_inhibition,0.6281140072170124,0.4373667498455179,0.394625640404889,0.6607374109703217,0.4799951942851921
0,1,plain_qm,4091952314,CYP2D6_pIC50_direct_inhibition,0.9920570188230908,0.6259468842819128,0.078100052304506,0.3870896607792822,0.2640124874812561
0,1,plain_qm,4091952314,CYP3A4_pIC50_direct_inhibition,0.4442028508342637,0.5352906479346168,0.5986915783849693,0.796464811488666,0.6031110519274279
0,1,plain_qm,4091952314,MA,0.7327939433098976,0.5578860246907823,0.3350381276031664,0.5849599978448385,0.4245777272288857
0,1,qm_3d__ridge,4091952314,CYP1A2_pIC50_direct_inhibition,1.0612378515364655,0.7287986412580447,0.0057293336126574,0.1103508192525685,0.0733723952169419
0,1,qm_3d__ridge,4091952314,CYP2C9_pIC50_direct_inhibition,0.8712493399668866,0.5337732702325098,0.0939562267151906,0.2419450749309081,0.1660671125847747
0,1,qm_3d__ridge,4091952314,CYP2D6_pIC50_direct_inhibition,0.9960962263169096,0.6256471467027142,-0.002402217170178,0.119296968823957,0.0799722142431852
0,1,qm_3d__ridge,4091952314,CYP3A4_pIC50_direct_inhibition,0.8836900249323932,0.8663359921504736,0.0893015900800459,0.3230501576343959,0.2173224124845174
0,1,qm_3d__ridge,4091952314,MA,0.9530683606881638,0.6886387625859355,0.0466462333094289,0.1986607551604574,0.1341835336323548
0,1,qm_dft3__ridge,4091952314,CYP1A2_pIC50_direct_inhibition,1.042665467835863,0.715160291575549,0.0003760738295398,0.1781948436492439,0.1205820038377133
0,1,qm_dft3__ridge,4091952314,CYP2C9_pIC50_direct_inhibition,0.9523772306216411,0.5504848530585464,0.0364909685057685,0.1958863745733102,0.1319955368592323
0,1,qm_dft3__ridge,4091952314,CYP2D6_pIC50_direct_inhibition,0.9892073714969104,0.6215927821963453,-0.0025949920103939,0.1372505101863701,0.0929796881698108
0,1,qm_dft3__ridge,4091952314,CYP3A4_pIC50_direct_inhibition,1.0006594075220097,0.9343182530773062,-0.006570182050558,0.0295833320173536,0.0201104327359792
0,1,qm_dft3__ridge,4091952314,MA,0.996227369369106,0.7053890449769367,0.006925467068589,0.1352287651065694,0.0914169154006839
0,1,qm_elec__ridge,4091952314,CYP1A2_pIC50_direct_inhibition,1.0035481352392088,0.6904987139048622,0.0545303248194858,0.2497366004638919,0.1708905725470304
0,1,qm_elec__ridge,4091952314,CYP2C9_pIC50_direct_inhibition,0.9054054622489096,0.5442200248136229,0.0958055266636992,0.304555809127057,0.2109290283463785
0,1,qm_elec__ridge,4091952314,CYP2D6_pIC50_direct_inhibition,0.9755074428229604,0.6172284938481281,0.0171588195819001,0.2151921703288845,0.1448854244399243
0,1,qm_elec__ridge,4091952314,CYP3A4_pIC50_direct_inhibition,0.9487107869815822,0.901716117086274,0.0472578511275473,0.1927749373822766,0.1323635803575343
0,1,qm_elec__ridge,4091952314,MA,0.9582929568231652,0.6884158374132218,0.0536881305481581,0.2405648793255275,0.1647671514227169
0,1,qm_full__lightgbm,4091952314,CYP1A2_pIC50_direct_inhibition,0.9946252820532738,0.6939013445201422,0.0452061485618114,0.247825878217305,0.1682287067096255
0,1,qm_full__lightgbm,4091952314,CYP2C9_pIC50_direct_inhibition,0.9310053178225252,0.5488981353437346,0.053133931439632,0.2844050971079097,0.1957495875710571
0,1,qm_full__lightgbm,4091952314,CYP2D6_pIC50_direct_inhibition,1.0468531572864217,0.647525346245089,-0.0456668182888891,0.1399293729764616,0.0941019717916099
0,1,qm_full__lightgbm,4091952314,CYP3A4_pIC50_direct_inhibition,0.9188323943452628,0.8816256718313569,0.0483093354720343,0.2812970038967471,0.1895698451115988
0,1,qm_full__lightgbm,4091952314,MA,0.9728290378768708,0.6929876244850807,0.0252456492961471,0.2383643380496058,0.1619125277959728
0,1,qm_full__rf,4091952314,CYP1A2_pIC50_direct_inhibition,1.0596614744927486,0.7165159473607364,0.0270277917148297,0.2607449687827586,0.1791290152794551
0,1,qm_full__rf,4091952314,CYP2C9_pIC50_direct_inhibition,0.9465718288993078,0.5587012620121277,0.0544600726225513,0.2802406586719313,0.190738888661488
0,1,qm_full__rf,4091952314,CYP2D6_pIC50_direct_inhibition,1.0549489415615194,0.6507617137365447,-0.035698671046401,0.167935646033379,0.1129269116441263
0,1,qm_full__rf,4091952314,CYP3A4_pIC50_direct_inhibition,0.9091446925418882,0.8726161651614067,0.0724050952338138,0.3135893372768958,0.213811195688253
0,1,qm_full__rf,4091952314,MA,0.992581734373866,0.6996487720677039,0.0295485721311984,0.2556276526912412,0.1741515028183306
0,1,qm_full__ridge,4091952314,CYP1A2_pIC50_direct_inhibition,1.023462711747239,0.7010702544524758,0.0563894921088562,0.2343997168778855,0.1603248173871774
0,1,qm_full__ridge,4091952314,CYP2C9_pIC50_direct_inhibition,0.8463603161689807,0.5258776189176503,0.1463712970250783,0.3598143411874756,0.2499454859892162
0,1,qm_full__ridge,4091952314,CYP2D6_pIC50_direct_inhibition,0.9797736945476512,0.6168060770120034,0.0143571069860413,0.2118960549625057,0.1411319463193016
0,1,qm_full__ridge,4091952314,CYP3A4_pIC50_direct_inhibition,0.863785140199399,0.8473850546037783,0.1163854283608125,0.3465014575260418,0.2369200822866627
0,1,qm_full__ridge,4091952314,MA,0.9283454656658175,0.672784751246477,0.083375831120197,0.2881528926384772,0.1970805829955895
0,1,qm_full__xgboost,4091952314,CYP1A2_pIC50_direct_inhibition,1.082149039983166,0.7358075069179082,-0.015662231946414,0.2164081140487794,0.145117266762861
0,1,qm_full__xgboost,4091952314,CYP2C9_pIC50_direct_inhibition,0.979603305551601,0.5639443422593725,0.0066138915135403,0.1312428201736353,0.0899532034739354
0,1,qm_full__xgboost,4091952314,CYP2D6_pIC50_direct_inhibition,1.0567666555976656,0.6544732185929109,-0.0418482394424803,0.1426946887658212,0.0936436686230207
0,1,qm_full__xgboost,4091952314,CYP3A4_pIC50_direct_inhibition,0.9315995903189248,0.8925990389206345,0.0416141883496376,0.2455060954268655,0.1655968098337777
0,1,qm_full__xgboost,4091952314,MA,1.0125296478628394,0.7117060266727065,-0.002320597881429,0.1839629296037754,0.1235777371733987
0,1,qm_full_hmin__ridge,4091952314,CYP1A2_pIC50_direct_inhibition,1.0296642431235556,0.7002023752467288,0.0500868220032961,0.243520223978332,0.1657975879350139
0,1,qm_full_hmin__ridge,4091952314,CYP2C9_pIC50_direct_inhibition,0.8442460340319604,0.52178873850304,0.157275265418489,0.3650103634649804,0.2550948586258862
0,1,qm_full_hmin__ridge,4091952314,CYP2D6_pIC50_direct_inhibition,0.9539337203197384,0.607603744125134,0.0387399439898166,0.2637622618430593,0.1770530166376565
0,1,qm_full_hmin__ridge,4091952314,CYP3A4_pIC50_direct_inhibition,0.8491225341966858,0.8385694834016555,0.1226793995910563,0.3765397530388015,0.2611276690943615
0,1,qm_full_hmin__ridge,4091952314,MA,0.919241632917985,0.6670410853191396,0.0921953577506645,0.3122081505812933,0.2147682830732296
0,1,qm_gfn23__ridge,4091952314,CYP1A2_pIC50_direct_inhibition,1.0502179160243563,0.7178365749600498,-0.0093871097515693,0.1145470446344887,0.0807333581869071
0,1,qm_gfn23__ridge,4091952314,CYP2C9_pIC50_direct_inhibition,0.979322801392328,0.5600458313030228,0.0054961112935547,0.1200082623420858,0.0802557634763935
0,1,qm_gfn23__ridge,4091952314,CYP2D6_pIC50_direct_inhibition,0.9921899497074887,0.6216087203575089,-0.0222243171447221,0.1093230123163989,0.0742218885406524
0,1,qm_gfn23__ridge,4091952314,CYP3A4_pIC50_direct_inhibition,1.0044614665440574,0.9380220747451063,-0.0105671149482496,-0.0086714146951474,-0.0070153037477222
0,1,qm_gfn23__ridge,4091952314,MA,1.0065480334170578,0.7093783003414219,-0.0091706076377466,0.0838017261494565,0.0570489266140577
0,1,qm_new3__ridge,4091952314,CYP1A2_pIC50_direct_inhibition,1.0533792743690644,0.7238752141539541,0.0062406118613918,0.1169578003808621,0.0787879560438467
0,1,qm_new3__ridge,4091952314,CYP2C9_pIC50_direct_inhibition,0.9763384740728456,0.561841507516264,-0.0103406749736475,0.0396706964343855,0.0244838513159944
0,1,qm_new3__ridge,4091952314,CYP2D6_pIC50_direct_inhibition,0.9926043455069216,0.6236324398715223,-0.0004435506022197,0.0776836422937691,0.052738118937321
0,1,qm_new3__ridge,4091952314,CYP3A4_pIC50_direct_inhibition,0.9909878989868782,0.9307138970379528,-0.0004447199835446,0.0712338077758432,0.0484640193820173
0,1,qm_new3__ridge,4091952314,MA,1.0033274982339275,0.7100157646449232,-0.001247083424505,0.076386486721215,0.0511184864197948
0,1,rdkit2d_3d__ridge,4091952314,CYP1A2_pIC50_direct_inhibition,0.9347302433652492,0.6620023191479085,0.1861037561241513,0.3999548105858849,0.2757743143086117
0,1,rdkit2d_3d__ridge,4091952314,CYP2C9_pIC50_direct_inhibition,0.665677863610347,0.4427647057354539,0.3828919778556215,0.6365211140469109,0.4521198978519954
0,1,rdkit2d_3d__ridge,4091952314,CYP2D6_pIC50_direct_inhibition,0.9393986945732512,0.6023679381349649,0.1301438999584833,0.3674921723785418,0.2510050610032934
0,1,rdkit2d_3d__ridge,4091952314,CYP3A4_pIC50_direct_inhibition,0.5482993564423423,0.5961496555934171,0.5230341685557112,0.7198304781348107,0.5307034436610137
0,1,rdkit2d_3d__ridge,4091952314,MA,0.7720265394977974,0.5758211546529362,0.3055434506234918,0.5309496437865371,0.3774006792062285
0,1,rdkit2d__ridge,4091952314,CYP1A2_pIC50_direct_inhibition,0.946365592000866,0.662404896276581,0.1795823286020323,0.3978547074539182,0.2726984555712438
0,1,rdkit2d__ridge,4091952314,CYP2C9_pIC50_direct_inhibition,0.678215701321933,0.4451700624952778,0.3742259209560595,0.6256153087964763,0.4422454532892768
0,1,rdkit2d__ridge,4091952314,CYP2D6_pIC50_direct_inhibition,0.9428888622473148,0.603627400900994,0.125334893588641,0.3670370709796537,0.2493652036813021
0,1,rdkit2d__ridge,4091952314,CYP3A4_pIC50_direct_inhibition,0.5475749344345566,0.5948410110943604,0.5232107063692386,0.7199114417893215,0.5314468701784558
0,1,rdkit2d__ridge,4091952314,MA,0.7787612725011677,0.5765108426918033,0.3005884623789929,0.5276046322548423,0.3739389956800696
0,1,rdkit2d_elec__ridge,4091952314,CYP1A2_pIC50_direct_inhibition,0.9428037057796756,0.6621236722918533,0.1826381264358718,0.4036693674616395,0.2781153033633594
0,1,rdkit2d_elec__ridge,4091952314,CYP2C9_pIC50_direct_inhibition,0.6779713853973715,0.4474540492611143,0.3697047168188186,0.6229007165314426,0.4413017803684641
0,1,rdkit2d_elec__ridge,4091952314,CYP2D6_pIC50_direct_inhibition,0.9266702073898722,0.5923501024161278,0.1200933120387302,0.3599007234000854,0.2449099094405476
0,1,rdkit2d_elec__ridge,4091952314,CYP3A4_pIC50_direct_inhibition,0.552670371977785,0.5960905584502104,0.5244105542100125,0.7190236083395141,0.5301136682216416
0,1,rdkit2d_elec__ridge,4091952314,MA,0.7750289176361761,0.5745045956048265,0.2992116773758583,0.5263736039331705,0.3736101653485031
0,1,rdkit2d_new3__ridge,4091952314,CYP1A2_pIC50_direct_inhibition,0.937301932924237,0.6628290118128556,0.1861680018379053,0.4011547808568782,0.2768248295920816
0,1,rdkit2d_new3__ridge,4091952314,CYP2C9_pIC50_direct_inhibition,0.6730622247504813,0.4442468893684564,0.3701574817886284,0.6219520716730278,0.4382106902921759
0,1,rdkit2d_new3__ridge,4091952314,CYP2D6_pIC50_direct_inhibition,0.9409460721297476,0.6032860987288916,0.1267329431458629,0.3654744327608727,0.2493607173092272
0,1,rdkit2d_new3__ridge,4091952314,CYP3A4_pIC50_direct_inhibition,0.5494493267656526,0.5962556986460313,0.5226398306663942,0.7187184783194445,0.5301007096094198
0,1,rdkit2d_new3__ridge,4091952314,MA,0.7751898891425296,0.5766544246390588,0.3014245643596977,0.5268249409025558,0.3736242367007261
0,1,rdkit2d_qm__ridge,4091952314,CYP1A2_pIC50_direct_inhibition,0.930693941394986,0.660735887614817,0.1891462878236513,0.403408942964787,0.2785370229095687
0,1,rdkit2d_qm__ridge,4091952314,CYP2C9_pIC50_direct_inhibition,0.6657246466480948,0.4447154235736109,0.3780639245664962,0.6309684346304367,0.4479699774389019
0,1,rdkit2d_qm__ridge,4091952314,CYP2D6_pIC50_direct_inhibition,0.9251693365865472,0.5909014804940483,0.1237952698608961,0.3605064017222077,0.2459217857312099
0,1,rdkit2d_qm__ridge,4091952314,CYP3A4_pIC50_direct_inhibition,0.5503698411491365,0.5955126788889517,0.5254755573945323,0.7185642306054492,0.5291435021757424
0,1,rdkit2d_qm__ridge,4091952314,MA,0.7679894414446912,0.572966367642857,0.3041202599113939,0.5283620024807202,0.3753930720638557
0,1,rdkit_match18__ridge,4091952314,CYP1A2_pIC50_direct_inhibition,0.979345068749284,0.6787388888747127,0.1207830083299194,0.3581388747339918,0.2437475417237508
0,1,rdkit_match18__ridge,4091952314,CYP2C9_pIC50_direct_inhibition,0.8149278141341335,0.4990987430565173,0.2138126948757386,0.4751007953371656,0.3297751625623105
0,1,rdkit_match18__ridge,4091952314,CYP2D6_pIC50_direct_inhibition,0.9457181382642708,0.6067332220183527,0.0770180855403953,0.3006852714701968,0.2066448784358363
0,1,rdkit_match18__ridge,4091952314,CYP3A4_pIC50_direct_inhibition,0.6684791883890521,0.7093520304112888,0.3744264560304703,0.6338081268623965,0.4467826686626624
0,1,rdkit_match18__ridge,4091952314,MA,0.8521175523841852,0.6234807210902178,0.1965100611941309,0.4419332671009377,0.30673756284614
0,1,rdkit_match3_elec__ridge,4091952314,CYP1A2_pIC50_direct_inhibition,1.005446059005175,0.701991989130918,0.0566372360635968,0.2909226360348656,0.1987140924259369
0,1,rdkit_match3_elec__ridge,4091952314,CYP2C9_pIC50_direct_inhibition,0.8749748995224252,0.5261970807300262,0.1417454019631535,0.3921132871053176,0.2714035694258348
0,1,rdkit_match3_elec__ridge,4091952314,CYP2D6_pIC50_direct_inhibition,1.007978709558392,0.6337895381745148,-0.0005510627443312,0.1099117220477991,0.0740190351611653
0,1,rdkit_match3_elec__ridge,4091952314,CYP3A4_pIC50_direct_inhibition,0.8844285302292914,0.8644967172048993,0.117852461524126,0.3312712023405976,0.2250694689098674
0,1,rdkit_match3_elec__ridge,4091952314,MA,0.9432070495788208,0.6816188313100896,0.0789210092016362,0.281054711882145,0.1923015414807011
0,1,rdkit_match3_new3__ridge,4091952314,CYP1A2_pIC50_direct_inhibition,1.0560564961513812,0.7219555133310134,-0.0121413427106789,0.0912997082055119,0.0607583843881514
0,1,rdkit_match3_new3__ridge,4091952314,CYP2C9_pIC50_direct_inhibition,0.9653088779090628,0.5630046985788739,0.0007985801131975,0.1139923682761941,0.0786417671734968
0,1,rdkit_match3_new3__ridge,4091952314,CYP2D6_pIC50_direct_inhibition,0.95566357224075,0.6030928983073046,0.0469162966603789,0.2701242039746888,0.1811149340936547
0,1,rdkit_match3_new3__ridge,4091952314,CYP3A4_pIC50_direct_inhibition,0.9773186995019736,0.9208157781616756,0.033486489313522,0.2051812451604409,0.1377097140757032
0,1,rdkit_match3_new3__ridge,4091952314,MA,0.9885869114507918,0.7022172220947168,0.0172650058441049,0.1701493814042089,0.1145561999327515
0,2,plain_qm,233227757,CYP1A2_pIC50_direct_inhibition,0.9134082107582642,0.6590592831212679,0.2380717915788496,0.4952414276274181,0.3438329781818678
0,2,plain_qm,233227757,CYP2C9_pIC50_direct_inhibition,0.7115557962028228,0.4589235672459448,0.3911984236269566,0.6381540933249787,0.4607078706130446
0,2,plain_qm,233227757,CYP2D6_pIC50_direct_inhibition,1.0410522468663772,0.5628631909453672,0.081793453637969,0.3436972903779179,0.2368324304057887
0,2,plain_qm,233227757,CYP3A4_pIC50_direct_inhibition,0.4557493352187849,0.5027533002570567,0.6163796783465453,0.7813602717621608,0.5953698375023901
0,2,plain_qm,233227757,MA,0.7804413972615624,0.5458998353924092,0.3318608367975801,0.5646132707731188,0.4091857791757728
0,2,qm_3d__ridge,233227757,CYP1A2_pIC50_direct_inhibition,0.9444188818692304,0.6922421970380386,0.0551600765082811,0.3184216650132883,0.2138040739040936
0,2,qm_3d__ridge,233227757,CYP2C9_pIC50_direct_inhibition,0.9916002126379272,0.5743238423096899,0.0008049765595901,0.1560891985863524,0.1076686113701388
0,2,qm_3d__ridge,233227757,CYP2D6_pIC50_direct_inhibition,1.0368783755870803,0.5580992597186477,-0.0257713715350947,-0.07749986765733,-0.0519030516611893
0,2,qm_3d__ridge,233227757,CYP3A4_pIC50_direct_inhibition,0.926415005514788,0.8437984292532651,0.0595175668926915,0.2604579013800655,0.1809499252017863
0,2,qm_3d__ridge,233227757,MA,0.9748281189022564,0.6671159320799103,0.022427812106367,0.164367224330594,0.1126298897037073
0,2,qm_dft3__ridge,233227757,CYP1A2_pIC50_direct_inhibition,1.0007388908143608,0.717811143059903,-0.0118263419123193,0.0328367604013133,0.0207396546192395
0,2,qm_dft3__ridge,233227757,CYP2C9_pIC50_direct_inhibition,0.979619370350275,0.5657534340575772,0.0377370578880762,0.1621856074216243,0.1123773886531296
0,2,qm_dft3__ridge,233227757,CYP2D6_pIC50_direct_inhibition,1.0020784949659511,0.5463402816060452,-0.0047167903248683,0.0320723707022469,0.0216827655609183
0,2,qm_dft3__ridge,233227757,CYP3A4_pIC50_direct_inhibition,0.9672344974939094,0.8767485700598687,0.0111539562504827,0.1167609573409476,0.0770267033662745
0,2,qm_dft3__ridge,233227757,MA,0.987417813406124,0.6766633571958485,0.0080869704753428,0.085963923966533,0.0579566280498905
0,2,qm_elec__ridge,233227757,CYP1A2_pIC50_direct_inhibition,0.9819651481862468,0.7066371518086447,0.0301837071014645,0.1716624945369989,0.1146720547323656
0,2,qm_elec__ridge,233227757,CYP2C9_pIC50_direct_inhibition,0.986260891639839,0.5724386210823206,0.0412612474291936,0.217106551609568,0.1468293794869248
0,2,qm_elec__ridge,233227757,CYP2D6_pIC50_direct_inhibition,1.0067108530982396,0.5468524675115929,0.0430766224223816,0.1740399902953995,0.1164849906579865
0,2,qm_elec__ridge,233227757,CYP3A4_pIC50_direct_inhibition,0.9727053884038634,0.8792264217620451,0.0015980821675179,0.1441136914192136,0.0959949060615539
0,2,qm_elec__ridge,233227757,MA,0.9869105703320472,0.6762886655411509,0.0290299147801394,0.176730681965295,0.1184953327347077
0,2,qm_full__lightgbm,233227757,CYP1A2_pIC50_direct_inhibition,0.948313088279089,0.6927377462143864,0.0953974644110163,0.2768638622534428,0.1901816652909665
0,2,qm_full__lightgbm,233227757,CYP2C9_pIC50_direct_inhibition,0.9789107511670034,0.5634972173616237,0.0553682426647603,0.2185298211228275,0.1457134594072592
0,2,qm_full__lightgbm,233227757,CYP2D6_pIC50_direct_inhibition,1.0054837498994047,0.5482921795162485,0.0137499459266665,0.1071739251592564,0.0732166396521965
0,2,qm_full__lightgbm,233227757,CYP3A4_pIC50_direct_inhibition,0.9277733755889944,0.8491476933383177,0.0822387354472607,0.3109663645629169,0.2124235251666053
0,2,qm_full__lightgbm,233227757,MA,0.9651202412336228,0.6634187091076441,0.061688597112426,0.2283834932746109,0.1553838223792569
0,2,qm_full__rf,233227757,CYP1A2_pIC50_direct_inhibition,0.9457753277227894,0.6884797838700011,0.0726278023651036,0.3056299042571387,0.2116841553532702
0,2,qm_full__rf,233227757,CYP2C9_pIC50_direct_inhibition,0.9964879660871736,0.5699129247839636,0.0555860686640715,0.2094480037173895,0.1399023257750283
0,2,qm_full__rf,233227757,CYP2D6_pIC50_direct_inhibition,1.1294634184122176,0.5962050432667243,-0.0483282741493294,0.1604788586395186,0.1092385197405087
0,2,qm_full__rf,233227757,CYP3A4_pIC50_direct_inhibition,0.9316976464644274,0.8452032695377704,0.0630125305294572,0.2848346892142634,0.1929927828754968
0,2,qm_full__rf,233227757,MA,1.0008560896716518,0.6749502553646148,0.0357245318523257,0.2400978639570775,0.163454445936076
0,2,qm_full__ridge,233227757,CYP1A2_pIC50_direct_inhibition,0.9510518938600796,0.6934752826461389,0.0769080923048416,0.2690014381059115,0.1825784016333989
0,2,qm_full__ridge,233227757,CYP2C9_pIC50_direct_inhibition,0.9905163816925588,0.5716176541481285,0.0440817712842071,0.2502332897482476,0.1693631623019222
0,2,qm_full__ridge,233227757,CYP2D6_pIC50_direct_inhibition,1.0358257273494522,0.5569421634972821,0.0276498568312881,0.1620154055034013,0.107707946794912
0,2,qm_full__ridge,233227757,CYP3A4_pIC50_direct_inhibition,0.9179959549830566,0.8394773666864668,0.0645891824290773,0.2680542250802317,0.1833993895586579
0,2,qm_full__ridge,233227757,MA,0.9738474894712869,0.6653781167445041,0.0533072257123535,0.237326089609448,0.1607622250722227
0,2,qm_full__xgboost,233227757,CYP1A2_pIC50_direct_inhibition,0.985095997781244,0.7125673457718288,0.0177128393912696,0.195797184085409,0.1419690054457241
0,2,qm_full__xgboost,233227757,CYP2C9_pIC50_direct_inhibition,0.9859114858642928,0.5627568916185759,0.0656268290490167,0.260463121536677,0.1749035588160599
0,2,qm_full__xgboost,233227757,CYP2D6_pIC50_direct_inhibition,0.9833171862992864,0.5399348839071341,0.0376555244591831,0.2155450163578569,0.1466390861693372
0,2,qm_full__xgboost,233227757,CYP3A4_pIC50_direct_inhibition,0.9280440935390732,0.8441046695779639,0.0747555883601892,0.281153964022263,0.1914582673321322
0,2,qm_full__xgboost,233227757,MA,0.970592190870974,0.6648409477188757,0.0489376953149147,0.2382398215005515,0.1637424794408133
0,2,qm_full_hmin__ridge,233227757,CYP1A2_pIC50_direct_inhibition,0.9380568258130224,0.6831697231501077,0.1149501486780395,0.3398432726829401,0.2291338865164554
0,2,qm_full_hmin__ridge,233227757,CYP2C9_pIC50_direct_inhibition,0.968621851540109,0.563777472047082,0.0620371623717247,0.2891183256288819,0.1953832237025874
0,2,qm_full_hmin__ridge,233227757,CYP2D6_pIC50_direct_inhibition,1.0326755836787933,0.5537633250485956,0.0284285835279099,0.1758049416416137,0.1175475444282443
0,2,qm_full_hmin__ridge,233227757,CYP3A4_pIC50_direct_inhibition,0.8992909184993894,0.8279394275109456,0.0942640672096287,0.3171417073677033,0.218356812470503
0,2,qm_full_hmin__ridge,233227757,MA,0.9596612948828286,0.6571624869391827,0.0749199904468257,0.2804770618302847,0.1901053667794475
0,2,qm_gfn23__ridge,233227757,CYP1A2_pIC50_direct_inhibition,0.9926143012609449,0.7127806440792143,-0.0103865950605349,0.0775758132478884,0.0539506524902645
0,2,qm_gfn23__ridge,233227757,CYP2C9_pIC50_direct_inhibition,0.9873791200873058,0.5686541932297019,0.0296817516111186,0.1606570412872197,0.1102167482698195
0,2,qm_gfn23__ridge,233227757,CYP2D6_pIC50_direct_inhibition,1.012444961289794,0.5494707918210774,0.013622725904959,0.0981474531024841,0.0646030721066043
0,2,qm_gfn23__ridge,233227757,CYP3A4_pIC50_direct_inhibition,0.9825334435547108,0.8852586893002338,-0.0038922167573638,0.0059326627039903,0.0028118310019944
0,2,qm_gfn23__ridge,233227757,MA,0.9937429565481888,0.6790410796075569,0.0072564164245447,0.0855782425853956,0.0578955759671707
0,2,qm_new3__ridge,233227757,CYP1A2_pIC50_direct_inhibition,0.9683220090847992,0.7041644201339053,0.032279503894957,0.2545762232455125,0.1715665888539036
0,2,qm_new3__ridge,233227757,CYP2C9_pIC50_direct_inhibition,1.0064874436130944,0.5755183747243529,-0.0034242022473668,0.0299644876147347,0.0212521949099411
0,2,qm_new3__ridge,233227757,CYP2D6_pIC50_direct_inhibition,1.0246083543732347,0.554748844633927,-0.0175351259130262,-0.0386406223489143,-0.0276485101121478
0,2,qm_new3__ridge,233227757,CYP3A4_pIC50_direct_inhibition,0.9879473772095052,0.8875626348273952,-0.0034314139689018,0.0406721207515939,0.0268127702301023
0,2,qm_new3__ridge,233227757,MA,0.9968412960701584,0.6804985685798951,0.0019721904414155,0.0716430523157317,0.0479957609704498
0,2,rdkit2d_3d__ridge,233227757,CYP1A2_pIC50_direct_inhibition,0.8882676680588794,0.6609956777327232,0.209556285652062,0.4644613372338027,0.3178365861631406
0,2,rdkit2d_3d__ridge,233227757,CYP2C9_pIC50_direct_inhibition,0.6814806296546603,0.4652645921530048,0.3568370362519967,0.6074254458213325,0.4298497084889897
0,2,rdkit2d_3d__ridge,233227757,CYP2D6_pIC50_direct_inhibition,1.0512859459063548,0.5655671487472639,0.0684827795407658,0.2745250892213854,0.1872945602624708
0,2,rdkit2d_3d__ridge,233227757,CYP3A4_pIC50_direct_inhibition,0.561457844339706,0.5745503864171108,0.5292935271164942,0.7266786309076286,0.539923971073313
0,2,rdkit2d_3d__ridge,233227757,MA,0.7956230219899002,0.5665944512625257,0.2910424071403297,0.5182726257960374,0.3687262064969785
0,2,rdkit2d__ridge,233227757,CYP1A2_pIC50_direct_inhibition,0.861586931891117,0.6498799999026835,0.2162696166460223,0.4585761367522095,0.3149744231999309
0,2,rdkit2d__ridge,233227757,CYP2C9_pIC50_direct_inhibition,0.6916909862532159,0.4714703373532808,0.3352473523196635,0.592468997520455,0.4180546967246743
0,2,rdkit2d__ridge,233227757,CYP2D6_pIC50_direct_inhibition,1.0481692349100429,0.5643580578096152,0.0731999929946831,0.2791390463109511,0.1911313848616829
0,2,rdkit2d__ridge,233227757,CYP3A4_pIC50_direct_inhibition,0.5636702022575701,0.5764866663287864,0.5295388792393798,0.7262348104350085,0.5395396051236488
0,2,rdkit2d__ridge,233227757,MA,0.7912793388279864,0.5655487653485914,0.2885639602999372,0.5141047477546561,0.3659250274774843
0,2,rdkit2d_elec__ridge,233227757,CYP1A2_pIC50_direct_inhibition,0.8575463379695528,0.6483209339016588,0.2150990360598534,0.4548483275053832,0.3140859931545604
0,2,rdkit2d_elec__ridge,233227757,CYP2C9_pIC50_direct_inhibition,0.6948411779632363,0.4721266628434232,0.3364484901907363,0.5929195545493096,0.4190796289509039
0,2,rdkit2d_elec__ridge,233227757,CYP2D6_pIC50_direct_inhibition,1.0428040344520535,0.562731320769986,0.0878366691229648,0.2945853917383645,0.2014837805924315
0,2,rdkit2d_elec__ridge,233227757,CYP3A4_pIC50_direct_inhibition,0.5677034492790305,0.5769195441308953,0.5272424293170725,0.7214208245310705,0.5359942944654609
0,2,rdkit2d_elec__ridge,233227757,MA,0.7907237499159683,0.5650246154114908,0.2916566561726568,0.515943524581032,0.3676609242908391
0,2,rdkit2d_new3__ridge,233227757,CYP1A2_pIC50_direct_inhibition,0.8868053946541828,0.6598611038665371,0.2104869430311567,0.4633726277086378,0.3176570971115901
0,2,rdkit2d_new3__ridge,233227757,CYP2C9_pIC50_direct_inhibition,0.6890656478893368,0.4694661110633318,0.3394123202570535,0.5934776742510561,0.4193483966185973
0,2,rdkit2d_new3__ridge,233227757,CYP2D6_pIC50_direct_inhibition,1.050551246123042,0.5656998930368966,0.068897135780701,0.2753689998204454,0.1873385843346331
0,2,rdkit2d_new3__ridge,233227757,CYP3A4_pIC50_direct_inhibition,0.560754224752965,0.574397893812514,0.5313700859579995,0.728713155702198,0.5422502667178761
0,2,rdkit2d_new3__ridge,233227757,MA,0.7967941283548816,0.5673562504448199,0.2875416212567277,0.5152331143705843,0.3666485861956742
0,2,rdkit2d_qm__ridge,233227757,CYP1A2_pIC50_direct_inhibition,0.8574295476718046,0.6465739834684991,0.224428521886641,0.4706131999936541,0.3252122908777064
0,2,rdkit2d_qm__ridge,233227757,CYP2C9_pIC50_direct_inhibition,0.6862508565259645,0.4653872833363292,0.3603133114268284,0.6082672505668065,0.4313251559619224
0,2,rdkit2d_qm__ridge,233227757,CYP2D6_pIC50_direct_inhibition,1.0493351280356882,0.5643666964680915,0.0827972291439313,0.2851493575875301,0.1941927312858442
0,2,rdkit2d_qm__ridge,233227757,CYP3A4_pIC50_direct_inhibition,0.5660044353388295,0.5748278260951765,0.5268567732383808,0.7218815499985352,0.5371122368112902
0,2,rdkit2d_qm__ridge,233227757,MA,0.7897549918930717,0.562788947342024,0.2985989589239454,0.5214778395366314,0.3719606037341907
0,2,rdkit_match18__ridge,233227757,CYP1A2_pIC50_direct_inhibition,0.942461965292042,0.6865686068808592,0.14820777505079,0.4130704744166982,0.2788797832991889
0,2,rdkit_match18__ridge,233227757,CYP2C9_pIC50_direct_inhibition,0.8324268272602113,0.5158802106256374,0.2135391920191734,0.4819046456469721,0.3325012463556897
0,2,rdkit_match18__ridge,233227757,CYP2D6_pIC50_direct_inhibition,0.990046028142892,0.5422100831993167,0.0621309934611821,0.2525152061319002,0.1723409876234766
0,2,rdkit_match18__ridge,233227757,CYP3A4_pIC50_direct_inhibition,0.777769626928383,0.7367626490803554,0.3037820555450773,0.5437258319580629,0.3827891991272573
0,2,rdkit_match18__ridge,233227757,MA,0.885676111905882,0.6203553874465422,0.1819150040190557,0.4228040395384084,0.2916278041014031
0,2,rdkit_match3_elec__ridge,233227757,CYP1A2_pIC50_direct_inhibition,1.014104009417689,0.7278593174821849,0.0184991492576522,0.1849555280337208,0.1243988427184765
0,2,rdkit_match3_elec__ridge,233227757,CYP2C9_pIC50_direct_inhibition,0.9198509188387048,0.5532234234924174,0.1045104692877292,0.317224799189879,0.2171565890366552
0,2,rdkit_match3_elec__ridge,233227757,CYP2D6_pIC50_direct_inhibition,0.9814344939445953,0.5362680663211097,0.0112042977320139,0.1355505613741316,0.0917178897516695
0,2,rdkit_match3_elec__ridge,233227757,CYP3A4_pIC50_direct_inhibition,0.902439210616402,0.8350001689363601,0.098184046214676,0.3163533520880838,0.2140774028305003
0,2,rdkit_match3_elec__ridge,233227757,MA,0.9544571582043476,0.663087744058018,0.0580994906230178,0.2385210601714538,0.1618376810843254
0,2,rdkit_match3_new3__ridge,233227757,CYP1A2_pIC50_direct_inhibition,0.9595035625451058,0.6995875951017757,0.0306859255533028,0.2382238423033204,0.1616825558085899
0,2,rdkit_match3_new3__ridge,233227757,CYP2C9_pIC50_direct_inhibition,0.9841653476264264,0.5683632064592992,0.0096369741841039,0.1361295412498769,0.0924354402042018
0,2,rdkit_match3_new3__ridge,233227757,CYP2D6_pIC50_direct_inhibition,1.0015207623126663,0.5442967140714938,0.0436997910751563,0.2176886638610502,0.1449489182666285
0,2,rdkit_match3_new3__ridge,233227757,CYP3A4_pIC50_direct_inhibition,0.9629781234433,0.8771797029137618,0.0098963393006644,0.1356794682505734,0.0926187893730375
0,2,rdkit_match3_new3__ridge,233227757,MA,0.9770419489818748,0.6723568046365827,0.0234797575283068,0.1819303789162052,0.1229214259131144
0,3,plain_qm,3276785861,CYP1A2_pIC50_direct_inhibition,0.8781181466097059,0.7025977380565357,0.147145431253774,0.4461435253174606,0.308372070907036
0,3,plain_qm,3276785861,CYP2C9_pIC50_direct_inhibition,0.7651467600956662,0.4547851231649372,0.359564270514064,0.6090738401910374,0.4404392621284943
0,3,plain_qm,3276785861,CYP2D6_pIC50_direct_inhibition,0.9569166990053084,0.590908947762757,0.1226663161682885,0.3953844357889006,0.2720806663839049
0,3,plain_qm,3276785861,CYP3A4_pIC50_direct_inhibition,0.6583957305875293,0.5755148179923877,0.4861261136752349,0.7463235513738704,0.5459362983004058
0,3,plain_qm,3276785861,MA,0.8146443340745524,0.5809516567441544,0.2788755329028404,0.5492313381678173,0.3917070744299603
0,3,qm_3d__ridge,3276785861,CYP1A2_pIC50_direct_inhibition,0.9704117194212544,0.7575213355875472,0.0291752123053469,0.2245844155614266,0.1570463017558677
0,3,qm_3d__ridge,3276785861,CYP2C9_pIC50_direct_inhibition,1.0340727337379882,0.567954988119696,0.0015788568743727,0.2073647674812121,0.1373646291066615
0,3,qm_3d__ridge,3276785861,CYP2D6_pIC50_direct_inhibition,1.0125795834706075,0.6200738515227635,-0.0162139382524755,0.0478800548152746,0.0334259585932814
0,3,qm_3d__ridge,3276785861,CYP3A4_pIC50_direct_inhibition,0.973193997268729,0.8091147174517449,0.0683509904222943,0.2631748656220746,0.1789702559304646
0,3,qm_3d__ridge,3276785861,MA,0.9975645084746448,0.688666223170438,0.0207227803373845,0.185751025869997,0.1267017863465688
0,3,qm_dft3__ridge,3276785861,CYP1A2_pIC50_direct_inhibition,0.9773482791928966,0.7616747045630189,-0.0113709790794258,0.0885544863773138,0.0627938321238917
0,3,qm_dft3__ridge,3276785861,CYP2C9_pIC50_direct_inhibition,1.0888389959371367,0.584512378683807,-0.0483693488134319,0.1235462687028513,0.0898027072790475
0,3,qm_dft3__ridge,3276785861,CYP2D6_pIC50_direct_inhibition,1.0357419169348756,0.6282941495941864,-0.0206135131598412,-0.0259069137115859,-0.0162068129807979
0,3,qm_dft3__ridge,3276785861,CYP3A4_pIC50_direct_inhibition,0.9974107019960184,0.8267895542899973,0.0162339379295634,0.1321414928600244,0.0883062244877022
0,3,qm_dft3__ridge,3276785861,MA,1.024834973515232,0.7003176967827524,-0.0160299757807839,0.0795838335571509,0.0561739877274608
0,3,qm_elec__ridge,3276785861,CYP1A2_pIC50_direct_inhibition,0.995676348134485,0.7657023776746467,-0.019463573719051,0.1482009412752929,0.1019985571450816
0,3,qm_elec__ridge,3276785861,CYP2C9_pIC50_direct_inhibition,1.0296506781377834,0.5615312455897284,0.000562148300368,0.2555365784947477,0.1752010405007131
0,3,qm_elec__ridge,3276785861,CYP2D6_pIC50_direct_inhibition,0.9733388454675282,0.6031645825957391,0.0601118148438351,0.2710018572849229,0.1831322066481967
0,3,qm_elec__ridge,3276785861,CYP3A4_pIC50_direct_inhibition,0.9905316315951008,0.8167239327654633,0.0253824128697293,0.1701397031140067,0.1127891329445959
0,3,qm_elec__ridge,3276785861,MA,0.9972993758337244,0.6867805346563943,0.0166482005737203,0.2112197700422425,0.1432802343096468
0,3,qm_full__lightgbm,3276785861,CYP1A2_pIC50_direct_inhibition,0.9598882136293664,0.7520322599813024,0.0126272798824746,0.1269983555942321,0.0882027824674818
0,3,qm_full__lightgbm,3276785861,CYP2C9_pIC50_direct_inhibition,1.0213541802563657,0.5613828894290441,0.0329013204746429,0.269247472342268,0.1851024556602067
0,3,qm_full__lightgbm,3276785861,CYP2D6_pIC50_direct_inhibition,1.0033423814355258,0.6142361430599567,-0.0080186631916292,0.1568838861946341,0.1072410508799771
0,3,qm_full__lightgbm,3276785861,CYP3A4_pIC50_direct_inhibition,0.9388980011768984,0.7903667911978652,0.09628768835127,0.3251264039936072,0.2195899688533079
0,3,qm_full__lightgbm,3276785861,MA,0.9808706941245392,0.679504520917042,0.0334494063791895,0.2195640295311854,0.1500340644652434
0,3,qm_full__rf,3276785861,CYP1A2_pIC50_direct_inhibition,0.9905142248307216,0.7602754725190705,-0.0004703336985922,0.2455109734417508,0.1711711958335889
0,3,qm_full__rf,3276785861,CYP2C9_pIC50_direct_inhibition,1.0503290787218498,0.5657175022790641,0.0019859552940644,0.2185297189556493,0.1505883128401269
0,3,qm_full__rf,3276785861,CYP2D6_pIC50_direct_inhibition,1.0292055629689154,0.6234048455912676,0.0445555527241155,0.2363254445682619,0.1565336243252768
0,3,qm_full__rf,3276785861,CYP3A4_pIC50_direct_inhibition,0.9802141562520796,0.8035183859369998,0.0734452924416721,0.3112498383861667,0.2108660772995673
0,3,qm_full__rf,3276785861,MA,1.0125657556933916,0.6882290515816005,0.0298791166903149,0.2529039938379572,0.17228980257464
0,3,qm_full__ridge,3276785861,CYP1A2_pIC50_direct_inhibition,0.9855249519040012,0.7608204329817931,0.0155870537527063,0.2038740936200359,0.1395987111984352
0,3,qm_full__ridge,3276785861,CYP2C9_pIC50_direct_inhibition,1.0126308585048966,0.5540891054317983,0.0497194295703505,0.2981599208833488,0.2007840784204449
0,3,qm_full__ridge,3276785861,CYP2D6_pIC50_direct_inhibition,0.966577255729982,0.6005159758387753,0.062482215947055,0.2759166659285283,0.186666986376815
0,3,qm_full__ridge,3276785861,CYP3A4_pIC50_direct_inhibition,0.9568662046697064,0.7963747721674092,0.0965810805692439,0.3104283234195703,0.2097251747319321
0,3,qm_full__ridge,3276785861,MA,0.9803998177021463,0.677950071604944,0.0560924449598389,0.2720947509628708,0.1841937376819068
0,3,qm_full__xgboost,3276785861,CYP1A2_pIC50_direct_inhibition,0.9584811249625786,0.7499164358915541,0.0342280047646687,0.2218363126904445,0.1563403811791767
0,3,qm_full__xgboost,3276785861,CYP2C9_pIC50_direct_inhibition,1.0314389754418103,0.5612346091004154,0.0279275351606939,0.1636028634669145,0.1118445020579994
0,3,qm_full__xgboost,3276785861,CYP2D6_pIC50_direct_inhibition,1.0236310093573506,0.623135403391136,-0.0073647371387698,0.1387760027229152,0.0977658741578943
0,3,qm_full__xgboost,3276785861,CYP3A4_pIC50_direct_inhibition,0.9746926534193556,0.8031101688499569,0.0682429147834024,0.2982530707747644,0.2002635069280348
0,3,qm_full__xgboost,3276785861,MA,0.997060940795274,0.6843491543082656,0.0307584293924987,0.2056170624137596,0.1415535660807763
0,3,qm_full_hmin__ridge,3276785861,CYP1A2_pIC50_direct_inhibition,0.9646665787662646,0.7468264448322054,0.0381748563226424,0.2770106507202318,0.1894024399868767
0,3,qm_full_hmin__ridge,3276785861,CYP2C9_pIC50_direct_inhibition,1.0080820168126263,0.5488660574613614,0.0564661183651529,0.3157089428311096,0.2084794974593882
0,3,qm_full_hmin__ridge,3276785861,CYP2D6_pIC50_direct_inhibition,0.9466593968299722,0.5907510241137403,0.0730100003552183,0.2855168215084676,0.1938727453402789
0,3,qm_full_hmin__ridge,3276785861,CYP3A4_pIC50_direct_inhibition,0.9353444324576756,0.7841454505020837,0.112129746053895,0.3427992283305469,0.2335783108993655
0,3,qm_full_hmin__ridge,3276785861,MA,0.9636881062166348,0.6676472442273477,0.0699451802742271,0.305258910847589,0.2063332484214773
0,3,qm_gfn23__ridge,3276785861,CYP1A2_pIC50_direct_inhibition,0.99380510943739,0.7710447075664718,-0.0139945638186943,0.0820301559307363,0.056873604666722
0,3,qm_gfn23__ridge,3276785861,CYP2C9_pIC50_direct_inhibition,1.082762732695521,0.5833659549971103,-0.0253160829182534,0.146971866219235,0.1000168025304193
0,3,qm_gfn23__ridge,3276785861,CYP2D6_pIC50_direct_inhibition,0.98383534700143,0.6048123782657021,0.0243053306972004,0.2212575588195688,0.1495168576745852
0,3,qm_gfn23__ridge,3276785861,CYP3A4_pIC50_direct_inhibition,1.002749241139882,0.831234939867325,0.0060474299462371,0.1034253745315689,0.0690989260217864
0,3,qm_gfn23__ridge,3276785861,MA,1.0157881075685558,0.6976144951741523,-0.0022394715233775,0.1384212388752773,0.0938765477233782
0,3,qm_new3__ridge,3276785861,CYP1A2_pIC50_direct_inhibition,0.978668463718227,0.7661534691116706,0.0098907703537902,0.1606191825332193,0.1106549081574946
0,3,qm_new3__ridge,3276785861,CYP2C9_pIC50_direct_inhibition,1.086688965911974,0.585249136083239,-0.0484284116839619,-0.0110569789311347,-0.0072112796800412
0,3,qm_new3__ridge,3276785861,CYP2D6_pIC50_direct_inhibition,1.016525660717452,0.6204278817492586,-0.0211494938027009,0.0309450107124591,0.019794966916701
0,3,qm_new3__ridge,3276785861,CYP3A4_pIC50_direct_inhibition,1.0059731115766155,0.8322637751363673,0.0014132464876285,0.0610368108349556,0.0415085152125205
0,3,qm_new3__ridge,3276785861,MA,1.0219640504810672,0.7010235655201339,-0.014568472161311,0.0603860062873748,0.0411867776516687
0,3,rdkit2d_3d__ridge,3276785861,CYP1A2_pIC50_direct_inhibition,0.8385450998329669,0.6806368016870809,0.21153041053568,0.4991905722468668,0.3463751456354448
0,3,rdkit2d_3d__ridge,3276785861,CYP2C9_pIC50_direct_inhibition,0.7599794870355466,0.4721913249643321,0.3231275759163858,0.5649482354073643,0.403489423547524
0,3,rdkit2d_3d__ridge,3276785861,CYP2D6_pIC50_direct_inhibition,0.933651414088452,0.5785756949474055,0.1445437724884395,0.3704939853830252,0.2539783988262294
0,3,rdkit2d_3d__ridge,3276785861,CYP3A4_pIC50_direct_inhibition,0.6506892202276967,0.5737342491525594,0.4735385788635304,0.718015420183779,0.5215988839347183
0,3,rdkit2d_3d__ridge,3276785861,MA,0.7957163052961657,0.5762845176878445,0.2881850844510089,0.5381620533052588,0.3813604629859791
0,3,rdkit2d__ridge,3276785861,CYP1A2_pIC50_direct_inhibition,0.8470957777824001,0.6854693699528926,0.2037663942314092,0.4877149768825359,0.3376280422058791
0,3,rdkit2d__ridge,3276785861,CYP2C9_pIC50_direct_inhibition,0.7624282903836063,0.4721997346543375,0.321427466604464,0.5621569832722777,0.4004886801685279
0,3,rdkit2d__ridge,3276785861,CYP2D6_pIC50_direct_inhibition,0.9422584980286638,0.5827883918887179,0.1355378839060596,0.3637725171616832,0.2491002700034087
0,3,rdkit2d__ridge,3276785861,CYP3A4_pIC50_direct_inhibition,0.6520576970005366,0.5739080849844623,0.4734999837561498,0.717216087350607,0.520798767067572
0,3,rdkit2d__ridge,3276785861,MA,0.8009600657988016,0.5785913953701026,0.2835579321245207,0.532715141166776,0.3770039398613469
0,3,rdkit2d_elec__ridge,3276785861,CYP1A2_pIC50_direct_inhibition,0.8503957101197409,0.6873525779644335,0.1958366702284089,0.4733125306758757,0.3268881766766883
0,3,rdkit2d_elec__ridge,3276785861,CYP2C9_pIC50_direct_inhibition,0.7689094925809775,0.4741793358467093,0.3193914212881866,0.5617910306534074,0.4004161346168254
0,3,rdkit2d_elec__ridge,3276785861,CYP2D6_pIC50_direct_inhibition,0.9439940930424592,0.5833552866218727,0.1474257239368192,0.3826278103752502,0.2622644304589883
0,3,rdkit2d_elec__ridge,3276785861,CYP3A4_pIC50_direct_inhibition,0.651001091240725,0.5733033332116688,0.4731976520985838,0.7157558733992005,0.5215611031285708
0,3,rdkit2d_elec__ridge,3276785861,MA,0.8035750967459756,0.5795476334111711,0.2839628668879996,0.5333718112759335,0.3777824612202682
0,3,rdkit2d_new3__ridge,3276785861,CYP1A2_pIC50_direct_inhibition,0.8387482208358721,0.6810087056248876,0.2113612669336062,0.4951052174074351,0.3443010432969944
0,3,rdkit2d_new3__ridge,3276785861,CYP2C9_pIC50_direct_inhibition,0.7648678543282984,0.4734521813472512,0.3192933115780865,0.5590559092388036,0.399216488716836
0,3,rdkit2d_new3__ridge,3276785861,CYP2D6_pIC50_direct_inhibition,0.934048543985736,0.57892911507063,0.1434822289180746,0.3703508678537828,0.2536718820625341
0,3,rdkit2d_new3__ridge,3276785861,CYP3A4_pIC50_direct_inhibition,0.6515890067128738,0.5737114298942649,0.4740470231558109,0.7170318177977429,0.5208787480446322
0,3,rdkit2d_new3__ridge,3276785861,MA,0.7973134064656952,0.5767753579842585,0.2870459576463945,0.5353859530744411,0.3795170405302492
0,3,rdkit2d_qm__ridge,3276785861,CYP1A2_pIC50_direct_inhibition,0.8414332508961755,0.6819078412877346,0.2035924226405755,0.4866769079777374,0.3364620136610832
0,3,rdkit2d_qm__ridge,3276785861,CYP2C9_pIC50_direct_inhibition,0.7629593434066859,0.4732274757173172,0.3245324366380908,0.5671454635018671,0.4042597333363671
0,3,rdkit2d_qm__ridge,3276785861,CYP2D6_pIC50_direct_inhibition,0.9368685877510652,0.5806514039194197,0.1556317134745586,0.3886842673865198,0.266302133017072
0,3,rdkit2d_qm__ridge,3276785861,CYP3A4_pIC50_direct_inhibition,0.6510624608503823,0.574638281427996,0.4726636606774008,0.7148035533929745,0.5203638887671069
0,3,rdkit2d_qm__ridge,3276785861,MA,0.7980809107260772,0.577606250588117,0.2891050583576564,0.5393275480647747,0.3818469421954073
0,3,rdkit_match18__ridge,3276785861,CYP1A2_pIC50_direct_inhibition,0.9224686410547862,0.7257782542191147,0.1261666348100858,0.3762435855069048,0.2563415619830871
0,3,rdkit_match18__ridge,3276785861,CYP2C9_pIC50_direct_inhibition,0.8773681402913713,0.506751978345173,0.2499347928966822,0.4820192797378976,0.3420805211996087
0,3,rdkit_match18__ridge,3276785861,CYP2D6_pIC50_direct_inhibition,1.0065476373784097,0.6138542780238204,0.042415030160489,0.2104790622446149,0.1410844455015251
0,3,rdkit_match18__ridge,3276785861,CYP3A4_pIC50_direct_inhibition,0.7707431644119659,0.6691960378507164,0.3252975322793288,0.5873492059089402,0.4109920868521805
0,3,rdkit_match18__ridge,3276785861,MA,0.8942818957841332,0.6288951371097062,0.1859534975366465,0.4140227833495894,0.2876246538841003
0,3,rdkit_match3_elec__ridge,3276785861,CYP1A2_pIC50_direct_inhibition,0.924782919246455,0.7329218901020004,0.0759252705042869,0.2995542087362028,0.2077444737175676
0,3,rdkit_match3_elec__ridge,3276785861,CYP2C9_pIC50_direct_inhibition,0.9806850481304056,0.5419990440013276,0.1020552785705962,0.3831033027025921,0.2661316275282537
0,3,rdkit_match3_elec__ridge,3276785861,CYP2D6_pIC50_direct_inhibition,1.0256406625435717,0.6231558839836538,0.0109973912677718,0.0996377785513598,0.0663882424485151
0,3,rdkit_match3_elec__ridge,3276785861,CYP3A4_pIC50_direct_inhibition,0.9653962828204736,0.7947830546811915,0.0806917631999592,0.3302897409212534,0.2224510606365817
0,3,rdkit_match3_elec__ridge,3276785861,MA,0.9741262281852264,0.6732149681920433,0.0674174258856535,0.278146257727852,0.1906788510827295
0,3,rdkit_match3_new3__ridge,3276785861,CYP1A2_pIC50_direct_inhibition,0.9732856894865812,0.7578007248167112,0.0163330993639351,0.1458994381533812,0.0965106495509318
0,3,rdkit_match3_new3__ridge,3276785861,CYP2C9_pIC50_direct_inhibition,1.0655214021368271,0.5842994361904947,-0.0287576997614577,0.1222702729835916,0.0807112125003556
0,3,rdkit_match3_new3__ridge,3276785861,CYP2D6_pIC50_direct_inhibition,1.0259196303968368,0.6207823354056464,0.0211244149848208,0.1850075328513832,0.1238896149659951
0,3,rdkit_match3_new3__ridge,3276785861,CYP3A4_pIC50_direct_inhibition,0.9841795965127892,0.8188911810212147,0.006364042288757,0.154846687032734,0.1083881170068789
0,3,rdkit_match3_new3__ridge,3276785861,MA,1.0122265796332586,0.6954434193585167,0.0037659642190138,0.1520059827552725,0.1023748985060404
0,4,plain_qm,3644269654,CYP1A2_pIC50_direct_inhibition,0.8633312962807347,0.7223072488246716,0.2096883835341257,0.4876183950673385,0.3416969931953013
0,4,plain_qm,3644269654,CYP2C9_pIC50_direct_inhibition,0.6718914444866821,0.4572059424586441,0.4038977769592831,0.6356024715580681,0.4642499353752333
0,4,plain_qm,3644269654,CYP2D6_pIC50_direct_inhibition,0.9139540747145062,0.6224540085168959,0.2009483944697898,0.4631208528579548,0.3196894810339956
0,4,plain_qm,3644269654,CYP3A4_pIC50_direct_inhibition,0.5827040379270763,0.571990648062242,0.5338824946410539,0.7237950676608674,0.5388151512590902
0,4,plain_qm,3644269654,MA,0.7579702133522499,0.5934894619656134,0.3371042624010631,0.5775341967860572,0.4161128902159051
0,4,qm_3d__ridge,3644269654,CYP1A2_pIC50_direct_inhibition,0.9921959630939128,0.8013698569999047,0.0227673026867127,0.2056757439002113,0.1400310980379681
0,4,qm_3d__ridge,3644269654,CYP2C9_pIC50_direct_inhibition,1.0180358395999238,0.5932052896912828,0.0347099783617481,0.1956132702862276,0.1317986111184279
0,4,qm_3d__ridge,3644269654,CYP2D6_pIC50_direct_inhibition,1.00009075128112,0.672854698158861,0.0001542087277268,0.0536113970142937,0.03422026310049
0,4,qm_3d__ridge,3644269654,CYP3A4_pIC50_direct_inhibition,0.9435000980980428,0.8474956786731448,0.082325444833088,0.3115617458602565,0.2105070766371168
0,4,qm_3d__ridge,3644269654,MA,0.9884556630182498,0.7287313808807984,0.0349892336523189,0.1916155392652472,0.1291392622235007
0,4,qm_dft3__ridge,3644269654,CYP1A2_pIC50_direct_inhibition,1.0118944279750626,0.8161155197353497,0.0067134774294451,0.1757429155571255,0.1184563725133052
0,4,qm_dft3__ridge,3644269654,CYP2C9_pIC50_direct_inhibition,0.9809943169069284,0.587814235301161,0.0309162627863395,0.1883702343063741,0.1232007037205523
0,4,qm_dft3__ridge,3644269654,CYP2D6_pIC50_direct_inhibition,0.99441443327694,0.6708048176921216,0.004201189852028,0.0804612672511356,0.052118134238665
0,4,qm_dft3__ridge,3644269654,CYP3A4_pIC50_direct_inhibition,0.9864311179870155,0.8763430480559544,0.0277959084673659,0.2217226282695392,0.1478819397258539
0,4,qm_dft3__ridge,3644269654,MA,0.9934335740364866,0.7377694051961466,0.0174067096337946,0.1665742613460436,0.1104142875495941
0,4,qm_elec__ridge,3644269654,CYP1A2_pIC50_direct_inhibition,0.996492763490744,0.8046335757269292,0.0229640166768229,0.2227792556496767,0.1521312853724944
0,4,qm_elec__ridge,3644269654,CYP2C9_pIC50_direct_inhibition,1.0104057690385166,0.5919641463116101,0.0340153471147219,0.2539860056488566,0.1732474580381754
0,4,qm_elec__ridge,3644269654,CYP2D6_pIC50_direct_inhibition,0.9595951805071318,0.6535891973869228,0.0790791187073266,0.2697769729277789,0.1818045496123187
0,4,qm_elec__ridge,3644269654,CYP3A4_pIC50_direct_inhibition,0.9560767669744124,0.8506996872501715,0.0830487420648998,0.2984658204913343,0.2047295365323398
0,4,qm_elec__ridge,3644269654,MA,0.9806426200027012,0.7252216516689084,0.0547768061409428,0.2612520136794117,0.1779782073888321
0,4,qm_full__lightgbm,3644269654,CYP1A2_pIC50_direct_inhibition,1.0072476948918816,0.8106383470121049,0.0168692847125028,0.2105040981864767,0.1422968661218581
0,4,qm_full__lightgbm,3644269654,CYP2C9_pIC50_direct_inhibition,0.961190548963764,0.5757858820255559,0.1046865044875782,0.2882196194599491,0.1969330703363863
0,4,qm_full__lightgbm,3644269654,CYP2D6_pIC50_direct_inhibition,0.9984288837104608,0.6712267503897936,0.022443639904468,0.1830483948660213,0.124713501609059
0,4,qm_full__lightgbm,3644269654,CYP3A4_pIC50_direct_inhibition,0.947471409863562,0.8407788250094829,0.0871391001849781,0.3214111825146338,0.2193875730390624
0,4,qm_full__lightgbm,3644269654,MA,0.978584634357417,0.7246074511092344,0.0577846323223818,0.2507958237567703,0.1708327527765915
0,4,qm_full__rf,3644269654,CYP1A2_pIC50_direct_inhibition,1.0503031950405362,0.837586453762414,-0.0354000048273003,0.1827462725376886,0.1237221674247855
0,4,qm_full__rf,3644269654,CYP2C9_pIC50_direct_inhibition,1.0214302218027946,0.5948764706848122,0.0610401051983142,0.3051706182578084,0.2106099378467166
0,4,qm_full__rf,3644269654,CYP2D6_pIC50_direct_inhibition,1.0116043533712469,0.6725990510685463,0.0415315690212867,0.2389718444492305,0.1623922155749519
0,4,qm_full__rf,3644269654,CYP3A4_pIC50_direct_inhibition,0.9352655842178672,0.8279262377685842,0.0993452058349552,0.3358446158753183,0.2302469435084015
0,4,qm_full__rf,3644269654,MA,1.0046508386081112,0.7332470533210892,0.0416292188068139,0.2656833377800114,0.1817428160887139
0,4,qm_full__ridge,3644269654,CYP1A2_pIC50_direct_inhibition,0.983416755179754,0.7929194916539787,0.0431303142998262,0.2636279192965696,0.1801987261346721
0,4,qm_full__ridge,3644269654,CYP2C9_pIC50_direct_inhibition,0.9862201755958068,0.5861853985585792,0.0738859046750123,0.2906930500928887,0.2004351289388473
0,4,qm_full__ridge,3644269654,CYP2D6_pIC50_direct_inhibition,0.9571120183412172,0.6532966436446058,0.0790918885072134,0.2685081263397243,0.1833617320766511
0,4,qm_full__ridge,3644269654,CYP3A4_pIC50_direct_inhibition,0.908507014502417,0.816631696594687,0.1297756691500101,0.3835102189699856,0.2645481506539723
0,4,qm_full__ridge,3644269654,MA,0.9588139909047988,0.7122583076129626,0.0814709441580155,0.301584828674792,0.2071359344510357
0,4,qm_full__xgboost,3644269654,CYP1A2_pIC50_direct_inhibition,0.99013795462682,0.8033698437859025,0.0198996677379952,0.1971376031477957,0.1390419646641523
0,4,qm_full__xgboost,3644269654,CYP2C9_pIC50_direct_inhibition,1.042478174606503,0.6026047329842733,0.0249564428934092,0.2166932172242581,0.1474492950258777
0,4,qm_full__xgboost,3644269654,CYP2D6_pIC50_direct_inhibition,0.9943347137165776,0.670690301059196,0.0151124528676544,0.1328097631809919,0.0972178365132304
0,4,qm_full__xgboost,3644269654,CYP3A4_pIC50_direct_inhibition,0.9453990611608027,0.845232888632137,0.0648767878537033,0.2936269695014705,0.1985711482762672
0,4,qm_full__xgboost,3644269654,MA,0.993087476027676,0.7304744416153772,0.0312113378381905,0.2100668882636291,0.1455700611198819
0,4,qm_full_hmin__ridge,3644269654,CYP1A2_pIC50_direct_inhibition,0.9500759819346988,0.7737693950347704,0.076692084807222,0.3172542282127298,0.2170021717575448
0,4,qm_full_hmin__ridge,3644269654,CYP2C9_pIC50_direct_inhibition,0.991020432983754,0.5844594295471178,0.0743762622289496,0.3113014442662917,0.2149718769866261
0,4,qm_full_hmin__ridge,3644269654,CYP2D6_pIC50_direct_inhibition,0.9368342375243472,0.6433644099718346,0.0979482153971534,0.3231759331192902,0.2202455922304197
0,4,qm_full_hmin__ridge,3644269654,CYP3A4_pIC50_direct_inhibition,0.8982113898941751,0.8045252013812265,0.1494888138522547,0.4226877392708749,0.2919984079080244
0,4,qm_full_hmin__ridge,3644269654,MA,0.9440355105842436,0.7015296089837374,0.0996263440713949,0.3436048362172967,0.2360545122206537
0,4,qm_gfn23__ridge,3644269654,CYP1A2_pIC50_direct_inhibition,1.0126955531096204,0.8171019444879576,0.0046852767912613,0.1580939571122414,0.1065196380356134
0,4,qm_gfn23__ridge,3644269654,CYP2C9_pIC50_direct_inhibition,0.9863696465444785,0.5873322604117709,0.028211202861078,0.1986374604212964,0.1318483336483057
0,4,qm_gfn23__ridge,3644269654,CYP2D6_pIC50_direct_inhibition,0.956194152772991,0.6526116876785694,0.0514104399342601,0.280319066878827,0.1885583261346538
0,4,qm_gfn23__ridge,3644269654,CYP3A4_pIC50_direct_inhibition,1.0059196538072517,0.8902992824962391,0.0038573592770055,0.1319225877549995,0.0861443188212593
0,4,qm_gfn23__ridge,3644269654,MA,0.9902947515585854,0.7368362937686342,0.0220410697159012,0.1922432680418411,0.128267654159958
0,4,qm_new3__ridge,3644269654,CYP1A2_pIC50_direct_inhibition,0.9976526765956172,0.8087220654845358,0.0159249534356071,0.1664816291252097,0.111453212811033
0,4,qm_new3__ridge,3644269654,CYP2C9_pIC50_direct_inhibition,1.0268698373748502,0.6001248278461059,-0.0099914951661127,-0.0697607865366466,-0.0457661002936835
0,4,qm_new3__ridge,3644269654,CYP2D6_pIC50_direct_inhibition,0.9964606458819948,0.6721210300809437,0.0027060750959568,0.1112950494722934,0.0740140864414956
0,4,qm_new3__ridge,3644269654,CYP3A4_pIC50_direct_inhibition,1.0172052826647664,0.8956168547688874,-0.0051533792331512,0.0100428746897202,0.0067165067284952
0,4,qm_new3__ridge,3644269654,MA,1.009547110629307,0.7441461945451182,0.0008715385330749,0.0545146916876442,0.036604426421835
0,4,rdkit2d_3d__ridge,3644269654,CYP1A2_pIC50_direct_inhibition,0.8971697545732568,0.7462054832502807,0.1389363940169095,0.417595956773886,0.290859622052783
0,4,rdkit2d_3d__ridge,3644269654,CYP2C9_pIC50_direct_inhibition,0.6936759556961923,0.4592844161903134,0.3719866433811261,0.5904049996922892,0.4302279437180107
0,4,rdkit2d_3d__ridge,3644269654,CYP2D6_pIC50_direct_inhibition,0.909945182417251,0.626329290978227,0.1352206589205671,0.3915603029197255,0.265891655707151
0,4,rdkit2d_3d__ridge,3644269654,CYP3A4_pIC50_direct_inhibition,0.6430466852731,0.61100945382491,0.4849011411382143,0.6968752306777818,0.5090902457121017
0,4,rdkit2d_3d__ridge,3644269654,MA,0.78595939448995,0.6107071610609328,0.2827612093642043,0.5241091225159206,0.3740173667975117
0,4,rdkit2d__ridge,3644269654,CYP1A2_pIC50_direct_inhibition,0.9062012955993012,0.7504075916071052,0.1281481782759381,0.4052980074770411,0.2856478572039739
0,4,rdkit2d__ridge,3644269654,CYP2C9_pIC50_direct_inhibition,0.696338169061945,0.4588309411953867,0.369088593947094,0.5902760933432218,0.4304082829611015
0,4,rdkit2d__ridge,3644269654,CYP2D6_pIC50_direct_inhibition,0.9076256863893042,0.6253892677711927,0.1349216829711413,0.3875963911422523,0.264854405208217
0,4,rdkit2d__ridge,3644269654,CYP3A4_pIC50_direct_inhibition,0.6414915167584103,0.6100360197238561,0.4842688490367282,0.6955709524801383,0.5078864408840079
0,4,rdkit2d__ridge,3644269654,MA,0.7879141669522401,0.6111659550743852,0.2791068260577254,0.5196853611106634,0.3721992465643251
0,4,rdkit2d_elec__ridge,3644269654,CYP1A2_pIC50_direct_inhibition,0.883768895843732,0.7403562074911115,0.1486423122271866,0.413748818491356,0.2899881356682353
0,4,rdkit2d_elec__ridge,3644269654,CYP2C9_pIC50_direct_inhibition,0.6942784195621743,0.4567022556695548,0.3724592055148041,0.5898688360912002,0.4302912188097821
0,4,rdkit2d_elec__ridge,3644269654,CYP2D6_pIC50_direct_inhibition,0.9056334526822506,0.6252055488225061,0.1477601516577623,0.3924558365830332,0.2668792424011438
0,4,rdkit2d_elec__ridge,3644269654,CYP3A4_pIC50_direct_inhibition,0.6436642273486619,0.6087671174013402,0.4869418827762847,0.6981750194609306,0.5102566636743083
0,4,rdkit2d_elec__ridge,3644269654,MA,0.7818362488592047,0.6077577823461281,0.2889508880440094,0.5235621276566301,0.3743538151383674
0,4,rdkit2d_new3__ridge,3644269654,CYP1A2_pIC50_direct_inhibition,0.8957393294703877,0.7455917805122705,0.139946544943727,0.4183198645268907,0.2908517778740331
0,4,rdkit2d_new3__ridge,3644269654,CYP2C9_pIC50_direct_inhibition,0.7031394584658353,0.4636600171042065,0.3626627244615681,0.5808418842118216,0.421539877447142
0,4,rdkit2d_new3__ridge,3644269654,CYP2D6_pIC50_direct_inhibition,0.9070608884363974,0.6246452379277746,0.1371926777787247,0.3900829872053933,0.2648804070926943
0,4,rdkit2d_new3__ridge,3644269654,CYP3A4_pIC50_direct_inhibition,0.644225486836537,0.6118544391029608,0.483995111799521,0.6957458360773252,0.5085196519315068
0,4,rdkit2d_new3__ridge,3644269654,MA,0.7875412908022894,0.6114378686618032,0.2809492647458852,0.5212476430053576,0.371447928586344
0,4,rdkit2d_qm__ridge,3644269654,CYP1A2_pIC50_direct_inhibition,0.8749863791059564,0.7371016037636943,0.1571286071605339,0.4202827343898913,0.2935484425814222
0,4,rdkit2d_qm__ridge,3644269654,CYP2C9_pIC50_direct_inhibition,0.6928429710758636,0.4581811757700586,0.3758330693877916,0.5918926087275587,0.4309283910154982
0,4,rdkit2d_qm__ridge,3644269654,CYP2D6_pIC50_direct_inhibition,0.9074713802538746,0.6273046912283294,0.1478077051891844,0.3923034460535483,0.2665016172441345
0,4,rdkit2d_qm__ridge,3644269654,CYP3A4_pIC50_direct_inhibition,0.6462664095676175,0.6102704437170021,0.4871572919048174,0.6992056719784218,0.5112032655264336
0,4,rdkit2d_qm__ridge,3644269654,MA,0.780391785000828,0.6082144786197711,0.2919816684105819,0.5259211152873551,0.3755454290918721
0,4,rdkit_match18__ridge,3644269654,CYP1A2_pIC50_direct_inhibition,0.9283460874848488,0.763823232360209,0.1258430491706822,0.3881836673653967,0.2695808739622835
0,4,rdkit_match18__ridge,3644269654,CYP2C9_pIC50_direct_inhibition,0.8597530404048687,0.5361994994458529,0.1997658903627461,0.4598533749007215,0.3230465259736588
0,4,rdkit_match18__ridge,3644269654,CYP2D6_pIC50_direct_inhibition,0.970592451575656,0.6580784663270433,0.0674497895086514,0.2552799381037865,0.1731372409139894
0,4,rdkit_match18__ridge,3644269654,CYP3A4_pIC50_direct_inhibition,0.7972005341686708,0.7199521533012867,0.2831583213010498,0.556798363920643,0.3939835909699868
0,4,rdkit_match18__ridge,3644269654,MA,0.888973028408511,0.669513337858598,0.1690542625857824,0.4150288360726369,0.2899370579549796
0,4,rdkit_match3_elec__ridge,3644269654,CYP1A2_pIC50_direct_inhibition,0.9577753695499844,0.7909660792812508,0.0762180820077123,0.3122689435797614,0.2128307416563157
0,4,rdkit_match3_elec__ridge,3644269654,CYP2C9_pIC50_direct_inhibition,0.8939780817622408,0.5545921802436868,0.1504566084130984,0.3962255154227408,0.277148649747826
0,4,rdkit_match3_elec__ridge,3644269654,CYP2D6_pIC50_direct_inhibition,0.9888102633899568,0.6655198953575022,0.0254330240036663,0.1440392329660622,0.0955628057612634
0,4,rdkit_match3_elec__ridge,3644269654,CYP3A4_pIC50_direct_inhibition,0.9184974956464244,0.8264436408438786,0.1472967456910124,0.3892950811085382,0.2648816174214987
0,4,rdkit_match3_elec__ridge,3644269654,MA,0.9397653025871516,0.7093804489315796,0.0998511150288723,0.3104571932692757,0.2126059536467259
0,4,rdkit_match3_new3__ridge,3644269654,CYP1A2_pIC50_direct_inhibition,0.989692498879334,0.7981194983314582,0.0104918113195058,0.1918212679640509,0.1265425171852569
0,4,rdkit_match3_new3__ridge,3644269654,CYP2C9_pIC50_direct_inhibition,1.005613482647532,0.5812713506113458,0.0297000142614611,0.1911566681108013,0.1299345745222928
0,4,rdkit_match3_new3__ridge,3644269654,CYP2D6_pIC50_direct_inhibition,0.9696560257163396,0.6573160158354536,0.0497379255717157,0.2420475552197536,0.1626419373892414
0,4,rdkit_match3_new3__ridge,3644269654,CYP3A4_pIC50_direct_inhibition,0.9724771651400969,0.8679639705219034,0.0408121410581569,0.2223892622512661,0.1471537343226088
0,4,rdkit_match3_new3__ridge,3644269654,MA,0.9843597930958256,0.7261677088250402,0.0326854730527099,0.211853688386468,0.14156819085485
1,0,plain_qm,1206282609,CYP1A2_pIC50_direct_inhibition,0.9526956093096484,0.6771125806273394,0.2026600793895279,0.519942114169924,0.3614196711903305
1,0,plain_qm,1206282609,CYP2C9_pIC50_direct_inhibition,0.6969030283777096,0.4759223016415869,0.3573498122730971,0.6380377161592892,0.4600949610864218
1,0,plain_qm,1206282609,CYP2D6_pIC50_direct_inhibition,0.9648423502837096,0.6903368476055,0.1159472462853225,0.4703952336437888,0.3271512161307545
1,0,plain_qm,1206282609,CYP3A4_pIC50_direct_inhibition,0.4999170849193641,0.5404235700653649,0.5470757723461772,0.7631495845753724,0.5797919274012946
1,0,plain_qm,1206282609,MA,0.7785895182226079,0.5959488249849478,0.3057582275735312,0.5978811621370936,0.4321144439522003
1,0,qm_3d__ridge,1206282609,CYP1A2_pIC50_direct_inhibition,1.0082136998863491,0.7193808825974998,0.0331639100703016,0.2008528115335402,0.1377868337821213
1,0,qm_3d__ridge,1206282609,CYP2C9_pIC50_direct_inhibition,1.013896556454444,0.6140831549284831,0.0064597431286343,0.1708077920726367,0.1153493064017724
1,0,qm_3d__ridge,1206282609,CYP2D6_pIC50_direct_inhibition,1.0002821913011817,0.7076255008271075,0.0008336938972532,0.0337158010436516,0.0214549960032993
1,0,qm_3d__ridge,1206282609,CYP3A4_pIC50_direct_inhibition,0.9207362630106825,0.8457853991465601,0.0801983130056144,0.3043600680205081,0.2069406840222885
1,0,qm_3d__ridge,1206282609,MA,0.9857821776631644,0.7217187343749126,0.0301639150254509,0.1774341181675841,0.1203829550523704
1,0,qm_dft3__ridge,1206282609,CYP1A2_pIC50_direct_inhibition,1.0261285957765354,0.7220269897916541,0.003681502434606,0.1663216546698765,0.1143901959852891
1,0,qm_dft3__ridge,1206282609,CYP2C9_pIC50_direct_inhibition,1.0318353617455924,0.6102875355269737,-0.0033052814592368,0.0742336381722635,0.0501388856606039
1,0,qm_dft3__ridge,1206282609,CYP2D6_pIC50_direct_inhibition,0.9997172536015988,0.7083200579445919,0.0013179273261805,0.0508058860836795,0.0314353320735864
1,0,qm_dft3__ridge,1206282609,CYP3A4_pIC50_direct_inhibition,0.9955601384148796,0.8925632411357171,-0.002674568869921,0.0630085544484417,0.0422554317776223
1,0,qm_dft3__ridge,1206282609,MA,1.0133103373846517,0.7332994560997341,-0.0002451051420928,0.0885924333435653,0.0595549613742754
1,0,qm_elec__ridge,1206282609,CYP1A2_pIC50_direct_inhibition,0.9306864084438572,0.6765255096790181,0.0761301237490175,0.3344111720484398,0.2292869592341453
1,0,qm_elec__ridge,1206282609,CYP2C9_pIC50_direct_inhibition,1.0123935788282563,0.6047224548826575,0.0426362443378022,0.2392830940512078,0.1581660388803544
1,0,qm_elec__ridge,1206282609,CYP2D6_pIC50_direct_inhibition,0.9505372917699568,0.6855307988604945,0.0625580833638363,0.2741883762725512,0.1850037330223187
1,0,qm_elec__ridge,1206282609,CYP3A4_pIC50_direct_inhibition,0.9613336573773515,0.8638850688158874,0.0287993307691429,0.174176804213672,0.1170960059609468
1,0,qm_elec__ridge,1206282609,MA,0.9637377341048556,0.7076659580595143,0.0525309455549497,0.2555148616464677,0.1723881842744413
1,0,qm_full__lightgbm,1206282609,CYP1A2_pIC50_direct_inhibition,0.9381163092125429,0.6841242463562678,0.0742690522777253,0.3251523555502881,0.2219929602271801
1,0,qm_full__lightgbm,1206282609,CYP2C9_pIC50_direct_inhibition,1.018572110708719,0.6117256729750284,0.0103696630261577,0.2032829628410822,0.1410234001553481
1,0,qm_full__lightgbm,1206282609,CYP2D6_pIC50_direct_inhibition,0.9697718583318152,0.6953872320387391,0.0495228527840888,0.2478112467776705,0.1657946539562724
1,0,qm_full__lightgbm,1206282609,CYP3A4_pIC50_direct_inhibition,0.932920360290042,0.8422203810204014,0.0743718581833724,0.3016310552042987,0.2034427677977527
1,0,qm_full__lightgbm,1206282609,MA,0.9648451596357798,0.7083643830976092,0.052133356567836,0.2694694050933349,0.1830634455341383
1,0,qm_full__rf,1206282609,CYP1A2_pIC50_direct_inhibition,0.943255862427562,0.6847038235193089,0.0820548779114689,0.3293516407781752,0.2266196693191681
1,0,qm_full__rf,1206282609,CYP2C9_pIC50_direct_inhibition,1.027453877696772,0.6140431659071448,0.0204306166997233,0.2048131756130702,0.1374790416886945
1,0,qm_full__rf,1206282609,CYP2D6_pIC50_direct_inhibition,0.9992787534955638,0.7053309464033307,0.0449474380799669,0.2439904306328611,0.1653281831988156
1,0,qm_full__rf,1206282609,CYP3A4_pIC50_direct_inhibition,0.9473354906556208,0.8505007407561093,0.0570866181841289,0.2772971712931619,0.1887175644071989
1,0,qm_full__rf,1206282609,MA,0.9793309960688796,0.7136446691464735,0.051129887718822,0.2638631045793171,0.1795361146534693
1,0,qm_full__ridge,1206282609,CYP1A2_pIC50_direct_inhibition,0.9303629444666096,0.6758093080177896,0.0935515108838613,0.3328404385544931,0.2289117687272128
1,0,qm_full__ridge,1206282609,CYP2C9_pIC50_direct_inhibition,1.0398270198521835,0.6124812022257689,0.0257490413684429,0.2589667066837236,0.1754536154023234
1,0,qm_full__ridge,1206282609,CYP2D6_pIC50_direct_inhibition,0.9480288223707374,0.6843546895759308,0.0649271294723201,0.2858617648023097,0.1913784850135133
1,0,qm_full__ridge,1206282609,CYP3A4_pIC50_direct_inhibition,0.9040155820122504,0.8292269551435572,0.0949103580747637,0.3261475612907195,0.2247563886215063
1,0,qm_full__ridge,1206282609,MA,0.9555585921754453,0.7004680387407616,0.069784509949847,0.3009541178328115,0.2051250644411389
1,0,qm_full__xgboost,1206282609,CYP1A2_pIC50_direct_inhibition,0.9665819263143436,0.6953432566689423,0.0473413013192343,0.3005726978011492,0.2066720367178305
1,0,qm_full__xgboost,1206282609,CYP2C9_pIC50_direct_inhibition,1.008590728413098,0.6020300890843611,0.0177769275760716,0.2319542729896033,0.1559331976958222
1,0,qm_full__xgboost,1206282609,CYP2D6_pIC50_direct_inhibition,0.984822969598934,0.70118572495221,0.0260282434712094,0.2417940835932534,0.1660070288523398
1,0,qm_full__xgboost,1206282609,CYP3A4_pIC50_direct_inhibition,0.962873883397222,0.8592436009500227,0.0552021816739255,0.2844250847743307,0.1928934142690451
1,0,qm_full__xgboost,1206282609,MA,0.9807173769308992,0.714450667913884,0.0365871635101102,0.2646865347895842,0.1803764193837594
1,0,qm_full_hmin__ridge,1206282609,CYP1A2_pIC50_direct_inhibition,0.8989368060551874,0.6542631665987957,0.1350722195820958,0.3875029699918761,0.267876700310911
1,0,qm_full_hmin__ridge,1206282609,CYP2C9_pIC50_direct_inhibition,1.0430720377376137,0.6135098185235104,0.0168983496354923,0.2662651328615324,0.1778342627321421
1,0,qm_full_hmin__ridge,1206282609,CYP2D6_pIC50_direct_inhibition,0.9605286281476892,0.688407446784939,0.0687216698812734,0.2874973011802211,0.193864560618296
1,0,qm_full_hmin__ridge,1206282609,CYP3A4_pIC50_direct_inhibition,0.8868556187292178,0.8170096235958446,0.1087804580839579,0.371110609437587,0.2559738688162278
1,0,qm_full_hmin__ridge,1206282609,MA,0.947348272667427,0.6932975138757724,0.0823681742957049,0.3280940033678042,0.2238873481193942
1,0,qm_gfn23__ridge,1206282609,CYP1A2_pIC50_direct_inhibition,1.0265593883658055,0.7221090608701195,0.0006751688756359,0.1438772800179468,0.0972884526068456
1,0,qm_gfn23__ridge,1206282609,CYP2C9_pIC50_direct_inhibition,1.024598646702468,0.61308684820416,-0.0111423118340954,0.0448756748768425,0.0287013486125026
1,0,qm_gfn23__ridge,1206282609,CYP2D6_pIC50_direct_inhibition,0.9807833424598936,0.6983984417412009,0.0245716009402938,0.1669144482873955,0.111657168205159
1,0,qm_gfn23__ridge,1206282609,CYP3A4_pIC50_direct_inhibition,0.9902144908147096,0.8925577198432195,0.003398874109989,0.1006339414991357,0.0679600300618935
1,0,qm_gfn23__ridge,1206282609,MA,1.005538967085719,0.731538017664675,0.0043758330229558,0.1140753361703302,0.0764017498716002
1,0,qm_new3__ridge,1206282609,CYP1A2_pIC50_direct_inhibition,1.0325965104476496,0.7346160772902268,7.709142076906117e-05,0.1101920311191148,0.0751710919904241
1,0,qm_new3__ridge,1206282609,CYP2C9_pIC50_direct_inhibition,0.998081004243656,0.6088021631442289,-0.0036650255750785,0.0450522985764182,0.0315023505597313
1,0,qm_new3__ridge,1206282609,CYP2D6_pIC50_direct_inhibition,0.99417647369358,0.7035860935421285,-0.0001606845002294,0.0854138764519736,0.0590547775900241
1,0,qm_new3__ridge,1206282609,CYP3A4_pIC50_direct_inhibition,0.9979335933886908,0.8961829917299631,0.0020294079713825,0.095469508519544,0.0647666830643098
1,0,qm_new3__ridge,1206282609,MA,1.005696895443394,0.7357968314266368,-0.0004298026707891,0.0840319286667626,0.0576237258011223
1,0,rdkit2d_3d__ridge,1206282609,CYP1A2_pIC50_direct_inhibition,0.8620858744846611,0.6383465923118657,0.2303928961629047,0.5033496581942528,0.3488629930424182
1,0,rdkit2d_3d__ridge,1206282609,CYP2C9_pIC50_direct_inhibition,0.8096581108362704,0.5131726757196996,0.2977156871111213,0.5424562441856576,0.38987876605916
1,0,rdkit2d_3d__ridge,1206282609,CYP2D6_pIC50_direct_inhibition,0.9319953526538542,0.6733566497498469,0.1437460730054405,0.4097506694863274,0.2778421516937372
1,0,rdkit2d_3d__ridge,1206282609,CYP3A4_pIC50_direct_inhibition,0.6065799584443236,0.6000649409722585,0.4829404342689991,0.7068040797407208,0.5199427526384128
1,0,rdkit2d_3d__ridge,1206282609,MA,0.8025798241047774,0.6062352146884176,0.2886987726371164,0.5405901629017397,0.384131665858432
1,0,rdkit2d__ridge,1206282609,CYP1A2_pIC50_direct_inhibition,0.8655775722908785,0.6417735836281163,0.2266574384722078,0.4956724463081255,0.3442166346979881
1,0,rdkit2d__ridge,1206282609,CYP2C9_pIC50_direct_inhibition,0.8132004340666967,0.5153318579693799,0.2968156509891178,0.5433459011275091,0.3888633770182774
1,0,rdkit2d__ridge,1206282609,CYP2D6_pIC50_direct_inhibition,0.9305409485246352,0.6730595993184826,0.1452777475414637,0.4054138387078198,0.2749062587701868
1,0,rdkit2d__ridge,1206282609,CYP3A4_pIC50_direct_inhibition,0.6076729179428384,0.6011272361418125,0.4805257958802884,0.7049517518872017,0.5183303055258589
1,0,rdkit2d__ridge,1206282609,MA,0.8042479682062622,0.6078230692644477,0.2873191582207694,0.537345984507664,0.3815791440030778
1,0,rdkit2d_elec__ridge,1206282609,CYP1A2_pIC50_direct_inhibition,0.8616269027911753,0.6406473519617533,0.2309579087484299,0.5014988853839497,0.3486523324956758
1,0,rdkit2d_elec__ridge,1206282609,CYP2C9_pIC50_direct_inhibition,0.8247399873476585,0.5214723446935512,0.2862947294236442,0.5316615631531143,0.3785063378182339
1,0,rdkit2d_elec__ridge,1206282609,CYP2D6_pIC50_direct_inhibition,0.9045575111134658,0.6609530744940568,0.1568791487726507,0.42434295354084,0.2900599551524583
1,0,rdkit2d_elec__ridge,1206282609,CYP3A4_pIC50_direct_inhibition,0.6007404897299048,0.5968042471753426,0.4867717322746788,0.7088655928509898,0.5218761760467682
1,0,rdkit2d_elec__ridge,1206282609,MA,0.7979162227455511,0.604969254581176,0.2902258798048509,0.5415922487322236,0.384773700378284
1,0,rdkit2d_new3__ridge,1206282609,CYP1A2_pIC50_direct_inhibition,0.8612448479383636,0.6379746503066192,0.230854892733776,0.5044607402820221,0.3507546615051638
1,0,rdkit2d_new3__ridge,1206282609,CYP2C9_pIC50_direct_inhibition,0.8151531226011028,0.5148057541443519,0.2970042013828518,0.5419264441835673,0.3864125329848162
1,0,rdkit2d_new3__ridge,1206282609,CYP2D6_pIC50_direct_inhibition,0.932477512728196,0.6734588039568361,0.1425483727179091,0.4064931517592331,0.275619778012444
1,0,rdkit2d_new3__ridge,1206282609,CYP3A4_pIC50_direct_inhibition,0.6079855429901502,0.6007153104576068,0.4817614743237337,0.7065010519255104,0.519428428966048
1,0,rdkit2d_new3__ridge,1206282609,MA,0.804215256564453,0.6067386297163534,0.2880422352895677,0.5398453470375832,0.383053850367118
1,0,rdkit2d_qm__ridge,1206282609,CYP1A2_pIC50_direct_inhibition,0.8580422595528095,0.6372543870495034,0.234571212083897,0.5093024513427195,0.3541027364191932
1,0,rdkit2d_qm__ridge,1206282609,CYP2C9_pIC50_direct_inhibition,0.8188488220804971,0.5192945157689749,0.2879089898882982,0.5377040455560782,0.3841472939047085
1,0,rdkit2d_qm__ridge,1206282609,CYP2D6_pIC50_direct_inhibition,0.9074560051101032,0.6601798204248245,0.1546588938853406,0.4287913070769966,0.291849649712388
1,0,rdkit2d_qm__ridge,1206282609,CYP3A4_pIC50_direct_inhibition,0.6004671062811143,0.5957977130233675,0.4890505138270047,0.7099038821845532,0.5225837766384708
1,0,rdkit2d_qm__ridge,1206282609,MA,0.796203548256131,0.6031316090666676,0.2915474024211352,0.5464254215400869,0.3881708641686901
1,0,rdkit_match18__ridge,1206282609,CYP1A2_pIC50_direct_inhibition,0.9011432224872756,0.6631838425088337,0.195746821635891,0.461735980424488,0.3164544584341728
1,0,rdkit_match18__ridge,1206282609,CYP2C9_pIC50_direct_inhibition,0.8923316034960644,0.5509462380854113,0.2069176411212204,0.4416035001821105,0.3067883381623598
1,0,rdkit_match18__ridge,1206282609,CYP2D6_pIC50_direct_inhibition,0.9825334204002188,0.6991955997718503,0.0724662501661366,0.2443900658936193,0.1659156487041947
1,0,rdkit_match18__ridge,1206282609,CYP3A4_pIC50_direct_inhibition,0.7591136232117903,0.7297905710859348,0.2977180511266021,0.5732084276030471,0.399318156151255
1,0,rdkit_match18__ridge,1206282609,MA,0.8837804673988372,0.6607790628630076,0.1932121910124625,0.4302344935258162,0.2971191503629956
1,0,rdkit_match3_elec__ridge,1206282609,CYP1A2_pIC50_direct_inhibition,0.969562896611735,0.7034985504210598,0.0674737736686058,0.3146214392752096,0.2161388239867769
1,0,rdkit_match3_elec__ridge,1206282609,CYP2C9_pIC50_direct_inhibition,0.9611994170748274,0.58452181091459,0.1034681247061497,0.311037109019846,0.2147899374596761
1,0,rdkit_match3_elec__ridge,1206282609,CYP2D6_pIC50_direct_inhibition,0.9935780084144228,0.7045378046553459,0.0189433757092899,0.1350885624989931,0.0901987735113615
1,0,rdkit_match3_elec__ridge,1206282609,CYP3A4_pIC50_direct_inhibition,0.9073526451642502,0.8338492694536311,0.1192705282912647,0.3421335641614742,0.2342673472560161
1,0,rdkit_match3_elec__ridge,1206282609,MA,0.9579232418163088,0.7066018588611567,0.0772889505938275,0.2757201687388807,0.1888487205534577
1,0,rdkit_match3_new3__ridge,1206282609,CYP1A2_pIC50_direct_inhibition,0.9775348373473572,0.7009530721049226,0.0416300636424946,0.3087487536245769,0.2102762029660014
1,0,rdkit_match3_new3__ridge,1206282609,CYP2C9_pIC50_direct_inhibition,0.9829380128308434,0.5997140432340866,0.0148151832837224,0.1426830243745081,0.0975286186596835
1,0,rdkit_match3_new3__ridge,1206282609,CYP2D6_pIC50_direct_inhibition,0.9868893849772838,0.7016319790295017,0.0341824263517117,0.189644535906934,0.1303824824780179
1,0,rdkit_match3_new3__ridge,1206282609,CYP3A4_pIC50_direct_inhibition,0.96986655969575,0.8789651040820842,0.0167994245549606,0.1794247833157222,0.1228778131666677
1,0,rdkit_match3_new3__ridge,1206282609,MA,0.9793071987128086,0.7203160496126487,0.0268567744582223,0.2051252743054353,0.1402662793175926
1,1,plain_qm,3543069911,CYP1A2_pIC50_direct_inhibition,0.8521504849761391,0.7213575626857631,0.2217344996273091,0.4612073152716576,0.3226906706163588
1,1,plain_qm,3543069911,CYP2C9_pIC50_direct_inhibition,0.6382559803233926,0.4371135613781547,0.4153538065611964,0.6469012270586924,0.4675452236760444
1,1,plain_qm,3543069911,CYP2D6_pIC50_direct_inhibition,0.9723435558440252,0.6207574636730964,0.098830420540224,0.3923104301960094,0.2721697323488089
1,1,plain_qm,3543069911,CYP3A4_pIC50_direct_inhibition,0.4889352675088022,0.5157845080614262,0.5854157342463172,0.7762190018824959,0.5850049894002732
1,1,plain_qm,3543069911,MA,0.7379213221630897,0.5737532739496101,0.3303336152437617,0.5691594936022139,0.4118526540103713
1,1,qm_3d__ridge,3543069911,CYP1A2_pIC50_direct_inhibition,0.928229223662137,0.7683238782714847,0.0127735874335022,0.2772452985527149,0.1871604934830767
1,1,qm_3d__ridge,3543069911,CYP2C9_pIC50_direct_inhibition,0.9414764286371808,0.5244214814057095,0.0703655444105801,0.3106631996331651,0.2126599877825488
1,1,qm_3d__ridge,3543069911,CYP2D6_pIC50_direct_inhibition,1.0068059684451576,0.6371400124999533,-0.0072201235802354,-0.0131376096205188,-0.0083941126802076
1,1,qm_3d__ridge,3543069911,CYP3A4_pIC50_direct_inhibition,0.9964031457597692,0.8396010897946776,0.0458204758985221,0.2488263130971166,0.1699630277801206
1,1,qm_3d__ridge,3543069911,MA,0.9682286916260612,0.6923716154929562,0.0304348710405922,0.2058993004156194,0.1403473490913846
1,1,qm_dft3__ridge,3543069911,CYP1A2_pIC50_direct_inhibition,0.9383794014318648,0.7729862333759595,-0.01146858293234,0.1686029150967982,0.1170913820222773
1,1,qm_dft3__ridge,3543069911,CYP2C9_pIC50_direct_inhibition,0.966325120430406,0.5401300373911443,0.0456466437149769,0.2062857794460527,0.1411814931916154
1,1,qm_dft3__ridge,3543069911,CYP2D6_pIC50_direct_inhibition,1.0056525547170017,0.6344129307206462,-0.00080799269783,0.0283974436610734,0.0169443408194954
1,1,qm_dft3__ridge,3543069911,CYP3A4_pIC50_direct_inhibition,1.015720220411055,0.8600479070971306,0.0187747752256683,0.1695735482161522,0.1129554405373817
1,1,qm_dft3__ridge,3543069911,MA,0.9815193242475818,0.7018942771462201,0.0130362108276188,0.1432149216050191,0.0970431641426925
1,1,qm_elec__ridge,3543069911,CYP1A2_pIC50_direct_inhibition,0.9163188448436358,0.7534102215511371,0.0618874482987928,0.2405902862905615,0.1651465876138262
1,1,qm_elec__ridge,3543069911,CYP2C9_pIC50_direct_inhibition,0.931290118579027,0.5302464180986849,0.073914552914764,0.2561985182022964,0.1765294504767841
1,1,qm_elec__ridge,3543069911,CYP2D6_pIC50_direct_inhibition,1.0018411110311167,0.6354677496566855,0.0319222258736822,0.1947345121153403,0.1296129955040104
1,1,qm_elec__ridge,3543069911,CYP3A4_pIC50_direct_inhibition,0.9592416267241444,0.8275352104005237,0.0832748936439015,0.2967353560631079,0.2001557912726012
1,1,qm_elec__ridge,3543069911,MA,0.9521729252944808,0.6866648999267579,0.0627497801827851,0.2470646681678265,0.1678612062168055
1,1,qm_full__lightgbm,3543069911,CYP1A2_pIC50_direct_inhibition,0.9115401638284056,0.7580905732418943,0.0223500181034543,0.2075103539848249,0.1412061705785977
1,1,qm_full__lightgbm,3543069911,CYP2C9_pIC50_direct_inhibition,0.9701774350067316,0.5419698748090214,0.049761631052882,0.230445061634441,0.1556354942136547
1,1,qm_full__lightgbm,3543069911,CYP2D6_pIC50_direct_inhibition,1.003575978244141,0.6330782549543283,0.0120381737249748,0.1173700591865347,0.0814797415752753
1,1,qm_full__lightgbm,3543069911,CYP3A4_pIC50_direct_inhibition,0.9942436373392792,0.839206783929526,0.0545854613771813,0.2632570291971701,0.1804639035107437
1,1,qm_full__lightgbm,3543069911,MA,0.9698843036046392,0.6930863717336926,0.0346838210646231,0.2046456260007427,0.1396963274695678
1,1,qm_full__rf,3543069911,CYP1A2_pIC50_direct_inhibition,0.9335360119245688,0.7636856332779077,0.0390654461263171,0.2296301240294219,0.1590256813205682
1,1,qm_full__rf,3543069911,CYP2C9_pIC50_direct_inhibition,0.961971928044838,0.5384609336410683,0.0569408564508197,0.2406469052693196,0.1618597237561266
1,1,qm_full__rf,3543069911,CYP2D6_pIC50_direct_inhibition,1.0879995952920969,0.6688067306404126,-0.0284153551822489,0.1742868015203679,0.1185497870689752
1,1,qm_full__rf,3543069911,CYP3A4_pIC50_direct_inhibition,1.0085853990613771,0.8410067968522291,0.0386837245056802,0.2712860431499608,0.1853968077988628
1,1,qm_full__rf,3543069911,MA,0.9980232335807204,0.7029900236029044,0.026568667975142,0.2289624684922676,0.1562079999861332
1,1,qm_full__ridge,3543069911,CYP1A2_pIC50_direct_inhibition,0.899886800177197,0.7468538792050091,0.0813704481723407,0.2980468520045803,0.2054403411435168
1,1,qm_full__ridge,3543069911,CYP2C9_pIC50_direct_inhibition,0.8884188654382303,0.5123945993439443,0.13157554413651,0.3544536325550363,0.241316931759457
1,1,qm_full__ridge,3543069911,CYP2D6_pIC50_direct_inhibition,1.008385715521703,0.6408135573171545,0.0315539149669804,0.1872909769611893,0.1256248348179862
1,1,qm_full__ridge,3543069911,CYP3A4_pIC50_direct_inhibition,0.9504346670158204,0.811470406900101,0.0982775666865808,0.3398650782541098,0.2320031798352815
1,1,qm_full__ridge,3543069911,MA,0.9367815120382378,0.6778831106915523,0.085694368490603,0.294914134943729,0.2010963218890604
1,1,qm_full__xgboost,3543069911,CYP1A2_pIC50_direct_inhibition,0.9294032841510684,0.7671187382572,0.0024073974868818,0.1659090978284537,0.1174009595547941
1,1,qm_full__xgboost,3543069911,CYP2C9_pIC50_direct_inhibition,0.9671482634071092,0.544407149119808,0.0709439485438974,0.2371444686131348,0.1616293741106598
1,1,qm_full__xgboost,3543069911,CYP2D6_pIC50_direct_inhibition,1.006980670060908,0.6364932322737624,0.0130937557267435,0.1138642689294629,0.077416533076814
1,1,qm_full__xgboost,3543069911,CYP3A4_pIC50_direct_inhibition,1.027608649042377,0.8619314874445015,0.0147566968963094,0.1836017998219515,0.1280506613244349
1,1,qm_full__xgboost,3543069911,MA,0.9827852166653656,0.702487651773818,0.025300449663458,0.1751299087982507,0.1211243820166757
1,1,qm_full_hmin__ridge,3543069911,CYP1A2_pIC50_direct_inhibition,0.887520448991478,0.7369226474062252,0.1118783119269612,0.360617004183628,0.2432096393971714
1,1,qm_full_hmin__ridge,3543069911,CYP2C9_pIC50_direct_inhibition,0.8982514949662037,0.5122262200437738,0.1300201634062409,0.3503937598173641,0.2412591534395208
1,1,qm_full_hmin__ridge,3543069911,CYP2D6_pIC50_direct_inhibition,0.996361911708905,0.6339451945744974,0.028000726741211,0.2041809041017688,0.1380917128317682
1,1,qm_full_hmin__ridge,3543069911,CYP3A4_pIC50_direct_inhibition,0.9289917575433358,0.7986830638841326,0.1262038433448273,0.3694811638841523,0.2540219938418275
1,1,qm_full_hmin__ridge,3543069911,MA,0.9277814033024806,0.6704442814771572,0.0990257613548101,0.3211682079967283,0.2191456248775719
1,1,qm_gfn23__ridge,3543069911,CYP1A2_pIC50_direct_inhibition,0.9435382264911368,0.7745197061759546,-0.0209788845708131,0.1217818486562134,0.0815849705866589
1,1,qm_gfn23__ridge,3543069911,CYP2C9_pIC50_direct_inhibition,0.988464742022338,0.5448104589531679,0.0224190469155556,0.1324555745000211,0.0887901164097684
1,1,qm_gfn23__ridge,3543069911,CYP2D6_pIC50_direct_inhibition,0.9878059967065298,0.6280480368372497,0.0245878886015461,0.1562467766246836,0.1024408972210771
1,1,qm_gfn23__ridge,3543069911,CYP3A4_pIC50_direct_inhibition,1.0353976817767196,0.872093060074245,-0.0047025969532297,0.060782426477288,0.0402707299476966
1,1,qm_gfn23__ridge,3543069911,MA,0.988801661749181,0.7048678155101543,0.0053313634982647,0.1178166565645515,0.0782716785413003
1,1,qm_new3__ridge,3543069911,CYP1A2_pIC50_direct_inhibition,0.9332985883330124,0.7719416988151292,0.0070592853457043,0.2200550563802812,0.1479013441842234
1,1,qm_new3__ridge,3543069911,CYP2C9_pIC50_direct_inhibition,1.012133695396398,0.5483607521593693,-0.0042779558083517,-0.0031659848138488,-0.0058080045212204
1,1,qm_new3__ridge,3543069911,CYP2D6_pIC50_direct_inhibition,0.9948118712318644,0.6309687515998404,0.0018280251135062,0.1356054367571203,0.0935907074333281
1,1,qm_new3__ridge,3543069911,CYP3A4_pIC50_direct_inhibition,1.0383568712466835,0.871555651073437,-0.0100618181655853,-0.0016809715535349,-0.0016081331892839
1,1,qm_new3__ridge,3543069911,MA,0.9946502565519896,0.7057067134119439,-0.0013631158786816,0.0877033841925044,0.0585189784767618
1,1,rdkit2d_3d__ridge,3543069911,CYP1A2_pIC50_direct_inhibition,0.8187183789145589,0.7045884898101841,0.1939400395811265,0.4455312194412431,0.3112601971635894
1,1,rdkit2d_3d__ridge,3543069911,CYP2C9_pIC50_direct_inhibition,0.6300735449169991,0.4268512658150782,0.3713047354130747,0.6295280854779226,0.4602725003803109
1,1,rdkit2d_3d__ridge,3543069911,CYP2D6_pIC50_direct_inhibition,0.968940903947182,0.617917391660333,0.0690635688943173,0.3066840542826846,0.209274902144826
1,1,rdkit2d_3d__ridge,3543069911,CYP3A4_pIC50_direct_inhibition,0.5988032930316968,0.5678516333146246,0.5251864041246384,0.7416824499004003,0.5475124170320252
1,1,rdkit2d_3d__ridge,3543069911,MA,0.7541340302026092,0.579302195150055,0.2898736870032892,0.5308564522755627,0.3820800041801879
1,1,rdkit2d__ridge,3543069911,CYP1A2_pIC50_direct_inhibition,0.8230165071610618,0.7063044784643553,0.1876443151429254,0.4382906733426508,0.3059743953160027
1,1,rdkit2d__ridge,3543069911,CYP2C9_pIC50_direct_inhibition,0.6353722455966695,0.4305503251503685,0.366049224497404,0.6241244897101453,0.4553879141995849
1,1,rdkit2d__ridge,3543069911,CYP2D6_pIC50_direct_inhibition,0.9751145246050038,0.620419773090473,0.0608239860253739,0.299520119374728,0.2039742762002575
1,1,rdkit2d__ridge,3543069911,CYP3A4_pIC50_direct_inhibition,0.600174706559486,0.5683296087810638,0.5286906221814938,0.7434135098203773,0.5484537567951672
1,1,rdkit2d__ridge,3543069911,MA,0.7584194959805552,0.5814010463715651,0.2858020369617993,0.5263371980619754,0.3784475856277531
1,1,rdkit2d_elec__ridge,3543069911,CYP1A2_pIC50_direct_inhibition,0.8210088607969246,0.7055593691012481,0.1914729770457784,0.4399301166616899,0.3068597269918626
1,1,rdkit2d_elec__ridge,3543069911,CYP2C9_pIC50_direct_inhibition,0.6412754467825047,0.4311092219423714,0.3677504674664764,0.619949183460427,0.4490666340857187
1,1,rdkit2d_elec__ridge,3543069911,CYP2D6_pIC50_direct_inhibition,0.9896313728308184,0.6265409842700397,0.0594417900888262,0.3193576142162285,0.2164679352066421
1,1,rdkit2d_elec__ridge,3543069911,CYP3A4_pIC50_direct_inhibition,0.5980048627164607,0.5681832152919492,0.5305399116511943,0.7434044263824625,0.548611274701373
1,1,rdkit2d_elec__ridge,3543069911,MA,0.7624801357816771,0.5828481976514021,0.2873012865630688,0.530660335180202,0.3802513927463992
1,1,rdkit2d_new3__ridge,3543069911,CYP1A2_pIC50_direct_inhibition,0.8194259934449474,0.7057151191478129,0.1937037253912194,0.4470992003769214,0.3119566856715478
1,1,rdkit2d_new3__ridge,3543069911,CYP2C9_pIC50_direct_inhibition,0.6341208685584734,0.4286471353176488,0.3668944721156125,0.6264815399928647,0.4566674158823391
1,1,rdkit2d_new3__ridge,3543069911,CYP2D6_pIC50_direct_inhibition,0.969399415851948,0.6178059590327684,0.0691112047839269,0.3063859507581962,0.208967567504636
1,1,rdkit2d_new3__ridge,3543069911,CYP3A4_pIC50_direct_inhibition,0.6007996056960837,0.5690432950845483,0.5256705390790204,0.7421680524709815,0.5471875425717326
1,1,rdkit2d_new3__ridge,3543069911,MA,0.7559364708878631,0.5803028771456945,0.2888449853424448,0.5305336858997409,0.3811948029075638
1,1,rdkit2d_qm__ridge,3543069911,CYP1A2_pIC50_direct_inhibition,0.8160603944650845,0.7038330202569195,0.1978796172719518,0.4476451603602378,0.3115594306462766
1,1,rdkit2d_qm__ridge,3543069911,CYP2C9_pIC50_direct_inhibition,0.6354658638804624,0.4283189760600789,0.3732887530108347,0.6250741937081872,0.4564724701419876
1,1,rdkit2d_qm__ridge,3543069911,CYP2D6_pIC50_direct_inhibition,0.9846543945534134,0.6249650428883531,0.0668569606003638,0.3224217437870755,0.2185878685458618
1,1,rdkit2d_qm__ridge,3543069911,CYP3A4_pIC50_direct_inhibition,0.5965345478157059,0.5671585870376163,0.5266521306784302,0.7414548028162112,0.5472481687063714
1,1,rdkit2d_qm__ridge,3543069911,MA,0.7581788001786665,0.581068906560742,0.2911693653903952,0.5341489751679279,0.3834669845101244
1,1,rdkit_match18__ridge,3543069911,CYP1A2_pIC50_direct_inhibition,0.829136144671986,0.7099626679435205,0.1866846243881264,0.4384217783620999,0.3038047176911072
1,1,rdkit_match18__ridge,3543069911,CYP2C9_pIC50_direct_inhibition,0.7576955916459772,0.4790581233101881,0.2414790711883255,0.5184625496719613,0.3657360715442929
1,1,rdkit_match18__ridge,3543069911,CYP2D6_pIC50_direct_inhibition,0.9764462801947568,0.6239340695535077,0.0526757419834427,0.2278556430233212,0.1569771504467442
1,1,rdkit_match18__ridge,3543069911,CYP3A4_pIC50_direct_inhibition,0.7065440490013817,0.6504561046172816,0.3746809510216752,0.6117573928381501,0.4428557096371526
1,1,rdkit_match18__ridge,3543069911,MA,0.8174555163785254,0.6158527413561246,0.2138800971453925,0.4491243409738831,0.3173434123298242
1,1,rdkit_match3_elec__ridge,3543069911,CYP1A2_pIC50_direct_inhibition,0.912103824233255,0.7542982136247652,0.0592839212730319,0.2763823164310406,0.1908679495214105
1,1,rdkit_match3_elec__ridge,3543069911,CYP2C9_pIC50_direct_inhibition,0.885494554470946,0.5227363925216894,0.1262213899225795,0.3399989848450489,0.2308015575451893
1,1,rdkit_match3_elec__ridge,3543069911,CYP2D6_pIC50_direct_inhibition,1.0011500480222628,0.6366286838130973,0.0192494516668033,0.0921340623253254,0.0607391498201424
1,1,rdkit_match3_elec__ridge,3543069911,CYP3A4_pIC50_direct_inhibition,0.9218620267661428,0.8038033626292153,0.1464521162468504,0.3732526439032491,0.2537482675219112
1,1,rdkit_match3_elec__ridge,3543069911,MA,0.9301526133731516,0.6793666631471919,0.0878017197773163,0.270442001876166,0.1840392311021634
1,1,rdkit_match3_new3__ridge,3543069911,CYP1A2_pIC50_direct_inhibition,0.9292447867260056,0.7686976953612532,0.0066395800230629,0.1740862289181139,0.1159588456644456
1,1,rdkit_match3_new3__ridge,3543069911,CYP2C9_pIC50_direct_inhibition,0.9862655926240826,0.5484315290911708,-0.0012334459600497,0.0862228105806759,0.0579854915140695
1,1,rdkit_match3_new3__ridge,3543069911,CYP2D6_pIC50_direct_inhibition,1.0053419669218937,0.6355155620152921,0.0342838395385408,0.1896450124338083,0.1297747992236402
1,1,rdkit_match3_new3__ridge,3543069911,CYP3A4_pIC50_direct_inhibition,0.9799948618822272,0.84067606390053,0.0510388734033007,0.2757259381365457,0.1829509279535183
1,1,rdkit_match3_new3__ridge,3543069911,MA,0.9752118020385524,0.6983302125920615,0.0226822117512137,0.1814199975172859,0.1216675160889184
1,2,plain_qm,3479688010,CYP1A2_pIC50_direct_inhibition,0.924494239832111,0.6787872800019482,0.2419098299181285,0.5447712060791363,0.3851532151777636
1,2,plain_qm,3479688010,CYP2C9_pIC50_direct_inhibition,0.5356333447378531,0.4598763685774308,0.5075392929195658,0.6987296412354488,0.5122068537137698
1,2,plain_qm,3479688010,CYP2D6_pIC50_direct_inhibition,0.9298313692473524,0.627786008297035,0.1629330977348854,0.4088615811673333,0.2765028465869003
1,2,plain_qm,3479688010,CYP3A4_pIC50_direct_inhibition,0.4372054269747292,0.5299078451203422,0.6444821299464397,0.8199604713000074,0.6205326515231533
1,2,plain_qm,3479688010,MA,0.7067910951980114,0.574089375499189,0.3892160876297548,0.6180807249454814,0.4485988917503967
1,2,qm_3d__ridge,3479688010,CYP1A2_pIC50_direct_inhibition,1.0572725829099336,0.7564636495571733,-0.003740497203141,0.1455334337956635,0.0975158633277506
1,2,qm_3d__ridge,3479688010,CYP2C9_pIC50_direct_inhibition,0.921126634906312,0.6193443978838792,0.0752700746188915,0.2006167532810636,0.1376562472015803
1,2,qm_3d__ridge,3479688010,CYP2D6_pIC50_direct_inhibition,0.9958914729886424,0.6552427590871646,-0.0118838470112468,0.1004238140125291,0.067780823015708
1,2,qm_3d__ridge,3479688010,CYP3A4_pIC50_direct_inhibition,0.9050037699428872,0.8551306244121375,0.1375182842797236,0.4217552315128224,0.2855571376304237
1,2,qm_3d__ridge,3479688010,MA,0.9698236151869438,0.7215453577350887,0.0492910036710568,0.2170823081505196,0.1471275177938656
1,2,qm_dft3__ridge,3479688010,CYP1A2_pIC50_direct_inhibition,1.0655916773690526,0.7636973907326977,-0.0251905661299068,0.021809309767022,0.0168242256553781
1,2,qm_dft3__ridge,3479688010,CYP2C9_pIC50_direct_inhibition,0.9340918063885052,0.6262631240087823,0.050248175640628,0.2739215844333724,0.1900663542169083
1,2,qm_dft3__ridge,3479688010,CYP2D6_pIC50_direct_inhibition,0.998813719449518,0.6577489586219673,-0.0132014372469707,0.0581902428901336,0.0375429251691596
1,2,qm_dft3__ridge,3479688010,CYP3A4_pIC50_direct_inhibition,0.9749308837698092,0.9087989268796742,0.0288887184256748,0.199076064476564,0.1341080422739706
1,2,qm_dft3__ridge,3479688010,MA,0.9933570217442212,0.7391271000607804,0.0101862226723563,0.138249300391773,0.0946353868288542
1,2,qm_elec__ridge,3479688010,CYP1A2_pIC50_direct_inhibition,1.042902230683347,0.7451921648211085,0.016392968921379,0.2048146244699084,0.1386873426297515
1,2,qm_elec__ridge,3479688010,CYP2C9_pIC50_direct_inhibition,0.9076918899153362,0.6133469535370808,0.103740598839071,0.2721312339377114,0.183672084508935
1,2,qm_elec__ridge,3479688010,CYP2D6_pIC50_direct_inhibition,0.9706932256254976,0.6434212742436745,0.0387062441044845,0.2460980206384234,0.1671315549873913
1,2,qm_elec__ridge,3479688010,CYP3A4_pIC50_direct_inhibition,0.9278621031958976,0.8773013181706601,0.0742711588280368,0.2903625846846209,0.1977607754597402
1,2,qm_elec__ridge,3479688010,MA,0.9622873623550195,0.7198154276931309,0.0582777426732428,0.2533516159326661,0.1718129393964545
1,2,qm_full__lightgbm,3479688010,CYP1A2_pIC50_direct_inhibition,1.0823828596169374,0.7673413667662693,-0.0304452319723899,0.1590749463524309,0.1069290328899765
1,2,qm_full__lightgbm,3479688010,CYP2C9_pIC50_direct_inhibition,0.8962267278783326,0.6129557601902657,0.1115559688787385,0.293051541270071,0.2045458441860652
1,2,qm_full__lightgbm,3479688010,CYP2D6_pIC50_direct_inhibition,1.0122932477149085,0.6651551293834091,0.0217806992928422,0.188282430744619,0.1276608062643039
1,2,qm_full__lightgbm,3479688010,CYP3A4_pIC50_direct_inhibition,0.8884585368123775,0.8434824118726904,0.151957291131069,0.4076508435892981,0.2753916939193325
1,2,qm_full__lightgbm,3479688010,MA,0.9698403430056388,0.7222336670531586,0.0637121818325649,0.2620149404891048,0.1786318443149195
1,2,qm_full__rf,3479688010,CYP1A2_pIC50_direct_inhibition,1.0823891100791092,0.7688383985186292,-0.0056731101040098,0.2051042367764133,0.1363376777705597
1,2,qm_full__rf,3479688010,CYP2C9_pIC50_direct_inhibition,0.867860180042939,0.6005773863427869,0.1733491330213812,0.333379635761667,0.2340003305585971
1,2,qm_full__rf,3479688010,CYP2D6_pIC50_direct_inhibition,1.0075256127033432,0.6572236952321672,0.0528128558942873,0.2853573684063202,0.1911599675060926
1,2,qm_full__rf,3479688010,CYP3A4_pIC50_direct_inhibition,0.8929038079392988,0.8430451919149577,0.1494563854772442,0.4036561180350185,0.2732694434509896
1,2,qm_full__rf,3479688010,MA,0.9626696776911724,0.7174211680021352,0.0924863160722257,0.3068743397448548,0.2086918548215597
1,2,qm_full__ridge,3479688010,CYP1A2_pIC50_direct_inhibition,1.041920412788141,0.7430184282730324,0.0274996699205573,0.2450343942546351,0.1666004991481731
1,2,qm_full__ridge,3479688010,CYP2C9_pIC50_direct_inhibition,0.8676181021330226,0.5986649136677951,0.1518286617515762,0.3271558494542428,0.2232727742424726
1,2,qm_full__ridge,3479688010,CYP2D6_pIC50_direct_inhibition,0.9691685898292896,0.6421454344672918,0.044779995144222,0.2522133310423289,0.172374509997448
1,2,qm_full__ridge,3479688010,CYP3A4_pIC50_direct_inhibition,0.8486009905414872,0.8226866261044262,0.1876534055544891,0.4855426862370482,0.3330124678907205
1,2,qm_full__ridge,3479688010,MA,0.9318270238229852,0.7016288506281363,0.1029404330927111,0.3274865652470637,0.2238150628197036
1,2,qm_full__xgboost,3479688010,CYP1A2_pIC50_direct_inhibition,1.0679478331560122,0.7625149584352259,-0.0251283057987805,0.1147744786752622,0.0787469779599337
1,2,qm_full__xgboost,3479688010,CYP2C9_pIC50_direct_inhibition,0.9292416832969336,0.6212841449024903,0.0973849064922262,0.265137205730401,0.1826404122086551
1,2,qm_full__xgboost,3479688010,CYP2D6_pIC50_direct_inhibition,1.1539680437581905,0.7259028157722746,-0.1040286492191171,0.1527141221497776,0.1017912919599823
1,2,qm_full__xgboost,3479688010,CYP3A4_pIC50_direct_inhibition,0.906899122730066,0.8564421739014871,0.112911018654279,0.3602577061984247,0.2405215185103252
1,2,qm_full__xgboost,3479688010,MA,1.0145141707353005,0.7415360232528694,0.0202847425321518,0.2232208781884663,0.1509250501597241
1,2,qm_full_hmin__ridge,3479688010,CYP1A2_pIC50_direct_inhibition,1.011755343083303,0.7297843162290706,0.0696910487070736,0.3091730080601781,0.2107410536842776
1,2,qm_full_hmin__ridge,3479688010,CYP2C9_pIC50_direct_inhibition,0.8473489093456869,0.5876817857423668,0.1698110436337662,0.3537626379286767,0.2429037344008975
1,2,qm_full_hmin__ridge,3479688010,CYP2D6_pIC50_direct_inhibition,0.9498573181616764,0.6325767574964029,0.0685291267025277,0.2906857612292935,0.1960680299140474
1,2,qm_full_hmin__ridge,3479688010,CYP3A4_pIC50_direct_inhibition,0.8301367489899564,0.8068458198804883,0.2181302965445635,0.5153583031663367,0.3567610950956084
1,2,qm_full_hmin__ridge,3479688010,MA,0.9097745798951558,0.6892221698370821,0.1315403788969827,0.3672449275961212,0.2516184782737077
1,2,qm_gfn23__ridge,3479688010,CYP1A2_pIC50_direct_inhibition,1.0559671187262454,0.7579477253120118,-0.0133286739833964,0.1233417511782819,0.0856720287919382
1,2,qm_gfn23__ridge,3479688010,CYP2C9_pIC50_direct_inhibition,0.951511828211922,0.629113698735166,0.0472400278578908,0.3178392666487565,0.213534288332474
1,2,qm_gfn23__ridge,3479688010,CYP2D6_pIC50_direct_inhibition,0.9771129776328488,0.6463963869490683,0.0023543062945372,0.1779321791434917,0.1185677498940974
1,2,qm_gfn23__ridge,3479688010,CYP3A4_pIC50_direct_inhibition,1.0016400522095668,0.923824869035566,0.0007736079701238,0.0671601551154557,0.0472644584493274
1,2,qm_gfn23__ridge,3479688010,MA,0.9965579941951458,0.739320670007953,0.0092598170347888,0.1715683380214964,0.1162596313669592
1,2,qm_new3__ridge,3479688010,CYP1A2_pIC50_direct_inhibition,1.052178718356126,0.7605162168070744,-0.0033854155471303,0.1433403536331392,0.0969870230592569
1,2,qm_new3__ridge,3479688010,CYP2C9_pIC50_direct_inhibition,0.9929052246689952,0.6415332406055732,-0.0048247901653849,0.0109788730931767,0.005593142990584
1,2,qm_new3__ridge,3479688010,CYP2D6_pIC50_direct_inhibition,0.9980491911435888,0.658246148987852,-0.0140955042755359,0.0374323685956922,0.0242069050410423
1,2,qm_new3__ridge,3479688010,CYP3A4_pIC50_direct_inhibition,1.011788225257018,0.930499902886269,-0.0129431369560739,-0.0490818301509895,-0.0339113136235255
1,2,qm_new3__ridge,3479688010,MA,1.013730339856432,0.7476988773216922,-0.0088122117360313,0.0356674412927546,0.0232189393668394
1,2,rdkit2d_3d__ridge,3479688010,CYP1A2_pIC50_direct_inhibition,0.8980693799825057,0.6733507166171583,0.2117277502508778,0.506556829722299,0.3576901008038726
1,2,rdkit2d_3d__ridge,3479688010,CYP2C9_pIC50_direct_inhibition,0.6063222882375425,0.4655327618066975,0.459208472607107,0.6500640048169641,0.476247114670304
1,2,rdkit2d_3d__ridge,3479688010,CYP2D6_pIC50_direct_inhibition,0.9371113624855352,0.6320206910252731,0.1223034421494576,0.3683855709489432,0.2509728235894565
1,2,rdkit2d_3d__ridge,3479688010,CYP3A4_pIC50_direct_inhibition,0.5009336298260926,0.5472072315523504,0.6136089616502106,0.7886824008719545,0.5924030458048889
1,2,rdkit2d_3d__ridge,3479688010,MA,0.735609165132919,0.5795278502503699,0.3517121566644133,0.5784222015900402,0.4193282712171305
1,2,rdkit2d__ridge,3479688010,CYP1A2_pIC50_direct_inhibition,0.8991230790029744,0.6725357846480989,0.2082195845343689,0.4986982747264786,0.3512146311770195
1,2,rdkit2d__ridge,3479688010,CYP2C9_pIC50_direct_inhibition,0.6115083165301195,0.4669521111997334,0.4473659986531434,0.6438039969786302,0.4714611680339383
1,2,rdkit2d__ridge,3479688010,CYP2D6_pIC50_direct_inhibition,0.9377300374162162,0.6319950335251278,0.1170490237878972,0.3658985612661656,0.249239441661636
1,2,rdkit2d__ridge,3479688010,CYP3A4_pIC50_direct_inhibition,0.515662342931311,0.552934015673014,0.6042640633028613,0.7785482547121129,0.582893611219254
1,2,rdkit2d__ridge,3479688010,MA,0.7410059439701553,0.5811042362614935,0.3442246675695677,0.5717372719208469,0.413702213022962
1,2,rdkit2d_elec__ridge,3479688010,CYP1A2_pIC50_direct_inhibition,0.909673819949938,0.6762161684766935,0.1977377508801391,0.4833607187584307,0.3401557776718716
1,2,rdkit2d_elec__ridge,3479688010,CYP2C9_pIC50_direct_inhibition,0.6151105680503189,0.4676816980530682,0.4452744647320917,0.6398958407314278,0.4697778903965722
1,2,rdkit2d_elec__ridge,3479688010,CYP2D6_pIC50_direct_inhibition,0.9350838278620328,0.6289558232876631,0.1280163608483087,0.3785541862135406,0.2570633241506495
1,2,rdkit2d_elec__ridge,3479688010,CYP3A4_pIC50_direct_inhibition,0.5168196674466964,0.5551703096388081,0.6098159115887605,0.7860227730409243,0.588762714008745
1,2,rdkit2d_elec__ridge,3479688010,MA,0.7441719708272466,0.5820059998640582,0.345211122012325,0.5719583796860809,0.4139399265569596
1,2,rdkit2d_new3__ridge,3479688010,CYP1A2_pIC50_direct_inhibition,0.8949220506082431,0.6708141873662677,0.2138597933161546,0.5097215572772515,0.3605650847317279
1,2,rdkit2d_new3__ridge,3479688010,CYP2C9_pIC50_direct_inhibition,0.6116155551064358,0.4670355067410832,0.449965847450764,0.6447394737062526,0.471752859885935
1,2,rdkit2d_new3__ridge,3479688010,CYP2D6_pIC50_direct_inhibition,0.9371106579045858,0.6319934113961667,0.1222236287597871,0.369473618847872,0.251897787778406
1,2,rdkit2d_new3__ridge,3479688010,CYP3A4_pIC50_direct_inhibition,0.5149526100454577,0.554233205109546,0.6023019762630799,0.7789928618128373,0.5831867195285998
1,2,rdkit2d_new3__ridge,3479688010,MA,0.7396502184161806,0.581019077653266,0.3470878114474464,0.5757318779110534,0.4168506129811672
1,2,rdkit2d_qm__ridge,3479688010,CYP1A2_pIC50_direct_inhibition,0.904989444219342,0.6758495595760386,0.202276455472129,0.4922533288188814,0.3468515415928015
1,2,rdkit2d_qm__ridge,3479688010,CYP2C9_pIC50_direct_inhibition,0.6106111076812981,0.4658409427969172,0.457001629957415,0.6476226403047084,0.4741355649432351
1,2,rdkit2d_qm__ridge,3479688010,CYP2D6_pIC50_direct_inhibition,0.9349731541790666,0.6295359664034986,0.132915329804201,0.3823905183220044,0.2595067180387728
1,2,rdkit2d_qm__ridge,3479688010,CYP3A4_pIC50_direct_inhibition,0.5148509261543692,0.5552262416977803,0.6085131836239824,0.7864617775155703,0.58924445514883
1,2,rdkit2d_qm__ridge,3479688010,MA,0.741356158058519,0.5816131776185587,0.3501766497144318,0.5771820662402912,0.4174345699309098
1,2,rdkit_match18__ridge,3479688010,CYP1A2_pIC50_direct_inhibition,0.9824864305129932,0.7194855232025955,0.1290336357003498,0.4005053839878905,0.2777329863807791
1,2,rdkit_match18__ridge,3479688010,CYP2C9_pIC50_direct_inhibition,0.7253592719017754,0.5304157048318271,0.2975548215011303,0.5540226977393994,0.396278270897725
1,2,rdkit_match18__ridge,3479688010,CYP2D6_pIC50_direct_inhibition,0.9798609113590354,0.6476848473247306,0.0479235305871416,0.2474447258805388,0.167029687315707
1,2,rdkit_match18__ridge,3479688010,CYP3A4_pIC50_direct_inhibition,0.6343650751975687,0.6727144033208348,0.431610064564641,0.6833328319295102,0.4919196482962137
1,2,rdkit_match18__ridge,3479688010,MA,0.8305179222428433,0.642575119669997,0.2265305130883157,0.4713264098843347,0.3332401482226062
1,2,rdkit_match3_elec__ridge,3479688010,CYP1A2_pIC50_direct_inhibition,1.033476817491548,0.7473140590546881,0.0434538281778841,0.2897763425923943,0.1942812206715088
1,2,rdkit_match3_elec__ridge,3479688010,CYP2C9_pIC50_direct_inhibition,0.8302515232719195,0.5831796840721454,0.176800765174121,0.4402087963892515,0.3080163410988381
1,2,rdkit_match3_elec__ridge,3479688010,CYP2D6_pIC50_direct_inhibition,0.9861524074086212,0.650507402671333,0.0049339794876562,0.1496133022493444,0.1014717686410907
1,2,rdkit_match3_elec__ridge,3479688010,CYP3A4_pIC50_direct_inhibition,0.8693241265245881,0.8276086560405912,0.1582376027665208,0.4253859593602636,0.2929537192744877
1,2,rdkit_match3_elec__ridge,3479688010,MA,0.9298012186741692,0.7021524504596894,0.0958565439015455,0.3262461001478134,0.2241807624214813
1,2,rdkit_match3_new3__ridge,3479688010,CYP1A2_pIC50_direct_inhibition,1.0561405864597515,0.7543727169461564,-0.0135604831894295,0.1259308570819243,0.0847259452023583
1,2,rdkit_match3_new3__ridge,3479688010,CYP2C9_pIC50_direct_inhibition,0.965214735665806,0.6274366046468485,0.0285243756367989,0.2091933804488165,0.1462590789757251
1,2,rdkit_match3_new3__ridge,3479688010,CYP2D6_pIC50_direct_inhibition,0.9420928705815282,0.6266352017545611,0.0483625935859831,0.3122845755220564,0.2137559102267525
1,2,rdkit_match3_new3__ridge,3479688010,CYP3A4_pIC50_direct_inhibition,0.9759040727963592,0.9085404912030824,0.034216004465229,0.1922398453427706,0.1288646251349335
1,2,rdkit_match3_new3__ridge,3479688010,MA,0.9848380663758614,0.7292462536376622,0.0243856226246453,0.209912164598892,0.1434013898849424
1,3,plain_qm,877132087,CYP1A2_pIC50_direct_inhibition,0.691495596388464,0.6295786688913382,0.3378646266808199,0.5772672683009678,0.4183882207323127
1,3,plain_qm,877132087,CYP2C9_pIC50_direct_inhibition,0.6971631973091441,0.4583548188018383,0.3389623816917471,0.5710527355605124,0.4115047366222334
1,3,plain_qm,877132087,CYP2D6_pIC50_direct_inhibition,1.2733216201117032,0.6644783703383333,-0.0604322379984448,0.3451030738701413,0.2350521185773668
1,3,plain_qm,877132087,CYP3A4_pIC50_direct_inhibition,0.5869348805910899,0.5551860372863106,0.5371423670884123,0.7386102692791409,0.5552230153889938
1,3,plain_qm,877132087,MA,0.8122288236001003,0.5768994738294552,0.2883842843656337,0.5580083367526907,0.4050420228302267
1,3,qm_3d__ridge,877132087,CYP1A2_pIC50_direct_inhibition,0.956487127508714,0.7718573989459426,0.034860371283849,0.2238247363036008,0.1542401880347968
1,3,qm_3d__ridge,877132087,CYP2C9_pIC50_direct_inhibition,1.0200224145525767,0.5739068040620606,0.0156477872625147,0.0974986838120016,0.0690700278793503
1,3,qm_3d__ridge,877132087,CYP2D6_pIC50_direct_inhibition,1.014057557699929,0.5778164147342129,-0.0044370829790938,0.012597968054768,0.0077433683964399
1,3,qm_3d__ridge,877132087,CYP3A4_pIC50_direct_inhibition,0.9203226080683956,0.8364687032053976,0.066839993386267,0.2843898668541716,0.1960218490580221
1,3,qm_3d__ridge,877132087,MA,0.9777224269574036,0.6900123302369033,0.0282277672383842,0.1545778137561355,0.1067688583421523
1,3,qm_dft3__ridge,877132087,CYP1A2_pIC50_direct_inhibition,0.9754519404812778,0.7832878752066157,0.0005860213001114,0.1510342434446335,0.1044229801312206
1,3,qm_dft3__ridge,877132087,CYP2C9_pIC50_direct_inhibition,1.047814713222465,0.5789484604057611,-0.0155174915083892,0.1209032250189836,0.0826553094239609
1,3,qm_dft3__ridge,877132087,CYP2D6_pIC50_direct_inhibition,1.012317868007767,0.5763462356342774,-0.010408874857008,0.024041107706186,0.0133229548914733
1,3,qm_dft3__ridge,877132087,CYP3A4_pIC50_direct_inhibition,1.0023270681776786,0.8869275930193337,-0.0123571319333543,0.0797219419504916,0.0522554899063588
1,3,qm_dft3__ridge,877132087,MA,1.009477897472297,0.706377541066497,-0.00942436924966,0.0939251295300737,0.0631641835882534
1,3,qm_elec__ridge,877132087,CYP1A2_pIC50_direct_inhibition,0.9392727798398232,0.7660829617119685,0.0472284812895596,0.2054206158920824,0.1431344959771128
1,3,qm_elec__ridge,877132087,CYP2C9_pIC50_direct_inhibition,0.983911288050551,0.5582066725943717,0.0553899687104425,0.2554736102236501,0.1798322524641563
1,3,qm_elec__ridge,877132087,CYP2D6_pIC50_direct_inhibition,0.9966895049204386,0.568314559794566,0.058473768663899,0.2224715770478497,0.1502242556914615
1,3,qm_elec__ridge,877132087,CYP3A4_pIC50_direct_inhibition,1.0120578590914304,0.8834292738500412,-0.0073362561447332,0.154759175242922,0.1049157773335023
1,3,qm_elec__ridge,877132087,MA,0.9829828579755608,0.6940083669877368,0.038438990629792,0.2095312446016261,0.1445266953665582
1,3,qm_full__lightgbm,877132087,CYP1A2_pIC50_direct_inhibition,0.9479182456874288,0.7643070278754045,0.036112313883206,0.2158072567859273,0.1472155709777578
1,3,qm_full__lightgbm,877132087,CYP2C9_pIC50_direct_inhibition,0.9626999295080616,0.5560517651929493,0.0798055839257846,0.2876961674293501,0.1961137533007924
1,3,qm_full__lightgbm,877132087,CYP2D6_pIC50_direct_inhibition,0.9952338820539208,0.5697130642720045,0.0095561636947289,0.1251773671427938,0.0885436111634716
1,3,qm_full__lightgbm,877132087,CYP3A4_pIC50_direct_inhibition,0.9222875191859768,0.8260412221530036,0.0709588006860323,0.3040957069136958,0.205274400400677
1,3,qm_full__lightgbm,877132087,MA,0.957034894108847,0.6790282698733405,0.0491082155474379,0.2331941245679417,0.1592868339606747
1,3,qm_full__rf,877132087,CYP1A2_pIC50_direct_inhibition,0.9267880868229214,0.7547708677495926,0.0786172683540116,0.3022513152905309,0.2082744707445216
1,3,qm_full__rf,877132087,CYP2C9_pIC50_direct_inhibition,1.001869425377004,0.5640628896685659,0.0546963959180541,0.2515693988914623,0.1717144736382061
1,3,qm_full__rf,877132087,CYP2D6_pIC50_direct_inhibition,1.0059546643871278,0.5697679427179088,0.0752498721768504,0.3015121332377479,0.2054016010345166
1,3,qm_full__rf,877132087,CYP3A4_pIC50_direct_inhibition,0.9670353339366996,0.8430694630121794,0.0461137808895555,0.2976604571189619,0.201026019571252
1,3,qm_full__rf,877132087,MA,0.9754118776309382,0.6829177907870617,0.0636693293346179,0.2882483261346757,0.1966041412471241
1,3,qm_full__ridge,877132087,CYP1A2_pIC50_direct_inhibition,0.9122878067078686,0.7514953052769062,0.0896229982008335,0.2858002664322305,0.1987001321147684
1,3,qm_full__ridge,877132087,CYP2C9_pIC50_direct_inhibition,0.9621484249166236,0.5540913803500883,0.0806941234702442,0.2776155959972827,0.189573329356674
1,3,qm_full__ridge,877132087,CYP2D6_pIC50_direct_inhibition,1.014381806158948,0.5728670644338624,0.0510560853590187,0.1926216282995969,0.1282387013792807
1,3,qm_full__ridge,877132087,CYP3A4_pIC50_direct_inhibition,0.945319435225003,0.8366297596812159,0.0580063059197441,0.2854412834819949,0.1972335409524919
1,3,qm_full__ridge,877132087,MA,0.9585343682521108,0.6787708774355182,0.0698448782374601,0.2603696935527763,0.1784364259508038
1,3,qm_full__xgboost,877132087,CYP1A2_pIC50_direct_inhibition,0.9533565432255696,0.7702166827374018,0.0244165136050974,0.1895651379779249,0.1340420756096365
1,3,qm_full__xgboost,877132087,CYP2C9_pIC50_direct_inhibition,1.0135325259616648,0.5621286763099638,0.0518352845471617,0.2541711034866548,0.1708578200627983
1,3,qm_full__xgboost,877132087,CYP2D6_pIC50_direct_inhibition,1.1512986797089664,0.6239921544894479,-0.1098053440337439,0.0981146736231647,0.062829843362659
1,3,qm_full__xgboost,877132087,CYP3A4_pIC50_direct_inhibition,0.9456032387812364,0.846784728039162,0.0492877151256108,0.2529172274194712,0.1729491573291315
1,3,qm_full__xgboost,877132087,MA,1.0159477469193594,0.700780560393994,0.0039335423110315,0.1986920356268039,0.1351697240910563
1,3,qm_full_hmin__ridge,877132087,CYP1A2_pIC50_direct_inhibition,0.9040386364000172,0.740747126615735,0.0912305074642408,0.3176399455573888,0.2192489751849385
1,3,qm_full_hmin__ridge,877132087,CYP2C9_pIC50_direct_inhibition,0.9527886522032544,0.5463941942189043,0.0966195334953313,0.2905595307527185,0.1962870381291025
1,3,qm_full_hmin__ridge,877132087,CYP2D6_pIC50_direct_inhibition,1.008361337306547,0.5723491430337396,0.0521963494855944,0.189822310924577,0.1268565820318627
1,3,qm_full_hmin__ridge,877132087,CYP3A4_pIC50_direct_inhibition,0.935964800524336,0.82803737416052,0.0686579913972966,0.3184006034587952,0.2211679698997505
1,3,qm_full_hmin__ridge,877132087,MA,0.9502883566085386,0.6718819595072248,0.0771760954606158,0.2791055976733698,0.1908901413114136
1,3,qm_gfn23__ridge,877132087,CYP1A2_pIC50_direct_inhibition,0.9729350496445608,0.7804937052698345,0.0014890395765739,0.1528434084589911,0.1062372922522748
1,3,qm_gfn23__ridge,877132087,CYP2C9_pIC50_direct_inhibition,1.0534694921228192,0.579592462178374,-0.0132208193422656,0.0932393409316324,0.0613662871145087
1,3,qm_gfn23__ridge,877132087,CYP2D6_pIC50_direct_inhibition,0.9774133996933017,0.5619041616788849,0.0333880591154722,0.2001831081011718,0.1312490962262714
1,3,qm_gfn23__ridge,877132087,CYP3A4_pIC50_direct_inhibition,1.001241029640537,0.8888444438314607,-0.013075448059976,0.0237372388475703,0.0145414651585155
1,3,qm_gfn23__ridge,877132087,MA,1.0012647427753043,0.7027086932396385,0.0021452078224511,0.1175007740848414,0.0783485351878926
1,3,qm_new3__ridge,877132087,CYP1A2_pIC50_direct_inhibition,0.969248087488418,0.7797430469768989,0.0048454247092702,0.1759522886507636,0.1177924659581134
1,3,qm_new3__ridge,877132087,CYP2C9_pIC50_direct_inhibition,1.0554010863159764,0.57981731642963,-0.0232158677805511,-0.1406473345486723,-0.0936378959143487
1,3,qm_new3__ridge,877132087,CYP2D6_pIC50_direct_inhibition,1.0124365595046434,0.5757755309397575,-0.0102494930955313,-0.0224905152429162,-0.0145117993000578
1,3,qm_new3__ridge,877132087,CYP3A4_pIC50_direct_inhibition,0.9854656607908748,0.8789435743339858,0.0014032056831798,0.110105446908883,0.0728282169645515
1,3,qm_new3__ridge,877132087,MA,1.0056378485249782,0.7035698671700681,-0.0068041826209081,0.0307299714420145,0.0206177469270645
1,3,rdkit2d_3d__ridge,877132087,CYP1A2_pIC50_direct_inhibition,0.7393703059934899,0.6551685523441236,0.2905866348321805,0.5304231265224347,0.3775094588198914
1,3,rdkit2d_3d__ridge,877132087,CYP2C9_pIC50_direct_inhibition,0.7336050841371435,0.4648644376071256,0.3133312706577238,0.5471097199598738,0.3869184459963614
1,3,rdkit2d_3d__ridge,877132087,CYP2D6_pIC50_direct_inhibition,0.984490073594092,0.5593102416576022,0.1144502126402258,0.3225225005299468,0.2214610964903815
1,3,rdkit2d_3d__ridge,877132087,CYP3A4_pIC50_direct_inhibition,0.5993198220395102,0.5850126829218966,0.4783942291499228,0.7210330457761956,0.5301812573553126
1,3,rdkit2d_3d__ridge,877132087,MA,0.7641963214410589,0.566088978632687,0.2991905868200132,0.5302720981971127,0.3790175646654867
1,3,rdkit2d__ridge,877132087,CYP1A2_pIC50_direct_inhibition,0.7444886603303283,0.6601116464299779,0.2868868624191366,0.5238445598227033,0.3742730556585884
1,3,rdkit2d__ridge,877132087,CYP2C9_pIC50_direct_inhibition,0.7381448537408682,0.4645438958606391,0.3147582698294711,0.5584521948634836,0.3957821015417312
1,3,rdkit2d__ridge,877132087,CYP2D6_pIC50_direct_inhibition,0.9632479486934932,0.5508234988769863,0.1088295230423425,0.3090192991959272,0.2095858414433968
1,3,rdkit2d__ridge,877132087,CYP3A4_pIC50_direct_inhibition,0.5982965739888237,0.5844388475825885,0.4835831751391055,0.7199983710825623,0.5288092835933607
1,3,rdkit2d__ridge,877132087,MA,0.7610445091883784,0.564979472187548,0.2985144576075139,0.5278286062411691,0.3771125705592693
1,3,rdkit2d_elec__ridge,877132087,CYP1A2_pIC50_direct_inhibition,0.745200321409812,0.6603984900510707,0.2848521286836836,0.525879277727061,0.3750429193053836
1,3,rdkit2d_elec__ridge,877132087,CYP2C9_pIC50_direct_inhibition,0.741196913899005,0.4639094156324642,0.3142680030802748,0.5601427972764955,0.3977820756639669
1,3,rdkit2d_elec__ridge,877132087,CYP2D6_pIC50_direct_inhibition,0.9581075567664964,0.5495043639666991,0.1243322348902719,0.3190761084335911,0.217269990467419
1,3,rdkit2d_elec__ridge,877132087,CYP3A4_pIC50_direct_inhibition,0.6061823599328166,0.5930574186409427,0.475391630620945,0.7133345333715604,0.523191602922352
1,3,rdkit2d_elec__ridge,877132087,MA,0.7626717880020325,0.5667174220727942,0.2997109993187938,0.529608179202177,0.3783216470897804
1,3,rdkit2d_new3__ridge,877132087,CYP1A2_pIC50_direct_inhibition,0.7369360500536168,0.6536247967502321,0.2933978452337253,0.532651124335457,0.3788973233734479
1,3,rdkit2d_new3__ridge,877132087,CYP2C9_pIC50_direct_inhibition,0.7406730228403325,0.4676805690220115,0.3065335184067363,0.5391978564432994,0.3806452834733613
1,3,rdkit2d_new3__ridge,877132087,CYP2D6_pIC50_direct_inhibition,0.9814088658065993,0.558262647824356,0.1169448452773846,0.3239721104548406,0.2216899211567997
1,3,rdkit2d_new3__ridge,877132087,CYP3A4_pIC50_direct_inhibition,0.5983828704913758,0.5842520519357436,0.4850496639866434,0.7207105698245966,0.5294887558285477
1,3,rdkit2d_new3__ridge,877132087,MA,0.7643502022979811,0.5659550163830858,0.3004814682261224,0.5291329152645484,0.3776803209580392
1,3,rdkit2d_qm__ridge,877132087,CYP1A2_pIC50_direct_inhibition,0.7386429410248816,0.655138032467394,0.2890419133876112,0.5342484970687787,0.3817650005522121
1,3,rdkit2d_qm__ridge,877132087,CYP2C9_pIC50_direct_inhibition,0.7335198914132658,0.462112060446223,0.3139101173392187,0.5500483325547068,0.3890942201021293
1,3,rdkit2d_qm__ridge,877132087,CYP2D6_pIC50_direct_inhibition,0.96368601850558,0.5515956563503313,0.121779217947994,0.3123615162119546,0.2125936185855598
1,3,rdkit2d_qm__ridge,877132087,CYP3A4_pIC50_direct_inhibition,0.6087206466697338,0.5936849692306427,0.4707030586211697,0.713108979154403,0.5229567787559646
1,3,rdkit2d_qm__ridge,877132087,MA,0.7611423744033652,0.5656326796236477,0.2988585768239984,0.5274418312474609,0.3766024044989664
1,3,rdkit_match18__ridge,877132087,CYP1A2_pIC50_direct_inhibition,0.8135328594086115,0.6926393365317052,0.2155291884058065,0.4728000158750723,0.3299646191947648
1,3,rdkit_match18__ridge,877132087,CYP2C9_pIC50_direct_inhibition,0.8968567761620077,0.5323747668504827,0.1508567865897209,0.4250829037294684,0.2911497218430774
1,3,rdkit_match18__ridge,877132087,CYP2D6_pIC50_direct_inhibition,1.038074898070709,0.5848003902134122,0.023413401232529,0.1843109937502319,0.1238856683565876
1,3,rdkit_match18__ridge,877132087,CYP3A4_pIC50_direct_inhibition,0.8131871943196545,0.7397422214298648,0.2606861446539171,0.5355817942947229,0.373511654248758
1,3,rdkit_match18__ridge,877132087,MA,0.8904129319902456,0.6373891787563661,0.1626213802204934,0.4044439269123738,0.2796279159107969
1,3,rdkit_match3_elec__ridge,877132087,CYP1A2_pIC50_direct_inhibition,0.9126514406917284,0.7548760755866628,0.0848383473399845,0.3266115171427659,0.2258194521998159
1,3,rdkit_match3_elec__ridge,877132087,CYP2C9_pIC50_direct_inhibition,0.9694331608062527,0.5551887262031497,0.0787016612054622,0.337536889217556,0.2329162359974449
1,3,rdkit_match3_elec__ridge,877132087,CYP2D6_pIC50_direct_inhibition,1.0032192637741475,0.5695902984638298,0.0100899680321602,0.1167844631559249,0.0766106697341705
1,3,rdkit_match3_elec__ridge,877132087,CYP3A4_pIC50_direct_inhibition,1.0083189228021143,0.8713131066259059,0.0073452366547537,0.2267343180021563,0.1534510230767372
1,3,rdkit_match3_elec__ridge,877132087,MA,0.9734056970185608,0.687742051719887,0.0452438033080901,0.2519167968796008,0.1721993452520421
1,3,rdkit_match3_new3__ridge,877132087,CYP1A2_pIC50_direct_inhibition,0.9783471007235834,0.7867737900309888,0.008011166248936,0.1615521479796851,0.1084036571086168
1,3,rdkit_match3_new3__ridge,877132087,CYP2C9_pIC50_direct_inhibition,1.051886614670141,0.5802505896937351,0.0117908584311435,0.108305796666503,0.0716495323690455
1,3,rdkit_match3_new3__ridge,877132087,CYP2D6_pIC50_direct_inhibition,1.0018406237027664,0.570168812462065,0.0471895321237174,0.1997008012216643,0.1361360651326535
1,3,rdkit_match3_new3__ridge,877132087,CYP3A4_pIC50_direct_inhibition,1.0059922580159697,0.8847724833905816,-0.0168756941778084,0.1139898811574749,0.0774830833198525
1,3,rdkit_match3_new3__ridge,877132087,MA,1.0095166492781151,0.7054914188943426,0.0125289656564971,0.1458871567563318,0.098418084482542
1,4,plain_qm,1244265337,CYP1A2_pIC50_direct_inhibition,0.8423125679582086,0.6282884520488772,0.2582472054175062,0.5200115435216226,0.3660948972833913
1,4,plain_qm,1244265337,CYP2C9_pIC50_direct_inhibition,0.5740051204091272,0.4350304414920117,0.4484372043746502,0.6846719080984164,0.4968274752560667
1,4,plain_qm,1244265337,CYP2D6_pIC50_direct_inhibition,1.1098956581243002,0.6089155002971306,0.0646140426237098,0.3219901726279651,0.2197796679229263
1,4,plain_qm,1244265337,CYP3A4_pIC50_direct_inhibition,0.5546182357917502,0.5696319143533409,0.5810551020699438,0.7524336336109052,0.5574047203393773
1,4,plain_qm,1244265337,MA,0.7702078955708467,0.5604665770478401,0.3380883886214525,0.5697768144647273,0.4100266902004403
1,4,qm_3d__ridge,1244265337,CYP1A2_pIC50_direct_inhibition,0.9874407924464744,0.704527649148376,0.013967659449982,0.1586877192279128,0.1061663495863264
1,4,qm_3d__ridge,1244265337,CYP2C9_pIC50_direct_inhibition,0.899179470599077,0.559025259805049,0.0649767189735297,0.2721950994782737,0.1856731676760148
1,4,qm_3d__ridge,1244265337,CYP2D6_pIC50_direct_inhibition,1.019456492635339,0.5783670160822252,-0.0099968715609698,0.0238391824528695,0.017099673524333
1,4,qm_3d__ridge,1244265337,CYP3A4_pIC50_direct_inhibition,0.9155293310915196,0.8614859822966321,0.0796588149499141,0.281001934748873,0.1916898622882153
1,4,qm_3d__ridge,1244265337,MA,0.9554015216931028,0.6758514768330705,0.037151580453114,0.1839309839769822,0.1251572632687224
1,4,qm_dft3__ridge,1244265337,CYP1A2_pIC50_direct_inhibition,0.980243341853103,0.700580553159856,0.0070746192537774,0.1295498610912024,0.0859272649942781
1,4,qm_dft3__ridge,1244265337,CYP2C9_pIC50_direct_inhibition,0.945428391669576,0.5789879601636033,0.031598412415472,0.2089967611164873,0.1381976053914617
1,4,qm_dft3__ridge,1244265337,CYP2D6_pIC50_direct_inhibition,1.0122947700031906,0.5758319491347119,-0.0037868859667669,0.0903575937337237,0.0634112838364876
1,4,qm_dft3__ridge,1244265337,CYP3A4_pIC50_direct_inhibition,0.9809843830402188,0.9015174042526184,0.0071729171964095,0.0661826201479386,0.0433060812731165
1,4,qm_dft3__ridge,1244265337,MA,0.979737721641522,0.6892294666776975,0.010514765724723,0.123771709022338,0.082710558873836
1,4,qm_elec__ridge,1244265337,CYP1A2_pIC50_direct_inhibition,0.9454467755273244,0.6839737338661062,0.0657377016924899,0.2647734366508951,0.178322664341566
1,4,qm_elec__ridge,1244265337,CYP2C9_pIC50_direct_inhibition,0.9557799264650372,0.5802201916670122,0.0523809943249697,0.2169985899889731,0.1444944083741262
1,4,qm_elec__ridge,1244265337,CYP2D6_pIC50_direct_inhibition,0.980195198934415,0.5635427367241376,0.062748698408974,0.2852572342586132,0.192740523984025
1,4,qm_elec__ridge,1244265337,CYP3A4_pIC50_direct_inhibition,0.9563990946041871,0.8829797709553108,0.0408790752754724,0.1854711026077539,0.1265676694389343
1,4,qm_elec__ridge,1244265337,MA,0.9594552488827408,0.6776791083031417,0.0554366174254765,0.2381250908765588,0.1605313165346629
1,4,qm_full__lightgbm,1244265337,CYP1A2_pIC50_direct_inhibition,0.928646247557901,0.6767049053388093,0.0705437054991384,0.2873269454609075,0.1974204486288984
1,4,qm_full__lightgbm,1244265337,CYP2C9_pIC50_direct_inhibition,0.9771831270623011,0.5874648193730067,0.0283492734534126,0.2327913036619601,0.1591962186942893
1,4,qm_full__lightgbm,1244265337,CYP2D6_pIC50_direct_inhibition,1.0253328433744944,0.5813504818253772,0.0064967890503588,0.1322070113347371,0.0874021413980826
1,4,qm_full__lightgbm,1244265337,CYP3A4_pIC50_direct_inhibition,0.934256276875094,0.867909415456522,0.0668265342094139,0.2579494728894458,0.1740478055960177
1,4,qm_full__lightgbm,1244265337,MA,0.9663546237174476,0.6783574054984287,0.0430540755530809,0.2275686833367626,0.154516653579322
1,4,qm_full__rf,1244265337,CYP1A2_pIC50_direct_inhibition,0.9999894174164946,0.699480662069149,0.0631964368116875,0.2996986309241338,0.1993371907975522
1,4,qm_full__rf,1244265337,CYP2C9_pIC50_direct_inhibition,0.9678515640479852,0.5804179854934993,0.0386560736363764,0.2361960077519658,0.159773072049495
1,4,qm_full__rf,1244265337,CYP2D6_pIC50_direct_inhibition,1.0810604371436796,0.5981957607241801,0.0058335928898837,0.1920058243144951,0.1294122207762567
1,4,qm_full__rf,1244265337,CYP3A4_pIC50_direct_inhibition,0.9590527500817754,0.8838706251741011,0.0462614183039203,0.2506225927860898,0.169403752398099
1,4,qm_full__rf,1244265337,MA,1.001988542172484,0.6904912583652324,0.038486880410467,0.2446307639441711,0.1644815590053507
1,4,qm_full__ridge,1244265337,CYP1A2_pIC50_direct_inhibition,0.957992934346106,0.6889218904368707,0.0703681687359332,0.2719101718294544,0.1829131539132492
1,4,qm_full__ridge,1244265337,CYP2C9_pIC50_direct_inhibition,0.9078121975977692,0.5678539964597769,0.0841318280739431,0.2725222354083653,0.184033590974174
1,4,qm_full__ridge,1244265337,CYP2D6_pIC50_direct_inhibition,0.9785219220077752,0.5622311563748991,0.0659502026600384,0.2881824939344853,0.1939690645087023
1,4,qm_full__ridge,1244265337,CYP3A4_pIC50_direct_inhibition,0.9078733190152868,0.8522861527299259,0.1001952500291343,0.3001159950704887,0.2040669831851551
1,4,qm_full__ridge,1244265337,MA,0.9380500932417344,0.6678232990003682,0.0801613623747622,0.2831827240606984,0.1912456981453201
1,4,qm_full__xgboost,1244265337,CYP1A2_pIC50_direct_inhibition,0.9549266292162144,0.6894106932153138,0.0298189851353906,0.2798271698693601,0.1975108144882206
1,4,qm_full__xgboost,1244265337,CYP2C9_pIC50_direct_inhibition,0.9631471182479376,0.5853947991349651,0.0193694643476017,0.1172319984846624,0.0805333271734249
1,4,qm_full__xgboost,1244265337,CYP2D6_pIC50_direct_inhibition,1.0164113737791298,0.5782124495052319,0.0087201967785382,0.1538892006910195,0.106882914859374
1,4,qm_full__xgboost,1244265337,CYP3A4_pIC50_direct_inhibition,0.9588037833870388,0.8829586801962129,0.0416967380510472,0.219282944924976,0.1494687274584095
1,4,qm_full__xgboost,1244265337,MA,0.9733222261575802,0.6839941555129309,0.0249013460781444,0.1925578284925045,0.1335989459948573
1,4,qm_full_hmin__ridge,1244265337,CYP1A2_pIC50_direct_inhibition,0.9626805200852938,0.6904800841956765,0.0959442535137956,0.3047773632614363,0.2036042054266369
1,4,qm_full_hmin__ridge,1244265337,CYP2C9_pIC50_direct_inhibition,0.8986095961477815,0.5594200855136756,0.0977728671980664,0.2916133885196457,0.1980980271715486
1,4,qm_full_hmin__ridge,1244265337,CYP2D6_pIC50_direct_inhibition,0.9347106650460864,0.5454093820841177,0.0961473650119505,0.336345385601774,0.2310101471728791
1,4,qm_full_hmin__ridge,1244265337,CYP3A4_pIC50_direct_inhibition,0.8804204283570888,0.835885955418359,0.1297362527067395,0.3570067278734722,0.2429301981362943
1,4,qm_full_hmin__ridge,1244265337,MA,0.9191053024090624,0.6577988768029572,0.104900184607638,0.3224357163140821,0.2189106444768397
1,4,qm_gfn23__ridge,1244265337,CYP1A2_pIC50_direct_inhibition,0.9947820394584722,0.7076099880619748,-0.0014060906180516,0.1105040511805627,0.0729005927201256
1,4,qm_gfn23__ridge,1244265337,CYP2C9_pIC50_direct_inhibition,0.9682399946983744,0.5850402685956422,0.0004247854201289,0.1554564888620851,0.1037561717967834
1,4,qm_gfn23__ridge,1244265337,CYP2D6_pIC50_direct_inhibition,0.9657308435721892,0.5604035295877446,0.057983063109985,0.2734127193896023,0.1856575048473047
1,4,qm_gfn23__ridge,1244265337,CYP3A4_pIC50_direct_inhibition,0.9823182216010048,0.9050436703058936,-0.000492686884011,0.0309785429967355,0.0205819496225436
1,4,qm_gfn23__ridge,1244265337,MA,0.9777677748325102,0.6895243641378138,0.0141272677570128,0.1425879506072464,0.0957240547466893
1,4,qm_new3__ridge,1244265337,CYP1A2_pIC50_direct_inhibition,0.9689383481422292,0.6980436853627434,0.0420735560581043,0.2434228797027357,0.1637692157699509
1,4,qm_new3__ridge,1244265337,CYP2C9_pIC50_direct_inhibition,0.9787099288270268,0.5876578071054953,-0.008836999681923,0.0464394398410747,0.0322562897669348
1,4,qm_new3__ridge,1244265337,CYP2D6_pIC50_direct_inhibition,1.0161730003884917,0.5789210435576999,-0.0071979210740692,0.0562768548272986,0.0387939362724578
1,4,qm_new3__ridge,1244265337,CYP3A4_pIC50_direct_inhibition,0.9811408563634028,0.905563946192108,-0.0001523637007418,0.1404582634103557,0.09228902037969
1,4,qm_new3__ridge,1244265337,MA,0.9862405334302876,0.6925466205545118,0.0064715679003425,0.1216493594453662,0.0817771155472584
1,4,rdkit2d_3d__ridge,1244265337,CYP1A2_pIC50_direct_inhibition,0.863421393184699,0.6358738133808801,0.2180287609367743,0.4818910878858276,0.3296068640491403
1,4,rdkit2d_3d__ridge,1244265337,CYP2C9_pIC50_direct_inhibition,0.6618756928674497,0.4729747109236684,0.3811920713804808,0.6364324442026901,0.449639360358237
1,4,rdkit2d_3d__ridge,1244265337,CYP2D6_pIC50_direct_inhibition,0.9540643755916192,0.5486494604916408,0.1568463303067168,0.3651006779539513,0.2524147152293172
1,4,rdkit2d_3d__ridge,1244265337,CYP3A4_pIC50_direct_inhibition,0.6006749336955064,0.6132533853182847,0.5171406703071273,0.7096928004870096,0.516425061815449
1,4,rdkit2d_3d__ridge,1244265337,MA,0.7700090988348186,0.5676878425286185,0.3183019582327748,0.5482792526323697,0.3870215003630359
1,4,rdkit2d__ridge,1244265337,CYP1A2_pIC50_direct_inhibition,0.8778331192424708,0.640459380059296,0.2029500938534238,0.4664070850175434,0.3189440055689918
1,4,rdkit2d__ridge,1244265337,CYP2C9_pIC50_direct_inhibition,0.672177096553272,0.4741310074423954,0.375736462645909,0.6315725325783346,0.444848956036942
1,4,rdkit2d__ridge,1244265337,CYP2D6_pIC50_direct_inhibition,0.9543810931283476,0.548028833037182,0.1513897071813863,0.3703965442672624,0.2560304600817633
1,4,rdkit2d__ridge,1244265337,CYP3A4_pIC50_direct_inhibition,0.6027253326274021,0.6140477958917602,0.5157543945801528,0.7087961384319399,0.5159424646206121
1,4,rdkit2d__ridge,1244265337,MA,0.7767791603878732,0.5691667541076584,0.311457664565218,0.5442930750737701,0.3839414715770772
1,4,rdkit2d_elec__ridge,1244265337,CYP1A2_pIC50_direct_inhibition,0.8725215303802075,0.6368838220728662,0.2075161175573349,0.464851433435175,0.3172572471078139
1,4,rdkit2d_elec__ridge,1244265337,CYP2C9_pIC50_direct_inhibition,0.6807727720042682,0.4769808388940423,0.3726767757435668,0.6274511277856281,0.4415674900691129
1,4,rdkit2d_elec__ridge,1244265337,CYP2D6_pIC50_direct_inhibition,0.9510146821602156,0.5464625560993199,0.1527561015197174,0.3738647973657617,0.2584229194479234
1,4,rdkit2d_elec__ridge,1244265337,CYP3A4_pIC50_direct_inhibition,0.5998238732048883,0.6111951343427466,0.5206879993192021,0.7105536693965117,0.5177380589609829
1,4,rdkit2d_elec__ridge,1244265337,MA,0.7760332144373948,0.5678805878522438,0.3134092485349553,0.5441802569957691,0.3837464288964582
1,4,rdkit2d_new3__ridge,1244265337,CYP1A2_pIC50_direct_inhibition,0.8646796588142106,0.6364312190252763,0.2176949933791473,0.4811687976114717,0.329336830752745
1,4,rdkit2d_new3__ridge,1244265337,CYP2C9_pIC50_direct_inhibition,0.6713900166573634,0.4737161942407062,0.3775669720683086,0.632200696064863,0.4458102262254894
1,4,rdkit2d_new3__ridge,1244265337,CYP2D6_pIC50_direct_inhibition,0.950318312143732,0.5472479879939284,0.1583697295487273,0.3690620610371055,0.2550369572198527
1,4,rdkit2d_new3__ridge,1244265337,CYP3A4_pIC50_direct_inhibition,0.6008825243278179,0.6129415474144396,0.5173630540471164,0.7098560258994262,0.5166918014865178
1,4,rdkit2d_new3__ridge,1244265337,MA,0.771817627985781,0.5675842371685876,0.3177486872608249,0.5480718951532166,0.3867189539211512
1,4,rdkit2d_qm__ridge,1244265337,CYP1A2_pIC50_direct_inhibition,0.8576590214121608,0.6331081389501131,0.2226531217254231,0.4828873190957189,0.3304902591095123
1,4,rdkit2d_qm__ridge,1244265337,CYP2C9_pIC50_direct_inhibition,0.6728863315068739,0.4761415360837883,0.3770167282345824,0.6313223255164816,0.4456710315927082
1,4,rdkit2d_qm__ridge,1244265337,CYP2D6_pIC50_direct_inhibition,0.9519853933367056,0.5462788872746892,0.1597364699716317,0.3702777250954369,0.2551321887417823
1,4,rdkit2d_qm__ridge,1244265337,CYP3A4_pIC50_direct_inhibition,0.596339671784831,0.6105772892721019,0.5223638724382315,0.7122040238780926,0.5191610008293772
1,4,rdkit2d_qm__ridge,1244265337,MA,0.7697176045101429,0.5665264628951732,0.3204425480924672,0.5491728483964325,0.387613620068345
1,4,rdkit_match18__ridge,1244265337,CYP1A2_pIC50_direct_inhibition,0.9427423270091208,0.6753188058850806,0.1174446352519371,0.3853214185729103,0.2581550018184484
1,4,rdkit_match18__ridge,1244265337,CYP2C9_pIC50_direct_inhibition,0.8046826581501321,0.5103847447788733,0.2398159727844201,0.4822248660815085,0.3383628053603856
1,4,rdkit_match18__ridge,1244265337,CYP2D6_pIC50_direct_inhibition,0.9479737719809648,0.5503749549052014,0.103727006006292,0.3483515530917332,0.2387138620043811
1,4,rdkit_match18__ridge,1244265337,CYP3A4_pIC50_direct_inhibition,0.7543280539434417,0.7373599783452454,0.3402435199989229,0.5819684350862403,0.4075416473317421
1,4,rdkit_match18__ridge,1244265337,MA,0.8624317027709149,0.6183596209786002,0.200307783510393,0.449466568208098,0.3106933291287393
1,4,rdkit_match3_elec__ridge,1244265337,CYP1A2_pIC50_direct_inhibition,0.9438076401799792,0.686008924204822,0.0619830336483185,0.281129116636617,0.1935633663998487
1,4,rdkit_match3_elec__ridge,1244265337,CYP2C9_pIC50_direct_inhibition,0.8801983196813064,0.5498999517296159,0.1223756508865278,0.3684104815187571,0.2501977371440865
1,4,rdkit_match3_elec__ridge,1244265337,CYP2D6_pIC50_direct_inhibition,1.0340420211812489,0.5809835664303024,-0.0058312636749658,0.0562318000770648,0.0369349996340326
1,4,rdkit_match3_elec__ridge,1244265337,CYP3A4_pIC50_direct_inhibition,0.8676964402203109,0.8411698811012435,0.1349249905835148,0.3600821667902602,0.2450278092617505
1,4,rdkit_match3_elec__ridge,1244265337,MA,0.9314361053157112,0.664515580866496,0.0783631028608488,0.2664633912556747,0.1814309781099296
1,4,rdkit_match3_new3__ridge,1244265337,CYP1A2_pIC50_direct_inhibition,0.9899559783922056,0.700152296638924,0.0090509880833357,0.1192910463530957,0.0775221732054049
1,4,rdkit_match3_new3__ridge,1244265337,CYP2C9_pIC50_direct_inhibition,0.9492566001649084,0.5804529457032482,0.0264857785772121,0.1268431028588199,0.0866472587894253
1,4,rdkit_match3_new3__ridge,1244265337,CYP2D6_pIC50_direct_inhibition,1.0031166805899532,0.568931757715512,0.0410254706907294,0.2328119147324849,0.1547690239794014
1,4,rdkit_match3_new3__ridge,1244265337,CYP3A4_pIC50_direct_inhibition,0.9480190172263492,0.8864292127296259,0.0348335261808157,0.1764356248004912,0.1210564647672228
1,4,rdkit_match3_new3__ridge,1244265337,MA,0.972587069093354,0.6839915531968276,0.0278489408830232,0.1638454221862229,0.1099987301853636
2,0,plain_qm,2740186692,CYP1A2_pIC50_direct_inhibition,0.9454504495211892,0.64162312161321,0.2166769189766487,0.5063145095562358,0.3480993462511226
2,0,plain_qm,2740186692,CYP2C9_pIC50_direct_inhibition,0.560597496944369,0.4398328829430231,0.4907012626950663,0.7057465878634136,0.5192361288012275
2,0,plain_qm,2740186692,CYP2D6_pIC50_direct_inhibition,1.1604191343155787,0.6582835349519863,-0.0279092144933674,0.3158949562389472,0.2093062694670217
2,0,plain_qm,2740186692,CYP3A4_pIC50_direct_inhibition,0.5682391124501035,0.5972503076379555,0.4916612945085424,0.733781920160026,0.5424212268149681
2,0,plain_qm,2740186692,MA,0.8086765483078101,0.5842474617865437,0.2927825654217225,0.5654344934546557,0.4047657428335849
2,0,qm_3d__ridge,2740186692,CYP1A2_pIC50_direct_inhibition,0.9894594930278978,0.6765434852476522,0.0445404929046601,0.2390318559155214,0.1584116027916824
2,0,qm_3d__ridge,2740186692,CYP2C9_pIC50_direct_inhibition,0.8726346709164263,0.5835503895513443,0.0903786221919781,0.359185609631329,0.2476307309211892
2,0,qm_3d__ridge,2740186692,CYP2D6_pIC50_direct_inhibition,1.0067876004706788,0.6004343371941502,-0.00570093341321,-0.0097898826639745,-0.0074458305727454
2,0,qm_3d__ridge,2740186692,CYP3A4_pIC50_direct_inhibition,0.885807184948887,0.8489872171630528,0.0942132377793355,0.3492928403719839,0.2395074947194465
2,0,qm_3d__ridge,2740186692,MA,0.9386722373409724,0.6773788572890499,0.0558578548656909,0.2344301058137149,0.1595259994648931
2,0,qm_dft3__ridge,2740186692,CYP1A2_pIC50_direct_inhibition,1.0079582063761887,0.6790156604417876,0.0075397857740684,0.1651311196556391,0.110752093463709
2,0,qm_dft3__ridge,2740186692,CYP2C9_pIC50_direct_inhibition,0.9237013382598888,0.6027628224600036,0.0364383109227259,0.2643549079801537,0.178842236451421
2,0,qm_dft3__ridge,2740186692,CYP2D6_pIC50_direct_inhibition,1.005932425138615,0.598983144745331,-0.0009151449222319,0.0517018648460645,0.03172772889758
2,0,qm_dft3__ridge,2740186692,CYP3A4_pIC50_direct_inhibition,0.9563910495342138,0.8989627928789619,0.0251061979184706,0.1806274045249485,0.1200398262062804
2,0,qm_dft3__ridge,2740186692,MA,0.9734957548272266,0.694931105131521,0.0170422874232582,0.1654538242517014,0.1103404712547476
2,0,qm_elec__ridge,2740186692,CYP1A2_pIC50_direct_inhibition,1.0083076017613717,0.6798867983363042,0.0252231340694217,0.1895921292335218,0.1324303450273873
2,0,qm_elec__ridge,2740186692,CYP2C9_pIC50_direct_inhibition,0.9095785898924716,0.5933533339846648,0.0600728428555717,0.277273719174519,0.1889045210621109
2,0,qm_elec__ridge,2740186692,CYP2D6_pIC50_direct_inhibition,0.9949541476607372,0.5966616126396279,0.0518786423208018,0.211475992043825,0.1427103467136283
2,0,qm_elec__ridge,2740186692,CYP3A4_pIC50_direct_inhibition,0.9006792987437091,0.8539198396463814,0.0726013129877011,0.2727984699161596,0.185552966564752
2,0,qm_elec__ridge,2740186692,MA,0.9533799095145724,0.6809553961517446,0.0524439830583741,0.2377850775920064,0.1623995448419697
2,0,qm_full__lightgbm,2740186692,CYP1A2_pIC50_direct_inhibition,0.9942790870430944,0.6709382992686895,0.0414386141683628,0.2366495082544934,0.1610333366498413
2,0,qm_full__lightgbm,2740186692,CYP2C9_pIC50_direct_inhibition,0.8965489332772919,0.5879103957663048,0.0749164603884688,0.2789039147025388,0.18863263185623
2,0,qm_full__lightgbm,2740186692,CYP2D6_pIC50_direct_inhibition,1.00836251579189,0.6015563522323106,0.0237206995416514,0.1276117948534767,0.0878819816965806
2,0,qm_full__lightgbm,2740186692,CYP3A4_pIC50_direct_inhibition,0.8901338750288128,0.8463246026715346,0.0858665962176693,0.3320817731755703,0.2219586359708657
2,0,qm_full__lightgbm,2740186692,MA,0.9473311027852722,0.6766824124847098,0.0564855925790381,0.2438117477465198,0.1648766465433794
2,0,qm_full__rf,2740186692,CYP1A2_pIC50_direct_inhibition,1.0340127143886693,0.6878335781905581,0.0251367518181471,0.2599163592794181,0.1766487458807265
2,0,qm_full__rf,2740186692,CYP2C9_pIC50_direct_inhibition,0.8740128604112977,0.5813766497191754,0.097578431341491,0.3139869549746018,0.2098025579092814
2,0,qm_full__rf,2740186692,CYP2D6_pIC50_direct_inhibition,1.0252420701794858,0.6042773550908291,0.0329823843081098,0.2202397609881478,0.1509601834492024
2,0,qm_full__rf,2740186692,CYP3A4_pIC50_direct_inhibition,0.8862549433305413,0.839748992463083,0.1007168496649656,0.333827141006591,0.2263989204783074
2,0,qm_full__rf,2740186692,MA,0.9548806470774984,0.6783091438659115,0.0641036042831784,0.2819925540621897,0.1909526019293794
2,0,qm_full__ridge,2740186692,CYP1A2_pIC50_direct_inhibition,0.9895064335683802,0.6688475638518193,0.0629081133961172,0.249722794645384,0.1704155175010582
2,0,qm_full__ridge,2740186692,CYP2C9_pIC50_direct_inhibition,0.8547736194591539,0.5700277672803495,0.1185854869306424,0.3785346325801225,0.2605733546592331
2,0,qm_full__ridge,2740186692,CYP2D6_pIC50_direct_inhibition,0.9939488851396197,0.5950510139640275,0.0554761948918448,0.2108551508398272,0.1423814997939779
2,0,qm_full__ridge,2740186692,CYP3A4_pIC50_direct_inhibition,0.8429384213026858,0.814962271073965,0.1362802404163036,0.3965543254251857,0.2749418632905541
2,0,qm_full__ridge,2740186692,MA,0.92029183986746,0.6622221540425403,0.093312508908727,0.3089167258726298,0.2120780588112058
2,0,qm_full__xgboost,2740186692,CYP1A2_pIC50_direct_inhibition,1.116523934191049,0.7272177407603424,-0.1194417718125744,0.1360778476649682,0.0919379094658724
2,0,qm_full__xgboost,2740186692,CYP2C9_pIC50_direct_inhibition,0.9427725910576698,0.6111515850561031,0.0509969435910368,0.2327345202293551,0.1553563743277327
2,0,qm_full__xgboost,2740186692,CYP2D6_pIC50_direct_inhibition,1.0131222905011323,0.6055800566757674,0.0172805406216061,0.0963884932911139,0.0688681666938838
2,0,qm_full__xgboost,2740186692,CYP3A4_pIC50_direct_inhibition,0.8983518275186586,0.8461936805417568,0.0843036824598149,0.3618105404208235,0.2437211563615982
2,0,qm_full__xgboost,2740186692,MA,0.9926926608171274,0.6975357657584924,0.0082848487149708,0.2067528504015652,0.1399709017122718
2,0,qm_full_hmin__ridge,2740186692,CYP1A2_pIC50_direct_inhibition,0.9961190256680342,0.6753434362070482,0.0837725483196024,0.3183169698609004,0.2171525508298411
2,0,qm_full_hmin__ridge,2740186692,CYP2C9_pIC50_direct_inhibition,0.8497054813325113,0.5669492675404685,0.1317789754412702,0.3927230432346965,0.2682741396357582
2,0,qm_full_hmin__ridge,2740186692,CYP2D6_pIC50_direct_inhibition,0.9550758887038108,0.5797542554961753,0.0870452782800937,0.263083996965039,0.1785370608348341
2,0,qm_full_hmin__ridge,2740186692,CYP3A4_pIC50_direct_inhibition,0.8425941746953683,0.8159905426211117,0.1409432749642316,0.4092489832669889,0.2826897548535286
2,0,qm_full_hmin__ridge,2740186692,MA,0.9108736425999312,0.6595093754662009,0.1108850192512995,0.3458432483319062,0.2366633765384905
2,0,qm_gfn23__ridge,2740186692,CYP1A2_pIC50_direct_inhibition,1.0234965000619023,0.6875433729941683,-0.0036826647964995,0.1125221068639139,0.0682466385250953
2,0,qm_gfn23__ridge,2740186692,CYP2C9_pIC50_direct_inhibition,0.9451960502089036,0.6090202096695856,0.0109353535566191,0.212845048302976,0.1438255396437691
2,0,qm_gfn23__ridge,2740186692,CYP2D6_pIC50_direct_inhibition,0.969567266482626,0.5859864213072077,0.0404350141799097,0.2402542435269461,0.1619116524065065
2,0,qm_gfn23__ridge,2740186692,CYP3A4_pIC50_direct_inhibition,0.9797373145344646,0.9129257187296724,-0.0002331739333088,0.1196040835963638,0.0809843978487106
2,0,qm_gfn23__ridge,2740186692,MA,0.9794992828219744,0.6988689306751584,0.01186363225168,0.17130637057255,0.1137420571060204
2,0,qm_new3__ridge,2740186692,CYP1A2_pIC50_direct_inhibition,0.9944487506181634,0.6781353499541521,0.0419885189640641,0.230410589323893,0.1519823824191315
2,0,qm_new3__ridge,2740186692,CYP2C9_pIC50_direct_inhibition,0.9701239101724984,0.6144882044026059,-0.0163591350380484,0.0349115882872647,0.0238902491964702
2,0,qm_new3__ridge,2740186692,CYP2D6_pIC50_direct_inhibition,1.0025340048601876,0.5999080013796033,-0.0006149807760708,0.0174769852934525,0.0126292167743833
2,0,qm_new3__ridge,2740186692,CYP3A4_pIC50_direct_inhibition,0.9805541112340844,0.9122278928638592,-0.0012249444984413,0.1371469276696114,0.0942726114643955
2,0,qm_new3__ridge,2740186692,MA,0.9869151942212336,0.7011898621500552,0.0059473646628758,0.1049865226435554,0.0706936149635951
2,0,rdkit2d_3d__ridge,2740186692,CYP1A2_pIC50_direct_inhibition,0.8528292425587038,0.6071260243413583,0.2380711413468841,0.5130021246521668,0.3555828764198444
2,0,rdkit2d_3d__ridge,2740186692,CYP2C9_pIC50_direct_inhibition,0.6077514218925957,0.4579603104940471,0.4266236406332022,0.6370251764339118,0.46150100154605
2,0,rdkit2d_3d__ridge,2740186692,CYP2D6_pIC50_direct_inhibition,0.9982458693974188,0.594521437322437,0.0916393816085141,0.2895258265181117,0.1945917046460048
2,0,rdkit2d_3d__ridge,2740186692,CYP3A4_pIC50_direct_inhibition,0.5948272351541142,0.6167351183953385,0.4773337869953497,0.6983880370984217,0.5139982391047361
2,0,rdkit2d_3d__ridge,2740186692,MA,0.7634134422507081,0.5690857226382953,0.3084169876459875,0.5344852911756529,0.3814184554291588
2,0,rdkit2d__ridge,2740186692,CYP1A2_pIC50_direct_inhibition,0.8678441276719624,0.613542125357678,0.2233838694996546,0.5001806103028387,0.3452784131639346
2,0,rdkit2d__ridge,2740186692,CYP2C9_pIC50_direct_inhibition,0.6189030981356639,0.4637457372361816,0.4180694355703263,0.6340900173207348,0.4579679974065688
2,0,rdkit2d__ridge,2740186692,CYP2D6_pIC50_direct_inhibition,0.998007475769247,0.5941758846935037,0.0885664324054433,0.2890846087995116,0.195419312465152
2,0,rdkit2d__ridge,2740186692,CYP3A4_pIC50_direct_inhibition,0.5990108526308977,0.6189774477173137,0.4745182870441521,0.69548024853121,0.5116189219191675
2,0,rdkit2d__ridge,2740186692,MA,0.7709413885519427,0.5726102987511692,0.301134506129894,0.5297088712385738,0.3775711612387057
2,0,rdkit2d_elec__ridge,2740186692,CYP1A2_pIC50_direct_inhibition,0.8754274146930772,0.6170350062843641,0.2147316107898307,0.482657619212003,0.3341324388139034
2,0,rdkit2d_elec__ridge,2740186692,CYP2C9_pIC50_direct_inhibition,0.6244985583451911,0.4653582822482566,0.4156229031388163,0.6327684004924197,0.4559706043933431
2,0,rdkit2d_elec__ridge,2740186692,CYP2D6_pIC50_direct_inhibition,1.0010952917059786,0.5950286131291627,0.0960782672867737,0.2856506549727581,0.1926151913976407
2,0,rdkit2d_elec__ridge,2740186692,CYP3A4_pIC50_direct_inhibition,0.6070390840781175,0.6211657079270528,0.4728561043580379,0.6875673886126764,0.5043846396198629
2,0,rdkit2d_elec__ridge,2740186692,MA,0.7770150872055911,0.5746469023972091,0.2998222213933647,0.5221610158224642,0.3717757185561875
2,0,rdkit2d_new3__ridge,2740186692,CYP1A2_pIC50_direct_inhibition,0.8569845919356134,0.6091198101345827,0.2332377271543446,0.508655279226693,0.3532508423449129
2,0,rdkit2d_new3__ridge,2740186692,CYP2C9_pIC50_direct_inhibition,0.6143235264866082,0.4607381737046163,0.419948496587243,0.6358533626867409,0.4604907671683212
2,0,rdkit2d_new3__ridge,2740186692,CYP2D6_pIC50_direct_inhibition,0.997023957081871,0.5942979323303424,0.0922953935994006,0.2905751944459591,0.1953925329141176
2,0,rdkit2d_new3__ridge,2740186692,CYP3A4_pIC50_direct_inhibition,0.5986973888231698,0.6188283989316106,0.475834573445228,0.6960868440796673,0.5120618699903163
2,0,rdkit2d_new3__ridge,2740186692,MA,0.7667573660818156,0.5707460787752879,0.3053290476965541,0.532792670109765,0.380299003104417
2,0,rdkit2d_qm__ridge,2740186692,CYP1A2_pIC50_direct_inhibition,0.860121818918719,0.6100111727003636,0.2291010478343382,0.5002899795220598,0.3478324535090756
2,0,rdkit2d_qm__ridge,2740186692,CYP2C9_pIC50_direct_inhibition,0.6111561921763348,0.4601273991804385,0.4253489487733417,0.6371992072312822,0.4627212094534375
2,0,rdkit2d_qm__ridge,2740186692,CYP2D6_pIC50_direct_inhibition,1.003491291178645,0.5945705083797224,0.0986692084098702,0.2832334172807846,0.1918324908578885
2,0,rdkit2d_qm__ridge,2740186692,CYP3A4_pIC50_direct_inhibition,0.6019143056859891,0.6200433772683703,0.4786453842084404,0.6909902827394485,0.5068335991340243
2,0,rdkit2d_qm__ridge,2740186692,MA,0.769170901989922,0.5711881143822237,0.3079411473064977,0.5279282216933938,0.3773049382386064
2,0,rdkit_match18__ridge,2740186692,CYP1A2_pIC50_direct_inhibition,0.9614289549168068,0.6548316647591846,0.1413419234747666,0.4379745390617131,0.2939287702090852
2,0,rdkit_match18__ridge,2740186692,CYP2C9_pIC50_direct_inhibition,0.7473185860722599,0.5273956090803703,0.2616364014927633,0.5290022258059414,0.3721804792360967
2,0,rdkit_match18__ridge,2740186692,CYP2D6_pIC50_direct_inhibition,0.9737229741580572,0.5854120425675547,0.0593254193030258,0.2790981724689628,0.1924982366084123
2,0,rdkit_match18__ridge,2740186692,CYP3A4_pIC50_direct_inhibition,0.7580859453758804,0.7466541411109782,0.2900218782957891,0.5453225900814089,0.3788707029057241
2,0,rdkit_match18__ridge,2740186692,MA,0.860139115130751,0.6285733643795218,0.1880814056415862,0.4478493818545065,0.3093695472398296
2,0,rdkit_match3_elec__ridge,2740186692,CYP1A2_pIC50_direct_inhibition,0.9746288523526526,0.6674466321384989,0.0749755530247975,0.3134714397609711,0.2150693468560155
2,0,rdkit_match3_elec__ridge,2740186692,CYP2C9_pIC50_direct_inhibition,0.8388065124152293,0.5722822588211408,0.138442417720862,0.4271659225268864,0.301401642105456
2,0,rdkit_match3_elec__ridge,2740186692,CYP2D6_pIC50_direct_inhibition,1.0258985631726445,0.6052382693631152,0.0047381433381834,0.0836420986509245,0.060043570956272
2,0,rdkit_match3_elec__ridge,2740186692,CYP3A4_pIC50_direct_inhibition,0.8416674270130204,0.8252568779616375,0.1623496849490519,0.4417129403229767,0.3028141483982846
2,0,rdkit_match3_elec__ridge,2740186692,MA,0.9202503387383868,0.6675560095710981,0.0951264497582237,0.3164981003154397,0.219832177079007
2,0,rdkit_match3_new3__ridge,2740186692,CYP1A2_pIC50_direct_inhibition,1.0460200840194354,0.6970987838280595,-0.0316663252858721,0.1011454476740699,0.0686055472902717
2,0,rdkit_match3_new3__ridge,2740186692,CYP2C9_pIC50_direct_inhibition,0.9455873746283144,0.6077239690254489,0.0176383756349005,0.1753157689919767,0.1180346054135282
2,0,rdkit_match3_new3__ridge,2740186692,CYP2D6_pIC50_direct_inhibition,1.0029499999366709,0.5978154465969178,0.0348345701213829,0.2152454551722556,0.1442228069760046
2,0,rdkit_match3_new3__ridge,2740186692,CYP3A4_pIC50_direct_inhibition,0.9631670478281664,0.8996999727726144,0.0088599191157098,0.1032856210441269,0.0692535634689697
2,0,rdkit_match3_new3__ridge,2740186692,MA,0.9894311266031468,0.7005845430557601,0.0074166348965303,0.1487480732206073,0.1000291307871936
2,1,plain_qm,3884972972,CYP1A2_pIC50_direct_inhibition,0.8093926324130429,0.6752624012694621,0.2774029697134059,0.5450804075713683,0.3839758897731816
2,1,plain_qm,3884972972,CYP2C9_pIC50_direct_inhibition,0.6782245611386731,0.4762211536751208,0.3897592106702041,0.6175639031715853,0.4520560123129141
2,1,plain_qm,3884972972,CYP2D6_pIC50_direct_inhibition,1.0490144696938644,0.6512284342504551,0.0778552835884376,0.3947614306583069,0.2750782634884696
2,1,plain_qm,3884972972,CYP3A4_pIC50_direct_inhibition,0.5574004091452827,0.5472462019737419,0.5827994738269672,0.7704062523821278,0.5775137250080212
2,1,plain_qm,3884972972,MA,0.7735080180977157,0.5874895477921949,0.3319542344497537,0.5819529984458471,0.4221559726456467
2,1,qm_3d__ridge,3884972972,CYP1A2_pIC50_direct_inhibition,1.0126773592960854,0.7872795370508843,0.0195011035574971,0.1657028466029565,0.1102107322277236
2,1,qm_3d__ridge,3884972972,CYP2C9_pIC50_direct_inhibition,1.0324040583407563,0.62083952288773,-0.0537102123681317,0.0850411355418634,0.0551414749714786
2,1,qm_3d__ridge,3884972972,CYP2D6_pIC50_direct_inhibition,0.9997802865146372,0.6357784049631476,-0.0046283622706064,0.0486209796223124,0.0347386861601695
2,1,qm_3d__ridge,3884972972,CYP3A4_pIC50_direct_inhibition,0.9297500906853648,0.8724684443488006,0.0742824517524938,0.2863606295805298,0.1926073256934884
2,1,qm_3d__ridge,3884972972,MA,0.993652948709211,0.7290914773126407,0.0088612451678131,0.1464313978369155,0.098174554763215
2,1,qm_dft3__ridge,3884972972,CYP1A2_pIC50_direct_inhibition,0.9987539221229907,0.7833311901303939,0.0046820695249449,0.0767385410994885,0.0551177797257879
2,1,qm_dft3__ridge,3884972972,CYP2C9_pIC50_direct_inhibition,1.0183707922732697,0.6071579811567104,2.9838568767069806e-05,0.144981590255297,0.1038061586932729
2,1,qm_dft3__ridge,3884972972,CYP2D6_pIC50_direct_inhibition,1.0123475248994291,0.642032986151555,-0.022768902573132,-0.0232247900267362,-0.0177051596720851
2,1,qm_dft3__ridge,3884972972,CYP3A4_pIC50_direct_inhibition,0.9891460075437768,0.9087019668728902,-0.0060323813244241,0.0784033392121373,0.0534150959053923
2,1,qm_dft3__ridge,3884972972,MA,1.0046545617098668,0.7353060310778874,-0.006022343950961,0.0692246701350466,0.048658468663092
2,1,qm_elec__ridge,3884972972,CYP1A2_pIC50_direct_inhibition,0.9724032180117168,0.7716448841863486,0.057296399861797,0.2089717137612937,0.1401150895329115
2,1,qm_elec__ridge,3884972972,CYP2C9_pIC50_direct_inhibition,0.985523253728703,0.5998992488216383,0.0493674411268153,0.2270038656296101,0.1552642213934837
2,1,qm_elec__ridge,3884972972,CYP2D6_pIC50_direct_inhibition,0.9967795636416552,0.6350037769012754,0.0182711226282117,0.2233874156063144,0.1457813559744467
2,1,qm_elec__ridge,3884972972,CYP3A4_pIC50_direct_inhibition,0.9692332974861776,0.8922797326490901,0.0281194753846885,0.2017373266195092,0.1341056408705878
2,1,qm_elec__ridge,3884972972,MA,0.9809848332170632,0.724706910639588,0.0382636097503781,0.2152750804041819,0.1438165769428574
2,1,qm_full__lightgbm,3884972972,CYP1A2_pIC50_direct_inhibition,0.9909347394374024,0.7791411505970377,0.0443139071505129,0.2381620618912979,0.158903356418237
2,1,qm_full__lightgbm,3884972972,CYP2C9_pIC50_direct_inhibition,0.9885931593025656,0.6029315713556679,0.0131933417991992,0.1636521795497925,0.1095920130515474
2,1,qm_full__lightgbm,3884972972,CYP2D6_pIC50_direct_inhibition,0.98809837728453,0.6282227000626766,0.0106699016083646,0.1816113017133462,0.1233656751631626
2,1,qm_full__lightgbm,3884972972,CYP3A4_pIC50_direct_inhibition,0.9907536301422476,0.8974422801514133,0.0007662531437425,0.2222170838932957,0.1503291622392787
2,1,qm_full__lightgbm,3884972972,MA,0.9895949765416864,0.7269344255416988,0.0172358509254548,0.2014106567619331,0.1355475517180564
2,1,qm_full__rf,3884972972,CYP1A2_pIC50_direct_inhibition,1.000009967049029,0.7804370046575582,0.0606349318831288,0.268255045663586,0.1844937539885296
2,1,qm_full__rf,3884972972,CYP2C9_pIC50_direct_inhibition,0.9946953306489424,0.5963419811566266,-0.0090297714199318,0.2001558468470079,0.1372766937688806
2,1,qm_full__rf,3884972972,CYP2D6_pIC50_direct_inhibition,1.0089391108060324,0.6368258247047414,0.0212622464326223,0.2686198076837802,0.1817990501633854
2,1,qm_full__rf,3884972972,CYP3A4_pIC50_direct_inhibition,0.988353518612678,0.8897864435986369,0.0196509440232173,0.2446816182561497,0.1676042271524251
2,1,qm_full__rf,3884972972,MA,0.9979994817791704,0.7258478135293908,0.0231295877297591,0.2454280796126309,0.1677934312683051
2,1,qm_full__ridge,3884972972,CYP1A2_pIC50_direct_inhibition,0.9806089472442387,0.7721868263270227,0.0724100522222466,0.23112687876622,0.1556173387263626
2,1,qm_full__ridge,3884972972,CYP2C9_pIC50_direct_inhibition,0.9995992520176236,0.6098045268334721,0.0141840345038318,0.2368135339625783,0.1602422181167502
2,1,qm_full__ridge,3884972972,CYP2D6_pIC50_direct_inhibition,0.9803675643022688,0.6253894860000498,0.028577374185867,0.2257295010401868,0.1505183503609823
2,1,qm_full__ridge,3884972972,CYP3A4_pIC50_direct_inhibition,0.9330781763409296,0.8680641387305142,0.0842031636058009,0.2958893252363055,0.1995317275490616
2,1,qm_full__ridge,3884972972,MA,0.9734134849762652,0.7188612444727647,0.0498436561294366,0.2473898097513227,0.1664774086882892
2,1,qm_full__xgboost,3884972972,CYP1A2_pIC50_direct_inhibition,0.981120747935614,0.7691971192922725,0.0354261431262615,0.2019901270949626,0.1343916662897507
2,1,qm_full__xgboost,3884972972,CYP2C9_pIC50_direct_inhibition,1.043939400682045,0.6187520250945573,-0.0331330502532142,0.076981453804005,0.0537139052684124
2,1,qm_full__xgboost,3884972972,CYP2D6_pIC50_direct_inhibition,1.0627630559589871,0.6633155630824524,-0.0538411611167627,0.1549955538321328,0.1051352895344591
2,1,qm_full__xgboost,3884972972,CYP3A4_pIC50_direct_inhibition,1.0264954797560004,0.9198048254502172,-0.0316301148443985,0.196023115208538,0.1314949460949244
2,1,qm_full__xgboost,3884972972,MA,1.0285796710831616,0.7427673832298749,-0.0207945457720284,0.1574975624849096,0.1061839517968867
2,1,qm_full_hmin__ridge,3884972972,CYP1A2_pIC50_direct_inhibition,0.9558620963918958,0.7532334790331557,0.1027147695905189,0.3061906599201246,0.2063280115951455
2,1,qm_full_hmin__ridge,3884972972,CYP2C9_pIC50_direct_inhibition,1.001720280006396,0.6073906254057376,0.016521719697266,0.2473000339511959,0.1671479000939917
2,1,qm_full_hmin__ridge,3884972972,CYP2D6_pIC50_direct_inhibition,0.9574475348067366,0.6158535876107732,0.0466462599972778,0.28463157238252,0.1928998715590298
2,1,qm_full_hmin__ridge,3884972972,CYP3A4_pIC50_direct_inhibition,0.883558129488133,0.8389549634640944,0.1274243893304801,0.3704873544507847,0.2514998934395837
2,1,qm_full_hmin__ridge,3884972972,MA,0.9496470101732905,0.7038581638784402,0.0733267846538857,0.3021524051761563,0.2044689191719376
2,1,qm_gfn23__ridge,3884972972,CYP1A2_pIC50_direct_inhibition,0.9978979404586628,0.7818321269853509,0.0006098880510367,0.1227231920209771,0.0844280528879029
2,1,qm_gfn23__ridge,3884972972,CYP2C9_pIC50_direct_inhibition,1.0198012801911096,0.612108558515011,0.0018955665104045,0.1013347429001553,0.0698560668777604
2,1,qm_gfn23__ridge,3884972972,CYP2D6_pIC50_direct_inhibition,1.0031294618616544,0.6360920518936946,-0.0187962881420192,0.0907343961178269,0.0598690066922727
2,1,qm_gfn23__ridge,3884972972,CYP3A4_pIC50_direct_inhibition,0.986388362456632,0.9097719246434154,-0.0096024564028542,0.0064016374293258,0.0021332764517665
2,1,qm_gfn23__ridge,3884972972,MA,1.0018042612420148,0.734951165509368,-0.006473322495858,0.0802984921170713,0.0540716007274256
2,1,qm_new3__ridge,3884972972,CYP1A2_pIC50_direct_inhibition,0.9898070074611662,0.782755851493854,0.0271706013685869,0.1612467468630773,0.1080336389689608
2,1,qm_new3__ridge,3884972972,CYP2C9_pIC50_direct_inhibition,1.0165470841133546,0.6093621650627639,-0.0070165817325284,-0.0539778114187413,-0.0363591503037449
2,1,qm_new3__ridge,3884972972,CYP2D6_pIC50_direct_inhibition,0.9936727038402632,0.6335324707356433,-0.0052845845591589,0.0758900166543304,0.051951024447493
2,1,qm_new3__ridge,3884972972,CYP3A4_pIC50_direct_inhibition,0.9894434387894704,0.912272756268665,-0.0132432893978699,-0.0276468937573123,-0.0193512519592191
2,1,qm_new3__ridge,3884972972,MA,0.9973675585510636,0.7344808108902315,0.0004065364197573,0.0388780145853385,0.0260685652883724
2,1,rdkit2d_3d__ridge,3884972972,CYP1A2_pIC50_direct_inhibition,0.8415714978865189,0.6931228966921349,0.2248211162129337,0.4726969562110678,0.3311411623064577
2,1,rdkit2d_3d__ridge,3884972972,CYP2C9_pIC50_direct_inhibition,0.8286825869327155,0.5278042826625648,0.2267935017201472,0.520020853653344,0.3659310374439073
2,1,rdkit2d_3d__ridge,3884972972,CYP2D6_pIC50_direct_inhibition,0.9916536493571368,0.630557891951024,0.0875537535204437,0.3177029723005873,0.2171645848787328
2,1,rdkit2d_3d__ridge,3884972972,CYP3A4_pIC50_direct_inhibition,0.6036447032301733,0.6127523046074913,0.5118876284596007,0.7308872066055864,0.5340034599878816
2,1,rdkit2d_3d__ridge,3884972972,MA,0.8163881093516361,0.6160593439783038,0.2627639999782813,0.5103269971926464,0.3620600611542449
2,1,rdkit2d__ridge,3884972972,CYP1A2_pIC50_direct_inhibition,0.8424734395733816,0.6937958102886187,0.2175850446852423,0.4791684494578768,0.3355600895272201
2,1,rdkit2d__ridge,3884972972,CYP2C9_pIC50_direct_inhibition,0.8264724775394935,0.5269094095285418,0.23125170153435,0.5143830605964508,0.3618274527150715
2,1,rdkit2d__ridge,3884972972,CYP2D6_pIC50_direct_inhibition,0.9922370260824156,0.6299592678308168,0.0844849224495562,0.3169860660968768,0.2171623247073735
2,1,rdkit2d__ridge,3884972972,CYP3A4_pIC50_direct_inhibition,0.6085207066493855,0.612950876140551,0.5126651703120229,0.7307368961296172,0.5339927700261746
2,1,rdkit2d__ridge,3884972972,MA,0.817425912461169,0.615903840947132,0.2614967097452928,0.5103186180702054,0.3621356592439599
2,1,rdkit2d_elec__ridge,3884972972,CYP1A2_pIC50_direct_inhibition,0.8395284431251449,0.6920352619222491,0.2197183492775147,0.4822997672260402,0.3385065001525101
2,1,rdkit2d_elec__ridge,3884972972,CYP2C9_pIC50_direct_inhibition,0.8421205520794116,0.5353582647992654,0.2227390922436597,0.5066773305365593,0.356506803700387
2,1,rdkit2d_elec__ridge,3884972972,CYP2D6_pIC50_direct_inhibition,0.9843500141144662,0.6259459540323389,0.1009269135849745,0.3492036932894332,0.238420236109976
2,1,rdkit2d_elec__ridge,3884972972,CYP3A4_pIC50_direct_inhibition,0.6100403839779718,0.6117622328881309,0.5153280133359307,0.7286939948232759,0.5303524801927415
2,1,rdkit2d_elec__ridge,3884972972,MA,0.8190098483242486,0.616275428410496,0.2646780921105199,0.5167186964688272,0.3659465050389037
2,1,rdkit2d_new3__ridge,3884972972,CYP1A2_pIC50_direct_inhibition,0.8399739276954741,0.6918875055314018,0.2247989706193109,0.4757679352522588,0.3343873852571593
2,1,rdkit2d_new3__ridge,3884972972,CYP2C9_pIC50_direct_inhibition,0.8311725778617892,0.529649246698592,0.2243379753391244,0.5131087314864777,0.360194139064416
2,1,rdkit2d_new3__ridge,3884972972,CYP2D6_pIC50_direct_inhibition,0.9935203763954032,0.6311263975617207,0.085168393529597,0.3166064223213494,0.2161244119504198
2,1,rdkit2d_new3__ridge,3884972972,CYP3A4_pIC50_direct_inhibition,0.6051636030936592,0.613159237555291,0.5118039666575498,0.7310440450252624,0.534201856633115
2,1,rdkit2d_new3__ridge,3884972972,MA,0.8174576212615814,0.6164555968367514,0.2615273265363955,0.509131783521337,0.3612269482262776
2,1,rdkit2d_qm__ridge,3884972972,CYP1A2_pIC50_direct_inhibition,0.8383443576092613,0.6914293339682164,0.2271433440370608,0.4755099523859747,0.3340167663771179
2,1,rdkit2d_qm__ridge,3884972972,CYP2C9_pIC50_direct_inhibition,0.8455252317937874,0.5353239170009096,0.2161832948985133,0.5102784613429474,0.3595897774999363
2,1,rdkit2d_qm__ridge,3884972972,CYP2D6_pIC50_direct_inhibition,0.9824823740009708,0.6256387787059404,0.1046582940531157,0.3512920919318498,0.2388373138024727
2,1,rdkit2d_qm__ridge,3884972972,CYP3A4_pIC50_direct_inhibition,0.6049414664435677,0.6109895060725286,0.5149132434974559,0.7303718166959995,0.5328695338216849
2,1,rdkit2d_qm__ridge,3884972972,MA,0.8178233574618968,0.6158453839368988,0.2657245441215365,0.516863080589193,0.3663283478753029
2,1,rdkit_match18__ridge,3884972972,CYP1A2_pIC50_direct_inhibition,0.9155051589798612,0.7344001472951645,0.1474246719897443,0.3816865839728484,0.2629143206811509
2,1,rdkit_match18__ridge,3884972972,CYP2C9_pIC50_direct_inhibition,0.9003652472433682,0.5666306084728411,0.1699615129021639,0.4337789637812536,0.301201157393325
2,1,rdkit_match18__ridge,3884972972,CYP2D6_pIC50_direct_inhibition,1.0001429577959775,0.6388976174257219,0.0233960043679265,0.1981772034208627,0.1323593362280429
2,1,rdkit_match18__ridge,3884972972,CYP3A4_pIC50_direct_inhibition,0.7478658301896651,0.732304843253434,0.3361659980705457,0.5936431392550686,0.4194434475450658
2,1,rdkit_match18__ridge,3884972972,MA,0.890969798552218,0.6680583041117903,0.1692370468325951,0.4018214726075084,0.2789795654618962
2,1,rdkit_match3_elec__ridge,3884972972,CYP1A2_pIC50_direct_inhibition,0.9928112418257186,0.7819146599231369,0.038954743241834,0.212423321008349,0.1466512456367871
2,1,rdkit_match3_elec__ridge,3884972972,CYP2C9_pIC50_direct_inhibition,0.9462404777866013,0.5863826428762089,0.086990424586526,0.3340184729249882,0.2298544404988818
2,1,rdkit_match3_elec__ridge,3884972972,CYP2D6_pIC50_direct_inhibition,0.9858745828459812,0.630187433928266,0.0146288752927814,0.1243057855096949,0.081739223166166
2,1,rdkit_match3_elec__ridge,3884972972,CYP3A4_pIC50_direct_inhibition,0.947844916290642,0.868334462033387,0.0544508563867025,0.3011412908331417,0.2034459760640404
2,1,rdkit_match3_elec__ridge,3884972972,MA,0.9681928046872356,0.7167047996902497,0.048756224876961,0.2429722175690434,0.1654227213414688
2,1,rdkit_match3_new3__ridge,3884972972,CYP1A2_pIC50_direct_inhibition,1.0006896021853349,0.781533545437365,0.0084371011676637,0.1047203837835718,0.0713802050323448
2,1,rdkit_match3_new3__ridge,3884972972,CYP2C9_pIC50_direct_inhibition,1.0203076888742588,0.6124189698665253,-0.020099287006969,0.0584781251357678,0.0394487901258157
2,1,rdkit_match3_new3__ridge,3884972972,CYP2D6_pIC50_direct_inhibition,1.0537147344687312,0.6612174879473119,-0.0184984785743855,0.0902154693807789,0.0604289922048942
2,1,rdkit_match3_new3__ridge,3884972972,CYP3A4_pIC50_direct_inhibition,0.9199092503719312,0.8716340180578637,0.0555255267324169,0.2797267132372741,0.1900189335606885
2,1,rdkit_match3_new3__ridge,3884972972,MA,0.998655318975064,0.7317010053272666,0.0063412155796815,0.1332851728843481,0.0903192302309358
2,2,plain_qm,829139639,CYP1A2_pIC50_direct_inhibition,0.6965744354313778,0.6203754117473345,0.3512644022714969,0.6068718496826753,0.4367116268835277
2,2,plain_qm,829139639,CYP2C9_pIC50_direct_inhibition,0.6812971673832384,0.5000372874962863,0.3032237479451226,0.6235034174948934,0.4468645874659339
2,2,plain_qm,829139639,CYP2D6_pIC50_direct_inhibition,0.904980006847568,0.6146326132917492,0.1853629061516059,0.4574400799550418,0.3139554258533351
2,2,plain_qm,829139639,CYP3A4_pIC50_direct_inhibition,0.5230708652249952,0.5502730860799754,0.5690484685170072,0.7550234944360406,0.5644487224456879
2,2,plain_qm,829139639,MA,0.7014806187217949,0.5713295996538363,0.3522248812213082,0.6107097103921627,0.4404950906621211
2,2,qm_3d__ridge,829139639,CYP1A2_pIC50_direct_inhibition,0.9523939419993392,0.760773713165252,0.0306003954156767,0.1784327662780344,0.1216769687779759
2,2,qm_3d__ridge,829139639,CYP2C9_pIC50_direct_inhibition,0.9791788730618112,0.5820397902494693,0.0244456450210077,0.1136370547509319,0.0793104067547333
2,2,qm_3d__ridge,829139639,CYP2D6_pIC50_direct_inhibition,1.0030796861631557,0.6583497695616072,-0.0009130323347685,0.030295248869063,0.0190651738764756
2,2,qm_3d__ridge,829139639,CYP3A4_pIC50_direct_inhibition,0.9383234015731288,0.83830827359798,0.0842111991541206,0.3287458315335983,0.2267846359880494
2,2,qm_3d__ridge,829139639,MA,0.9682439756993586,0.7098678866435773,0.0345860518140091,0.1627777253579069,0.1117092963493085
2,2,qm_dft3__ridge,829139639,CYP1A2_pIC50_direct_inhibition,0.976186801367558,0.7760904930949724,0.0060459486862068,0.1387600794576157,0.0961563671822418
2,2,qm_dft3__ridge,829139639,CYP2C9_pIC50_direct_inhibition,0.9669351890161068,0.5806635743983765,0.0387066270587631,0.1563837173468187,0.1057358470218873
2,2,qm_dft3__ridge,829139639,CYP2D6_pIC50_direct_inhibition,0.9952351193087776,0.6556687326535455,0.0010973613671024,0.0645207862098766,0.0427842546741595
2,2,qm_dft3__ridge,829139639,CYP3A4_pIC50_direct_inhibition,1.0041296641398834,0.8815817486335438,0.013225045331314,0.1394894949270798,0.0926491424977682
2,2,qm_dft3__ridge,829139639,MA,0.9856216934580814,0.7235011371951096,0.0147687456108466,0.1247885194853477,0.0843314028440142
2,2,qm_elec__ridge,829139639,CYP1A2_pIC50_direct_inhibition,0.8860132665846745,0.7222330466008213,0.0640076806311319,0.3132195507858198,0.216331072331817
2,2,qm_elec__ridge,829139639,CYP2C9_pIC50_direct_inhibition,0.953941816464305,0.57490171118323,0.0748893530893972,0.2625879756179105,0.1795511298917966
2,2,qm_elec__ridge,829139639,CYP2D6_pIC50_direct_inhibition,1.009974409621468,0.6621461272600231,0.0471903378203575,0.1919615814318815,0.1303265122241882
2,2,qm_elec__ridge,829139639,CYP3A4_pIC50_direct_inhibition,0.9628053457982844,0.8584806326131829,0.0615612873359059,0.2419070354053604,0.1649970669411594
2,2,qm_elec__ridge,829139639,MA,0.953183709617183,0.7044403794143143,0.0619121647191981,0.2524190358102431,0.1728014453472403
2,2,qm_full__lightgbm,829139639,CYP1A2_pIC50_direct_inhibition,0.9289374471505556,0.7437914708389911,0.0394160767557631,0.2510298328801141,0.1704152354820888
2,2,qm_full__lightgbm,829139639,CYP2C9_pIC50_direct_inhibition,0.981422494191997,0.579684014507832,0.0586909731159199,0.2053965866359029,0.1394632198970145
2,2,qm_full__lightgbm,829139639,CYP2D6_pIC50_direct_inhibition,0.979304720010644,0.6474996362311266,0.0362085180557697,0.2184290033682152,0.148279488796257
2,2,qm_full__lightgbm,829139639,CYP3A4_pIC50_direct_inhibition,0.9613434322610516,0.8538657647787692,0.0693391155314426,0.3010592229496561,0.2056297625118339
2,2,qm_full__lightgbm,829139639,MA,0.962752023403562,0.7062102215891797,0.0509136708647239,0.243978661458472,0.1659469266717985
2,2,qm_full__rf,829139639,CYP1A2_pIC50_direct_inhibition,0.9728847232292972,0.7634634772484045,-0.0102268794823836,0.2241861090423278,0.1541440205197676
2,2,qm_full__rf,829139639,CYP2C9_pIC50_direct_inhibition,0.9644966419389028,0.5706575561987505,0.086396237327276,0.2415612502326372,0.1643592140232156
2,2,qm_full__rf,829139639,CYP2D6_pIC50_direct_inhibition,1.055670164287409,0.6832297215499044,-0.0034907689371078,0.1457999259019614,0.0982117652014092
2,2,qm_full__rf,829139639,CYP3A4_pIC50_direct_inhibition,0.9360225059303562,0.8294382804815973,0.1220230596548952,0.3744371539547578,0.2560564581426088
2,2,qm_full__rf,829139639,MA,0.9822685088464912,0.7116972588696642,0.0486754121406699,0.246496109782921,0.1681928644717503
2,2,qm_full__ridge,829139639,CYP1A2_pIC50_direct_inhibition,0.8709375684930815,0.7123988565257081,0.0977914881487545,0.3517782017336174,0.2398469811231508
2,2,qm_full__ridge,829139639,CYP2C9_pIC50_direct_inhibition,0.9434698249450036,0.5744800964250314,0.0984849739171891,0.2745617571007999,0.1859617554798135
2,2,qm_full__ridge,829139639,CYP2D6_pIC50_direct_inhibition,1.020140246470528,0.6670159886142645,0.0427945662668353,0.1850850607356215,0.1239976425362235
2,2,qm_full__ridge,829139639,CYP3A4_pIC50_direct_inhibition,0.902523726164836,0.8179925324634358,0.1155845151928314,0.3668239384399112,0.2541700988992826
2,2,qm_full__ridge,829139639,MA,0.9342678415183624,0.69297186850711,0.0886638858814026,0.2945622395024875,0.2009941195096176
2,2,qm_full__xgboost,829139639,CYP1A2_pIC50_direct_inhibition,0.9371982618244488,0.7490353729280973,0.0086739040721065,0.2098453056721137,0.1462887347229455
2,2,qm_full__xgboost,829139639,CYP2C9_pIC50_direct_inhibition,1.0258019823016176,0.5912573077403609,0.0139833574237236,0.1813180291075261,0.1232981313831885
2,2,qm_full__xgboost,829139639,CYP2D6_pIC50_direct_inhibition,1.0064928577059538,0.6578647111686446,0.0090022046232649,0.1284271918783086,0.0891862194102055
2,2,qm_full__xgboost,829139639,CYP3A4_pIC50_direct_inhibition,0.9711776347313996,0.8613866337235443,0.0532978592917253,0.2645463537955779,0.1849779229984825
2,2,qm_full__xgboost,829139639,MA,0.9851676841408548,0.7148860063901619,0.0212393313527051,0.1960342201133816,0.1359377521287055
2,2,qm_full_hmin__ridge,829139639,CYP1A2_pIC50_direct_inhibition,0.8535223670164159,0.6977238915946734,0.1383527940767905,0.3983999993319012,0.2694333588128106
2,2,qm_full_hmin__ridge,829139639,CYP2C9_pIC50_direct_inhibition,0.9412290385508264,0.56928155944237,0.1065297054167608,0.2930571382445718,0.1993928223431771
2,2,qm_full_hmin__ridge,829139639,CYP2D6_pIC50_direct_inhibition,1.0077207432072404,0.659432921719892,0.0505668007664346,0.2036881901196083,0.1398190303515316
2,2,qm_full_hmin__ridge,829139639,CYP3A4_pIC50_direct_inhibition,0.8709191891088108,0.7935690611310412,0.1574569328542034,0.4234244974371171,0.2955884983202476
2,2,qm_full_hmin__ridge,829139639,MA,0.9183478344708234,0.6800018584719942,0.1132265582785473,0.3296424562832996,0.2260584274569417
2,2,qm_gfn23__ridge,829139639,CYP1A2_pIC50_direct_inhibition,0.9728114909072314,0.77375579062587,0.0039330392749604,0.1409983595314013,0.0988647253894162
2,2,qm_gfn23__ridge,829139639,CYP2C9_pIC50_direct_inhibition,0.9821109679685028,0.5841611854358211,0.0210370895902488,0.1290290106699098,0.0868395802886161
2,2,qm_gfn23__ridge,829139639,CYP2D6_pIC50_direct_inhibition,0.9928212252100648,0.6565003888844978,0.0127266918562485,0.106812170309547,0.0714685809723445
2,2,qm_gfn23__ridge,829139639,CYP3A4_pIC50_direct_inhibition,1.0121181399870012,0.8868283945989605,-0.0029756355964739,0.0617151050293237,0.0421281586277306
2,2,qm_gfn23__ridge,829139639,MA,0.9899654560182,0.7253114398862873,0.0086802962812459,0.1096386613850454,0.0748252613195268
2,2,qm_new3__ridge,829139639,CYP1A2_pIC50_direct_inhibition,0.9733851927963368,0.7736195924281617,0.0077540177915786,0.1381429816084807,0.094936437960658
2,2,qm_new3__ridge,829139639,CYP2C9_pIC50_direct_inhibition,0.9942673162462692,0.5848112799620875,-0.0044550813407513,-0.0286043472052169,-0.0201048614868476
2,2,qm_new3__ridge,829139639,CYP2D6_pIC50_direct_inhibition,0.9981056451557058,0.6566707724699065,-9.752612032842656e-05,0.0807528990187183,0.0539557688902436
2,2,qm_new3__ridge,829139639,CYP3A4_pIC50_direct_inhibition,1.0128482850902158,0.887773198405164,0.0009834571052239,0.0940388356297135,0.0635362883160676
2,2,qm_new3__ridge,829139639,MA,0.994651609822132,0.7257187108163298,0.0010462168589307,0.0710825922629239,0.0480809084200304
2,2,rdkit2d_3d__ridge,829139639,CYP1A2_pIC50_direct_inhibition,0.7583267539579841,0.6526171096895623,0.2805737522684342,0.546320461315105,0.3787293612372934
2,2,rdkit2d_3d__ridge,829139639,CYP2C9_pIC50_direct_inhibition,0.5865413937288242,0.4461049039170258,0.4324038122847674,0.6582973872884208,0.4732824573588751
2,2,rdkit2d_3d__ridge,829139639,CYP2D6_pIC50_direct_inhibition,0.973229940877542,0.6443253235764727,0.0871370153093289,0.3040060345252349,0.2087374883986115
2,2,rdkit2d_3d__ridge,829139639,CYP3A4_pIC50_direct_inhibition,0.5792144614769097,0.58142454521656,0.5257908831355036,0.7319050965543313,0.5371469945671793
2,2,rdkit2d_3d__ridge,829139639,MA,0.7243281375103151,0.5811179705999052,0.3314763657495085,0.5601322449207731,0.3994740753904898
2,2,rdkit2d__ridge,829139639,CYP1A2_pIC50_direct_inhibition,0.7645740211421623,0.6554825065234043,0.2705639108033864,0.537170412801721,0.3737959306027822
2,2,rdkit2d__ridge,829139639,CYP2C9_pIC50_direct_inhibition,0.5921694730281026,0.4480895497112869,0.4231784010904496,0.6579747504137811,0.4705294649734671
2,2,rdkit2d__ridge,829139639,CYP2D6_pIC50_direct_inhibition,0.9732290323910514,0.643856289766669,0.0860133649670946,0.3029828064344201,0.2070857651535427
2,2,rdkit2d__ridge,829139639,CYP3A4_pIC50_direct_inhibition,0.585374873271959,0.5849743280312669,0.5222390012445242,0.7279579462766169,0.533551991528495
2,2,rdkit2d__ridge,829139639,MA,0.7288368499583188,0.5831006685081568,0.3254986695263637,0.5565214789816348,0.3962407880645718
2,2,rdkit2d_elec__ridge,829139639,CYP1A2_pIC50_direct_inhibition,0.7636878104471951,0.65436104193209,0.2708573814243498,0.5442004005069591,0.3798435488691453
2,2,rdkit2d_elec__ridge,829139639,CYP2C9_pIC50_direct_inhibition,0.5945473881312956,0.4486617051025774,0.4258824629219248,0.6565105641405535,0.4692461504627442
2,2,rdkit2d_elec__ridge,829139639,CYP2D6_pIC50_direct_inhibition,0.968045049698476,0.6403913725635788,0.0988809235597418,0.3170025858394125,0.2173917951316474
2,2,rdkit2d_elec__ridge,829139639,CYP3A4_pIC50_direct_inhibition,0.5805857112404923,0.5811107120601248,0.5239581270956946,0.7298059081125435,0.5363290724442035
2,2,rdkit2d_elec__ridge,829139639,MA,0.7267164898793648,0.5811312079145928,0.3298947237504278,0.5618798646498672,0.4007026417269351
2,2,rdkit2d_new3__ridge,829139639,CYP1A2_pIC50_direct_inhibition,0.7583294388098146,0.6525693541359836,0.2799865169567213,0.5456274416804123,0.378101960644979
2,2,rdkit2d_new3__ridge,829139639,CYP2C9_pIC50_direct_inhibition,0.5892036537735382,0.4470369044412611,0.4268931384191839,0.6566114739278043,0.4713157890931602
2,2,rdkit2d_new3__ridge,829139639,CYP2D6_pIC50_direct_inhibition,0.971170988324431,0.6434595415137982,0.0885294940286857,0.3035976485669323,0.2087613025910448
2,2,rdkit2d_new3__ridge,829139639,CYP3A4_pIC50_direct_inhibition,0.5811571362089766,0.5828370044198311,0.5242997761809881,0.7307113395326703,0.5355409419474096
2,2,rdkit2d_new3__ridge,829139639,MA,0.7249653042791901,0.5814757011277186,0.3299272313963948,0.5591369759269549,0.3984299985691484
2,2,rdkit2d_qm__ridge,829139639,CYP1A2_pIC50_direct_inhibition,0.7558134414594693,0.6513380747558156,0.2814082736131871,0.5513106650990819,0.3826433261360051
2,2,rdkit2d_qm__ridge,829139639,CYP2C9_pIC50_direct_inhibition,0.5884789240969243,0.4464439322559433,0.4364620375124167,0.6621796290364462,0.4770986138103463
2,2,rdkit2d_qm__ridge,829139639,CYP2D6_pIC50_direct_inhibition,0.9710925736930148,0.6419147292102526,0.098582102653079,0.3165378939418851,0.2167846571437281
2,2,rdkit2d_qm__ridge,829139639,CYP3A4_pIC50_direct_inhibition,0.5751190049427218,0.5774785180501072,0.5274515159288324,0.7319599970616926,0.5382026155500389
2,2,rdkit2d_qm__ridge,829139639,MA,0.7226259860480326,0.5792938135680297,0.3359759824268788,0.5654970462847765,0.4036823031600297
2,2,rdkit_match18__ridge,829139639,CYP1A2_pIC50_direct_inhibition,0.8084867077916084,0.681685063672573,0.2151382470362624,0.503186426061541,0.3420610405545666
2,2,rdkit_match18__ridge,829139639,CYP2C9_pIC50_direct_inhibition,0.7816981065532009,0.5097502562023902,0.2714604168157117,0.5033597283795148,0.3504695617854058
2,2,rdkit_match18__ridge,829139639,CYP2D6_pIC50_direct_inhibition,0.9869735077975704,0.6514884765892539,0.0647815670891795,0.2159549875501581,0.1465708917129125
2,2,rdkit_match18__ridge,829139639,CYP3A4_pIC50_direct_inhibition,0.7151384716714918,0.6907649020532024,0.352108492953449,0.613716066212127,0.4320575231499321
2,2,rdkit_match18__ridge,829139639,MA,0.8230741984534679,0.6334221746293548,0.2258721809736507,0.4590543020508352,0.3177897543007043
2,2,rdkit_match3_elec__ridge,829139639,CYP1A2_pIC50_direct_inhibition,0.8844405108348534,0.7254855944600875,0.0961035640548553,0.3688659033126498,0.2535852657619021
2,2,rdkit_match3_elec__ridge,829139639,CYP2C9_pIC50_direct_inhibition,0.8787314194164503,0.5492450633564202,0.1503470601299501,0.3825432899372419,0.2678815356080863
2,2,rdkit_match3_elec__ridge,829139639,CYP2D6_pIC50_direct_inhibition,0.9928515028081604,0.6544362839712808,0.0129113914422088,0.1232061016577735,0.0827410592377819
2,2,rdkit_match3_elec__ridge,829139639,CYP3A4_pIC50_direct_inhibition,0.9014022988455612,0.819905619147254,0.1397249372152921,0.364145824237598,0.2508623384472465
2,2,rdkit_match3_elec__ridge,829139639,MA,0.9143564329762564,0.6872681402337607,0.0997717382105766,0.3096902797863158,0.2137675497637542
2,2,rdkit_match3_new3__ridge,829139639,CYP1A2_pIC50_direct_inhibition,0.9399418502387644,0.7518164552612892,0.0275560635212987,0.2259016497834658,0.1507057612022724
2,2,rdkit_match3_new3__ridge,829139639,CYP2C9_pIC50_direct_inhibition,0.9825939661136752,0.5828246114539426,0.0046193335768918,0.1244151763747568,0.0862351154305366
2,2,rdkit_match3_new3__ridge,829139639,CYP2D6_pIC50_direct_inhibition,0.9686700490157024,0.6419415255708157,0.0363955874136496,0.2297911661757682,0.15550054384026
2,2,rdkit_match3_new3__ridge,829139639,CYP3A4_pIC50_direct_inhibition,0.9694538850871725,0.8655985681133391,0.0405443396784653,0.2005997614056921,0.132172178194101
2,2,rdkit_match3_new3__ridge,829139639,MA,0.9651649376138288,0.7105452900998466,0.0272788310475763,0.1951769384349207,0.1311533996667925
2,3,plain_qm,2545567356,CYP1A2_pIC50_direct_inhibition,0.9454130088431666,0.6973417248490071,0.2337802667887676,0.4893468242047055,0.3453870115690187
2,3,plain_qm,2545567356,CYP2C9_pIC50_direct_inhibition,0.6860276093192643,0.4306947768412443,0.3591811417405318,0.6582102012022811,0.4767477102655854
2,3,plain_qm,2545567356,CYP2D6_pIC50_direct_inhibition,1.018255194470902,0.632069585939045,0.1215202923852649,0.4641284011489162,0.318600116305593
2,3,plain_qm,2545567356,CYP3A4_pIC50_direct_inhibition,0.6112770080104801,0.5654934539510087,0.554427682353849,0.737759918428628,0.543727794879052
2,3,plain_qm,2545567356,MA,0.8152432051609533,0.5813998853950764,0.3172273458171034,0.5873613362461327,0.4211156582548123
2,3,qm_3d__ridge,2545567356,CYP1A2_pIC50_direct_inhibition,1.0263735470821311,0.756383985746411,0.006816806404289,0.1514930263434093,0.1064134701052125
2,3,qm_3d__ridge,2545567356,CYP2C9_pIC50_direct_inhibition,0.969271644412517,0.5511842336797173,0.0599792181972022,0.2407589434228522,0.167538012267939
2,3,qm_3d__ridge,2545567356,CYP2D6_pIC50_direct_inhibition,0.9978218057101332,0.626951197881481,-0.0047920489365234,0.0499543536537597,0.0312048651463686
2,3,qm_3d__ridge,2545567356,CYP3A4_pIC50_direct_inhibition,1.0023056316618562,0.843123487508219,0.0565091842069286,0.284487123554522,0.1939950473263492
2,3,qm_3d__ridge,2545567356,MA,0.9989431572166594,0.694410726203957,0.0296282899679741,0.1816733617436358,0.1247878487114673
2,3,qm_dft3__ridge,2545567356,CYP1A2_pIC50_direct_inhibition,1.007269822993599,0.7458167938355393,0.0065691409853765,0.1648577283329061,0.1140853998708954
2,3,qm_dft3__ridge,2545567356,CYP2C9_pIC50_direct_inhibition,1.0231823302318026,0.5683650678804713,0.0327352114512975,0.1748981051261549,0.1161494093250413
2,3,qm_dft3__ridge,2545567356,CYP2D6_pIC50_direct_inhibition,1.0057928967480696,0.630237406223585,-0.005091265618992,0.0252952521845927,0.0155275713246526
2,3,qm_dft3__ridge,2545567356,CYP3A4_pIC50_direct_inhibition,1.037122273212589,0.8711212798852769,0.0090288830833573,0.1684973105341481,0.1132369274007775
2,3,qm_dft3__ridge,2545567356,MA,1.018341830796515,0.7038851369562181,0.0108104924752598,0.1333870990444505,0.0897498269803417
2,3,qm_elec__ridge,2545567356,CYP1A2_pIC50_direct_inhibition,0.9833461011501424,0.7286815335591958,0.0642554120197255,0.2676661916264499,0.1792385399234027
2,3,qm_elec__ridge,2545567356,CYP2C9_pIC50_direct_inhibition,1.0036467517093204,0.5633106972038827,0.0834548632691021,0.2521983178995228,0.1719194760042214
2,3,qm_elec__ridge,2545567356,CYP2D6_pIC50_direct_inhibition,0.9363314100979944,0.5996433365366989,0.0953188864802779,0.3464963478279728,0.2360604421697915
2,3,qm_elec__ridge,2545567356,CYP3A4_pIC50_direct_inhibition,0.9903929406115332,0.8387063012790125,0.0512382553101112,0.2625571892700422,0.1794292720465824
2,3,qm_elec__ridge,2545567356,MA,0.9784293008922476,0.6825854671446974,0.0735668542698042,0.2822295116559969,0.1916619325359995
2,3,qm_full__lightgbm,2545567356,CYP1A2_pIC50_direct_inhibition,0.9704861948623024,0.726043045725645,0.0496116519105945,0.261222384953371,0.1773243680008302
2,3,qm_full__lightgbm,2545567356,CYP2C9_pIC50_direct_inhibition,0.9775277303058744,0.5473227120918219,0.1298653227696949,0.3163788548161163,0.2134728136055556
2,3,qm_full__lightgbm,2545567356,CYP2D6_pIC50_direct_inhibition,0.9716014816417174,0.6165040886023088,0.0237584753689292,0.2184830058563042,0.1468025266216998
2,3,qm_full__lightgbm,2545567356,CYP3A4_pIC50_direct_inhibition,0.9651919799314138,0.8131952211045069,0.0761897163982723,0.3180607725500604,0.2206605739311742
2,3,qm_full__lightgbm,2545567356,MA,0.9712018466853268,0.6757662668810707,0.0698562916118727,0.2785362545439629,0.189565070539815
2,3,qm_full__rf,2545567356,CYP1A2_pIC50_direct_inhibition,0.9797783732830224,0.7255657330251757,0.0580039434168334,0.2932337296282312,0.20326774493329
2,3,qm_full__rf,2545567356,CYP2C9_pIC50_direct_inhibition,0.9818947826773112,0.5480408482108848,0.1264505746601444,0.3013977191865254,0.2039951444634109
2,3,qm_full__rf,2545567356,CYP2D6_pIC50_direct_inhibition,1.0143842249876829,0.6326149886850744,0.0771519336052667,0.3075066610478534,0.2056550345524417
2,3,qm_full__rf,2545567356,CYP3A4_pIC50_direct_inhibition,0.9897299486073348,0.8310584789069951,0.0607081566565419,0.3023284437766683,0.2055088437100938
2,3,qm_full__rf,2545567356,MA,0.9914468323888378,0.6843200122070325,0.0805786520846966,0.3011166384098196,0.2046066919148091
2,3,qm_full__ridge,2545567356,CYP1A2_pIC50_direct_inhibition,0.9915596732326049,0.7326034457944101,0.0615573754194849,0.2771405616714507,0.190903335495277
2,3,qm_full__ridge,2545567356,CYP2C9_pIC50_direct_inhibition,0.9683288659050217,0.5485163991086269,0.108030101852262,0.3110583912811384,0.2089901571637855
2,3,qm_full__ridge,2545567356,CYP2D6_pIC50_direct_inhibition,0.9401628755629158,0.6022796689297527,0.0920274637522757,0.3372519099507742,0.228804372951185
2,3,qm_full__ridge,2545567356,CYP3A4_pIC50_direct_inhibition,0.9640382005007946,0.8147812964332248,0.1086990613632126,0.3762128357815811,0.2582871923674513
2,3,qm_full__ridge,2545567356,MA,0.9660224038003342,0.6745452025665035,0.0925785005968088,0.3254159246712361,0.2217462644944247
2,3,qm_full__xgboost,2545567356,CYP1A2_pIC50_direct_inhibition,0.9866182728349512,0.7327253662220047,0.022531636328631,0.168426787956204,0.1214282900434742
2,3,qm_full__xgboost,2545567356,CYP2C9_pIC50_direct_inhibition,0.9858012522104126,0.5463011058822276,0.1316118746612751,0.3316448460844668,0.2297846360272352
2,3,qm_full__xgboost,2545567356,CYP2D6_pIC50_direct_inhibition,0.9580643323186224,0.6091419889407391,0.0752042799073737,0.2616397996345762,0.1838147447202164
2,3,qm_full__xgboost,2545567356,CYP3A4_pIC50_direct_inhibition,0.9853153555085972,0.8266754460140042,0.0509089743878942,0.2968955119244393,0.2027034422306701
2,3,qm_full__xgboost,2545567356,MA,0.978949803218146,0.6787109767647439,0.0700641913212935,0.2646517363999216,0.184432778255399
2,3,qm_full_hmin__ridge,2545567356,CYP1A2_pIC50_direct_inhibition,0.9621856425267862,0.715414998589133,0.0978763675202097,0.3135769364615228,0.2161594315291128
2,3,qm_full_hmin__ridge,2545567356,CYP2C9_pIC50_direct_inhibition,0.9527496079885984,0.5413798631599227,0.1174148921240004,0.31997805460437,0.2158665731836653
2,3,qm_full_hmin__ridge,2545567356,CYP2D6_pIC50_direct_inhibition,0.9614066373400458,0.6098952820129263,0.1008772144587966,0.3321210503287706,0.2277077221519629
2,3,qm_full_hmin__ridge,2545567356,CYP3A4_pIC50_direct_inhibition,0.9780284810879972,0.8216400085378968,0.1116180164379923,0.3908469898219471,0.270608913120324
2,3,qm_full_hmin__ridge,2545567356,MA,0.9635925922358568,0.6720825380749696,0.1069466226352498,0.3391307578041526,0.2325856599962662
2,3,qm_gfn23__ridge,2545567356,CYP1A2_pIC50_direct_inhibition,1.0081195171783497,0.7454858870837221,0.0025501782466595,0.1902274803128796,0.1290272961007368
2,3,qm_gfn23__ridge,2545567356,CYP2C9_pIC50_direct_inhibition,1.0453298212592952,0.5738144800769475,0.007907765031144,0.1411388600510199,0.0930576633202763
2,3,qm_gfn23__ridge,2545567356,CYP2D6_pIC50_direct_inhibition,0.9579301561491794,0.6071505246720162,0.0575033300326526,0.2823031099389911,0.1865806731682223
2,3,qm_gfn23__ridge,2545567356,CYP3A4_pIC50_direct_inhibition,1.0546597332334184,0.8829803103076185,-0.0139190503658884,0.1400286158594726,0.0939382091572727
2,3,qm_gfn23__ridge,2545567356,MA,1.0165098069550609,0.7023578005350761,0.0135105557361419,0.1884245165405907,0.125650960436627
2,3,qm_new3__ridge,2545567356,CYP1A2_pIC50_direct_inhibition,1.036037257395002,0.7616629263877809,-0.014941922518467,0.0981727259626771,0.0674885168117829
2,3,qm_new3__ridge,2545567356,CYP2C9_pIC50_direct_inhibition,1.0496176383846014,0.5771625434397996,-0.0146530879981236,-0.1480796464234341,-0.1019283075089652
2,3,qm_new3__ridge,2545567356,CYP2D6_pIC50_direct_inhibition,0.9963040490730836,0.626702848896193,-0.0027572025669826,0.0519373022930842,0.03415283040797
2,3,qm_new3__ridge,2545567356,CYP3A4_pIC50_direct_inhibition,1.057995051779368,0.8841732798908308,-0.0237918698780293,0.0114377978724482,0.0061064373625987
2,3,qm_new3__ridge,2545567356,MA,1.0349884991580138,0.712425399653651,-0.0140360207404006,0.0033670449261938,0.0014548692683466
2,3,rdkit2d_3d__ridge,2545567356,CYP1A2_pIC50_direct_inhibition,0.8765713297966923,0.6727283396925273,0.2193559362354889,0.4496763172539967,0.3138240885073259
2,3,rdkit2d_3d__ridge,2545567356,CYP2C9_pIC50_direct_inhibition,0.6353022428984648,0.4110714293241362,0.4355963779320365,0.6714846972756,0.4919459576088678
2,3,rdkit2d_3d__ridge,2545567356,CYP2D6_pIC50_direct_inhibition,0.927940792620194,0.5943806448404129,0.141485557304077,0.3931859471744206,0.271542971843318
2,3,rdkit2d_3d__ridge,2545567356,CYP3A4_pIC50_direct_inhibition,0.6768169856155143,0.6140115804595774,0.4618561136981698,0.6784535148996276,0.4898599061514637
2,3,rdkit2d_3d__ridge,2545567356,MA,0.7791578377327163,0.5730479985791636,0.3145734962924431,0.5482001191509112,0.3917932310277438
2,3,rdkit2d__ridge,2545567356,CYP1A2_pIC50_direct_inhibition,0.8789764217793266,0.6717053816964718,0.2197399972974899,0.445508157454161,0.3113981758994856
2,3,rdkit2d__ridge,2545567356,CYP2C9_pIC50_direct_inhibition,0.6495067722550913,0.4226887932087516,0.421303320184968,0.6498597506769886,0.469882314491332
2,3,rdkit2d__ridge,2545567356,CYP2D6_pIC50_direct_inhibition,0.9343037033227896,0.5967321591976377,0.1350026301099249,0.3853392308729087,0.2646323104158953
2,3,rdkit2d__ridge,2545567356,CYP3A4_pIC50_direct_inhibition,0.6667277385118773,0.6086620596539392,0.472337531177078,0.6830949452828525,0.4940938886677589
2,3,rdkit2d__ridge,2545567356,MA,0.7823786589672712,0.5749470984392001,0.3120958696923652,0.5409505210717277,0.385001672368618
2,3,rdkit2d_elec__ridge,2545567356,CYP1A2_pIC50_direct_inhibition,0.8797431952526642,0.6731938668582703,0.2145429494169772,0.4451435657650947,0.3105119890511714
2,3,rdkit2d_elec__ridge,2545567356,CYP2C9_pIC50_direct_inhibition,0.6612732554287036,0.4281838163644959,0.4096704829403109,0.638153601766187,0.4616996477123584
2,3,rdkit2d_elec__ridge,2545567356,CYP2D6_pIC50_direct_inhibition,0.9153641884289768,0.5881537515647964,0.1543048700413093,0.4110055521606525,0.2850304411449949
2,3,rdkit2d_elec__ridge,2545567356,CYP3A4_pIC50_direct_inhibition,0.6661329602631578,0.608586387273253,0.4753529300354615,0.6874236700498472,0.497463261060788
2,3,rdkit2d_elec__ridge,2545567356,MA,0.7806283998433756,0.5745294555152038,0.3134678081085147,0.5454315974354453,0.3886763347423282
2,3,rdkit2d_new3__ridge,2545567356,CYP1A2_pIC50_direct_inhibition,0.8726180203751142,0.6712710143554362,0.2223162453980302,0.4521200061273195,0.3148319819428172
2,3,rdkit2d_new3__ridge,2545567356,CYP2C9_pIC50_direct_inhibition,0.6624327599869632,0.4259992435992009,0.4086702397879238,0.6394715123519221,0.4656488459649355
2,3,rdkit2d_new3__ridge,2545567356,CYP2D6_pIC50_direct_inhibition,0.9270907102288412,0.5941812507282893,0.1414437555376777,0.3938961894001603,0.2720523194452294
2,3,rdkit2d_new3__ridge,2545567356,CYP3A4_pIC50_direct_inhibition,0.6737073079306214,0.6128755396429388,0.4643058804219833,0.6793771890473194,0.4908284197204548
2,3,rdkit2d_new3__ridge,2545567356,MA,0.7839621996303849,0.5760817620814663,0.3091840302864037,0.5412162242316804,0.3858403917683592
2,3,rdkit2d_qm__ridge,2545567356,CYP1A2_pIC50_direct_inhibition,0.8819293674078107,0.6753772392795201,0.2145895801246506,0.4463711074496995,0.3106648594482053
2,3,rdkit2d_qm__ridge,2545567356,CYP2C9_pIC50_direct_inhibition,0.6469720040454524,0.4172909510310016,0.4232638619356289,0.6584702790233427,0.480656388157768
2,3,rdkit2d_qm__ridge,2545567356,CYP2D6_pIC50_direct_inhibition,0.91007418968313,0.5851887095146467,0.1598395191120648,0.4174204044705954,0.2886817910063194
2,3,rdkit2d_qm__ridge,2545567356,CYP3A4_pIC50_direct_inhibition,0.6763997845766055,0.614498845672833,0.4632215933832952,0.6803969695693872,0.4906446298315052
2,3,rdkit2d_qm__ridge,2545567356,MA,0.7788438364282497,0.5730889363745003,0.3152286386389099,0.5506646901282563,0.3926619171109495
2,3,rdkit_match18__ridge,2545567356,CYP1A2_pIC50_direct_inhibition,0.9272579990795968,0.70513832575736,0.1653987826564794,0.3914140482629579,0.2747105820170615
2,3,rdkit_match18__ridge,2545567356,CYP2C9_pIC50_direct_inhibition,0.8242650149418417,0.4912554841694747,0.2410626949678965,0.4816557826080653,0.3403431758353716
2,3,rdkit_match18__ridge,2545567356,CYP2D6_pIC50_direct_inhibition,0.9602260932639328,0.6106746213411044,0.111290003264736,0.3242531856268603,0.2188532753084024
2,3,rdkit_match18__ridge,2545567356,CYP3A4_pIC50_direct_inhibition,0.7861406989729757,0.6924886017781718,0.3207638853055674,0.5779225269686419,0.4055870230928515
2,3,rdkit_match18__ridge,2545567356,MA,0.8744724515645868,0.6248892582615277,0.2096288415486698,0.4438113858666314,0.3098735140634218
2,3,rdkit_match3_elec__ridge,2545567356,CYP1A2_pIC50_direct_inhibition,0.9575722744669032,0.7252976554775654,0.0740453677139137,0.3282935107198034,0.2207719015865742
2,3,rdkit_match3_elec__ridge,2545567356,CYP2C9_pIC50_direct_inhibition,0.9607556216014428,0.5462346685187788,0.113907773198471,0.3230331466998231,0.2221195839748603
2,3,rdkit_match3_elec__ridge,2545567356,CYP2D6_pIC50_direct_inhibition,1.0002657706871525,0.6268145241318539,0.0099979834066359,0.102190368731586,0.0674452552357471
2,3,rdkit_match3_elec__ridge,2545567356,CYP3A4_pIC50_direct_inhibition,1.0112642484118255,0.8481710570052955,0.0596734866124122,0.2800262558916178,0.1879663748073618
2,3,rdkit_match3_elec__ridge,2545567356,MA,0.9824644787918309,0.6866294762833733,0.0644061527328582,0.2583858205107076,0.1745757789011358
2,3,rdkit_match3_new3__ridge,2545567356,CYP1A2_pIC50_direct_inhibition,0.9854298072459596,0.7325965388070865,0.0295136055043831,0.2297567647209309,0.157905799953239
2,3,rdkit_match3_new3__ridge,2545567356,CYP2C9_pIC50_direct_inhibition,1.020990856212847,0.5701705532640196,0.019410212223523,0.1562780943231148,0.1074726826148944
2,3,rdkit_match3_new3__ridge,2545567356,CYP2D6_pIC50_direct_inhibition,0.9671954562673556,0.6113428425235443,0.0676003616546224,0.2922949740378893,0.1934720057773096
2,3,rdkit_match3_new3__ridge,2545567356,CYP3A4_pIC50_direct_inhibition,1.0510999826068073,0.876359619454952,-0.005429344180662,0.2025470532758725,0.1347672089341236
2,3,rdkit_match3_new3__ridge,2545567356,MA,1.0061790255832423,0.6976173885124005,0.0277737088004666,0.2202192215894519,0.1484044243198916
2,4,plain_qm,2718398101,CYP1A2_pIC50_direct_inhibition,0.7993889559214222,0.6463718241252276,0.2844778038669979,0.5316134182371093,0.3811888111151678
2,4,plain_qm,2718398101,CYP2C9_pIC50_direct_inhibition,0.7430851822171678,0.485294223766779,0.34131473535698,0.5878483537404042,0.4124711534077021
2,4,plain_qm,2718398101,CYP2D6_pIC50_direct_inhibition,0.9921957758018258,0.6252852939918613,0.0657386859651888,0.3314038850399186,0.2288218138922779
2,4,plain_qm,2718398101,CYP3A4_pIC50_direct_inhibition,0.50120820684392,0.5290946181537454,0.5752807492588284,0.7880533528863015,0.5964414291919807
2,4,plain_qm,2718398101,MA,0.7589695301960839,0.5715114900094034,0.3167029936119988,0.5597297524759334,0.4047308019017821
2,4,qm_3d__ridge,2718398101,CYP1A2_pIC50_direct_inhibition,0.9465563188514016,0.7298518934502498,0.0389013955096809,0.2869920382382293,0.1977870766187249
2,4,qm_3d__ridge,2718398101,CYP2C9_pIC50_direct_inhibition,0.9484774001114642,0.559158379502106,0.082814568048098,0.2328724393691024,0.1570854948968058
2,4,qm_3d__ridge,2718398101,CYP2D6_pIC50_direct_inhibition,1.0237970360152848,0.6392031591777667,-0.0126855304679239,0.0620070070695877,0.0368272686500077
2,4,qm_3d__ridge,2718398101,CYP3A4_pIC50_direct_inhibition,0.9208372924220428,0.8390156736556666,0.0793603616666177,0.2641220799604944,0.1781159122637456
2,4,qm_3d__ridge,2718398101,MA,0.9599170118500484,0.6918072764464474,0.0470976986891182,0.2114983911593534,0.142453938107321
2,4,qm_dft3__ridge,2718398101,CYP1A2_pIC50_direct_inhibition,0.982292817283786,0.7479149254079082,-0.0023040458828726,0.1118399116897773,0.0805329191824169
2,4,qm_dft3__ridge,2718398101,CYP2C9_pIC50_direct_inhibition,0.9804180495428788,0.5672215382420429,0.0250214142078021,0.158366220438512,0.1087729093026242
2,4,qm_dft3__ridge,2718398101,CYP2D6_pIC50_direct_inhibition,1.0172915361353412,0.6365588982319779,0.0005239120968402,0.1184389246514038,0.0783102055518418
2,4,qm_dft3__ridge,2718398101,CYP3A4_pIC50_direct_inhibition,0.9875625376535716,0.8807370243255256,-0.0025791239800101,0.0628982005136292,0.0409495285692184
2,4,qm_dft3__ridge,2718398101,MA,0.9918912351538944,0.7081080965518637,0.0051655391104398,0.1128858143233306,0.0771413906515253
2,4,qm_elec__ridge,2718398101,CYP1A2_pIC50_direct_inhibition,0.950062978485505,0.7342053210539058,0.0580353565148927,0.2474274273360524,0.1702934378261129
2,4,qm_elec__ridge,2718398101,CYP2C9_pIC50_direct_inhibition,0.9444116745967216,0.5632979775051986,0.0528903573008653,0.235607635463983,0.1637202978956199
2,4,qm_elec__ridge,2718398101,CYP2D6_pIC50_direct_inhibition,0.9969580264706672,0.6272431306608279,0.0310144523078458,0.1932990223460013,0.125328912670506
2,4,qm_elec__ridge,2718398101,CYP3A4_pIC50_direct_inhibition,1.00269587793233,0.8814636879656897,0.0020099602221512,0.1199605256604705,0.0813204955163389
2,4,qm_elec__ridge,2718398101,MA,0.973532139371306,0.7015525292964055,0.0359875315864387,0.1990736527016268,0.1351657859771444
2,4,qm_full__lightgbm,2718398101,CYP1A2_pIC50_direct_inhibition,0.947742714566852,0.7363086788557208,0.05262048478691,0.2509325124180914,0.1730780790606744
2,4,qm_full__lightgbm,2718398101,CYP2C9_pIC50_direct_inhibition,1.0049585015264573,0.5817053662995089,0.0160532378290408,0.2252687764667163,0.1547143853450702
2,4,qm_full__lightgbm,2718398101,CYP2D6_pIC50_direct_inhibition,1.0785639546081005,0.658368540328572,-0.0318480657131143,0.0874324369627009,0.0590950684904002
2,4,qm_full__lightgbm,2718398101,CYP3A4_pIC50_direct_inhibition,0.9039764997953798,0.8243522904751917,0.1006780044933739,0.3279130500662396,0.2263454169281028
2,4,qm_full__lightgbm,2718398101,MA,0.9838104176241972,0.7001837189897484,0.0343759153490526,0.222886693978437,0.1533082374560619
2,4,qm_full__rf,2718398101,CYP1A2_pIC50_direct_inhibition,0.9699623308052188,0.7457826781472437,0.0516959104674328,0.290567605376581,0.1948387662794142
2,4,qm_full__rf,2718398101,CYP2C9_pIC50_direct_inhibition,0.9696203181982326,0.5661950559103811,0.0576690445398138,0.2557864895186502,0.1756869948550709
2,4,qm_full__rf,2718398101,CYP2D6_pIC50_direct_inhibition,1.1253086995953658,0.67769323515008,-0.0434100383597438,0.0669339516336723,0.040925682897257
2,4,qm_full__rf,2718398101,CYP3A4_pIC50_direct_inhibition,0.9424930108193867,0.8418987232733438,0.0709370411451965,0.2967057428047367,0.2024551763923697
2,4,qm_full__rf,2718398101,MA,1.001846089854551,0.7078924231202621,0.0342229894481748,0.22749844733341,0.153476655106028
2,4,qm_full__ridge,2718398101,CYP1A2_pIC50_direct_inhibition,0.9356121171979976,0.7264461868479786,0.0746605705942636,0.3115526294236981,0.2127533316854339
2,4,qm_full__ridge,2718398101,CYP2C9_pIC50_direct_inhibition,0.9111303836448068,0.5488313365148271,0.1122821982223048,0.3021432775507278,0.2119300258140856
2,4,qm_full__ridge,2718398101,CYP2D6_pIC50_direct_inhibition,1.0050074247437366,0.6301189964993215,0.0280551690364626,0.1941855525055532,0.1256552137066209
2,4,qm_full__ridge,2718398101,CYP3A4_pIC50_direct_inhibition,0.9344646973145986,0.8385248599171068,0.0749467506982618,0.2626706540354724,0.1791594309561559
2,4,qm_full__ridge,2718398101,MA,0.9465536557252848,0.6859803449448085,0.0724861721378232,0.2676380283788628,0.1823745005405741
2,4,qm_full__xgboost,2718398101,CYP1A2_pIC50_direct_inhibition,0.9947463570685616,0.7555269638105089,0.0192517736921722,0.2695365796177077,0.1838081307513633
2,4,qm_full__xgboost,2718398101,CYP2C9_pIC50_direct_inhibition,1.0186803861865896,0.580846400749981,0.0041886650604325,0.209475439407319,0.1439944475884011
2,4,qm_full__xgboost,2718398101,CYP2D6_pIC50_direct_inhibition,1.0115560754829118,0.6318330757164102,0.0234295679006032,0.1651650118370425,0.1128322353584594
2,4,qm_full__xgboost,2718398101,CYP3A4_pIC50_direct_inhibition,0.9538911044953304,0.8603446893216068,0.0286905216430399,0.226086284461556,0.1583230791772646
2,4,qm_full__xgboost,2718398101,MA,0.9947184808083483,0.7071377823996267,0.0188901320740619,0.2175658288309063,0.1497394732188721
2,4,qm_full_hmin__ridge,2718398101,CYP1A2_pIC50_direct_inhibition,0.9063707035084312,0.7048796294065068,0.1019278604657052,0.3843126264964194,0.2706766621806308
2,4,qm_full_hmin__ridge,2718398101,CYP2C9_pIC50_direct_inhibition,0.8891146466546819,0.5407654602403502,0.1234752483814271,0.3274094861179881,0.2291457406733228
2,4,qm_full_hmin__ridge,2718398101,CYP2D6_pIC50_direct_inhibition,0.9976848297471896,0.6240766218618965,0.0349588117252788,0.2075542917848474,0.1377749077333857
2,4,qm_full_hmin__ridge,2718398101,CYP3A4_pIC50_direct_inhibition,0.9152088477952252,0.825276911053447,0.0909223089989846,0.2975215469686762,0.2045476164652815
2,4,qm_full_hmin__ridge,2718398101,MA,0.927094756926382,0.6737496556405501,0.0878210573928489,0.3041994878419827,0.2105362317631552
2,4,qm_gfn23__ridge,2718398101,CYP1A2_pIC50_direct_inhibition,0.9882470447103656,0.750710466467109,0.0014322479399112,0.0825790872214143,0.0552572685299174
2,4,qm_gfn23__ridge,2718398101,CYP2C9_pIC50_direct_inhibition,0.9779782790029454,0.5636473890606034,0.0357414984813173,0.2027830488385885,0.139756408613333
2,4,qm_gfn23__ridge,2718398101,CYP2D6_pIC50_direct_inhibition,0.9914896322805766,0.6228100993779809,0.0314551563254649,0.198124019651337,0.1323683862883626
2,4,qm_gfn23__ridge,2718398101,CYP3A4_pIC50_direct_inhibition,1.0030635666701035,0.8883297113454721,-0.0149740688169154,-0.0335153812982894,-0.0231821344667701
2,4,qm_gfn23__ridge,2718398101,MA,0.9901946306659978,0.7063744165627913,0.0134137084824445,0.1124926936032626,0.0760499822412107
2,4,qm_new3__ridge,2718398101,CYP1A2_pIC50_direct_inhibition,0.9667800974193448,0.7406632371993014,0.0101006037871944,0.2142995842189723,0.1467574835680354
2,4,qm_new3__ridge,2718398101,CYP2C9_pIC50_direct_inhibition,1.01110946764586,0.5788135232203395,-0.0071482969094481,-0.0272677303730327,-0.0185356393274051
2,4,qm_new3__ridge,2718398101,CYP2D6_pIC50_direct_inhibition,1.0178391784645846,0.6368949082564201,-0.0115832083638707,0.0490282234071423,0.0320596850985745
2,4,qm_new3__ridge,2718398101,CYP3A4_pIC50_direct_inhibition,0.9900646106961588,0.8831447142803909,-0.0028652929695189,0.0366388060746264,0.0237135207662976
2,4,qm_new3__ridge,2718398101,MA,0.9964483385564872,0.709879095739113,-0.0028740486139108,0.068174720831927,0.0459987625263755
2,4,rdkit2d_3d__ridge,2718398101,CYP1A2_pIC50_direct_inhibition,0.8130264975503352,0.6600109664382332,0.2632315524937297,0.5039270744809359,0.3577163924973705
2,4,rdkit2d_3d__ridge,2718398101,CYP2C9_pIC50_direct_inhibition,0.792148708532952,0.5007784282585946,0.3082843658264149,0.5485243064624936,0.3867405603071582
2,4,rdkit2d_3d__ridge,2718398101,CYP2D6_pIC50_direct_inhibition,0.9357816564167928,0.596536265120568,0.1427946138616664,0.3686658427171143,0.2525603228866712
2,4,rdkit2d_3d__ridge,2718398101,CYP3A4_pIC50_direct_inhibition,0.5255083836072914,0.5381211025011953,0.5616844153878727,0.760649811863191,0.5714874849067675
2,4,rdkit2d_3d__ridge,2718398101,MA,0.7666163115268427,0.5738616905796478,0.3189987368924209,0.5454417588809337,0.3921261901494919
2,4,rdkit2d__ridge,2718398101,CYP1A2_pIC50_direct_inhibition,0.8158614980781619,0.6590833437159809,0.2688694220494567,0.4967341996906488,0.3521664178284175
2,4,rdkit2d__ridge,2718398101,CYP2C9_pIC50_direct_inhibition,0.7888389773705675,0.497988268103623,0.3055988750694331,0.5365000430283893,0.3769259875942641
2,4,rdkit2d__ridge,2718398101,CYP2D6_pIC50_direct_inhibition,0.931700263540904,0.5943507351693489,0.1389032135128025,0.3647024639003381,0.2483467140505694
2,4,rdkit2d__ridge,2718398101,CYP3A4_pIC50_direct_inhibition,0.5260026911791289,0.5380765294177409,0.560818805544271,0.760013484466888,0.5707140784116462
2,4,rdkit2d__ridge,2718398101,MA,0.7656008575421905,0.5723747191016735,0.3185475790439908,0.5394875477715662,0.3870382994712243
2,4,rdkit2d_elec__ridge,2718398101,CYP1A2_pIC50_direct_inhibition,0.8156415905242934,0.6588659548694963,0.2662523671160023,0.4963813250930211,0.3521688455778833
2,4,rdkit2d_elec__ridge,2718398101,CYP2C9_pIC50_direct_inhibition,0.7924047330276077,0.4987003291881197,0.303364687688451,0.5364432432074374,0.3776985391148952
2,4,rdkit2d_elec__ridge,2718398101,CYP2D6_pIC50_direct_inhibition,0.95719184263955,0.6046346950575181,0.1226043392570157,0.3449291904941663,0.2342050318204742
2,4,rdkit2d_elec__ridge,2718398101,CYP3A4_pIC50_direct_inhibition,0.527946171760609,0.5394079267266457,0.5624062769758238,0.7596794267198932,0.5712619255148348
2,4,rdkit2d_elec__ridge,2718398101,MA,0.773296084488015,0.5754022264604449,0.3136569177593231,0.5343582963786294,0.3838335855070219
2,4,rdkit2d_new3__ridge,2718398101,CYP1A2_pIC50_direct_inhibition,0.8121060836880503,0.6595510142654518,0.2648741007127861,0.5045672768709379,0.3581537198780909
2,4,rdkit2d_new3__ridge,2718398101,CYP2C9_pIC50_direct_inhibition,0.7913191780752182,0.5029974709265174,0.3016431444981038,0.5350605216851355,0.3756567143829993
2,4,rdkit2d_new3__ridge,2718398101,CYP2D6_pIC50_direct_inhibition,0.9343212138712838,0.5959305901286218,0.1443994176277097,0.3713304580695652,0.2527961523488827
2,4,rdkit2d_new3__ridge,2718398101,CYP3A4_pIC50_direct_inhibition,0.5243057995533179,0.5373354560633504,0.562429017506096,0.7610013232280022,0.5717095528491793
2,4,rdkit2d_new3__ridge,2718398101,MA,0.7655130687969676,0.5739536328459853,0.3183364200861739,0.5429898949634103,0.389579034864788
2,4,rdkit2d_qm__ridge,2718398101,CYP1A2_pIC50_direct_inhibition,0.8135633795828636,0.6592048199189174,0.2597210800613002,0.5057167642242881,0.3600578796782034
2,4,rdkit2d_qm__ridge,2718398101,CYP2C9_pIC50_direct_inhibition,0.7891037274306182,0.4969435307540613,0.3146401456025441,0.5543842733674319,0.3924638483557388
2,4,rdkit2d_qm__ridge,2718398101,CYP2D6_pIC50_direct_inhibition,0.9611597817181856,0.6073266087374892,0.1258564920810917,0.3506102316676183,0.2384468929167785
2,4,rdkit2d_qm__ridge,2718398101,CYP3A4_pIC50_direct_inhibition,0.5277192434625503,0.5390462947146559,0.5635872603617004,0.76052302465871,0.571582592350836
2,4,rdkit2d_qm__ridge,2718398101,MA,0.7728865330485544,0.575630313531281,0.3159512445266591,0.5428085734795122,0.3906378033253891
2,4,rdkit_match18__ridge,2718398101,CYP1A2_pIC50_direct_inhibition,0.8546394033177569,0.6825083500852328,0.2230009020057539,0.47764167023976,0.3312816324226774
2,4,rdkit_match18__ridge,2718398101,CYP2C9_pIC50_direct_inhibition,0.848663286049439,0.5166871842068373,0.2037305133351612,0.45069126508719,0.3135282733205766
2,4,rdkit_match18__ridge,2718398101,CYP2D6_pIC50_direct_inhibition,0.9553472010326476,0.6059638580920259,0.0917492386583282,0.2643394316288798,0.1791202603430739
2,4,rdkit_match18__ridge,2718398101,CYP3A4_pIC50_direct_inhibition,0.7171329630134915,0.6898571237522997,0.3561852326782787,0.5987883793421528,0.4270573235735444
2,4,rdkit_match18__ridge,2718398101,MA,0.8439457133533338,0.6237541290340989,0.2186664716693805,0.4478651865744957,0.312746872414968
2,4,rdkit_match3_elec__ridge,2718398101,CYP1A2_pIC50_direct_inhibition,0.9495146823005004,0.7369110619970304,0.0836225818876472,0.3093817353098011,0.2118711238504467
2,4,rdkit_match3_elec__ridge,2718398101,CYP2C9_pIC50_direct_inhibition,0.9057705714391554,0.5384716185786175,0.1215133942511309,0.3409195302495375,0.2363253432409649
2,4,rdkit_match3_elec__ridge,2718398101,CYP2D6_pIC50_direct_inhibition,1.0368040824821827,0.6406664072060472,-0.0029338401118614,0.0582713499710127,0.0393300625719475
2,4,rdkit_match3_elec__ridge,2718398101,CYP3A4_pIC50_direct_inhibition,0.8989330239603226,0.8241902579253882,0.1157006123722227,0.340525054769968,0.2332800913828912
2,4,rdkit_match3_elec__ridge,2718398101,MA,0.9477555900455404,0.6850598364267708,0.0794756870997848,0.2622744175750798,0.1802016552615626
2,4,rdkit_match3_new3__ridge,2718398101,CYP1A2_pIC50_direct_inhibition,0.9676222148155073,0.7444442638236782,0.034012089484651,0.2265338939044422,0.1518544032409303
2,4,rdkit_match3_new3__ridge,2718398101,CYP2C9_pIC50_direct_inhibition,0.9769030140957368,0.5687956793604775,0.0310457162925214,0.1711479947854346,0.1160895185257048
2,4,rdkit_match3_new3__ridge,2718398101,CYP2D6_pIC50_direct_inhibition,0.9492945053894466,0.6046804477144112,0.073358438886913,0.2842960231215972,0.192687108745903
2,4,rdkit_match3_new3__ridge,2718398101,CYP3A4_pIC50_direct_inhibition,0.9808210353921192,0.8749495653985702,0.019299606909021,0.1658935307435378,0.1147911865500864
2,4,rdkit_match3_new3__ridge,2718398101,MA,0.9686601924232024,0.6982174890742844,0.0394289628932766,0.2119678606387529,0.1438555542656562
3,0,plain_qm,176092387,CYP1A2_pIC50_direct_inhibition,0.8471080689655546,0.6668442105604055,0.2336156619429475,0.4898689652943732,0.3467628839472835
3,0,plain_qm,176092387,CYP2C9_pIC50_direct_inhibition,0.6510149971762377,0.4488865904727961,0.4397633127024565,0.6631987742499245,0.4762463149799933
3,0,plain_qm,176092387,CYP2D6_pIC50_direct_inhibition,0.9779690038386,0.626382627445163,0.0861384577712998,0.4394273079218716,0.2949514382532705
3,0,plain_qm,176092387,CYP3A4_pIC50_direct_inhibition,0.5571698507661774,0.5687125693241952,0.5694894982350593,0.7569363352290028,0.5689556221636258
3,0,plain_qm,176092387,MA,0.7583154801866424,0.57770649945064,0.3322517326629408,0.587357845673793,0.4217290648360433
3,0,qm_3d__ridge,176092387,CYP1A2_pIC50_direct_inhibition,1.013075690669126,0.759993503406649,0.0305646981349342,0.2427670825838373,0.1625917914261335
3,0,qm_3d__ridge,176092387,CYP2C9_pIC50_direct_inhibition,0.9345227079325826,0.5639891221039249,0.0519783176691572,0.2207668967705547,0.1517815660012752
3,0,qm_3d__ridge,176092387,CYP2D6_pIC50_direct_inhibition,1.0029396984040029,0.6415078851025104,-0.0117683771053281,0.0219542975844515,0.015783096696721
3,0,qm_3d__ridge,176092387,CYP3A4_pIC50_direct_inhibition,0.9360794347661552,0.8709539267302456,0.0736174712871109,0.2982333413624135,0.2034780886870849
3,0,qm_3d__ridge,176092387,MA,0.9716543829429668,0.7091111093358325,0.0360980274964685,0.1959304045753142,0.1334086357028036
3,0,qm_dft3__ridge,176092387,CYP1A2_pIC50_direct_inhibition,1.0283345499352623,0.7631194851989055,0.0014038706891029,0.12948254785234,0.0869824007422353
3,0,qm_dft3__ridge,176092387,CYP2C9_pIC50_direct_inhibition,0.9833418003293024,0.5821089671648503,0.0007910902445631,0.1712235207647724,0.1163521528766437
3,0,qm_dft3__ridge,176092387,CYP2D6_pIC50_direct_inhibition,1.0069911366200996,0.6437638483372318,-0.0121360362543785,0.015820697286362,0.0085986324971975
3,0,qm_dft3__ridge,176092387,CYP3A4_pIC50_direct_inhibition,0.9968946306186188,0.915418848253524,0.012760988648213,0.1411125805201769,0.094327910858801
3,0,qm_dft3__ridge,176092387,MA,1.003890529375821,0.7261027872386279,0.0007049783318751,0.1144098366059128,0.0765652742437194
3,0,qm_elec__ridge,176092387,CYP1A2_pIC50_direct_inhibition,0.9844578396787264,0.7426364665644101,0.0525783367563469,0.2452285493169196,0.1635933313118457
3,0,qm_elec__ridge,176092387,CYP2C9_pIC50_direct_inhibition,0.928407338743116,0.5608585903269173,0.0669246392400829,0.2804485178945367,0.1904874256506017
3,0,qm_elec__ridge,176092387,CYP2D6_pIC50_direct_inhibition,0.9832494987248558,0.6271541064803368,0.0241397109590625,0.235056331992962,0.1609296400333325
3,0,qm_elec__ridge,176092387,CYP3A4_pIC50_direct_inhibition,0.9881155671988112,0.9029527319771158,0.034350385283995,0.221951923560776,0.1511221383142466
3,0,qm_elec__ridge,176092387,MA,0.9710575610863774,0.7084004738371951,0.0444982680598718,0.2456713306912986,0.1665331338275066
3,0,qm_full__lightgbm,176092387,CYP1A2_pIC50_direct_inhibition,0.9727027293086584,0.7359580248233297,0.0561159238876766,0.2747310684922773,0.1839137087171299
3,0,qm_full__lightgbm,176092387,CYP2C9_pIC50_direct_inhibition,0.9355494448534918,0.5745754119055765,0.0477420208673804,0.2111203267116071,0.145034738173942
3,0,qm_full__lightgbm,176092387,CYP2D6_pIC50_direct_inhibition,0.999415111489786,0.6362990856757114,-0.0065169805392313,0.1980799241148759,0.1327871343983492
3,0,qm_full__lightgbm,176092387,CYP3A4_pIC50_direct_inhibition,0.9655663355040044,0.8891565148940075,0.05808977718534,0.2713251042905266,0.1828309417664353
3,0,qm_full__lightgbm,176092387,MA,0.9683084052889852,0.7089972593246563,0.0388576853502914,0.2388141059023217,0.1611416307639641
3,0,qm_full__rf,176092387,CYP1A2_pIC50_direct_inhibition,0.9832174461135168,0.7334217139687919,0.0683491059306848,0.3310950847731059,0.224478209072368
3,0,qm_full__rf,176092387,CYP2C9_pIC50_direct_inhibition,0.933661405251785,0.5593096855991228,0.0807259470690017,0.2878989407737307,0.1977882066083142
3,0,qm_full__rf,176092387,CYP2D6_pIC50_direct_inhibition,1.034369204557011,0.6530269035129346,-0.0291352764214714,0.1951744032765786,0.1329169023293321
3,0,qm_full__rf,176092387,CYP3A4_pIC50_direct_inhibition,1.0304931866880869,0.9171547728724408,0.0050993929603731,0.2440321947326574,0.1654041912540056
3,0,qm_full__rf,176092387,MA,0.9954353106526,0.7157282689883225,0.031259792384647,0.2645501558890181,0.180146877316005
3,0,qm_full__ridge,176092387,CYP1A2_pIC50_direct_inhibition,0.9801837486044142,0.7356606809824302,0.0753414486022693,0.2990111649697019,0.2019692881940937
3,0,qm_full__ridge,176092387,CYP2C9_pIC50_direct_inhibition,0.9062517115012896,0.5498781001631553,0.1097294886506448,0.3360752675518623,0.2270991666108067
3,0,qm_full__ridge,176092387,CYP2D6_pIC50_direct_inhibition,0.9893055483938842,0.6300233913555665,0.0183611319011633,0.2331961802675981,0.1572971555310615
3,0,qm_full__ridge,176092387,CYP3A4_pIC50_direct_inhibition,0.9301993386938066,0.8627253146493954,0.0894543731977183,0.3304905764925628,0.2261633832616034
3,0,qm_full__ridge,176092387,MA,0.9514850867983486,0.6945718717876368,0.0732216105879489,0.2996932973204313,0.2031322483993913
3,0,qm_full__xgboost,176092387,CYP1A2_pIC50_direct_inhibition,0.9997964601624516,0.74795923432076,0.037962190896986,0.2788919254239226,0.1869385795251656
3,0,qm_full__xgboost,176092387,CYP2C9_pIC50_direct_inhibition,0.9773757764051696,0.5852023957946998,0.0082906995647658,0.0177456237231055,0.0108407722061489
3,0,qm_full__xgboost,176092387,CYP2D6_pIC50_direct_inhibition,0.9881956946514912,0.6321940875669924,0.012492704361624,0.1632641039673702,0.1168351275374954
3,0,qm_full__xgboost,176092387,CYP3A4_pIC50_direct_inhibition,1.0029034681273412,0.9084310798871992,0.0247341509695207,0.2305261777941433,0.1535043964059154
3,0,qm_full__xgboost,176092387,MA,0.9920678498366132,0.7184466993924128,0.0208699364482241,0.1726069577271354,0.1170297189186813
3,0,qm_full_hmin__ridge,176092387,CYP1A2_pIC50_direct_inhibition,0.9627442377729516,0.7228962052131859,0.1012412222060089,0.3305527468746458,0.2199407802932824
3,0,qm_full_hmin__ridge,176092387,CYP2C9_pIC50_direct_inhibition,0.8904944361861633,0.5414464448592777,0.1223196180660217,0.365425851547373,0.2465906762533101
3,0,qm_full_hmin__ridge,176092387,CYP2D6_pIC50_direct_inhibition,0.968230277677941,0.6237981738165765,0.0441485241316134,0.280100477665925,0.1908524881796868
3,0,qm_full_hmin__ridge,176092387,CYP3A4_pIC50_direct_inhibition,0.9073951767336892,0.8506975681113808,0.122866262513279,0.3779321618419599,0.2595492481490683
3,0,qm_full_hmin__ridge,176092387,MA,0.9322160320926862,0.6847095980001052,0.0976439067292308,0.3385028094824759,0.2292332982188369
3,0,qm_gfn23__ridge,176092387,CYP1A2_pIC50_direct_inhibition,1.0384979098323543,0.7709396785335653,-0.0085191784756494,0.1924464103653547,0.1300255214925088
3,0,qm_gfn23__ridge,176092387,CYP2C9_pIC50_direct_inhibition,0.9788483317804084,0.5788148355242162,0.0079302227187446,0.1593740295823956,0.1094828941664263
3,0,qm_gfn23__ridge,176092387,CYP2D6_pIC50_direct_inhibition,0.948880372015004,0.6133272784622219,0.0504152113377552,0.2844792690561304,0.190755758284195
3,0,qm_gfn23__ridge,176092387,CYP3A4_pIC50_direct_inhibition,1.0265276024900438,0.9342752891491448,-0.0202626602743928,0.0138718455294085,0.0075911138622035
3,0,qm_gfn23__ridge,176092387,MA,0.9981885540294526,0.7243392704172871,0.0073908988266143,0.1625428886333223,0.1094638219513334
3,0,qm_new3__ridge,176092387,CYP1A2_pIC50_direct_inhibition,1.0309329661412547,0.7689022834819542,0.0116754107254097,0.1177195713976281,0.0784859752324746
3,0,qm_new3__ridge,176092387,CYP2C9_pIC50_direct_inhibition,0.9969967890924988,0.5882998931473027,-0.0037977685710339,0.007002672088712,0.0062588598703592
3,0,qm_new3__ridge,176092387,CYP2D6_pIC50_direct_inhibition,1.0017284626339291,0.6393055043247793,-0.0096255526716723,0.0547553442107848,0.0370077977510746
3,0,qm_new3__ridge,176092387,CYP3A4_pIC50_direct_inhibition,1.0192544580390075,0.9289292575093754,-0.006679638230914,0.0059074382760364,0.0022524418142386
3,0,qm_new3__ridge,176092387,MA,1.0122281689766728,0.7313592346158528,-0.0021068871870526,0.0463462564932904,0.0310012686670367
3,0,rdkit2d_3d__ridge,176092387,CYP1A2_pIC50_direct_inhibition,0.8265713166017935,0.6592154629707779,0.2213616744219478,0.4736049500667213,0.3279715179584752
3,0,rdkit2d_3d__ridge,176092387,CYP2C9_pIC50_direct_inhibition,0.7250973710308996,0.4798317409003894,0.3541848771475518,0.586102796508236,0.4162984751475519
3,0,rdkit2d_3d__ridge,176092387,CYP2D6_pIC50_direct_inhibition,0.9237575956943734,0.5958262827267619,0.1343882371172581,0.403062566081094,0.2767198461225314
3,0,rdkit2d_3d__ridge,176092387,CYP3A4_pIC50_direct_inhibition,0.5901723424147606,0.6084874341728689,0.5286152323603714,0.7388656841496916,0.5423708669579526
3,0,rdkit2d_3d__ridge,176092387,MA,0.7663996564354568,0.5858402301926996,0.3096375052617823,0.5504089992014357,0.3908401765466278
3,0,rdkit2d__ridge,176092387,CYP1A2_pIC50_direct_inhibition,0.839334876291029,0.6636642219739575,0.208345219334078,0.4557732713123934,0.3152139971473839
3,0,rdkit2d__ridge,176092387,CYP2C9_pIC50_direct_inhibition,0.7370842806183441,0.4851746802646932,0.3411833357660137,0.5725377949899839,0.4076530481840922
3,0,rdkit2d__ridge,176092387,CYP2D6_pIC50_direct_inhibition,0.9185153581805034,0.5934090028633107,0.1377273562938183,0.4009528614519324,0.2755799406100659
3,0,rdkit2d__ridge,176092387,CYP3A4_pIC50_direct_inhibition,0.5951785398586528,0.6100267066315443,0.5286388013558028,0.7381249031593791,0.5415641297755232
3,0,rdkit2d__ridge,176092387,MA,0.7725282637371323,0.5880686529333765,0.3039736781874282,0.5418472077284222,0.3850027789292664
3,0,rdkit2d_elec__ridge,176092387,CYP1A2_pIC50_direct_inhibition,0.8392817482396059,0.6648228458799458,0.2078745856240144,0.460009282966834,0.3182705025016497
3,0,rdkit2d_elec__ridge,176092387,CYP2C9_pIC50_direct_inhibition,0.7511937879050673,0.4879252043373898,0.3309553592913532,0.5649716139449793,0.3998675814863939
3,0,rdkit2d_elec__ridge,176092387,CYP2D6_pIC50_direct_inhibition,0.9177493573843888,0.5962628332924668,0.1349069507066815,0.3899773773444717,0.2684334698996475
3,0,rdkit2d_elec__ridge,176092387,CYP3A4_pIC50_direct_inhibition,0.6030668978677011,0.6160008505047516,0.52150297371915,0.7332004916550688,0.5354836465204673
3,0,rdkit2d_elec__ridge,176092387,MA,0.7778229478491908,0.5912529335036385,0.2988099673352998,0.5370396914778385,0.3805138001020396
3,0,rdkit2d_new3__ridge,176092387,CYP1A2_pIC50_direct_inhibition,0.8285459587829132,0.6603258661359144,0.2196384706941062,0.4699337361898476,0.3263460195008124
3,0,rdkit2d_new3__ridge,176092387,CYP2C9_pIC50_direct_inhibition,0.7344837624842536,0.4829387593573043,0.3438167034801148,0.5742396318435774,0.4077474306965337
3,0,rdkit2d_new3__ridge,176092387,CYP2D6_pIC50_direct_inhibition,0.9234685806215251,0.5955049413073487,0.1345962980307864,0.4026888073615472,0.2765100947684605
3,0,rdkit2d_new3__ridge,176092387,CYP3A4_pIC50_direct_inhibition,0.5955512479936502,0.6124347287964971,0.5256849590853104,0.735955539147259,0.5394031174437716
3,0,rdkit2d_new3__ridge,176092387,MA,0.7705123874705856,0.5878010738992662,0.3059341078225794,0.5457044286355578,0.3875016656023945
3,0,rdkit2d_qm__ridge,176092387,CYP1A2_pIC50_direct_inhibition,0.8262977765892593,0.6600408498707613,0.2208472789712316,0.4789269401320814,0.332141376576563
3,0,rdkit2d_qm__ridge,176092387,CYP2C9_pIC50_direct_inhibition,0.7373500464519618,0.4823582388071913,0.3451531486114482,0.5782095840939945,0.4085229768686267
3,0,rdkit2d_qm__ridge,176092387,CYP2D6_pIC50_direct_inhibition,0.9232967031430398,0.5984904613278222,0.1305654091117428,0.3908061298470451,0.2682950153867771
3,0,rdkit2d_qm__ridge,176092387,CYP3A4_pIC50_direct_inhibition,0.5984721110524767,0.6139734311309595,0.5219494213461253,0.734875755573321,0.5369385803621888
3,0,rdkit2d_qm__ridge,176092387,MA,0.7713541593091844,0.5887157452841837,0.304628814510137,0.5457046024116105,0.3864744872985389
3,0,rdkit_match18__ridge,176092387,CYP1A2_pIC50_direct_inhibition,0.9216360644823226,0.7079167754068942,0.1424648565071075,0.3883899886016442,0.2613879357915062
3,0,rdkit_match18__ridge,176092387,CYP2C9_pIC50_direct_inhibition,0.7726159562962703,0.4977112945508968,0.2831114034304313,0.521433305315662,0.3652474362386462
3,0,rdkit_match18__ridge,176092387,CYP2D6_pIC50_direct_inhibition,0.96143416745783,0.617539125585008,0.070973594808565,0.2857893909033153,0.1953711960991665
3,0,rdkit_match18__ridge,176092387,CYP3A4_pIC50_direct_inhibition,0.7544357860116588,0.7441686919137201,0.3333998506034517,0.6018994585454662,0.4223420018202807
3,0,rdkit_match18__ridge,176092387,MA,0.8525304935620204,0.6418339718641298,0.2074874263373888,0.4493780358415219,0.3110871424873999
3,0,rdkit_match3_elec__ridge,176092387,CYP1A2_pIC50_direct_inhibition,0.9845249315852976,0.7465572689590798,0.0759572537667012,0.3057946377835318,0.209318901549519
3,0,rdkit_match3_elec__ridge,176092387,CYP2C9_pIC50_direct_inhibition,0.8798741421705615,0.5459047605162219,0.1622771130016425,0.4154543263272591,0.2874125592339427
3,0,rdkit_match3_elec__ridge,176092387,CYP2D6_pIC50_direct_inhibition,1.0254036696122,0.6496639850383495,-0.0256637287038197,0.053015149978067,0.0358066965580757
3,0,rdkit_match3_elec__ridge,176092387,CYP3A4_pIC50_direct_inhibition,0.9021727307947164,0.8529032986220034,0.1323155974518797,0.3908157059731085,0.2693300133137635
3,0,rdkit_match3_elec__ridge,176092387,MA,0.9479938685406938,0.6987573282839137,0.0862215588791009,0.2912699550154916,0.2004670426638252
3,0,rdkit_match3_new3__ridge,176092387,CYP1A2_pIC50_direct_inhibition,1.0152537507797748,0.7576838568870979,0.0028847755372887,0.1708061190081963,0.114721739709231
3,0,rdkit_match3_new3__ridge,176092387,CYP2C9_pIC50_direct_inhibition,0.9947543649378116,0.5816930163659252,-0.0012756890175716,0.0999194062790132,0.0614771301183146
3,0,rdkit_match3_new3__ridge,176092387,CYP2D6_pIC50_direct_inhibition,0.9708491383853812,0.6226579893270497,0.0555317323918548,0.2746724680856154,0.1862287010890695
3,0,rdkit_match3_new3__ridge,176092387,CYP3A4_pIC50_direct_inhibition,0.9917900122630984,0.9070886444811984,0.025247264879732,0.1967062182142318,0.1294896660466668
3,0,rdkit_match3_new3__ridge,176092387,MA,0.9931618165915164,0.7172808767653179,0.020597020947826,0.1855260528967642,0.1229793092408205
3,1,plain_qm,3528048386,CYP1A2_pIC50_direct_inhibition,0.732632066303758,0.697209307852379,0.3797894818968086,0.6381185448775916,0.4545363727604308
3,1,plain_qm,3528048386,CYP2C9_pIC50_direct_inhibition,0.6615136655403505,0.4540121191622364,0.4072258318639186,0.6412151145473275,0.4679046588069964
3,1,plain_qm,3528048386,CYP2D6_pIC50_direct_inhibition,0.8489588658448514,0.5907550409406724,0.2239395565139368,0.4716587235266242,0.3274657579406468
3,1,plain_qm,3528048386,CYP3A4_pIC50_direct_inhibition,0.5776741566320267,0.5528516699869959,0.5875043814697154,0.7648625559615173,0.5712742928559135
3,1,plain_qm,3528048386,MA,0.7051946885802466,0.5737070344855709,0.3996148129360949,0.6289637347282652,0.4552952705909969
3,1,qm_3d__ridge,3528048386,CYP1A2_pIC50_direct_inhibition,0.9461259365999176,0.8447749071794286,0.0293412755972352,0.2374367319112371,0.1641612786918533
3,1,qm_3d__ridge,3528048386,CYP2C9_pIC50_direct_inhibition,0.9588687559742958,0.5757738589668533,0.0780341250315005,0.2723650136832182,0.1857266322419314
3,1,qm_3d__ridge,3528048386,CYP2D6_pIC50_direct_inhibition,1.006750950444062,0.6686043741453646,-0.0032803783265218,-0.0004141999168684,0.0003505552956513
3,1,qm_3d__ridge,3528048386,CYP3A4_pIC50_direct_inhibition,0.908901276906508,0.8401554139259657,0.0833308733285399,0.3020517964894222,0.2041484358634331
3,1,qm_3d__ridge,3528048386,MA,0.9551617299811958,0.732327138554403,0.0468564739076884,0.2028598355417523,0.1385967255232172
3,1,qm_dft3__ridge,3528048386,CYP1A2_pIC50_direct_inhibition,0.9594022969045032,0.8531840288659707,0.0024489196383464,0.1359056841670388,0.092753579341554
3,1,qm_dft3__ridge,3528048386,CYP2C9_pIC50_direct_inhibition,0.9867309705498164,0.584079827572529,0.0520963490422258,0.2200318465033667,0.1509710364019374
3,1,qm_dft3__ridge,3528048386,CYP2D6_pIC50_direct_inhibition,1.005935997891675,0.6669449655342997,0.0002882588450698,0.018726538279587,0.0115851429886661
3,1,qm_dft3__ridge,3528048386,CYP3A4_pIC50_direct_inhibition,0.9500103593161184,0.8737928785404485,0.0232782117670077,0.1952445984231471,0.1308013634184422
3,1,qm_dft3__ridge,3528048386,MA,0.9755199061655284,0.7445004251283119,0.0195279348231624,0.1424771668432849,0.0965277805376499
3,1,qm_elec__ridge,3528048386,CYP1A2_pIC50_direct_inhibition,0.9177264373590676,0.8250658984065118,0.0586528232306236,0.2596528660032812,0.1828507757649975
3,1,qm_elec__ridge,3528048386,CYP2C9_pIC50_direct_inhibition,0.92419141892567,0.5600353501133398,0.1238494391878523,0.3369263284707727,0.2334934124205164
3,1,qm_elec__ridge,3528048386,CYP2D6_pIC50_direct_inhibition,1.0083606695771874,0.6658529385053905,0.0538019972492646,0.2062706247303956,0.1390421093690982
3,1,qm_elec__ridge,3528048386,CYP3A4_pIC50_direct_inhibition,0.9255108445887194,0.8497002581483107,0.0336721569822272,0.2103626272448003,0.1442000429960638
3,1,qm_elec__ridge,3528048386,MA,0.9439473426126612,0.7251636112933881,0.0674941041624919,0.2533031116123125,0.174896585137669
3,1,qm_full__lightgbm,3528048386,CYP1A2_pIC50_direct_inhibition,0.9577953814535232,0.8530375295208682,0.0274375090804211,0.2364672413997008,0.1611118675861278
3,1,qm_full__lightgbm,3528048386,CYP2C9_pIC50_direct_inhibition,0.9243080685785956,0.5710356166568286,0.0958269812724768,0.3065246065042379,0.2099004661953749
3,1,qm_full__lightgbm,3528048386,CYP2D6_pIC50_direct_inhibition,0.995058950506304,0.6595344719917685,0.0394110847391093,0.1603599011423999,0.1083586712660537
3,1,qm_full__lightgbm,3528048386,CYP3A4_pIC50_direct_inhibition,0.8983592085479789,0.8328910095075343,0.0607741109149813,0.2871793993958792,0.1951605338756787
3,1,qm_full__lightgbm,3528048386,MA,0.9438804022716004,0.7291246569192499,0.0558624215017472,0.2476327871105545,0.1686328847308087
3,1,qm_full__rf,3528048386,CYP1A2_pIC50_direct_inhibition,0.93569035130292,0.8324987604807037,0.0487641155984287,0.2608714409842536,0.1780602780905676
3,1,qm_full__rf,3528048386,CYP2C9_pIC50_direct_inhibition,0.9390741709749216,0.571095142909739,0.0882802003832101,0.2948006295375411,0.2020042246674218
3,1,qm_full__rf,3528048386,CYP2D6_pIC50_direct_inhibition,1.0185761598152745,0.6699325142787592,0.0488818683285706,0.1868921703403372,0.1277799654307792
3,1,qm_full__rf,3528048386,CYP3A4_pIC50_direct_inhibition,0.88274706419344,0.8211630394761986,0.1022017440603244,0.3390657218263618,0.2300861998079972
3,1,qm_full__rf,3528048386,MA,0.9440219365716392,0.7236723642863501,0.0720319820926335,0.2704074906721234,0.1844826669991914
3,1,qm_full__ridge,3528048386,CYP1A2_pIC50_direct_inhibition,0.9016013641886456,0.8174395134537352,0.0820906281152563,0.303551488104315,0.2092343392319894
3,1,qm_full__ridge,3528048386,CYP2C9_pIC50_direct_inhibition,0.8931485825498101,0.5512924394812695,0.1633561028013416,0.3887728300387352,0.2688120802428573
3,1,qm_full__ridge,3528048386,CYP2D6_pIC50_direct_inhibition,0.9943283652865292,0.6611988155329673,0.054127902420159,0.1889153257891803,0.1262090027849208
3,1,qm_full__ridge,3528048386,CYP3A4_pIC50_direct_inhibition,0.891671419337925,0.8287872614630494,0.0922846450626594,0.3144822417474947,0.2165233507305393
3,1,qm_full__ridge,3528048386,MA,0.9201874328407276,0.7146795074827554,0.0979648195998541,0.2989304714199313,0.2051946932475767
3,1,qm_full__xgboost,3528048386,CYP1A2_pIC50_direct_inhibition,0.9798728221802387,0.8662864182897388,-0.0087328932223196,0.1703265897751449,0.1154560198513989
3,1,qm_full__xgboost,3528048386,CYP2C9_pIC50_direct_inhibition,0.9517748660402288,0.5779022342524566,0.0778004322809337,0.2691152785889275,0.1849582628800513
3,1,qm_full__xgboost,3528048386,CYP2D6_pIC50_direct_inhibition,1.0402279014346436,0.6823891819790743,0.0151978886536896,0.1776025108333062,0.1186782038090705
3,1,qm_full__xgboost,3528048386,CYP3A4_pIC50_direct_inhibition,0.9130984639103608,0.8451078043922627,0.0644358147242028,0.2808600338111629,0.1917326759027501
3,1,qm_full__xgboost,3528048386,MA,0.971243513391368,0.742921409728383,0.0371753106091266,0.2244761032521353,0.1527062906108177
3,1,qm_full_hmin__ridge,3528048386,CYP1A2_pIC50_direct_inhibition,0.8745899624752872,0.7996015327662142,0.120283205290132,0.3724812782148898,0.2612860530406327
3,1,qm_full_hmin__ridge,3528048386,CYP2C9_pIC50_direct_inhibition,0.8880284431159605,0.5512516779133472,0.1688274667342854,0.3931435615076248,0.274182601947507
3,1,qm_full_hmin__ridge,3528048386,CYP2D6_pIC50_direct_inhibition,0.9790968638649196,0.6535817556965147,0.0736726816008191,0.235665686619804,0.1595885162569959
3,1,qm_full_hmin__ridge,3528048386,CYP3A4_pIC50_direct_inhibition,0.8815162146963721,0.8220495517637612,0.1066719425133923,0.3355972619805877,0.2349054537521352
3,1,qm_full_hmin__ridge,3528048386,MA,0.9058078710381348,0.7066211295349594,0.1173638240346572,0.3342219470807266,0.2324906562493177
3,1,qm_gfn23__ridge,3528048386,CYP1A2_pIC50_direct_inhibition,0.9525253115621788,0.8490634663744419,0.004244174626424,0.1484469255814601,0.1041790457388805
3,1,qm_gfn23__ridge,3528048386,CYP2C9_pIC50_direct_inhibition,1.0062803042612436,0.5886350587949729,0.0275367676313594,0.1446332181480553,0.0989180298920917
3,1,qm_gfn23__ridge,3528048386,CYP2D6_pIC50_direct_inhibition,0.996401131638264,0.6615866674433487,0.0177177527036325,0.1164352724203176,0.0755793714456448
3,1,qm_gfn23__ridge,3528048386,CYP3A4_pIC50_direct_inhibition,0.9732412222087384,0.8871437694721472,-0.0029120374961574,0.0717343016362887,0.0470851345071424
3,1,qm_gfn23__ridge,3528048386,MA,0.9821119924176062,0.7466072405212277,0.0116466643663146,0.1203124294465304,0.0814403953959399
3,1,qm_new3__ridge,3528048386,CYP1A2_pIC50_direct_inhibition,0.9552841913815966,0.8503173424520332,0.0056758514104599,0.1838262640255753,0.1261145221005471
3,1,qm_new3__ridge,3528048386,CYP2C9_pIC50_direct_inhibition,1.024390405645576,0.5914733532375889,-0.0055390936313089,-0.0113824517693595,-0.008708163264989
3,1,qm_new3__ridge,3528048386,CYP2D6_pIC50_direct_inhibition,0.9997479436535704,0.6656417384885237,-0.0005835560317796,0.0567679258436927,0.0369108659594024
3,1,qm_new3__ridge,3528048386,CYP3A4_pIC50_direct_inhibition,0.973536417679546,0.8867754305401749,-0.0074598165399363,0.0226592273598043,0.0151225308077986
3,1,qm_new3__ridge,3528048386,MA,0.9882397395900724,0.7485519661795802,-0.0019766536981412,0.0629677413649282,0.0423599389006898
3,1,rdkit2d_3d__ridge,3528048386,CYP1A2_pIC50_direct_inhibition,0.723949513486718,0.7050097166499301,0.3132734361260133,0.5908793102043641,0.421163408845295
3,1,rdkit2d_3d__ridge,3528048386,CYP2C9_pIC50_direct_inhibition,0.6422789150213127,0.4442901233735783,0.4145933509080238,0.6209980754941223,0.4534309577477026
3,1,rdkit2d_3d__ridge,3528048386,CYP2D6_pIC50_direct_inhibition,0.941921496458117,0.6331622977211981,0.1320996677190518,0.3599962203979892,0.2484237354475823
3,1,rdkit2d_3d__ridge,3528048386,CYP3A4_pIC50_direct_inhibition,0.5559982462370462,0.5707402216014301,0.5486564174013168,0.7487283332759247,0.5538081832712695
3,1,rdkit2d_3d__ridge,3528048386,MA,0.7160370428007984,0.5883005898365342,0.3521557180386014,0.5801504848431002,0.4192065713279623
3,1,rdkit2d__ridge,3528048386,CYP1A2_pIC50_direct_inhibition,0.7256512693756273,0.7064687359614662,0.3118332916220933,0.5870278493666382,0.4201136337778088
3,1,rdkit2d__ridge,3528048386,CYP2C9_pIC50_direct_inhibition,0.6377892318435767,0.4442358183142649,0.4211575600929448,0.6241551312283357,0.4550449064193048
3,1,rdkit2d__ridge,3528048386,CYP2D6_pIC50_direct_inhibition,0.9415017725849458,0.6323789791765505,0.127451621016943,0.3531615926520752,0.2433394742960387
3,1,rdkit2d__ridge,3528048386,CYP3A4_pIC50_direct_inhibition,0.5528199428464268,0.5699171615423773,0.5521664007644784,0.7513429989847563,0.5566583426319256
3,1,rdkit2d__ridge,3528048386,MA,0.7144405541626442,0.5882501737486648,0.3531522183741149,0.5789218930579514,0.4187890892812694
3,1,rdkit2d_elec__ridge,3528048386,CYP1A2_pIC50_direct_inhibition,0.729451784512615,0.7090042924602965,0.3076185296033707,0.5790320774410616,0.412783793313443
3,1,rdkit2d_elec__ridge,3528048386,CYP2C9_pIC50_direct_inhibition,0.6401448798798872,0.4490033196299797,0.420271237065594,0.6118914045740289,0.4451609429898721
3,1,rdkit2d_elec__ridge,3528048386,CYP2D6_pIC50_direct_inhibition,0.9405627867684806,0.6308942576672695,0.1378252193086921,0.3589282940757756,0.2487769092416298
3,1,rdkit2d_elec__ridge,3528048386,CYP3A4_pIC50_direct_inhibition,0.5608001181509065,0.57556506805427,0.5452575258202229,0.7435793042044359,0.5495995296082522
3,1,rdkit2d_elec__ridge,3528048386,MA,0.7177398923279723,0.5911167344529539,0.35274312794947,0.5733577700738255,0.4140802937882993
3,1,rdkit2d_new3__ridge,3528048386,CYP1A2_pIC50_direct_inhibition,0.7244762425466507,0.7056676586199887,0.3125008429737299,0.5886152839085308,0.4189160314104379
3,1,rdkit2d_new3__ridge,3528048386,CYP2C9_pIC50_direct_inhibition,0.643895914090407,0.4464945245031509,0.4112816411622478,0.6164400704224879,0.4487617399464393
3,1,rdkit2d_new3__ridge,3528048386,CYP2D6_pIC50_direct_inhibition,0.9403296286863292,0.6325280417140771,0.1334906126883775,0.3600922718769159,0.248282772078822
3,1,rdkit2d_new3__ridge,3528048386,CYP3A4_pIC50_direct_inhibition,0.5561903420914242,0.5709611772862286,0.5491037954782119,0.7489664960828202,0.5545497048372834
3,1,rdkit2d_new3__ridge,3528048386,MA,0.7162230318537027,0.5889128505308614,0.3515942230756418,0.5785285305726887,0.4176275620682456
3,1,rdkit2d_qm__ridge,3528048386,CYP1A2_pIC50_direct_inhibition,0.7275247976394932,0.7075605967628231,0.3088708990958165,0.5826742640244281,0.4132559062800873
3,1,rdkit2d_qm__ridge,3528048386,CYP2C9_pIC50_direct_inhibition,0.6473816129784771,0.4491128570337167,0.4139461218909138,0.609892822987804,0.444537539553403
3,1,rdkit2d_qm__ridge,3528048386,CYP2D6_pIC50_direct_inhibition,0.941025153840368,0.6317560841807507,0.1415408828544557,0.3655143622025646,0.2510644372172629
3,1,rdkit2d_qm__ridge,3528048386,CYP3A4_pIC50_direct_inhibition,0.5641006189860884,0.5761536753983547,0.5414405577543084,0.7398237362765898,0.5455689686732572
3,1,rdkit2d_qm__ridge,3528048386,MA,0.7200080458611067,0.5911458033439113,0.3514496153988736,0.5744762963728467,0.4136067129310026
3,1,rdkit_match18__ridge,3528048386,CYP1A2_pIC50_direct_inhibition,0.7840165078138632,0.751418893193337,0.2411832053699254,0.5418165945463572,0.3801660221670768
3,1,rdkit_match18__ridge,3528048386,CYP2C9_pIC50_direct_inhibition,0.7785689968409278,0.5110270823156567,0.2589661465914937,0.5180642031315319,0.3666330025296178
3,1,rdkit_match18__ridge,3528048386,CYP2D6_pIC50_direct_inhibition,0.9750853364036132,0.6510929933459225,0.0727977657745439,0.2417845464077674,0.16357298119181
3,1,rdkit_match18__ridge,3528048386,CYP3A4_pIC50_direct_inhibition,0.6869083002398442,0.6811290406432189,0.3606596249319081,0.6062311705997913,0.436196198352602
3,1,rdkit_match18__ridge,3528048386,MA,0.806144785324562,0.6486670023745338,0.2334016856669678,0.476974128671362,0.3366420510602766
3,1,rdkit_match3_elec__ridge,3528048386,CYP1A2_pIC50_direct_inhibition,0.9012011732795104,0.8217897896604264,0.0705374407681333,0.3384513785989499,0.2359435931714565
3,1,rdkit_match3_elec__ridge,3528048386,CYP2C9_pIC50_direct_inhibition,0.8714741698890733,0.5516776836260557,0.1582079461767475,0.3890235380764126,0.2716329578866243
3,1,rdkit_match3_elec__ridge,3528048386,CYP2D6_pIC50_direct_inhibition,1.022510695503431,0.6740729412295069,-0.0043571531170617,0.0412753521849622,0.0249672551955167
3,1,rdkit_match3_elec__ridge,3528048386,CYP3A4_pIC50_direct_inhibition,0.8486382525781925,0.8009184489323665,0.1582748242937937,0.3948952292578598,0.2710490592475978
3,1,rdkit_match3_elec__ridge,3528048386,MA,0.910956072812552,0.7121147158620889,0.0956657645304032,0.2909113745295461,0.2008982163752989
3,1,rdkit_match3_new3__ridge,3528048386,CYP1A2_pIC50_direct_inhibition,0.950260276713626,0.8458531215424772,0.0263319485371662,0.252790781282291,0.1697982367365288
3,1,rdkit_match3_new3__ridge,3528048386,CYP2C9_pIC50_direct_inhibition,0.9863299345103148,0.5832987715929675,0.0350283933684247,0.1746445584849165,0.1197799809039528
3,1,rdkit_match3_new3__ridge,3528048386,CYP2D6_pIC50_direct_inhibition,0.972577583145142,0.6488324930075607,0.0601577538207083,0.2238824330694381,0.150958634369164
3,1,rdkit_match3_new3__ridge,3528048386,CYP3A4_pIC50_direct_inhibition,0.9420807338767822,0.8701677562639739,0.0416686165364375,0.2148804241458344,0.1471330059676679
3,1,rdkit_match3_new3__ridge,3528048386,MA,0.9628121320614664,0.7370380356017449,0.0407966780656842,0.21654954924562,0.1469174644943284
3,2,plain_qm,569531098,CYP1A2_pIC50_direct_inhibition,0.8972622659552619,0.6880357586609464,0.1871203483086486,0.4185753297530192,0.2934144586299989
3,2,plain_qm,569531098,CYP2C9_pIC50_direct_inhibition,0.583381439894633,0.4784091694680962,0.4522093798701492,0.6500453379404467,0.474095289028461
3,2,plain_qm,569531098,CYP2D6_pIC50_direct_inhibition,0.9011455259423056,0.6246412216454437,0.1185226287561403,0.4290387979577346,0.2988976349531255
3,2,plain_qm,569531098,CYP3A4_pIC50_direct_inhibition,0.5434178111974081,0.5688170139546055,0.5392978314935996,0.7472219037503464,0.5594406809579462
3,2,plain_qm,569531098,MA,0.731301760747402,0.5899757909322729,0.3242875471071344,0.5612203423503868,0.4064620158923829
3,2,qm_3d__ridge,569531098,CYP1A2_pIC50_direct_inhibition,1.0251709814712888,0.7579614131272131,-0.0078730623774119,0.0800340903843001,0.0522709595244527
3,2,qm_3d__ridge,569531098,CYP2C9_pIC50_direct_inhibition,0.9096998191443738,0.6329753816443361,0.0187480809201474,0.1842221098052089,0.1273520763372939
3,2,qm_3d__ridge,569531098,CYP2D6_pIC50_direct_inhibition,1.0072556232096956,0.6724171435849032,-0.01024893349874,0.0391885676475933,0.0275729209467459
3,2,qm_3d__ridge,569531098,CYP3A4_pIC50_direct_inhibition,0.8952504736546738,0.8409629171486697,0.1037723071971313,0.3571071013845066,0.2445942090966673
3,2,qm_3d__ridge,569531098,MA,0.959344224370008,0.7260792138762805,0.0260995980602817,0.1651379673054022,0.1129475414762899
3,2,qm_dft3__ridge,569531098,CYP1A2_pIC50_direct_inhibition,0.9976460504910362,0.7473340494533393,-0.0011960613620275,0.1075574490031552,0.0717591648686674
3,2,qm_dft3__ridge,569531098,CYP2C9_pIC50_direct_inhibition,0.9187528400944388,0.6301268108330108,0.0306377084027997,0.2385708806645677,0.1661576006969922
3,2,qm_dft3__ridge,569531098,CYP2D6_pIC50_direct_inhibition,1.0065428628400086,0.6714596657533463,-0.0023176861964752,0.0364109162020454,0.0250859839349463
3,2,qm_dft3__ridge,569531098,CYP3A4_pIC50_direct_inhibition,0.9827569820065056,0.8904161013787438,0.0048946843859273,0.0795374801802576,0.054034145511761
3,2,qm_dft3__ridge,569531098,MA,0.9764246838579972,0.7348341568546101,0.008004661307556,0.1155191815125065,0.0792592237530917
3,2,qm_elec__ridge,569531098,CYP1A2_pIC50_direct_inhibition,0.9461648991200712,0.7161530856282344,0.0821444394077279,0.2926631399777517,0.1936154122709427
3,2,qm_elec__ridge,569531098,CYP2C9_pIC50_direct_inhibition,0.8833752600021163,0.6246563177524116,0.0733392506729163,0.2686893749460949,0.1841436155854953
3,2,qm_elec__ridge,569531098,CYP2D6_pIC50_direct_inhibition,0.974034346656558,0.6603641245030961,0.0313314601382974,0.2240511340276612,0.1540901892017013
3,2,qm_elec__ridge,569531098,CYP3A4_pIC50_direct_inhibition,0.9407931922127926,0.8606062424829011,0.0498653970363081,0.2041932024342909,0.1384806514909315
3,2,qm_elec__ridge,569531098,MA,0.9360919244978844,0.7154449425916608,0.0591701368138124,0.2473992128464497,0.1675824671372677
3,2,qm_full__lightgbm,569531098,CYP1A2_pIC50_direct_inhibition,0.9904517633938572,0.7358612222738097,0.0136886523019516,0.1961218397069775,0.1279372764374011
3,2,qm_full__lightgbm,569531098,CYP2C9_pIC50_direct_inhibition,0.9040906170331312,0.6325506529408772,0.0608273919923846,0.2587432157660722,0.1830643159104161
3,2,qm_full__lightgbm,569531098,CYP2D6_pIC50_direct_inhibition,0.9633801824397316,0.653562013818926,0.0447668215035767,0.2456788296522065,0.1665217584095816
3,2,qm_full__lightgbm,569531098,CYP3A4_pIC50_direct_inhibition,0.9012332615836692,0.8375595896603762,0.1162799652953416,0.3569112710109532,0.2473525154324617
3,2,qm_full__lightgbm,569531098,MA,0.9397889561125972,0.7148833696734972,0.0588907077733136,0.2643637890340524,0.1812189665474651
3,2,qm_full__rf,569531098,CYP1A2_pIC50_direct_inhibition,0.996726706157002,0.7384408138964556,0.0276189426056862,0.2276925441157604,0.1530494200566197
3,2,qm_full__rf,569531098,CYP2C9_pIC50_direct_inhibition,0.8787478923827063,0.6125560579208073,0.0962226636385451,0.2962069541563843,0.2063626386008417
3,2,qm_full__rf,569531098,CYP2D6_pIC50_direct_inhibition,1.0337606233851606,0.6870725486394765,0.0147235954569429,0.2401237656563354,0.1626065950453878
3,2,qm_full__rf,569531098,CYP3A4_pIC50_direct_inhibition,0.913996843074585,0.8378420566129876,0.1077940768255199,0.3351497480503934,0.2280262534019848
3,2,qm_full__rf,569531098,MA,0.9558080162498634,0.7189778692674318,0.0615898196316735,0.2747932529947184,0.1875112267762085
3,2,qm_full__ridge,569531098,CYP1A2_pIC50_direct_inhibition,0.9775791795276392,0.7306001272261277,0.0700135375398007,0.2500267930075396,0.1667224547814941
3,2,qm_full__ridge,569531098,CYP2C9_pIC50_direct_inhibition,0.8509332600529064,0.6112496288894214,0.0921850099928283,0.3222350932259671,0.2256653288706929
3,2,qm_full__ridge,569531098,CYP2D6_pIC50_direct_inhibition,0.9838809261460452,0.6653740945213119,0.0234368309036023,0.2023526908568922,0.135225194103807
3,2,qm_full__ridge,569531098,CYP3A4_pIC50_direct_inhibition,0.8660072054181644,0.8103800076011747,0.134111496070307,0.3895312890537145,0.2703969691501895
3,2,qm_full__ridge,569531098,MA,0.9196001427861888,0.704400964559509,0.0799367186266346,0.2910364665360283,0.1995024867265459
3,2,qm_full__xgboost,569531098,CYP1A2_pIC50_direct_inhibition,0.9508251087679532,0.7181068376089716,0.0234557104770504,0.2401937154840913,0.1628447784304746
3,2,qm_full__xgboost,569531098,CYP2C9_pIC50_direct_inhibition,0.9009371592985792,0.6278414421077139,0.0465452161985748,0.227097729192497,0.1555554014701424
3,2,qm_full__xgboost,569531098,CYP2D6_pIC50_direct_inhibition,1.024646106342355,0.6807906506645804,0.0002006702016405,0.1803449778870314,0.1209619401666471
3,2,qm_full__xgboost,569531098,CYP3A4_pIC50_direct_inhibition,0.9666259793816386,0.8652798955366522,0.0566867266299011,0.2824186877562721,0.190447617966129
3,2,qm_full__xgboost,569531098,MA,0.9607585884476316,0.7230047064794796,0.0317220808767917,0.232513777579973,0.1574524345083483
3,2,qm_full_hmin__ridge,569531098,CYP1A2_pIC50_direct_inhibition,0.96729894929655,0.7262086596744544,0.0764543334633355,0.2889619874269967,0.1919166790017381
3,2,qm_full_hmin__ridge,569531098,CYP2C9_pIC50_direct_inhibition,0.8394852856435355,0.6025011417309445,0.1062180454525024,0.3532857834062969,0.2472424374687275
3,2,qm_full_hmin__ridge,569531098,CYP2D6_pIC50_direct_inhibition,0.9832237706659668,0.6662829215300737,0.0302307857635132,0.2093640836645747,0.1387699983155502
3,2,qm_full_hmin__ridge,569531098,CYP3A4_pIC50_direct_inhibition,0.8642721688726871,0.8049863744839835,0.1322610356700346,0.412133911404367,0.284868792643611
3,2,qm_full_hmin__ridge,569531098,MA,0.9135700436196847,0.699994774354864,0.0862910500873464,0.3159364414755589,0.2156994768574067
3,2,qm_gfn23__ridge,569531098,CYP1A2_pIC50_direct_inhibition,1.0051829174099798,0.7495738064395064,-0.0120071951573339,0.0427075119250322,0.0262377609245567
3,2,qm_gfn23__ridge,569531098,CYP2C9_pIC50_direct_inhibition,0.930456475978216,0.6378715294255805,0.0205054045017451,0.2385700969729652,0.1632622437807669
3,2,qm_gfn23__ridge,569531098,CYP2D6_pIC50_direct_inhibition,0.9924138359312386,0.6672058466905212,0.0031393708606576,0.1191877196265051,0.0806074322143618
3,2,qm_gfn23__ridge,569531098,CYP3A4_pIC50_direct_inhibition,0.9854545934663624,0.8950638143019962,-0.0020730037188677,0.044793400181738,0.0295974436933627
3,2,qm_gfn23__ridge,569531098,MA,0.9783769556964492,0.737428749214401,0.0023911441215502,0.1113146821765601,0.074926220153262
3,2,qm_new3__ridge,569531098,CYP1A2_pIC50_direct_inhibition,0.9965751550424172,0.7475111041537827,0.0120295235633622,0.1163931229530487,0.076530724580719
3,2,qm_new3__ridge,569531098,CYP2C9_pIC50_direct_inhibition,0.9625748612645884,0.6484405970234741,-0.022003569449139,0.0187354945990323,0.0128031431876173
3,2,qm_new3__ridge,569531098,CYP2D6_pIC50_direct_inhibition,0.99319026837094,0.6669788436214985,5.884346974568078e-06,0.0835435721995067,0.0564699014386098
3,2,qm_new3__ridge,569531098,CYP3A4_pIC50_direct_inhibition,0.9825035850732036,0.8944398896443646,-0.0013744069346252,0.0961787585426741,0.0642930431059589
3,2,qm_new3__ridge,569531098,MA,0.9837109674377874,0.7393426086107799,-0.0028356421183568,0.0787127370735654,0.0525242030782263
3,2,rdkit2d_3d__ridge,569531098,CYP1A2_pIC50_direct_inhibition,0.9092533223970292,0.6995197385407944,0.1613219981194845,0.3833383285730595,0.2673237130228025
3,2,rdkit2d_3d__ridge,569531098,CYP2C9_pIC50_direct_inhibition,0.6260117740026326,0.4928195436900013,0.392101290481779,0.6182627806701294,0.4445055840934807
3,2,rdkit2d_3d__ridge,569531098,CYP2D6_pIC50_direct_inhibition,0.9264837589547176,0.6377021526625378,0.1381479021814486,0.3676072851516649,0.2527033140069445
3,2,rdkit2d_3d__ridge,569531098,CYP3A4_pIC50_direct_inhibition,0.5823570081388771,0.5874784564063307,0.5006466950180525,0.7216278185592443,0.5336652648250018
3,2,rdkit2d_3d__ridge,569531098,MA,0.7610264658733141,0.6043799728249161,0.2980544714501911,0.5227090532385245,0.3745494689870574
3,2,rdkit2d__ridge,569531098,CYP1A2_pIC50_direct_inhibition,0.9143651441212756,0.6983100578709964,0.1567736608755306,0.3838990834098023,0.2691971177630416
3,2,rdkit2d__ridge,569531098,CYP2C9_pIC50_direct_inhibition,0.6279031163389834,0.493715549580998,0.3882799718330843,0.6177872766520781,0.4435142923221682
3,2,rdkit2d__ridge,569531098,CYP2D6_pIC50_direct_inhibition,0.9352164626016984,0.6420597253246656,0.1315271385371723,0.3544387701925607,0.2444142512736141
3,2,rdkit2d__ridge,569531098,CYP3A4_pIC50_direct_inhibition,0.5837976440555864,0.5895348750088316,0.5005061595231355,0.7218665902235348,0.5331148854534222
3,2,rdkit2d__ridge,569531098,MA,0.7653205917793858,0.6059050519463729,0.2942717326922307,0.519497930119494,0.3725601367030616
3,2,rdkit2d_elec__ridge,569531098,CYP1A2_pIC50_direct_inhibition,0.9126037954771344,0.6973985413683454,0.1586093455109719,0.3932426788259265,0.2747396708629634
3,2,rdkit2d_elec__ridge,569531098,CYP2C9_pIC50_direct_inhibition,0.6300211607170922,0.494772800582696,0.3890515425294954,0.6158205554646372,0.4437545629575686
3,2,rdkit2d_elec__ridge,569531098,CYP2D6_pIC50_direct_inhibition,0.926911415041604,0.6380467194462203,0.1201097707502206,0.3572163436594781,0.2444565875573412
3,2,rdkit2d_elec__ridge,569531098,CYP3A4_pIC50_direct_inhibition,0.5844446534949926,0.5896309271942128,0.5048540371462462,0.7197874878932752,0.5314966327715167
3,2,rdkit2d_elec__ridge,569531098,MA,0.7634952561827059,0.6049622471478686,0.2931561739842335,0.5215167664608292,0.3736118635373475
3,2,rdkit2d_new3__ridge,569531098,CYP1A2_pIC50_direct_inhibition,0.908467634124732,0.6989125438538567,0.1627739394135565,0.3873696202513602,0.2696861253909576
3,2,rdkit2d_new3__ridge,569531098,CYP2C9_pIC50_direct_inhibition,0.6289492325820211,0.4930203021013018,0.388899558167369,0.6152330437275623,0.4425293609885109
3,2,rdkit2d_new3__ridge,569531098,CYP2D6_pIC50_direct_inhibition,0.9259122896352068,0.6377205950690067,0.1382893564467073,0.3661718084134819,0.2524354590317213
3,2,rdkit2d_new3__ridge,569531098,CYP3A4_pIC50_direct_inhibition,0.5882131992759905,0.5905944682283535,0.4982817749990454,0.7189732854461488,0.5304580890111682
3,2,rdkit2d_new3__ridge,569531098,MA,0.7628855889044875,0.6050619773131296,0.2970611572566696,0.5219369394596384,0.3737772586055896
3,2,rdkit2d_qm__ridge,569531098,CYP1A2_pIC50_direct_inhibition,0.906924232939584,0.6980973284771493,0.1624751973791635,0.3924349146217741,0.2743293869319758
3,2,rdkit2d_qm__ridge,569531098,CYP2C9_pIC50_direct_inhibition,0.6272008727406672,0.4924795940829274,0.39256493332015,0.6179436385659762,0.4450650332458382
3,2,rdkit2d_qm__ridge,569531098,CYP2D6_pIC50_direct_inhibition,0.9278466742624124,0.6370966665010616,0.1399055716902371,0.3843736529911646,0.2648440440361815
3,2,rdkit2d_qm__ridge,569531098,CYP3A4_pIC50_direct_inhibition,0.5837788765156189,0.5882022719585873,0.5050556951369369,0.7203763549854788,0.532880622549739
3,2,rdkit2d_qm__ridge,569531098,MA,0.7614376641145706,0.6039689652549314,0.3000003493816219,0.5287821402910985,0.3792797716909336
3,2,rdkit_match18__ridge,569531098,CYP1A2_pIC50_direct_inhibition,0.9893114501227134,0.7356902134498939,0.0721428466117524,0.3223971586949494,0.2215125719549602
3,2,rdkit_match18__ridge,569531098,CYP2C9_pIC50_direct_inhibition,0.759180302792084,0.5563025810668373,0.2139313453154527,0.4638056644757916,0.3290235830057375
3,2,rdkit_match18__ridge,569531098,CYP2D6_pIC50_direct_inhibition,0.9495300418239828,0.6466716534085272,0.0707420707418284,0.2807901439411095,0.1917810689360975
3,2,rdkit_match18__ridge,569531098,CYP3A4_pIC50_direct_inhibition,0.6983338273816846,0.6882084686102296,0.3624934613878185,0.6214329533983981,0.4425558288132578
3,2,rdkit_match18__ridge,569531098,MA,0.8490889055301162,0.656718229133872,0.179827431014213,0.4221064801275622,0.2962182631775132
3,2,rdkit_match3_elec__ridge,569531098,CYP1A2_pIC50_direct_inhibition,0.967617517469408,0.7351391465856849,0.0670450136325657,0.260897826874976,0.1763402013719651
3,2,rdkit_match3_elec__ridge,569531098,CYP2C9_pIC50_direct_inhibition,0.847476121236016,0.6082557146956892,0.1188518648805039,0.3474048208721831,0.2436899089007655
3,2,rdkit_match3_elec__ridge,569531098,CYP2D6_pIC50_direct_inhibition,0.9775002551880532,0.6583821500082995,0.0296131341540218,0.1936113595556474,0.1297041964947582
3,2,rdkit_match3_elec__ridge,569531098,CYP3A4_pIC50_direct_inhibition,0.9064860210762752,0.830594026020233,0.1194396362817994,0.3584072273143905,0.243521275860501
3,2,rdkit_match3_elec__ridge,569531098,MA,0.924769978742438,0.7080927593274766,0.0837374122372227,0.2900803086542992,0.1983138956569974
3,2,rdkit_match3_new3__ridge,569531098,CYP1A2_pIC50_direct_inhibition,1.008875611859668,0.7506405891248906,-0.0281454278645163,0.0698053861047039,0.0461305727160575
3,2,rdkit_match3_new3__ridge,569531098,CYP2C9_pIC50_direct_inhibition,0.92337228425102,0.6348039156034238,0.0215108035761182,0.1934639080461097,0.1280988672265997
3,2,rdkit_match3_new3__ridge,569531098,CYP2D6_pIC50_direct_inhibition,0.9708670794362956,0.6576386225790442,0.0268327678142345,0.2121648560685042,0.14112869719521
3,2,rdkit_match3_new3__ridge,569531098,CYP3A4_pIC50_direct_inhibition,0.9694510731230642,0.8856825097463913,0.0072798469670247,0.1369290382480465,0.0937838390383901
3,2,rdkit_match3_new3__ridge,569531098,MA,0.968141512167512,0.7321914092634374,0.0068694976232153,0.1530907971168411,0.1022854940440643
3,3,plain_qm,1337295874,CYP1A2_pIC50_direct_inhibition,0.8762111268927304,0.6268321907501088,0.2261224528599792,0.5062314055219489,0.3540645798908062
3,3,plain_qm,1337295874,CYP2C9_pIC50_direct_inhibition,0.7403230678529358,0.4522569930492118,0.3448969921628402,0.5831719634588198,0.4171448084540447
3,3,plain_qm,1337295874,CYP2D6_pIC50_direct_inhibition,0.9455063820706024,0.549833515857423,0.1273414645906132,0.3498599055641713,0.2377101366156294
3,3,plain_qm,1337295874,CYP3A4_pIC50_direct_inhibition,0.6109528010908686,0.5807380321744547,0.5015651392456221,0.7239792354076454,0.530870183954838
3,3,plain_qm,1337295874,MA,0.7932483444767843,0.5524151829577997,0.2999815122147637,0.5408106274881463,0.3849474272288296
3,3,qm_3d__ridge,1337295874,CYP1A2_pIC50_direct_inhibition,0.966406679832252,0.6705075186099377,0.0597377660473493,0.2911890832340001,0.201320524695184
3,3,qm_3d__ridge,1337295874,CYP2C9_pIC50_direct_inhibition,1.0686057918687553,0.5655680525513658,-0.0030214352292607,0.0817690429691761,0.0514167897011682
3,3,qm_3d__ridge,1337295874,CYP2D6_pIC50_direct_inhibition,1.0147323017282066,0.5774984545334335,-0.0026793828754754,0.0550551326338173,0.0374686187324843
3,3,qm_3d__ridge,1337295874,CYP3A4_pIC50_direct_inhibition,0.9499107063032928,0.8241434630621265,0.0974308303777072,0.3210368638642745,0.2190968355825923
3,3,qm_3d__ridge,1337295874,MA,0.9999138699331268,0.6594293721892159,0.03786694458008,0.187262530675317,0.1273256921778572
3,3,qm_dft3__ridge,1337295874,CYP1A2_pIC50_direct_inhibition,1.0137550927244252,0.690695582331664,0.0011984789266925,0.1365309828696867,0.0941587544894065
3,3,qm_dft3__ridge,1337295874,CYP2C9_pIC50_direct_inhibition,1.0237494414455932,0.5431638470241564,0.019316919345007,0.1613947883801483,0.1095508903309634
3,3,qm_dft3__ridge,1337295874,CYP2D6_pIC50_direct_inhibition,1.0136403079349043,0.5796495720526161,-0.0012330779659847,0.032047230570169,0.01621836332375
3,3,qm_dft3__ridge,1337295874,CYP3A4_pIC50_direct_inhibition,1.0466174391994527,0.8858077651291341,-0.015299433197119,0.0451950791358728,0.0329879914638985
3,3,qm_dft3__ridge,1337295874,MA,1.024440570326094,0.6748291916343926,0.0009957217771489,0.0937920202389692,0.0632289999020046
3,3,qm_elec__ridge,1337295874,CYP1A2_pIC50_direct_inhibition,1.00013582495874,0.686812593633443,0.022928572578179,0.2028572976285986,0.1380145991102623
3,3,qm_elec__ridge,1337295874,CYP2C9_pIC50_direct_inhibition,1.0715211573095071,0.5597857415878694,-0.0021868572796507,0.228056028971963,0.1562900853530511
3,3,qm_elec__ridge,1337295874,CYP2D6_pIC50_direct_inhibition,0.9904906865290752,0.5668778688312337,0.0580611743792561,0.2701336387128558,0.1816547022998284
3,3,qm_elec__ridge,1337295874,CYP3A4_pIC50_direct_inhibition,1.0129442381547271,0.8628613435474755,0.0300708552502549,0.2066392460095311,0.1397823658990066
3,3,qm_elec__ridge,1337295874,MA,1.0187729767380125,0.6690843869000055,0.0272184362320098,0.2269215528307371,0.1539354381655371
3,3,qm_full__lightgbm,1337295874,CYP1A2_pIC50_direct_inhibition,1.024556151866579,0.6951719421901614,0.00589088194067,0.1747300009994055,0.117829068303956
3,3,qm_full__lightgbm,1337295874,CYP2C9_pIC50_direct_inhibition,1.0681834985644187,0.5547068017351859,0.0215297106741488,0.175564793835035,0.1196332361463966
3,3,qm_full__lightgbm,1337295874,CYP2D6_pIC50_direct_inhibition,0.9755819075426851,0.5618375210992136,0.0444004029811484,0.2163325417832143,0.1489880520394669
3,3,qm_full__lightgbm,1337295874,CYP3A4_pIC50_direct_inhibition,0.9345034387793696,0.8112156317485848,0.1036815136703263,0.338530813844185,0.2335472590648427
3,3,qm_full__lightgbm,1337295874,MA,1.000706249188263,0.6557329741932865,0.0438756273165734,0.22628953761546,0.1549994038886656
3,3,qm_full__rf,1337295874,CYP1A2_pIC50_direct_inhibition,1.0580485531415933,0.7088238820145024,0.0014077597493968,0.2674608972560259,0.1810147890164418
3,3,qm_full__rf,1337295874,CYP2C9_pIC50_direct_inhibition,1.1226775798575572,0.571799552249841,-0.006202888565535,0.1763932053592077,0.1195031450805373
3,3,qm_full__rf,1337295874,CYP2D6_pIC50_direct_inhibition,1.0528299959212015,0.5900051681205778,0.0290028366689896,0.2132031392255517,0.1445201719602001
3,3,qm_full__rf,1337295874,CYP3A4_pIC50_direct_inhibition,0.9684072975226572,0.8246253362611694,0.0922995006119032,0.3314904697726538,0.2257443694227519
3,3,qm_full__rf,1337295874,MA,1.0504908566107525,0.6738134846615226,0.0291268021161886,0.2471369279033598,0.1676956188699827
3,3,qm_full__ridge,1337295874,CYP1A2_pIC50_direct_inhibition,0.9732765352435284,0.6726097159070195,0.0686882780124714,0.2901573188494108,0.1968864148320912
3,3,qm_full__ridge,1337295874,CYP2C9_pIC50_direct_inhibition,1.0809210733056305,0.5646072445695238,0.0073018160487331,0.2201374513638826,0.1490409254866589
3,3,qm_full__ridge,1337295874,CYP2D6_pIC50_direct_inhibition,0.9748969021307776,0.5652317436190413,0.067326104646477,0.2535957462365284,0.1707752496261081
3,3,qm_full__ridge,1337295874,CYP3A4_pIC50_direct_inhibition,0.9391295442311302,0.8131881501374111,0.1156314380148865,0.3486482078733018,0.2391595357677169
3,3,qm_full__ridge,1337295874,MA,0.9920560137277666,0.6539092135582489,0.064736909180642,0.2781346810807809,0.1889655314281438
3,3,qm_full__xgboost,1337295874,CYP1A2_pIC50_direct_inhibition,1.061990477504775,0.7182762132802013,-0.0328519878778053,0.0639008861977991,0.0412998293113085
3,3,qm_full__xgboost,1337295874,CYP2C9_pIC50_direct_inhibition,1.096503034186883,0.5616913083841208,-0.0193500424798234,0.1192616984265618,0.0837820820368013
3,3,qm_full__xgboost,1337295874,CYP2D6_pIC50_direct_inhibition,1.025146123931827,0.5787450002973957,0.0258290012512696,0.1993949755944192,0.1339680978663663
3,3,qm_full__xgboost,1337295874,CYP3A4_pIC50_direct_inhibition,0.9948391270651784,0.8477563836248134,0.0469992641149803,0.2534627944858822,0.1721367407442942
3,3,qm_full__xgboost,1337295874,MA,1.044619690672166,0.6766172263966328,0.0051565587521552,0.1590050886761656,0.1077966874896926
3,3,qm_full_hmin__ridge,1337295874,CYP1A2_pIC50_direct_inhibition,0.95101137374786,0.6610808196250495,0.1048419642610353,0.3649015246102491,0.2495923976200255
3,3,qm_full_hmin__ridge,1337295874,CYP2C9_pIC50_direct_inhibition,1.060071662477857,0.555881755069991,0.0278529410974344,0.2435557074458108,0.1641713944031501
3,3,qm_full_hmin__ridge,1337295874,CYP2D6_pIC50_direct_inhibition,0.9769133987861122,0.5636183177386415,0.0780471843682428,0.2728187778082023,0.1851991755092416
3,3,qm_full_hmin__ridge,1337295874,CYP3A4_pIC50_direct_inhibition,0.9124200093854624,0.7963067205591225,0.1456990629050497,0.3875463594365502,0.2656219715832902
3,3,qm_full_hmin__ridge,1337295874,MA,0.9751041110993228,0.644221903248201,0.0891102881579405,0.3172055923252031,0.2161462347789269
3,3,qm_gfn23__ridge,1337295874,CYP1A2_pIC50_direct_inhibition,1.013338470866781,0.692344656346835,-0.0002404677542132,0.1340065993245622,0.0901869594814853
3,3,qm_gfn23__ridge,1337295874,CYP2C9_pIC50_direct_inhibition,1.0356813393132107,0.5492923778130326,0.0058480993414601,0.1372469543593603,0.0903980349282151
3,3,qm_gfn23__ridge,1337295874,CYP2D6_pIC50_direct_inhibition,0.9954897698935778,0.5705593481637409,0.0249657843899415,0.1736871585870864,0.1163678758108476
3,3,qm_gfn23__ridge,1337295874,CYP3A4_pIC50_direct_inhibition,1.0367375676511448,0.8796310587097047,-0.0096981335186585,0.0420936547330079,0.0289134991175929
3,3,qm_gfn23__ridge,1337295874,MA,1.0203117869311784,0.6729568602583283,0.0052188206146324,0.1217585917510042,0.0814665923345352
3,3,qm_new3__ridge,1337295874,CYP1A2_pIC50_direct_inhibition,0.9794847531947314,0.6787467092208022,0.0408336852312586,0.2645415724282283,0.1789589430768141
3,3,qm_new3__ridge,1337295874,CYP2C9_pIC50_direct_inhibition,1.0529943335871443,0.5542541125444306,-0.022556106880404,-0.0769891705462207,-0.0523149851798727
3,3,qm_new3__ridge,1337295874,CYP2D6_pIC50_direct_inhibition,1.0095794065196464,0.5771659605652201,-0.0069021950155984,0.0446602588444303,0.0301776733337951
3,3,qm_new3__ridge,1337295874,CYP3A4_pIC50_direct_inhibition,1.0309776875461223,0.8764810981702343,-0.0059557085256287,0.123935169105091,0.0789823745531311
3,3,qm_new3__ridge,1337295874,MA,1.0182590452119111,0.6716619701251718,0.0013549187024068,0.0890369574578822,0.0589510014459669
3,3,rdkit2d_3d__ridge,1337295874,CYP1A2_pIC50_direct_inhibition,0.9186717091959652,0.6420259785111242,0.1998936103268967,0.4798006702752659,0.3362484356392661
3,3,rdkit2d_3d__ridge,1337295874,CYP2C9_pIC50_direct_inhibition,0.8118538409988552,0.4719665735099275,0.2670051953153685,0.5545593929212526,0.3950554984478182
3,3,rdkit2d_3d__ridge,1337295874,CYP2D6_pIC50_direct_inhibition,0.9764098936749066,0.5616082774022354,0.0949943354352519,0.3397821783442604,0.2294103488911909
3,3,rdkit2d_3d__ridge,1337295874,CYP3A4_pIC50_direct_inhibition,0.6207127883196215,0.5870184142269101,0.4742095772712459,0.7065055220378824,0.5166564047089942
3,3,rdkit2d_3d__ridge,1337295874,MA,0.831912058047337,0.5656548109125493,0.2590256795871908,0.5201619408946654,0.3693426719218174
3,3,rdkit2d__ridge,1337295874,CYP1A2_pIC50_direct_inhibition,0.9323023687728677,0.6486662085840165,0.1895134974969785,0.4689212313231017,0.3255903643720554
3,3,rdkit2d__ridge,1337295874,CYP2C9_pIC50_direct_inhibition,0.8085746102597708,0.4703640620706419,0.2718587944884498,0.561124914951087,0.3991625025435684
3,3,rdkit2d__ridge,1337295874,CYP2D6_pIC50_direct_inhibition,0.97680071037041,0.5628389091033991,0.0883679990712865,0.3387115387171315,0.2291902943448619
3,3,rdkit2d__ridge,1337295874,CYP3A4_pIC50_direct_inhibition,0.6236344523186775,0.5885887827476174,0.4712384217402994,0.7027849346524695,0.514370762417782
3,3,rdkit2d__ridge,1337295874,MA,0.8353280354304315,0.5676144906264188,0.2552446781992536,0.5178856549109474,0.3670784809195669
3,3,rdkit2d_elec__ridge,1337295874,CYP1A2_pIC50_direct_inhibition,0.9293899719457904,0.6472173861358209,0.1904980580731314,0.4712903942424059,0.3271566754023203
3,3,rdkit2d_elec__ridge,1337295874,CYP2C9_pIC50_direct_inhibition,0.8134590216634393,0.4728324313524434,0.2676367899624043,0.5537354276164574,0.3935165837289642
3,3,rdkit2d_elec__ridge,1337295874,CYP2D6_pIC50_direct_inhibition,0.9787495420339336,0.5593994223477287,0.1011032953351828,0.3546984245445446,0.2423088608184696
3,3,rdkit2d_elec__ridge,1337295874,CYP3A4_pIC50_direct_inhibition,0.6207146883094333,0.588633657201349,0.4753549146671142,0.7057173559056743,0.5162164677397126
3,3,rdkit2d_elec__ridge,1337295874,MA,0.8355783059881492,0.5670207242593355,0.2586482645094582,0.5213604005772705,0.3697996469223666
3,3,rdkit2d_new3__ridge,1337295874,CYP1A2_pIC50_direct_inhibition,0.9183033823153388,0.6415496530659268,0.201299928972005,0.4818751559670399,0.3372573551217862
3,3,rdkit2d_new3__ridge,1337295874,CYP2C9_pIC50_direct_inhibition,0.8094228118245628,0.4720826883289151,0.2807083311553883,0.5473131237196341,0.3868847957627342
3,3,rdkit2d_new3__ridge,1337295874,CYP2D6_pIC50_direct_inhibition,0.9749883611186286,0.5609570161931121,0.0954112272659427,0.3425919663636369,0.2313083020450637
3,3,rdkit2d_new3__ridge,1337295874,CYP3A4_pIC50_direct_inhibition,0.6216941202201272,0.5880834533524067,0.4716516900821957,0.7051069498526409,0.5156807150876779
3,3,rdkit2d_new3__ridge,1337295874,MA,0.8311021688696644,0.5656682027350902,0.262267794368883,0.5192217989757381,0.3677827920043155
3,3,rdkit2d_qm__ridge,1337295874,CYP1A2_pIC50_direct_inhibition,0.9172556757897824,0.6417796416561046,0.2016711814333724,0.483656459986863,0.3390613565096363
3,3,rdkit2d_qm__ridge,1337295874,CYP2C9_pIC50_direct_inhibition,0.8165725920866023,0.4736196584836094,0.2661313929115535,0.5499054856912079,0.390660003824332
3,3,rdkit2d_qm__ridge,1337295874,CYP2D6_pIC50_direct_inhibition,0.9793699240172756,0.5594138655781878,0.1064490810790849,0.3546696858439535,0.2415679418965266
3,3,rdkit2d_qm__ridge,1337295874,CYP3A4_pIC50_direct_inhibition,0.6173140348402784,0.5862633987179974,0.4783233671937441,0.7095636108396842,0.5191276835565352
3,3,rdkit2d_qm__ridge,1337295874,MA,0.8326280566834846,0.5652691411089747,0.2631437556544387,0.5244488105904271,0.3726042464467575
3,3,rdkit_match18__ridge,1337295874,CYP1A2_pIC50_direct_inhibition,0.9229150723522392,0.652242419080496,0.1968747147365649,0.4482372362460107,0.3120665603843
3,3,rdkit_match18__ridge,1337295874,CYP2C9_pIC50_direct_inhibition,0.9619906794593316,0.5249509528633838,0.1504823134366088,0.4225801189452666,0.2919343300825492
3,3,rdkit_match18__ridge,1337295874,CYP2D6_pIC50_direct_inhibition,0.9644414022712642,0.5587657128517954,0.0777254319182655,0.2867474520269699,0.1973772229494789
3,3,rdkit_match18__ridge,1337295874,CYP3A4_pIC50_direct_inhibition,0.7338858885032984,0.6789231642098897,0.342481139793317,0.5836756429366233,0.4094103187970719
3,3,rdkit_match18__ridge,1337295874,MA,0.8958082606465333,0.6037205622513913,0.191890899971189,0.4353101125387176,0.30269710805335
3,3,rdkit_match3_elec__ridge,1337295874,CYP1A2_pIC50_direct_inhibition,0.9945928797473832,0.6848649841934525,0.0574038935207701,0.2933332841421964,0.199257581038797
3,3,rdkit_match3_elec__ridge,1337295874,CYP2C9_pIC50_direct_inhibition,0.9904358686609884,0.5316273856533337,0.079507745242795,0.3354515948929647,0.231245694744877
3,3,rdkit_match3_elec__ridge,1337295874,CYP2D6_pIC50_direct_inhibition,1.0065407008975162,0.5725530521116832,0.0184227773240628,0.1209274010599256,0.079858509685816
3,3,rdkit_match3_elec__ridge,1337295874,CYP3A4_pIC50_direct_inhibition,0.976820831907492,0.842516507176532,0.0827169920470602,0.2916528917848487,0.1941609474555352
3,3,rdkit_match3_elec__ridge,1337295874,MA,0.992097570303345,0.6578904822837505,0.059512852033672,0.2603412929699839,0.1761306832312563
3,3,rdkit_match3_new3__ridge,1337295874,CYP1A2_pIC50_direct_inhibition,0.9862493701684132,0.6792221804662006,0.0376087978063413,0.2244611304581723,0.1557557999859195
3,3,rdkit_match3_new3__ridge,1337295874,CYP2C9_pIC50_direct_inhibition,1.068596411332255,0.5589784213344151,-0.0171727793026199,0.0930811923463057,0.063693557555725
3,3,rdkit_match3_new3__ridge,1337295874,CYP2D6_pIC50_direct_inhibition,1.0163433152050658,0.575961040714598,0.0257322357583231,0.1662002689268066,0.1095775007292048
3,3,rdkit_match3_new3__ridge,1337295874,CYP3A4_pIC50_direct_inhibition,0.9935864403835464,0.8560284906247345,0.0321396636278977,0.221112595869088,0.1465442392313587
3,3,rdkit_match3_new3__ridge,1337295874,MA,1.01619388427232,0.6675475332849871,0.0195769794724855,0.1762137969000932,0.118892774375552
3,4,plain_qm,612016888,CYP1A2_pIC50_direct_inhibition,0.8126136482300018,0.6080899854241574,0.2216865962564674,0.4983491254822682,0.3520457831105639
3,4,plain_qm,612016888,CYP2C9_pIC50_direct_inhibition,0.6903721603382378,0.4710250276182182,0.362982215177731,0.6056802121857239,0.4302558731080955
3,4,plain_qm,612016888,CYP2D6_pIC50_direct_inhibition,0.9971264866956692,0.6139830098623177,0.1250161956490585,0.3834717998554963,0.2613709907077355
3,4,plain_qm,612016888,CYP3A4_pIC50_direct_inhibition,0.4808633144481262,0.5281238785384235,0.6021362854758362,0.7639170171042309,0.5748086399933515
3,4,plain_qm,612016888,MA,0.7452439024280088,0.5553054753607791,0.3279553231397733,0.5628545386569298,0.4046203217299366
3,4,qm_3d__ridge,612016888,CYP1A2_pIC50_direct_inhibition,0.9801355680318816,0.6903446023046905,0.014678304186037,0.1814155471620234,0.1220177750897322
3,4,qm_3d__ridge,612016888,CYP2C9_pIC50_direct_inhibition,0.9339927320752848,0.553087854131617,0.0746376986975933,0.2596043484371849,0.1831451013698709
3,4,qm_3d__ridge,612016888,CYP2D6_pIC50_direct_inhibition,1.0146133946410187,0.6139152050536627,-0.0020927852554461,-0.035745111556809,-0.0236407275614226
3,4,qm_3d__ridge,612016888,CYP3A4_pIC50_direct_inhibition,0.9574516363960864,0.8543480669960994,0.0581143721985854,0.2442637409686819,0.1673902500356056
3,4,qm_3d__ridge,612016888,MA,0.9715483327860678,0.6779239321215174,0.0363343974566924,0.1623846312527703,0.1122280997334465
3,4,qm_dft3__ridge,612016888,CYP1A2_pIC50_direct_inhibition,0.9861408896421108,0.6929963532239838,-0.005466302008244,0.0718205309372824,0.0474941296056587
3,4,qm_dft3__ridge,612016888,CYP2C9_pIC50_direct_inhibition,1.0261807861010035,0.59172103851052,-0.0057851248931285,0.1039157257768429,0.0689157115149098
3,4,qm_dft3__ridge,612016888,CYP2D6_pIC50_direct_inhibition,1.00152304031536,0.6061120416898246,0.0015887213042775,0.0819106133285279,0.0545602059689604
3,4,qm_dft3__ridge,612016888,CYP3A4_pIC50_direct_inhibition,0.9943951074781048,0.8789293844381171,0.010358150583621,0.1119479962253726,0.0748221540492743
3,4,qm_dft3__ridge,612016888,MA,1.0020599558841448,0.6924397044656114,0.0001738612466315,0.0923987165670065,0.0614480502847008
3,4,qm_elec__ridge,612016888,CYP1A2_pIC50_direct_inhibition,0.9527921916762296,0.6696243268566948,0.028796953621738,0.1966962933625207,0.1369665138328328
3,4,qm_elec__ridge,612016888,CYP2C9_pIC50_direct_inhibition,1.021439053487197,0.5926276040789744,0.0020628657890833,0.181882799837782,0.1206147719467593
3,4,qm_elec__ridge,612016888,CYP2D6_pIC50_direct_inhibition,0.994060003811223,0.6094641687275665,0.0661856988634795,0.2480833802623791,0.1696491196175223
3,4,qm_elec__ridge,612016888,CYP3A4_pIC50_direct_inhibition,0.9575629489304068,0.8597088535234281,0.0545031723099913,0.2211597997858971,0.1468892714621684
3,4,qm_elec__ridge,612016888,MA,0.981463549476264,0.6828562382966659,0.037887172646073,0.2119555683121447,0.1435299192148207
3,4,qm_full__lightgbm,612016888,CYP1A2_pIC50_direct_inhibition,1.0152074149587862,0.7044113604077266,-0.0003074516282128,0.2085465520388718,0.1412222135080786
3,4,qm_full__lightgbm,612016888,CYP2C9_pIC50_direct_inhibition,1.001016504392236,0.584149415977846,0.0210054083441031,0.2166369496637205,0.1481935667770899
3,4,qm_full__lightgbm,612016888,CYP2D6_pIC50_direct_inhibition,1.016722323397792,0.6165159740290256,0.0597638844871621,0.2579963499571212,0.173424331888386
3,4,qm_full__lightgbm,612016888,CYP3A4_pIC50_direct_inhibition,0.9155741351729884,0.8259258886593808,0.1095444259643419,0.3439767186925254,0.2338597962610005
3,4,qm_full__lightgbm,612016888,MA,0.9871300944804506,0.6827506597684947,0.0475015667918485,0.2567891425880597,0.1741749771086387
3,4,qm_full__rf,612016888,CYP1A2_pIC50_direct_inhibition,1.020833313315767,0.7014403803864478,-0.0100358647186159,0.2243739210556905,0.1542252679302632
3,4,qm_full__rf,612016888,CYP2C9_pIC50_direct_inhibition,0.984125142537074,0.5754925802742517,0.0376435357858063,0.246805100695223,0.1660371667154104
3,4,qm_full__rf,612016888,CYP2D6_pIC50_direct_inhibition,1.0732046442711074,0.638658296429312,0.0330511287142055,0.248589266432708,0.1672769623802081
3,4,qm_full__rf,612016888,CYP3A4_pIC50_direct_inhibition,0.9449966610662054,0.8389388488468376,0.0837455429586846,0.3137694293737908,0.2134346687799665
3,4,qm_full__rf,612016888,MA,1.0057899402975383,0.6886325264842122,0.0361010856850201,0.2583844293893531,0.175243516451462
3,4,qm_full__ridge,612016888,CYP1A2_pIC50_direct_inhibition,0.9432991331370124,0.6633790358952928,0.0461864588110661,0.2391458514304494,0.1654707258568487
3,4,qm_full__ridge,612016888,CYP2C9_pIC50_direct_inhibition,0.9616150126223892,0.5732130314506516,0.0608054437198046,0.2571876840307734,0.1689301053931009
3,4,qm_full__ridge,612016888,CYP2D6_pIC50_direct_inhibition,1.0003989334579728,0.6120289480272041,0.0673294141004753,0.2296661586649406,0.1534392441623896
3,4,qm_full__ridge,612016888,CYP3A4_pIC50_direct_inhibition,0.9143719038215956,0.8274049388952426,0.1163670449006297,0.3345101405854527,0.2276487634158477
3,4,qm_full__ridge,612016888,MA,0.9549212457597426,0.6690064885670978,0.072672090382994,0.265127458677904,0.1788722097070468
3,4,qm_full__xgboost,612016888,CYP1A2_pIC50_direct_inhibition,1.0642250190880933,0.7239667696280426,-0.0587963119161651,0.2054451284375396,0.1400737304002966
3,4,qm_full__xgboost,612016888,CYP2C9_pIC50_direct_inhibition,1.1153441130821526,0.6233255658421503,-0.1346488269924387,0.087013390261481,0.0600998226460666
3,4,qm_full__xgboost,612016888,CYP2D6_pIC50_direct_inhibition,1.0672253032130363,0.6392733839465036,0.0263538161107992,0.1781577032251635,0.1198283595195051
3,4,qm_full__xgboost,612016888,CYP3A4_pIC50_direct_inhibition,0.9582932414934574,0.8598665170730878,0.0484063005924504,0.2495294219663952,0.1710567169372598
3,4,qm_full__xgboost,612016888,MA,1.0512719192191848,0.7116080591224461,-0.0296712555513385,0.1800364109726448,0.122764657375782
3,4,qm_full_hmin__ridge,612016888,CYP1A2_pIC50_direct_inhibition,0.9438136504444896,0.660814895897688,0.0713044201238102,0.2875787407284074,0.1968667599654165
3,4,qm_full_hmin__ridge,612016888,CYP2C9_pIC50_direct_inhibition,0.9839689655089452,0.5786769566051536,0.0506881657116925,0.234829493953121,0.1544743269806132
3,4,qm_full_hmin__ridge,612016888,CYP2D6_pIC50_direct_inhibition,0.9844780030634006,0.6034346554025842,0.0765107537873985,0.250426289037354,0.1735779770547846
3,4,qm_full_hmin__ridge,612016888,CYP3A4_pIC50_direct_inhibition,0.8945171602068488,0.8128424119017237,0.144040768168825,0.3878199395800819,0.2644820005820545
3,4,qm_full_hmin__ridge,612016888,MA,0.951694444805921,0.6639422299517874,0.0856360269479315,0.2901636158247411,0.1973502661457172
3,4,qm_gfn23__ridge,612016888,CYP1A2_pIC50_direct_inhibition,0.9825551893036416,0.6885935814307298,-0.0003896179798152,0.0811532309321387,0.0573030828783657
3,4,qm_gfn23__ridge,612016888,CYP2C9_pIC50_direct_inhibition,1.0214746757455304,0.5877575175950348,-0.0026657925508959,0.0652526710562195,0.0449431249121202
3,4,qm_gfn23__ridge,612016888,CYP2D6_pIC50_direct_inhibition,0.9739731269401108,0.5981182349225482,0.0437641696008656,0.2572786912689866,0.1703490327943112
3,4,qm_gfn23__ridge,612016888,CYP3A4_pIC50_direct_inhibition,1.0060106633034058,0.8867516788454418,-0.0054270520294946,0.0055222979602037,0.0046532976332443
3,4,qm_gfn23__ridge,612016888,MA,0.9960034138231724,0.6903052531984387,0.0088204267601649,0.1023017228043871,0.0693121345545103
3,4,qm_new3__ridge,612016888,CYP1A2_pIC50_direct_inhibition,0.9995143873006276,0.703850561593385,-0.0013429373273448,0.1149964954285957,0.0779340247306555
3,4,qm_new3__ridge,612016888,CYP2C9_pIC50_direct_inhibition,1.0065946661032532,0.5818326119483117,-0.0036827522066984,0.0416589114791444,0.030447911568414
3,4,qm_new3__ridge,612016888,CYP2D6_pIC50_direct_inhibition,1.0109297013448302,0.6117658975883649,-0.0011129749399692,0.0240001430481935,0.012041541692449
3,4,qm_new3__ridge,612016888,CYP3A4_pIC50_direct_inhibition,1.0094974830839651,0.890537560727858,-0.0042110044087782,0.0108763534211332,0.0077123657468629
3,4,qm_new3__ridge,612016888,MA,1.006634059458169,0.69699665796448,-0.0025874172206977,0.0478829758442667,0.0320339609345953
3,4,rdkit2d_3d__ridge,612016888,CYP1A2_pIC50_direct_inhibition,0.8573912916378973,0.6195901854466622,0.1970713048188753,0.4789404117652417,0.3307093297107647
3,4,rdkit2d_3d__ridge,612016888,CYP2C9_pIC50_direct_inhibition,0.7046794157458273,0.4623344187927498,0.3426626301326231,0.5953737645114094,0.4244180185531661
3,4,rdkit2d_3d__ridge,612016888,CYP2D6_pIC50_direct_inhibition,0.9521674883326232,0.5915328020759495,0.1573158213268704,0.36882212331784,0.2521378571036343
3,4,rdkit2d_3d__ridge,612016888,CYP3A4_pIC50_direct_inhibition,0.6052893745312069,0.5966694043320665,0.514482701776102,0.7019791289632021,0.5142800793150504
3,4,rdkit2d_3d__ridge,612016888,MA,0.7798818925618887,0.567531702661857,0.3028831145136176,0.5362788571394232,0.3803863211706538
3,4,rdkit2d__ridge,612016888,CYP1A2_pIC50_direct_inhibition,0.8607340981359062,0.6191612119918153,0.1910426490568609,0.4756602505753839,0.3289238115315703
3,4,rdkit2d__ridge,612016888,CYP2C9_pIC50_direct_inhibition,0.712241072127349,0.4654565377282952,0.3347902980848854,0.5895460507408541,0.4190125678831904
3,4,rdkit2d__ridge,612016888,CYP2D6_pIC50_direct_inhibition,0.9519558323517148,0.5916854748673257,0.1548683715738502,0.3722995805302894,0.2560773383628433
3,4,rdkit2d__ridge,612016888,CYP3A4_pIC50_direct_inhibition,0.6084516306899128,0.5990604466452029,0.511571139459479,0.6991972945097444,0.5119424557740413
3,4,rdkit2d__ridge,612016888,MA,0.7833456583262206,0.5688409178081598,0.2980681145437689,0.5341757940890679,0.3789890433879113
3,4,rdkit2d_elec__ridge,612016888,CYP1A2_pIC50_direct_inhibition,0.8662614809097937,0.6209284087669956,0.1797491092920787,0.4577191281093954,0.317630543428701
3,4,rdkit2d_elec__ridge,612016888,CYP2C9_pIC50_direct_inhibition,0.7186941725541821,0.4695351977895843,0.3287163580964876,0.5846003547745342,0.4157639192403465
3,4,rdkit2d_elec__ridge,612016888,CYP2D6_pIC50_direct_inhibition,0.9401744455957124,0.5838066339143988,0.1745780849246535,0.3907311707681176,0.2699258267931315
3,4,rdkit2d_elec__ridge,612016888,CYP3A4_pIC50_direct_inhibition,0.6127613707864865,0.6003042827434453,0.5064264757853032,0.6953395224652762,0.5091595205922363
3,4,rdkit2d_elec__ridge,612016888,MA,0.7844728674615438,0.568643630803606,0.2973675070246308,0.532097544029331,0.3781199525136038
3,4,rdkit2d_new3__ridge,612016888,CYP1A2_pIC50_direct_inhibition,0.8587152861614844,0.6195032555805597,0.1946004785472228,0.4773652216167665,0.328961572456606
3,4,rdkit2d_new3__ridge,612016888,CYP2C9_pIC50_direct_inhibition,0.7070672342845372,0.4643664100348869,0.3393334736927021,0.5923444747297525,0.4215106546375441
3,4,rdkit2d_new3__ridge,612016888,CYP2D6_pIC50_direct_inhibition,0.950457099177272,0.5903331647238728,0.1586811913485707,0.3689011321223917,0.2530084056303621
3,4,rdkit2d_new3__ridge,612016888,CYP3A4_pIC50_direct_inhibition,0.6085155494709852,0.5985529562252826,0.5118049238487515,0.7006527661632744,0.5128516762521211
3,4,rdkit2d_new3__ridge,612016888,MA,0.7811887922735696,0.5681889466411506,0.3011050168593118,0.5348158986580464,0.3790830772441583
3,4,rdkit2d_qm__ridge,612016888,CYP1A2_pIC50_direct_inhibition,0.8632817887190988,0.6202202572275162,0.1865812206184117,0.4608180799858871,0.3186508753526002
3,4,rdkit2d_qm__ridge,612016888,CYP2C9_pIC50_direct_inhibition,0.7111710809591916,0.4670652600186735,0.3368927208698624,0.5890950577459391,0.4192157730803435
3,4,rdkit2d_qm__ridge,612016888,CYP2D6_pIC50_direct_inhibition,0.940337944109578,0.5842276038299443,0.1766627671263415,0.3872506701179015,0.2681580734117452
3,4,rdkit2d_qm__ridge,612016888,CYP3A4_pIC50_direct_inhibition,0.6088930491390238,0.5974849883063045,0.509373330987057,0.6976544733168052,0.5112970598739944
3,4,rdkit2d_qm__ridge,612016888,MA,0.7809209657317231,0.5672495273456096,0.3023775099004182,0.5337045702916332,0.3793304454296708
3,4,rdkit_match18__ridge,612016888,CYP1A2_pIC50_direct_inhibition,0.8841704385974821,0.6350420202548391,0.1581812369248317,0.4381340932418193,0.3030531586370571
3,4,rdkit_match18__ridge,612016888,CYP2C9_pIC50_direct_inhibition,0.799948638144345,0.5033179544631649,0.2383256840450608,0.4784369256801284,0.3327926822969942
3,4,rdkit_match18__ridge,612016888,CYP2D6_pIC50_direct_inhibition,1.0225359695540588,0.6253604188373157,0.0690555122811081,0.2404645754559206,0.1619128778778688
3,4,rdkit_match18__ridge,612016888,CYP3A4_pIC50_direct_inhibition,0.8033624039816145,0.7416592883372708,0.2926510249468544,0.5410060873069982,0.3804183608842195
3,4,rdkit_match18__ridge,612016888,MA,0.877504362569375,0.6263449204731477,0.1895533645494638,0.4245104204212166,0.2945442699240349
3,4,rdkit_match3_elec__ridge,612016888,CYP1A2_pIC50_direct_inhibition,0.9224912564172374,0.6606587629717976,0.0789424521404644,0.3150008493899192,0.2168747332186338
3,4,rdkit_match3_elec__ridge,612016888,CYP2C9_pIC50_direct_inhibition,0.9374826722063851,0.5490140332019672,0.0833945643776194,0.2988972423439546,0.2030867239237488
3,4,rdkit_match3_elec__ridge,612016888,CYP2D6_pIC50_direct_inhibition,0.9881067613240276,0.6030536941930119,0.0362238900555373,0.1896344004676019,0.1255921657389073
3,4,rdkit_match3_elec__ridge,612016888,CYP3A4_pIC50_direct_inhibition,0.9242008627407984,0.8422732939043859,0.0887241101991473,0.2943417495618907,0.2030504280424259
3,4,rdkit_match3_elec__ridge,612016888,MA,0.943070388172112,0.6637499460677906,0.0718212541931921,0.2744685604408416,0.187151012730929
3,4,rdkit_match3_new3__ridge,612016888,CYP1A2_pIC50_direct_inhibition,0.9717231718160838,0.6830601780440055,0.0175435711784425,0.1693864878232881,0.112972531944198
3,4,rdkit_match3_new3__ridge,612016888,CYP2C9_pIC50_direct_inhibition,0.9817116093969048,0.5777185103381676,0.0157444861606083,0.1347227498737515,0.0905265813349757
3,4,rdkit_match3_new3__ridge,612016888,CYP2D6_pIC50_direct_inhibition,1.0094090502318784,0.6119362897859922,0.0282654380800035,0.2188784535779016,0.1489651398407068
3,4,rdkit_match3_new3__ridge,612016888,CYP3A4_pIC50_direct_inhibition,0.9632671754260748,0.8617364810926627,0.0321261818578007,0.19111510376047,0.1291413096183532
3,4,rdkit_match3_new3__ridge,612016888,MA,0.9815277517177354,0.683612864815207,0.0234199193192138,0.1785256987588528,0.1204013906845584
4,0,plain_qm,232150720,CYP1A2_pIC50_direct_inhibition,0.8974531353018862,0.7174042717222853,0.217762968394685,0.4490711746899988,0.3103377638794763
4,0,plain_qm,232150720,CYP2C9_pIC50_direct_inhibition,0.6391963685517283,0.462767387277,0.3717997744026089,0.6316304665671028,0.4597960222254853
4,0,plain_qm,232150720,CYP2D6_pIC50_direct_inhibition,1.009817552152971,0.6189923539083426,0.0932063267794781,0.4005138431410581,0.2742715101816968
4,0,plain_qm,232150720,CYP3A4_pIC50_direct_inhibition,0.5935443445382625,0.5587372674795045,0.5428040072107108,0.7498921998207606,0.5565525867604089
4,0,plain_qm,232150720,MA,0.7850028501362121,0.589475320096783,0.3063932691968707,0.5577769210547301,0.4002394707617668
4,0,qm_3d__ridge,232150720,CYP1A2_pIC50_direct_inhibition,0.9630970683772124,0.7569611312068542,0.0566060554362895,0.2687393136883884,0.1836292792797264
4,0,qm_3d__ridge,232150720,CYP2C9_pIC50_direct_inhibition,0.9651941846394952,0.6041903433573357,0.0536388725616431,0.1812209829575311,0.1244964260845425
4,0,qm_3d__ridge,232150720,CYP2D6_pIC50_direct_inhibition,1.0185463940073602,0.627731745677989,-0.013150573364063,-0.0185673490410524,-0.0143841197409202
4,0,qm_3d__ridge,232150720,CYP3A4_pIC50_direct_inhibition,0.991504013635588,0.8320035540398192,0.0512200705300662,0.2807712370110721,0.1939907316027647
4,0,qm_3d__ridge,232150720,MA,0.984585415164914,0.7052216935704995,0.0370786062909839,0.1780410461539847,0.1219330793065283
4,0,qm_dft3__ridge,232150720,CYP1A2_pIC50_direct_inhibition,0.995137329593736,0.7769155497634047,0.0115162997734674,0.1749088612819002,0.118507873209494
4,0,qm_dft3__ridge,232150720,CYP2C9_pIC50_direct_inhibition,0.9585149784864968,0.605155624497402,0.0445442198459882,0.2217372803500449,0.153061350817718
4,0,qm_dft3__ridge,232150720,CYP2D6_pIC50_direct_inhibition,1.0092220297975074,0.6238109371623655,-0.0006038500807377,0.0875900830904784,0.0569888829816614
4,0,qm_dft3__ridge,232150720,CYP3A4_pIC50_direct_inhibition,1.050262875950796,0.8705352584518771,-0.0005468757709514,0.1417995155136278,0.0936620473575469
4,0,qm_dft3__ridge,232150720,MA,1.0032843034571342,0.7191043424687623,0.0137274484419416,0.1565089350590128,0.1055550385916051
4,0,qm_elec__ridge,232150720,CYP1A2_pIC50_direct_inhibition,1.010606638089917,0.7824676678933725,0.0214119288671784,0.1596268635615472,0.1076636370066663
4,0,qm_elec__ridge,232150720,CYP2C9_pIC50_direct_inhibition,0.9032179013091346,0.582512854720224,0.1020624811902877,0.3082594810531286,0.2101510577718131
4,0,qm_elec__ridge,232150720,CYP2D6_pIC50_direct_inhibition,0.9537628440709256,0.6022108486144554,0.0662463148854129,0.2773548811284269,0.1905892389040701
4,0,qm_elec__ridge,232150720,CYP3A4_pIC50_direct_inhibition,1.0372532681090136,0.8580408109296552,0.0010515017505966,0.2087866751065037,0.139887083993264
4,0,qm_elec__ridge,232150720,MA,0.9762101628947478,0.7063080455394267,0.0476930566733689,0.2385069752124016,0.1620727544189534
4,0,qm_full__lightgbm,232150720,CYP1A2_pIC50_direct_inhibition,0.9786303129686276,0.7704508266407317,0.0341299502984894,0.2285928887946534,0.1529067496710601
4,0,qm_full__lightgbm,232150720,CYP2C9_pIC50_direct_inhibition,0.9311386018503134,0.5872427767169782,0.0922087420225789,0.3088039498336964,0.2151371948393291
4,0,qm_full__lightgbm,232150720,CYP2D6_pIC50_direct_inhibition,0.98268085064865,0.6134985996998903,0.0092547857691793,0.1881499553022724,0.1304770638204295
4,0,qm_full__lightgbm,232150720,CYP3A4_pIC50_direct_inhibition,1.018647724788834,0.8485896620589158,0.0100808408696635,0.278124934035063,0.190179637031269
4,0,qm_full__lightgbm,232150720,MA,0.9777743725641064,0.704945466279129,0.0364185797399778,0.2509179319914213,0.1721751613405219
4,0,qm_full__rf,232150720,CYP1A2_pIC50_direct_inhibition,1.005402015742489,0.7818503186062908,0.0664833640869701,0.2435784447579825,0.1644981419568623
4,0,qm_full__rf,232150720,CYP2C9_pIC50_direct_inhibition,0.9561062831094154,0.5921459660905537,0.10784078202928,0.3062099238717248,0.2076237179284193
4,0,qm_full__rf,232150720,CYP2D6_pIC50_direct_inhibition,1.0447682554953048,0.6352260269781831,0.0209615244536438,0.276604634694631,0.1869450636271699
4,0,qm_full__rf,232150720,CYP3A4_pIC50_direct_inhibition,1.0019637891332334,0.832620976892038,0.0451433726004573,0.3292112215945447,0.2247145546898534
4,0,qm_full__rf,232150720,MA,1.0020600858701103,0.7104608221417663,0.0601072607925878,0.2889010562297208,0.1959453695505763
4,0,qm_full__ridge,232150720,CYP1A2_pIC50_direct_inhibition,0.9754244012394334,0.7657014017186922,0.0725146313122073,0.2545244158726135,0.1723887947479719
4,0,qm_full__ridge,232150720,CYP2C9_pIC50_direct_inhibition,0.8896608700410442,0.5791142020851419,0.1299652321475337,0.3419415363161183,0.2359672534089164
4,0,qm_full__ridge,232150720,CYP2D6_pIC50_direct_inhibition,0.9601847462868252,0.6045800949333524,0.0615520104508006,0.2632760390538478,0.1802526086900413
4,0,qm_full__ridge,232150720,CYP3A4_pIC50_direct_inhibition,0.9954750739760292,0.8278501412099618,0.0460494328676609,0.3032493309548444,0.2067644067480387
4,0,qm_full__ridge,232150720,MA,0.9551862728858332,0.6943114599867871,0.0775203266945507,0.290747830549356,0.1988432658987421
4,0,qm_full__xgboost,232150720,CYP1A2_pIC50_direct_inhibition,1.0049029680787978,0.780772009684517,0.0204877079097977,0.1709924914380765,0.1186344297261229
4,0,qm_full__xgboost,232150720,CYP2C9_pIC50_direct_inhibition,0.9315443089791778,0.5913381550597642,0.1123268579586857,0.2791651936408022,0.1928845476503044
4,0,qm_full__xgboost,232150720,CYP2D6_pIC50_direct_inhibition,1.0145958608614305,0.6271556601425696,-0.0130610165438829,0.1062329198968667,0.0720489193126451
4,0,qm_full__xgboost,232150720,CYP3A4_pIC50_direct_inhibition,1.0202985497778223,0.8483333708859412,0.0077845558232871,0.2272975242183048,0.1535164480980919
4,0,qm_full__xgboost,232150720,MA,0.9928354219243072,0.711899798943198,0.0318845262869719,0.1959220322985126,0.1342710861967911
4,0,qm_full_hmin__ridge,232150720,CYP1A2_pIC50_direct_inhibition,0.951885645607668,0.7501228539306993,0.0849015154499088,0.2849800015340614,0.1939205471397503
4,0,qm_full_hmin__ridge,232150720,CYP2C9_pIC50_direct_inhibition,0.8853155168351551,0.5754644347715994,0.1361263332072479,0.3552990056720174,0.2445684484774358
4,0,qm_full_hmin__ridge,232150720,CYP2D6_pIC50_direct_inhibition,0.9442801436789214,0.5982564837828003,0.0739775903449819,0.3111979174915324,0.2115429234074113
4,0,qm_full_hmin__ridge,232150720,CYP3A4_pIC50_direct_inhibition,0.9557618044683108,0.8069931691376094,0.0787193306582634,0.3726104836987863,0.2558026139837318
4,0,qm_full_hmin__ridge,232150720,MA,0.934310777647514,0.6827092354056772,0.0934311924151005,0.3310218520990993,0.2264586332520823
4,0,qm_gfn23__ridge,232150720,CYP1A2_pIC50_direct_inhibition,0.9988907987883248,0.7789052231761358,0.0021896815606118,0.1267788416657827,0.082548146249041
4,0,qm_gfn23__ridge,232150720,CYP2C9_pIC50_direct_inhibition,0.9883066676368696,0.6097968927156594,0.0200083335145871,0.162412863277407,0.1085203953644519
4,0,qm_gfn23__ridge,232150720,CYP2D6_pIC50_direct_inhibition,0.9735060420806294,0.6104216336591501,0.0244044024130007,0.1819115146478064,0.1254090607265532
4,0,qm_gfn23__ridge,232150720,CYP3A4_pIC50_direct_inhibition,1.0541960801720502,0.8774483953723563,-0.0144334627820544,0.0734427072453757,0.0479773185513019
4,0,qm_gfn23__ridge,232150720,MA,1.0037248971694686,0.7191430362308255,0.0080422386765363,0.1361364817090929,0.091113730222837
4,0,qm_new3__ridge,232150720,CYP1A2_pIC50_direct_inhibition,0.9707996217503602,0.7638723083951333,0.0338716681033133,0.2458847196582887,0.1683685552001835
4,0,qm_new3__ridge,232150720,CYP2C9_pIC50_direct_inhibition,1.0099456826609574,0.6184435697856775,-0.0059418127390091,-0.1052984841928817,-0.0688414959684904
4,0,qm_new3__ridge,232150720,CYP2D6_pIC50_direct_inhibition,1.0136777400526715,0.6279899649101883,-0.0096708318341347,0.0108945562830309,0.0079141495279246
4,0,qm_new3__ridge,232150720,CYP3A4_pIC50_direct_inhibition,1.0574181082265957,0.8786143003178655,-0.0222771218612541,-0.0131781536092909,-0.007273971191093
4,0,qm_new3__ridge,232150720,MA,1.0129602881726465,0.7222300358522161,-0.0010045245827711,0.0345756595347867,0.0250418093921311
4,0,rdkit2d_3d__ridge,232150720,CYP1A2_pIC50_direct_inhibition,0.8920535870024944,0.7162377443776792,0.2025772394649106,0.4398744915970376,0.3053582760657607
4,0,rdkit2d_3d__ridge,232150720,CYP2C9_pIC50_direct_inhibition,0.7122602567182397,0.4906585984609892,0.3166535117154914,0.5894494289805571,0.4291465905503008
4,0,rdkit2d_3d__ridge,232150720,CYP2D6_pIC50_direct_inhibition,0.9637157312962494,0.6052489230874298,0.1089936347079273,0.3485160993641236,0.2395963355676892
4,0,rdkit2d_3d__ridge,232150720,CYP3A4_pIC50_direct_inhibition,0.5768935010795766,0.5558811177584609,0.5410921763158026,0.7579396848339717,0.5587265211047888
4,0,rdkit2d_3d__ridge,232150720,MA,0.78623076902414,0.5920065959211398,0.292329140551033,0.5339449261939224,0.3832069308221349
4,0,rdkit2d__ridge,232150720,CYP1A2_pIC50_direct_inhibition,0.9114969052086556,0.7236338747559505,0.1894089093457382,0.4202271977402383,0.2906105360080999
4,0,rdkit2d__ridge,232150720,CYP2C9_pIC50_direct_inhibition,0.7046625652586269,0.492519092805186,0.3276085381626453,0.5933995727013378,0.4315329274585729
4,0,rdkit2d__ridge,232150720,CYP2D6_pIC50_direct_inhibition,0.9622085397071942,0.6038514190140151,0.107361622494606,0.3452451161006585,0.2364330275797124
4,0,rdkit2d__ridge,232150720,CYP3A4_pIC50_direct_inhibition,0.577888018062258,0.5549211738966593,0.5455848735062138,0.758343645949185,0.5585022471329035
4,0,rdkit2d__ridge,232150720,MA,0.7890640070591837,0.5937313901179527,0.2924909858773008,0.5293038831228549,0.3792696845448222
4,0,rdkit2d_elec__ridge,232150720,CYP1A2_pIC50_direct_inhibition,0.8988053308631687,0.7199601996959905,0.1968160102148756,0.4224311441393742,0.2898167061205433
4,0,rdkit2d_elec__ridge,232150720,CYP2C9_pIC50_direct_inhibition,0.707069125810501,0.4928142069106099,0.3303941157388608,0.5903778453800195,0.4299744525991243
4,0,rdkit2d_elec__ridge,232150720,CYP2D6_pIC50_direct_inhibition,0.9453747757311766,0.595797185778386,0.1229133476918333,0.3614147548184815,0.2484500445620353
4,0,rdkit2d_elec__ridge,232150720,CYP3A4_pIC50_direct_inhibition,0.5808947012292539,0.5576207423311174,0.5487424663577731,0.7580031154624538,0.5584034029092212
4,0,rdkit2d_elec__ridge,232150720,MA,0.783035983408525,0.5915480836790259,0.2997164850008357,0.5330567149500823,0.381661151547731
4,0,rdkit2d_new3__ridge,232150720,CYP1A2_pIC50_direct_inhibition,0.8949877739944269,0.7164631988135884,0.203377085959465,0.439475237410499,0.302841520451881
4,0,rdkit2d_new3__ridge,232150720,CYP2C9_pIC50_direct_inhibition,0.7177677814537003,0.4952311763259682,0.3127071352927256,0.5843083117052197,0.4246837689567404
4,0,rdkit2d_new3__ridge,232150720,CYP2D6_pIC50_direct_inhibition,0.9641828706563016,0.6053352408765563,0.1088453460646119,0.3479530847637502,0.2396648359611564
4,0,rdkit2d_new3__ridge,232150720,CYP3A4_pIC50_direct_inhibition,0.5738164093797532,0.554867383094971,0.5455972221537289,0.7577234440094688,0.5581905327899428
4,0,rdkit2d_new3__ridge,232150720,MA,0.7876887088710455,0.592974249777771,0.2926316973676328,0.5323650194722344,0.3813451645399302
4,0,rdkit2d_qm__ridge,232150720,CYP1A2_pIC50_direct_inhibition,0.8843611478402489,0.7133801342900614,0.207585951331339,0.4392826278543197,0.3038291191510237
4,0,rdkit2d_qm__ridge,232150720,CYP2C9_pIC50_direct_inhibition,0.7127019808370286,0.4901124995749769,0.320421768443118,0.5870399643684799,0.4267772652569734
4,0,rdkit2d_qm__ridge,232150720,CYP2D6_pIC50_direct_inhibition,0.9476794557462962,0.5972575666294212,0.1245516362575026,0.3658569402501207,0.2508613756884809
4,0,rdkit2d_qm__ridge,232150720,CYP3A4_pIC50_direct_inhibition,0.5803480193770566,0.5579202347313206,0.5438173949097554,0.7575886736070819,0.5582453935665119
4,0,rdkit2d_qm__ridge,232150720,MA,0.7812726509501575,0.589667608806445,0.2990941877354288,0.5374420515200005,0.3849282884157475
4,0,rdkit_match18__ridge,232150720,CYP1A2_pIC50_direct_inhibition,0.9619325609041028,0.7526831513080203,0.1253800986584944,0.3500336802795351,0.238842555322323
4,0,rdkit_match18__ridge,232150720,CYP2C9_pIC50_direct_inhibition,0.7540136878857574,0.5180267360648453,0.2480062726295934,0.5156920060277378,0.3659115501857892
4,0,rdkit_match18__ridge,232150720,CYP2D6_pIC50_direct_inhibition,0.984088995802983,0.6158162297478892,0.064873794262849,0.2605670203717504,0.1742896424304175
4,0,rdkit_match18__ridge,232150720,CYP3A4_pIC50_direct_inhibition,0.7531341590707973,0.6827789597855249,0.3416191221052794,0.6182849964829538,0.4402023264672298
4,0,rdkit_match18__ridge,232150720,MA,0.8632923509159101,0.6423262692265699,0.194969821914054,0.4361444257904943,0.3048115186014399
4,0,rdkit_match3_elec__ridge,232150720,CYP1A2_pIC50_direct_inhibition,0.9730891940700692,0.7663103923124711,0.0532767657891955,0.2688513891709788,0.1837009908729718
4,0,rdkit_match3_elec__ridge,232150720,CYP2C9_pIC50_direct_inhibition,0.8593815244976523,0.5667378702475411,0.1402775651487578,0.3852388830253558,0.2704856152222851
4,0,rdkit_match3_elec__ridge,232150720,CYP2D6_pIC50_direct_inhibition,1.0047781346914122,0.6223811369925908,0.0177943660282214,0.1613747708044471,0.1081722465969076
4,0,rdkit_match3_elec__ridge,232150720,CYP3A4_pIC50_direct_inhibition,0.956809312803781,0.8115374751114386,0.1073186430197183,0.373484979331746,0.2553601958550398
4,0,rdkit_match3_elec__ridge,232150720,MA,0.9485145415157288,0.6917417186660104,0.0796668349964733,0.2972375055831319,0.2044297621368011
4,0,rdkit_match3_new3__ridge,232150720,CYP1A2_pIC50_direct_inhibition,0.9959422313098768,0.7796458195012191,0.0149285618278165,0.1590113413586069,0.1087505626955523
4,0,rdkit_match3_new3__ridge,232150720,CYP2C9_pIC50_direct_inhibition,1.0060478779349271,0.6245972192126746,-0.0026789279928949,0.0852195272760047,0.0579753854041862
4,0,rdkit_match3_new3__ridge,232150720,CYP2D6_pIC50_direct_inhibition,0.9985637518526894,0.6177213067664193,0.0308015235518904,0.2114143685762472,0.1423054589321435
4,0,rdkit_match3_new3__ridge,232150720,CYP3A4_pIC50_direct_inhibition,1.0055471655277872,0.8444870475555456,0.0245580175685859,0.2234078054804837,0.1541326557138591
4,0,rdkit_match3_new3__ridge,232150720,MA,1.0015252566563202,0.7166128482589648,0.0169022937388494,0.1697632606728356,0.1157910156864353
4,1,plain_qm,2324106676,CYP1A2_pIC50_direct_inhibition,0.8711779422375365,0.6744633337967415,0.2068897521513426,0.4552523920383298,0.317509108570975
4,1,plain_qm,2324106676,CYP2C9_pIC50_direct_inhibition,0.7697568633610758,0.4665294299945257,0.3363467350575643,0.5936451902920442,0.4256348400120494
4,1,plain_qm,2324106676,CYP2D6_pIC50_direct_inhibition,1.0332254091350126,0.6230311312242339,0.115546194034169,0.4197019922580227,0.2873050031231638
4,1,plain_qm,2324106676,CYP3A4_pIC50_direct_inhibition,0.5279907016480067,0.5666911801393318,0.5575670168180572,0.7509688146293441,0.5605484023255299
4,1,plain_qm,2324106676,MA,0.8005377290954079,0.5826787687887083,0.3040874245152833,0.5548920973044352,0.3977493385079295
4,1,qm_3d__ridge,2324106676,CYP1A2_pIC50_direct_inhibition,0.943765480761476,0.7235963097511728,0.0285599852336378,0.2429958877590439,0.1655942940696443
4,1,qm_3d__ridge,2324106676,CYP2C9_pIC50_direct_inhibition,1.0698509039288215,0.57626297630463,-0.03473710082596,0.1519150213369369,0.1016724150475076
4,1,qm_3d__ridge,2324106676,CYP2D6_pIC50_direct_inhibition,1.0151714350920944,0.6228057619827393,-0.012886332411563,-0.0685632413999337,-0.0461924637150063
4,1,qm_3d__ridge,2324106676,CYP3A4_pIC50_direct_inhibition,0.8988200021185007,0.8601207207607351,0.0844263217107815,0.3132822872120716,0.2140708307713397
4,1,qm_3d__ridge,2324106676,MA,0.9819019554752232,0.6956964421998193,0.016340718426724,0.1599074887270297,0.1087862690433713
4,1,qm_dft3__ridge,2324106676,CYP1A2_pIC50_direct_inhibition,0.9957483459450585,0.7526340104550192,-0.0268183754497354,-0.0055174002990798,-0.0030715078302743
4,1,qm_dft3__ridge,2324106676,CYP2C9_pIC50_direct_inhibition,1.0534186643637349,0.5769173836441516,-0.0303282438204022,0.131051963869728,0.0887352935677146
4,1,qm_dft3__ridge,2324106676,CYP2D6_pIC50_direct_inhibition,1.0214915705356324,0.6237708319529592,-0.0086638217245888,-0.036772985740883,-0.0249111846859755
4,1,qm_dft3__ridge,2324106676,CYP3A4_pIC50_direct_inhibition,0.971230081881478,0.9066717039544192,-0.0116631405247341,0.0782287646646303,0.0531920507212108
4,1,qm_dft3__ridge,2324106676,MA,1.010472165681476,0.7149984825016372,-0.0193683953798651,0.0417475856235988,0.0284861629431688
4,1,qm_elec__ridge,2324106676,CYP1A2_pIC50_direct_inhibition,0.9711644644074384,0.7349643547412237,0.0055241516347823,0.1833271762272557,0.1240577543606523
4,1,qm_elec__ridge,2324106676,CYP2C9_pIC50_direct_inhibition,1.0512259285997296,0.5754768305243514,0.0031524887022828,0.1766774377323166,0.1186538401213267
4,1,qm_elec__ridge,2324106676,CYP2D6_pIC50_direct_inhibition,1.03169138552413,0.6297992075115562,0.0094119120148557,0.1924077044743067,0.1253517888757848
4,1,qm_elec__ridge,2324106676,CYP3A4_pIC50_direct_inhibition,0.9472272463005597,0.8943966335490737,0.0077725740089149,0.1566964055797603,0.107574663199638
4,1,qm_elec__ridge,2324106676,MA,1.0003272562079644,0.7086592565815512,0.0064652815902089,0.1772771810034098,0.1189095116393504
4,1,qm_full__lightgbm,2324106676,CYP1A2_pIC50_direct_inhibition,1.0384502704963503,0.7630287445082452,-0.0464951250070192,0.1541347197325789,0.1051482310690139
4,1,qm_full__lightgbm,2324106676,CYP2C9_pIC50_direct_inhibition,1.075055772154005,0.5804654450194847,-0.0286598975692615,0.1565599451795691,0.1055447219677699
4,1,qm_full__lightgbm,2324106676,CYP2D6_pIC50_direct_inhibition,1.0442086069035674,0.6336136533370601,-0.0213446649208879,0.1490214078721472,0.1011686470967675
4,1,qm_full__lightgbm,2324106676,CYP3A4_pIC50_direct_inhibition,0.94575884946572,0.8767022508050986,0.035894151050187,0.2305622602234023,0.1572432784567727
4,1,qm_full__lightgbm,2324106676,MA,1.0258683747549109,0.7134525234174721,-0.0151513841117454,0.1725695832519244,0.117276219647581
4,1,qm_full__rf,2324106676,CYP1A2_pIC50_direct_inhibition,0.9893206085074588,0.7371955862656604,-0.0189952059777396,0.2222098907324066,0.1534545548666192
4,1,qm_full__rf,2324106676,CYP2C9_pIC50_direct_inhibition,1.0722298891509914,0.5806983439153548,-0.0502572097145971,0.1647742537218707,0.114714496741824
4,1,qm_full__rf,2324106676,CYP2D6_pIC50_direct_inhibition,1.0696052668179556,0.6446992117929671,-0.0418068868565494,0.144694821568499,0.0973639679091609
4,1,qm_full__rf,2324106676,CYP3A4_pIC50_direct_inhibition,0.9347435531774246,0.8648867206097999,0.0519682399385455,0.2563662560543812,0.1761940850047724
4,1,qm_full__rf,2324106676,MA,1.0164748294134576,0.7068699656459455,-0.0147727656525851,0.1970113055192894,0.1354317761305941
4,1,qm_full__ridge,2324106676,CYP1A2_pIC50_direct_inhibition,0.950147702916228,0.7162334532375431,0.0224016821790786,0.2252602792793169,0.1566172241313146
4,1,qm_full__ridge,2324106676,CYP2C9_pIC50_direct_inhibition,1.0578616156355238,0.5787571406293442,-0.0052574484739188,0.2128097550261572,0.1421302608311009
4,1,qm_full__ridge,2324106676,CYP2D6_pIC50_direct_inhibition,1.0359875868723434,0.6308070350463154,0.0085912789854948,0.1786632822854947,0.1178842568330188
4,1,qm_full__ridge,2324106676,CYP3A4_pIC50_direct_inhibition,0.8944148544418523,0.8545458733400664,0.0958976018258801,0.3272376513890974,0.2221375686381017
4,1,qm_full__ridge,2324106676,MA,0.984602939966487,0.6950858755633172,0.0304082786291336,0.2359927419950166,0.159692327608384
4,1,qm_full__xgboost,2324106676,CYP1A2_pIC50_direct_inhibition,1.0579469170158953,0.7719951839448022,-0.1117274752989742,0.0801355513384919,0.0535729953803534
4,1,qm_full__xgboost,2324106676,CYP2C9_pIC50_direct_inhibition,1.0707986659561408,0.5825457880539162,-0.0355714896531156,0.0812531507815538,0.0544165058758437
4,1,qm_full__xgboost,2324106676,CYP2D6_pIC50_direct_inhibition,1.1302168218967918,0.6681286341165178,-0.1198042018603678,0.084615212074298,0.0576178026057614
4,1,qm_full__xgboost,2324106676,CYP3A4_pIC50_direct_inhibition,0.9238593871545866,0.8721404827268784,0.0465138171745614,0.2437921013673454,0.1650113040586593
4,1,qm_full__xgboost,2324106676,MA,1.0457054480058536,0.7237025222105287,-0.055147337409474,0.1224490038904223,0.0826546519801544
4,1,qm_full_hmin__ridge,2324106676,CYP1A2_pIC50_direct_inhibition,0.934051295499286,0.7055217268107071,0.0550054252335638,0.3044557474276884,0.207312599007939
4,1,qm_full_hmin__ridge,2324106676,CYP2C9_pIC50_direct_inhibition,1.0385069592133938,0.5692353561125105,0.0199388187712098,0.2476210922993608,0.1641504705780331
4,1,qm_full_hmin__ridge,2324106676,CYP2D6_pIC50_direct_inhibition,1.0189751023357656,0.6240586917982284,0.016586150151758,0.184943589638331,0.1231035577016293
4,1,qm_full_hmin__ridge,2324106676,CYP3A4_pIC50_direct_inhibition,0.8654050560508907,0.8357655904674239,0.1262471060245334,0.3890612258798468,0.2676182729869701
4,1,qm_full_hmin__ridge,2324106676,MA,0.964234603274834,0.6836453412972175,0.0544443750452662,0.2815204138113067,0.1905462250686429
4,1,qm_gfn23__ridge,2324106676,CYP1A2_pIC50_direct_inhibition,0.9942025260492632,0.748845511506128,-0.0306702926719214,0.0599978880411362,0.0413636599598137
4,1,qm_gfn23__ridge,2324106676,CYP2C9_pIC50_direct_inhibition,1.0575828304718409,0.577018076586347,-0.035086456885896,0.1033993730685469,0.0729248806212105
4,1,qm_gfn23__ridge,2324106676,CYP2D6_pIC50_direct_inhibition,1.000072456618122,0.6164338954287335,0.0033020451332171,0.1790996388928572,0.1190839980169308
4,1,qm_gfn23__ridge,2324106676,CYP3A4_pIC50_direct_inhibition,0.9749210301825064,0.9101418539608344,-0.023021762128642,0.0163403615218633,0.0115204769346892
4,1,qm_gfn23__ridge,2324106676,MA,1.0066947108304332,0.7131098343705107,-0.0213691166383106,0.0897093153811009,0.061223253883161
4,1,qm_new3__ridge,2324106676,CYP1A2_pIC50_direct_inhibition,0.9481860428438064,0.7286493732612305,0.0298832734143786,0.2323483165152214,0.1580400217058189
4,1,qm_new3__ridge,2324106676,CYP2C9_pIC50_direct_inhibition,1.076472029873781,0.5749480724148165,-0.0431968963646013,-0.0262141365274411,-0.0186660832158464
4,1,qm_new3__ridge,2324106676,CYP2D6_pIC50_direct_inhibition,1.012064808510289,0.6218290390677669,-0.0165684228608879,-0.018591987120841,-0.0123018058828499
4,1,qm_new3__ridge,2324106676,CYP3A4_pIC50_direct_inhibition,0.9684831169863511,0.9078930665955226,-0.0195528862474166,0.0455174554578094,0.0285855320175145
4,1,qm_new3__ridge,2324106676,MA,1.001301499553557,0.7083298878348342,-0.0123587330146318,0.0582649120811871,0.0389144161561592
4,1,rdkit2d_3d__ridge,2324106676,CYP1A2_pIC50_direct_inhibition,0.8035810557194286,0.6434960144526749,0.2232776046288632,0.4983609903022397,0.3509985369707191
4,1,rdkit2d_3d__ridge,2324106676,CYP2C9_pIC50_direct_inhibition,0.7742059924371941,0.4624653144385306,0.3210803570595492,0.6022681685334327,0.429722515191408
4,1,rdkit2d_3d__ridge,2324106676,CYP2D6_pIC50_direct_inhibition,0.913934500177323,0.5813189746136752,0.1517360665868936,0.4212832498250761,0.2902235398282564
4,1,rdkit2d_3d__ridge,2324106676,CYP3A4_pIC50_direct_inhibition,0.5858364096030714,0.5997118917868677,0.4999760958595258,0.7161129671267967,0.5252757234032732
4,1,rdkit2d_3d__ridge,2324106676,MA,0.7693894894842542,0.5717480488229371,0.2990175310337079,0.5595063439468864,0.3990550788484142
4,1,rdkit2d__ridge,2324106676,CYP1A2_pIC50_direct_inhibition,0.8155667788450139,0.651836652714468,0.212045511463266,0.4826685866289544,0.3379737552514177
4,1,rdkit2d__ridge,2324106676,CYP2C9_pIC50_direct_inhibition,0.7820550965261344,0.4653202652811054,0.3113505464267473,0.5944510273199478,0.4213708884017932
4,1,rdkit2d__ridge,2324106676,CYP2D6_pIC50_direct_inhibition,0.9156833739181834,0.5818445264959985,0.154820887624676,0.4215774440670061,0.2890428258701493
4,1,rdkit2d__ridge,2324106676,CYP3A4_pIC50_direct_inhibition,0.5868980541126435,0.6009686704107687,0.4988555266809708,0.7148209338303547,0.5245540944531166
4,1,rdkit2d__ridge,2324106676,MA,0.7750508258504938,0.5749925287255852,0.294268118048915,0.5533794979615658,0.3932353909941192
4,1,rdkit2d_elec__ridge,2324106676,CYP1A2_pIC50_direct_inhibition,0.813000834808455,0.650695297265715,0.2086502721820987,0.4763980852474437,0.333853126778632
4,1,rdkit2d_elec__ridge,2324106676,CYP2C9_pIC50_direct_inhibition,0.7883996313592281,0.4680761123062309,0.3019360881405512,0.5869088240559502,0.4172929294022297
4,1,rdkit2d_elec__ridge,2324106676,CYP2D6_pIC50_direct_inhibition,0.9061580533133756,0.580223554637286,0.1427032828349587,0.3991611577341111,0.2725563015880693
4,1,rdkit2d_elec__ridge,2324106676,CYP3A4_pIC50_direct_inhibition,0.5871891703805734,0.6004526044463115,0.4998231612533932,0.7155254023169757,0.5259381420805432
4,1,rdkit2d_elec__ridge,2324106676,MA,0.7736869224654079,0.5748618921638858,0.2882782011027505,0.5444983673386202,0.3874101249623686
4,1,rdkit2d_new3__ridge,2324106676,CYP1A2_pIC50_direct_inhibition,0.8033105378808594,0.6435231117661303,0.2235140547115534,0.4986795984563937,0.3510073831861131
4,1,rdkit2d_new3__ridge,2324106676,CYP2C9_pIC50_direct_inhibition,0.7796805265931449,0.4642681927843148,0.3150430040677099,0.5958719278789605,0.4244838611254274
4,1,rdkit2d_new3__ridge,2324106676,CYP2D6_pIC50_direct_inhibition,0.9134070042797756,0.5814165533611002,0.152575341391212,0.4229047804634258,0.2918210954550246
4,1,rdkit2d_new3__ridge,2324106676,CYP3A4_pIC50_direct_inhibition,0.5876810343338472,0.6001037730112139,0.4992203329790936,0.7148428222650227,0.5242017186316592
4,1,rdkit2d_new3__ridge,2324106676,MA,0.7710197757719068,0.5723279077306899,0.2975881832873922,0.5580747822659508,0.3978785145995561
4,1,rdkit2d_qm__ridge,2324106676,CYP1A2_pIC50_direct_inhibition,0.8029765146303954,0.6425461237876448,0.2196654326941814,0.4910054421283095,0.3460179270423413
4,1,rdkit2d_qm__ridge,2324106676,CYP2C9_pIC50_direct_inhibition,0.7800866347744333,0.4642853389468698,0.3134017579380913,0.5938342178454109,0.4228881462956533
4,1,rdkit2d_qm__ridge,2324106676,CYP2D6_pIC50_direct_inhibition,0.9050090748280938,0.579739342189276,0.1397100314533753,0.3971759346742163,0.2724105886962473
4,1,rdkit2d_qm__ridge,2324106676,CYP3A4_pIC50_direct_inhibition,0.5880299870555934,0.5993949158877919,0.5004635953479538,0.7156037042071847,0.525849212565809
4,1,rdkit2d_qm__ridge,2324106676,MA,0.7690255528221289,0.5714914302028957,0.2933102043584005,0.5494048247137804,0.3917914686500127
4,1,rdkit_match18__ridge,2324106676,CYP1A2_pIC50_direct_inhibition,0.8900982156029416,0.6937309017454123,0.1202917260307695,0.4036757432972111,0.2802782345500441
4,1,rdkit_match18__ridge,2324106676,CYP2C9_pIC50_direct_inhibition,0.9220714657504496,0.5228103698882611,0.1718909946898446,0.4306663365719262,0.3001938265019817
4,1,rdkit_match18__ridge,2324106676,CYP2D6_pIC50_direct_inhibition,0.9874030448697554,0.6119437970028314,0.0702952835582385,0.2799400171453458,0.1879396156078476
4,1,rdkit_match18__ridge,2324106676,CYP3A4_pIC50_direct_inhibition,0.6834167402616216,0.710671826391343,0.3572950615213613,0.6151007749810118,0.432158918215742
4,1,rdkit_match18__ridge,2324106676,MA,0.870747366621192,0.634789223756962,0.1799432664500535,0.4323457179988737,0.3001426487189039
4,1,rdkit_match3_elec__ridge,2324106676,CYP1A2_pIC50_direct_inhibition,0.9804594771084416,0.7387425205556127,0.021552686402871,0.2108338937826324,0.1409763835137819
4,1,rdkit_match3_elec__ridge,2324106676,CYP2C9_pIC50_direct_inhibition,1.0142512682950586,0.5578388301176054,0.0695805364686614,0.3007916286585659,0.206008376376711
4,1,rdkit_match3_elec__ridge,2324106676,CYP2D6_pIC50_direct_inhibition,1.0064866547889588,0.6172876652204123,0.0150002006997082,0.1171155594624312,0.0774715428198871
4,1,rdkit_match3_elec__ridge,2324106676,CYP3A4_pIC50_direct_inhibition,0.8888322589121743,0.8503277106017105,0.0858838547801637,0.3197826108911428,0.2195180630728206
4,1,rdkit_match3_elec__ridge,2324106676,MA,0.9725074147761584,0.6910491816238352,0.0480043195878511,0.237130923198693,0.1609935914458001
4,1,rdkit_match3_new3__ridge,2324106676,CYP1A2_pIC50_direct_inhibition,0.9516958546449028,0.723552006656477,0.0167359025430669,0.2204521430495828,0.1459823409506095
4,1,rdkit_match3_new3__ridge,2324106676,CYP2C9_pIC50_direct_inhibition,1.073546622636572,0.570273667096289,-0.041838353570274,0.1106204634898686,0.0750609899671919
4,1,rdkit_match3_new3__ridge,2324106676,CYP2D6_pIC50_direct_inhibition,1.0156758860703972,0.6193542068188048,0.0048727649494767,0.191022732683322,0.126505354379781
4,1,rdkit_match3_new3__ridge,2324106676,CYP3A4_pIC50_direct_inhibition,0.9349254913762884,0.8890019279029956,0.0218563093823432,0.2011354113093354,0.1356751797648706
4,1,rdkit_match3_new3__ridge,2324106676,MA,0.9939609636820402,0.7005454521186416,0.0004066558261532,0.1808076876330272,0.1208059662656133
4,2,plain_qm,1658700540,CYP1A2_pIC50_direct_inhibition,0.7822240455352808,0.6822437506736713,0.2603166004181663,0.5327514165895545,0.377505627477143
4,2,plain_qm,1658700540,CYP2C9_pIC50_direct_inhibition,0.5772959366685315,0.4204441839238549,0.4208184972714766,0.6615430094455254,0.4830169200675301
4,2,plain_qm,1658700540,CYP2D6_pIC50_direct_inhibition,0.8661532926997448,0.6776290913313249,0.2064265634616014,0.4794013657691736,0.3326819139219855
4,2,plain_qm,1658700540,CYP3A4_pIC50_direct_inhibition,0.497982408757497,0.5396566569831912,0.5893460317669879,0.7628810744156603,0.5705380201910031
4,2,plain_qm,1658700540,MA,0.6809139209152636,0.5799934207280105,0.3692269232295581,0.6091442165549785,0.4409356204144154
4,2,qm_3d__ridge,1658700540,CYP1A2_pIC50_direct_inhibition,1.0112025917733742,0.8152620432118118,-0.0140612316251407,0.0849439892767603,0.0574242353819042
4,2,qm_3d__ridge,1658700540,CYP2C9_pIC50_direct_inhibition,0.9780868931849248,0.5456240660247322,0.0184984027555718,0.1874350821429837,0.1295458890787231
4,2,qm_3d__ridge,1658700540,CYP2D6_pIC50_direct_inhibition,0.999611410598338,0.7490412448456616,-0.0065511427224369,0.1082995369404272,0.0738288460390586
4,2,qm_3d__ridge,1658700540,CYP3A4_pIC50_direct_inhibition,0.938872888238451,0.835717849451357,0.085698425987038,0.2880385732297904,0.1953004119091922
4,2,qm_3d__ridge,1658700540,MA,0.981943445948772,0.7364113008833906,0.020896113598758,0.1671792953974904,0.1140248456022195
4,2,qm_dft3__ridge,1658700540,CYP1A2_pIC50_direct_inhibition,0.9769654782369592,0.7950684601595265,-0.0021402678990703,0.1205180220649266,0.0835448616068679
4,2,qm_dft3__ridge,1658700540,CYP2C9_pIC50_direct_inhibition,0.9792086229079228,0.5403896536663703,0.0528664754256442,0.2235966410478427,0.1510671704300873
4,2,qm_dft3__ridge,1658700540,CYP2D6_pIC50_direct_inhibition,0.9980217782169496,0.7480554244765892,-0.0007621544882052,0.0535035967012073,0.0348285316877707
4,2,qm_dft3__ridge,1658700540,CYP3A4_pIC50_direct_inhibition,1.027029375658474,0.8899097416224766,-0.0055612988553399,0.0446391773800371,0.0301099348789742
4,2,qm_dft3__ridge,1658700540,MA,0.9953063137550764,0.7433558199812407,0.0111006885457571,0.1105643592985034,0.074887624650925
4,2,qm_elec__ridge,1658700540,CYP1A2_pIC50_direct_inhibition,0.944972082186542,0.7763487221196284,0.0467885282476622,0.2434891325034757,0.1690846886310011
4,2,qm_elec__ridge,1658700540,CYP2C9_pIC50_direct_inhibition,0.936485686380494,0.5273956837462751,0.1014233460093152,0.318838057805833,0.2123333489095811
4,2,qm_elec__ridge,1658700540,CYP2D6_pIC50_direct_inhibition,0.9766020898110108,0.7354819217566313,0.0670831588254531,0.2315614977520853,0.1561442735408619
4,2,qm_elec__ridge,1658700540,CYP3A4_pIC50_direct_inhibition,0.9955149959468697,0.8670858166425033,0.0351843013779197,0.1984050569263734,0.132703837111085
4,2,qm_elec__ridge,1658700540,MA,0.9633937135812292,0.7265780360662595,0.0626198336150875,0.2480734362469419,0.1675665370481323
4,2,qm_full__lightgbm,1658700540,CYP1A2_pIC50_direct_inhibition,0.9508571750586888,0.7811718617006812,0.0351216974536309,0.2050237215918558,0.1409486868776312
4,2,qm_full__lightgbm,1658700540,CYP2C9_pIC50_direct_inhibition,0.9906385363626026,0.5489360290327556,0.0428190368153989,0.2088365167731465,0.1409905860395211
4,2,qm_full__lightgbm,1658700540,CYP2D6_pIC50_direct_inhibition,0.9775886156114472,0.7328936959611414,0.028061904911357,0.1895796259588375,0.1321667423384276
4,2,qm_full__lightgbm,1658700540,CYP3A4_pIC50_direct_inhibition,0.9699535882638648,0.8474272049031321,0.0555595728403254,0.2790660177902871,0.189171577755132
4,2,qm_full__lightgbm,1658700540,MA,0.9722594788241508,0.7276071978994275,0.040390553005178,0.2206264705285317,0.1508193982526779
4,2,qm_full__rf,1658700540,CYP1A2_pIC50_direct_inhibition,0.97792986363653,0.7892565622288528,0.0263498043951373,0.2293702771266022,0.1532101530255952
4,2,qm_full__rf,1658700540,CYP2C9_pIC50_direct_inhibition,1.0030843853033231,0.5514752612825485,0.0399913921827193,0.1981723424347893,0.13264069437939
4,2,qm_full__rf,1658700540,CYP2D6_pIC50_direct_inhibition,0.9907324989720916,0.7415772474834439,0.058386339686962,0.2340871009095718,0.1575933036057413
4,2,qm_full__rf,1658700540,CYP3A4_pIC50_direct_inhibition,0.9905298318955598,0.8555979980278487,0.0394022694466262,0.2652655715081434,0.1804313681443271
4,2,qm_full__rf,1658700540,MA,0.990569144951876,0.7344767672556735,0.0410324514278612,0.2317238229947767,0.1559688797887634
4,2,qm_full__ridge,1658700540,CYP1A2_pIC50_direct_inhibition,0.971620969431536,0.7864728697466418,0.0324172662185393,0.2171844049661099,0.1492609251176088
4,2,qm_full__ridge,1658700540,CYP2C9_pIC50_direct_inhibition,0.9220857232991144,0.5220503585531546,0.113410796119847,0.3638708044937658,0.2457639776128097
4,2,qm_full__ridge,1658700540,CYP2D6_pIC50_direct_inhibition,0.9735198524885832,0.7338392753445103,0.0708810083136951,0.2432119645995762,0.1649272858828017
4,2,qm_full__ridge,1658700540,CYP3A4_pIC50_direct_inhibition,0.9320484995183154,0.8279686279714947,0.102898624075914,0.3289299716492186,0.2264417647274377
4,2,qm_full__ridge,1658700540,MA,0.9498187611843874,0.7175827829039504,0.0799019236819989,0.2882992864271677,0.1965984883351645
4,2,qm_full__xgboost,1658700540,CYP1A2_pIC50_direct_inhibition,0.988809609853172,0.7994120182392758,0.0078665620915379,0.1490877516511113,0.1012639608309337
4,2,qm_full__xgboost,1658700540,CYP2C9_pIC50_direct_inhibition,1.00858531135651,0.5519885335291949,0.0041706158596459,0.0618207113669163,0.0442012502381788
4,2,qm_full__xgboost,1658700540,CYP2D6_pIC50_direct_inhibition,1.020975609360748,0.7592314795386842,-0.0250863462832015,0.0604468330925344,0.0452299685712264
4,2,qm_full__xgboost,1658700540,CYP3A4_pIC50_direct_inhibition,0.9787257598464556,0.8601209639439882,0.0556050318393838,0.2535893525731041,0.1725547026176779
4,2,qm_full__xgboost,1658700540,MA,0.9992740726042216,0.7426882488127858,0.0106389658768415,0.1312361621709166,0.0908124705645042
4,2,qm_full_hmin__ridge,1658700540,CYP1A2_pIC50_direct_inhibition,0.9680534133682992,0.7833279072097759,0.0584767360787634,0.2571576107426952,0.1747812999699902
4,2,qm_full_hmin__ridge,1658700540,CYP2C9_pIC50_direct_inhibition,0.9219711712779326,0.5182225992811833,0.1232565512123622,0.38478363725346,0.2611282524373385
4,2,qm_full_hmin__ridge,1658700540,CYP2D6_pIC50_direct_inhibition,0.9542006215198662,0.7236795751293779,0.0863702283683126,0.3005686747931659,0.2059707782689979
4,2,qm_full_hmin__ridge,1658700540,CYP3A4_pIC50_direct_inhibition,0.911188385122892,0.8180830492780978,0.1250518575867167,0.3513921439965262,0.2414233163753777
4,2,qm_full_hmin__ridge,1658700540,MA,0.9388533978222476,0.7108282827246087,0.0982888433115387,0.3234755166964618,0.2208259117629261
4,2,qm_gfn23__ridge,1658700540,CYP1A2_pIC50_direct_inhibition,0.9710211002155308,0.7892400462102109,0.0056519127164304,0.2314009520495208,0.156026267288222
4,2,qm_gfn23__ridge,1658700540,CYP2C9_pIC50_direct_inhibition,0.9854632339745004,0.5419529339325785,0.0394534507939377,0.2192997513226897,0.1485385138651352
4,2,qm_gfn23__ridge,1658700540,CYP2D6_pIC50_direct_inhibition,0.9862487564488612,0.7386853620343776,0.0263904459818531,0.1342631450512647,0.0898827103221281
4,2,qm_gfn23__ridge,1658700540,CYP3A4_pIC50_direct_inhibition,1.023328725248745,0.8902335788286747,-0.007808125128064,-0.0106501000864494,-0.0074709891785156
4,2,qm_gfn23__ridge,1658700540,MA,0.9915154539719092,0.7400279802514604,0.0159219210910393,0.1435784370842564,0.0967441255742424
4,2,qm_new3__ridge,1658700540,CYP1A2_pIC50_direct_inhibition,1.0167723428597408,0.8214324486999404,-0.0268877885783896,0.0324516095341434,0.0214249459235621
4,2,qm_new3__ridge,1658700540,CYP2C9_pIC50_direct_inhibition,1.0007359802891735,0.5510785876985878,-0.0033037238913906,0.0759233331928148,0.0531378914522229
4,2,qm_new3__ridge,1658700540,CYP2D6_pIC50_direct_inhibition,1.0002261936657768,0.7475301912728128,-0.005310908051325,0.0510024292484055,0.0319341324940321
4,2,qm_new3__ridge,1658700540,CYP3A4_pIC50_direct_inhibition,1.0167887783364995,0.887209774040188,-0.0007868686142805,0.0796967202796889,0.0530140440979863
4,2,qm_new3__ridge,1658700540,MA,1.0086308237877977,0.7518127504278822,-0.0090723222838464,0.0597685230637631,0.0398777534919509
4,2,rdkit2d_3d__ridge,1658700540,CYP1A2_pIC50_direct_inhibition,0.8168008440778677,0.703672667976652,0.2395243183832626,0.4965192265669521,0.3493701023377845
4,2,rdkit2d_3d__ridge,1658700540,CYP2C9_pIC50_direct_inhibition,0.6757749459026333,0.4237125814973393,0.3936176680443972,0.6113324185204513,0.4378945325732545
4,2,rdkit2d_3d__ridge,1658700540,CYP2D6_pIC50_direct_inhibition,0.9211447655920524,0.7030603125416913,0.1399636159144626,0.3733471747700511,0.2551415244674457
4,2,rdkit2d_3d__ridge,1658700540,CYP3A4_pIC50_direct_inhibition,0.6056407701527788,0.5902371183508367,0.5162141819591967,0.7114331764548248,0.5179459005569869
4,2,rdkit2d_3d__ridge,1658700540,MA,0.7548403314313331,0.6051706700916298,0.3223299460753298,0.54815799907807,0.3900880149838679
4,2,rdkit2d__ridge,1658700540,CYP1A2_pIC50_direct_inhibition,0.8095164678613318,0.6967978855324218,0.2416974441732583,0.5024450879629664,0.3551930578903541
4,2,rdkit2d__ridge,1658700540,CYP2C9_pIC50_direct_inhibition,0.6839210422802721,0.4259018716555101,0.387148603188468,0.6080466949446115,0.433965579275482
4,2,rdkit2d__ridge,1658700540,CYP2D6_pIC50_direct_inhibition,0.9238815717134834,0.704453760601061,0.1343075908406367,0.3678125621543288,0.250900887264792
4,2,rdkit2d__ridge,1658700540,CYP3A4_pIC50_direct_inhibition,0.6080155254997781,0.5905251182912089,0.5159385766985377,0.7117979032695549,0.5186403883787365
4,2,rdkit2d__ridge,1658700540,MA,0.7563336518387164,0.6044196590200506,0.3197730537252252,0.5475255620828655,0.3896749782023412
4,2,rdkit2d_elec__ridge,1658700540,CYP1A2_pIC50_direct_inhibition,0.8177386517096048,0.70065306503917,0.2326981141494138,0.487438056366676,0.3423233043151817
4,2,rdkit2d_elec__ridge,1658700540,CYP2C9_pIC50_direct_inhibition,0.6952626214509702,0.4326963514344072,0.3773131147135302,0.6087148913566777,0.4344020170677478
4,2,rdkit2d_elec__ridge,1658700540,CYP2D6_pIC50_direct_inhibition,0.9111544564919828,0.6950543743290046,0.150536969843001,0.3871698406318604,0.2645405649690655
4,2,rdkit2d_elec__ridge,1658700540,CYP3A4_pIC50_direct_inhibition,0.6081812333266968,0.5894197214698832,0.516010134311878,0.7121225541140277,0.5190295184163877
4,2,rdkit2d_elec__ridge,1658700540,MA,0.7580842407448136,0.6044558780681163,0.3191395832544558,0.5488613356173105,0.3900738511920957
4,2,rdkit2d_new3__ridge,1658700540,CYP1A2_pIC50_direct_inhibition,0.8216683724548284,0.7035107264916,0.2438081350534282,0.4894962093793931,0.3429183295240198
4,2,rdkit2d_new3__ridge,1658700540,CYP2C9_pIC50_direct_inhibition,0.6786357018191197,0.4240517143679445,0.3924298814728446,0.6129911544884791,0.4385401704411249
4,2,rdkit2d_new3__ridge,1658700540,CYP2D6_pIC50_direct_inhibition,0.9205995609735652,0.7028160824253165,0.1396052131723428,0.374078057631911,0.2552090723750989
4,2,rdkit2d_new3__ridge,1658700540,CYP3A4_pIC50_direct_inhibition,0.6077128717812437,0.5916123228804152,0.5142996635807473,0.7086754836861614,0.5162640244920018
4,2,rdkit2d_new3__ridge,1658700540,MA,0.7571541267571893,0.605497711541319,0.3225357233198407,0.5463102262964863,0.3882328992080613
4,2,rdkit2d_qm__ridge,1658700540,CYP1A2_pIC50_direct_inhibition,0.8249327771692632,0.7073849670694904,0.2299832219563908,0.4800020963919971,0.3360587014905679
4,2,rdkit2d_qm__ridge,1658700540,CYP2C9_pIC50_direct_inhibition,0.6851742331489209,0.4297802246714424,0.3848291979684994,0.6136445081951415,0.4392194104595665
4,2,rdkit2d_qm__ridge,1658700540,CYP2D6_pIC50_direct_inhibition,0.9081864595793336,0.6934621235979626,0.155819010385229,0.3945847226813282,0.2698038902975273
4,2,rdkit2d_qm__ridge,1658700540,CYP3A4_pIC50_direct_inhibition,0.6064089274060382,0.5887145599507422,0.5156446939055199,0.7114418518706328,0.5178228782958331
4,2,rdkit2d_qm__ridge,1658700540,MA,0.756175599325889,0.6048354688224095,0.3215690310539098,0.5499182947847749,0.3907262201358737
4,2,rdkit_match18__ridge,1658700540,CYP1A2_pIC50_direct_inhibition,0.8631840002801946,0.7325753704565029,0.1924673859279062,0.4733015849175083,0.3276232381922701
4,2,rdkit_match18__ridge,1658700540,CYP2C9_pIC50_direct_inhibition,0.7710659948632297,0.4669509443669473,0.2920070263410321,0.5428832229609124,0.3769948359255881
4,2,rdkit_match18__ridge,1658700540,CYP2D6_pIC50_direct_inhibition,0.9754100569150446,0.7305021101923448,0.0632570341766666,0.2892291955394875,0.1976625819518932
4,2,rdkit_match18__ridge,1658700540,CYP3A4_pIC50_direct_inhibition,0.7516075004419768,0.6942738684708744,0.3578694059525299,0.5810449869750415,0.4089261023256079
4,2,rdkit_match18__ridge,1658700540,MA,0.8403168881251114,0.6560755733716673,0.2264002130995337,0.4716147475982374,0.3278016895988399
4,2,rdkit_match3_elec__ridge,1658700540,CYP1A2_pIC50_direct_inhibition,0.8976514546831402,0.7574645202310086,0.0917749175824034,0.3662675612254892,0.2541567517841528
4,2,rdkit_match3_elec__ridge,1658700540,CYP2C9_pIC50_direct_inhibition,0.8535124529145365,0.4968651918758652,0.1880139903341382,0.468637479674417,0.3264955691921404
4,2,rdkit_match3_elec__ridge,1658700540,CYP2D6_pIC50_direct_inhibition,1.0013871394073128,0.7486928230872156,0.0178299846811802,0.0862198991807095,0.0549338680346407
4,2,rdkit_match3_elec__ridge,1658700540,CYP3A4_pIC50_direct_inhibition,0.9732133302570504,0.8508352463930531,0.0751060554314633,0.2805085740119161,0.1877048109590003
4,2,rdkit_match3_elec__ridge,1658700540,MA,0.93144109431551,0.7134644453967857,0.0931812370072963,0.3004083785231329,0.2058227499924836
4,2,rdkit_match3_new3__ridge,1658700540,CYP1A2_pIC50_direct_inhibition,0.9675943756152838,0.7865541046491479,0.0178685804566321,0.1873429114242542,0.1273307508094339
4,2,rdkit_match3_new3__ridge,1658700540,CYP2C9_pIC50_direct_inhibition,0.9891254550320928,0.5457702496322004,0.0143844543579215,0.1111555609703746,0.0738313979805513
4,2,rdkit_match3_new3__ridge,1658700540,CYP2D6_pIC50_direct_inhibition,0.9696931897410735,0.7290003525126333,0.0545936216590191,0.2576073822966511,0.173344328084346
4,2,rdkit_match3_new3__ridge,1658700540,CYP3A4_pIC50_direct_inhibition,1.0390009292030036,0.892170516795019,-0.0205867939861899,0.1369303583711039,0.0940846087362693
4,2,rdkit_match3_new3__ridge,1658700540,MA,0.9913534873978636,0.7383738058972502,0.0165649656218457,0.173259053265596,0.1171477714026501
4,3,plain_qm,609942288,CYP1A2_pIC50_direct_inhibition,0.8875966660133934,0.5924471849837475,0.2762116301164335,0.5310441053977822,0.3771732449777817
4,3,plain_qm,609942288,CYP2C9_pIC50_direct_inhibition,0.6386016705104064,0.4352525848991602,0.4293152134424664,0.6847269607790187,0.4976259735659396
4,3,plain_qm,609942288,CYP2D6_pIC50_direct_inhibition,1.0042567855452382,0.6112089463685647,0.1040716416123891,0.3950010366694783,0.2725184877214514
4,3,plain_qm,609942288,CYP3A4_pIC50_direct_inhibition,0.5129821565700503,0.5427653478899765,0.5768673450057903,0.7697146292320888,0.5765685288455897
4,3,plain_qm,609942288,MA,0.760859319659772,0.5454185160353623,0.3466164575442698,0.595121683019592,0.4309715587776906
4,3,qm_3d__ridge,609942288,CYP1A2_pIC50_direct_inhibition,1.0363431908017908,0.6796099786709995,0.0311579627353089,0.1986155320699427,0.1369592560664743
4,3,qm_3d__ridge,609942288,CYP2C9_pIC50_direct_inhibition,0.9099384485273206,0.5416737102689944,0.0653100554829471,0.2024907085561339,0.1379218151371246
4,3,qm_3d__ridge,609942288,CYP2D6_pIC50_direct_inhibition,1.010745436948996,0.6161290932811119,-0.0074909230245978,-0.0318805755959596,-0.0234515810355029
4,3,qm_3d__ridge,609942288,CYP3A4_pIC50_direct_inhibition,0.9590801582987654,0.8814820700145899,0.045878499369404,0.2378151552297465,0.1622885177394496
4,3,qm_3d__ridge,609942288,MA,0.979026808644218,0.6797237130589239,0.0337138986407655,0.1517602050649658,0.1034295019768864
4,3,qm_dft3__ridge,609942288,CYP1A2_pIC50_direct_inhibition,1.0405897490058753,0.6776768754611057,0.0032219646216692,0.2181845058003768,0.1496618122996146
4,3,qm_dft3__ridge,609942288,CYP2C9_pIC50_direct_inhibition,0.957169120793818,0.5596561727662648,0.0273551210792838,0.160516615182109,0.1067325127140043
4,3,qm_dft3__ridge,609942288,CYP2D6_pIC50_direct_inhibition,0.9906778293355262,0.6088651912939226,0.0029178321701558,0.1039966413234616,0.0647701998238272
4,3,qm_dft3__ridge,609942288,CYP3A4_pIC50_direct_inhibition,0.9604119622913642,0.8944383059054012,0.029646009099004,0.2167342219198147,0.1460836074931767
4,3,qm_dft3__ridge,609942288,MA,0.987212165356646,0.6851591363566736,0.0157852317425282,0.1748579960564406,0.1168120330826557
4,3,qm_elec__ridge,609942288,CYP1A2_pIC50_direct_inhibition,0.9463867387714332,0.6356717349775586,0.1017791242206117,0.3698325564014222,0.2508791833613074
4,3,qm_elec__ridge,609942288,CYP2C9_pIC50_direct_inhibition,0.949640800906038,0.5600734712293248,0.0427623024565955,0.2102584502573629,0.1432056640934026
4,3,qm_elec__ridge,609942288,CYP2D6_pIC50_direct_inhibition,0.982523140127672,0.6026187582896103,0.0855733652856735,0.2781704727604677,0.1884638278796595
4,3,qm_elec__ridge,609942288,CYP3A4_pIC50_direct_inhibition,0.9376629029508812,0.8690235276420967,0.0707417998772623,0.2389184624615858,0.1647115083913541
4,3,qm_elec__ridge,609942288,MA,0.9540533956890062,0.6668468730346476,0.0752141479600358,0.2742949854702096,0.1868150459314309
4,3,qm_full__lightgbm,609942288,CYP1A2_pIC50_direct_inhibition,1.0133264518903993,0.6707419489146126,0.0573790720222127,0.2394226597255861,0.1598593283471021
4,3,qm_full__lightgbm,609942288,CYP2C9_pIC50_direct_inhibition,0.9730405726233868,0.5628232413902264,0.0306606612237053,0.1701760844398954,0.1150950156055459
4,3,qm_full__lightgbm,609942288,CYP2D6_pIC50_direct_inhibition,0.9853470105153864,0.6054267866602392,0.0541947628600162,0.2221262712375593,0.150261600164733
4,3,qm_full__lightgbm,609942288,CYP3A4_pIC50_direct_inhibition,0.9400613530708176,0.8603017099527203,0.0717150467471617,0.2623492578624335,0.1799399082458904
4,3,qm_full__lightgbm,609942288,MA,0.9779438470249976,0.6748234217294496,0.053487385713274,0.2235185683163685,0.1512889630908178
4,3,qm_full__rf,609942288,CYP1A2_pIC50_direct_inhibition,1.0644635314003503,0.6896630485309507,0.0291527617973735,0.2771855947464797,0.1872216241930104
4,3,qm_full__rf,609942288,CYP2C9_pIC50_direct_inhibition,0.9626644440334308,0.5560452754456693,0.0530531161139998,0.2314730363054236,0.1565130535893925
4,3,qm_full__rf,609942288,CYP2D6_pIC50_direct_inhibition,1.0259427958172436,0.6208188686183955,0.0726723610395136,0.2692790576698716,0.1814533550197342
4,3,qm_full__rf,609942288,CYP3A4_pIC50_direct_inhibition,0.9531243094611482,0.8579895806081435,0.0593050519943962,0.2697862074569848,0.1860130582329267
4,3,qm_full__rf,609942288,MA,1.0015487701780432,0.6811291933007898,0.0535458227363208,0.2619309740446899,0.177800272758766
4,3,qm_full__ridge,609942288,CYP1A2_pIC50_direct_inhibition,0.9707931834512828,0.6443025585972835,0.1198069280840491,0.3577573672377046,0.2447458763731184
4,3,qm_full__ridge,609942288,CYP2C9_pIC50_direct_inhibition,0.9157887732402256,0.5467342422629256,0.0874222198803258,0.2540858224337194,0.1739105289596405
4,3,qm_full__ridge,609942288,CYP2D6_pIC50_direct_inhibition,0.9820918140016532,0.6024307447124446,0.0885696464664653,0.2770639149976763,0.1879200842784351
4,3,qm_full__ridge,609942288,CYP3A4_pIC50_direct_inhibition,0.9267973612814224,0.8526430251575231,0.0900903086058899,0.3078844262435908,0.2115016607362138
4,3,qm_full__ridge,609942288,MA,0.948867782993646,0.6615276426825442,0.0964722757591825,0.2991978827281727,0.2045195375868519
4,3,qm_full__xgboost,609942288,CYP1A2_pIC50_direct_inhibition,1.038610182366234,0.6785089174161316,0.0303260064309578,0.2527393731423457,0.1665640808473443
4,3,qm_full__xgboost,609942288,CYP2C9_pIC50_direct_inhibition,0.9546408135663004,0.5626177960520896,0.0339065909892915,0.1291833795686591,0.0908971745283464
4,3,qm_full__xgboost,609942288,CYP2D6_pIC50_direct_inhibition,1.0159917826478253,0.6207366393245135,-0.0182369237746617,0.1105732750082533,0.0773328048859143
4,3,qm_full__xgboost,609942288,CYP3A4_pIC50_direct_inhibition,0.991346813883154,0.8692411919294927,0.0204529982737555,0.2436710121532417,0.1685138784539918
4,3,qm_full__xgboost,609942288,MA,1.0001473981158784,0.6827761361805568,0.0166121679798358,0.1840417599681249,0.1258269846788992
4,3,qm_full_hmin__ridge,609942288,CYP1A2_pIC50_direct_inhibition,0.966246170928726,0.6396102080671697,0.1510456906418801,0.394745551523161,0.2682221020009436
4,3,qm_full_hmin__ridge,609942288,CYP2C9_pIC50_direct_inhibition,0.898459367257729,0.5398214609172488,0.0997144387647567,0.2740463654980379,0.1877559299096031
4,3,qm_full_hmin__ridge,609942288,CYP2D6_pIC50_direct_inhibition,0.9561748217841476,0.5932932938315909,0.103053174601334,0.2982809137808218,0.2026157707049251
4,3,qm_full_hmin__ridge,609942288,CYP3A4_pIC50_direct_inhibition,0.9416889873599228,0.8574811764740498,0.0801296032783615,0.295889668171891,0.2017769796137394
4,3,qm_full_hmin__ridge,609942288,MA,0.9406423368326312,0.6575515348225148,0.1084857268215831,0.3157406247434779,0.2150926955573028
4,3,qm_gfn23__ridge,609942288,CYP1A2_pIC50_direct_inhibition,1.04969700868515,0.6827320301117825,-0.0028155809860149,0.1791533672046397,0.1215585113151118
4,3,qm_gfn23__ridge,609942288,CYP2C9_pIC50_direct_inhibition,0.9584497575680624,0.5577042516202111,0.0251630058518116,0.1471812345106199,0.1008214104980312
4,3,qm_gfn23__ridge,609942288,CYP2D6_pIC50_direct_inhibition,0.9626119598584062,0.5961977900253151,0.0493640331595854,0.2478183133968687,0.166426083870499
4,3,qm_gfn23__ridge,609942288,CYP3A4_pIC50_direct_inhibition,0.9861341058813192,0.9078157148991228,0.0027937620771587,0.1818612241045423,0.1233462206254937
4,3,qm_gfn23__ridge,609942288,MA,0.9892232079982344,0.6861124466641079,0.0186263050256352,0.1890035348041676,0.1280380565772839
4,3,qm_new3__ridge,609942288,CYP1A2_pIC50_direct_inhibition,1.0405140441839844,0.6824848009746841,0.0150463027937256,0.1832437910572698,0.1236485476593888
4,3,qm_new3__ridge,609942288,CYP2C9_pIC50_direct_inhibition,0.9697654827577844,0.5625569882762808,-0.0108542346057682,0.0601207149129687,0.0393668248521384
4,3,qm_new3__ridge,609942288,CYP2D6_pIC50_direct_inhibition,0.9922786446637392,0.608584650047468,0.0050674949921499,0.1546674552931891,0.1067229636825238
4,3,qm_new3__ridge,609942288,CYP3A4_pIC50_direct_inhibition,0.9990585879463726,0.9143424280160538,-0.0102163546971877,-0.0371055183100068,-0.0249307170630268
4,3,qm_new3__ridge,609942288,MA,1.00040418988797,0.6919922168286217,-0.0002391978792701,0.0902316107383552,0.061201904782756
4,3,rdkit2d_3d__ridge,609942288,CYP1A2_pIC50_direct_inhibition,0.8748328846487778,0.5979696794786884,0.2700736823348404,0.5009933277689163,0.3481762372234696
4,3,rdkit2d_3d__ridge,609942288,CYP2C9_pIC50_direct_inhibition,0.6214485072415917,0.4384497798527064,0.3935953346004847,0.6482052496311298,0.4681584130315939
4,3,rdkit2d_3d__ridge,609942288,CYP2D6_pIC50_direct_inhibition,0.962664372291274,0.5941266064009503,0.1075813569402246,0.3410267446673179,0.2361299768764132
4,3,rdkit2d_3d__ridge,609942288,CYP3A4_pIC50_direct_inhibition,0.5798142139837549,0.5833465662973976,0.5237085881757039,0.7218531530402191,0.5338164606384866
4,3,rdkit2d_3d__ridge,609942288,MA,0.7596899945413497,0.5534731580074357,0.3237397405128134,0.5530196187768958,0.3965702719424908
4,3,rdkit2d__ridge,609942288,CYP1A2_pIC50_direct_inhibition,0.8727663746859418,0.5938323863627601,0.2728482938083629,0.5060817580498636,0.3508441988858085
4,3,rdkit2d__ridge,609942288,CYP2C9_pIC50_direct_inhibition,0.6345254602254805,0.4398937979455326,0.3860140349414876,0.6414269986900345,0.4620994847877728
4,3,rdkit2d__ridge,609942288,CYP2D6_pIC50_direct_inhibition,0.963807680382721,0.5940008411302076,0.1021235335289931,0.3363868221035401,0.2327175657759247
4,3,rdkit2d__ridge,609942288,CYP3A4_pIC50_direct_inhibition,0.5808120264360571,0.5844458585867165,0.5233309597964978,0.7208524197118339,0.5332056754336529
4,3,rdkit2d__ridge,609942288,MA,0.7629778854325501,0.5530432210063042,0.3210792055188353,0.5511869996388179,0.3947167312207897
4,3,rdkit2d_elec__ridge,609942288,CYP1A2_pIC50_direct_inhibition,0.8695572194809659,0.5917004480098804,0.2763696067461452,0.5129270290904764,0.3562951194200457
4,3,rdkit2d_elec__ridge,609942288,CYP2C9_pIC50_direct_inhibition,0.6361922154658318,0.4424495842208952,0.3878278034517508,0.643259336492559,0.4624004238984225
4,3,rdkit2d_elec__ridge,609942288,CYP2D6_pIC50_direct_inhibition,0.956172387525002,0.591612446045916,0.1204424809540912,0.3471407244905604,0.2425096962644814
4,3,rdkit2d_elec__ridge,609942288,CYP3A4_pIC50_direct_inhibition,0.5736630470672986,0.5826083420569699,0.5282713677735738,0.7235206846553455,0.535580797642587
4,3,rdkit2d_elec__ridge,609942288,MA,0.7588962173847745,0.5520927050834155,0.3282278147313902,0.5567119436822353,0.3991965093063842
4,3,rdkit2d_new3__ridge,609942288,CYP1A2_pIC50_direct_inhibition,0.872939551026559,0.5967766472465311,0.2726474417613314,0.5026007581043511,0.3497836322521558
4,3,rdkit2d_new3__ridge,609942288,CYP2C9_pIC50_direct_inhibition,0.6308438249960996,0.4423567423299506,0.3834115201151504,0.6433466924959145,0.4629203049711515
4,3,rdkit2d_new3__ridge,609942288,CYP2D6_pIC50_direct_inhibition,0.9675928687391812,0.5954917070976442,0.1012366421412449,0.3354063401594573,0.2321765106069279
4,3,rdkit2d_new3__ridge,609942288,CYP3A4_pIC50_direct_inhibition,0.5809446463058745,0.5846878329433033,0.5229677026796719,0.7201035725073024,0.5319946948950666
4,3,rdkit2d_new3__ridge,609942288,MA,0.7630802227669286,0.5548282324043573,0.3200658266743496,0.5503643408167563,0.3942187856813254
4,3,rdkit2d_qm__ridge,609942288,CYP1A2_pIC50_direct_inhibition,0.871221478314633,0.5951029682262892,0.2742922133791994,0.509334734115603,0.3539466279816259
4,3,rdkit2d_qm__ridge,609942288,CYP2C9_pIC50_direct_inhibition,0.6237949900503574,0.4414322206530047,0.3942199920588726,0.6449645925856454,0.4640269769703547
4,3,rdkit2d_qm__ridge,609942288,CYP2D6_pIC50_direct_inhibition,0.9564260933402624,0.5902988071708827,0.1257074198507062,0.3535057488124902,0.2458663238177668
4,3,rdkit2d_qm__ridge,609942288,CYP3A4_pIC50_direct_inhibition,0.5728424380467348,0.5817439716607263,0.5287818058062601,0.724373769605847,0.5366601324649143
4,3,rdkit2d_qm__ridge,609942288,MA,0.756071249937997,0.5521444919277256,0.3307503577737596,0.5580447112798964,0.4001250153086654
4,3,rdkit_match18__ridge,609942288,CYP1A2_pIC50_direct_inhibition,0.8827106754863353,0.6021477729419433,0.2492066676400676,0.5179741333405514,0.3601293136495182
4,3,rdkit_match18__ridge,609942288,CYP2C9_pIC50_direct_inhibition,0.8419190229765604,0.5188502017973687,0.1567109921243241,0.4244360273020598,0.2984093294745155
4,3,rdkit_match18__ridge,609942288,CYP2D6_pIC50_direct_inhibition,0.954549179158178,0.595230283811827,0.0718907359508059,0.2779866358588047,0.192147899100885
4,3,rdkit_match18__ridge,609942288,CYP3A4_pIC50_direct_inhibition,0.77475198361584,0.7349277674916874,0.2927311560984389,0.5461751854153123,0.3846892552751595
4,3,rdkit_match18__ridge,609942288,MA,0.8634827153092284,0.6127890065107066,0.1926348879534091,0.441642995479182,0.3088439493750196
4,3,rdkit_match3_elec__ridge,609942288,CYP1A2_pIC50_direct_inhibition,0.9981555361752016,0.6582008487535411,0.0926077795478677,0.3610842842893476,0.2489210877696561
4,3,rdkit_match3_elec__ridge,609942288,CYP2C9_pIC50_direct_inhibition,0.9236262014642704,0.5510477144583492,0.0704538027384336,0.2733208110019819,0.1926684495713831
4,3,rdkit_match3_elec__ridge,609942288,CYP2D6_pIC50_direct_inhibition,1.011042170812021,0.6159957799023738,-0.0029687545378463,0.0707703169819364,0.0507372853659975
4,3,rdkit_match3_elec__ridge,609942288,CYP3A4_pIC50_direct_inhibition,0.9013195763109528,0.8479961505886575,0.1241278793038181,0.3454592739886105,0.235796413869022
4,3,rdkit_match3_elec__ridge,609942288,MA,0.9585358711906116,0.6683101234257304,0.0710551767630682,0.2626586715654691,0.1820308091440147
4,3,rdkit_match3_new3__ridge,609942288,CYP1A2_pIC50_direct_inhibition,1.0376477258493486,0.6759982947926965,0.0186782614484226,0.1640207911556167,0.1080906491166565
4,3,rdkit_match3_new3__ridge,609942288,CYP2C9_pIC50_direct_inhibition,0.934965755795534,0.5534869543033112,0.0307001490485156,0.2231453424130574,0.1494939359037268
4,3,rdkit_match3_new3__ridge,609942288,CYP2D6_pIC50_direct_inhibition,0.9856750407482926,0.6028224961044238,0.0512415947779459,0.2131855849437329,0.1425139827674149
4,3,rdkit_match3_new3__ridge,609942288,CYP3A4_pIC50_direct_inhibition,0.9509911021694591,0.8847913227009389,0.0344612782092028,0.1981066884078912,0.1328053124030475
4,3,rdkit_match3_new3__ridge,609942288,MA,0.9773199061406588,0.6792747669753426,0.0337703208710217,0.1996146017300746,0.1332259700477114
4,4,plain_qm,3405943863,CYP1A2_pIC50_direct_inhibition,0.7884493676496833,0.6363657178781851,0.30213136380257655,0.5597538547454749,0.39632613171192016
4,4,plain_qm,3405943863,CYP2C9_pIC50_direct_inhibition,0.6318880450144173,0.49167379167044106,0.42982146328856263,0.6148439959617072,0.447348441840081
4,4,plain_qm,3405943863,CYP2D6_pIC50_direct_inhibition,1.0124906364362807,0.571088731905757,0.06437812047843403,0.38213435860471545,0.26274217754490525
4,4,plain_qm,3405943863,CYP3A4_pIC50_direct_inhibition,0.6111730600814714,0.5903257193871638,0.5320005648824352,0.7389985554029533,0.5475150513347942
4,4,plain_qm,3405943863,MA,0.7610002772954632,0.5723634902103868,0.33208287811300213,0.5739326911787127,0.41348295060792517
4,4,qm_3d__ridge,3405943863,CYP1A2_pIC50_direct_inhibition,0.9716061986368172,0.7403876453787136,0.0361912614732098,0.2452633880571701,0.1615549495422628
4,4,qm_3d__ridge,3405943863,CYP2C9_pIC50_direct_inhibition,0.8883351545225872,0.6269041568244987,0.0714726045391017,0.3381055856526018,0.2310796430120807
4,4,qm_3d__ridge,3405943863,CYP2D6_pIC50_direct_inhibition,0.9992123661024294,0.5680563322165413,-0.0018800781337163,0.0843400460280622,0.0553329775126663
4,4,qm_3d__ridge,3405943863,CYP3A4_pIC50_direct_inhibition,0.8873099884509201,0.8318914497484206,0.1175364809373428,0.3784014609678158,0.2574794039633952
4,4,qm_3d__ridge,3405943863,MA,0.9366159269281884,0.6918098960420436,0.0558300672039845,0.2615276201764124,0.1763617435076013
4,4,qm_dft3__ridge,3405943863,CYP1A2_pIC50_direct_inhibition,1.0000440321282908,0.7514178739558538,-0.0044704306728667,0.0498878981649469,0.0339510505943448
4,4,qm_dft3__ridge,3405943863,CYP2C9_pIC50_direct_inhibition,0.9593939321877516,0.6461576880172332,0.0132953315280161,0.1436374308289807,0.0979941519657481
4,4,qm_dft3__ridge,3405943863,CYP2D6_pIC50_direct_inhibition,1.0036162313231474,0.570379904108555,-0.0122391148131483,0.0662488535817219,0.0449359745480882
4,4,qm_dft3__ridge,3405943863,CYP3A4_pIC50_direct_inhibition,0.9686985570755832,0.880274578902356,0.0212308227785844,0.1542343502169997,0.1026827245219755
4,4,qm_dft3__ridge,3405943863,MA,0.9829381881786932,0.7120575112459996,0.0044541522051463,0.1035021331981623,0.0698909754075392
4,4,qm_elec__ridge,3405943863,CYP1A2_pIC50_direct_inhibition,0.9505274210669744,0.7246358137150899,0.0632971207848956,0.2400770141775258,0.1628907571822001
4,4,qm_elec__ridge,3405943863,CYP2C9_pIC50_direct_inhibition,0.9444064837308068,0.6418109316186204,0.0563826268369008,0.2746392369333486,0.1856960756337181
4,4,qm_elec__ridge,3405943863,CYP2D6_pIC50_direct_inhibition,0.9859182155285522,0.5628942036988673,0.0172223718334282,0.2078365745711611,0.1404287785178266
4,4,qm_elec__ridge,3405943863,CYP3A4_pIC50_direct_inhibition,0.9309208590952934,0.8522185207590861,0.0744076111376898,0.2758626574911915,0.1854420476065949
4,4,qm_elec__ridge,3405943863,MA,0.9529432448554066,0.6953898674479159,0.0528274326482286,0.2496038707933068,0.1686144147350849
4,4,qm_full__lightgbm,3405943863,CYP1A2_pIC50_direct_inhibition,0.9579159498922812,0.7341598014140714,0.0308561638502211,0.2652752456682609,0.1793566940977903
4,4,qm_full__lightgbm,3405943863,CYP2C9_pIC50_direct_inhibition,0.8458327413824513,0.613177688032306,0.1498897106904727,0.4020295631821597,0.274248800206176
4,4,qm_full__lightgbm,3405943863,CYP2D6_pIC50_direct_inhibition,1.1049316417945088,0.6125541733942798,-0.1162732681660488,0.0765057523875285,0.0496002802208145
4,4,qm_full__lightgbm,3405943863,CYP3A4_pIC50_direct_inhibition,0.8683256122263361,0.8111009494246197,0.1578120360280061,0.4221242504677152,0.2858666831910634
4,4,qm_full__lightgbm,3405943863,MA,0.9442514863238944,0.6927481530663192,0.0555711606006627,0.291483702926416,0.197268114428961
4,4,qm_full__rf,3405943863,CYP1A2_pIC50_direct_inhibition,0.939905888769516,0.7221212004192061,0.0972899110832392,0.3570434254126723,0.2394822140657326
4,4,qm_full__rf,3405943863,CYP2C9_pIC50_direct_inhibition,0.8603355420760149,0.6144702600841119,0.1466259050111968,0.3777205471565224,0.2556326575506136
4,4,qm_full__rf,3405943863,CYP2D6_pIC50_direct_inhibition,1.133171307070835,0.6219404538948043,-0.1396466315179249,0.1261774242614139,0.0875905378106942
4,4,qm_full__rf,3405943863,CYP3A4_pIC50_direct_inhibition,0.8874481953258131,0.8236247872445368,0.1261194514345252,0.3727821985450663,0.2515022487275128
4,4,qm_full__rf,3405943863,MA,0.9552152333105448,0.6955391754106648,0.057597159002759,0.3084308988439187,0.2085519145386383
4,4,qm_full__ridge,3405943863,CYP1A2_pIC50_direct_inhibition,0.9349436986646134,0.7194910265389483,0.0958748095086617,0.3045418128549175,0.2038937238278109
4,4,qm_full__ridge,3405943863,CYP2C9_pIC50_direct_inhibition,0.8786545450595697,0.6132651016160033,0.125409808791614,0.3734384847915949,0.2550603918851578
4,4,qm_full__ridge,3405943863,CYP2D6_pIC50_direct_inhibition,0.9859931996889428,0.562505974007234,0.0198055711133833,0.2066027665523227,0.1401846166236216
4,4,qm_full__ridge,3405943863,CYP3A4_pIC50_direct_inhibition,0.8369715067745217,0.7993891417301678,0.1677388155158335,0.4364340638994233,0.3018409584836153
4,4,qm_full__ridge,3405943863,MA,0.9091407375469118,0.6736628109730883,0.1022072512323731,0.3302542820245646,0.2252449227050514
4,4,qm_full__xgboost,3405943863,CYP1A2_pIC50_direct_inhibition,0.9650997492723208,0.7378056361031283,0.0227807782713019,0.1918219679295238,0.1349082621191958
4,4,qm_full__xgboost,3405943863,CYP2C9_pIC50_direct_inhibition,0.9271709680528188,0.6331692094564754,0.062566349215054,0.245379303205411,0.1668286354588469
4,4,qm_full__xgboost,3405943863,CYP2D6_pIC50_direct_inhibition,1.1610310071728638,0.6290061762237569,-0.1765506214431444,0.0361546346602239,0.0231226531047348
4,4,qm_full__xgboost,3405943863,CYP3A4_pIC50_direct_inhibition,0.9055057055358412,0.8321667871884778,0.1092177745952938,0.3560284836859499,0.2372336474636613
4,4,qm_full__xgboost,3405943863,MA,0.9897018575084612,0.7080369522429596,0.0045035701596263,0.2073460973702771,0.1405232995366097
4,4,qm_full_hmin__ridge,3405943863,CYP1A2_pIC50_direct_inhibition,0.8994345166239593,0.6981677014931954,0.128604155778323,0.3855836120466607,0.2584548001087491
4,4,qm_full_hmin__ridge,3405943863,CYP2C9_pIC50_direct_inhibition,0.8845687575873373,0.6119441488720153,0.1255187605162544,0.350516919504982,0.2383670059217856
4,4,qm_full_hmin__ridge,3405943863,CYP2D6_pIC50_direct_inhibition,0.9733693934831932,0.5566106300956561,0.0328109504097163,0.2218766999001551,0.1492193787217557
4,4,qm_full_hmin__ridge,3405943863,CYP3A4_pIC50_direct_inhibition,0.827149786083895,0.7877827784849679,0.1962111882283438,0.4657066425066216,0.3248621169546093
4,4,qm_full_hmin__ridge,3405943863,MA,0.8961306134445963,0.6636263147364586,0.1207862637331594,0.3559209684896048,0.2427258254267249
4,4,qm_gfn23__ridge,3405943863,CYP1A2_pIC50_direct_inhibition,1.0041282361261443,0.7561312828164685,-0.016204999626132,0.0248153989175066,0.0191689432027012
4,4,qm_gfn23__ridge,3405943863,CYP2C9_pIC50_direct_inhibition,0.9632787282079476,0.6560104214948548,0.0026834754202933,0.1174879179570969,0.0809493227313094
4,4,qm_gfn23__ridge,3405943863,CYP2D6_pIC50_direct_inhibition,0.9778975730932038,0.5591649132466723,0.0237414626982651,0.1971530574100176,0.1313885299266327
4,4,qm_gfn23__ridge,3405943863,CYP3A4_pIC50_direct_inhibition,0.9943563507720834,0.8938017142721625,0.0019387558739462,0.0630337453749332,0.0415789602620152
4,4,qm_gfn23__ridge,3405943863,MA,0.9849152220498448,0.7162770829575396,0.0030396735915931,0.1006225299148886,0.0682714390306646
4,4,qm_new3__ridge,3405943863,CYP1A2_pIC50_direct_inhibition,0.9840810175027708,0.74813529199808,0.0318262354658519,0.2150500051514169,0.142142001530628
4,4,qm_new3__ridge,3405943863,CYP2C9_pIC50_direct_inhibition,0.976546545743166,0.657749172559327,-0.0121921560867453,0.0630824754396222,0.0422198210927845
4,4,qm_new3__ridge,3405943863,CYP2D6_pIC50_direct_inhibition,1.0021708216013518,0.5698531359073331,-0.0037086222200867,0.0834397933969123,0.0541958484990224
4,4,qm_new3__ridge,3405943863,CYP3A4_pIC50_direct_inhibition,1.0012663207284278,0.8972737529043275,0.0016677419576155,0.0918009796322443,0.060511347513509
4,4,qm_new3__ridge,3405943863,MA,0.991016176393929,0.7182528383422669,0.0043982997791588,0.1133433134050489,0.074767254658986
4,4,rdkit2d_3d__ridge,3405943863,CYP1A2_pIC50_direct_inhibition,0.8394575340913003,0.6666084337536929,0.2215698872122141,0.4825800588575616,0.3335657240379432
4,4,rdkit2d_3d__ridge,3405943863,CYP2C9_pIC50_direct_inhibition,0.6834762466512052,0.5240115495086183,0.3815303121151923,0.5865160629063491,0.4170518099930836
4,4,rdkit2d_3d__ridge,3405943863,CYP2D6_pIC50_direct_inhibition,0.9464505902360588,0.545363843310102,0.1348786511247185,0.3838880784918072,0.2599714949781728
4,4,rdkit2d_3d__ridge,3405943863,CYP3A4_pIC50_direct_inhibition,0.5997408810925455,0.6119672891134904,0.5014342695554613,0.7172312123148582,0.5254008466410148
4,4,rdkit2d_3d__ridge,3405943863,MA,0.7672813130177775,0.5869877789214759,0.3098532800018965,0.542553853142644,0.3839974689125536
4,4,rdkit2d__ridge,3405943863,CYP1A2_pIC50_direct_inhibition,0.8249035039948032,0.6648582031347567,0.2207781293498624,0.4850865736954964,0.3358292294392437
4,4,rdkit2d__ridge,3405943863,CYP2C9_pIC50_direct_inhibition,0.6918445574929971,0.5264920682844881,0.3699064704380327,0.5784636777352342,0.4113783961894505
4,4,rdkit2d__ridge,3405943863,CYP2D6_pIC50_direct_inhibition,0.9529812683548284,0.5471969645747702,0.1280575765896378,0.3814234824842405,0.2585045365151596
4,4,rdkit2d__ridge,3405943863,CYP3A4_pIC50_direct_inhibition,0.5990044077400196,0.612447436961805,0.5008319015075489,0.7162783564224413,0.5243556864548593
4,4,rdkit2d__ridge,3405943863,MA,0.7671834343956621,0.587748668238955,0.3048935194712704,0.5403130225843531,0.3825169621496783
4,4,rdkit2d_elec__ridge,3405943863,CYP1A2_pIC50_direct_inhibition,0.8246666363234963,0.6640528670836203,0.218908559254334,0.4810994064129736,0.3336404549225664
4,4,rdkit2d_elec__ridge,3405943863,CYP2C9_pIC50_direct_inhibition,0.6886933317514184,0.52655753722466,0.3747580691541964,0.5817173391497769,0.4141552662920195
4,4,rdkit2d_elec__ridge,3405943863,CYP2D6_pIC50_direct_inhibition,0.9576438580913006,0.5503368064158836,0.1235890769479101,0.3792564684677995,0.2574096585530628
4,4,rdkit2d_elec__ridge,3405943863,CYP3A4_pIC50_direct_inhibition,0.6084204930527003,0.6159649055994411,0.4995114602381608,0.714123816171897,0.5216653486649339
4,4,rdkit2d_elec__ridge,3405943863,MA,0.7698560798047289,0.5892280290809012,0.3041917913986504,0.5390492575506117,0.3817176821081456
4,4,rdkit2d_new3__ridge,3405943863,CYP1A2_pIC50_direct_inhibition,0.8426766429396254,0.6676319404782131,0.2167287359451924,0.4798106611670337,0.3317188711115463
4,4,rdkit2d_new3__ridge,3405943863,CYP2C9_pIC50_direct_inhibition,0.6964099489927414,0.5328597641731001,0.3564248755357181,0.5694197489740589,0.4033022325842083
4,4,rdkit2d_new3__ridge,3405943863,CYP2D6_pIC50_direct_inhibition,0.9451831139177967,0.545075072590371,0.1348558248253242,0.3844627974508465,0.260123513595877
4,4,rdkit2d_new3__ridge,3405943863,CYP3A4_pIC50_direct_inhibition,0.5990667835914186,0.612080995682719,0.500867864933205,0.7172946021883455,0.5248210355024548
4,4,rdkit2d_new3__ridge,3405943863,MA,0.7708341223603955,0.5894119432311008,0.30221932530986,0.5377469524450711,0.3799914131985216
4,4,rdkit2d_qm__ridge,3405943863,CYP1A2_pIC50_direct_inhibition,0.8173204202064195,0.6585361324320498,0.2316221476244798,0.4972966885969107,0.3452475628423131
4,4,rdkit2d_qm__ridge,3405943863,CYP2C9_pIC50_direct_inhibition,0.6816898065782878,0.523551590299643,0.3869954523325635,0.589855683094937,0.4200793996975557
4,4,rdkit2d_qm__ridge,3405943863,CYP2D6_pIC50_direct_inhibition,0.955804033727628,0.5481206088543692,0.1284951900733673,0.3801785129341405,0.2572925175485457
4,4,rdkit2d_qm__ridge,3405943863,CYP3A4_pIC50_direct_inhibition,0.6072013496571563,0.6150660989899516,0.501123517540477,0.7149257499162575,0.5223815082131182
4,4,rdkit2d_qm__ridge,3405943863,MA,0.765503902542373,0.5863186076440033,0.312059076892722,0.5455641586355614,0.3862502470753832
4,4,rdkit_match18__ridge,3405943863,CYP1A2_pIC50_direct_inhibition,0.8711005542471336,0.68350355447928,0.2017817826070243,0.457446445702602,0.3112329252881401
4,4,rdkit_match18__ridge,3405943863,CYP2C9_pIC50_direct_inhibition,0.8095048184649246,0.587113124316269,0.2180772021153533,0.4988697422941473,0.3484608480771777
4,4,rdkit_match18__ridge,3405943863,CYP2D6_pIC50_direct_inhibition,0.9669382325150132,0.5601214267830995,0.064068705878015,0.253399734649255,0.1737469684783114
4,4,rdkit_match18__ridge,3405943863,CYP3A4_pIC50_direct_inhibition,0.7458490793739158,0.7231403843062987,0.3141229506103624,0.5882110146209377,0.4134169873277747
4,4,rdkit_match18__ridge,3405943863,MA,0.8483481711502466,0.6384696224712368,0.1995126603026888,0.4494817343167355,0.3117144322928509
4,4,rdkit_match3_elec__ridge,3405943863,CYP1A2_pIC50_direct_inhibition,0.9351753023879296,0.7257718798888101,0.0855586768145403,0.3131218284185301,0.2156187055227332
4,4,rdkit_match3_elec__ridge,3405943863,CYP2C9_pIC50_direct_inhibition,0.8754792022860821,0.6212890946405402,0.1193406561756628,0.3626163459919338,0.2468079130046191
4,4,rdkit_match3_elec__ridge,3405943863,CYP2D6_pIC50_direct_inhibition,0.9895753397934696,0.5639882071658538,-0.0023536692444792,0.1378975150598185,0.0922515297209114
4,4,rdkit_match3_elec__ridge,3405943863,CYP3A4_pIC50_direct_inhibition,0.8652013377306377,0.8179730864571824,0.1519714910562127,0.3987205897684762,0.2711488625134801
4,4,rdkit_match3_elec__ridge,3405943863,MA,0.9163577955495298,0.6822555670380966,0.0886292887004841,0.3030890698096896,0.2064567526904359
4,4,rdkit_match3_new3__ridge,3405943863,CYP1A2_pIC50_direct_inhibition,0.9799191357272716,0.7422611880275419,0.012705834269802,0.146219799389679,0.0970194191254569
4,4,rdkit_match3_new3__ridge,3405943863,CYP2C9_pIC50_direct_inhibition,0.9440041082310264,0.6468300010200064,0.0259077657108185,0.212008373104784,0.1414140897008854
4,4,rdkit_match3_new3__ridge,3405943863,CYP2D6_pIC50_direct_inhibition,0.9520463237630332,0.5527314451913322,0.062971199793157,0.2579975016555227,0.1736822422043684
4,4,rdkit_match3_new3__ridge,3405943863,CYP3A4_pIC50_direct_inhibition,0.9846002190424996,0.8895093727632778,0.0200471552818843,0.1311887379873694,0.0875278832823431
4,4,rdkit_match3_new3__ridge,3405943863,MA,0.9651424466909576,0.7078330017505396,0.0304079887639155,0.1868536030343388,0.1249109085782635
